mechanism,direction,horizon,relative_origin,n_pairs,transition_smoothness,start_smoothness,target_smoothness,mean_abs_smoothness_gap_to_target,mean_transition_order,mean_start_order,mean_target_order,mean_transition_window,mean_start_window,mean_target_window,order_match_target_share,window_match_target_share,discrete_config_match_target_share,mean_transition_window_post_fraction
noise_scale,high_to_low,1,0,10,0.9539195452996856,0.9539195452996856,0.9319830055645321,0.09818267628463476,1.9,1.9,2.3,45.6,45.6,45.6,0.3,0.4,0.2,0.0
noise_scale,high_to_low,1,3,10,0.9645300435350119,0.9621114454771078,0.9703997487345497,0.04654410507053532,2.0,2.0,2.4,52.8,57.6,60.0,0.6,0.7,0.5,0.06666666666666667
noise_scale,high_to_low,1,6,10,0.9639419225388044,0.9401437268795997,0.9672292769914692,0.04323959644763172,2.0,1.8,2.4,50.4,52.8,55.2,0.6,0.3,0.2,0.1375
noise_scale,high_to_low,1,9,10,0.9481525498077039,0.948068056839435,0.9370032901388365,0.06458799118724295,1.8,1.8,2.3,50.4,55.2,52.8,0.7,0.4,0.3,0.21875
noise_scale,high_to_low,1,12,10,0.9642763139280465,0.9541582902546288,0.9362549305437019,0.06853797068356086,1.9,1.8,2.3,52.8,55.2,52.8,0.6,0.2,0.2,0.26666666666666666
noise_scale,high_to_low,1,15,10,0.955455323144402,0.9644455946259514,0.9304718713136808,0.07789529429468986,1.9,2.0,2.2,57.6,50.4,43.2,0.7,0.2,0.2,0.2916666666666667
noise_scale,high_to_low,1,18,10,0.9493988019231743,0.9717654586926209,0.9329109488831145,0.08753642914340444,1.9,2.1,2.3,52.8,52.8,45.6,0.6,0.6,0.4,0.4
noise_scale,high_to_low,1,21,10,0.9654365665878057,0.9735397182182313,0.9179174829565474,0.08600645308808051,2.0,2.1,2.3,48.0,55.2,52.8,0.7,0.7,0.5,0.525
noise_scale,high_to_low,1,24,10,0.935133112701547,0.9273145165500143,0.9161077956740854,0.0559969288498003,2.0,2.1,2.3,45.6,50.4,45.6,0.7,0.4,0.4,0.6166666666666666
noise_scale,high_to_low,1,27,10,0.9392688962583859,0.9356013422198701,0.8793834249978199,0.06176938746677274,2.0,2.0,2.1,40.8,48.0,40.8,0.9,0.5,0.5,0.74375
noise_scale,high_to_low,1,30,10,0.9602623482525099,0.953207387599987,0.9199098399375242,0.04972319675407831,2.0,1.9,2.3,48.0,48.0,45.6,0.7,0.4,0.4,0.675
noise_scale,high_to_low,1,33,10,0.9427477973421281,0.9451402928666155,0.9218679865200758,0.06226230378280799,1.8,1.9,2.4,43.2,48.0,45.6,0.5,0.2,0.2,0.775
noise_scale,high_to_low,1,36,10,0.8802768812489035,0.9091889419859804,0.870265152406497,0.08152130051413656,1.9,2.1,2.2,52.8,60.0,48.0,0.6,0.6,0.5,0.7
noise_scale,high_to_low,1,39,10,0.9007356494692657,0.949883285145415,0.8889363392464718,0.1040623384550475,1.7,2.0,2.1,52.8,64.8,45.6,0.6,0.6,0.5,0.7416666666666666
noise_scale,high_to_low,1,42,10,0.9068401653919533,0.9497964412187798,0.8866289299565576,0.09847878538794538,1.7,2.0,2.0,50.4,55.2,48.0,0.7,0.6,0.5,0.7958333333333334
noise_scale,high_to_low,1,45,10,0.9097935063502345,0.9448334007956174,0.873987421180599,0.0899971809823658,1.9,1.9,2.0,48.0,57.6,43.2,0.7,0.7,0.4,0.8625
noise_scale,high_to_low,1,48,10,0.9257801136532015,0.9479289383746636,0.8801356192331099,0.08923264763366248,2.1,1.9,1.9,52.8,52.8,50.4,0.7,0.6,0.4,0.8333333333333333
noise_scale,high_to_low,1,51,10,0.9023053972634596,0.9509964122635381,0.8808975915556003,0.06497417360041827,1.9,1.9,1.9,57.6,57.6,48.0,0.8,0.5,0.3,0.825
noise_scale,high_to_low,1,54,10,0.8874955932907971,0.899153445530937,0.8919140019131608,0.08757807675254889,2.0,1.8,2.0,57.6,60.0,43.2,0.6,0.4,0.3,0.875
noise_scale,high_to_low,1,57,10,0.919394959386614,0.958020424273017,0.916483363530818,0.06593653448917096,2.0,1.8,2.1,52.8,60.0,50.4,0.7,0.5,0.5,0.9166666666666666
noise_scale,high_to_low,1,60,10,0.9181140507454838,0.9693115645621575,0.9298795099266055,0.04622495218714977,2.0,1.9,2.2,48.0,45.6,43.2,0.6,0.2,0.2,0.9166666666666667
noise_scale,high_to_low,1,63,10,0.8959199940416755,0.9739903016238444,0.9249640042237314,0.035279351686424584,2.0,2.0,2.2,64.8,45.6,52.8,0.8,0.7,0.6,0.9
noise_scale,high_to_low,1,66,10,0.9672511656245806,0.974453129401636,0.9132928329992641,0.07183162598219686,2.4,1.8,2.2,60.0,38.4,50.4,0.9,0.6,0.5,0.95
noise_scale,high_to_low,1,69,10,0.9706893928714031,0.9858493098000171,0.9571863009362659,0.027811108540293096,2.4,2.0,2.3,57.6,40.8,55.2,0.9,0.5,0.5,0.9791666666666666
noise_scale,high_to_low,1,72,10,0.9588034044575776,0.9666014448319264,0.9587856695005128,0.006805059473198471,2.3,2.1,2.3,50.4,55.2,52.8,1.0,0.7,0.7,1.0
noise_scale,high_to_low,1,75,10,0.9773565178285107,0.984515721277489,0.9790829298389753,0.005650367071231077,2.4,2.1,2.4,48.0,48.0,48.0,1.0,0.8,0.8,1.0
noise_scale,high_to_low,1,78,10,0.9782494660921882,0.9803134467212059,0.935518476664624,0.043399895295423284,2.4,2.1,2.0,45.6,43.2,40.8,0.7,0.9,0.7,1.0
noise_scale,high_to_low,1,81,10,0.9518721589821075,0.9771915494040506,0.9369066220900832,0.02118284826386655,2.3,2.1,2.0,60.0,52.8,52.8,0.8,0.8,0.7,1.0
noise_scale,high_to_low,1,84,10,0.955712774024847,0.9786979210275835,0.9538544341719939,0.006975700202751733,2.2,1.9,2.2,45.6,45.6,48.0,0.8,0.8,0.7,1.0
noise_scale,high_to_low,1,87,10,0.9609381712640234,0.9689202148099216,0.9653421969628921,0.004484745500045473,2.1,2.0,2.2,43.2,48.0,40.8,0.9,0.9,0.8,1.0
noise_scale,high_to_low,1,90,10,0.9646536966832467,0.9538109857099564,0.9642620713760106,0.00039398406925412744,2.1,2.0,2.1,40.8,48.0,40.8,1.0,1.0,1.0,1.0
noise_scale,high_to_low,1,93,10,0.9580360233849886,0.9521749314285415,0.9568644147973675,0.001335869918144672,2.0,1.9,2.0,36.0,50.4,40.8,1.0,0.9,0.9,1.0
noise_scale,high_to_low,1,96,10,0.9577203539330261,0.9577343855898308,0.9579173687919621,0.00020403295048253555,2.0,2.0,2.0,40.8,50.4,40.8,1.0,1.0,1.0,1.0
noise_scale,high_to_low,1,99,10,0.9664723940433637,0.9927216625032409,0.9666058700980583,0.00042572960265877533,2.2,2.2,2.2,38.4,48.0,38.4,1.0,1.0,1.0,1.0
noise_scale,high_to_low,1,102,10,0.9626287701337619,0.9935139506093582,0.962572051191583,0.0001288522337064224,2.0,2.0,2.0,36.0,48.0,36.0,1.0,1.0,1.0,1.0
noise_scale,high_to_low,1,105,10,0.9495526572249287,0.9904533790673838,0.9529641292628102,0.0034438442317662908,2.2,2.0,2.2,43.2,52.8,38.4,1.0,0.9,0.9,1.0
noise_scale,high_to_low,1,108,10,0.9660250445211348,0.9923899562585318,0.9659685233853657,0.0001805906068247154,2.3,2.1,2.3,45.6,48.0,45.6,1.0,1.0,1.0,1.0
noise_scale,high_to_low,1,111,10,0.9516559529589694,0.989262295499681,0.9515961023189432,0.00013767477894269798,2.3,2.1,2.3,50.4,50.4,50.4,1.0,1.0,1.0,1.0
noise_scale,high_to_low,1,114,10,0.9359908394207777,0.9757327611543356,0.9360353678328339,8.244162440722569e-05,2.1,2.0,2.1,50.4,45.6,50.4,1.0,1.0,1.0,1.0
noise_scale,high_to_low,1,117,10,0.9705834047183547,0.9851624984811558,0.9706012097662358,3.0189221087661977e-05,2.4,2.2,2.4,52.8,43.2,52.8,1.0,1.0,1.0,1.0
noise_scale,high_to_low,3,0,10,0.9825445397946588,0.9825445397946588,0.9415220515826694,0.044152004421192916,2.0,2.0,1.9,57.6,57.6,45.6,0.7,0.3,0.2,0.0
noise_scale,high_to_low,3,3,10,0.9763915624445147,0.9778348351810046,0.9567849888499517,0.03025164602410104,2.0,2.1,2.2,57.6,57.6,52.8,0.8,0.3,0.2,0.05833333333333333
noise_scale,high_to_low,3,6,10,0.9746187700564743,0.9833417126415605,0.9549913369125014,0.030296686854227872,2.0,2.1,2.1,52.8,55.2,55.2,0.9,0.4,0.4,0.13333333333333333
noise_scale,high_to_low,3,9,10,0.966963159007776,0.983608971953176,0.9521693370894516,0.028639813506732715,2.0,2.1,2.1,52.8,57.6,55.2,0.9,0.2,0.2,0.2
noise_scale,high_to_low,3,12,10,0.9740660580896133,0.9760812216209669,0.9525103327381877,0.03228606226532003,2.0,2.0,2.1,60.0,62.4,48.0,0.9,0.4,0.3,0.225
noise_scale,high_to_low,3,15,10,0.9746609377249602,0.9770208890980026,0.9663071369346203,0.02398464180603547,2.0,2.0,2.1,60.0,60.0,45.6,0.7,0.4,0.3,0.28125
noise_scale,high_to_low,3,18,10,0.9694806693998659,0.9742885465861821,0.9317890743493683,0.05924852289149424,2.0,2.0,2.0,60.0,62.4,43.2,0.8,0.4,0.4,0.3125
noise_scale,high_to_low,3,21,10,0.9812127980635399,0.9833448729645748,0.9618902052315944,0.026975988693391507,2.1,2.1,2.3,55.2,55.2,43.2,0.8,0.4,0.3,0.4229166666666667
noise_scale,high_to_low,3,24,10,0.980015553401467,0.9861580811394166,0.9585772266699012,0.02812415703632768,2.1,2.1,2.3,57.6,55.2,45.6,0.8,0.3,0.2,0.4666666666666666
noise_scale,high_to_low,3,27,10,0.973310219959011,0.9883473300645835,0.9583957659288563,0.02318131241723621,2.1,2.2,2.3,52.8,57.6,43.2,0.8,0.6,0.4,0.575
noise_scale,high_to_low,3,30,10,0.9684337376295795,0.9739395851996608,0.9672060515419387,0.02570703834004683,2.1,2.1,2.3,52.8,62.4,38.4,0.8,0.6,0.5,0.6166666666666667
noise_scale,high_to_low,3,33,10,0.9672918984693274,0.9738852427844519,0.9714797926889164,0.026534289944148214,2.0,2.1,2.4,48.0,52.8,38.4,0.6,0.5,0.4,0.7125
noise_scale,high_to_low,3,36,10,0.9451748558934137,0.9733856327622179,0.9713816526377034,0.04203238626096843,1.9,2.1,2.4,45.6,57.6,38.4,0.5,0.4,0.3,0.775
noise_scale,high_to_low,3,39,10,0.9597113187462014,0.9784834884530584,0.968289601668935,0.038374290982415724,2.1,2.1,2.3,43.2,48.0,36.0,0.6,0.6,0.5,0.8166666666666667
noise_scale,high_to_low,3,42,10,0.937052812359601,0.9743736635226992,0.9675679776164307,0.05630253815134275,2.0,2.0,2.4,50.4,55.2,45.6,0.5,0.5,0.2,0.7958333333333334
noise_scale,high_to_low,3,45,10,0.9415186120968754,0.9672279865339506,0.9651532190033277,0.062175856598962055,2.1,1.9,2.3,50.4,55.2,43.2,0.5,0.6,0.2,0.83125
noise_scale,high_to_low,3,48,10,0.9305962833538581,0.9474598247244609,0.9711517108256821,0.056548772498973665,2.0,1.8,2.4,48.0,52.8,43.2,0.7,0.6,0.3,0.8666666666666666
noise_scale,high_to_low,3,51,10,0.9318653668203005,0.9584241619865642,0.9537533686397891,0.040807831122586645,2.0,1.8,2.2,45.6,43.2,45.6,0.8,0.6,0.5,0.9125
noise_scale,high_to_low,3,54,10,0.9416091153619476,0.9635284212396169,0.9548969562925681,0.03108588849035463,2.0,1.8,2.1,45.6,48.0,43.2,0.7,0.9,0.6,0.9
noise_scale,high_to_low,3,57,10,0.9440758006931949,0.9643977533192457,0.973208185830743,0.04011155442132493,2.0,1.8,2.3,40.8,57.6,48.0,0.5,0.8,0.5,0.9375
noise_scale,high_to_low,3,60,10,0.9485254194358241,0.9755107634854591,0.9549363937083306,0.011672010653245047,2.0,1.9,2.1,45.6,55.2,48.0,0.9,0.9,0.8,0.9333333333333333
noise_scale,high_to_low,3,63,10,0.9132666935375129,0.9673178057244002,0.9320085243090883,0.0193097168545736,1.8,1.8,2.0,45.6,50.4,45.6,0.8,0.8,0.6,0.95
noise_scale,high_to_low,3,66,10,0.942022024871692,0.9628966059012501,0.9577630110633508,0.01659150206332336,1.9,1.7,2.1,52.8,52.8,45.6,0.8,0.6,0.5,0.9583333333333334
noise_scale,high_to_low,3,69,10,0.9503462051646206,0.9666692276889837,0.9500808560956522,0.03463140938154319,1.9,1.7,2.0,48.0,50.4,40.8,0.7,0.5,0.3,0.9833333333333334
noise_scale,high_to_low,3,72,10,0.9556419391932642,0.9724396548702726,0.966695337390498,0.012457067132445553,1.9,1.8,2.1,40.8,48.0,40.8,0.8,0.8,0.7,1.0
noise_scale,high_to_low,3,75,10,0.9595539168562082,0.9762311111308458,0.9657957287881253,0.007996027449728294,2.0,1.8,2.1,40.8,48.0,43.2,0.9,0.9,0.8,1.0
noise_scale,high_to_low,3,78,10,0.9612718978321692,0.9765384270104039,0.9627293791438876,0.005762868290147327,2.0,1.9,2.1,38.4,45.6,38.4,0.7,0.7,0.7,1.0
noise_scale,high_to_low,3,81,10,0.9606965127504814,0.9829063218490729,0.9678027908648499,0.01156121352274465,2.0,2.0,2.1,40.8,52.8,36.0,0.9,0.7,0.7,1.0
noise_scale,high_to_low,3,84,10,0.9739107173198536,0.9851245283139367,0.9757224060150422,0.00511535603851212,2.2,2.0,2.2,43.2,52.8,40.8,1.0,0.8,0.8,1.0
noise_scale,high_to_low,3,87,10,0.9717475455120603,0.9777578439213496,0.9638445817481573,0.010300818571837933,2.3,1.9,2.1,52.8,50.4,52.8,0.8,0.8,0.6,1.0
noise_scale,high_to_low,3,90,10,0.9391447920491858,0.9721766537061759,0.9372788900291749,0.002121141206865418,2.1,2.0,2.1,45.6,48.0,48.0,1.0,0.9,0.9,1.0
noise_scale,high_to_low,3,93,10,0.9762944338656251,0.9678656207453165,0.9720654591500442,0.004372075630136307,2.2,1.8,2.1,38.4,43.2,38.4,0.9,1.0,0.9,1.0
noise_scale,high_to_low,3,96,10,0.9418736877274412,0.9613140856614166,0.9412543345625192,0.000665358458662757,1.9,1.8,1.9,43.2,50.4,45.6,1.0,0.9,0.9,1.0
noise_scale,high_to_low,3,99,10,0.975374177917008,0.9924927923442907,0.9086312182052698,0.06894966132404168,2.3,2.1,2.0,48.0,50.4,40.8,0.8,0.8,0.8,1.0
noise_scale,high_to_low,3,102,10,0.9720369651130343,0.9885077184420952,0.9719938930524336,0.00016241764631310662,2.3,2.1,2.3,52.8,52.8,52.8,1.0,1.0,1.0,1.0
noise_scale,high_to_low,3,105,10,0.9723928634882746,0.9718858988947217,0.9723397288970224,0.00013314002413047365,2.4,2.0,2.4,50.4,48.0,50.4,1.0,1.0,1.0,1.0
noise_scale,high_to_low,3,108,10,0.974082059702104,0.9887102544850187,0.9740198043755844,6.225532651948917e-05,2.5,2.4,2.5,50.4,62.4,50.4,1.0,1.0,1.0,1.0
noise_scale,high_to_low,3,111,10,0.9755783566629657,0.9416436686527971,0.975538681279807,0.00011174922908598894,2.6,2.1,2.6,57.6,52.8,57.6,1.0,1.0,1.0,1.0
noise_scale,high_to_low,3,114,10,0.9698297610992432,0.9403854022653031,0.9697765621813597,6.570980767508505e-05,2.4,2.1,2.4,50.4,55.2,50.4,1.0,1.0,1.0,1.0
noise_scale,high_to_low,3,117,10,0.9685952448935836,0.9843143952156159,0.9679822726873916,0.0006408709976224558,2.4,2.3,2.4,50.4,60.0,52.8,1.0,0.9,0.9,1.0
noise_scale,high_to_low,6,0,10,0.9770521673463481,0.9770521673463481,0.9499591466176408,0.03638095076678677,2.1,2.1,2.1,52.8,52.8,43.2,0.8,0.5,0.5,0.0
noise_scale,high_to_low,6,3,10,0.9808055187563633,0.9806047225432005,0.9486452764896134,0.033838523747564894,2.0,2.0,2.1,52.8,52.8,55.2,0.7,0.2,0.1,0.07083333333333333
noise_scale,high_to_low,6,6,10,0.9640903924900543,0.9631415576241225,0.9490254240668958,0.03293119232769248,1.8,1.8,2.1,52.8,52.8,57.6,0.7,0.3,0.2,0.13333333333333333
noise_scale,high_to_low,6,9,10,0.9739146935966179,0.9741505088360473,0.9503978245549645,0.03892475783866928,1.9,1.9,2.1,45.6,45.6,60.0,0.8,0.4,0.4,0.24375
noise_scale,high_to_low,6,12,10,0.9742031519272407,0.9749612882127486,0.9536590934427375,0.040177921033680675,2.0,2.0,2.1,52.8,55.2,50.4,0.9,0.5,0.4,0.2833333333333333
noise_scale,high_to_low,6,15,10,0.9759667876180018,0.9775046719363158,0.9416349155911519,0.03433187202684993,2.0,2.0,2.0,55.2,57.6,50.4,1.0,0.4,0.4,0.3229166666666667
noise_scale,high_to_low,6,18,10,0.975007000985723,0.9774028289444037,0.9701494845579474,0.02572791222479719,2.0,2.0,2.1,57.6,60.0,45.6,0.9,0.6,0.6,0.375
noise_scale,high_to_low,6,21,10,0.9655423577160225,0.9721619970768787,0.9714841882188805,0.024076760326934676,1.9,1.9,2.2,57.6,52.8,43.2,0.7,0.2,0.2,0.4083333333333333
noise_scale,high_to_low,6,24,10,0.9788609822049918,0.9756621208667742,0.9604050249396178,0.030499284105037307,1.9,1.9,2.3,50.4,48.0,43.2,0.7,0.5,0.3,0.5833333333333333
noise_scale,high_to_low,6,27,10,0.9789148280441478,0.9753156873060267,0.9601292378643732,0.03124796070322582,2.0,2.0,2.3,55.2,60.0,45.6,0.7,0.3,0.3,0.55625
noise_scale,high_to_low,6,30,10,0.9720011208710355,0.975212758128103,0.9685819858131406,0.02333325910060737,2.1,2.1,2.3,55.2,55.2,38.4,0.8,0.5,0.4,0.5958333333333334
noise_scale,high_to_low,6,33,10,0.9522072452532846,0.9760769889266967,0.9723841136420373,0.039597986884384116,2.0,2.1,2.4,50.4,55.2,36.0,0.6,0.4,0.2,0.68125
noise_scale,high_to_low,6,36,10,0.9525409656734581,0.9743479008479815,0.9718966349262171,0.034915692808732926,1.9,2.0,2.4,40.8,45.6,38.4,0.5,0.5,0.2,0.825
noise_scale,high_to_low,6,39,10,0.9574150927696887,0.9792873992586525,0.9722645389526227,0.026606270968069445,2.0,2.1,2.4,45.6,48.0,40.8,0.6,0.3,0.2,0.80625
noise_scale,high_to_low,6,42,10,0.9291352806938841,0.9782864778620688,0.9739576858078886,0.057087542814604875,2.0,2.0,2.4,43.2,48.0,40.8,0.4,0.3,0.2,0.85
noise_scale,high_to_low,6,45,10,0.9308811293823315,0.9680916197660636,0.9461171720591309,0.04192484872666467,2.0,1.9,2.2,48.0,45.6,43.2,0.6,0.3,0.1,0.8625
noise_scale,high_to_low,6,48,10,0.9286056334101265,0.9736001258588098,0.9433910304332389,0.04002928439296196,2.0,2.0,2.1,48.0,52.8,43.2,0.7,0.2,0.1,0.9
noise_scale,high_to_low,6,51,10,0.9213222921444855,0.9467485749064289,0.9487687366358767,0.03459143740225039,2.0,1.8,2.2,48.0,50.4,38.4,0.8,0.5,0.4,0.8833333333333334
noise_scale,high_to_low,6,54,10,0.910054603599274,0.9618710671943317,0.9505819151659338,0.05614682449597622,1.9,1.8,2.2,40.8,43.2,38.4,0.7,0.5,0.3,0.925
noise_scale,high_to_low,6,57,10,0.9405826581846135,0.9643883343325165,0.9529965214763841,0.02802529984957013,2.0,1.8,2.1,38.4,45.6,38.4,0.7,0.8,0.6,0.9375
noise_scale,high_to_low,6,60,10,0.9503375675225898,0.9709585576675627,0.949987649300019,0.011453726630601901,2.0,1.9,2.1,45.6,50.4,45.6,0.9,0.8,0.8,0.9333333333333333
noise_scale,high_to_low,6,63,10,0.9424489924168702,0.9705310591170491,0.9508742623111932,0.01519330278245029,2.0,1.9,2.1,45.6,52.8,43.2,0.9,0.9,0.8,0.95
noise_scale,high_to_low,6,66,10,0.9391221993002079,0.970293135382995,0.9328933202945799,0.039942153422897766,1.9,1.9,2.0,43.2,52.8,36.0,0.7,0.7,0.6,0.975
noise_scale,high_to_low,6,69,10,0.930210513170536,0.9719228840529371,0.9398737950531725,0.01178753656567778,1.8,1.9,2.0,48.0,50.4,45.6,0.8,0.7,0.7,0.9833333333333334
noise_scale,high_to_low,6,72,10,0.9448414780620775,0.9723821555056513,0.9399136862785973,0.02582186919337227,1.9,1.8,1.9,50.4,48.0,40.8,0.8,0.6,0.5,1.0
noise_scale,high_to_low,6,75,10,0.9529317412148547,0.9817439288497984,0.957644268699036,0.005230546514471901,1.9,2.0,2.1,40.8,48.0,43.2,0.8,0.7,0.7,1.0
noise_scale,high_to_low,6,78,10,0.957351087303695,0.9817282702140891,0.9603319740773072,0.0037356729828398995,2.0,2.1,2.2,40.8,50.4,48.0,0.8,0.7,0.7,1.0
noise_scale,high_to_low,6,81,10,0.9565041932781224,0.9868940193621019,0.9609036088729249,0.009177656212097651,2.0,2.1,2.1,43.2,45.6,36.0,0.7,0.5,0.5,1.0
noise_scale,high_to_low,6,84,10,0.953554856356865,0.9847029881643514,0.9541361029328062,0.005384877764119856,2.0,2.0,2.0,45.6,50.4,40.8,1.0,0.7,0.7,1.0
noise_scale,high_to_low,6,87,10,0.969773164757472,0.987061529034122,0.9674052493897884,0.007272012721163223,2.2,2.0,2.1,50.4,50.4,45.6,0.9,0.9,0.8,1.0
noise_scale,high_to_low,6,90,10,0.9677540329119951,0.9736147313267388,0.9676574004897782,0.004995708055237169,2.2,1.9,2.2,55.2,48.0,52.8,1.0,0.8,0.8,1.0
noise_scale,high_to_low,6,93,10,0.9697771442417983,0.9760631222930323,0.9739181754601081,0.007319760992520075,2.2,2.0,2.2,52.8,55.2,45.6,1.0,0.7,0.7,1.0
noise_scale,high_to_low,6,96,10,0.9456709540866859,0.9789767594444851,0.9456770483856239,6.094298937975307e-06,2.0,1.9,2.0,38.4,48.0,38.4,1.0,1.0,1.0,1.0
noise_scale,high_to_low,6,99,10,0.9728467518262514,0.979521780567244,0.9688527492453419,0.004110331012573698,2.2,1.9,2.1,43.2,48.0,48.0,0.9,0.8,0.8,1.0
noise_scale,high_to_low,6,102,10,0.9773789698991961,0.9900699009760234,0.976083347818783,0.001472149877702811,2.3,2.0,2.3,45.6,48.0,48.0,1.0,0.9,0.9,1.0
noise_scale,high_to_low,6,105,10,0.9725951482962399,0.9887422830412804,0.9725391692965634,9.99399639697418e-05,2.3,2.2,2.3,48.0,52.8,48.0,1.0,1.0,1.0,1.0
noise_scale,high_to_low,6,108,10,0.9732996479827163,0.9878925875307027,0.9745095882440301,0.0013459443796079774,2.4,2.2,2.4,50.4,52.8,48.0,1.0,0.9,0.9,1.0
noise_scale,high_to_low,6,111,10,0.9797197639542029,0.9897295154803212,0.979693284025981,7.59251858522214e-05,2.5,2.4,2.5,50.4,60.0,50.4,1.0,1.0,1.0,1.0
noise_scale,high_to_low,6,114,10,0.9774320788804763,0.9895565880796345,0.9762054123111124,0.0013093027145494208,2.5,2.4,2.5,52.8,60.0,55.2,1.0,0.9,0.9,1.0
noise_scale,high_to_low,12,0,10,0.9754795639449988,0.9754795639449988,0.9461923271077444,0.0361301323685241,2.0,2.0,2.1,60.0,60.0,40.8,0.7,0.4,0.4,0.0
noise_scale,high_to_low,12,3,10,0.9834467304006024,0.9794910588455832,0.9459862794073427,0.03964369145629574,2.1,2.0,2.1,57.6,60.0,40.8,0.8,0.5,0.5,0.0625
noise_scale,high_to_low,12,6,10,0.9810650724423697,0.9827395733025843,0.9473071406342287,0.036330867173607416,1.9,2.0,2.1,57.6,60.0,48.0,0.8,0.2,0.2,0.125
noise_scale,high_to_low,12,9,10,0.9820225709680296,0.9817232037950925,0.9497999982618612,0.03222257270616826,1.9,1.9,2.1,57.6,57.6,48.0,0.8,0.2,0.2,0.1875
noise_scale,high_to_low,12,12,10,0.9722770137358905,0.9741997280680399,0.9525055748220634,0.04287606024939369,1.8,1.8,2.1,50.4,43.2,48.0,0.7,0.2,0.2,0.29166666666666663
noise_scale,high_to_low,12,15,10,0.975670811364614,0.975867595527026,0.9681547034873057,0.03137930991625443,1.8,1.8,2.1,40.8,40.8,50.4,0.7,0.4,0.4,0.4270833333333333
noise_scale,high_to_low,12,18,10,0.9764028871244687,0.9755049693639399,0.9685292458240256,0.03151281461677171,1.9,1.9,2.1,45.6,48.0,55.2,0.8,0.5,0.5,0.4875
noise_scale,high_to_low,12,21,10,0.9736172940149854,0.9752616398317369,0.9379191763846192,0.036155616187256955,2.0,2.0,2.0,57.6,57.6,57.6,1.0,0.6,0.6,0.4083333333333333
noise_scale,high_to_low,12,24,10,0.9720115183184644,0.9744378636772909,0.9680460917862502,0.02804302146907347,1.9,1.9,2.1,52.8,52.8,45.6,0.8,0.4,0.4,0.5333333333333333
noise_scale,high_to_low,12,27,10,0.9654061776866734,0.9696576561337545,0.9744656168028637,0.030072206420469982,2.0,2.0,2.3,60.0,57.6,45.6,0.7,0.4,0.3,0.46875
noise_scale,high_to_low,12,30,10,0.9677316280618047,0.9727576416962759,0.9578666121675725,0.041022886790465854,2.0,2.0,2.3,57.6,57.6,45.6,0.7,0.4,0.2,0.5583333333333333
noise_scale,high_to_low,12,33,10,0.9535886490225561,0.975782505613046,0.9512918033449969,0.030560996591038357,1.9,2.0,2.1,52.8,50.4,38.4,0.8,0.1,0.1,0.6583333333333333
noise_scale,high_to_low,12,36,10,0.9528853253231805,0.9756315114976438,0.9622093948007759,0.037195421015213094,1.9,2.1,2.2,52.8,57.6,40.8,0.7,0.2,0.2,0.7
noise_scale,high_to_low,12,39,10,0.9502655118858664,0.977729074246928,0.9696542959367538,0.038624361176231116,1.9,2.1,2.4,38.4,57.6,38.4,0.5,0.4,0.3,0.8708333333333332
noise_scale,high_to_low,12,42,10,0.9500714626556862,0.969628698999952,0.9706416503278547,0.04103344481498829,1.9,2.0,2.4,38.4,48.0,43.2,0.5,0.4,0.3,0.8916666666666666
noise_scale,high_to_low,12,45,10,0.9594841946449868,0.990264083213923,0.9731757018207743,0.028174573970779427,2.0,2.1,2.4,45.6,45.6,45.6,0.6,0.3,0.3,0.86875
noise_scale,high_to_low,12,48,10,0.9578782352773798,0.9918775964188653,0.9446527491336596,0.06642057343454319,2.1,2.1,2.2,45.6,45.6,38.4,0.5,0.3,0.2,0.8666666666666666
noise_scale,high_to_low,12,51,10,0.9453618446255238,0.983509643078474,0.9448123966449276,0.05628232119217082,2.0,2.0,2.2,38.4,43.2,48.0,0.6,0.3,0.2,0.9416666666666668
noise_scale,high_to_low,12,54,10,0.9373985591339847,0.9563784703159968,0.9430300607578959,0.04951232615433656,2.0,1.8,2.1,43.2,38.4,40.8,0.7,0.5,0.4,0.925
noise_scale,high_to_low,12,57,10,0.8825017433432544,0.9496274387077243,0.9416784469095028,0.07172935242789086,1.9,1.7,2.1,45.6,36.0,40.8,0.6,0.7,0.4,0.9166666666666666
noise_scale,high_to_low,12,60,10,0.8903443998625121,0.9518992218744451,0.8883247645484407,0.057736466311721746,1.9,1.7,2.0,45.6,36.0,45.6,0.7,0.6,0.4,0.9333333333333333
noise_scale,high_to_low,12,63,10,0.9316100677891823,0.9629619799424894,0.909396264837838,0.02448708533024746,1.9,1.8,2.0,36.0,43.2,38.4,0.9,0.6,0.6,0.975
noise_scale,high_to_low,12,66,10,0.929697763210316,0.9646360790479502,0.9199751608028901,0.017825288097609283,1.9,1.8,2.0,36.0,45.6,36.0,0.9,0.8,0.8,0.9833333333333332
noise_scale,high_to_low,12,69,10,0.9400328847545163,0.9620552769299703,0.9227503394476357,0.040621875392599635,2.0,1.8,2.0,40.8,48.0,36.0,0.8,0.9,0.8,0.9875
noise_scale,high_to_low,12,72,10,0.9090041191101763,0.962996629592509,0.9224088630321873,0.014406530863947452,1.8,1.8,1.9,40.8,43.2,43.2,0.9,0.7,0.7,1.0
noise_scale,high_to_low,12,75,10,0.9409806997132906,0.962517036700749,0.9469715072122453,0.009519010241852843,1.9,1.8,2.0,45.6,48.0,50.4,0.9,0.7,0.7,1.0
noise_scale,high_to_low,12,78,10,0.9394194913217451,0.9605112544115162,0.9477621002543891,0.010553308870069745,1.9,1.7,2.0,50.4,48.0,50.4,0.9,0.6,0.6,1.0
noise_scale,high_to_low,12,81,10,0.9504552396105798,0.9697006088742809,0.9543405372498098,0.010466254576493018,2.0,1.9,2.1,45.6,50.4,43.2,0.7,0.6,0.5,1.0
noise_scale,high_to_low,12,84,10,0.9533782890628013,0.9784476279567645,0.9578314770141843,0.006199149721115594,2.0,2.0,2.2,43.2,43.2,48.0,0.8,0.6,0.6,1.0
noise_scale,high_to_low,12,87,10,0.9514487811946892,0.9843049358435554,0.9513143207948499,0.000989989514974887,2.0,2.1,2.0,45.6,45.6,43.2,1.0,0.9,0.9,1.0
noise_scale,high_to_low,12,90,10,0.9624942909058094,0.9728834233732183,0.9666466229906907,0.005316014031704808,2.1,1.9,2.1,52.8,48.0,45.6,1.0,0.6,0.6,1.0
noise_scale,high_to_low,12,93,10,0.9692498914621677,0.9743029631753141,0.968413327554553,0.006219548700704203,2.3,1.8,2.2,55.2,48.0,50.4,0.9,0.9,0.8,1.0
noise_scale,high_to_low,12,96,10,0.9283110442736321,0.9713221542102334,0.9304876219751428,0.002966849083039036,2.1,1.8,2.1,50.4,48.0,45.6,1.0,0.9,0.9,1.0
noise_scale,high_to_low,12,99,10,0.965697866975094,0.9752772421630237,0.9656729600386675,0.00025238077720136643,2.1,1.9,2.1,55.2,52.8,55.2,1.0,1.0,1.0,1.0
noise_scale,high_to_low,12,102,10,0.9737203353821571,0.9770639483043497,0.9738550956420751,0.00014149671931785736,2.1,1.9,2.1,45.6,52.8,45.6,1.0,1.0,1.0,1.0
noise_scale,high_to_low,12,105,10,0.97474516565396,0.9805107421789963,0.975787146696496,0.001601775946306183,2.3,2.0,2.3,45.6,52.8,43.2,1.0,0.9,0.9,1.0
noise_scale,high_to_low,12,108,10,0.9850263430000149,0.9890854697431605,0.9858070106956094,0.0012835701062397398,2.5,2.2,2.5,45.6,55.2,43.2,1.0,0.9,0.9,1.0
noise_scale,low_to_high,1,0,10,0.9319830055645321,0.9319830055645321,0.9539195452996856,0.09818267628463476,2.3,2.3,1.9,45.6,45.6,45.6,0.3,0.4,0.2,0.0
noise_scale,low_to_high,1,3,10,0.9277755440198814,0.9703997487345497,0.9621114454771078,0.08992596390970968,2.3,2.4,2.0,55.2,60.0,57.6,0.7,0.6,0.5,0.06875
noise_scale,low_to_high,1,6,10,0.9733674810856392,0.9672292769914692,0.9401437268795997,0.04585862875832201,2.4,2.4,1.8,52.8,55.2,52.8,0.6,0.4,0.3,0.13333333333333333
noise_scale,low_to_high,1,9,10,0.9796029330659544,0.9370032901388365,0.948068056839435,0.04763277135268066,2.4,2.3,1.8,55.2,52.8,55.2,0.6,0.3,0.2,0.19375
noise_scale,low_to_high,1,12,10,0.8623760426039115,0.9362549305437019,0.9541582902546288,0.10297035925751388,2.1,2.3,1.8,52.8,52.8,55.2,0.8,0.6,0.5,0.2833333333333333
noise_scale,low_to_high,1,15,10,0.9547731282293247,0.9304718713136808,0.9644455946259514,0.03550928976520044,2.1,2.2,2.0,50.4,43.2,50.4,0.9,0.7,0.7,0.3854166666666667
noise_scale,low_to_high,1,18,10,0.8627394410089121,0.9329109488831145,0.9717654586926209,0.11424307974970796,2.1,2.3,2.1,52.8,45.6,52.8,0.8,1.0,0.8,0.425
noise_scale,low_to_high,1,21,10,0.9196741236805479,0.9179174829565474,0.9735397182182313,0.0982058679822286,2.5,2.3,2.1,55.2,52.8,55.2,0.5,0.6,0.4,0.4229166666666667
noise_scale,low_to_high,1,24,10,0.8826981654907982,0.9161077956740854,0.9273145165500143,0.05752067387340336,2.4,2.3,2.1,50.4,45.6,50.4,0.7,0.8,0.7,0.5833333333333333
noise_scale,low_to_high,1,27,10,0.8785539086246128,0.8793834249978199,0.9356013422198701,0.06437856536737871,2.2,2.1,2.0,50.4,40.8,48.0,0.8,0.7,0.7,0.61875
noise_scale,low_to_high,1,30,10,0.8894042464669258,0.9199098399375242,0.953207387599987,0.06764491822118922,2.0,2.3,1.9,50.4,45.6,48.0,0.9,0.6,0.6,0.6708333333333334
noise_scale,low_to_high,1,33,10,0.8788257734410341,0.9218679865200758,0.9451402928666155,0.07112378684947976,2.0,2.4,1.9,52.8,45.6,48.0,0.9,0.6,0.5,0.6666666666666666
noise_scale,low_to_high,1,36,10,0.8698329604649786,0.870265152406497,0.9091889419859804,0.04683586970017241,2.1,2.2,2.1,48.0,48.0,60.0,0.8,0.5,0.5,0.75
noise_scale,low_to_high,1,39,10,0.8723080468861955,0.8889363392464718,0.949883285145415,0.09300188888164948,2.1,2.1,2.0,52.8,45.6,64.8,0.7,0.7,0.4,0.7333333333333333
noise_scale,low_to_high,1,42,10,0.855547013289471,0.8866289299565576,0.9497964412187798,0.0945645204855142,2.0,2.0,2.0,52.8,48.0,55.2,1.0,0.6,0.6,0.7666666666666667
noise_scale,low_to_high,1,45,10,0.8566056372558084,0.873987421180599,0.9448334007956174,0.10586253098446771,2.0,2.0,1.9,52.8,43.2,57.6,0.9,0.3,0.3,0.8
noise_scale,low_to_high,1,48,10,0.8570572537487685,0.8801356192331099,0.9479289383746636,0.10178852106836969,1.9,1.9,1.9,48.0,50.4,52.8,1.0,0.5,0.5,0.8666666666666666
noise_scale,low_to_high,1,51,10,0.9437347372594337,0.8808975915556003,0.9509964122635381,0.00965678086220383,2.0,1.9,1.9,60.0,48.0,57.6,0.9,0.7,0.7,0.825
noise_scale,low_to_high,1,54,10,0.8820805784169329,0.8919140019131608,0.899153445530937,0.04484668405610832,2.0,2.0,1.8,52.8,43.2,60.0,0.8,0.8,0.7,0.9
noise_scale,low_to_high,1,57,10,0.9653754238307203,0.916483363530818,0.958020424273017,0.02298209308548609,1.9,2.1,1.8,48.0,50.4,60.0,0.7,0.7,0.6,0.9375
noise_scale,low_to_high,1,60,10,0.9678194494707553,0.9298795099266055,0.9693115645621575,0.009529240074338963,1.9,2.2,1.9,48.0,43.2,45.6,0.8,0.9,0.8,0.95
noise_scale,low_to_high,1,63,10,0.9768693099033255,0.9249640042237314,0.9739903016238444,0.012594428887765996,1.9,2.2,2.0,45.6,52.8,45.6,0.9,0.8,0.8,0.9625
noise_scale,low_to_high,1,66,10,0.9807338509588248,0.9132928329992641,0.974453129401636,0.006280721557188973,1.9,2.2,1.8,43.2,50.4,38.4,0.9,0.7,0.7,0.975
noise_scale,low_to_high,1,69,10,0.9873736009741497,0.9571863009362659,0.9858493098000171,0.0021179146045933626,2.0,2.3,2.0,40.8,55.2,40.8,1.0,1.0,1.0,0.9916666666666666
noise_scale,low_to_high,1,72,10,0.9691188737645279,0.9587856695005128,0.9666014448319264,0.0030139920065143434,2.1,2.3,2.1,52.8,52.8,55.2,1.0,0.9,0.9,1.0
noise_scale,low_to_high,1,75,10,0.9683939557584024,0.9790829298389753,0.984515721277489,0.01964412420389079,2.0,2.4,2.1,52.8,48.0,48.0,0.7,0.7,0.7,1.0
noise_scale,low_to_high,1,78,10,0.9818714597157003,0.935518476664624,0.9803134467212059,0.0019711615205026066,2.1,2.0,2.1,40.8,40.8,43.2,1.0,0.9,0.9,1.0
noise_scale,low_to_high,1,81,10,0.9801777135714367,0.9369066220900832,0.9771915494040506,0.003068398691750196,2.1,2.0,2.1,48.0,52.8,52.8,1.0,0.8,0.8,1.0
noise_scale,low_to_high,1,84,10,0.9802996059775397,0.9538544341719939,0.9786979210275835,0.0016503854192487343,1.9,2.2,1.9,43.2,48.0,45.6,1.0,0.9,0.9,1.0
noise_scale,low_to_high,1,87,10,0.9706466351211539,0.9653421969628921,0.9689202148099216,0.0017322785324974555,2.0,2.2,2.0,45.6,40.8,48.0,1.0,0.9,0.9,1.0
noise_scale,low_to_high,1,90,10,0.9566519167773062,0.9642620713760106,0.9538109857099564,0.0028409310673498944,2.1,2.1,2.0,48.0,40.8,48.0,0.9,1.0,0.9,1.0
noise_scale,low_to_high,1,93,10,0.9524872743384509,0.9568644147973675,0.9521749314285415,0.000329272073404141,1.9,2.0,1.9,50.4,40.8,50.4,1.0,1.0,1.0,1.0
noise_scale,low_to_high,1,96,10,0.9580404665469224,0.9579173687919621,0.9577343855898308,0.0003520721755449041,2.0,2.0,2.0,50.4,40.8,50.4,1.0,1.0,1.0,1.0
noise_scale,low_to_high,1,99,10,0.99273665840488,0.9666058700980583,0.9927216625032409,0.0003695053825250816,2.2,2.2,2.2,48.0,38.4,48.0,1.0,1.0,1.0,1.0
noise_scale,low_to_high,1,102,10,0.9936903534943771,0.962572051191583,0.9935139506093582,0.0003309421116869715,2.0,2.0,2.0,48.0,36.0,48.0,1.0,1.0,1.0,1.0
noise_scale,low_to_high,1,105,10,0.9905954246456579,0.9529641292628102,0.9904533790673838,0.000268103290856736,2.0,2.2,2.0,52.8,38.4,52.8,1.0,1.0,1.0,1.0
noise_scale,low_to_high,1,108,10,0.9931784226596253,0.9659685233853657,0.9923899562585318,0.0007884664010936682,2.1,2.3,2.1,45.6,45.6,48.0,1.0,0.9,0.9,1.0
noise_scale,low_to_high,1,111,10,0.9901375001945265,0.9515961023189432,0.989262295499681,0.0008864071182248856,2.1,2.3,2.1,48.0,50.4,50.4,1.0,0.9,0.9,1.0
noise_scale,low_to_high,1,114,10,0.9758270080249828,0.9360353678328339,0.9757327611543356,9.424687064708559e-05,2.0,2.1,2.0,45.6,50.4,45.6,1.0,1.0,1.0,1.0
noise_scale,low_to_high,1,117,10,0.9852065538974228,0.9706012097662358,0.9851624984811558,4.405541626708587e-05,2.2,2.4,2.2,43.2,52.8,43.2,1.0,1.0,1.0,1.0
noise_scale,low_to_high,3,0,10,0.9415220515826694,0.9415220515826694,0.9825445397946588,0.044152004421192916,1.9,1.9,2.0,45.6,45.6,57.6,0.7,0.3,0.2,0.0
noise_scale,low_to_high,3,3,10,0.9551067097762391,0.9567849888499517,0.9778348351810046,0.03372194921776156,2.2,2.2,2.1,48.0,52.8,57.6,0.5,0.2,0.1,0.075
noise_scale,low_to_high,3,6,10,0.9699683941245736,0.9549913369125014,0.9833417126415605,0.018685123535711168,2.3,2.1,2.1,52.8,55.2,55.2,0.8,0.5,0.5,0.13333333333333333
noise_scale,low_to_high,3,9,10,0.9342745624759805,0.9521693370894516,0.983608971953176,0.05218745889473614,1.9,2.1,2.1,43.2,55.2,57.6,0.8,0.3,0.3,0.2625
noise_scale,low_to_high,3,12,10,0.962853981834429,0.9525103327381877,0.9760812216209669,0.014490187388123844,2.0,2.1,2.0,55.2,48.0,62.4,1.0,0.4,0.4,0.2583333333333333
noise_scale,low_to_high,3,15,10,0.9790421645607701,0.9663071369346203,0.9770208890980026,0.017860386941018137,2.1,2.1,2.0,50.4,45.6,60.0,0.9,0.4,0.4,0.3854166666666667
noise_scale,low_to_high,3,18,10,0.9407764914192832,0.9317890743493683,0.9742885465861821,0.0559752155734245,2.0,2.0,2.0,60.0,43.2,62.4,0.8,0.4,0.4,0.3625
noise_scale,low_to_high,3,21,10,0.9485728090045467,0.9618902052315944,0.9833448729645748,0.037701515932841476,2.0,2.3,2.1,48.0,43.2,55.2,0.9,0.3,0.3,0.5541666666666667
noise_scale,low_to_high,3,24,10,0.9499133521741886,0.9585772266699012,0.9861580811394166,0.04909572910956227,2.1,2.3,2.1,43.2,45.6,55.2,0.8,0.6,0.5,0.6666666666666666
noise_scale,low_to_high,3,27,10,0.9870735856013422,0.9583957659288563,0.9883473300645835,0.012105281634986776,2.2,2.3,2.2,45.6,43.2,57.6,0.8,0.4,0.4,0.68125
noise_scale,low_to_high,3,30,10,0.9865843007541708,0.9672060515419387,0.9739395851996608,0.01949695332753155,2.2,2.3,2.1,57.6,38.4,62.4,0.7,0.5,0.4,0.5916666666666667
noise_scale,low_to_high,3,33,10,0.9800407548424405,0.9714797926889164,0.9738852427844519,0.017650912523112173,2.2,2.4,2.1,57.6,38.4,52.8,0.7,0.7,0.6,0.6125
noise_scale,low_to_high,3,36,10,0.9758877019403164,0.9713816526377034,0.9733856327622179,0.007185632143210418,2.1,2.4,2.1,50.4,38.4,57.6,1.0,0.8,0.8,0.725
noise_scale,low_to_high,3,39,10,0.9767272961044233,0.968289601668935,0.9784834884530584,0.004552420591649608,2.1,2.3,2.1,48.0,36.0,48.0,1.0,1.0,1.0,0.7791666666666666
noise_scale,low_to_high,3,42,10,0.980256308632665,0.9675679776164307,0.9743736635226992,0.010767035083067256,2.2,2.4,2.0,55.2,45.6,55.2,0.8,0.8,0.6,0.7541666666666667
noise_scale,low_to_high,3,45,10,0.9766747012594461,0.9651532190033277,0.9672279865339506,0.013782113202129753,2.1,2.3,1.9,55.2,43.2,55.2,0.8,0.7,0.6,0.79375
noise_scale,low_to_high,3,48,10,0.9765045186213177,0.9711517108256821,0.9474598247244609,0.03284129449373605,2.1,2.4,1.8,57.6,43.2,52.8,0.7,0.7,0.6,0.8333333333333333
noise_scale,low_to_high,3,51,10,0.9691176371004311,0.9537533686397891,0.9584241619865642,0.016417223073921582,2.1,2.2,1.8,52.8,45.6,43.2,0.7,0.7,0.6,0.8541666666666666
noise_scale,low_to_high,3,54,10,0.9725648614214789,0.9548969562925681,0.9635284212396169,0.013870495400023265,2.0,2.1,1.8,55.2,43.2,48.0,0.8,0.7,0.7,0.875
noise_scale,low_to_high,3,57,10,0.9688029770891264,0.973208185830743,0.9643977533192457,0.009696370289407097,2.0,2.3,1.8,60.0,48.0,57.6,0.8,0.8,0.7,0.875
noise_scale,low_to_high,3,60,10,0.9815542335756557,0.9549363937083306,0.9755107634854591,0.0066050208362248616,2.1,2.1,1.9,60.0,48.0,55.2,0.8,0.9,0.8,0.9
noise_scale,low_to_high,3,63,10,0.9746304387946518,0.9320085243090883,0.9673178057244002,0.007693379364693442,2.0,2.0,1.8,52.8,45.6,50.4,0.8,0.8,0.7,0.9375
noise_scale,low_to_high,3,66,10,0.9720807915052955,0.9577630110633508,0.9628966059012501,0.01337663532372998,1.9,2.1,1.7,55.2,45.6,52.8,0.8,0.6,0.6,0.9583333333333334
noise_scale,low_to_high,3,69,10,0.9743271041021846,0.9500808560956522,0.9666692276889837,0.007848555855670004,1.8,2.0,1.7,48.0,40.8,50.4,0.9,0.8,0.8,0.9875
noise_scale,low_to_high,3,72,10,0.9817708249627364,0.966695337390498,0.9724396548702726,0.01282589132647267,2.0,2.1,1.8,52.8,40.8,48.0,0.8,0.6,0.5,1.0
noise_scale,low_to_high,3,75,10,0.9829111663622513,0.9657957287881253,0.9762311111308458,0.007288945819714898,2.0,2.1,1.8,45.6,43.2,48.0,0.8,0.6,0.6,1.0
noise_scale,low_to_high,3,78,10,0.9786494316106552,0.9627293791438876,0.9765384270104039,0.002797214731347708,2.1,2.1,1.9,50.4,38.4,45.6,0.8,0.8,0.8,1.0
noise_scale,low_to_high,3,81,10,0.9833244895238898,0.9678027908648499,0.9829063218490729,0.0007721799174137623,2.1,2.1,2.0,55.2,36.0,52.8,0.9,0.9,0.9,1.0
noise_scale,low_to_high,3,84,10,0.9847839354309752,0.9757224060150422,0.9851245283139367,0.001094778292710785,2.0,2.2,2.0,55.2,40.8,52.8,1.0,0.9,0.9,1.0
noise_scale,low_to_high,3,87,10,0.9773362078303416,0.9638445817481573,0.9777578439213496,0.0005386594112525734,1.9,2.1,1.9,50.4,52.8,50.4,1.0,1.0,1.0,1.0
noise_scale,low_to_high,3,90,10,0.971361495332207,0.9372788900291749,0.9721766537061759,0.0008188493683989218,2.0,2.1,2.0,50.4,48.0,48.0,1.0,0.9,0.9,1.0
noise_scale,low_to_high,3,93,10,0.9685429175595109,0.9720654591500442,0.9678656207453165,0.0010594592879040522,1.8,2.1,1.8,40.8,38.4,43.2,1.0,0.9,0.9,1.0
noise_scale,low_to_high,3,96,10,0.9614410320658188,0.9412543345625192,0.9613140856614166,0.0004492432772245536,1.8,1.9,1.8,50.4,45.6,50.4,1.0,1.0,1.0,1.0
noise_scale,low_to_high,3,99,10,0.9887844789448389,0.9086312182052698,0.9924927923442907,0.003946818600618185,2.0,2.0,2.1,50.4,40.8,50.4,0.9,1.0,0.9,1.0
noise_scale,low_to_high,3,102,10,0.9872183035971271,0.9719938930524336,0.9885077184420952,0.0016181573646517067,2.1,2.3,2.1,52.8,52.8,52.8,1.0,0.8,0.8,1.0
noise_scale,low_to_high,3,105,10,0.9719596237773052,0.9723397288970224,0.9718858988947217,0.00017944221762864477,2.0,2.4,2.0,48.0,50.4,48.0,1.0,1.0,1.0,1.0
noise_scale,low_to_high,3,108,10,0.9888303337977936,0.9740198043755844,0.9887102544850187,0.00017010806097822462,2.4,2.5,2.4,62.4,50.4,62.4,1.0,1.0,1.0,1.0
noise_scale,low_to_high,3,111,10,0.9426545137008853,0.975538681279807,0.9416436686527971,0.0010621550225831666,2.1,2.6,2.1,50.4,57.6,52.8,1.0,0.9,0.9,1.0
noise_scale,low_to_high,3,114,10,0.940512606105095,0.9697765621813597,0.9403854022653031,0.00012720383979196724,2.1,2.4,2.1,55.2,50.4,55.2,1.0,1.0,1.0,1.0
noise_scale,low_to_high,3,117,10,0.984368034886173,0.9679822726873916,0.9843143952156159,7.136283826030266e-05,2.3,2.4,2.3,60.0,52.8,60.0,1.0,1.0,1.0,1.0
noise_scale,low_to_high,6,0,10,0.9499591466176408,0.9499591466176408,0.9770521673463481,0.03638095076678677,2.1,2.1,2.1,43.2,43.2,52.8,0.8,0.5,0.5,0.0
noise_scale,low_to_high,6,3,10,0.9462088536322838,0.9486452764896134,0.9806047225432005,0.03607616141515252,2.1,2.1,2.0,52.8,55.2,52.8,0.7,0.2,0.1,0.07083333333333333
noise_scale,low_to_high,6,6,10,0.9496524106819557,0.9490254240668958,0.9631415576241225,0.03187082338929677,2.2,2.1,1.8,57.6,57.6,52.8,0.6,0.3,0.2,0.125
noise_scale,low_to_high,6,9,10,0.9557694456894211,0.9503978245549645,0.9741505088360473,0.03434678723389364,2.1,2.1,1.9,62.4,60.0,45.6,0.8,0.4,0.4,0.1625
noise_scale,low_to_high,6,12,10,0.9725589096027042,0.9536590934427375,0.9749612882127486,0.024649635812529512,2.1,2.1,2.0,55.2,50.4,55.2,0.9,0.6,0.6,0.275
noise_scale,low_to_high,6,15,10,0.9622525985913747,0.9416349155911519,0.9775046719363158,0.015522057358374275,2.0,2.0,2.0,57.6,50.4,57.6,1.0,0.8,0.8,0.3125
noise_scale,low_to_high,6,18,10,0.9685254625888149,0.9701494845579474,0.9774028289444037,0.01022437823237723,2.0,2.1,2.0,55.2,45.6,60.0,1.0,0.8,0.8,0.4125
noise_scale,low_to_high,6,21,10,0.9353402132600811,0.9714841882188805,0.9721619970768787,0.05926176898306185,2.0,2.2,1.9,50.4,43.2,52.8,0.9,0.7,0.7,0.5104166666666667
noise_scale,low_to_high,6,24,10,0.9422488751688164,0.9604050249396178,0.9756621208667742,0.05345137996570076,2.0,2.3,1.9,43.2,43.2,48.0,0.9,0.8,0.7,0.6666666666666666
noise_scale,low_to_high,6,27,10,0.9815763821661914,0.9601292378643732,0.9753156873060267,0.02285818662418083,2.2,2.3,2.0,43.2,45.6,60.0,0.8,0.4,0.4,0.7
noise_scale,low_to_high,6,30,10,0.946687129039416,0.9685819858131406,0.975212758128103,0.05858299121390344,2.1,2.3,2.1,48.0,38.4,55.2,0.6,0.6,0.6,0.7083333333333334
noise_scale,low_to_high,6,33,10,0.9840908376690181,0.9723841136420373,0.9760769889266967,0.02096608496805442,2.2,2.4,2.1,52.8,36.0,55.2,0.7,0.5,0.4,0.6666666666666666
noise_scale,low_to_high,6,36,10,0.9827454707023792,0.9718966349262171,0.9743479008479815,0.01865934229668108,2.2,2.4,2.0,50.4,38.4,45.6,0.8,0.6,0.6,0.725
noise_scale,low_to_high,6,39,10,0.9800091080392488,0.9722645389526227,0.9792873992586525,0.00699089651431829,2.1,2.4,2.1,40.8,40.8,48.0,1.0,0.8,0.8,0.84375
noise_scale,low_to_high,6,42,10,0.979157843279971,0.9739576858078886,0.9782864778620688,0.007045552128141219,2.1,2.4,2.0,43.2,40.8,48.0,0.9,0.9,0.8,0.85
noise_scale,low_to_high,6,45,10,0.975305714804296,0.9461171720591309,0.9680916197660636,0.016370551036733638,2.1,2.2,1.9,52.8,43.2,45.6,0.8,0.8,0.7,0.825
noise_scale,low_to_high,6,48,10,0.9743685847510986,0.9433910304332389,0.9736001258588098,0.007029931660498834,2.1,2.1,2.0,55.2,43.2,52.8,0.9,0.9,0.8,0.8333333333333333
noise_scale,low_to_high,6,51,10,0.9748646957840007,0.9487687366358767,0.9467485749064289,0.03180856794340031,2.1,2.2,1.8,57.6,38.4,50.4,0.7,0.6,0.5,0.825
noise_scale,low_to_high,6,54,10,0.9851709729845008,0.9505819151659338,0.9618710671943317,0.02983926637780162,2.2,2.2,1.8,57.6,38.4,43.2,0.6,0.6,0.4,0.85
noise_scale,low_to_high,6,57,10,0.9665976366689035,0.9529965214763841,0.9643883343325165,0.009463113359664954,1.9,2.1,1.8,52.8,38.4,45.6,0.9,0.8,0.8,0.8958333333333333
noise_scale,low_to_high,6,60,10,0.9721317926908417,0.949987649300019,0.9709585576675627,0.004772133404002898,2.0,2.1,1.9,50.4,45.6,50.4,0.9,1.0,0.9,0.9166666666666666
noise_scale,low_to_high,6,63,10,0.9710653157316027,0.9508742623111932,0.9705310591170491,0.0062489177257714305,2.0,2.1,1.9,55.2,43.2,52.8,0.9,0.9,0.8,0.9375
noise_scale,low_to_high,6,66,10,0.9710976700694319,0.9328933202945799,0.970293135382995,0.006729337627946741,2.0,2.0,1.9,60.0,36.0,52.8,0.9,0.8,0.7,0.95
noise_scale,low_to_high,6,69,10,0.9725407740848709,0.9398737950531725,0.9719228840529371,0.0023693155720021395,1.9,2.0,1.9,52.8,45.6,50.4,1.0,0.9,0.9,0.9791666666666666
noise_scale,low_to_high,6,72,10,0.9750442708290088,0.9399136862785973,0.9723821555056513,0.003185085599453963,1.9,1.9,1.8,48.0,40.8,48.0,0.9,0.8,0.8,1.0
noise_scale,low_to_high,6,75,10,0.984373909321763,0.957644268699036,0.9817439288497984,0.0029255310138290524,2.0,2.1,2.0,43.2,43.2,48.0,1.0,0.9,0.9,1.0
noise_scale,low_to_high,6,78,10,0.9822045245727657,0.9603319740773072,0.9817282702140891,0.009090478590083061,2.0,2.2,2.1,43.2,48.0,50.4,0.9,0.6,0.6,1.0
noise_scale,low_to_high,6,81,10,0.9868959272416724,0.9609036088729249,0.9868940193621019,0.0015346347719731202,2.1,2.1,2.1,48.0,36.0,45.6,1.0,0.9,0.9,1.0
noise_scale,low_to_high,6,84,10,0.9844346681742918,0.9541361029328062,0.9847029881643514,0.0013267158627137455,2.1,2.0,2.0,55.2,40.8,50.4,0.9,0.8,0.8,1.0
noise_scale,low_to_high,6,87,10,0.9867016790884351,0.9674052493897884,0.987061529034122,0.0013055626757488392,2.1,2.1,2.0,55.2,45.6,50.4,0.9,0.8,0.8,1.0
noise_scale,low_to_high,6,90,10,0.9738218502482707,0.9676574004897782,0.9736147313267388,0.0004534557763529734,2.0,2.2,1.9,50.4,52.8,48.0,0.9,0.9,0.9,1.0
noise_scale,low_to_high,6,93,10,0.9760040380512564,0.9739181754601081,0.9760631222930323,0.0008431913458984086,1.9,2.2,2.0,52.8,45.6,55.2,0.9,0.9,0.9,1.0
noise_scale,low_to_high,6,96,10,0.9793145477710976,0.9456770483856239,0.9789767594444851,0.0006014287364190963,1.9,2.0,1.9,48.0,38.4,48.0,1.0,1.0,1.0,1.0
noise_scale,low_to_high,6,99,10,0.9797027534747447,0.9688527492453419,0.979521780567244,0.0003883080494547997,1.9,2.1,1.9,48.0,48.0,48.0,1.0,1.0,1.0,1.0
noise_scale,low_to_high,6,102,10,0.9901847668517665,0.976083347818783,0.9900699009760234,0.00021602030442899878,2.0,2.3,2.0,48.0,48.0,48.0,1.0,1.0,1.0,1.0
noise_scale,low_to_high,6,105,10,0.9890865511923714,0.9725391692965634,0.9887422830412804,0.0003737526493949983,2.2,2.3,2.2,52.8,48.0,52.8,1.0,1.0,1.0,1.0
noise_scale,low_to_high,6,108,10,0.9881732508634784,0.9745095882440301,0.9878925875307027,0.0002835409776729469,2.2,2.4,2.2,52.8,48.0,52.8,1.0,1.0,1.0,1.0
noise_scale,low_to_high,6,111,10,0.9898781289723043,0.979693284025981,0.9897295154803212,0.00022105623441485145,2.4,2.5,2.4,60.0,50.4,60.0,1.0,1.0,1.0,1.0
noise_scale,low_to_high,6,114,10,0.9895086438898784,0.9762054123111124,0.9895565880796345,0.0003480234969131191,2.4,2.5,2.4,60.0,55.2,60.0,1.0,1.0,1.0,1.0
noise_scale,low_to_high,12,0,10,0.9461923271077444,0.9461923271077444,0.9754795639449988,0.0361301323685241,2.1,2.1,2.0,40.8,40.8,60.0,0.7,0.4,0.4,0.0
noise_scale,low_to_high,12,3,10,0.9455684987799696,0.9459862794073427,0.9794910588455832,0.03610569284022491,2.1,2.1,2.0,40.8,40.8,60.0,0.9,0.5,0.5,0.08958333333333332
noise_scale,low_to_high,12,6,10,0.9478744332588098,0.9473071406342287,0.9827395733025843,0.03591169732827455,2.1,2.1,2.0,45.6,48.0,60.0,0.7,0.3,0.2,0.1625
noise_scale,low_to_high,12,9,10,0.9479318978636069,0.9497999982618612,0.9817232037950925,0.033791305931485514,2.1,2.1,1.9,50.4,48.0,57.6,0.8,0.1,0.1,0.21875
noise_scale,low_to_high,12,12,10,0.9511186830221507,0.9525055748220634,0.9741997280680399,0.04656075158454268,2.1,2.1,1.8,45.6,48.0,43.2,0.7,0.3,0.3,0.325
noise_scale,low_to_high,12,15,10,0.9689842966666351,0.9681547034873057,0.975867595527026,0.030156270185884303,2.1,2.1,1.8,57.6,50.4,40.8,0.7,0.4,0.4,0.3125
noise_scale,low_to_high,12,18,10,0.9502766004716184,0.9685292458240256,0.9755049693639399,0.025610749503461337,2.0,2.1,1.9,57.6,55.2,48.0,0.9,0.7,0.7,0.375
noise_scale,low_to_high,12,21,10,0.9561902685487669,0.9379191763846192,0.9752616398317369,0.019814002777034878,2.0,2.0,2.0,57.6,57.6,57.6,1.0,0.7,0.7,0.4375
noise_scale,low_to_high,12,24,10,0.9628056410806503,0.9680460917862502,0.9744378636772909,0.013147002446028243,2.0,2.1,1.9,57.6,45.6,52.8,0.9,0.6,0.6,0.5
noise_scale,low_to_high,12,27,10,0.9773574375340986,0.9744656168028637,0.9696576561337545,0.022798926367004514,2.2,2.3,2.0,48.0,45.6,57.6,0.8,0.3,0.3,0.6625
noise_scale,low_to_high,12,30,10,0.9761178130011366,0.9578666121675725,0.9727576416962759,0.020991903547611056,2.1,2.3,2.0,55.2,45.6,57.6,0.9,0.6,0.6,0.6125
noise_scale,low_to_high,12,33,10,0.9585226901776764,0.9512918033449969,0.975782505613046,0.017729704850464677,2.0,2.1,2.0,52.8,38.4,50.4,1.0,0.9,0.9,0.6666666666666666
noise_scale,low_to_high,12,36,10,0.9699901640945516,0.9622093948007759,0.9756315114976438,0.008204482359167441,2.1,2.2,2.1,48.0,40.8,57.6,1.0,0.5,0.5,0.75
noise_scale,low_to_high,12,39,10,0.9720276114292039,0.9696542959367538,0.977729074246928,0.006705421823593694,2.1,2.4,2.1,55.2,38.4,57.6,1.0,0.7,0.7,0.70625
noise_scale,low_to_high,12,42,10,0.9732821389211546,0.9706416503278547,0.969628698999952,0.011062596454241036,2.1,2.4,2.0,48.0,43.2,48.0,0.9,0.8,0.8,0.8083333333333333
noise_scale,low_to_high,12,45,10,0.9880763277189235,0.9731757018207743,0.990264083213923,0.00642934416146399,2.2,2.4,2.1,50.4,45.6,45.6,0.9,0.7,0.7,0.80625
noise_scale,low_to_high,12,48,10,0.9889730765272328,0.9446527491336596,0.9918775964188653,0.0032155534028378008,2.2,2.2,2.1,50.4,38.4,45.6,0.9,0.9,0.9,0.8666666666666666
noise_scale,low_to_high,12,51,10,0.978606017468957,0.9448123966449276,0.983509643078474,0.00537392739687913,2.1,2.2,2.0,48.0,48.0,43.2,0.9,0.9,0.9,0.9125
noise_scale,low_to_high,12,54,10,0.959118672856567,0.9430300607578959,0.9563784703159968,0.019378724231581834,2.0,2.1,1.8,50.4,40.8,38.4,0.8,0.7,0.7,0.9
noise_scale,low_to_high,12,57,10,0.9616532900811385,0.9416784469095028,0.9496274387077243,0.022131139337554184,2.0,2.1,1.7,50.4,40.8,36.0,0.7,0.7,0.7,0.8958333333333333
noise_scale,low_to_high,12,60,10,0.9538326964038231,0.8883247645484407,0.9518992218744451,0.010700570698275269,1.9,2.0,1.7,45.6,45.6,36.0,0.8,0.8,0.8,0.9333333333333333
noise_scale,low_to_high,12,63,10,0.9647438917340054,0.909396264837838,0.9629619799424894,0.010313373526883562,2.0,2.0,1.8,55.2,38.4,43.2,0.8,0.7,0.7,0.925
noise_scale,low_to_high,12,66,10,0.9619037499452754,0.9199751608028901,0.9646360790479502,0.003117143061539429,1.9,2.0,1.8,50.4,36.0,45.6,0.9,0.9,0.9,0.9583333333333334
noise_scale,low_to_high,12,69,10,0.9614372213847033,0.9227503394476357,0.9620552769299703,0.002318659045500648,1.8,2.0,1.8,50.4,36.0,48.0,1.0,0.9,0.9,0.9791666666666666
noise_scale,low_to_high,12,72,10,0.962778427846778,0.9224088630321873,0.962996629592509,0.002826501660825098,1.8,1.9,1.8,50.4,43.2,43.2,1.0,0.8,0.8,1.0
noise_scale,low_to_high,12,75,10,0.9640086187222316,0.9469715072122453,0.962517036700749,0.003063295765833962,1.8,2.0,1.8,45.6,50.4,48.0,1.0,0.8,0.8,1.0
noise_scale,low_to_high,12,78,10,0.964878020615684,0.9477621002543891,0.9605112544115162,0.005609607046612364,1.8,2.0,1.7,45.6,50.4,48.0,0.9,0.8,0.7,1.0
noise_scale,low_to_high,12,81,10,0.9775446919186738,0.9543405372498098,0.9697006088742809,0.008937295120386957,1.9,2.1,1.9,43.2,43.2,50.4,1.0,0.5,0.5,1.0
noise_scale,low_to_high,12,84,10,0.9798499364286293,0.9578314770141843,0.9784476279567645,0.0032060541942288247,2.0,2.2,2.0,40.8,48.0,43.2,1.0,0.8,0.8,1.0
noise_scale,low_to_high,12,87,10,0.9752601753938872,0.9513143207948499,0.9843049358435554,0.010513358314024657,1.9,2.0,2.1,45.6,43.2,45.6,0.9,0.7,0.7,1.0
noise_scale,low_to_high,12,90,10,0.9724857728453353,0.9666466229906907,0.9728834233732183,0.0009437181660762351,1.9,2.1,1.9,50.4,45.6,48.0,1.0,0.9,0.9,1.0
noise_scale,low_to_high,12,93,10,0.9745794471411011,0.968413327554553,0.9743029631753141,0.00035430472885933373,1.9,2.2,1.8,50.4,50.4,48.0,0.9,0.9,0.9,1.0
noise_scale,low_to_high,12,96,10,0.9762087130745499,0.9304876219751428,0.9713221542102334,0.005021025388926648,2.0,2.1,1.8,55.2,45.6,48.0,0.8,0.8,0.8,1.0
noise_scale,low_to_high,12,99,10,0.9778509937032434,0.9656729600386675,0.9752772421630237,0.0027618867095923648,2.0,2.1,1.9,52.8,55.2,52.8,0.9,1.0,0.9,1.0
noise_scale,low_to_high,12,102,10,0.9801720294240219,0.9738550956420751,0.9770639483043497,0.003302544439003063,2.0,2.1,1.9,52.8,45.6,52.8,0.9,1.0,0.9,1.0
noise_scale,low_to_high,12,105,10,0.9806827557013188,0.975787146696496,0.9805107421789963,0.00027426335469675766,2.0,2.3,2.0,52.8,43.2,52.8,1.0,1.0,1.0,1.0
noise_scale,low_to_high,12,108,10,0.9869011969433199,0.9858070106956094,0.9890854697431605,0.0025950458261986497,2.1,2.5,2.2,57.6,43.2,55.2,0.9,0.9,0.9,1.0
persistence,high_to_low,1,0,10,0.33434521180943944,0.33434521180943944,0.9764676097229354,0.6421223979134959,1.3,1.3,2.2,48.0,48.0,55.2,0.4,0.3,0.2,0.0
persistence,high_to_low,1,3,10,0.3379700683681624,0.3264703381297851,0.9725911590767577,0.6346210907085954,1.3,1.3,2.2,38.4,33.6,62.4,0.2,0.1,0.0,0.09166666666666666
persistence,high_to_low,1,6,10,0.49744271298080023,0.36973099648954955,0.9755593146343571,0.47811660165355685,1.5,1.4,2.4,33.6,40.8,62.4,0.2,0.0,0.0,0.20833333333333334
persistence,high_to_low,1,9,10,0.6621794577146136,0.36259205830055075,0.9661865511696988,0.30400709345508503,1.6,1.5,2.1,40.8,43.2,48.0,0.6,0.4,0.3,0.26875
persistence,high_to_low,1,12,10,0.6286529142373373,0.3141726099075463,0.9323792925247151,0.30465411753929345,1.5,1.3,1.9,40.8,45.6,52.8,0.6,0.4,0.3,0.3583333333333333
persistence,high_to_low,1,15,10,0.6651785651203276,0.372525168525088,0.9415989210183631,0.27698452321941613,1.7,1.4,1.9,45.6,45.6,50.4,0.8,0.4,0.4,0.40625
persistence,high_to_low,1,18,10,0.7226900642792293,0.396049578270751,0.9282394943767274,0.20621376954667064,1.8,1.3,1.9,40.8,48.0,48.0,0.7,0.4,0.2,0.5375
persistence,high_to_low,1,21,10,0.7520268264938821,0.39721000556297703,0.9445551340378987,0.1997114265752069,1.9,1.3,2.3,43.2,43.2,55.2,0.4,0.6,0.4,0.6125
persistence,high_to_low,1,24,10,0.7640151098911016,0.3938008428685025,0.9148395537956668,0.15653280555602184,1.9,1.3,2.1,40.8,52.8,45.6,0.5,0.6,0.5,0.75
persistence,high_to_low,1,27,10,0.7779783625859478,0.49565350044483053,0.9204616940719674,0.15039359475058772,1.9,1.4,2.0,45.6,50.4,48.0,0.6,0.7,0.5,0.68125
persistence,high_to_low,1,30,10,0.8279674647004297,0.42447147645531036,0.9436207866367289,0.11681782713703029,1.9,1.3,2.0,57.6,57.6,55.2,0.8,0.6,0.5,0.575
persistence,high_to_low,1,33,10,0.8270015961647561,0.49336018335528475,0.9222185249302136,0.09776487744520315,2.0,1.4,2.0,57.6,57.6,50.4,0.8,0.6,0.5,0.6125
persistence,high_to_low,1,36,10,0.811843817047815,0.4578914591007817,0.9029830269323493,0.09498362104311465,1.9,1.4,2.2,48.0,48.0,52.8,0.5,0.6,0.3,0.75
persistence,high_to_low,1,39,10,0.8076717887631032,0.44208590056299535,0.9320479302671444,0.1280723691495131,1.7,1.4,2.0,52.8,52.8,52.8,0.7,0.4,0.4,0.7416666666666666
persistence,high_to_low,1,42,10,0.804382479152175,0.46391412615939753,0.9308313317830793,0.12708646466063453,1.8,1.4,2.0,55.2,52.8,55.2,0.8,0.4,0.4,0.7708333333333334
persistence,high_to_low,1,45,10,0.8166828856311741,0.4149002948069932,0.9251303076151199,0.11380679509215837,1.9,1.4,1.9,60.0,43.2,57.6,0.8,0.4,0.3,0.78125
persistence,high_to_low,1,48,10,0.828653463156644,0.3728012833825604,0.9300475232070514,0.10637084183962923,2.0,1.3,1.9,57.6,45.6,50.4,0.9,0.4,0.4,0.8333333333333333
persistence,high_to_low,1,51,10,0.8460996245929353,0.3743757761049376,0.9300287308142051,0.08658642226957076,1.9,1.3,1.9,57.6,43.2,52.8,0.8,0.6,0.5,0.8541666666666666
persistence,high_to_low,1,54,10,0.8412119138791672,0.42109199333153435,0.886565080744188,0.05113398628984054,1.8,1.3,1.9,55.2,43.2,52.8,0.9,0.6,0.5,0.9
persistence,high_to_low,1,57,10,0.9092797629319367,0.502335655203554,0.9382716193868182,0.06818618248642618,2.0,1.6,1.9,50.4,40.8,48.0,0.7,0.6,0.4,0.9375
persistence,high_to_low,1,60,10,0.9196545059232359,0.4589140803854391,0.9600418703313224,0.04625314319097781,1.9,1.5,2.1,50.4,40.8,45.6,0.8,0.6,0.5,0.9333333333333333
persistence,high_to_low,1,63,10,0.955606236079117,0.4861298159237869,0.9592367770478107,0.0192891900282123,2.0,1.4,2.1,48.0,40.8,45.6,0.9,0.7,0.6,0.95
persistence,high_to_low,1,66,10,0.9396597248738733,0.48166063450924546,0.9352420959118799,0.009414862788515055,2.2,1.4,2.1,48.0,40.8,40.8,0.7,0.4,0.4,0.9666666666666666
persistence,high_to_low,1,69,10,0.9818206679910849,0.5445580070514708,0.9856368850801271,0.0039461034058906105,2.2,1.5,2.3,43.2,45.6,48.0,0.7,0.7,0.7,0.9916666666666666
persistence,high_to_low,1,72,10,0.9845202612701802,0.5471230611821684,0.966752096084598,0.02171214366084523,2.4,1.5,2.3,45.6,40.8,57.6,0.9,0.7,0.7,1.0
persistence,high_to_low,1,75,10,0.9897096419504813,0.5390840170464202,0.9845774586185303,0.005382395864920364,2.5,1.5,2.3,40.8,45.6,50.4,0.8,0.5,0.4,1.0
persistence,high_to_low,1,78,10,0.9734364531623504,0.4391984155095023,0.9760024147484169,0.0046753498438617536,2.1,1.5,2.2,40.8,50.4,48.0,0.9,0.8,0.8,1.0
persistence,high_to_low,1,81,10,0.9705118237210393,0.44910488704833024,0.9695263772799232,0.0016499001602262365,2.2,1.5,2.1,52.8,48.0,52.8,0.9,0.7,0.7,1.0
persistence,high_to_low,1,84,10,0.9626441053455886,0.41564271092419613,0.9618935828237151,0.0011850654541471829,2.0,1.4,1.9,40.8,45.6,38.4,0.9,0.8,0.8,1.0
persistence,high_to_low,1,87,10,0.9592544176226548,0.47053709296874013,0.9597596717494243,0.0006359824038587147,2.1,1.4,2.0,52.8,40.8,48.0,0.9,0.9,0.9,1.0
persistence,high_to_low,1,90,10,0.9681429850647802,0.5552468957687172,0.968164254091306,0.000940124419886268,2.1,1.5,2.1,55.2,38.4,52.8,1.0,0.9,0.9,1.0
persistence,high_to_low,1,93,10,0.968046730048792,0.4734099804147852,0.9719455857134616,0.003939465553724919,2.1,1.4,2.1,52.8,43.2,45.6,1.0,0.8,0.8,1.0
persistence,high_to_low,1,96,10,0.973482442819447,0.3375835044707024,0.9736678900852965,0.00019599082575759706,2.0,1.2,2.0,45.6,52.8,45.6,1.0,1.0,1.0,1.0
persistence,high_to_low,1,99,10,0.9878408564183536,0.3096782318523873,0.9881402478015069,0.0003249000452670736,2.1,1.2,2.1,43.2,52.8,43.2,1.0,1.0,1.0,1.0
persistence,high_to_low,1,102,10,0.9857519402610672,0.4543091538051639,0.9859606765159385,0.00031539545802317104,2.0,1.4,2.0,43.2,43.2,43.2,1.0,1.0,1.0,1.0
persistence,high_to_low,1,105,10,0.9827714542597594,0.42995914215637854,0.9831393076063943,0.0003980104339561641,2.0,1.5,2.0,50.4,48.0,48.0,1.0,0.9,0.9,1.0
persistence,high_to_low,1,108,10,0.9848736938751188,0.5608611887471275,0.9848913475658883,5.466599657013571e-05,2.1,1.6,2.1,45.6,38.4,45.6,1.0,1.0,1.0,1.0
persistence,high_to_low,1,111,10,0.9829335768026249,0.5644016410009793,0.982779989500919,0.0003134317771635309,2.2,1.7,2.2,48.0,45.6,48.0,1.0,1.0,1.0,1.0
persistence,high_to_low,1,114,10,0.9675339511580363,0.6147113661407017,0.9675659753242067,8.138933475025923e-05,2.0,1.7,2.0,45.6,43.2,45.6,1.0,1.0,1.0,1.0
persistence,high_to_low,1,117,10,0.9896903360793198,0.5987289669173054,0.9896829844154362,9.836797590363488e-05,2.4,1.7,2.4,50.4,40.8,50.4,1.0,1.0,1.0,1.0
persistence,high_to_low,3,0,10,0.4424372254546805,0.4424372254546805,0.9775317238789661,0.5351830570181969,1.4,1.4,2.1,50.4,50.4,45.6,0.4,0.6,0.2,0.0
persistence,high_to_low,3,3,10,0.5835694765705195,0.4729429721044265,0.974163243844625,0.3915410333456272,1.6,1.5,2.1,50.4,50.4,48.0,0.4,0.5,0.2,0.06875
persistence,high_to_low,3,6,10,0.5466852488783098,0.46035628397734063,0.9753546360061833,0.4297501408704628,1.5,1.5,2.1,48.0,45.6,50.4,0.5,0.7,0.4,0.14166666666666666
persistence,high_to_low,3,9,10,0.6922760142035631,0.5381500652637807,0.9741395416773712,0.2829926462921292,1.6,1.5,2.1,45.6,40.8,50.4,0.5,0.6,0.4,0.23125
persistence,high_to_low,3,12,10,0.6506188500451761,0.6255445657427845,0.9684142180129524,0.31779536796777624,1.5,1.6,2.0,40.8,43.2,55.2,0.5,0.6,0.4,0.3416666666666667
persistence,high_to_low,3,15,10,0.6419687621169484,0.5335706451065577,0.9667142041997676,0.3270740963205762,1.5,1.5,2.0,45.6,48.0,60.0,0.6,0.4,0.2,0.40625
persistence,high_to_low,3,18,10,0.7087476182856145,0.46658083547822987,0.9804128582505358,0.27275108023077227,1.6,1.4,2.1,50.4,45.6,57.6,0.5,0.3,0.2,0.4125
persistence,high_to_low,3,21,10,0.8703577750471141,0.47387726194698787,0.9820144585238083,0.11400496650159386,1.9,1.4,2.1,40.8,43.2,52.8,0.6,0.3,0.2,0.6270833333333334
persistence,high_to_low,3,24,10,0.831659677137211,0.48619501329197695,0.9739894058781523,0.14499209073486474,1.7,1.4,2.1,40.8,40.8,50.4,0.6,0.5,0.4,0.6833333333333333
persistence,high_to_low,3,27,10,0.8565685943329923,0.582343767821143,0.9768921886300699,0.12164425482336742,1.7,1.5,2.3,45.6,45.6,55.2,0.5,0.5,0.4,0.68125
persistence,high_to_low,3,30,10,0.886707937094072,0.6304412543840081,0.9729578832801076,0.09183193954095127,1.7,1.5,2.2,43.2,52.8,55.2,0.5,0.4,0.2,0.75
persistence,high_to_low,3,33,10,0.9144713102286477,0.6273298791712345,0.9788044856901408,0.06433317546149303,1.8,1.5,2.2,43.2,62.4,48.0,0.6,0.8,0.5,0.775
persistence,high_to_low,3,36,10,0.894876774180023,0.5651587107041623,0.9677268070153067,0.07598413056714554,1.7,1.5,2.1,38.4,55.2,48.0,0.6,0.6,0.5,0.85
persistence,high_to_low,3,39,10,0.9144775379421226,0.5466881536419202,0.9688142976089678,0.05676991215961628,1.8,1.5,2.1,45.6,52.8,48.0,0.7,0.8,0.7,0.7979166666666666
persistence,high_to_low,3,42,10,0.9055567693665362,0.5736855309915116,0.9647467660402121,0.0671674028150901,1.7,1.5,2.0,38.4,52.8,48.0,0.7,0.5,0.5,0.875
persistence,high_to_low,3,45,10,0.9470048854025356,0.5819011364105393,0.952954734558906,0.022884680516627044,2.0,1.6,1.9,43.2,57.6,52.8,0.9,0.6,0.5,0.875
persistence,high_to_low,3,48,10,0.9445732998727824,0.5623537324031163,0.9673864176553044,0.0377224637872053,1.9,1.5,2.1,48.0,50.4,52.8,0.6,0.6,0.4,0.8333333333333333
persistence,high_to_low,3,51,10,0.9562457695866055,0.6108595204329657,0.97005496697336,0.034033088772193965,1.8,1.6,2.0,40.8,57.6,48.0,0.8,0.6,0.4,0.9125
persistence,high_to_low,3,54,10,0.9419730620874303,0.6261909147041692,0.9477301563564329,0.012058642049438083,1.8,1.6,1.8,45.6,55.2,45.6,1.0,0.8,0.8,0.9
persistence,high_to_low,3,57,10,0.952510925233477,0.6305400524958674,0.9581710436809139,0.014378732643485315,1.8,1.6,1.9,43.2,60.0,50.4,0.9,0.8,0.7,0.9166666666666666
persistence,high_to_low,3,60,10,0.9551078455446872,0.6547900571375266,0.971719273036531,0.02868230656396157,1.8,1.6,2.0,43.2,55.2,50.4,0.8,0.8,0.6,0.9333333333333333
persistence,high_to_low,3,63,10,0.9596592756992587,0.6313631498180431,0.9590122062143946,0.007219676164960331,1.9,1.6,1.9,52.8,52.8,52.8,1.0,0.8,0.8,0.925
persistence,high_to_low,3,66,10,0.9518622996919961,0.6915139464444733,0.9506901155282741,0.004646939095807157,1.8,1.5,1.8,50.4,43.2,52.8,1.0,0.7,0.7,0.9583333333333334
persistence,high_to_low,3,69,10,0.9670445562190266,0.6214310295858081,0.9515854752420901,0.017058004355101776,1.8,1.4,1.7,38.4,38.4,48.0,0.9,0.7,0.6,0.9958333333333333
persistence,high_to_low,3,72,10,0.9776192750593898,0.6879498995395805,0.9718606629598107,0.006974314107330548,1.9,1.5,2.0,33.6,38.4,48.0,0.9,0.6,0.6,1.0
persistence,high_to_low,3,75,10,0.9773781665789617,0.7137825186768947,0.9735237884697157,0.0045284208728773034,1.9,1.7,2.0,38.4,48.0,45.6,0.9,0.7,0.7,1.0
persistence,high_to_low,3,78,10,0.9801704852429717,0.5901960835924098,0.9794622414059149,0.002160771922812632,2.0,1.6,2.1,38.4,48.0,40.8,0.9,0.9,0.9,1.0
persistence,high_to_low,3,81,10,0.9761816841402293,0.5676597567532672,0.9737542310116799,0.003361588710831598,2.0,1.6,2.1,45.6,40.8,55.2,0.9,0.6,0.6,1.0
persistence,high_to_low,3,84,10,0.9764885341709469,0.6104175019623821,0.9761621209221957,0.0016585417526276181,2.0,1.7,2.0,45.6,45.6,48.0,1.0,0.7,0.7,1.0
persistence,high_to_low,3,87,10,0.9746350102355787,0.5964494305849777,0.9741616584151046,0.0011197152008237676,2.1,1.7,2.1,50.4,50.4,52.8,1.0,0.9,0.9,1.0
persistence,high_to_low,3,90,10,0.973718107277332,0.5495730366198768,0.973295642587186,0.0014763392125369257,2.1,1.6,2.1,40.8,48.0,45.6,1.0,0.8,0.8,1.0
persistence,high_to_low,3,93,10,0.9700221546031356,0.6468387360417454,0.9731721687292707,0.005218170645978626,1.9,1.6,2.0,38.4,43.2,40.8,0.9,0.9,0.8,1.0
persistence,high_to_low,3,96,10,0.9693875671952276,0.6551549214585364,0.9701062840058349,0.0016513739598765676,1.9,1.6,1.9,48.0,45.6,45.6,1.0,0.8,0.8,1.0
persistence,high_to_low,3,99,10,0.9656966208302376,0.686398683861377,0.965748382489697,0.00027604228131014044,2.0,1.6,2.0,48.0,38.4,48.0,1.0,1.0,1.0,1.0
persistence,high_to_low,3,102,10,0.9830114365428143,0.6794567162778874,0.9831207062189241,0.00034528868531630286,2.2,1.7,2.2,52.8,40.8,52.8,1.0,1.0,1.0,1.0
persistence,high_to_low,3,105,10,0.953047321098863,0.6623651865174188,0.9529474266377835,0.0003332137877599006,2.0,1.7,2.0,48.0,48.0,48.0,1.0,1.0,1.0,1.0
persistence,high_to_low,3,108,10,0.9845722542982467,0.5776722622010884,0.9820498719685851,0.005362948572349579,2.5,1.6,2.4,60.0,45.6,55.2,0.9,0.8,0.8,1.0
persistence,high_to_low,3,111,10,0.924630005168116,0.5746610954958234,0.9246081125215616,0.0001088471062793972,2.3,1.8,2.3,52.8,52.8,52.8,1.0,1.0,1.0,1.0
persistence,high_to_low,3,114,10,0.9184595703412054,0.6409668309306303,0.9181281027107986,0.0004623328497104895,2.3,1.8,2.3,62.4,45.6,62.4,1.0,1.0,1.0,1.0
persistence,high_to_low,3,117,10,0.9788799141364131,0.6436314553744338,0.9787285987174131,0.00026739811951776994,2.4,1.7,2.4,60.0,45.6,60.0,1.0,1.0,1.0,1.0
persistence,high_to_low,6,0,10,0.7801464744041439,0.7801464744041439,0.9742467476080174,0.19967348210060848,1.7,1.7,2.1,45.6,45.6,50.4,0.5,0.7,0.5,0.0
persistence,high_to_low,6,3,10,0.7608560589030804,0.7603063760732229,0.9722272286055593,0.22099346161592487,1.6,1.6,2.1,45.6,45.6,48.0,0.6,0.6,0.3,0.08125
persistence,high_to_low,6,6,10,0.8559479907006114,0.7599586332329903,0.9752131043840258,0.12178280350440258,1.7,1.8,2.1,40.8,43.2,45.6,0.6,0.5,0.5,0.17916666666666664
persistence,high_to_low,6,9,10,0.879688461441102,0.8559845605377768,0.9767598364004655,0.09860755259906566,1.8,1.8,2.1,48.0,50.4,45.6,0.7,0.4,0.4,0.225
persistence,high_to_low,6,12,10,0.8984122993277491,0.8676716934566724,0.9669737589239051,0.07136393931590705,1.8,1.8,2.0,43.2,40.8,48.0,0.8,0.7,0.6,0.3333333333333333
persistence,high_to_low,6,15,10,0.8990337043156501,0.7729626110256997,0.9693719811573065,0.07074755494611035,1.9,1.7,2.0,48.0,40.8,55.2,0.9,0.5,0.5,0.375
persistence,high_to_low,6,18,10,0.9081826726740163,0.5822614081928019,0.9699041000300946,0.06413154090781638,1.9,1.6,2.0,43.2,45.6,57.6,0.9,0.5,0.5,0.5
persistence,high_to_low,6,21,10,0.8889890876895936,0.6009527406882004,0.9785348101082356,0.0912646164624552,1.8,1.6,2.1,55.2,43.2,55.2,0.7,0.5,0.3,0.4520833333333334
persistence,high_to_low,6,24,10,0.8965382515921828,0.7075997321115111,0.9815746084319521,0.09012823328455126,1.8,1.7,2.2,50.4,45.6,50.4,0.7,0.5,0.4,0.5833333333333333
persistence,high_to_low,6,27,10,0.8984298555949188,0.7088455251565395,0.9740860102475967,0.09686771328136536,1.8,1.8,2.3,48.0,48.0,55.2,0.6,0.4,0.3,0.6625
persistence,high_to_low,6,30,10,0.8720219812412398,0.7471653475122064,0.9770116187994894,0.12311923610899131,1.7,1.8,2.2,50.4,48.0,52.8,0.5,0.6,0.3,0.6541666666666667
persistence,high_to_low,6,33,10,0.9172037732232585,0.7496103344840461,0.9635108338314131,0.06744023248249767,1.8,1.7,2.1,50.4,55.2,45.6,0.7,0.5,0.4,0.6979166666666666
persistence,high_to_low,6,36,10,0.9041037062146513,0.731358915384692,0.968331997951462,0.06631679468865284,1.8,1.7,2.1,38.4,50.4,45.6,0.7,0.8,0.6,0.85
persistence,high_to_low,6,39,10,0.913448066383966,0.6420366746586968,0.9681409140082099,0.05899110428621383,1.8,1.6,2.1,40.8,48.0,45.6,0.7,0.8,0.6,0.84375
persistence,high_to_low,6,42,10,0.9191646106869019,0.6302712618659523,0.9693981579702683,0.053104349816866944,1.8,1.6,2.1,40.8,45.6,45.6,0.7,0.9,0.7,0.8625
persistence,high_to_low,6,45,10,0.9541048467545064,0.7545413150856568,0.9537494768642528,0.036847774064489316,1.9,1.7,1.9,48.0,50.4,45.6,0.8,0.7,0.7,0.8125
persistence,high_to_low,6,48,10,0.936382637426453,0.7040177075224667,0.9550804237123567,0.0251136821873309,1.9,1.6,2.0,43.2,43.2,48.0,0.7,0.4,0.3,0.9
persistence,high_to_low,6,51,10,0.9523077328400793,0.6560405893318386,0.9542010578207607,0.0330765557315081,1.9,1.6,1.9,43.2,60.0,43.2,0.8,0.5,0.4,0.9125
persistence,high_to_low,6,54,10,0.9587699879306959,0.7152730266823247,0.9606691877978497,0.025578286386343352,1.8,1.6,1.9,38.4,62.4,40.8,0.9,0.9,0.8,0.925
persistence,high_to_low,6,57,10,0.9478010553380388,0.7727612213180299,0.9495499287631064,0.010167379190140791,1.8,1.6,1.8,43.2,62.4,43.2,1.0,1.0,1.0,0.9166666666666666
persistence,high_to_low,6,60,10,0.9538906177014834,0.7973702878102282,0.97158702072184,0.030503180679500686,1.8,1.6,2.0,40.8,62.4,50.4,0.8,0.8,0.7,0.95
persistence,high_to_low,6,63,10,0.9564717405695424,0.797496386100507,0.9568055759330598,0.016148383046517233,1.8,1.6,1.9,40.8,64.8,48.0,0.9,0.8,0.8,0.9625
persistence,high_to_low,6,66,10,0.9497082642003253,0.7792808430123876,0.9547745759863042,0.01233514496099436,1.8,1.6,1.9,50.4,57.6,50.4,0.9,0.7,0.7,0.9583333333333334
persistence,high_to_low,6,69,10,0.9501903446943724,0.8029073051810313,0.9574657459488168,0.009897114026468756,1.8,1.6,1.9,45.6,62.4,52.8,0.9,0.6,0.6,0.9916666666666668
persistence,high_to_low,6,72,10,0.971994330845806,0.8259921899659368,0.9708241288743885,0.008225521955756755,2.0,1.6,2.0,48.0,57.6,48.0,1.0,0.5,0.5,1.0
persistence,high_to_low,6,75,10,0.9719430089873053,0.7974566389513355,0.9689060489949828,0.006548440680058276,1.9,1.6,2.0,40.8,40.8,52.8,0.9,0.5,0.5,1.0
persistence,high_to_low,6,78,10,0.9771466065606453,0.8355533315350879,0.9727875445894151,0.005710487923279428,2.0,1.8,2.2,40.8,50.4,50.4,0.8,0.6,0.6,1.0
persistence,high_to_low,6,81,10,0.9783590676088917,0.8119617653271458,0.9790168485808817,0.005868528723564748,2.0,1.8,2.2,40.8,45.6,45.6,0.8,0.8,0.7,1.0
persistence,high_to_low,6,84,10,0.9742557246910319,0.743491334775729,0.9743631317249761,0.0016295720496361855,2.0,1.8,2.1,50.4,43.2,55.2,0.9,0.8,0.8,1.0
persistence,high_to_low,6,87,10,0.9726081577850108,0.8509329669352432,0.9721155680161923,0.0009741228402857183,2.0,1.9,2.0,52.8,45.6,55.2,1.0,0.9,0.9,1.0
persistence,high_to_low,6,90,10,0.9671237392857257,0.8277836851056026,0.9670790387184043,0.0015135317626121525,2.0,1.9,2.0,50.4,50.4,50.4,1.0,0.8,0.8,1.0
persistence,high_to_low,6,93,10,0.9654725100231781,0.6648455644804543,0.9673417943855913,0.004818104359558695,2.0,1.7,2.1,45.6,55.2,50.4,0.9,0.8,0.7,1.0
persistence,high_to_low,6,96,10,0.9649429713601286,0.7624080281854981,0.9688269212186181,0.0041326171139438594,1.9,1.7,2.0,52.8,55.2,52.8,0.9,1.0,0.9,1.0
persistence,high_to_low,6,99,10,0.9633368679060323,0.737848388275313,0.9676710374410075,0.004721455394320495,1.9,1.7,2.0,50.4,52.8,50.4,0.9,1.0,0.9,1.0
persistence,high_to_low,6,102,10,0.9787823392898005,0.7389529760498845,0.983177939265697,0.004659513393377457,2.0,1.7,2.1,52.8,52.8,52.8,0.9,1.0,0.9,1.0
persistence,high_to_low,6,105,10,0.9773476539448194,0.7413817793309239,0.9775300451122145,0.0004321208192477055,2.2,1.8,2.2,60.0,45.6,60.0,1.0,1.0,1.0,1.0
persistence,high_to_low,6,108,10,0.9849518291537119,0.7406872119422184,0.9849240289842381,0.00040990451379663284,2.4,1.8,2.4,57.6,45.6,57.6,1.0,1.0,1.0,1.0
persistence,high_to_low,6,111,10,0.9883857468027566,0.8419812018960178,0.9886778142488513,0.0008705582847323035,2.5,2.1,2.5,55.2,50.4,52.8,1.0,0.9,0.9,1.0
persistence,high_to_low,6,114,10,0.9875404840166851,0.8360759147562398,0.9861196410305759,0.0014406299768097708,2.5,2.2,2.5,57.6,57.6,60.0,1.0,0.9,0.9,1.0
persistence,high_to_low,12,0,10,0.891448947554084,0.891448947554084,0.9667476000237812,0.09413159553980102,2.1,2.1,2.1,57.6,57.6,57.6,0.8,0.6,0.5,0.0
persistence,high_to_low,12,3,10,0.8551061529913181,0.8545119412518426,0.9710577325797161,0.1333669994647397,1.9,1.9,2.1,57.6,57.6,55.2,0.6,0.5,0.4,0.0625
persistence,high_to_low,12,6,10,0.8456178662918159,0.8415466671994205,0.969468557809108,0.13880013062595786,1.8,1.8,2.0,48.0,52.8,45.6,0.6,0.4,0.4,0.15833333333333333
persistence,high_to_low,12,9,10,0.8419141907660208,0.8402586159741319,0.9708007709084654,0.13306579983405387,1.7,1.7,2.1,48.0,48.0,50.4,0.6,0.4,0.4,0.225
persistence,high_to_low,12,12,10,0.8326980532760558,0.8293086135104024,0.9798124667140538,0.15119462943905035,1.8,1.8,2.1,52.8,50.4,50.4,0.7,0.5,0.5,0.26666666666666666
persistence,high_to_low,12,15,10,0.9361040841065809,0.9229477870935409,0.9629430264591188,0.032822270774170825,1.8,1.8,2.0,48.0,50.4,52.8,0.8,0.7,0.7,0.375
persistence,high_to_low,12,18,10,0.9475196195626087,0.9395072028079554,0.9665495956504195,0.023098615345638118,1.8,1.8,2.0,50.4,48.0,50.4,0.8,0.4,0.4,0.4125
persistence,high_to_low,12,21,10,0.9486538938100637,0.939200771126439,0.9663314344546027,0.021875294344388764,1.8,1.8,2.0,50.4,48.0,55.2,0.8,0.3,0.3,0.48125
persistence,high_to_low,12,24,10,0.9515546339129985,0.8398532956645907,0.9661642017865084,0.021320808201278473,1.8,1.7,2.0,48.0,48.0,57.6,0.8,0.3,0.3,0.6
persistence,high_to_low,12,27,10,0.9494864694866296,0.9312547189945034,0.9608015472288256,0.019352936722013946,1.8,1.8,2.1,50.4,48.0,52.8,0.8,0.3,0.3,0.61875
persistence,high_to_low,12,30,10,0.8516092610970813,0.8366191076679769,0.9608849243742977,0.11404798180753553,1.7,1.7,2.0,55.2,55.2,57.6,0.7,0.3,0.3,0.5958333333333334
persistence,high_to_low,12,33,10,0.895130608035638,0.7348139796172692,0.9544501526924618,0.0854849119702269,1.8,1.7,2.0,62.4,55.2,52.8,0.8,0.4,0.4,0.55
persistence,high_to_low,12,36,10,0.9124026610178688,0.7820345300259126,0.9556854979944498,0.06895018904341745,1.8,1.7,2.0,62.4,60.0,50.4,0.8,0.6,0.4,0.6
persistence,high_to_low,12,39,10,0.9207006554785984,0.8817826247915705,0.9628188136856825,0.056910421252980715,1.8,1.8,2.1,57.6,60.0,45.6,0.7,0.5,0.3,0.6875
persistence,high_to_low,12,42,10,0.9407604195519907,0.846682123267464,0.9654577283344585,0.029889755672378938,1.9,1.8,2.1,45.6,52.8,43.2,0.8,0.7,0.6,0.8375
persistence,high_to_low,12,45,10,0.9434156895258795,0.7519669738759087,0.965881109062709,0.03159754712698232,1.9,1.7,2.1,43.2,52.8,48.0,0.8,0.6,0.5,0.875
persistence,high_to_low,12,48,10,0.9517986739277132,0.7504584435505481,0.9851024802305419,0.03994726601510203,1.9,1.7,2.2,36.0,50.4,50.4,0.7,0.6,0.6,0.9333333333333332
persistence,high_to_low,12,51,10,0.9535384997083453,0.7065038524641498,0.9573098642220094,0.03192598790174582,1.9,1.6,1.9,40.8,55.2,38.4,0.8,0.8,0.8,0.9125
persistence,high_to_low,12,54,10,0.9489005751091792,0.7196283094330675,0.9583798614269426,0.0282900184184115,1.8,1.6,2.0,36.0,50.4,40.8,0.8,0.8,0.7,0.95
persistence,high_to_low,12,57,10,0.922720645749347,0.7042548229765667,0.9197219385190106,0.021704973763152856,1.7,1.6,1.7,36.0,55.2,38.4,1.0,0.9,0.9,0.9583333333333334
persistence,high_to_low,12,60,10,0.9290723928585333,0.726159781192573,0.9243713221251244,0.01667815755396469,1.7,1.6,1.7,36.0,57.6,38.4,1.0,0.9,0.9,0.9666666666666668
persistence,high_to_low,12,63,10,0.9351710385270836,0.8216090913459357,0.9541512737473961,0.029217789908961955,1.7,1.6,1.9,36.0,52.8,40.8,0.8,0.8,0.7,0.975
persistence,high_to_low,12,66,10,0.9419873924618123,0.8404116255420666,0.9595209825594766,0.028239974600921137,1.7,1.6,1.9,36.0,55.2,43.2,0.8,0.8,0.7,0.9833333333333334
persistence,high_to_low,12,69,10,0.9616881481737316,0.9189853334655883,0.9590647392272524,0.00964823010999637,1.9,1.7,1.9,48.0,55.2,43.2,1.0,0.7,0.7,0.9833333333333334
persistence,high_to_low,12,72,10,0.9535591540328529,0.9043059904666523,0.9538836423387689,0.006771221823820117,1.9,1.7,1.9,52.8,50.4,50.4,1.0,0.6,0.6,1.0
persistence,high_to_low,12,75,10,0.9652975862092695,0.9002617742436293,0.9543457615932193,0.017641364614550414,2.0,1.7,1.9,52.8,55.2,50.4,0.9,0.7,0.7,1.0
persistence,high_to_low,12,78,10,0.9669202319290824,0.9100900354524339,0.9564712595356605,0.015368919123146784,2.0,1.8,1.9,52.8,50.4,45.6,0.9,0.8,0.8,1.0
persistence,high_to_low,12,81,10,0.9724908303960126,0.9311705615658857,0.960936341413104,0.013456548137065816,2.0,1.8,1.9,45.6,50.4,48.0,0.9,0.7,0.7,1.0
persistence,high_to_low,12,84,10,0.9715155328118481,0.9582777149692291,0.9686219997095492,0.005143560395018609,2.0,1.9,2.2,48.0,48.0,57.6,0.8,0.6,0.6,1.0
persistence,high_to_low,12,87,10,0.9721042529695794,0.914509160168692,0.9711496784067049,0.0032195119554247476,2.0,1.8,2.1,48.0,48.0,55.2,0.9,0.7,0.7,1.0
persistence,high_to_low,12,90,10,0.9695894319093945,0.870541701880688,0.9688098930793817,0.002122526966539495,2.0,1.8,2.0,52.8,45.6,57.6,1.0,0.8,0.8,1.0
persistence,high_to_low,12,93,10,0.9498303079807284,0.9196862473480397,0.9488279716943561,0.0018244605481037902,1.8,1.9,1.8,48.0,45.6,55.2,1.0,0.7,0.7,1.0
persistence,high_to_low,12,96,10,0.9686834838057672,0.9368596536979901,0.9650646369946818,0.003627207518953146,2.1,1.9,2.1,48.0,45.6,55.2,1.0,0.8,0.8,1.0
persistence,high_to_low,12,99,10,0.9609598076161087,0.8328512060369311,0.9641943806847932,0.0035687189051419434,1.9,1.8,2.0,52.8,52.8,52.8,0.9,1.0,0.9,1.0
persistence,high_to_low,12,102,10,0.9659451149602136,0.8161142696158663,0.9696104891044047,0.004005228464700805,1.9,1.8,2.0,48.0,52.8,48.0,0.9,1.0,0.9,1.0
persistence,high_to_low,12,105,10,0.9801232062931111,0.7867803802426016,0.9844664584322407,0.004393472377320307,2.1,1.8,2.2,48.0,52.8,48.0,0.9,1.0,0.9,1.0
persistence,high_to_low,12,108,10,0.9896276315839551,0.8851135348350205,0.9866633154487843,0.0031445959461611217,2.3,1.9,2.3,45.6,50.4,50.4,1.0,0.8,0.8,1.0
persistence,low_to_high,1,0,10,0.9764676097229354,0.9764676097229354,0.33434521180943944,0.6421223979134959,2.2,2.2,1.3,55.2,55.2,48.0,0.4,0.3,0.2,0.0
persistence,low_to_high,1,3,10,0.9652761562911568,0.9725911590767577,0.3264703381297851,0.6388058181613718,2.3,2.2,1.3,62.4,62.4,33.6,0.2,0.0,0.0,0.05
persistence,low_to_high,1,6,10,0.9361870239823233,0.9755593146343571,0.36973099648954955,0.5664560274927738,2.1,2.4,1.4,50.4,62.4,40.8,0.2,0.2,0.0,0.1375
persistence,low_to_high,1,9,10,0.9496862711902792,0.9661865511696988,0.36259205830055075,0.592530596469345,2.2,2.1,1.5,55.2,48.0,43.2,0.2,0.2,0.1,0.19375
persistence,low_to_high,1,12,10,0.8886708280315098,0.9323792925247151,0.3141726099075463,0.5744982181239635,1.9,1.9,1.3,57.6,52.8,45.6,0.4,0.5,0.4,0.26666666666666666
persistence,low_to_high,1,15,10,0.8306355509917005,0.9415989210183631,0.372525168525088,0.45811038246661245,1.8,1.9,1.4,52.8,50.4,45.6,0.5,0.1,0.0,0.33333333333333337
persistence,low_to_high,1,18,10,0.8890895993571061,0.9282394943767274,0.396049578270751,0.4930400210863549,2.0,1.9,1.3,50.4,48.0,48.0,0.4,0.3,0.2,0.4375
persistence,low_to_high,1,21,10,0.9024194313352935,0.9445551340378987,0.39721000556297703,0.5052094257723164,2.1,2.3,1.3,48.0,55.2,43.2,0.3,0.4,0.3,0.525
persistence,low_to_high,1,24,10,0.8293517306035035,0.9148395537956668,0.3938008428685025,0.435550887735001,2.0,2.1,1.3,40.8,45.6,52.8,0.4,0.3,0.1,0.7166666666666666
persistence,low_to_high,1,27,10,0.8295058438413051,0.9204616940719674,0.49565350044483053,0.3338523433964746,2.1,2.0,1.4,43.2,48.0,50.4,0.5,0.5,0.3,0.7
persistence,low_to_high,1,30,10,0.7943397953267807,0.9436207866367289,0.42447147645531036,0.3698683188714704,1.6,2.0,1.3,38.4,55.2,57.6,0.7,0.3,0.3,0.8083333333333333
persistence,low_to_high,1,33,10,0.7888253338509952,0.9222185249302136,0.49336018335528475,0.34617360908407846,1.7,2.0,1.4,43.2,50.4,57.6,0.7,0.3,0.2,0.775
persistence,low_to_high,1,36,10,0.7737420268686107,0.9029830269323493,0.4578914591007817,0.356600706187557,2.0,2.2,1.4,50.4,52.8,48.0,0.6,0.5,0.4,0.725
persistence,low_to_high,1,39,10,0.681718465945849,0.9320479302671444,0.44208590056299535,0.2993547055010875,1.7,2.0,1.4,48.0,52.8,52.8,0.8,0.8,0.7,0.7708333333333333
persistence,low_to_high,1,42,10,0.6285300551794452,0.9308313317830793,0.46391412615939753,0.18547564260747854,1.4,2.0,1.4,52.8,55.2,52.8,1.0,0.6,0.6,0.7666666666666667
persistence,low_to_high,1,45,10,0.6555342620073848,0.9251303076151199,0.4149002948069932,0.323780536678382,1.5,1.9,1.4,52.8,57.6,43.2,0.7,0.4,0.2,0.825
persistence,low_to_high,1,48,10,0.5388830206319104,0.9300475232070514,0.3728012833825604,0.1660817372493499,1.3,1.9,1.3,50.4,50.4,45.6,1.0,0.2,0.2,0.8666666666666666
persistence,low_to_high,1,51,10,0.5515133068003699,0.9300287308142051,0.3743757761049376,0.1771375306954323,1.6,1.9,1.3,52.8,52.8,43.2,0.8,0.4,0.4,0.8541666666666666
persistence,low_to_high,1,54,10,0.5481569481134547,0.886565080744188,0.42109199333153435,0.12706495478192034,1.4,1.9,1.3,40.8,52.8,43.2,0.9,0.7,0.6,0.95
persistence,low_to_high,1,57,10,0.46518546360194246,0.9382716193868182,0.502335655203554,0.06867036903058345,1.3,1.9,1.6,45.6,48.0,40.8,0.8,0.7,0.7,0.9375
persistence,low_to_high,1,60,10,0.4490744508184923,0.9600418703313224,0.4589140803854391,0.035331388810668565,1.3,2.1,1.5,43.2,45.6,40.8,0.9,0.9,0.9,0.95
persistence,low_to_high,1,63,10,0.41421090894172313,0.9592367770478107,0.4861298159237869,0.0808648677591452,1.3,2.1,1.4,43.2,45.6,40.8,0.9,0.7,0.7,0.9625
persistence,low_to_high,1,66,10,0.48382262621532723,0.9352420959118799,0.48166063450924546,0.003067539824864923,1.4,2.1,1.4,40.8,40.8,40.8,1.0,0.8,0.8,0.9833333333333334
persistence,low_to_high,1,69,10,0.5429827225319119,0.9856368850801271,0.5445580070514708,0.002855714391998926,1.5,2.3,1.5,50.4,48.0,45.6,1.0,0.7,0.7,0.9833333333333334
persistence,low_to_high,1,72,10,0.5493848087874189,0.966752096084598,0.5471230611821684,0.008091338364640266,1.6,2.3,1.5,45.6,57.6,40.8,0.9,0.7,0.6,1.0
persistence,low_to_high,1,75,10,0.5434146263825874,0.9845774586185303,0.5390840170464202,0.005716920549082844,1.6,2.3,1.5,45.6,50.4,45.6,0.9,0.8,0.7,1.0
persistence,low_to_high,1,78,10,0.44054270814434987,0.9760024147484169,0.4391984155095023,0.0018500408320620166,1.5,2.2,1.5,43.2,48.0,50.4,1.0,0.7,0.7,1.0
persistence,low_to_high,1,81,10,0.44906083833462773,0.9695263772799232,0.44910488704833024,0.00045559109175045964,1.5,2.1,1.5,45.6,52.8,48.0,1.0,0.9,0.9,1.0
persistence,low_to_high,1,84,10,0.41547046932296083,0.9618935828237151,0.41564271092419613,0.00019542803811179428,1.4,1.9,1.4,43.2,38.4,45.6,1.0,0.9,0.9,1.0
persistence,low_to_high,1,87,10,0.4700838866407396,0.9597596717494243,0.47053709296874013,0.0007043963430263978,1.4,2.0,1.4,43.2,48.0,40.8,1.0,0.9,0.9,1.0
persistence,low_to_high,1,90,10,0.5547200973543126,0.968164254091306,0.5552468957687172,0.0006977775177481858,1.5,2.1,1.5,38.4,52.8,38.4,1.0,0.8,0.8,1.0
persistence,low_to_high,1,93,10,0.47342339051531795,0.9719455857134616,0.4734099804147852,3.760648945878575e-05,1.4,2.1,1.4,43.2,45.6,43.2,1.0,1.0,1.0,1.0
persistence,low_to_high,1,96,10,0.3375772703796541,0.9736678900852965,0.3375835044707024,7.314410007288477e-06,1.2,2.0,1.2,50.4,45.6,52.8,1.0,0.9,0.9,1.0
persistence,low_to_high,1,99,10,0.3096714754624747,0.9881402478015069,0.3096782318523873,7.118170482200981e-06,1.2,2.1,1.2,52.8,43.2,52.8,1.0,1.0,1.0,1.0
persistence,low_to_high,1,102,10,0.45431204095322986,0.9859606765159385,0.4543091538051639,3.113358564038604e-06,1.4,2.0,1.4,43.2,43.2,43.2,1.0,1.0,1.0,1.0
persistence,low_to_high,1,105,10,0.429958540109984,0.9831393076063943,0.42995914215637854,1.2630909086708275e-06,1.5,2.0,1.5,48.0,48.0,48.0,1.0,1.0,1.0,1.0
persistence,low_to_high,1,108,10,0.5608581663585265,0.9848913475658883,0.5608611887471275,3.0632666763646953e-06,1.6,2.1,1.6,38.4,45.6,38.4,1.0,1.0,1.0,1.0
persistence,low_to_high,1,111,10,0.5644389840931827,0.982779989500919,0.5644016410009793,3.907156757477215e-05,1.7,2.2,1.7,45.6,48.0,45.6,1.0,1.0,1.0,1.0
persistence,low_to_high,1,114,10,0.6144578917215267,0.9675659753242067,0.6147113661407017,0.0002535390442792079,1.7,2.0,1.7,45.6,45.6,43.2,1.0,0.9,0.9,1.0
persistence,low_to_high,1,117,10,0.5984898255432513,0.9896829844154362,0.5987289669173054,0.00023915481507471025,1.7,2.4,1.7,43.2,50.4,40.8,1.0,0.9,0.9,1.0
persistence,low_to_high,3,0,10,0.9775317238789661,0.9775317238789661,0.4424372254546805,0.5351830570181969,2.1,2.1,1.4,45.6,45.6,50.4,0.4,0.6,0.2,0.0
persistence,low_to_high,3,3,10,0.9733667430209643,0.974163243844625,0.4729429721044265,0.5015154927749469,2.1,2.1,1.5,50.4,48.0,50.4,0.5,0.6,0.3,0.07291666666666666
persistence,low_to_high,3,6,10,0.9763280781948225,0.9753546360061833,0.46035628397734063,0.5159863369887339,2.1,2.1,1.5,45.6,50.4,45.6,0.3,0.6,0.3,0.1625
persistence,low_to_high,3,9,10,0.9774506895760213,0.9741395416773712,0.5381500652637807,0.4393006243122407,2.1,2.1,1.5,48.0,50.4,40.8,0.4,0.5,0.3,0.2375
persistence,low_to_high,3,12,10,0.9657458467867966,0.9684142180129524,0.6255445657427845,0.3402012810440122,2.0,2.0,1.6,52.8,55.2,43.2,0.6,0.3,0.2,0.2833333333333333
persistence,low_to_high,3,15,10,0.923810239026559,0.9667142041997676,0.5335706451065577,0.39023959392000124,1.9,2.0,1.5,55.2,60.0,48.0,0.7,0.5,0.3,0.3229166666666667
persistence,low_to_high,3,18,10,0.9542760343333363,0.9804128582505358,0.46658083547822987,0.4887278938493328,2.0,2.1,1.4,60.0,57.6,45.6,0.5,0.1,0.1,0.3375
persistence,low_to_high,3,21,10,0.9721116056277854,0.9820144585238083,0.47387726194698787,0.4982343436807975,2.2,2.1,1.4,48.0,52.8,43.2,0.4,0.3,0.1,0.5541666666666667
persistence,low_to_high,3,24,10,0.9678083028141071,0.9739894058781523,0.48619501329197695,0.48161328952213023,2.2,2.1,1.4,43.2,50.4,40.8,0.4,0.3,0.1,0.6666666666666666
persistence,low_to_high,3,27,10,0.9174838518516687,0.9768921886300699,0.582343767821143,0.33514008403052575,2.0,2.3,1.5,50.4,55.2,45.6,0.6,0.4,0.2,0.59375
persistence,low_to_high,3,30,10,0.8566057119844299,0.9729578832801076,0.6304412543840081,0.22813843541987863,1.7,2.2,1.5,45.6,55.2,52.8,0.8,0.5,0.3,0.7291666666666667
persistence,low_to_high,3,33,10,0.8661965529078687,0.9788044856901408,0.6273298791712345,0.27509765620829213,1.9,2.2,1.5,40.8,48.0,62.4,0.6,0.3,0.2,0.7979166666666666
persistence,low_to_high,3,36,10,0.7990449451121941,0.9677268070153067,0.5651587107041623,0.23388623440803175,1.8,2.1,1.5,45.6,48.0,55.2,0.7,0.2,0.1,0.775
persistence,low_to_high,3,39,10,0.7572979395361533,0.9688142976089678,0.5466881536419202,0.21060978589423307,1.8,2.1,1.5,45.6,48.0,52.8,0.7,0.2,0.2,0.80625
persistence,low_to_high,3,42,10,0.7469137993134024,0.9647467660402121,0.5736855309915116,0.1732282683218907,1.7,2.0,1.5,45.6,48.0,52.8,0.8,0.5,0.5,0.8208333333333334
persistence,low_to_high,3,45,10,0.7332743799074364,0.952954734558906,0.5819011364105393,0.15185173818825518,1.7,1.9,1.6,45.6,52.8,57.6,0.9,0.5,0.5,0.84375
persistence,low_to_high,3,48,10,0.6891519220392076,0.9673864176553044,0.5623537324031163,0.12957235912604165,1.5,2.1,1.5,43.2,52.8,50.4,1.0,0.5,0.5,0.9
persistence,low_to_high,3,51,10,0.6986858142390276,0.97005496697336,0.6108595204329657,0.0888511770501636,1.6,2.0,1.6,57.6,48.0,57.6,1.0,0.6,0.6,0.825
persistence,low_to_high,3,54,10,0.6835680183819702,0.9477301563564329,0.6261909147041692,0.05814250800930011,1.6,1.8,1.6,48.0,45.6,55.2,1.0,0.6,0.6,0.9
persistence,low_to_high,3,57,10,0.6667087224932983,0.9581710436809139,0.6305400524958674,0.0880172957008748,1.5,1.9,1.6,43.2,50.4,60.0,0.9,0.4,0.4,0.9375
persistence,low_to_high,3,60,10,0.6291217005919841,0.971719273036531,0.6547900571375266,0.07006401889183342,1.5,2.0,1.6,45.6,50.4,55.2,0.9,0.7,0.7,0.9333333333333333
persistence,low_to_high,3,63,10,0.6143601327122467,0.9590122062143946,0.6313631498180431,0.060764056217207194,1.5,1.9,1.6,45.6,52.8,52.8,0.9,0.8,0.8,0.9625
persistence,low_to_high,3,66,10,0.6841293171799203,0.9506901155282741,0.6915139464444733,0.034720870747614596,1.5,1.8,1.5,50.4,52.8,43.2,1.0,0.8,0.8,0.975
persistence,low_to_high,3,69,10,0.6277149995177698,0.9515854752420901,0.6214310295858081,0.010812408301594422,1.4,1.7,1.4,50.4,48.0,38.4,1.0,0.7,0.7,0.9833333333333334
persistence,low_to_high,3,72,10,0.6986414802714781,0.9718606629598107,0.6879498995395805,0.01137954015090395,1.5,2.0,1.5,43.2,48.0,38.4,1.0,0.7,0.7,1.0
persistence,low_to_high,3,75,10,0.7160294634088298,0.9735237884697157,0.7137825186768947,0.005064497314238181,1.6,2.0,1.7,45.6,45.6,48.0,0.9,0.5,0.4,1.0
persistence,low_to_high,3,78,10,0.592078325607758,0.9794622414059149,0.5901960835924098,0.002974978858460467,1.6,2.1,1.6,38.4,40.8,48.0,1.0,0.7,0.7,1.0
persistence,low_to_high,3,81,10,0.567673529293606,0.9737542310116799,0.5676597567532672,0.0003602377304296023,1.6,2.1,1.6,40.8,55.2,40.8,1.0,1.0,1.0,1.0
persistence,low_to_high,3,84,10,0.6102140088055265,0.9761621209221957,0.6104175019623821,0.0004633257182172695,1.6,2.0,1.7,45.6,48.0,45.6,0.9,1.0,0.9,1.0
persistence,low_to_high,3,87,10,0.5946361846181925,0.9741616584151046,0.5964494305849777,0.003745470105855466,1.6,2.1,1.7,43.2,52.8,50.4,0.9,0.7,0.6,1.0
persistence,low_to_high,3,90,10,0.5487415409997847,0.973295642587186,0.5495730366198768,0.002162593836233706,1.5,2.1,1.6,45.6,45.6,48.0,0.9,0.9,0.8,1.0
persistence,low_to_high,3,93,10,0.6499767721208815,0.9731721687292707,0.6468387360417454,0.0033729671960206252,1.6,2.0,1.6,45.6,40.8,43.2,1.0,0.8,0.8,1.0
persistence,low_to_high,3,96,10,0.6583402098815744,0.9701062840058349,0.6551549214585364,0.0032786578445085724,1.6,1.9,1.6,45.6,45.6,45.6,1.0,0.7,0.7,1.0
persistence,low_to_high,3,99,10,0.6864720712534579,0.965748382489697,0.686398683861377,0.00017114830842802076,1.6,2.0,1.6,38.4,48.0,38.4,1.0,1.0,1.0,1.0
persistence,low_to_high,3,102,10,0.6795351955542808,0.9831207062189241,0.6794567162778874,8.30063865166729e-05,1.7,2.2,1.7,38.4,52.8,40.8,1.0,0.9,0.9,1.0
persistence,low_to_high,3,105,10,0.6623924136097654,0.9529474266377835,0.6623651865174188,3.5007163772626806e-05,1.7,2.0,1.7,48.0,48.0,48.0,1.0,1.0,1.0,1.0
persistence,low_to_high,3,108,10,0.5776394514435146,0.9820498719685851,0.5776722622010884,3.302294090372291e-05,1.6,2.4,1.6,43.2,55.2,45.6,1.0,0.9,0.9,1.0
persistence,low_to_high,3,111,10,0.5746756518027873,0.9246081125215616,0.5746610954958234,1.6038616869292624e-05,1.8,2.3,1.8,50.4,52.8,52.8,1.0,0.9,0.9,1.0
persistence,low_to_high,3,114,10,0.6409753088972818,0.9181281027107986,0.6409668309306303,8.576165766401725e-06,1.8,2.3,1.8,43.2,62.4,45.6,1.0,0.9,0.9,1.0
persistence,low_to_high,3,117,10,0.643628653705701,0.9787285987174131,0.6436314553744338,2.9309327092851085e-06,1.7,2.4,1.7,43.2,60.0,45.6,1.0,0.9,0.9,1.0
persistence,low_to_high,6,0,10,0.9742467476080174,0.9742467476080174,0.7801464744041439,0.19967348210060848,2.1,2.1,1.7,50.4,50.4,45.6,0.5,0.7,0.5,0.0
persistence,low_to_high,6,3,10,0.9725720558067596,0.9722272286055593,0.7603063760732229,0.22196110536504357,2.0,2.1,1.6,43.2,48.0,45.6,0.7,0.7,0.4,0.08333333333333333
persistence,low_to_high,6,6,10,0.9772377840324913,0.9752131043840258,0.7599586332329903,0.21897083954553453,2.2,2.1,1.8,45.6,45.6,43.2,0.6,0.6,0.5,0.1625
persistence,low_to_high,6,9,10,0.978445186636091,0.9767598364004655,0.8559845605377768,0.12246091741644953,2.1,2.1,1.8,40.8,45.6,50.4,0.7,0.4,0.4,0.26875
persistence,low_to_high,6,12,10,0.9685170822862343,0.9669737589239051,0.8676716934566724,0.10245007387795875,2.0,2.0,1.8,45.6,48.0,40.8,0.8,0.6,0.6,0.3416666666666667
persistence,low_to_high,6,15,10,0.9670650365737833,0.9693719811573065,0.7729626110256997,0.19519739470188144,2.0,2.0,1.7,55.2,55.2,40.8,0.7,0.4,0.4,0.32291666666666663
persistence,low_to_high,6,18,10,0.9650352840741979,0.9699041000300946,0.5822614081928019,0.38547092437164976,2.0,2.0,1.6,60.0,57.6,45.6,0.7,0.3,0.3,0.3375
persistence,low_to_high,6,21,10,0.9663478655842731,0.9785348101082356,0.6009527406882004,0.36539512489607273,2.1,2.1,1.6,57.6,55.2,43.2,0.7,0.5,0.4,0.4083333333333333
persistence,low_to_high,6,24,10,0.9728846641087833,0.9815746084319521,0.7075997321115111,0.26627852917883976,2.2,2.2,1.7,43.2,50.4,45.6,0.6,0.5,0.4,0.7
persistence,low_to_high,6,27,10,0.9681882263954599,0.9740860102475967,0.7088455251565395,0.2620005586376451,2.3,2.3,1.8,48.0,55.2,48.0,0.6,0.6,0.3,0.6125
persistence,low_to_high,6,30,10,0.9662268234907299,0.9770116187994894,0.7471653475122064,0.22365781872968044,2.2,2.2,1.8,55.2,52.8,48.0,0.6,0.6,0.5,0.5958333333333333
persistence,low_to_high,6,33,10,0.9690815690377164,0.9635108338314131,0.7496103344840461,0.2201973680327109,2.2,2.1,1.7,52.8,45.6,55.2,0.5,0.7,0.5,0.6666666666666666
persistence,low_to_high,6,36,10,0.8986028136443103,0.968331997951462,0.731358915384692,0.17737713439458216,2.0,2.1,1.7,50.4,45.6,50.4,0.7,0.7,0.5,0.725
persistence,low_to_high,6,39,10,0.8462528486942841,0.9681409140082099,0.6420366746586968,0.20840669884156465,1.9,2.1,1.6,57.6,45.6,48.0,0.7,0.6,0.5,0.6958333333333333
persistence,low_to_high,6,42,10,0.8464368697569412,0.9693981579702683,0.6302712618659523,0.2207687806661886,1.9,2.1,1.6,55.2,45.6,45.6,0.7,0.4,0.3,0.7541666666666667
persistence,low_to_high,6,45,10,0.8228472871380283,0.9537494768642528,0.7545413150856568,0.1442774056453769,1.7,1.9,1.7,43.2,45.6,50.4,0.8,0.5,0.5,0.875
persistence,low_to_high,6,48,10,0.822336180816922,0.9550804237123567,0.7040177075224667,0.11905308162956743,1.7,2.0,1.6,57.6,48.0,43.2,0.9,0.4,0.4,0.8333333333333333
persistence,low_to_high,6,51,10,0.8053137784510914,0.9542010578207607,0.6560405893318386,0.15035373494373772,1.6,1.9,1.6,55.2,43.2,60.0,1.0,0.7,0.7,0.825
persistence,low_to_high,6,54,10,0.8263534331498121,0.9606691877978497,0.7152730266823247,0.11117091429122654,1.6,1.9,1.6,50.4,40.8,62.4,1.0,0.6,0.6,0.9
persistence,low_to_high,6,57,10,0.8214848409036388,0.9495499287631064,0.7727612213180299,0.04872361958560891,1.6,1.8,1.6,52.8,43.2,62.4,1.0,0.7,0.7,0.9166666666666666
persistence,low_to_high,6,60,10,0.8358721966978537,0.97158702072184,0.7973702878102282,0.05133168902565564,1.6,2.0,1.6,52.8,50.4,62.4,1.0,0.7,0.7,0.9333333333333333
persistence,low_to_high,6,63,10,0.8294369074416303,0.9568055759330598,0.797496386100507,0.04449986439423358,1.6,1.9,1.6,57.6,48.0,64.8,1.0,0.7,0.7,0.9375
persistence,low_to_high,6,66,10,0.8031421311634717,0.9547745759863042,0.7792808430123876,0.042085287589920584,1.6,1.9,1.6,52.8,50.4,57.6,1.0,0.8,0.8,0.9583333333333334
persistence,low_to_high,6,69,10,0.817102119212187,0.9574657459488168,0.8029073051810313,0.01591352613106014,1.6,1.9,1.6,57.6,52.8,62.4,1.0,0.9,0.9,0.975
persistence,low_to_high,6,72,10,0.8337836178241125,0.9708241288743885,0.8259921899659368,0.00908139856155954,1.6,2.0,1.6,50.4,48.0,57.6,1.0,0.8,0.8,1.0
persistence,low_to_high,6,75,10,0.7983324230079275,0.9689060489949828,0.7974566389513355,0.0035184687724800546,1.5,2.0,1.6,48.0,52.8,40.8,0.9,0.8,0.7,1.0
persistence,low_to_high,6,78,10,0.8385213815707704,0.9727875445894151,0.8355533315350879,0.003764890523618167,1.7,2.2,1.8,43.2,50.4,50.4,0.9,0.8,0.7,1.0
persistence,low_to_high,6,81,10,0.813794896608876,0.9790168485808817,0.8119617653271458,0.0019241299426095483,1.7,2.2,1.8,38.4,45.6,45.6,0.9,0.8,0.7,1.0
persistence,low_to_high,6,84,10,0.7453146840589925,0.9743631317249761,0.743491334775729,0.0019043427482296738,1.7,2.1,1.8,38.4,55.2,43.2,0.9,0.8,0.7,1.0
persistence,low_to_high,6,87,10,0.8510467475188234,0.9721155680161923,0.8509329669352432,0.004333403594203652,1.8,2.0,1.9,40.8,55.2,45.6,0.9,0.8,0.7,1.0
persistence,low_to_high,6,90,10,0.8285437408868228,0.9670790387184043,0.8277836851056026,0.0009658906964547208,1.9,2.0,1.9,48.0,50.4,50.4,1.0,0.9,0.9,1.0
persistence,low_to_high,6,93,10,0.7648213442670042,0.9673417943855913,0.6648455644804543,0.10013483542992532,1.8,2.1,1.7,52.8,50.4,55.2,0.9,0.7,0.7,1.0
persistence,low_to_high,6,96,10,0.7625968665807962,0.9688269212186181,0.7624080281854981,0.0005620198557987788,1.7,2.0,1.7,55.2,52.8,55.2,1.0,1.0,1.0,1.0
persistence,low_to_high,6,99,10,0.7382805000068773,0.9676710374410075,0.737848388275313,0.0008064493259038353,1.7,2.0,1.7,52.8,50.4,52.8,1.0,1.0,1.0,1.0
persistence,low_to_high,6,102,10,0.7390096096416412,0.983177939265697,0.7389529760498845,0.0006301560277501949,1.7,2.1,1.7,52.8,52.8,52.8,1.0,1.0,1.0,1.0
persistence,low_to_high,6,105,10,0.7414287098128144,0.9775300451122145,0.7413817793309239,0.00041139122191375944,1.8,2.2,1.8,45.6,60.0,45.6,1.0,1.0,1.0,1.0
persistence,low_to_high,6,108,10,0.7407388986927994,0.9849240289842381,0.7406872119422184,0.000265629610625806,1.8,2.4,1.8,45.6,57.6,45.6,1.0,1.0,1.0,1.0
persistence,low_to_high,6,111,10,0.842237293511577,0.9886778142488513,0.8419812018960178,0.00034803150000800587,2.1,2.5,2.1,50.4,52.8,50.4,1.0,1.0,1.0,1.0
persistence,low_to_high,6,114,10,0.8363114821822617,0.9861196410305759,0.8360759147562398,0.00026502678303512716,2.2,2.5,2.2,57.6,60.0,57.6,1.0,1.0,1.0,1.0
persistence,low_to_high,12,0,10,0.9667476000237812,0.9667476000237812,0.891448947554084,0.09413159553980102,2.1,2.1,2.1,57.6,57.6,57.6,0.8,0.6,0.5,0.0
persistence,low_to_high,12,3,10,0.9715015487079871,0.9710577325797161,0.8545119412518426,0.13502758608656226,2.1,2.1,1.9,50.4,55.2,57.6,0.6,0.5,0.4,0.07291666666666666
persistence,low_to_high,12,6,10,0.9727631399660941,0.969468557809108,0.8415466671994205,0.14288483354686088,2.2,2.0,1.8,50.4,45.6,52.8,0.4,0.6,0.3,0.14583333333333331
persistence,low_to_high,12,9,10,0.9726993709866095,0.9708007709084654,0.8402586159741319,0.13587278498036742,2.2,2.1,1.7,50.4,50.4,48.0,0.5,0.4,0.3,0.21875
persistence,low_to_high,12,12,10,0.980917180126017,0.9798124667140538,0.8293086135104024,0.15337285649819252,2.1,2.1,1.8,45.6,50.4,50.4,0.7,0.5,0.5,0.325
persistence,low_to_high,12,15,10,0.9607166743743283,0.9629430264591188,0.9229477870935409,0.042723659107779186,2.0,2.0,1.8,55.2,52.8,50.4,0.8,0.7,0.7,0.3229166666666667
persistence,low_to_high,12,18,10,0.9666718250662576,0.9665495956504195,0.9395072028079554,0.029290702222408573,2.0,2.0,1.8,48.0,50.4,48.0,0.8,0.6,0.6,0.45
persistence,low_to_high,12,21,10,0.9672300722678713,0.9663314344546027,0.939200771126439,0.02986419772115436,2.0,2.0,1.8,55.2,55.2,48.0,0.8,0.4,0.4,0.4520833333333333
persistence,low_to_high,12,24,10,0.9636966986437674,0.9661642017865084,0.8398532956645907,0.13058526266019915,2.0,2.0,1.7,57.6,57.6,48.0,0.7,0.3,0.3,0.4666666666666667
persistence,low_to_high,12,27,10,0.9606982640382178,0.9608015472288256,0.9312547189945034,0.03388432177919714,2.1,2.1,1.8,52.8,52.8,48.0,0.8,0.4,0.4,0.575
persistence,low_to_high,12,30,10,0.9488150263570679,0.9608849243742977,0.8366191076679769,0.14149449204096815,2.1,2.0,1.7,48.0,57.6,55.2,0.7,0.4,0.3,0.675
persistence,low_to_high,12,33,10,0.9441714840070903,0.9544501526924618,0.7348139796172692,0.24045736826655856,2.2,2.0,1.7,57.6,52.8,55.2,0.6,0.7,0.4,0.6125
persistence,low_to_high,12,36,10,0.9480758397546168,0.9556854979944498,0.7820345300259126,0.1987703190154649,2.0,2.0,1.7,48.0,50.4,60.0,0.7,0.6,0.4,0.75
persistence,low_to_high,12,39,10,0.966022023471478,0.9628188136856825,0.8817826247915705,0.09333988079799868,2.1,2.1,1.8,52.8,45.6,60.0,0.7,0.8,0.7,0.7333333333333333
persistence,low_to_high,12,42,10,0.9059254294023742,0.9654577283344585,0.846682123267464,0.06427558760952068,2.0,2.1,1.8,57.6,43.2,52.8,0.8,0.8,0.7,0.7416666666666667
persistence,low_to_high,12,45,10,0.8246122965806839,0.965881109062709,0.7519669738759087,0.08817433566481364,1.9,2.1,1.7,52.8,48.0,52.8,0.8,0.7,0.6,0.825
persistence,low_to_high,12,48,10,0.8189268024202407,0.9851024802305419,0.7504584435505481,0.1006589030051849,1.7,2.2,1.7,43.2,50.4,50.4,0.8,0.7,0.6,0.9333333333333332
persistence,low_to_high,12,51,10,0.7870691999034017,0.9573098642220094,0.7065038524641498,0.1681207506911821,1.7,1.9,1.6,50.4,38.4,55.2,0.9,0.5,0.5,0.8833333333333334
persistence,low_to_high,12,54,10,0.8012587179790758,0.9583798614269426,0.7196283094330675,0.08636072951094033,1.6,2.0,1.6,45.6,40.8,50.4,1.0,0.5,0.5,0.925
persistence,low_to_high,12,57,10,0.7907662181880758,0.9197219385190106,0.7042548229765667,0.0909749165178652,1.6,1.7,1.6,48.0,38.4,55.2,1.0,0.3,0.3,0.9375
persistence,low_to_high,12,60,10,0.8193428273952661,0.9243713221251244,0.726159781192573,0.1010414605767765,1.6,1.7,1.6,50.4,38.4,57.6,1.0,0.8,0.8,0.9333333333333333
persistence,low_to_high,12,63,10,0.8284154172247536,0.9541512737473961,0.8216090913459357,0.013899562719053123,1.6,1.9,1.6,50.4,40.8,52.8,1.0,0.8,0.8,0.95
persistence,low_to_high,12,66,10,0.8376812620140145,0.9595209825594766,0.8404116255420666,0.011983379423999529,1.6,1.9,1.6,48.0,43.2,55.2,1.0,0.8,0.8,0.9666666666666666
persistence,low_to_high,12,69,10,0.9145700207982103,0.9590647392272524,0.9189853334655883,0.011967704704312155,1.7,1.9,1.7,48.0,43.2,55.2,1.0,0.6,0.6,0.9875
persistence,low_to_high,12,72,10,0.9088887655223065,0.9538836423387689,0.9043059904666523,0.010571888847564848,1.7,1.9,1.7,48.0,50.4,50.4,1.0,0.9,0.9,1.0
persistence,low_to_high,12,75,10,0.9167839043330244,0.9543457615932193,0.9002617742436293,0.01755923403047841,1.7,1.9,1.7,45.6,50.4,55.2,1.0,0.7,0.7,1.0
persistence,low_to_high,12,78,10,0.9119127306373566,0.9564712595356605,0.9100900354524339,0.010274516220602803,1.6,1.9,1.8,45.6,45.6,50.4,0.8,0.9,0.7,1.0
persistence,low_to_high,12,81,10,0.9331244860888237,0.960936341413104,0.9311705615658857,0.006442461290163182,1.7,1.9,1.8,48.0,48.0,50.4,0.9,0.8,0.7,1.0
persistence,low_to_high,12,84,10,0.9350071924382313,0.9686219997095492,0.9582777149692291,0.028528520130859002,1.8,2.2,1.9,50.4,57.6,48.0,0.9,0.6,0.6,1.0
persistence,low_to_high,12,87,10,0.9170969558335346,0.9711496784067049,0.914509160168692,0.0039954139706038115,1.8,2.1,1.8,45.6,55.2,48.0,1.0,0.8,0.8,1.0
persistence,low_to_high,12,90,10,0.8718905784277549,0.9688098930793817,0.870541701880688,0.0014401314714702629,1.8,2.0,1.8,45.6,57.6,45.6,1.0,1.0,1.0,1.0
persistence,low_to_high,12,93,10,0.9205413545836242,0.9488279716943561,0.9196862473480397,0.0011229370981502063,1.9,1.8,1.9,45.6,55.2,45.6,1.0,1.0,1.0,1.0
persistence,low_to_high,12,96,10,0.9407155447355532,0.9650646369946818,0.9368596536979901,0.004101733734894908,2.0,2.1,1.9,50.4,55.2,45.6,0.9,0.9,0.9,1.0
persistence,low_to_high,12,99,10,0.8806203695194718,0.9641943806847932,0.8328512060369311,0.04813552098522221,1.9,2.0,1.8,57.6,52.8,52.8,0.9,0.9,0.9,1.0
persistence,low_to_high,12,102,10,0.8162800549751218,0.9696104891044047,0.8161142696158663,0.00038567711220072187,1.8,2.0,1.8,52.8,48.0,52.8,1.0,1.0,1.0,1.0
persistence,low_to_high,12,105,10,0.7869800506256416,0.9844664584322407,0.7867803802426016,0.0005396222899090364,1.8,2.2,1.8,52.8,48.0,52.8,1.0,1.0,1.0,1.0
persistence,low_to_high,12,108,10,0.8879212428715475,0.9866633154487843,0.8851135348350205,0.002932214482221862,2.0,2.3,1.9,50.4,50.4,50.4,0.9,1.0,0.9,1.0
roughness,high_to_low,1,0,10,0.9344606699651374,0.9344606699651374,0.9626063338011915,0.0899110265910616,2.2,2.2,1.8,43.2,43.2,52.8,0.4,0.5,0.2,0.0
roughness,high_to_low,1,3,10,0.9704615997471556,0.9703997485476694,0.9756915298094262,0.04186677041984025,2.4,2.4,1.9,60.0,60.0,55.2,0.7,0.7,0.5,0.05625
roughness,high_to_low,1,6,10,0.9675412811175746,0.9672292766063306,0.9774874874734077,0.037451584664887586,2.4,2.4,1.9,55.2,55.2,55.2,0.7,0.5,0.3,0.12916666666666668
roughness,high_to_low,1,9,10,0.940092177385675,0.9407281644843873,0.9689986407351002,0.056287553400449095,2.3,2.3,1.6,55.2,52.8,43.2,0.5,0.5,0.3,0.19375
roughness,high_to_low,1,12,10,0.9408047231986801,0.9399671705363216,0.968056066726076,0.05562277208735374,2.3,2.3,1.8,52.8,52.8,52.8,0.7,0.5,0.4,0.2833333333333333
roughness,high_to_low,1,15,10,0.9450162433167326,0.9412609016850493,0.9678411718189313,0.05142785355276482,2.4,2.4,1.8,48.0,48.0,52.8,0.5,0.2,0.2,0.39583333333333337
roughness,high_to_low,1,18,10,0.9336056163470168,0.9366135467464168,0.9753400912392237,0.0767715125015137,2.3,2.3,1.9,45.6,45.6,55.2,0.4,0.3,0.3,0.4875
roughness,high_to_low,1,21,10,0.9259609718458635,0.9203426045356627,0.9785661406475963,0.07831580870684568,2.3,2.3,2.1,55.2,52.8,50.4,0.7,0.4,0.3,0.48125
roughness,high_to_low,1,24,10,0.9247747846988963,0.9175340128935309,0.9333789950347239,0.035343611305688645,2.3,2.3,1.9,50.4,45.6,55.2,0.7,0.5,0.5,0.6166666666666667
roughness,high_to_low,1,27,10,0.8960140060291476,0.8835517798170722,0.9416462230706077,0.04563221704146008,2.1,2.1,1.9,43.2,40.8,55.2,0.8,0.6,0.6,0.725
roughness,high_to_low,1,30,10,0.9355476489881054,0.9204555446647342,0.9639578497694012,0.0586908446701506,2.1,2.3,1.6,43.2,45.6,52.8,0.6,0.3,0.3,0.7666666666666667
roughness,high_to_low,1,33,10,0.9333150004865949,0.9225769608517709,0.9593491694734592,0.06333472888891487,2.2,2.4,1.7,43.2,45.6,52.8,0.6,0.3,0.3,0.7833333333333333
roughness,high_to_low,1,36,10,0.8765164189642789,0.8737571983262372,0.9124940748162669,0.03597785631743184,2.0,2.2,1.8,55.2,50.4,64.8,0.7,0.7,0.5,0.675
roughness,high_to_low,1,39,10,0.8996895385112694,0.8917762519595789,0.9464033962953063,0.06738147585471001,1.9,2.1,1.7,52.8,45.6,64.8,0.6,0.5,0.4,0.7333333333333333
roughness,high_to_low,1,42,10,0.9118874452413189,0.8892430186809601,0.946589652312635,0.053505965579453606,2.0,2.0,1.7,50.4,48.0,62.4,0.7,0.5,0.5,0.7958333333333333
roughness,high_to_low,1,45,10,0.8958022783758345,0.8766044271937738,0.9525163323943948,0.05671405401856019,1.9,2.0,1.7,48.0,43.2,62.4,0.8,0.6,0.6,0.8375
roughness,high_to_low,1,48,10,0.9100485640463829,0.8819176815938482,0.9546613328668258,0.04461360008590594,1.9,1.9,1.7,48.0,50.4,57.6,0.8,0.6,0.6,0.8666666666666666
roughness,high_to_low,1,51,10,0.9096513207240671,0.8832702667841202,0.9529320709219196,0.04826008198634528,1.9,1.9,1.8,50.4,48.0,60.0,0.7,0.4,0.3,0.8833333333333334
roughness,high_to_low,1,54,10,0.8843139946234189,0.8911084806569909,0.9417148538092368,0.08063699838766547,1.9,2.0,1.6,50.4,43.2,57.6,0.7,0.5,0.5,0.9
roughness,high_to_low,1,57,10,0.9207422656683508,0.926937235324466,0.9640933248747128,0.04716593631629791,1.8,2.2,1.6,48.0,45.6,57.6,0.8,0.6,0.5,0.9166666666666666
roughness,high_to_low,1,60,10,0.9497065899679539,0.9235998097972924,0.9757502233398239,0.04370131715990816,2.0,2.2,1.7,48.0,43.2,48.0,0.7,0.5,0.5,0.9333333333333333
roughness,high_to_low,1,63,10,0.9349141512689119,0.9179499163320299,0.9876857937224923,0.05277164245358035,1.9,2.2,1.8,50.4,52.8,48.0,0.7,0.4,0.4,0.9625
roughness,high_to_low,1,66,10,0.9685399016968045,0.9080189042882865,0.9892261445343518,0.02272910795103785,2.1,2.2,1.8,48.0,50.4,45.6,0.8,0.6,0.5,0.975
roughness,high_to_low,1,69,10,0.95560157355326,0.9759245716344574,0.9886872675095679,0.03461816850097976,2.0,2.4,1.8,52.8,50.4,52.8,0.7,0.7,0.6,0.9833333333333334
roughness,high_to_low,1,72,10,0.946017129573811,0.9789197726210679,0.9716395128062238,0.026886574350670732,2.0,2.4,1.7,45.6,48.0,52.8,0.8,0.6,0.6,1.0
roughness,high_to_low,1,75,10,0.9434903375871236,0.979082967498767,0.9737403733965225,0.03296335448388872,1.9,2.4,1.9,45.6,48.0,55.2,0.7,0.5,0.5,1.0
roughness,high_to_low,1,78,10,0.9584042426373479,0.9736774082778241,0.9811973132188496,0.025759744831154376,2.0,2.3,1.8,52.8,45.6,57.6,0.8,0.6,0.5,1.0
roughness,high_to_low,1,81,10,0.9798604127222399,0.9673088996924759,0.9789560136720455,0.013700344339136306,2.2,2.2,1.8,48.0,48.0,55.2,0.7,0.5,0.5,1.0
roughness,high_to_low,1,84,10,0.9860410772405312,0.9527747534801531,0.984547883381334,0.01413163915168678,2.1,2.2,1.8,43.2,48.0,55.2,0.7,0.6,0.5,1.0
roughness,high_to_low,1,87,10,0.987227329351429,0.9647845333852167,0.9870776592714489,0.011040783294810208,2.0,2.2,1.7,43.2,40.8,40.8,0.7,0.8,0.7,1.0
roughness,high_to_low,1,90,10,0.9571049981813893,0.9656896533641074,0.9563859770114387,0.010263985561907408,2.1,2.1,2.0,52.8,36.0,48.0,0.7,0.7,0.5,1.0
roughness,high_to_low,1,93,10,0.9624260460341697,0.9587811997401647,0.9585755196339647,0.00655757139903409,2.0,2.0,1.7,48.0,36.0,40.8,0.7,0.8,0.7,1.0
roughness,high_to_low,1,96,10,0.9896892023055444,0.9601832301201275,0.9668168319231283,0.025728752559633118,2.2,2.0,1.9,57.6,36.0,45.6,0.7,0.7,0.6,1.0
roughness,high_to_low,1,99,10,0.9902562961103832,0.9709023295154562,0.9956882014804316,0.005538176781487714,2.1,2.2,2.2,55.2,38.4,48.0,0.8,0.8,0.8,1.0
roughness,high_to_low,1,102,10,0.9912892417544313,0.9660489328464044,0.9943562506140374,0.007047355421682278,1.9,2.0,1.9,55.2,36.0,45.6,0.7,0.8,0.7,1.0
roughness,high_to_low,1,105,10,0.9875409066273877,0.9566287275962289,0.9973495122636354,0.00992464941208262,1.9,2.2,2.0,55.2,38.4,50.4,0.8,0.9,0.8,1.0
roughness,high_to_low,1,108,10,0.9855652721527637,0.9695384082938505,0.9961864560682476,0.015077958610589248,2.0,2.3,2.0,55.2,45.6,45.6,0.7,0.8,0.7,1.0
roughness,high_to_low,1,111,10,0.985447850834319,0.9565987393492484,0.9963760323777994,0.011111711773877953,2.0,2.3,2.0,60.0,50.4,48.0,0.7,0.7,0.6,1.0
roughness,high_to_low,1,114,10,0.9623058410790148,0.940597958427289,0.9820838405871326,0.02005418878621641,2.0,2.1,1.9,50.4,50.4,43.2,0.7,0.8,0.7,1.0
roughness,high_to_low,1,117,10,0.9868315352357315,0.9706012096171561,0.9878240884280111,0.0010505054230376288,2.2,2.4,2.0,52.8,52.8,45.6,0.8,0.8,0.8,1.0
roughness,high_to_low,3,0,10,0.9459729081519782,0.9459729081519782,0.9813438334687768,0.03786514578308129,1.9,1.9,2.0,48.0,48.0,55.2,0.5,0.5,0.2,0.0
roughness,high_to_low,3,3,10,0.9507391884447649,0.9506793719986989,0.9763586085036972,0.03580053295444002,2.1,2.1,2.0,57.6,57.6,57.6,0.5,0.5,0.2,0.0625
roughness,high_to_low,3,6,10,0.9509664219068134,0.9507815685178146,0.9740555616627191,0.02769932075834408,2.0,2.0,1.9,52.8,52.8,55.2,0.7,0.3,0.2,0.15
roughness,high_to_low,3,9,10,0.9499273608172892,0.9513667415249838,0.9736440943304272,0.03700519840139109,2.1,2.1,2.0,43.2,45.6,57.6,0.7,0.4,0.2,0.2625
roughness,high_to_low,3,12,10,0.9479260948111463,0.9552836473910556,0.9822640921061419,0.044061230397809306,2.1,2.1,2.0,50.4,38.4,60.0,0.7,0.3,0.2,0.30833333333333335
roughness,high_to_low,3,15,10,0.9351088455629395,0.9395447451229394,0.9800217767718957,0.047949668845781265,2.0,2.0,1.9,50.4,43.2,62.4,0.7,0.3,0.2,0.38541666666666663
roughness,high_to_low,3,18,10,0.948461777870422,0.9525315708098852,0.9758563132431787,0.041567400172964696,2.1,2.1,2.0,43.2,38.4,64.8,0.7,0.4,0.4,0.525
roughness,high_to_low,3,21,10,0.9477099897787783,0.9564403269000501,0.9774086980231204,0.04511460690513018,2.1,2.2,2.0,40.8,36.0,60.0,0.7,0.4,0.4,0.65625
roughness,high_to_low,3,24,10,0.9468266217764642,0.945067112539515,0.974592445129286,0.04447052440418499,2.1,2.2,2.0,36.0,38.4,64.8,0.7,0.1,0.1,0.7833333333333333
roughness,high_to_low,3,27,10,0.9737623829171094,0.9672525023776417,0.9909377469649305,0.019552237703745833,2.3,2.4,2.3,50.4,43.2,57.6,0.8,0.5,0.5,0.61875
roughness,high_to_low,3,30,10,0.9576372802887978,0.9561716795722897,0.9846910796047617,0.03613921751334955,2.1,2.2,2.1,43.2,36.0,64.8,0.6,0.3,0.2,0.75
roughness,high_to_low,3,33,10,0.978440939304881,0.9714797922566649,0.990877613538915,0.017048169650341193,2.3,2.4,2.2,40.8,38.4,64.8,0.7,0.3,0.3,0.7979166666666666
roughness,high_to_low,3,36,10,0.9770660995811046,0.9713816523830289,0.980959829034599,0.019005373860959174,2.3,2.4,2.0,40.8,38.4,60.0,0.7,0.4,0.4,0.825
roughness,high_to_low,3,39,10,0.974572635014972,0.9590144290546403,0.9818672388079973,0.021657619318769684,2.2,2.2,2.0,43.2,33.6,62.4,0.8,0.5,0.5,0.825
roughness,high_to_low,3,42,10,0.9706481078226267,0.9549759249858768,0.9820579933604321,0.02107120328968467,2.1,2.2,1.9,43.2,45.6,62.4,0.8,0.5,0.5,0.85
roughness,high_to_low,3,45,10,0.9787811380516018,0.9510790325140764,0.9834042165357288,0.018120628665371098,2.3,2.1,1.9,43.2,43.2,62.4,0.6,0.5,0.4,0.875
roughness,high_to_low,3,48,10,0.9790137229825364,0.9554971892236301,0.9586127188643341,0.032737546045872715,2.2,2.2,1.7,45.6,43.2,50.4,0.6,0.6,0.4,0.9
roughness,high_to_low,3,51,10,0.978678366788132,0.9576482100026528,0.9726510037471003,0.019492703600685057,2.1,2.2,1.8,48.0,45.6,50.4,0.7,0.7,0.6,0.8833333333333334
roughness,high_to_low,3,54,10,0.980736156626864,0.9579406349801214,0.9784776587705488,0.0196729528850088,2.1,2.1,1.8,48.0,45.6,57.6,0.7,0.6,0.4,0.9
roughness,high_to_low,3,57,10,0.9788948685296598,0.9634394799228894,0.9788287374899669,0.017868161897742152,2.1,2.2,1.8,52.8,48.0,62.4,0.7,0.6,0.5,0.8958333333333334
roughness,high_to_low,3,60,10,0.9800866082493724,0.9585179949902024,0.9790166066282184,0.01690716865496711,2.1,2.1,1.8,52.8,48.0,62.4,0.7,0.6,0.5,0.9166666666666666
roughness,high_to_low,3,63,10,0.9834150933832971,0.9594318229417581,0.9808751830502931,0.01299965454245563,2.1,2.1,1.8,48.0,45.6,62.4,0.7,0.6,0.5,0.9625
roughness,high_to_low,3,66,10,0.9823388511792549,0.9690526335165399,0.9825743802727963,0.009469562416477584,2.0,2.2,1.8,50.4,48.0,62.4,0.6,0.7,0.5,0.9666666666666666
roughness,high_to_low,3,69,10,0.9872640065093711,0.9760485632594035,0.9875527992636577,0.00879173951424338,2.0,2.2,1.8,45.6,40.8,57.6,0.6,0.7,0.5,0.9916666666666668
roughness,high_to_low,3,72,10,0.9856109464444917,0.9784988638375411,0.9834905126575025,0.011446079721663126,2.0,2.2,1.7,48.0,40.8,52.8,0.5,0.7,0.5,1.0
roughness,high_to_low,3,75,10,0.9873419550444265,0.978500210542318,0.9834768757074205,0.011032456817997005,2.0,2.2,1.6,45.6,38.4,48.0,0.6,0.7,0.5,1.0
roughness,high_to_low,3,78,10,0.9897879128365901,0.9716200577301368,0.9867830347136524,0.008327061127324554,2.0,2.2,1.7,45.6,40.8,48.0,0.7,0.7,0.6,1.0
roughness,high_to_low,3,81,10,0.987616892951749,0.9771159905267423,0.982302082241086,0.008612032155612548,2.0,2.2,1.8,50.4,38.4,48.0,0.6,0.6,0.5,1.0
roughness,high_to_low,3,84,10,0.985044874913901,0.9757224073566348,0.9836963434812711,0.0092104905108645,2.0,2.2,1.8,57.6,40.8,50.4,0.6,0.6,0.4,1.0
roughness,high_to_low,3,87,10,0.9923345760966867,0.9638445817911547,0.9920196168706065,0.004336248480538807,2.1,2.1,1.8,50.4,52.8,40.8,0.7,0.7,0.7,1.0
roughness,high_to_low,3,90,10,0.9932543714395147,0.9450583196930594,0.9891096529883789,0.0054515620378879585,2.1,2.1,1.9,48.0,45.6,50.4,0.8,0.7,0.7,1.0
roughness,high_to_low,3,93,10,0.9835624416528372,0.9419086733979602,0.9745510443390814,0.017984970455704317,1.9,2.0,1.6,48.0,40.8,48.0,0.7,0.6,0.5,1.0
roughness,high_to_low,3,96,10,0.9809910312157099,0.9473991628382585,0.9663092602793861,0.014799517297238707,1.9,1.9,1.6,45.6,40.8,50.4,0.7,0.6,0.5,1.0
roughness,high_to_low,3,99,10,0.9815433079268734,0.9185474525072376,0.9772863922859477,0.004994856903824197,1.9,2.0,1.7,48.0,40.8,48.0,0.8,0.8,0.7,1.0
roughness,high_to_low,3,102,10,0.9809152654088484,0.9719938972859575,0.9775621359885515,0.0045727845061168115,1.9,2.3,1.7,50.4,52.8,43.2,0.8,0.8,0.7,1.0
roughness,high_to_low,3,105,10,0.979358952846825,0.9116740446354171,0.9925104432056033,0.01568049186622006,1.9,2.2,1.9,45.6,48.0,45.6,0.7,0.6,0.6,1.0
roughness,high_to_low,3,108,10,0.9921676348167086,0.9740198039597103,0.9895996662336545,0.0025722691042101343,2.2,2.5,1.9,55.2,50.4,45.6,0.7,0.7,0.7,1.0
roughness,high_to_low,3,111,10,0.968397399614475,0.9755386808190363,0.9432894023383817,0.025198497636935102,2.1,2.6,1.9,50.4,57.6,48.0,0.8,0.9,0.8,1.0
roughness,high_to_low,3,114,10,0.9553833996377555,0.9697765615224603,0.9882047451066265,0.04286429859246214,1.9,2.4,2.1,48.0,50.4,55.2,0.6,0.7,0.6,1.0
roughness,high_to_low,3,117,10,0.9508523605557133,0.9679822718558491,0.9860820484557102,0.038217762675969616,1.9,2.4,2.1,50.4,52.8,52.8,0.7,0.7,0.7,1.0
roughness,high_to_low,6,0,10,0.9546697373026202,0.9546697373026202,0.9843105796935416,0.031217123585333507,2.1,2.1,2.0,48.0,48.0,55.2,0.5,0.3,0.2,0.0
roughness,high_to_low,6,3,10,0.9462818646587842,0.9462472820852981,0.9789743298950448,0.03362242902740951,2.0,2.0,2.0,52.8,52.8,55.2,0.6,0.4,0.2,0.075
roughness,high_to_low,6,6,10,0.945341674019112,0.945170358097363,0.9725241905768129,0.031297906345153746,2.0,2.0,1.9,57.6,57.6,55.2,0.7,0.3,0.2,0.13333333333333333
roughness,high_to_low,6,9,10,0.9471883482075553,0.9471420900499938,0.9719564129853362,0.03224247778797011,2.0,2.0,1.9,55.2,55.2,55.2,0.7,0.3,0.2,0.20625
roughness,high_to_low,6,12,10,0.9459017126604621,0.9497748121276752,0.9734145768976804,0.03003563468902447,2.0,2.0,1.9,52.8,45.6,60.0,0.7,0.4,0.3,0.2833333333333333
roughness,high_to_low,6,15,10,0.941849801553442,0.9433232874276071,0.978427217776605,0.039566380542178335,2.0,2.0,1.9,50.4,50.4,62.4,0.7,0.3,0.2,0.3854166666666667
roughness,high_to_low,6,18,10,0.9551239081211114,0.9631469648102244,0.978645172816009,0.038268376398032045,2.1,2.1,1.9,43.2,38.4,62.4,0.6,0.3,0.2,0.525
roughness,high_to_low,6,21,10,0.949429629166732,0.961869735864917,0.9809553084598772,0.04072010132628527,2.1,2.2,2.0,43.2,36.0,64.8,0.7,0.4,0.4,0.6125
roughness,high_to_low,6,24,10,0.93642832652019,0.9713057084755148,0.9808743893827179,0.05494674687001934,2.1,2.4,2.0,40.8,40.8,67.2,0.7,0.4,0.4,0.75
roughness,high_to_low,6,27,10,0.932325664859178,0.9385230710973019,0.9826222488278138,0.06119932190538988,2.1,2.2,2.0,43.2,38.4,60.0,0.7,0.5,0.5,0.725
roughness,high_to_low,6,30,10,0.9455923935838616,0.9518544675390928,0.9927170724736291,0.04803887928883689,2.1,2.2,2.2,50.4,36.0,60.0,0.7,0.4,0.4,0.6708333333333333
roughness,high_to_low,6,33,10,0.9471368818694034,0.9519219336303342,0.9870020826556433,0.05074023762109524,2.2,2.3,2.1,43.2,33.6,60.0,0.5,0.2,0.2,0.775
roughness,high_to_low,6,36,10,0.9763636876316392,0.9718966344805213,0.9876096210886264,0.023534431461175054,2.3,2.4,2.0,48.0,38.4,55.2,0.7,0.4,0.4,0.75
roughness,high_to_low,6,39,10,0.9773843058684614,0.9602464214303101,0.9851935252163191,0.02441786905977499,2.3,2.3,2.0,48.0,38.4,52.8,0.7,0.3,0.3,0.7791666666666666
roughness,high_to_low,6,42,10,0.9512701187722516,0.9577717331866404,0.9847442766532911,0.05208879069500677,2.1,2.3,1.9,45.6,38.4,55.2,0.6,0.4,0.3,0.8208333333333334
roughness,high_to_low,6,45,10,0.9541020443081762,0.951861271012627,0.9859571216793446,0.0447315445708006,2.1,2.2,1.9,45.6,45.6,52.8,0.6,0.5,0.3,0.84375
roughness,high_to_low,6,48,10,0.9543940352273786,0.948092486378882,0.9730255125078964,0.03017663167832534,2.1,2.1,1.8,50.4,43.2,48.0,0.7,0.7,0.5,0.8666666666666666
roughness,high_to_low,6,51,10,0.951880312533436,0.9536694325779924,0.9843443788940066,0.04013677390073567,2.0,2.2,1.9,48.0,38.4,57.6,0.7,0.5,0.4,0.8833333333333334
roughness,high_to_low,6,54,10,0.9819158114399894,0.9558853210131973,0.9776118882307918,0.023153714257734204,2.1,2.2,1.9,45.6,40.8,57.6,0.6,0.5,0.3,0.9
roughness,high_to_low,6,57,10,0.982141475673377,0.9586738070541225,0.9797866969462203,0.027531487989353377,2.1,2.1,1.9,48.0,38.4,60.0,0.6,0.5,0.3,0.9166666666666666
roughness,high_to_low,6,60,10,0.9796611758319148,0.9548851743267054,0.9814272025473197,0.022585202415443983,2.1,2.1,1.9,52.8,48.0,60.0,0.6,0.6,0.4,0.9166666666666666
roughness,high_to_low,6,63,10,0.9806691360846951,0.9560896135904198,0.9816163009937842,0.018293309502231715,2.1,2.1,1.8,50.4,43.2,57.6,0.7,0.6,0.5,0.9625
roughness,high_to_low,6,66,10,0.9819047856858841,0.9594320525444783,0.9808157900296413,0.01364175755358552,2.1,2.1,1.8,52.8,40.8,60.0,0.7,0.8,0.6,0.9666666666666666
roughness,high_to_low,6,69,10,0.9858170797955242,0.9565888921998464,0.9793931460015122,0.015945611210881883,2.0,2.1,1.7,45.6,50.4,50.4,0.5,0.6,0.4,0.9875
roughness,high_to_low,6,72,10,0.9879837049992666,0.9557819430753156,0.9827440171634836,0.014911091317118541,2.0,2.0,1.7,43.2,40.8,50.4,0.5,0.8,0.5,1.0
roughness,high_to_low,6,75,10,0.9879525013550208,0.9696125626706122,0.9828218992873407,0.012892193303739075,2.0,2.2,1.6,43.2,45.6,43.2,0.6,0.8,0.6,1.0
roughness,high_to_low,6,78,10,0.9891843705087169,0.9730585586133682,0.9851560605005943,0.010761118465738073,2.0,2.3,1.6,43.2,45.6,43.2,0.6,0.8,0.6,1.0
roughness,high_to_low,6,81,10,0.9902213293251305,0.9721861797638509,0.9864030967297752,0.00876253410652963,2.0,2.2,1.8,45.6,38.4,48.0,0.6,0.7,0.6,1.0
roughness,high_to_low,6,84,10,0.9865630131826185,0.9683313404066556,0.9841570401008051,0.007993801918333765,2.0,2.1,1.8,52.8,43.2,45.6,0.6,0.8,0.6,1.0
roughness,high_to_low,6,87,10,0.988345192053591,0.9674052492297502,0.9893131085652132,0.005121066693071852,2.0,2.1,1.8,50.4,45.6,40.8,0.6,0.6,0.6,1.0
roughness,high_to_low,6,90,10,0.9896964310512582,0.967657400518933,0.9905367026901393,0.004360353861362676,2.1,2.2,1.8,55.2,52.8,45.6,0.7,0.8,0.7,1.0
roughness,high_to_low,6,93,10,0.9829748471888508,0.9479878455257189,0.9825901859219318,0.022664748138370792,2.0,2.1,1.8,48.0,40.8,48.0,0.8,0.8,0.7,1.0
roughness,high_to_low,6,96,10,0.9844671914305362,0.951802182827814,0.9800544202263792,0.019804560928850114,1.9,2.0,1.6,45.6,36.0,40.8,0.7,0.8,0.7,1.0
roughness,high_to_low,6,99,10,0.981664113345307,0.941458147791697,0.980609266047179,0.005110442300088236,1.9,2.0,1.7,48.0,43.2,43.2,0.8,0.8,0.7,1.0
roughness,high_to_low,6,102,10,0.9824903919731278,0.9760833528044135,0.9797221164489482,0.003893994382041155,1.9,2.3,1.7,48.0,48.0,43.2,0.8,0.8,0.7,1.0
roughness,high_to_low,6,105,10,0.9789787510484885,0.972539174797233,0.9748522583445345,0.005695904258261675,1.9,2.3,1.7,48.0,48.0,45.6,0.8,0.9,0.8,1.0
roughness,high_to_low,6,108,10,0.9924499802631015,0.974509609768156,0.9890486423717842,0.0034696069170365496,2.2,2.4,1.9,55.2,48.0,50.4,0.7,0.8,0.7,1.0
roughness,high_to_low,6,111,10,0.9942016970462291,0.9796934261406174,0.9907883986726755,0.003451980421298806,2.2,2.5,2.0,52.8,50.4,50.4,0.8,0.9,0.8,1.0
roughness,high_to_low,6,114,10,0.9776602975291071,0.9762054123029541,0.9894976663849159,0.020897466336595383,2.1,2.5,2.1,50.4,55.2,52.8,0.7,0.8,0.7,1.0
roughness,high_to_low,12,0,10,0.9499682816700578,0.9499682816700578,0.9792637893765154,0.03456729598899929,2.1,2.1,2.0,45.6,45.6,62.4,0.5,0.2,0.2,0.0
roughness,high_to_low,12,3,10,0.9480476465975294,0.9480751536756722,0.9838956260381947,0.0372314581817467,2.1,2.1,2.1,43.2,43.2,62.4,0.6,0.2,0.2,0.0875
roughness,high_to_low,12,6,10,0.9425235728956075,0.9423781146343926,0.9791535859371479,0.03838443790845568,2.0,2.0,1.9,48.0,48.0,52.8,0.7,0.1,0.1,0.15833333333333333
roughness,high_to_low,12,9,10,0.94343865189917,0.9432192298165448,0.9794183752687987,0.035979958067402985,2.0,2.0,1.9,48.0,48.0,50.4,0.7,0.2,0.2,0.2375
roughness,high_to_low,12,12,10,0.9436921651314542,0.9443600839129773,0.9778608971830322,0.034168966749352235,2.0,2.0,1.9,50.4,48.0,52.8,0.7,0.2,0.2,0.30833333333333335
roughness,high_to_low,12,15,10,0.9470267022938541,0.9471149449873033,0.9741425629024674,0.02818206591461314,2.0,2.0,1.9,48.0,48.0,62.4,0.7,0.3,0.3,0.39583333333333337
roughness,high_to_low,12,18,10,0.9470430988386636,0.9465338113350225,0.9794322160876524,0.0332841581816614,2.0,2.0,1.9,48.0,52.8,55.2,0.7,0.1,0.1,0.475
roughness,high_to_low,12,21,10,0.9376396275869959,0.9444997351919762,0.9774755584822771,0.042813524713672224,2.0,2.0,1.9,50.4,52.8,60.0,0.7,0.2,0.1,0.5395833333333333
roughness,high_to_low,12,24,10,0.9324942894004549,0.9375332762390016,0.9770486251572201,0.04789788887246175,2.0,2.0,1.9,38.4,38.4,62.4,0.7,0.4,0.3,0.8
roughness,high_to_low,12,27,10,0.9399718674258924,0.9624770406763059,0.9777510180891771,0.051440269462493124,2.1,2.2,2.0,40.8,38.4,64.8,0.7,0.3,0.3,0.76875
roughness,high_to_low,12,30,10,0.9212587514775331,0.9279733933491141,0.9790524640105158,0.07576545436507247,2.1,2.2,1.9,40.8,38.4,60.0,0.6,0.3,0.3,0.7875
roughness,high_to_low,12,33,10,0.9194838532689016,0.920180197355083,0.9906705488236838,0.07118669555478217,2.1,2.1,2.0,48.0,36.0,57.6,0.7,0.2,0.2,0.7208333333333333
roughness,high_to_low,12,36,10,0.9709133441468272,0.9622093938586262,0.9940200503989247,0.023106706252097643,2.2,2.2,2.0,52.8,40.8,55.2,0.8,0.3,0.3,0.7
roughness,high_to_low,12,39,10,0.9742932166760971,0.9506269805971355,0.9863564027595693,0.024997697291666475,2.3,2.3,2.0,45.6,36.0,52.8,0.7,0.4,0.3,0.80625
roughness,high_to_low,12,42,10,0.9768172759571925,0.952004724030122,0.9878564635099316,0.023353262472616987,2.3,2.3,1.9,45.6,40.8,48.0,0.6,0.3,0.2,0.8375
roughness,high_to_low,12,45,10,0.971920774958454,0.9633279199349774,0.9863910494762814,0.027377820801507878,2.2,2.3,1.9,48.0,40.8,45.6,0.7,0.4,0.3,0.8375
roughness,high_to_low,12,48,10,0.9736981774067139,0.9585858528694191,0.9881939652275046,0.02680365952927154,2.2,2.2,1.9,48.0,38.4,45.6,0.7,0.4,0.3,0.8666666666666666
roughness,high_to_low,12,51,10,0.9755767285437246,0.955720701107883,0.9888652864133036,0.02580357847707677,2.2,2.2,1.9,50.4,48.0,50.4,0.7,0.4,0.4,0.8833333333333334
roughness,high_to_low,12,54,10,0.977441060396331,0.9521829772974607,0.9719916315291707,0.033438914765825466,2.1,2.1,1.8,43.2,40.8,52.8,0.7,0.4,0.3,0.925
roughness,high_to_low,12,57,10,0.9802686141743738,0.9502064033179491,0.9736402234374744,0.02891458956532955,2.1,2.1,1.8,43.2,40.8,52.8,0.7,0.4,0.3,0.9375
roughness,high_to_low,12,60,10,0.9811145780245047,0.9525334896313421,0.9705442431358378,0.02354297701207573,2.1,2.1,1.8,45.6,40.8,48.0,0.7,0.7,0.4,0.95
roughness,high_to_low,12,63,10,0.9855030913651033,0.9569339609393177,0.9788483239707124,0.02173633864771902,2.1,2.1,1.8,43.2,40.8,52.8,0.7,0.5,0.4,0.9625
roughness,high_to_low,12,66,10,0.9870961992946021,0.95911075925628,0.9817038249144489,0.016939903754896214,2.1,2.1,1.8,40.8,38.4,52.8,0.7,0.6,0.5,0.9833333333333332
roughness,high_to_low,12,69,10,0.9819178903553883,0.9548525993487571,0.9810529696954043,0.016673901212327792,2.1,2.1,1.8,50.4,40.8,52.8,0.7,0.6,0.4,0.9833333333333334
roughness,high_to_low,12,72,10,0.9801625542400592,0.9561070692871212,0.973278201106672,0.024209797663449696,2.0,2.0,1.7,50.4,43.2,48.0,0.5,0.6,0.3,1.0
roughness,high_to_low,12,75,10,0.982001670394012,0.950494709870679,0.9764119878783937,0.018573573755357186,2.0,2.0,1.7,48.0,50.4,48.0,0.5,0.5,0.3,1.0
roughness,high_to_low,12,78,10,0.9863086526049681,0.9493315030690643,0.9790536088131712,0.017903164296106833,2.0,2.0,1.6,43.2,50.4,45.6,0.6,0.7,0.5,1.0
roughness,high_to_low,12,81,10,0.9830123870369704,0.9673076810469456,0.9786915918643144,0.013006414757778927,2.0,2.2,1.7,50.4,45.6,50.4,0.5,0.6,0.4,1.0
roughness,high_to_low,12,84,10,0.9847866611053252,0.9739752646231574,0.9824666097284609,0.015460840373829287,2.0,2.3,1.7,50.4,43.2,50.4,0.5,0.4,0.3,1.0
roughness,high_to_low,12,87,10,0.9849078210401905,0.9671094505905732,0.9796554203820846,0.014826007551721209,2.1,2.1,1.9,55.2,43.2,52.8,0.6,0.6,0.5,1.0
roughness,high_to_low,12,90,10,0.9824641664348961,0.9666466227550312,0.9785111765033777,0.011778820841839798,2.0,2.1,1.7,57.6,45.6,43.2,0.7,0.7,0.6,1.0
roughness,high_to_low,12,93,10,0.9862701755957621,0.9360268694713932,0.9824734902508728,0.007809027093099252,2.0,2.1,1.7,55.2,45.6,45.6,0.7,0.8,0.7,1.0
roughness,high_to_low,12,96,10,0.9770781896123676,0.9355020560372322,0.9869147108588343,0.01528071026933423,1.9,2.1,1.8,50.4,45.6,50.4,0.9,1.0,0.9,1.0
roughness,high_to_low,12,99,10,0.9784728024964252,0.9320641505351018,0.9876420935897663,0.014913796343709384,1.9,2.0,1.8,52.8,50.4,50.4,0.9,0.9,0.8,1.0
roughness,high_to_low,12,102,10,0.9811069312982971,0.9367051985082862,0.9858047613433399,0.010227779631637724,1.9,2.0,1.8,48.0,43.2,48.0,0.9,1.0,0.9,1.0
roughness,high_to_low,12,105,10,0.9756094088788405,0.9757871587045395,0.9727518249887683,0.004927431976512353,1.9,2.3,1.8,48.0,43.2,48.0,0.9,1.0,0.9,1.0
roughness,high_to_low,12,108,10,0.9737536417160891,0.9858071697414464,0.9883680061210178,0.020075499262465955,1.9,2.5,2.0,55.2,43.2,55.2,0.8,1.0,0.8,1.0
roughness,low_to_high,1,0,10,0.9626063338011915,0.9626063338011915,0.9344606699651374,0.0899110265910616,1.8,1.8,2.2,52.8,52.8,43.2,0.4,0.5,0.2,0.0
roughness,low_to_high,1,3,10,0.9756964763576177,0.9756915298094262,0.9703997485476694,0.04190521844162787,1.9,1.9,2.4,55.2,55.2,60.0,0.7,0.7,0.5,0.06458333333333333
roughness,low_to_high,1,6,10,0.9775233952482493,0.9774874874734077,0.9672292766063306,0.03766649495411235,1.9,1.9,2.4,55.2,55.2,55.2,0.7,0.5,0.3,0.12916666666666665
roughness,low_to_high,1,9,10,0.965900691599576,0.9689986407351002,0.9407281644843873,0.05236295250488887,1.6,1.6,2.3,40.8,43.2,52.8,0.5,0.5,0.3,0.26875
roughness,low_to_high,1,12,10,0.9633630178941445,0.968056066726076,0.9399671705363216,0.05340038633662839,1.7,1.8,2.3,48.0,52.8,52.8,0.6,0.4,0.4,0.3
roughness,low_to_high,1,15,10,0.9444349575378439,0.9678411718189313,0.9412609016850493,0.06194814257755138,1.6,1.8,2.4,43.2,52.8,48.0,0.5,0.1,0.1,0.39583333333333337
roughness,low_to_high,1,18,10,0.9593231084669507,0.9753400912392237,0.9366135467464168,0.05722212133258301,1.7,1.9,2.3,45.6,55.2,45.6,0.6,0.2,0.2,0.4375
roughness,low_to_high,1,21,10,0.9195179912433014,0.9785661406475963,0.9203426045356627,0.03248682142078103,2.0,2.1,2.3,48.0,50.4,52.8,0.5,0.2,0.2,0.525
roughness,low_to_high,1,24,10,0.9139903079439264,0.9333789950347239,0.9175340128935309,0.03179095081284279,2.0,1.9,2.3,45.6,55.2,45.6,0.5,0.4,0.3,0.65
roughness,low_to_high,1,27,10,0.9096655899427226,0.9416462230706077,0.8835517798170722,0.04067243669153435,1.9,1.9,2.1,45.6,55.2,40.8,0.7,0.5,0.5,0.68125
roughness,low_to_high,1,30,10,0.9666971350816022,0.9639578497694012,0.9204555446647342,0.07819464693957079,2.0,1.6,2.3,43.2,52.8,45.6,0.4,0.5,0.3,0.7333333333333334
roughness,low_to_high,1,33,10,0.9135125113618681,0.9593491694734592,0.9225769608517709,0.03136894377027269,1.9,1.7,2.4,43.2,52.8,45.6,0.7,0.5,0.5,0.7666666666666666
roughness,low_to_high,1,36,10,0.8922037929765269,0.9124940748162669,0.8737571983262372,0.02989492717606997,2.0,1.8,2.2,55.2,64.8,50.4,0.9,0.4,0.4,0.675
roughness,low_to_high,1,39,10,0.8939459431597246,0.9464033962953063,0.8917762519595789,0.04367121550609655,2.0,1.7,2.1,55.2,64.8,45.6,0.7,0.5,0.4,0.7145833333333333
roughness,low_to_high,1,42,10,0.9450471846274565,0.946589652312635,0.8892430186809601,0.06608368653969397,1.9,1.7,2.0,50.4,62.4,48.0,0.7,0.5,0.5,0.8125
roughness,low_to_high,1,45,10,0.9433510884293892,0.9525163323943948,0.8766044271937738,0.07806483095771985,2.1,1.7,2.0,50.4,62.4,43.2,0.6,0.4,0.3,0.85625
roughness,low_to_high,1,48,10,0.9366899600470686,0.9546613328668258,0.8819176815938482,0.056710377126979405,2.0,1.7,1.9,55.2,57.6,50.4,0.7,0.7,0.6,0.8333333333333333
roughness,low_to_high,1,51,10,0.939126847446847,0.9529320709219196,0.8832702667841202,0.05632195000015359,2.0,1.8,1.9,52.8,60.0,48.0,0.7,0.5,0.4,0.8541666666666667
roughness,low_to_high,1,54,10,0.9381734636512956,0.9417148538092368,0.8911084806569909,0.10216817059619324,2.1,1.6,2.0,48.0,57.6,43.2,0.5,0.3,0.3,0.925
roughness,low_to_high,1,57,10,0.9585174336962343,0.9640933248747128,0.926937235324466,0.059029410553647965,2.0,1.6,2.2,43.2,57.6,45.6,0.7,0.6,0.6,0.9375
roughness,low_to_high,1,60,10,0.9754832413786279,0.9757502233398239,0.9235998097972924,0.0535801453508181,2.2,1.7,2.2,48.0,48.0,43.2,0.7,0.7,0.7,0.95
roughness,low_to_high,1,63,10,0.9689614901217531,0.9876857937224923,0.9179499163320299,0.06367978262940488,2.3,1.8,2.2,52.8,48.0,52.8,0.7,0.6,0.5,0.9375
roughness,low_to_high,1,66,10,0.9692535810554876,0.9892261445343518,0.9080189042882865,0.07934856077057474,2.3,1.8,2.2,50.4,45.6,50.4,0.7,0.8,0.5,0.9583333333333333
roughness,low_to_high,1,69,10,0.9765536114161076,0.9886872675095679,0.9759245716344574,0.003839294849460606,2.4,1.8,2.4,50.4,52.8,50.4,0.8,0.8,0.8,0.9833333333333334
roughness,low_to_high,1,72,10,0.9793167967733918,0.9716395128062238,0.9789197726210679,0.001140466821327224,2.4,1.7,2.4,48.0,52.8,48.0,1.0,1.0,1.0,1.0
roughness,low_to_high,1,75,10,0.9794796739940734,0.9737403733965225,0.979082967498767,0.0007767031623111764,2.4,1.9,2.4,48.0,55.2,48.0,1.0,1.0,1.0,1.0
roughness,low_to_high,1,78,10,0.9728292988962209,0.9811973132188496,0.9736774082778241,0.0015992780100710703,2.4,1.8,2.3,50.4,57.6,45.6,0.9,0.9,0.9,1.0
roughness,low_to_high,1,81,10,0.9663978147530828,0.9789560136720455,0.9673088996924759,0.0014309174369371957,2.3,1.8,2.2,52.8,55.2,48.0,0.9,0.9,0.9,1.0
roughness,low_to_high,1,84,10,0.9497530833507124,0.984547883381334,0.9527747534801531,0.003123044964796895,2.1,1.8,2.2,45.6,55.2,48.0,0.9,0.7,0.7,1.0
roughness,low_to_high,1,87,10,0.9605956613556442,0.9870776592714489,0.9647845333852167,0.00431915017186234,2.1,1.7,2.2,43.2,40.8,40.8,0.9,0.8,0.8,1.0
roughness,low_to_high,1,90,10,0.9591450587142732,0.9563859770114387,0.9656896533641074,0.006559695405818844,2.1,2.0,2.1,43.2,48.0,36.0,1.0,0.8,0.8,1.0
roughness,low_to_high,1,93,10,0.9520714878732326,0.9585755196339647,0.9587811997401647,0.006710554637838495,2.0,1.7,2.0,36.0,40.8,36.0,1.0,1.0,1.0,1.0
roughness,low_to_high,1,96,10,0.9492963753600568,0.9668168319231283,0.9601832301201275,0.010905451853052462,1.8,1.9,2.0,43.2,45.6,36.0,0.9,0.8,0.8,1.0
roughness,low_to_high,1,99,10,0.9434763523240942,0.9956882014804316,0.9709023295154562,0.027462559735514435,2.0,2.2,2.2,40.8,48.0,38.4,0.9,0.9,0.9,1.0
roughness,low_to_high,1,102,10,0.9713933374255662,0.9943562506140374,0.9660489328464044,0.02181453298604439,1.9,1.9,2.0,36.0,45.6,36.0,0.7,0.7,0.7,1.0
roughness,low_to_high,1,105,10,0.9740366398644115,0.9973495122636354,0.9566287275962289,0.01740839033492565,2.2,2.0,2.2,36.0,50.4,38.4,0.8,0.8,0.8,1.0
roughness,low_to_high,1,108,10,0.9598275171489433,0.9961864560682476,0.9695384082938505,0.012264789935132369,2.2,2.0,2.3,40.8,45.6,45.6,0.9,0.9,0.9,1.0
roughness,low_to_high,1,111,10,0.9433633519649784,0.9963760323777994,0.9565987393492484,0.015398497100936482,2.2,2.0,2.3,48.0,48.0,50.4,0.9,0.8,0.8,1.0
roughness,low_to_high,1,114,10,0.9262928566155824,0.9820838405871326,0.940597958427289,0.014305101815253551,2.1,1.9,2.1,52.8,43.2,50.4,1.0,0.9,0.9,1.0
roughness,low_to_high,1,117,10,0.9702534986260007,0.9878240884280111,0.9706012096171561,0.00035260269257154643,2.4,2.0,2.4,52.8,45.6,52.8,1.0,1.0,1.0,1.0
roughness,low_to_high,3,0,10,0.9813438334687768,0.9813438334687768,0.9459729081519782,0.03786514578308129,2.0,2.0,1.9,55.2,55.2,48.0,0.5,0.5,0.2,0.0
roughness,low_to_high,3,3,10,0.9764041819435783,0.9763586085036972,0.9506793719986989,0.03571532010441079,2.0,2.0,2.1,57.6,57.6,57.6,0.5,0.5,0.2,0.0625
roughness,low_to_high,3,6,10,0.9746166285528902,0.9740555616627191,0.9507815685178146,0.027750623902707206,1.9,1.9,2.0,52.8,55.2,52.8,0.7,0.3,0.2,0.13333333333333333
roughness,low_to_high,3,9,10,0.9671026829982733,0.9736440943304272,0.9513667415249838,0.0393643916388209,1.9,2.0,2.1,57.6,57.6,45.6,0.6,0.4,0.2,0.1875
roughness,low_to_high,3,12,10,0.9770012543626658,0.9822640921061419,0.9552836473910556,0.04004147825721518,1.9,2.0,2.1,57.6,60.0,38.4,0.6,0.2,0.1,0.2333333333333333
roughness,low_to_high,3,15,10,0.9527866833921218,0.9800217767718957,0.9395447451229394,0.06140647957955133,1.7,1.9,2.0,52.8,62.4,43.2,0.6,0.4,0.3,0.33333333333333337
roughness,low_to_high,3,18,10,0.957061230629027,0.9758563132431787,0.9525315708098852,0.052087078845639435,1.8,2.0,2.1,57.6,64.8,38.4,0.5,0.5,0.3,0.35
roughness,low_to_high,3,21,10,0.9751267107660866,0.9774086980231204,0.9564403269000501,0.03529722879200155,2.2,2.0,2.2,55.2,60.0,36.0,0.8,0.5,0.5,0.4520833333333333
roughness,low_to_high,3,24,10,0.9735856935947247,0.974592445129286,0.945067112539515,0.040387171808444845,2.2,2.0,2.2,50.4,64.8,38.4,0.8,0.6,0.6,0.55
roughness,low_to_high,3,27,10,0.9670747352378559,0.9909377469649305,0.9672525023776417,0.02368499715718564,2.1,2.3,2.4,50.4,57.6,43.2,0.7,0.5,0.4,0.61875
roughness,low_to_high,3,30,10,0.9592916951606355,0.9846910796047617,0.9561716795722897,0.045094385971151084,2.2,2.1,2.2,60.0,64.8,36.0,0.6,0.2,0.2,0.5208333333333333
roughness,low_to_high,3,33,10,0.9803098581788111,0.990877613538915,0.9714797922566649,0.014548022243997793,2.4,2.2,2.4,52.8,64.8,38.4,0.8,0.3,0.3,0.65
roughness,low_to_high,3,36,10,0.9603009411930593,0.980959829034599,0.9713816523830289,0.030311176091711432,2.3,2.0,2.4,50.4,60.0,38.4,0.8,0.3,0.3,0.725
roughness,low_to_high,3,39,10,0.9735650033053116,0.9818672388079973,0.9590144290546403,0.023526325176921235,2.3,2.0,2.2,52.8,62.4,33.6,0.7,0.5,0.5,0.7333333333333333
roughness,low_to_high,3,42,10,0.9654626574053523,0.9820579933604321,0.9549759249858768,0.02212977421103346,2.2,1.9,2.2,55.2,62.4,45.6,0.8,0.6,0.5,0.7541666666666667
roughness,low_to_high,3,45,10,0.9439056915527864,0.9834042165357288,0.9510790325140764,0.03347434684089075,2.0,1.9,2.1,45.6,62.4,43.2,0.7,0.8,0.5,0.86875
roughness,low_to_high,3,48,10,0.9467091214824602,0.9586127188643341,0.9554971892236301,0.05546873641394554,2.1,1.7,2.2,48.0,50.4,43.2,0.4,0.7,0.4,0.8666666666666666
roughness,low_to_high,3,51,10,0.9568552085045786,0.9726510037471003,0.9576482100026528,0.03021001946762748,2.1,1.8,2.2,52.8,50.4,45.6,0.5,0.8,0.5,0.8833333333333334
roughness,low_to_high,3,54,10,0.9574579943487971,0.9784776587705488,0.9579406349801214,0.025085401796260932,2.1,1.8,2.1,50.4,57.6,45.6,0.6,0.9,0.6,0.9
roughness,low_to_high,3,57,10,0.9674154605597668,0.9788287374899669,0.9634394799228894,0.02901432403983536,2.2,1.8,2.2,50.4,62.4,48.0,0.6,0.8,0.5,0.9166666666666666
roughness,low_to_high,3,60,10,0.9592657988415336,0.9790166066282184,0.9585179949902024,0.02570754452814896,2.0,1.8,2.1,50.4,62.4,48.0,0.7,0.8,0.6,0.9333333333333333
roughness,low_to_high,3,63,10,0.9585955676443882,0.9808751830502931,0.9594318229417581,0.03591971315256372,2.0,1.8,2.1,48.0,62.4,45.6,0.5,0.8,0.5,0.9625
roughness,low_to_high,3,66,10,0.9554601121642913,0.9825743802727963,0.9690526335165399,0.016669573017309626,2.0,1.8,2.2,52.8,62.4,48.0,0.8,0.7,0.7,0.9583333333333334
roughness,low_to_high,3,69,10,0.9664087896040001,0.9875527992636577,0.9760485632594035,0.011175709834732761,2.1,1.8,2.2,45.6,57.6,40.8,0.9,0.9,0.9,0.9833333333333334
roughness,low_to_high,3,72,10,0.9778490641425774,0.9834905126575025,0.9784988638375411,0.0037725090458727295,2.2,1.7,2.2,40.8,52.8,40.8,1.0,0.8,0.8,1.0
roughness,low_to_high,3,75,10,0.9569355643969086,0.9834768757074205,0.978500210542318,0.02987036190096849,2.2,1.6,2.2,43.2,48.0,38.4,0.7,0.8,0.7,1.0
roughness,low_to_high,3,78,10,0.9587626699669519,0.9867830347136524,0.9716200577301368,0.02140863028537874,2.2,1.7,2.2,40.8,48.0,40.8,0.8,0.7,0.6,1.0
roughness,low_to_high,3,81,10,0.9464230263845888,0.982302082241086,0.9771159905267423,0.03807677203883382,2.1,1.8,2.2,45.6,48.0,38.4,0.6,0.7,0.5,1.0
roughness,low_to_high,3,84,10,0.9469184428582146,0.9836963434812711,0.9757224073566348,0.029218972846132375,1.9,1.8,2.2,45.6,50.4,40.8,0.8,0.9,0.8,1.0
roughness,low_to_high,3,87,10,0.9487004633735184,0.9920196168706065,0.9638445817911547,0.015436028687493043,1.9,1.8,2.1,50.4,40.8,52.8,0.8,0.9,0.8,1.0
roughness,low_to_high,3,90,10,0.953707247156489,0.9891096529883789,0.9450583196930594,0.0468294957903718,2.0,1.9,2.1,45.6,50.4,45.6,0.7,1.0,0.7,1.0
roughness,low_to_high,3,93,10,0.9517356872890737,0.9745510443390814,0.9419086733979602,0.05061597673006182,1.9,1.6,2.0,45.6,48.0,40.8,0.7,0.7,0.6,1.0
roughness,low_to_high,3,96,10,0.9596235281373335,0.9663092602793861,0.9473991628382585,0.026781369994211733,1.9,1.6,1.9,43.2,50.4,40.8,0.8,0.9,0.7,1.0
roughness,low_to_high,3,99,10,0.9743662006130422,0.9772863922859477,0.9185474525072376,0.06050298190928216,2.1,1.7,2.0,38.4,48.0,40.8,0.8,0.8,0.8,1.0
roughness,low_to_high,3,102,10,0.9719861352709742,0.9775621359885515,0.9719938972859575,0.00019370504440441305,2.2,1.7,2.3,48.0,43.2,52.8,0.9,0.9,0.9,1.0
roughness,low_to_high,3,105,10,0.9724467271339989,0.9925104432056033,0.9116740446354171,0.060892837384383926,2.3,1.9,2.2,48.0,45.6,48.0,0.8,0.8,0.8,1.0
roughness,low_to_high,3,108,10,0.97340092196382,0.9895996662336545,0.9740198039597103,0.0006991262144473542,2.4,1.9,2.5,48.0,45.6,50.4,0.9,0.9,0.9,1.0
roughness,low_to_high,3,111,10,0.9442865829413798,0.9432894023383817,0.9755386808190363,0.0318635285581209,2.4,1.9,2.6,50.4,48.0,57.6,0.8,0.8,0.8,1.0
roughness,low_to_high,3,114,10,0.9698634832772196,0.9882047451066265,0.9697765615224603,9.910357222591149e-05,2.3,2.1,2.4,48.0,55.2,50.4,0.9,0.9,0.9,1.0
roughness,low_to_high,3,117,10,0.9679839371534387,0.9860820484557102,0.9679822718558491,1.441557887489342e-05,2.4,2.1,2.4,52.8,52.8,52.8,1.0,1.0,1.0,1.0
roughness,low_to_high,6,0,10,0.9843105796935416,0.9843105796935416,0.9546697373026202,0.031217123585333507,2.0,2.0,2.1,55.2,55.2,48.0,0.5,0.3,0.2,0.0
roughness,low_to_high,6,3,10,0.9792254403662378,0.9789743298950448,0.9462472820852981,0.033892668984822405,2.0,2.0,2.0,55.2,55.2,52.8,0.6,0.4,0.2,0.06458333333333334
roughness,low_to_high,6,6,10,0.9725107130595981,0.9725241905768129,0.945170358097363,0.030772410320255218,1.9,1.9,2.0,55.2,55.2,57.6,0.7,0.3,0.2,0.12916666666666668
roughness,low_to_high,6,9,10,0.9734256404986971,0.9719564129853362,0.9471420900499938,0.032623956521202056,1.9,1.9,2.0,52.8,55.2,55.2,0.7,0.5,0.4,0.2125
roughness,low_to_high,6,12,10,0.9742244301020164,0.9734145768976804,0.9497748121276752,0.03607315540818486,1.9,1.9,2.0,60.0,60.0,45.6,0.7,0.2,0.2,0.24166666666666664
roughness,low_to_high,6,15,10,0.9780037266721993,0.978427217776605,0.9433232874276071,0.04125971248192974,1.9,1.9,2.0,55.2,62.4,50.4,0.7,0.5,0.3,0.32291666666666663
roughness,low_to_high,6,18,10,0.958631252239379,0.978645172816009,0.9631469648102244,0.042758889752095575,1.8,1.9,2.1,52.8,62.4,38.4,0.5,0.5,0.3,0.425
roughness,low_to_high,6,21,10,0.9764444231327115,0.9809553084598772,0.961869735864917,0.028560875910252016,2.1,2.0,2.2,62.4,64.8,36.0,0.7,0.3,0.2,0.3791666666666667
roughness,low_to_high,6,24,10,0.9699180856817853,0.9808743893827179,0.9713057084755148,0.019500055056726417,2.2,2.0,2.4,62.4,67.2,40.8,0.8,0.4,0.3,0.4333333333333333
roughness,low_to_high,6,27,10,0.9733365850618638,0.9826222488278138,0.9385230710973019,0.05485968021763317,2.2,2.0,2.2,50.4,60.0,38.4,0.8,0.7,0.7,0.61875
roughness,low_to_high,6,30,10,0.9669403263532544,0.9927170724736291,0.9518544675390928,0.043498528781377964,2.1,2.2,2.2,48.0,60.0,36.0,0.7,0.5,0.4,0.6916666666666667
roughness,low_to_high,6,33,10,0.957394034903485,0.9870020826556433,0.9519219336303342,0.05970545535689877,2.2,2.1,2.3,52.8,60.0,33.6,0.5,0.2,0.1,0.6583333333333333
roughness,low_to_high,6,36,10,0.9802945463887156,0.9876096210886264,0.9718966344805213,0.013061879992576964,2.3,2.0,2.4,48.0,55.2,38.4,0.9,0.4,0.4,0.75
roughness,low_to_high,6,39,10,0.9801208104684536,0.9851935252163191,0.9602464214303101,0.022709909936250362,2.4,2.0,2.3,50.4,52.8,38.4,0.7,0.3,0.3,0.76875
roughness,low_to_high,6,42,10,0.9760374556711376,0.9847442766532911,0.9577717331866404,0.033674057166837926,2.3,1.9,2.3,50.4,55.2,38.4,0.6,0.2,0.2,0.7958333333333334
roughness,low_to_high,6,45,10,0.9533313315002724,0.9859571216793446,0.951861271012627,0.03329046864173464,2.1,1.9,2.2,50.4,52.8,45.6,0.7,0.6,0.4,0.85625
roughness,low_to_high,6,48,10,0.9267675638379906,0.9730255125078964,0.948092486378882,0.04528980971183096,1.9,1.8,2.1,45.6,48.0,43.2,0.6,0.7,0.4,0.9
roughness,low_to_high,6,51,10,0.9277420113381885,0.9843443788940066,0.9536694325779924,0.040087407337869474,1.9,1.9,2.2,50.4,57.6,38.4,0.5,0.6,0.4,0.8833333333333334
roughness,low_to_high,6,54,10,0.9444079991091113,0.9776118882307918,0.9558853210131973,0.026668432164481372,2.0,1.9,2.2,57.6,57.6,40.8,0.6,0.4,0.4,0.85
roughness,low_to_high,6,57,10,0.9347566298555471,0.9797866969462203,0.9586738070541225,0.03975222442441617,2.0,1.9,2.1,55.2,60.0,38.4,0.5,0.6,0.4,0.875
roughness,low_to_high,6,60,10,0.9603650609905087,0.9814272025473197,0.9548851743267054,0.03230604813270292,2.0,1.9,2.1,45.6,60.0,48.0,0.7,0.7,0.5,0.95
roughness,low_to_high,6,63,10,0.9575504892401755,0.9816163009937842,0.9560896135904198,0.029281474563462518,2.0,1.8,2.1,48.0,57.6,43.2,0.7,0.7,0.6,0.9625
roughness,low_to_high,6,66,10,0.9446837994047327,0.9808157900296413,0.9594320525444783,0.04206080846889689,1.9,1.8,2.1,45.6,60.0,40.8,0.6,0.5,0.4,0.975
roughness,low_to_high,6,69,10,0.9434822464482291,0.9793931460015122,0.9565888921998464,0.03952351433236116,1.9,1.7,2.1,48.0,50.4,50.4,0.6,0.6,0.5,0.9833333333333334
roughness,low_to_high,6,72,10,0.9547416712672183,0.9827440171634836,0.9557819430753156,0.024487000216260137,2.0,1.7,2.0,48.0,50.4,40.8,0.8,0.8,0.8,1.0
roughness,low_to_high,6,75,10,0.9712538507222451,0.9828218992873407,0.9696125626706122,0.002214665765434143,2.3,1.6,2.2,45.6,43.2,45.6,0.9,0.8,0.8,1.0
roughness,low_to_high,6,78,10,0.9515542116062321,0.9851560605005943,0.9730585586133682,0.025115861773100535,2.3,1.6,2.3,45.6,43.2,45.6,0.8,0.8,0.7,1.0
roughness,low_to_high,6,81,10,0.9548772514401327,0.9864030967297752,0.9721861797638509,0.025362030804207812,2.2,1.8,2.2,45.6,48.0,38.4,0.8,0.6,0.6,1.0
roughness,low_to_high,6,84,10,0.9449732227615639,0.9841570401008051,0.9683313404066556,0.03075690400511667,2.0,1.8,2.1,48.0,45.6,43.2,0.7,0.6,0.6,1.0
roughness,low_to_high,6,87,10,0.9448605559923842,0.9893131085652132,0.9674052492297502,0.02293484751121483,1.9,1.8,2.1,48.0,40.8,45.6,0.8,0.7,0.7,1.0
roughness,low_to_high,6,90,10,0.9483766700970824,0.9905367026901393,0.967657400518933,0.019389286695737074,2.0,1.8,2.2,57.6,45.6,52.8,0.8,0.7,0.7,1.0
roughness,low_to_high,6,93,10,0.9544871558591279,0.9825901859219318,0.9479878455257189,0.04542366647341051,2.0,1.8,2.1,50.4,48.0,40.8,0.7,0.8,0.7,1.0
roughness,low_to_high,6,96,10,0.9571640789596604,0.9800544202263792,0.951802182827814,0.0423783555000128,1.9,1.6,2.0,45.6,40.8,36.0,0.7,0.8,0.7,1.0
roughness,low_to_high,6,99,10,0.9624029461839246,0.980609266047179,0.941458147791697,0.03396138522808105,1.9,1.7,2.0,43.2,43.2,43.2,0.7,0.8,0.7,1.0
roughness,low_to_high,6,102,10,0.9756340632620878,0.9797221164489482,0.9760833528044135,0.002953948424249031,2.2,1.7,2.3,40.8,43.2,48.0,0.9,0.8,0.8,1.0
roughness,low_to_high,6,105,10,0.9710965431774937,0.9748522583445345,0.972539174797233,0.0016550901071280544,2.2,1.7,2.3,48.0,45.6,48.0,0.9,1.0,0.9,1.0
roughness,low_to_high,6,108,10,0.9729102651243935,0.9890486423717842,0.974509609768156,0.0016309754040452983,2.3,1.9,2.4,48.0,50.4,48.0,0.9,0.8,0.8,1.0
roughness,low_to_high,6,111,10,0.9787227351437459,0.9907883986726755,0.9796934261406174,0.0014111581915890014,2.4,2.0,2.5,50.4,50.4,50.4,0.9,0.8,0.8,1.0
roughness,low_to_high,6,114,10,0.9744619983046068,0.9894976663849159,0.9762054123029541,0.0018405957465472355,2.4,2.1,2.5,55.2,52.8,55.2,0.9,1.0,0.9,1.0
roughness,low_to_high,12,0,10,0.9792637893765154,0.9792637893765154,0.9499682816700578,0.03456729598899929,2.0,2.0,2.1,62.4,62.4,45.6,0.5,0.2,0.2,0.0
roughness,low_to_high,12,3,10,0.9838989399358997,0.9838956260381947,0.9480751536756722,0.037203940888697884,2.1,2.1,2.1,62.4,62.4,43.2,0.6,0.2,0.2,0.05416666666666666
roughness,low_to_high,12,6,10,0.9790574824205157,0.9791535859371479,0.9423781146343926,0.03841552926509696,1.9,1.9,2.0,52.8,52.8,48.0,0.7,0.1,0.1,0.13333333333333333
roughness,low_to_high,12,9,10,0.9791291035164671,0.9794183752687987,0.9432192298165448,0.03591010839769634,1.9,1.9,2.0,50.4,50.4,48.0,0.7,0.2,0.2,0.20625
roughness,low_to_high,12,12,10,0.9771172960869199,0.9778608971830322,0.9443600839129773,0.032757446871716764,1.9,1.9,2.0,52.8,52.8,48.0,0.7,0.3,0.3,0.26666666666666666
roughness,low_to_high,12,15,10,0.9762932502483785,0.9741425629024674,0.9471149449873033,0.030366910228130463,1.9,1.9,2.0,57.6,62.4,48.0,0.7,0.3,0.3,0.3125
roughness,low_to_high,12,18,10,0.9775245042508555,0.9794322160876524,0.9465338113350225,0.03562596727489008,1.9,1.9,2.0,57.6,55.2,52.8,0.7,0.3,0.2,0.375
roughness,low_to_high,12,21,10,0.9763998487644857,0.9774755584822771,0.9444997351919762,0.0384693975810098,1.9,1.9,2.0,55.2,60.0,52.8,0.7,0.2,0.2,0.4520833333333333
roughness,low_to_high,12,24,10,0.9381631582714158,0.9770486251572201,0.9375332762390016,0.06995655699539702,1.8,1.9,2.0,52.8,62.4,38.4,0.6,0.5,0.4,0.5666666666666667
roughness,low_to_high,12,27,10,0.9505467431664704,0.9777510180891771,0.9624770406763059,0.04901423886370514,2.1,2.0,2.2,64.8,64.8,38.4,0.7,0.2,0.2,0.43125
roughness,low_to_high,12,30,10,0.9679380420501416,0.9790524640105158,0.9279733933491141,0.06589273665185179,2.2,1.9,2.2,64.8,60.0,38.4,0.8,0.3,0.3,0.4958333333333334
roughness,low_to_high,12,33,10,0.9665449748774708,0.9906705488236838,0.920180197355083,0.0697172669020744,2.2,2.0,2.1,57.6,57.6,36.0,0.7,0.3,0.2,0.6125
roughness,low_to_high,12,36,10,0.971046025173005,0.9940200503989247,0.9622093938586262,0.028340432303158015,2.2,2.0,2.2,48.0,55.2,40.8,0.8,0.5,0.4,0.75
roughness,low_to_high,12,39,10,0.9496465929980509,0.9863564027595693,0.9506269805971355,0.05828735646513724,2.2,2.0,2.3,52.8,52.8,36.0,0.7,0.3,0.3,0.7416666666666666
roughness,low_to_high,12,42,10,0.9809422153081014,0.9878564635099316,0.952004724030122,0.031236507205503715,2.3,1.9,2.3,45.6,48.0,40.8,0.8,0.5,0.5,0.8541666666666666
roughness,low_to_high,12,45,10,0.9811560494732581,0.9863910494762814,0.9633279199349774,0.02240285036439791,2.4,1.9,2.3,50.4,45.6,40.8,0.7,0.6,0.5,0.83125
roughness,low_to_high,12,48,10,0.9607162887128406,0.9881939652275046,0.9585858528694191,0.04329731065774282,2.0,1.9,2.2,38.4,45.6,38.4,0.6,0.6,0.4,0.9333333333333333
roughness,low_to_high,12,51,10,0.9273568965652625,0.9888652864133036,0.955720701107883,0.06750789374824562,1.9,1.9,2.2,50.4,50.4,48.0,0.5,0.6,0.4,0.8833333333333334
roughness,low_to_high,12,54,10,0.9211114545195318,0.9719916315291707,0.9521829772974607,0.0594825264382143,1.9,1.8,2.1,50.4,52.8,40.8,0.6,0.6,0.4,0.9
roughness,low_to_high,12,57,10,0.9240346901691066,0.9736402234374744,0.9502064033179491,0.05134486311818354,1.9,1.8,2.1,45.6,52.8,40.8,0.6,0.7,0.5,0.9375
roughness,low_to_high,12,60,10,0.9254136157067585,0.9705442431358378,0.9525334896313421,0.04852993457677407,1.9,1.8,2.1,45.6,48.0,40.8,0.6,0.7,0.5,0.95
roughness,low_to_high,12,63,10,0.930225546254904,0.9788483239707124,0.9569339609393177,0.045081735915915036,1.9,1.8,2.1,43.2,52.8,40.8,0.6,0.6,0.4,0.9625
roughness,low_to_high,12,66,10,0.9419240799115389,0.9817038249144489,0.95911075925628,0.053455616535811344,2.0,1.8,2.1,50.4,52.8,38.4,0.5,0.6,0.3,0.9666666666666666
roughness,low_to_high,12,69,10,0.9390538327847839,0.9810529696954043,0.9548525993487571,0.049853439226429895,1.9,1.8,2.1,43.2,52.8,40.8,0.6,0.6,0.4,0.9916666666666666
roughness,low_to_high,12,72,10,0.8680885853888365,0.973278201106672,0.9561070692871212,0.11804901123913418,1.8,1.7,2.0,48.0,48.0,43.2,0.6,0.3,0.3,1.0
roughness,low_to_high,12,75,10,0.8797371547962609,0.9764119878783937,0.950494709870679,0.09733031327202972,1.8,1.7,2.0,52.8,48.0,50.4,0.6,0.7,0.6,1.0
roughness,low_to_high,12,78,10,0.9036941952967995,0.9790536088131712,0.9493315030690643,0.07262945284831197,1.9,1.6,2.0,50.4,45.6,50.4,0.7,0.8,0.7,1.0
roughness,low_to_high,12,81,10,0.92156645779425,0.9786915918643144,0.9673076810469456,0.056426095679776724,2.1,1.7,2.2,45.6,50.4,45.6,0.5,0.6,0.2,1.0
roughness,low_to_high,12,84,10,0.9337036301596854,0.9824666097284609,0.9739752646231574,0.044940107000942656,2.1,1.7,2.3,43.2,50.4,43.2,0.6,0.5,0.4,1.0
roughness,low_to_high,12,87,10,0.9373443614708469,0.9796554203820846,0.9671094505905732,0.03931736913946191,2.1,1.9,2.1,48.0,52.8,43.2,0.6,0.7,0.6,1.0
roughness,low_to_high,12,90,10,0.9423880687616559,0.9785111765033777,0.9666466227550312,0.034017419123052485,2.0,1.7,2.1,48.0,43.2,45.6,0.7,0.7,0.6,1.0
roughness,low_to_high,12,93,10,0.9506805992183068,0.9824734902508728,0.9360268694713932,0.06274220054436122,2.1,1.7,2.1,52.8,45.6,45.6,0.7,0.5,0.5,1.0
roughness,low_to_high,12,96,10,0.9469946353697625,0.9869147108588343,0.9355020560372322,0.05758093896675883,2.0,1.8,2.1,50.4,50.4,45.6,0.7,0.6,0.6,1.0
roughness,low_to_high,12,99,10,0.9486334110561238,0.9876420935897663,0.9320641505351018,0.0562402037725229,1.9,1.8,2.0,50.4,50.4,50.4,0.7,0.6,0.6,1.0
roughness,low_to_high,12,102,10,0.9551718877972839,0.9858047613433399,0.9367051985082862,0.05595346633853408,1.9,1.8,2.0,45.6,48.0,43.2,0.7,0.7,0.7,1.0
roughness,low_to_high,12,105,10,0.9550971183809913,0.9727518249887683,0.9757871587045395,0.02069012973100818,2.1,1.8,2.3,45.6,48.0,43.2,0.8,0.7,0.7,1.0
roughness,low_to_high,12,108,10,0.9827157359229355,0.9883680061210178,0.9858071697414464,0.003104433982220667,2.4,2.0,2.5,38.4,55.2,43.2,0.9,0.9,0.9,1.0
