date,value
1972-06-01,0.6472137570381165
1972-06-02,0.659805178642273
1972-06-05,0.6572869420051575
1972-06-06,0.6509914994239807
1972-06-07,0.6434366106987
1972-06-08,0.6497316956520081
1972-06-09,0.6459545493125916
1972-06-12,0.634621798992157
1972-06-13,0.6270672082901001
1972-06-14,0.6371403932571411
1972-06-15,0.6396591663360596
1972-06-16,0.6421773433685303
1972-06-19,0.6421773433685303
1972-06-20,0.6421773433685303
1972-06-21,0.6371403932571411
1972-06-22,0.629585325717926
1972-06-23,0.6157340407371521
1972-06-26,0.5993651747703552
1972-06-27,0.6044023036956787
1972-06-28,0.6031427383422852
1972-06-29,0.5968468189239502
1972-06-30,0.5968468189239502
1972-07-03,0.5968468189239502
1972-07-05,0.6018837094306946
1972-07-06,0.6069206595420837
1972-07-07,0.6245490908622742
1972-07-10,0.6220309138298035
1972-07-11,0.6245490908622742
1972-07-12,0.6245490908622742
1972-07-13,0.6232894659042358
1972-07-14,0.6232894659042358
1972-07-17,0.6245490908622742
1972-07-18,0.6258082389831543
1972-07-19,0.629585325717926
1972-07-20,0.6258082389831543
1972-07-21,0.6245490908622742
1972-07-24,0.6195117831230164
1972-07-25,0.6169935464859009
1972-07-26,0.6270672082901001
1972-07-27,0.6169935464859009
1972-07-28,0.6119571328163147
1972-07-31,0.6106979846954346
1972-08-01,0.6069206595420837
1972-08-02,0.6069206595420837
1972-08-03,0.6119571328163147
1972-08-04,0.6157340407371521
1972-08-07,0.634621798992157
1972-08-08,0.6446952223777771
1972-08-09,0.6484730243682861
1972-08-10,0.658545970916748
1972-08-11,0.6799525618553162
1972-08-14,0.6900255084037781
1972-08-15,0.7038763761520386
1972-08-16,0.7000991106033325
1972-08-17,0.7290595769882202
1972-08-18,0.745428740978241
1972-08-21,0.7479473948478699
1972-08-22,0.7756489515304565
1972-08-23,0.7806862592697144
1972-08-24,0.7769081592559814
1972-08-25,0.7827948927879333
1972-08-28,0.7701076865196228
1972-08-29,0.7637649178504944
1972-08-30,0.7840641736984253
1972-08-31,0.7942141890525818
1972-09-01,0.7942141890525818
1972-09-05,0.7904074788093567
1972-09-06,0.7904074788093567
1972-09-07,0.7878696322441101
1972-09-08,0.7916761636734009
1972-09-11,0.7853325605392456
1972-09-12,0.7536149024963379
1972-09-13,0.7599588632583618
1972-09-14,0.7650331854820251
1972-09-15,0.7599588632583618
1972-09-18,0.7510771155357361
1972-09-19,0.7561522722244263
1972-09-20,0.7561522722244263
1972-09-21,0.7498087286949158
1972-09-22,0.7307780981063843
1972-09-25,0.7358527183532715
1972-09-26,0.7612273693084717
1972-09-27,0.7916761636734009
1972-09-28,0.8119757771492004
1972-09-29,0.8246628642082214
1972-10-02,0.8018258213996887
1972-10-03,0.8119757771492004
1972-10-04,0.8195877075195312
1972-10-05,0.7967510223388672
1972-10-06,0.8043641448020935
1972-10-09,0.8221253752708435
1972-10-10,0.827200174331665
1972-10-11,0.8195877075195312
1972-10-12,0.8170503377914429
1972-10-13,0.8069009780883789
1972-10-16,0.7967510223388672
1972-10-17,0.8069009780883789
1972-10-18,0.7967510223388672
1972-10-19,0.7866015434265137
1972-10-20,0.8069009780883789
1972-10-23,0.8195877075195312
1972-10-24,0.8119757771492004
1972-10-25,0.8221253752708435
1972-10-26,0.8119757771492004
1972-10-27,0.7688393592834473
1972-10-30,0.7916761636734009
1972-10-31,0.8373496532440186
1972-11-01,0.8525741696357727
1972-11-02,0.8880980610847473
1972-11-03,0.877948522567749
1972-11-06,0.8906357884407043
1972-11-08,0.8880980610847473
1972-11-09,0.91093510389328
1972-11-10,0.8982484936714172
1972-11-13,0.8906357884407043
1972-11-14,0.8957107067108154
1972-11-15,0.8906357884407043
1972-11-16,0.8906357884407043
1972-11-17,0.9134724736213684
1972-11-20,0.9236223101615906
1972-11-21,0.9540721774101257
1972-11-22,0.9489960074424744
1972-11-24,0.9312341809272766
1972-11-27,0.9316427707672119
1972-11-28,0.952063262462616
1972-11-29,0.9597207307815552
1972-11-30,0.9699293375015259
1972-12-01,0.9724821448326111
1972-12-04,0.962272584438324
1972-12-05,0.9469579458236694
1972-12-06,0.952063262462616
1972-12-07,0.949510395526886
1972-12-08,0.926537811756134
1972-12-11,0.9316427707672119
1972-12-12,0.9418526887893677
1972-12-13,0.9367479085922241
1972-12-14,0.9341953992843628
1972-12-15,0.9341953992843628
1972-12-18,0.9188812971115112
1972-12-19,0.9444054961204529
1972-12-20,0.95461505651474
1972-12-21,0.9367479085922241
1972-12-22,0.9188812971115112
1972-12-26,0.9137762188911438
1972-12-27,0.9086712002754211
1972-12-29,0.9341953992843628
1973-01-02,0.9137762188911438
1973-01-03,0.9137762188911438
1973-01-04,0.9137762188911438
1973-01-05,0.9010136127471924
1973-01-08,0.8856986165046692
1973-01-09,0.926537811756134
1973-01-10,0.926537811756134
1973-01-11,0.9137762188911438
1973-01-12,0.9061185717582703
1973-01-15,0.8831468224525452
1973-01-16,0.8678326606750488
1973-01-17,0.8678326606750488
1973-01-18,0.8652788996696472
1973-01-19,0.8550692796707153
1973-01-22,0.8499644994735718
1973-01-23,0.8933563828468323
1973-01-24,0.8856986165046692
1973-01-26,0.8933563828468323
1973-01-29,0.8959087133407593
1973-01-30,0.9035663604736328
1973-01-31,0.9214334487915039
1973-02-01,0.9214334487915039
1973-02-02,0.9086712002754211
1973-02-05,0.9010136127471924
1973-02-06,0.9035663604736328
1973-02-07,0.9010136127471924
1973-02-08,0.911223292350769
1973-02-09,0.9188812971115112
1973-02-12,0.9469579458236694
1973-02-13,0.9699293375015259
1973-02-14,0.952063262462616
1973-02-15,0.9724821448326111
1973-02-16,0.9775872230529785
1973-02-20,0.9929021000862122
1973-02-21,0.9801397323608398
1973-02-22,0.962272584438324
1973-02-23,0.9395785927772522
1973-02-26,0.9293105006217957
1973-02-27,0.9062055945396423
1973-02-28,0.9575492739677429
1973-03-01,0.9524145722389221
1973-03-02,0.9832204580307007
1973-03-05,0.9934898614883423
1973-03-06,1.0114585161209106
1973-03-07,1.0037564039230347
1973-03-08,0.9755184650421143
1973-03-09,0.9678172469139099
1973-03-12,0.972952127456665
1973-03-13,0.9549822211265564
1973-03-14,0.9549822211265564
1973-03-15,0.9318773150444031
1973-03-16,0.9344449043273926
1973-03-19,0.9062055945396423
1973-03-20,0.9216079711914062
1973-03-21,0.9164742231369019
1973-03-22,0.9139074087142944
1973-03-23,0.9216079711914062
1973-03-26,0.9087734222412109
1973-03-27,0.9241763949394226
1973-03-28,0.9216079711914062
1973-03-29,0.9241763949394226
1973-03-30,0.9062055945396423
1973-04-02,0.9087734222412109
1973-04-03,0.862564206123352
1973-04-04,0.8599961400032043
1973-04-05,0.8445939421653748
1973-04-06,0.8599961400032043
1973-04-09,0.8856686949729919
1973-04-10,0.9036388397216797
1973-04-11,0.9010715484619141
1973-04-12,0.893370509147644
1973-04-13,0.8908024430274963
1973-04-16,0.8676977157592773
1973-04-17,0.8702652454376221
1973-04-18,0.883101224899292
1973-04-19,0.898504376411438
1973-04-23,0.8548622727394104
1973-04-24,0.8471611738204956
1973-04-25,0.8112214803695679
1973-04-26,0.7932506799697876
1973-04-27,0.7675793766975403
1973-04-30,0.7701464295387268
1973-05-01,0.7778481245040894
1973-05-02,0.7983849048614502
1973-05-03,0.8779672980308533
1973-05-04,0.8522958159446716
1973-05-07,0.8497282862663269
1973-05-08,0.862564206123352
1973-05-09,0.8368924856185913
1973-05-10,0.8137879967689514
1973-05-11,0.8137879967689514
1973-05-14,0.8137879967689514
1973-05-15,0.8189221024513245
1973-05-16,0.8035199642181396
1973-05-17,0.8035199642181396
1973-05-18,0.7906835079193115
1973-05-21,0.7778481245040894
1973-05-22,0.7906835079193115
1973-05-23,0.8394601941108704
1973-05-24,0.8908024430274963
1973-05-25,0.8679665923118591
1973-05-29,0.8628008365631104
1973-05-30,0.8188855051994324
1973-05-31,0.8085526823997498
1973-06-01,0.8188855051994324
1973-06-04,0.7956364750862122
1973-06-05,0.8085526823997498
1973-06-06,0.8188855051994324
1973-06-07,0.826635479927063
1973-06-08,0.8395515084266663
1973-06-11,0.8318014144897461
1973-06-12,0.8473008275032043
1973-06-13,0.8395515084266663
1973-06-14,0.821468710899353
1973-06-15,0.8137186765670776
1973-06-18,0.7749700546264648
1973-06-19,0.7568877935409546
1973-06-20,0.7620549201965332
1973-06-21,0.7465545535087585
1973-06-22,0.8085526823997498
1973-06-25,0.798219621181488
1973-06-26,0.8085526823997498
1973-06-27,0.8137186765670776
1973-06-28,0.8085526823997498
1973-06-29,0.8085526823997498
1973-07-02,0.7956364750862122
1973-07-03,0.7827200293540955
1973-07-05,0.7904703617095947
1973-07-06,0.777553915977478
1973-07-09,0.7827200293540955
1973-07-10,0.8111359477043152
1973-07-11,0.8318014144897461
1973-07-12,0.8473008275032043
1973-07-13,0.8447185158729553
1973-07-16,0.8679665923118591
1973-07-17,0.8963824510574341
1973-07-18,0.9222150444984436
1973-07-19,0.9118818044662476
1973-07-20,0.9247989058494568
1973-07-23,0.9454641342163086
1973-07-24,0.9816288352012634
1973-07-25,0.9738792777061462
1973-07-26,0.9712970852851868
1973-07-27,0.9919624924659729
1973-07-30,0.9842127561569214
1973-07-31,0.989378809928894
1973-08-01,0.960964024066925
1973-08-02,0.9738792777061462
1973-08-03,0.9945460557937622
1973-08-06,1.0126280784606934
1973-08-07,1.0074609518051147
1973-08-08,0.9816288352012634
1973-08-09,0.9997124671936035
1973-08-10,1.0177944898605347
1973-08-13,1.015211582183838
1973-08-14,1.0074609518051147
1973-08-15,1.0281271934509277
1973-08-16,1.0694594383239746
1973-08-17,1.103041172027588
1973-08-20,1.0823760032653809
1973-08-21,1.0642931461334229
1973-08-22,1.0539597272872925
1973-08-23,1.0849586725234985
1973-08-24,1.0901254415512085
1973-08-27,1.1242438554763794
1973-08-28,1.1503269672393799
1973-08-29,1.1685880422592163
1973-08-30,1.147719383239746
1973-08-31,1.1581528186798096
1973-09-04,1.1581528186798096
1973-09-05,1.1581528186798096
1973-09-06,1.1685880422592163
1973-09-07,1.1738052368164062
1973-09-10,1.1685880422592163
1973-09-11,1.1633706092834473
1973-09-12,1.1555449962615967
1973-09-13,1.1555449962615967
1973-09-14,1.1529370546340942
1973-09-17,1.1738052368164062
1973-09-18,1.1998896598815918
1973-09-19,1.2416236400604248
1973-09-20,1.210322618484497
1973-09-21,1.2494494915008545
1973-09-24,1.2416236400604248
1973-09-25,1.2207562923431396
1973-09-26,1.2259736061096191
1973-09-27,1.2259736061096191
1973-09-28,1.2364070415496826
1973-10-01,1.228581190109253
1973-10-02,1.2494494915008545
1973-10-03,1.306835412979126
1973-10-04,1.3407461643218994
1973-10-05,1.3459619283676147
1973-10-08,1.3616129159927368
1973-10-09,1.3511788845062256
1973-10-10,1.3042271137237549
1973-10-11,1.3433536291122437
1973-10-12,1.3459619283676147
1973-10-15,1.3120527267456055
1973-10-16,1.3042271137237549
1973-10-17,1.3511788845062256
1973-10-18,1.3459619283676147
1973-10-19,1.332920789718628
1973-10-22,1.3094435930252075
1973-10-23,1.3277034759521484
1973-10-24,1.3459619283676147
1973-10-25,1.3303123712539673
1973-10-26,1.3198776245117188
1973-10-29,1.3146601915359497
1973-10-30,1.2337981462478638
1973-10-31,1.1555449962615967
1973-11-01,1.192063808441162
1973-11-02,1.1633706092834473
1973-11-05,1.1451114416122437
1973-11-06,1.147719383239746
1973-11-07,1.1790207624435425
1973-11-08,1.2051055431365967
1973-11-09,1.181628704071045
1973-11-12,1.0799002647399902
1973-11-13,1.1190261840820312
1973-11-14,1.0799002647399902
1973-11-15,1.0903348922729492
1973-11-16,1.1320686340332031
1973-11-19,1.0851175785064697
1973-11-20,1.0851175785064697
1973-11-21,1.1294608116149902
1973-11-23,1.1425025463104248
1973-11-26,1.1078495979309082
1973-11-27,1.0500946044921875
1973-11-28,1.0894728899002075
1973-11-29,1.110474944114685
1973-11-30,1.042218804359436
1973-12-03,1.0133411884307861
1973-12-04,0.9870885610580444
1973-12-05,0.9923396706581116
1973-12-06,1.063220500946045
1973-12-07,1.0947237014770508
1973-12-10,1.1288517713546753
1973-12-11,1.063220500946045
1973-12-12,1.0474692583084106
1973-12-13,1.026467204093933
1973-12-14,1.0395936965942383
1973-12-17,1.042218804359436
1973-12-18,1.063220500946045
1973-12-19,1.0658459663391113
1973-12-20,1.092098593711853
1973-12-21,1.092098593711853
1973-12-24,1.0763466358184814
1973-12-26,1.1209766864776611
1973-12-27,1.097349762916565
1973-12-28,1.078972339630127
1973-12-31,1.0605953931808472
1974-01-02,1.0658459663391113
1974-01-03,1.1183507442474365
1974-01-04,1.0815975666046143
1974-01-07,1.018591046333313
1974-01-08,0.9214579463005066
1974-01-09,0.9293341636657715
1974-01-10,0.9135822057723999
1974-01-11,0.9345847368240356
1974-01-14,0.9424598217010498
1974-01-15,0.916207492351532
1974-01-16,0.9503351449966431
1974-01-17,0.9818379282951355
1974-01-18,0.9634615778923035
1974-01-21,0.9555864930152893
1974-01-22,0.9739624261856079
1974-01-23,0.9870885610580444
1974-01-24,0.9634615778923035
1974-01-25,0.9660870432853699
1974-01-28,0.9608368873596191
1974-01-29,0.9582108855247498
1974-01-30,0.9739624261856079
1974-01-31,0.9792141914367676
1974-02-01,0.9634615778923035
1974-02-04,0.9293341636657715
1974-02-05,0.9109570980072021
1974-02-06,0.9240834712982178
1974-02-07,0.9240834712982178
1974-02-08,0.897830605506897
1974-02-11,0.8532024025917053
1974-02-12,0.8637027740478516
1974-02-13,0.8952053189277649
1974-02-14,0.916207492351532
1974-02-15,0.9398345947265625
1974-02-19,0.9293341636657715
1974-02-20,0.971337616443634
1974-02-21,0.9660870432853699
1974-02-22,0.9608368873596191
1974-02-25,0.9655981063842773
1974-02-26,0.9999898076057434
1974-02-27,0.9841173887252808
1974-02-28,0.9655981063842773
1974-03-01,0.9550161361694336
1974-03-04,0.9629533886909485
1974-03-05,0.9999898076057434
1974-03-06,1.0026353597640991
1974-03-07,0.9788259863853455
1974-03-08,0.9788259863853455
1974-03-11,0.9788259863853455
1974-03-12,0.9788259863853455
1974-03-13,0.9655981063842773
1974-03-14,0.9682444334030151
1974-03-15,0.9497256875038147
1974-03-18,0.9364986419677734
1974-03-19,0.931207537651062
1974-03-20,0.9470800161361694
1974-03-21,0.9444348216056824
1974-03-22,0.9206253290176392
1974-03-25,0.910042941570282
1974-03-26,0.904752254486084
1974-03-27,0.8941702842712402
1974-03-28,0.8465524315834045
1974-03-29,0.8571341037750244
1974-04-01,0.8650709986686707
1974-04-02,0.8333250880241394
1974-04-03,0.8253885507583618
1974-04-04,0.8306792974472046
1974-04-05,0.8280332088470459
1974-04-08,0.8148060441017151
1974-04-09,0.8333250880241394
1974-04-10,0.8439066410064697
1974-04-11,0.8518428206443787
1974-04-15,0.8518428206443787
1974-04-16,0.8571341037750244
1974-04-17,0.8597800731658936
1974-04-18,0.8624249696731567
1974-04-19,0.8518428206443787
1974-04-22,0.8703612685203552
1974-04-23,0.8571341037750244
1974-04-24,0.8253885507583618
1974-04-25,0.8174518942832947
1974-04-26,0.8121609091758728
1974-04-29,0.8095157742500305
1974-04-30,0.7989331483840942
1974-05-01,0.8200973272323608
1974-05-02,0.8095157742500305
1974-05-03,0.8200973272323608
1974-05-06,0.8121609091758728
1974-05-07,0.8148060441017151
1974-05-08,0.8068697452545166
1974-05-09,0.8253885507583618
1974-05-10,0.8148060441017151
1974-05-13,0.8095157742500305
1974-05-14,0.8121609091758728
1974-05-15,0.8200973272323608
1974-05-16,0.8068697452545166
1974-05-17,0.801578938961029
1974-05-20,0.7645416259765625
1974-05-21,0.7407339811325073
1974-05-22,0.7248602509498596
1974-05-23,0.7222146987915039
1974-05-24,0.7495189309120178
1974-05-28,0.7789642810821533
1974-05-29,0.7602260708808899
1974-05-30,0.8030557632446289
1974-05-31,0.7923474311828613
1974-06-03,0.8432083129882812
1974-06-04,0.859269917011261
1974-06-05,0.8405314087867737
1974-06-06,0.8565927147865295
1974-06-07,0.8672999143600464
1974-06-10,0.8726539611816406
1974-06-11,0.8780077695846558
1974-06-12,0.8860378861427307
1974-06-13,0.8994225263595581
1974-06-14,0.8806843161582947
1974-06-17,0.8619463443756104
1974-06-18,0.8726539611816406
1974-06-19,0.8753306865692139
1974-06-20,0.8753306865692139
1974-06-21,0.8726539611816406
1974-06-24,0.8780077695846558
1974-06-25,0.8994225263595581
1974-06-26,0.888715386390686
1974-06-27,0.8753306865692139
1974-06-28,0.8833619952201843
1974-07-01,0.859269917011261
1974-07-02,0.8084092140197754
1974-07-03,0.8030557632446289
1974-07-05,0.7869948148727417
1974-07-08,0.7629032731056213
1974-07-09,0.7682564854621887
1974-07-10,0.7495189309120178
1974-07-11,0.7414880394935608
1974-07-12,0.7816407680511475
1974-07-15,0.7896716594696045
1974-07-16,0.7816407680511475
1974-07-17,0.805732786655426
1974-07-18,0.8030557632446289
1974-07-19,0.8244705200195312
1974-07-22,0.8298240900039673
1974-07-23,0.8485621809959412
1974-07-24,0.8244705200195312
1974-07-25,0.7923474311828613
1974-07-26,0.7602260708808899
1974-07-29,0.7682564854621887
1974-07-30,0.7575491666793823
1974-07-31,0.7629032731056213
1974-08-01,0.770933210849762
1974-08-02,0.7575491666793823
1974-08-05,0.7602260708808899
1974-08-06,0.7816407680511475
1974-08-07,0.8030557632446289
1974-08-08,0.7602260708808899
1974-08-09,0.7495189309120178
1974-08-12,0.7281038761138916
1974-08-13,0.6959813833236694
1974-08-14,0.6745665669441223
1974-08-15,0.6745665669441223
1974-08-16,0.6692129373550415
1974-08-19,0.6531518697738647
1974-08-20,0.6611824035644531
1974-08-21,0.6638591289520264
1974-08-22,0.658505916595459
1974-08-23,0.6531518697738647
1974-08-26,0.6618316173553467
1974-08-27,0.6509822010993958
1974-08-28,0.6509822010993958
1974-08-29,0.6374194622039795
1974-08-30,0.6455571055412292
1974-09-03,0.6347072124481201
1974-09-04,0.6075828075408936
1974-09-05,0.6184327006340027
1974-09-06,0.6536945104598999
1974-09-09,0.6509822010993958
1974-09-10,0.6564069390296936
1974-09-11,0.6509822010993958
1974-09-12,0.6428448557853699
1974-09-13,0.6292823553085327
1974-09-16,0.6699689626693726
1974-09-17,0.6781059503555298
1974-09-18,0.6835309267044067
1974-09-19,0.7025183439254761
1974-09-20,0.7052302360534668
1974-09-23,0.7187923789024353
1974-09-24,0.7106550931930542
1974-09-25,0.7025183439254761
1974-09-26,0.68624347448349
1974-09-27,0.6672568917274475
1974-09-30,0.6347072124481201
1974-10-01,0.6564069390296936
1974-10-02,0.6726807951927185
1974-10-03,0.6564069390296936
1974-10-04,0.6564069390296936
1974-10-07,0.6970933675765991
1974-10-08,0.7052302360534668
1974-10-09,0.7377796769142151
1974-10-10,0.77032870054245
1974-10-11,0.7784658074378967
1974-10-14,0.7811779975891113
1974-10-15,0.786602795124054
1974-10-16,0.8110144138336182
1974-10-17,0.8245773911476135
1974-10-18,0.8842504024505615
1974-10-21,0.9113748073577881
1974-10-22,0.8598388433456421
1974-10-23,0.8435641527175903
1974-10-24,0.8462764024734497
1974-10-25,0.8571264147758484
1974-10-28,0.8489888906478882
1974-10-29,0.9113748073577881
1974-10-30,0.9059497117996216
1974-10-31,0.9222244024276733
1974-11-01,0.9222244024276733
1974-11-04,0.9032371044158936
1974-11-05,0.9303616285324097
1974-11-06,0.9493486881256104
1974-11-07,0.9520612955093384
1974-11-08,0.9574858546257019
1974-11-11,0.973760187625885
1974-11-12,0.9330736398696899
1974-11-13,0.9276494383811951
1974-11-14,0.9384992718696594
1974-11-15,0.9005251526832581
1974-11-18,0.8462764024734497
1974-11-19,0.8354266881942749
1974-11-20,0.8489888906478882
1974-11-21,0.8517013192176819
1974-11-22,0.8659512996673584
1974-11-25,0.8632109761238098
1974-11-26,0.8823927640914917
1974-11-27,0.9015757441520691
1974-11-29,0.9015757441520691
1974-12-02,0.8604702949523926
1974-12-03,0.822105348110199
1974-12-04,0.800182580947876
1974-12-05,0.7947014570236206
1974-12-06,0.8056635856628418
1974-12-09,0.849509060382843
1974-12-10,0.8549895882606506
1974-12-11,0.8522496819496155
1974-12-12,0.849509060382843
1974-12-13,0.8303263783454895
1974-12-16,0.849509060382843
1974-12-17,0.8714317679405212
1974-12-18,0.8878737092018127
1974-12-19,0.8851327300071716
1974-12-20,0.8714317679405212
1974-12-23,0.8769120573997498
1974-12-24,0.8933544754981995
1974-12-26,0.8988351821899414
1974-12-27,0.9015757441520691
1974-12-30,0.9152778387069702
1974-12-31,0.9344601035118103
1975-01-02,0.939940869808197
1975-01-03,0.9097967743873596
1975-01-06,0.9015757441520691
1975-01-07,0.8823927640914917
1975-01-08,0.8522496819496155
1975-01-09,0.8686916828155518
1975-01-10,0.8851327300071716
1975-01-13,0.8851327300071716
1975-01-14,0.8769120573997498
1975-01-15,0.8823927640914917
1975-01-16,0.8714317679405212
1975-01-17,0.8714317679405212
1975-01-20,0.8796533942222595
1975-01-21,0.8851327300071716
1975-01-22,0.8769120573997498
1975-01-23,0.8358073830604553
1975-01-24,0.813884437084198
1975-01-27,0.8440279364585876
1975-01-28,0.8549895882606506
1975-01-29,0.8632109761238098
1975-01-30,0.8467683792114258
1975-01-31,0.8412871956825256
1975-02-03,0.849509060382843
1975-02-04,0.822105348110199
1975-02-05,0.8330667018890381
1975-02-06,0.8056635856628418
1975-02-07,0.7782598733901978
1975-02-10,0.7700392007827759
1975-02-11,0.7947014570236206
1975-02-12,0.8248458504676819
1975-02-13,0.8440279364585876
1975-02-14,0.849509060382843
1975-02-18,0.8467683792114258
1975-02-19,0.8878737092018127
1975-02-20,0.9097967743873596
1975-02-21,0.9125372767448425
1975-02-24,0.8988351821899414
1975-02-25,0.8700191974639893
1975-02-26,0.8894147276878357
1975-02-27,0.8866437673568726
1975-02-28,0.8811019062995911
1975-03-03,0.8894147276878357
1975-03-04,0.8866437673568726
1975-03-05,0.8617070317268372
1975-03-06,0.8644776344299316
1975-03-07,0.8589363098144531
1975-03-10,0.8644776344299316
1975-03-11,0.8617070317268372
1975-03-12,0.8533944487571716
1975-03-13,0.8644776344299316
1975-03-14,0.8949562907218933
1975-03-17,0.9309764504432678
1975-03-18,0.9365176558494568
1975-03-19,0.9254347681999207
1975-03-20,0.9171224236488342
1975-03-21,0.9032682180404663
1975-03-24,0.8811019062995911
1975-03-25,0.8949562907218933
1975-03-26,0.9004983305931091
1975-03-27,0.9004983305931091
1975-03-31,0.8977271318435669
1975-04-01,0.8783316016197205
1975-04-02,0.8533944487571716
1975-04-03,0.8533944487571716
1975-04-04,0.8533944487571716
1975-04-07,0.8617070317268372
1975-04-08,0.8589363098144531
1975-04-09,0.8755613565444946
1975-04-10,0.8811019062995911
1975-04-11,0.8700191974639893
1975-04-14,0.8921857476234436
1975-04-15,0.9032682180404663
1975-04-16,0.8977271318435669
1975-04-17,0.9143524169921875
1975-04-18,0.9004983305931091
1975-04-21,0.9392880797386169
1975-04-22,0.950371503829956
1975-04-23,0.9115806221961975
1975-04-24,0.9198927283287048
1975-04-25,0.9254347681999207
1975-04-28,0.9198927283287048
1975-04-29,0.9088101387023926
1975-04-30,0.9309764504432678
1975-05-01,0.9420596361160278
1975-05-02,0.9697672128677368
1975-05-05,1.0085580348968506
1975-05-06,1.0030159950256348
1975-05-07,1.0196408033370972
1975-05-08,1.036264181137085
1975-05-09,1.0418065786361694
1975-05-12,1.0390359163284302
1975-05-13,1.027953028678894
1975-05-14,1.011328101158142
1975-05-15,0.9642255306243896
1975-05-16,0.9919331073760986
1975-05-19,0.9891620874404907
1975-05-20,0.986391544342041
1975-05-21,0.980850338935852
1975-05-22,1.0002455711364746
1975-05-23,1.0047229528427124
1975-05-27,1.0019246339797974
1975-05-28,0.9711392521858215
1975-05-29,0.954347550868988
1975-05-30,0.9487491250038147
1975-06-02,0.976736307144165
1975-06-03,0.976736307144165
1975-06-04,0.9739381074905396
1975-06-05,0.9683407545089722
1975-06-06,0.9683407545089722
1975-06-09,0.9179643392562866
1975-06-10,0.9375545382499695
1975-06-11,0.9179643392562866
1975-06-12,0.9067696928977966
1975-06-13,0.9179643392562866
1975-06-16,0.9235620498657227
1975-06-17,0.8843804597854614
1975-06-18,0.8787825703620911
1975-06-19,0.8927769660949707
1975-06-20,0.9179643392562866
1975-06-23,0.9151660203933716
1975-06-24,0.9263606071472168
1975-06-25,0.9403539896011353
1975-06-26,0.9347561597824097
1975-06-27,0.9431522488594055
1975-06-30,0.9431522488594055
1975-07-01,0.9403539896011353
1975-07-02,0.9375545382499695
1975-07-03,0.9291584491729736
1975-07-07,0.9011723399162292
1975-07-08,0.8871787190437317
1975-07-09,0.9011723399162292
1975-07-10,0.9179643392562866
1975-07-11,0.9291584491729736
1975-07-14,0.9403539896011353
1975-07-15,0.9375545382499695
1975-07-16,0.9291584491729736
1975-07-17,0.9067696928977966
1975-07-18,0.9151660203933716
1975-07-21,0.9095686674118042
1975-07-22,0.9067696928977966
1975-07-23,0.8899771571159363
1975-07-24,0.9011723399162292
1975-07-25,0.8871787190437317
1975-07-28,0.8983734846115112
1975-07-29,0.8815819621086121
1975-07-30,0.9067696928977966
1975-07-31,0.9039707183837891
1975-08-01,0.8871787190437317
1975-08-04,0.8955743312835693
1975-08-05,0.9011723399162292
1975-08-06,0.8983734846115112
1975-08-07,0.9011723399162292
1975-08-08,0.9011723399162292
1975-08-11,0.9095686674118042
1975-08-12,0.9179643392562866
1975-08-13,0.8955743312835693
1975-08-14,0.8927769660949707
1975-08-15,0.8955743312835693
1975-08-18,0.8955743312835693
1975-08-19,0.8731855154037476
1975-08-20,0.8703866600990295
1975-08-21,0.8843804597854614
1975-08-22,0.9011723399162292
1975-08-25,0.9057008624076843
1975-08-26,0.8972094058990479
1975-08-27,0.9057008624076843
1975-08-28,0.9283435940742493
1975-08-29,0.9368345141410828
1975-09-02,0.9198523163795471
1975-09-03,0.9509856104850769
1975-09-04,0.9821188449859619
1975-09-05,0.976458728313446
1975-09-08,0.9877802729606628
1975-09-09,0.973628044128418
1975-09-10,0.9792889952659607
1975-09-11,0.9877802729606628
1975-09-12,0.996270477771759
1975-09-15,1.0047614574432373
1975-09-16,0.9849489331245422
1975-09-17,0.9906100630760193
1975-09-18,1.018913745880127
1975-09-19,1.058537483215332
1975-09-22,1.0500476360321045
1975-09-23,1.061367154121399
1975-09-24,1.07551908493042
1975-09-25,1.0811797380447388
1975-09-26,1.07551908493042
1975-09-29,1.0528767108917236
1975-09-30,1.0330649614334106
1975-10-01,1.0302348136901855
1975-10-02,1.0472161769866943
1975-10-03,1.07551908493042
1975-10-06,1.07551908493042
1975-10-07,1.0811797380447388
1975-10-08,1.0868409872055054
1975-10-09,1.0868409872055054
1975-10-10,1.0868409872055054
1975-10-13,1.098162055015564
1975-10-14,1.0896711349487305
1975-10-15,1.0840107202529907
1975-10-16,1.1094837188720703
1975-10-17,1.1066527366638184
1975-10-20,1.1264647245407104
1975-10-21,1.1321264505386353
1975-10-22,1.1264647245407104
1975-10-23,1.1292957067489624
1975-10-24,1.115143895149231
1975-10-27,1.1208046674728394
1975-10-28,1.1179744005203247
1975-10-29,1.098162055015564
1975-10-30,1.1009920835494995
1975-10-31,1.0925015211105347
1975-11-03,1.07551908493042
1975-11-04,1.07551908493042
1975-11-05,1.0811797380447388
1975-11-06,1.0840107202529907
1975-11-07,1.0925015211105347
1975-11-10,1.1094837188720703
1975-11-11,1.1321264505386353
1975-11-12,1.1604275703430176
1975-11-13,1.1547679901123047
1975-11-14,1.1434470415115356
1975-11-17,1.1660900115966797
1975-11-18,1.1604275703430176
1975-11-19,1.1377867460250854
1975-11-20,1.146277904510498
1975-11-21,1.1428499221801758
1975-11-24,1.1314207315444946
1975-11-25,1.1342777013778687
1975-11-26,1.1485629081726074
1975-11-28,1.1485629081726074
1975-12-01,1.145705223083496
1975-12-02,1.1199917793273926
1975-12-03,1.0971347093582153
1975-12-04,1.1085636615753174
1975-12-05,1.074278473854065
1975-12-08,1.0799915790557861
1975-12-09,1.0685635805130005
1975-12-10,1.077134132385254
1975-12-11,1.0799915790557861
1975-12-12,1.085706114768982
1975-12-15,1.1028493642807007
1975-12-16,1.1085636615753174
1975-12-17,1.1228487491607666
1975-12-18,1.1314207315444946
1975-12-19,1.1342777013778687
1975-12-22,1.1257060766220093
1975-12-23,1.1428499221801758
1975-12-24,1.145705223083496
1975-12-26,1.1514208316802979
1975-12-29,1.1428499221801758
1975-12-30,1.1657054424285889
1975-12-31,1.1857049465179443
1976-01-02,1.1885627508163452
1976-01-05,1.2228485345840454
1976-01-06,1.2228485345840454
1976-01-07,1.2228485345840454
1976-01-08,1.1857049465179443
1976-01-09,1.191419243812561
1976-01-12,1.214277982711792
1976-01-13,1.2057052850723267
1976-01-14,1.2228485345840454
1976-01-15,1.234276294708252
1976-01-16,1.2485617399215698
1976-01-19,1.2714197635650635
1976-01-20,1.285705804824829
1976-01-21,1.2885621786117554
1976-01-22,1.2771333456039429
1976-01-23,1.3171319961547852
1976-01-26,1.322847604751587
1976-01-27,1.3171319961547852
1976-01-28,1.3142762184143066
1976-01-29,1.3457043170928955
1976-01-30,1.3371326923370361
1976-02-02,1.3485606908798218
1976-02-03,1.3771328926086426
1976-02-04,1.3828482627868652
1976-02-05,1.3485606908798218
1976-02-06,1.3485606908798218
1976-02-09,1.3485606908798218
1976-02-10,1.3457043170928955
1976-02-11,1.3457043170928955
1976-02-12,1.3399903774261475
1976-02-13,1.3399903774261475
1976-02-17,1.3428469896316528
1976-02-18,1.3714189529418945
1976-02-19,1.408562183380127
1976-02-20,1.4171324968338013
1976-02-23,1.4199906587600708
1976-02-24,1.4251725673675537
1976-02-25,1.4856336116790771
1976-02-26,1.5259405374526978
1976-02-27,1.508665919303894
1976-03-01,1.5403378009796143
1976-03-02,1.5950411558151245
1976-03-03,1.5777666568756104
1976-03-04,1.5489747524261475
1976-03-05,1.5518535375595093
1976-03-08,1.5633703470230103
1976-03-09,1.572007179260254
1976-03-10,1.5662496089935303
1976-03-11,1.5806455612182617
1976-03-12,1.5489747524261475
1976-03-15,1.5029085874557495
1976-03-16,1.5317002534866333
1976-03-17,1.511545181274414
1976-03-18,1.5057874917984009
1976-03-19,1.4971508979797363
1976-03-22,1.5029085874557495
1976-03-23,1.5259405374526978
1976-03-24,1.5259405374526978
1976-03-25,1.5057874917984009
1976-03-26,1.488513708114624
1976-03-29,1.4626009464263916
1976-03-30,1.451084017753601
1976-03-31,1.465479850769043
1976-04-01,1.4827556610107422
1976-04-02,1.4827556610107422
1976-04-05,1.5374561548233032
1976-04-06,1.5460946559906006
1976-04-07,1.5345793962478638
1976-04-08,1.5057874917984009
1976-04-09,1.4741171598434448
1976-04-12,1.4395676851272583
1976-04-13,1.4366880655288696
1976-04-14,1.4280509948730469
1976-04-15,1.4107757806777954
1976-04-19,1.4280509948730469
1976-04-20,1.4453264474868774
1976-04-21,1.453963041305542
1976-04-22,1.4683600664138794
1976-04-23,1.43380868434906
1976-04-26,1.451084017753601
1976-04-27,1.4424463510513306
1976-04-28,1.451084017753601
1976-04-29,1.4741171598434448
1976-04-30,1.4827556610107422
1976-05-03,1.4827556610107422
1976-05-04,1.488513708114624
1976-05-05,1.4856336116790771
1976-05-06,1.4913917779922485
1976-05-07,1.5259405374526978
1976-05-10,1.5576128959655762
1976-05-11,1.5576128959655762
1976-05-12,1.5576128959655762
1976-05-13,1.5029085874557495
1976-05-14,1.4913917779922485
1976-05-17,1.488513708114624
1976-05-18,1.4971508979797363
1976-05-19,1.500029444694519
1976-05-20,1.4971508979797363
1976-05-21,1.488513708114624
1976-05-24,1.4712389707565308
1976-05-25,1.4915509223937988
1976-05-26,1.5437843799591064
1976-05-27,1.5437843799591064
1976-05-28,1.569901704788208
1976-06-01,1.59891939163208
1976-06-02,1.601821780204773
1976-06-03,1.6105271577835083
1976-06-04,1.601821780204773
1976-06-07,1.5844104290008545
1976-06-08,1.601821780204773
1976-06-09,1.5815086364746094
1976-06-10,1.596018671989441
1976-06-11,1.6250367164611816
1976-06-14,1.6540559530258179
1976-06-15,1.6395443677902222
1976-06-16,1.6598588228225708
1976-06-17,1.6917781829833984
1976-06-18,1.6946806907653809
1976-06-21,1.6975828409194946
1976-06-22,1.6801702976226807
1976-06-23,1.6453498601913452
1976-06-24,1.6598588228225708
1976-06-25,1.6627593040466309
1976-06-28,1.6134291887283325
1976-06-29,1.6105271577835083
1976-06-30,1.6134291887283325
1976-07-01,1.6134291887283325
1976-07-02,1.6163300275802612
1976-07-06,1.6105271577835083
1976-07-07,1.5815086364746094
1976-07-08,1.5931161642074585
1976-07-09,1.5815086364746094
1976-07-12,1.6076258420944214
1976-07-13,1.5815086364746094
1976-07-14,1.5815086364746094
1976-07-15,1.5757050514221191
1976-07-16,1.5728024244308472
1976-07-19,1.567000389099121
1976-07-20,1.5321768522262573
1976-07-21,1.5379806756973267
1976-07-22,1.5321768522262573
1976-07-23,1.5031577348709106
1976-07-26,1.4886490106582642
1976-07-27,1.5031577348709106
1976-07-28,1.5089621543884277
1976-07-29,1.529275894165039
1976-07-30,1.561195969581604
1976-08-02,1.5786073207855225
1976-08-03,1.5786073207855225
1976-08-04,1.569901704788208
1976-08-05,1.5495871305465698
1976-08-06,1.5350788831710815
1976-08-09,1.5350788831710815
1976-08-10,1.5437843799591064
1976-08-11,1.5437843799591064
1976-08-12,1.5408825874328613
1976-08-13,1.5495871305465698
1976-08-16,1.5728024244308472
1976-08-17,1.5902137756347656
1976-08-18,1.5815086364746094
1976-08-19,1.5408825874328613
1976-08-20,1.5234709978103638
1976-08-23,1.5089621543884277
1976-08-24,1.5176677703857422
1976-08-25,1.5334696769714355
1976-08-26,1.5305442810058594
1976-08-27,1.5188387632369995
1976-08-30,1.507132649421692
1976-08-31,1.5246919393539429
1976-09-01,1.539324164390564
1976-09-02,1.5363967418670654
1976-09-03,1.5598092079162598
1976-09-07,1.5832213163375854
1976-09-08,1.5978533029556274
1976-09-09,1.5744417905807495
1976-09-10,1.5861467123031616
1976-09-13,1.5920006036758423
1976-09-14,1.594926118850708
1976-09-15,1.5861467123031616
1976-09-16,1.568588376045227
1976-09-17,1.5832213163375854
1976-09-20,1.5802949666976929
1976-09-21,1.5920006036758423
1976-09-22,1.5276180505752563
1976-09-23,1.4925007820129395
1976-09-24,1.504205584526062
1976-09-27,1.5276180505752563
1976-09-28,1.51591157913208
1976-09-29,1.51591157913208
1976-09-30,1.486647605895996
1976-10-01,1.4515299797058105
1976-10-04,1.46323561668396
1976-10-05,1.4398245811462402
1976-10-06,1.4281179904937744
1976-10-07,1.4398245811462402
1976-10-08,1.4281179904937744
1976-10-11,1.3988535404205322
1976-10-12,1.3754407167434692
1976-10-13,1.4047064781188965
1976-10-14,1.392999291419983
1976-10-15,1.4047064781188965
1976-10-18,1.4281179904937744
1976-10-19,1.4222646951675415
1976-10-20,1.4690887928009033
1976-10-21,1.4398245811462402
1976-10-22,1.3988535404205322
1976-10-25,1.4222646951675415
1976-10-26,1.486647605895996
1976-10-27,1.4398245811462402
1976-10-28,1.46323561668396
1976-10-29,1.4807945489883423
1976-11-01,1.457382321357727
1976-11-03,1.4164119958877563
1976-11-04,1.4281179904937744
1976-11-05,1.4047064781188965
1976-11-08,1.4164119958877563
1976-11-09,1.4164119958877563
1976-11-10,1.4047064781188965
1976-11-11,1.387147307395935
1976-11-12,1.3988535404205322
1976-11-15,1.4047064781188965
1976-11-16,1.3812936544418335
1976-11-17,1.4047064781188965
1976-11-18,1.4047064781188965
1976-11-19,1.4222646951675415
1976-11-22,1.4398245811462402
1976-11-23,1.4164119958877563
1976-11-24,1.4175937175750732
1976-11-26,1.4116870164871216
1976-11-29,1.4175937175750732
1976-11-30,1.4057796001434326
1976-12-01,1.4353123903274536
1976-12-02,1.4175937175750732
1976-12-03,1.4294064044952393
1976-12-06,1.4294064044952393
1976-12-07,1.4235005378723145
1976-12-08,1.4412188529968262
1976-12-09,1.4766587018966675
1976-12-10,1.5061936378479004
1976-12-13,1.518006443977356
1976-12-14,1.494378924369812
1976-12-15,1.494378924369812
1976-12-16,1.4766587018966675
1976-12-17,1.4707527160644531
1976-12-20,1.464846134185791
1976-12-21,1.464846134185791
1976-12-22,1.4825661182403564
1976-12-23,1.4471263885498047
1976-12-27,1.464846134185791
1976-12-28,1.464846134185791
1976-12-29,1.464846134185791
1976-12-30,1.4884718656539917
1976-12-31,1.494378924369812
1977-01-03,1.464846134185791
1977-01-04,1.4412188529968262
1977-01-05,1.4353123903274536
1977-01-06,1.4116870164871216
1977-01-07,1.4235005378723145
1977-01-10,1.4116870164871216
1977-01-11,1.4057796001434326
1977-01-12,1.3998727798461914
1977-01-13,1.4235005378723145
1977-01-14,1.4353123903274536
1977-01-17,1.3762470483779907
1977-01-18,1.3644320964813232
1977-01-19,1.3644320964813232
1977-01-20,1.3112733364105225
1977-01-21,1.3348989486694336
1977-01-24,1.3289942741394043
1977-01-25,1.317179799079895
1977-01-26,1.2994590997695923
1977-01-27,1.258114218711853
1977-01-28,1.2994590997695923
1977-01-31,1.3112733364105225
1977-02-01,1.3112733364105225
1977-02-02,1.3348989486694336
1977-02-03,1.3348989486694336
1977-02-04,1.3467131853103638
1977-02-07,1.3821533918380737
1977-02-08,1.358526349067688
1977-02-09,1.3467131853103638
1977-02-10,1.3821533918380737
1977-02-11,1.3644320964813232
1977-02-14,1.3880600929260254
1977-02-15,1.4057796001434326
1977-02-16,1.4116870164871216
1977-02-17,1.3821533918380737
1977-02-18,1.3644320964813232
1977-02-22,1.358526349067688
1977-02-23,1.365683674812317
1977-02-24,1.347791075706482
1977-02-25,1.3358652591705322
1977-02-28,1.3358652591705322
1977-03-01,1.3358652591705322
1977-03-02,1.3418292999267578
1977-03-03,1.353755235671997
1977-03-04,1.3716462850570679
1977-03-07,1.365683674812317
1977-03-08,1.3358652591705322
1977-03-09,1.3299003839492798
1977-03-10,1.3418292999267578
1977-03-11,1.353755235671997
1977-03-14,1.3776100873947144
1977-03-15,1.4133917093276978
1977-03-16,1.431283950805664
1977-03-17,1.4253202676773071
1977-03-18,1.4133917093276978
1977-03-21,1.4133917093276978
1977-03-22,1.4133917093276978
1977-03-23,1.4074290990829468
1977-03-24,1.3955014944076538
1977-03-25,1.401465654373169
1977-03-28,1.4133917093276978
1977-03-29,1.4133917093276978
1977-03-30,1.4193559885025024
1977-03-31,1.4611016511917114
1977-04-01,1.4730294942855835
1977-04-04,1.4551388025283813
1977-04-05,1.443211317062378
1977-04-06,1.443211317062378
1977-04-07,1.4551388025283813
1977-04-11,1.4670660495758057
1977-04-12,1.4789942502975464
1977-04-13,1.5028460025787354
1977-04-14,1.5147753953933716
1977-04-15,1.5267014503479004
1977-04-18,1.5147753953933716
1977-04-19,1.5267014503479004
1977-04-20,1.5267014503479004
1977-04-21,1.5147753953933716
1977-04-22,1.4670660495758057
1977-04-25,1.4849563837051392
1977-04-26,1.4789942502975464
1977-04-27,1.508811116218567
1977-04-28,1.5147753953933716
1977-04-29,1.5207396745681763
1977-05-02,1.5267014503479004
1977-05-03,1.5624841451644897
1977-05-04,1.574411153793335
1977-05-05,1.5684477090835571
1977-05-06,1.5624841451644897
1977-05-09,1.574411153793335
1977-05-10,1.5565212965011597
1977-05-11,1.5684477090835571
1977-05-12,1.5624841451644897
1977-05-13,1.5684477090835571
1977-05-16,1.5624841451644897
1977-05-17,1.574411153793335
1977-05-18,1.574411153793335
1977-05-19,1.5684477090835571
1977-05-20,1.5803751945495605
1977-05-23,1.5684477090835571
1977-05-24,1.5505576133728027
1977-05-25,1.5589838027954102
1977-05-26,1.5589838027954102
1977-05-27,1.5228681564331055
1977-05-31,1.5349081754684448
1977-06-01,1.565003752708435
1977-06-02,1.5589838027954102
1977-06-03,1.5710232257843018
1977-06-06,1.5409255027770996
1977-06-07,1.5409255027770996
1977-06-08,1.5349081754684448
1977-06-09,1.516848087310791
1977-06-10,1.5048108100891113
1977-06-13,1.4927738904953003
1977-06-14,1.486753225326538
1977-06-15,1.4626760482788086
1977-06-16,1.4566574096679688
1977-06-17,1.4386001825332642
1977-06-20,1.4386001825332642
1977-06-21,1.4325796365737915
1977-06-22,1.4205418825149536
1977-06-23,1.4386001825332642
1977-06-24,1.4265599250793457
1977-06-27,1.4205418825149536
1977-06-28,1.3904448747634888
1977-06-29,1.3904448747634888
1977-06-30,1.372387409210205
1977-07-01,1.3603482246398926
1977-07-05,1.3302524089813232
1977-07-06,1.3182142972946167
1977-07-07,1.3121956586837769
1977-07-08,1.3302524089813232
1977-07-11,1.3242340087890625
1977-07-12,1.3362723588943481
1977-07-13,1.3242340087890625
1977-07-15,1.3121956586837769
1977-07-18,1.3121956586837769
1977-07-19,1.2941375970840454
1977-07-20,1.2580221891403198
1977-07-21,1.2700610160827637
1977-07-22,1.3121956586837769
1977-07-25,1.2881191968917847
1977-07-26,1.2760800123214722
1977-07-27,1.2399638891220093
1977-07-28,1.2520027160644531
1977-07-29,1.2520027160644531
1977-08-01,1.2700610160827637
1977-08-02,1.2700610160827637
1977-08-03,1.2881191968917847
1977-08-04,1.300156593322754
1977-08-05,1.3182142972946167
1977-08-08,1.2881191968917847
1977-08-09,1.2941375970840454
1977-08-10,1.3242340087890625
1977-08-11,1.3182142972946167
1977-08-12,1.3061752319335938
1977-08-15,1.3061752319335938
1977-08-16,1.3061752319335938
1977-08-17,1.3242340087890625
1977-08-18,1.3242340087890625
1977-08-19,1.3061752319335938
1977-08-22,1.3061752319335938
1977-08-23,1.300156593322754
1977-08-24,1.282098650932312
1977-08-25,1.245983362197876
1977-08-26,1.248419165611267
1977-08-29,1.272779107093811
1977-08-30,1.248419165611267
1977-08-31,1.2545092105865479
1977-09-01,1.2605990171432495
1977-09-02,1.248419165611267
1977-09-06,1.236240029335022
1977-09-07,1.2423298358917236
1977-09-08,1.230150580406189
1977-09-09,1.236240029335022
1977-09-12,1.230150580406189
1977-09-13,1.2545092105865479
1977-09-14,1.2605990171432495
1977-09-15,1.272779107093811
1977-09-16,1.2788692712783813
1977-09-19,1.2666889429092407
1977-09-20,1.2545092105865479
1977-09-21,1.2605990171432495
1977-09-22,1.2666889429092407
1977-09-23,1.2666889429092407
1977-09-26,1.2666889429092407
1977-09-27,1.2788692712783813
1977-09-28,1.2666889429092407
1977-09-29,1.272779107093811
1977-09-30,1.272779107093811
1977-10-03,1.2666889429092407
1977-10-04,1.2605990171432495
1977-10-05,1.236240029335022
1977-10-06,1.2545092105865479
1977-10-07,1.236240029335022
1977-10-10,1.2423298358917236
1977-10-11,1.2423298358917236
1977-10-12,1.2423298358917236
1977-10-13,1.2179697751998901
1977-10-14,1.2118806838989258
1977-10-17,1.205790400505066
1977-10-18,1.2179697751998901
1977-10-19,1.205790400505066
1977-10-20,1.2118806838989258
1977-10-21,1.199700117111206
1977-10-24,1.1875208616256714
1977-10-25,1.1875208616256714
1977-10-26,1.2118806838989258
1977-10-27,1.2240607738494873
1977-10-28,1.2179697751998901
1977-10-31,1.199700117111206
1977-11-01,1.1814308166503906
1977-11-02,1.205790400505066
1977-11-03,1.199700117111206
1977-11-04,1.2179697751998901
1977-11-07,1.236240029335022
1977-11-08,1.2423298358917236
1977-11-09,1.2545092105865479
1977-11-10,1.3093183040618896
1977-11-11,1.3458569049835205
1977-11-14,1.3154079914093018
1977-11-15,1.3154079914093018
1977-11-16,1.3154079914093018
1977-11-17,1.3032286167144775
1977-11-18,1.3093183040618896
1977-11-21,1.3032286167144775
1977-11-22,1.3093183040618896
1977-11-23,1.3093183040618896
1977-11-25,1.2760299444198608
1977-11-28,1.2698663473129272
1977-11-29,1.232879638671875
1977-11-30,1.2267138957977295
1977-12-01,1.2575373649597168
1977-12-02,1.251373529434204
1977-12-05,1.239044189453125
1977-12-06,1.2020573616027832
1977-12-07,1.220550537109375
1977-12-08,1.239044189453125
1977-12-09,1.251373529434204
1977-12-12,1.220550537109375
1977-12-13,1.2267138957977295
1977-12-14,1.239044189453125
1977-12-15,1.2452083826065063
1977-12-16,1.2452083826065063
1977-12-19,1.239044189453125
1977-12-20,1.251373529434204
1977-12-21,1.251373529434204
1977-12-22,1.2452083826065063
1977-12-23,1.2698663473129272
1977-12-27,1.2698663473129272
1977-12-28,1.251373529434204
1977-12-29,1.239044189453125
1977-12-30,1.220550537109375
1978-01-03,1.220550537109375
1978-01-04,1.2143869400024414
1978-01-05,1.2082221508026123
1978-01-06,1.2082221508026123
1978-01-09,1.1897287368774414
1978-01-10,1.2020573616027832
1978-01-11,1.1835644245147705
1978-01-12,1.195893406867981
1978-01-13,1.1897287368774414
1978-01-16,1.2020573616027832
1978-01-17,1.2082221508026123
1978-01-18,1.2082221508026123
1978-01-19,1.2020573616027832
1978-01-20,1.2020573616027832
1978-01-23,1.1650714874267578
1978-01-24,1.1712353229522705
1978-01-25,1.177399754524231
1978-01-26,1.1589065790176392
1978-01-27,1.1527423858642578
1978-01-30,1.1835644245147705
1978-01-31,1.1650714874267578
1978-02-01,1.1897287368774414
1978-02-02,1.1835644245147705
1978-02-03,1.1835644245147705
1978-02-06,1.195893406867981
1978-02-07,1.2082221508026123
1978-02-08,1.2267138957977295
1978-02-09,1.1897287368774414
1978-02-10,1.2020573616027832
1978-02-13,1.195893406867981
1978-02-14,1.195893406867981
1978-02-15,1.1835644245147705
1978-02-16,1.146578311920166
1978-02-17,1.1589065790176392
1978-02-21,1.1589065790176392
1978-02-22,1.146578311920166
1978-02-23,1.1565808057785034
1978-02-24,1.1878396272659302
1978-02-27,1.194092035293579
1978-02-28,1.1565808057785034
1978-03-01,1.1690843105316162
1978-03-02,1.194092035293579
1978-03-03,1.1753369569778442
1978-03-06,1.1503301858901978
1978-03-07,1.1815879344940186
1978-03-08,1.2003432512283325
1978-03-09,1.2253507375717163
1978-03-10,1.2628605365753174
1978-03-13,1.256609559059143
1978-03-14,1.2441059350967407
1978-03-15,1.2190985679626465
1978-03-16,1.2128469944000244
1978-03-17,1.2503576278686523
1978-03-20,1.2503576278686523
1978-03-21,1.2253507375717163
1978-03-22,1.2316021919250488
1978-03-23,1.2190985679626465
1978-03-27,1.2316021919250488
1978-03-28,1.2503576278686523
1978-03-29,1.256609559059143
1978-03-30,1.2628605365753174
1978-03-31,1.256609559059143
1978-04-03,1.2503576278686523
1978-04-04,1.256609559059143
1978-04-05,1.287867784500122
1978-04-06,1.287867784500122
1978-04-07,1.3003727197647095
1978-04-10,1.3191261291503906
1978-04-11,1.306623935699463
1978-04-12,1.312875509262085
1978-04-13,1.312875509262085
1978-04-14,1.369141697883606
1978-04-17,1.3878973722457886
1978-04-18,1.3378835916519165
1978-04-19,1.3316317796707153
1978-04-20,1.3628901243209839
1978-04-21,1.3628901243209839
1978-04-24,1.394148588180542
1978-04-25,1.425407886505127
1978-04-26,1.419155478477478
1978-04-27,1.4004004001617432
1978-04-28,1.4316602945327759
1978-05-01,1.419155478477478
1978-05-02,1.425407886505127
1978-05-03,1.4129036664962769
1978-05-04,1.4066524505615234
1978-05-05,1.4316602945327759
1978-05-08,1.4316602945327759
1978-05-09,1.4441620111465454
1978-05-10,1.4504146575927734
1978-05-11,1.5066807270050049
1978-05-12,1.5254359245300293
1978-05-15,1.5254359245300293
1978-05-16,1.5441921949386597
1978-05-17,1.5316884517669678
1978-05-18,1.5066807270050049
1978-05-19,1.494178295135498
1978-05-22,1.500429391860962
1978-05-23,1.500429391860962
1978-05-24,1.5054885149002075
1978-05-25,1.4991648197174072
1978-05-26,1.492838978767395
1978-05-30,1.5118162631988525
1978-05-31,1.5434417724609375
1978-06-01,1.5371172428131104
1978-06-02,1.5624197721481323
1978-06-05,1.5940474271774292
1978-06-06,1.6130250692367554
1978-06-07,1.6003739833831787
1978-06-08,1.6509792804718018
1978-06-09,1.66995370388031
1978-06-12,1.7015830278396606
1978-06-13,1.7079087495803833
1978-06-14,1.7205599546432495
1978-06-15,1.657303810119629
1978-06-16,1.657303810119629
1978-06-19,1.66995370388031
1978-06-20,1.657303810119629
1978-06-21,1.6446527242660522
1978-06-22,1.6636296510696411
1978-06-23,1.6636296510696411
1978-06-26,1.6509792804718018
1978-06-27,1.6256765127182007
1978-06-28,1.6193492412567139
1978-06-29,1.6193492412567139
1978-06-30,1.5940474271774292
1978-07-03,1.6003739833831787
1978-07-05,1.5750713348388672
1978-07-06,1.5750713348388672
1978-07-07,1.6003739833831787
1978-07-10,1.6193492412567139
1978-07-11,1.657303810119629
1978-07-12,1.6383273601531982
1978-07-13,1.6446527242660522
1978-07-14,1.6446527242660522
1978-07-17,1.657303810119629
1978-07-18,1.63200044631958
1978-07-19,1.657303810119629
1978-07-20,1.6256765127182007
1978-07-21,1.6066992282867432
1978-07-24,1.63200044631958
1978-07-25,1.6193492412567139
1978-07-26,1.657303810119629
1978-07-27,1.657303810119629
1978-07-28,1.657303810119629
1978-07-31,1.66995370388031
1978-08-01,1.6636296510696411
1978-08-02,1.7015830278396606
1978-08-03,1.6762807369232178
1978-08-04,1.7142338752746582
1978-08-07,1.7332100868225098
1978-08-08,1.752186894416809
1978-08-09,1.7711646556854248
1978-08-10,1.745862364768982
1978-08-11,1.745862364768982
1978-08-14,1.739535927772522
1978-08-15,1.726885437965393
1978-08-16,1.726885437965393
1978-08-17,1.752186894416809
1978-08-18,1.7711646556854248
1978-08-21,1.76483952999115
1978-08-22,1.7711646556854248
1978-08-23,1.739535927772522
1978-08-24,1.739535927772522
1978-08-25,1.7332100868225098
1978-08-28,1.7191511392593384
1978-08-29,1.6999778747558594
1978-08-30,1.7063697576522827
1978-08-31,1.6935869455337524
1978-09-01,1.6935869455337524
1978-09-05,1.6999778747558594
1978-09-06,1.687195062637329
1978-09-07,1.687195062637329
1978-09-08,1.7063697576522827
1978-09-11,1.8022329807281494
1978-09-12,1.8277946710586548
1978-09-13,1.846968412399292
1978-09-14,1.8725318908691406
1978-09-15,1.8725318908691406
1978-09-18,1.8725318908691406
1978-09-19,1.859750509262085
1978-09-20,1.8341866731643677
1978-09-21,1.7894502878189087
1978-09-22,1.7958413362503052
1978-09-25,1.7958413362503052
1978-09-26,1.7894502878189087
1978-09-27,1.7574957609176636
1978-09-28,1.7574957609176636
1978-09-29,1.7766671180725098
1978-10-02,1.8086227178573608
1978-10-03,1.8086227178573608
1978-10-04,1.8022329807281494
1978-10-05,1.815014362335205
1978-10-06,1.8277946710586548
1978-10-09,1.859750509262085
1978-10-10,1.8341866731643677
1978-10-11,1.8341866731643677
1978-10-12,1.8341866731643677
1978-10-13,1.821405291557312
1978-10-16,1.7702772617340088
1978-10-17,1.7383238077163696
1978-10-18,1.7383238077163696
1978-10-19,1.7127596139907837
1978-10-20,1.6616334915161133
1978-10-23,1.6744145154953003
1978-10-24,1.6744145154953003
1978-10-25,1.6616334915161133
1978-10-26,1.668025016784668
1978-10-27,1.6360677480697632
1978-10-30,1.6360677480697632
1978-10-31,1.5785508155822754
1978-11-01,1.6935869455337524
1978-11-02,1.7191511392593384
1978-11-03,1.7511041164398193
1978-11-06,1.7127596139907837
1978-11-07,1.687195062637329
1978-11-08,1.687195062637329
1978-11-09,1.7191511392593384
1978-11-10,1.7063697576522827
1978-11-13,1.668025016784668
1978-11-14,1.6232877969741821
1978-11-15,1.6424607038497925
1978-11-16,1.6935869455337524
1978-11-17,1.687195062637329
1978-11-20,1.7127596139907837
1978-11-21,1.687195062637329
1978-11-22,1.6808053255081177
1978-11-24,1.6744145154953003
1978-11-27,1.6873444318771362
1978-11-28,1.6873444318771362
1978-11-29,1.6808794736862183
1978-11-30,1.6938090324401855
1978-12-01,1.7325975894927979
1978-12-04,1.6938090324401855
1978-12-05,1.6744149923324585
1978-12-06,1.745529055595398
1978-12-07,1.7325975894927979
1978-12-08,1.739065408706665
1978-12-11,1.7907825708389282
1978-12-12,1.7907825708389282
1978-12-13,1.8101776838302612
1978-12-14,1.8037129640579224
1978-12-15,1.7907825708389282
1978-12-18,1.6873444318771362
1978-12-19,1.71320378780365
1978-12-20,1.71320378780365
1978-12-21,1.7325975894927979
1978-12-22,1.7519935369491577
1978-12-26,1.8101776838302612
1978-12-27,1.8101776838302612
1978-12-28,1.8037129640579224
1978-12-29,1.7907825708389282
1979-01-02,1.8037129640579224
1979-01-03,1.8812934160232544
1979-01-04,1.9394769668579102
1979-01-05,1.9653347730636597
1979-01-08,1.9394769668579102
1979-01-09,1.9330122470855713
1979-01-10,1.9136168956756592
1979-01-11,1.907151460647583
1979-01-12,1.9330122470855713
1979-01-15,1.9265470504760742
1979-01-16,1.894222378730774
1979-01-17,1.887756586074829
1979-01-18,1.887756586074829
1979-01-19,1.887756586074829
1979-01-22,1.8748263120651245
1979-01-23,1.9006870985031128
1979-01-24,1.894222378730774
1979-01-25,1.9394769668579102
1979-01-26,1.945941686630249
1979-01-29,1.9265470504760742
1979-01-30,1.9265470504760742
1979-01-31,1.8748263120651245
1979-02-01,1.887756586074829
1979-02-02,1.887756586074829
1979-02-05,1.8425031900405884
1979-02-06,1.861897349357605
1979-02-07,1.848966360092163
1979-02-08,1.868362307548523
1979-02-09,1.894222378730774
1979-02-12,1.9006870985031128
1979-02-13,1.9330122470855713
1979-02-14,1.9136168956756592
1979-02-15,1.9200819730758667
1979-02-16,1.9136168956756592
1979-02-20,1.9136168956756592
1979-02-21,1.907151460647583
1979-02-22,1.887756586074829
1979-02-23,1.8550972938537598
1979-02-26,1.8485647439956665
1979-02-27,1.802839994430542
1979-02-28,1.7897757291793823
1979-03-01,1.802839994430542
1979-03-02,1.802839994430542
1979-03-05,1.8289698362350464
1979-03-06,1.815904974937439
1979-03-07,1.8550972938537598
1979-03-08,1.881224513053894
1979-03-09,1.881224513053894
1979-03-12,1.881224513053894
1979-03-13,1.8485647439956665
1979-03-14,1.8616284132003784
1979-03-15,1.8616284132003784
1979-03-16,1.8681609630584717
1979-03-19,1.874693512916565
1979-03-20,1.8485647439956665
1979-03-21,1.8550972938537598
1979-03-22,1.874693512916565
1979-03-23,1.9073535203933716
1979-03-26,1.9008209705352783
1979-03-27,1.913885235786438
1979-03-28,1.8942888975143433
1979-03-29,1.8681609630584717
1979-03-30,1.8289698362350464
1979-04-02,1.8224362134933472
1979-04-03,1.8681609630584717
1979-04-04,1.887756586074829
1979-04-05,1.9008209705352783
1979-04-06,1.881224513053894
1979-04-09,1.887756586074829
1979-04-10,1.8942888975143433
1979-04-11,1.8681609630584717
1979-04-12,1.8485647439956665
1979-04-16,1.8289698362350464
1979-04-17,1.842032790184021
1979-04-18,1.842032790184021
1979-04-19,1.815904974937439
1979-04-20,1.7963076829910278
1979-04-23,1.8093723058700562
1979-04-24,1.8224362134933472
1979-04-25,1.8289698362350464
1979-04-26,1.8289698362350464
1979-04-27,1.763649344444275
1979-04-30,1.7505841255187988
1979-05-01,1.737520456314087
1979-05-02,1.737520456314087
1979-05-03,1.763649344444275
1979-05-04,1.7701809406280518
1979-05-07,1.763649344444275
1979-05-08,1.815904974937439
1979-05-09,1.8485647439956665
1979-05-10,1.8224362134933472
1979-05-11,1.835499882698059
1979-05-14,1.815904974937439
1979-05-15,1.8093723058700562
1979-05-16,1.8224362134933472
1979-05-17,1.842032790184021
1979-05-18,1.835499882698059
1979-05-21,1.842032790184021
1979-05-22,1.8485647439956665
1979-05-23,1.842032790184021
1979-05-24,1.8433536291122437
1979-05-25,1.8037127256393433
1979-05-29,1.7971049547195435
1979-05-30,1.7772831916809082
1979-05-31,1.7772831916809082
1979-06-01,1.8037127256393433
1979-06-04,1.816925287246704
1979-06-05,1.849962592124939
1979-06-06,1.8367475271224976
1979-06-07,1.8631752729415894
1979-06-08,1.8697820901870728
1979-06-11,1.8631752729415894
1979-06-12,1.896210789680481
1979-06-13,1.8896034955978394
1979-06-14,1.8697820901870728
1979-06-15,1.856567144393921
1979-06-18,1.8631752729415894
1979-06-19,1.8697820901870728
1979-06-20,1.8896034955978394
1979-06-21,1.9028171300888062
1979-06-22,1.9821020364761353
1979-06-25,1.968886137008667
1979-06-26,2.001922130584717
1979-06-27,2.1076347827911377
1979-06-28,2.067992687225342
1979-06-29,2.0547780990600586
1979-07-02,2.0415637493133545
1979-07-03,2.0613865852355957
1979-07-05,2.067992687225342
1979-07-06,2.0613865852355957
1979-07-09,2.1142406463623047
1979-07-10,2.0944206714630127
1979-07-11,2.0878124237060547
1979-07-12,2.0481717586517334
1979-07-13,2.0349581241607666
1979-07-16,2.0481717586517334
1979-07-17,2.0283491611480713
1979-07-18,2.001922130584717
1979-07-19,1.9953159093856812
1979-07-20,2.001922130584717
1979-07-23,1.9821020364761353
1979-07-24,1.9821020364761353
1979-07-25,2.001922130584717
1979-07-26,2.001922130584717
1979-07-27,1.9556727409362793
1979-07-30,1.9622797966003418
1979-07-31,1.968886137008667
1979-08-01,1.9754958152770996
1979-08-02,1.9887073040008545
1979-08-03,2.0085294246673584
1979-08-06,2.0085294246673584
1979-08-07,2.0481717586517334
1979-08-08,2.067992687225342
1979-08-09,2.0547780990600586
1979-08-10,2.101027250289917
1979-08-13,2.127455949783325
1979-08-14,2.101027250289917
1979-08-15,2.134063243865967
1979-08-16,2.1076347827911377
1979-08-17,2.0944206714630127
1979-08-20,2.1076347827911377
1979-08-21,2.1142406463623047
1979-08-22,2.101027250289917
1979-08-23,2.0812063217163086
1979-08-24,2.0812063217163086
1979-08-27,2.115915298461914
1979-08-28,2.095891237258911
1979-08-29,2.115915298461914
1979-08-30,2.1292669773101807
1979-08-31,2.149289846420288
1979-09-04,2.102565050125122
1979-09-05,2.075867176055908
1979-09-06,2.075867176055908
1979-09-07,2.0892152786254883
1979-09-10,2.095891237258911
1979-09-11,2.095891237258911
1979-09-12,2.082542657852173
1979-09-13,2.082542657852173
1979-09-14,2.075867176055908
1979-09-17,2.082542657852173
1979-09-18,2.075867176055908
1979-09-19,2.082542657852173
1979-09-20,2.0625174045562744
1979-09-21,2.0892152786254883
1979-09-24,2.082542657852173
1979-09-25,2.075867176055908
1979-09-26,2.0892152786254883
1979-09-27,2.0892152786254883
1979-09-28,2.095891237258911
1979-10-01,2.095891237258911
1979-10-02,2.082542657852173
1979-10-03,2.095891237258911
1979-10-04,2.1359400749206543
1979-10-05,2.2026877403259277
1979-10-08,2.2026877403259277
1979-10-09,2.082542657852173
1979-10-10,2.055842876434326
1979-10-11,2.0491671562194824
1979-10-12,2.015794277191162
1979-10-15,1.9890930652618408
1979-10-16,1.9957702159881592
1979-10-17,2.015794277191162
1979-10-18,2.002444267272949
1979-10-19,1.8956470489501953
1979-10-22,1.922345757484436
1979-10-23,1.9089962244033813
1979-10-24,1.9089962244033813
1979-10-25,1.9023211002349854
1979-10-26,1.942369818687439
1979-10-29,1.9290200471878052
1979-10-30,1.942369818687439
1979-10-31,1.942369818687439
1979-11-01,1.9623934030532837
1979-11-02,1.9356958866119385
1979-11-05,1.922345757484436
1979-11-06,1.9356958866119385
1979-11-07,1.9089962244033813
1979-11-08,1.915671706199646
1979-11-09,1.9490458965301514
1979-11-12,1.9890930652618408
1979-11-13,2.002444267272949
1979-11-14,1.9957702159881592
1979-11-15,2.055842876434326
1979-11-16,2.0424938201904297
1979-11-19,2.002444267272949
1979-11-20,1.9957702159881592
1979-11-21,1.9824187755584717
1979-11-23,1.9757450819015503
1979-11-26,2.033853054046631
1979-11-27,2.033853054046631
1979-11-28,2.040611982345581
1979-11-29,2.033853054046631
1979-11-30,2.0000693798065186
1979-12-03,1.9662840366363525
1979-12-04,1.9730421304702759
1979-12-05,1.9797980785369873
1979-12-06,2.0000693798065186
1979-12-07,2.0000693798065186
1979-12-10,1.9933124780654907
1979-12-11,1.9933124780654907
1979-12-12,2.0000693798065186
1979-12-13,2.027097463607788
1979-12-14,2.0473685264587402
1979-12-17,2.0879108905792236
1979-12-18,2.0811543464660645
1979-12-19,2.108182907104492
1979-12-20,2.0946669578552246
1979-12-21,2.0743958950042725
1979-12-24,2.0811543464660645
1979-12-26,2.1014246940612793
1979-12-27,2.0946669578552246
1979-12-28,2.108182907104492
1979-12-31,2.1149377822875977
1980-01-02,2.0879108905792236
1980-01-03,2.0068254470825195
1980-01-04,2.027097463607788
1980-01-07,1.939258098602295
1980-01-08,1.9324995279312134
1980-01-09,1.9460136890411377
1980-01-10,1.905472755432129
1980-01-11,1.9122275114059448
1980-01-14,1.905472755432129
1980-01-15,1.8987144231796265
1980-01-16,1.8987144231796265
1980-01-17,1.9324995279312134
1980-01-18,1.959527850151062
1980-01-21,1.9933124780654907
1980-01-22,1.9730421304702759
1980-01-23,1.9527703523635864
1980-01-24,1.9730421304702759
1980-01-25,1.9730421304702759
1980-01-28,2.0000693798065186
1980-01-29,1.9730421304702759
1980-01-30,1.9730421304702759
1980-01-31,1.9797980785369873
1980-02-01,1.9797980785369873
1980-02-04,1.905472755432129
1980-02-05,1.8987144231796265
1980-02-06,1.8987144231796265
1980-02-07,1.9257426261901855
1980-02-08,1.959527850151062
1980-02-11,1.9324995279312134
1980-02-12,1.9189854860305786
1980-02-13,1.9324995279312134
1980-02-14,1.905472755432129
1980-02-15,1.905472755432129
1980-02-19,1.8987144231796265
1980-02-20,1.8919581174850464
1980-02-21,1.824388861656189
1980-02-22,1.8176318407058716
1980-02-25,1.7973594665527344
1980-02-26,1.8288681507110596
1980-02-27,1.794619083404541
1980-02-28,1.7672204971313477
1980-02-29,1.8014695644378662
1980-03-03,1.7535220384597778
1980-03-04,1.7740708589553833
1980-03-05,1.7740708589553833
1980-03-06,1.7603719234466553
1980-03-07,1.7603719234466553
1980-03-10,1.7603719234466553
1980-03-11,1.7535220384597778
1980-03-12,1.6850248575210571
1980-03-13,1.7192738056182861
1980-03-14,1.7329715490341187
1980-03-17,1.6987242698669434
1980-03-18,1.7124230861663818
1980-03-19,1.7535220384597778
1980-03-20,1.7329715490341187
1980-03-21,1.7124230861663818
1980-03-24,1.664475917816162
1980-03-25,1.671324372291565
1980-03-26,1.7192738056182861
1980-03-27,1.6987242698669434
1980-03-28,1.7329715490341187
1980-03-31,1.7329715490341187
1980-04-01,1.7261230945587158
1980-04-02,1.7329715490341187
1980-04-03,1.6987242698669434
1980-04-07,1.5891284942626953
1980-04-08,1.5754302740097046
1980-04-09,1.6233781576156616
1980-04-10,1.6439273357391357
1980-04-11,1.664475917816162
1980-04-14,1.6233781576156616
1980-04-15,1.6302266120910645
1980-04-16,1.6370776891708374
1980-04-17,1.6302266120910645
1980-04-18,1.602828860282898
1980-04-21,1.5685803890228271
1980-04-22,1.6439273357391357
1980-04-23,1.602828860282898
1980-04-24,1.671324372291565
1980-04-25,1.6576265096664429
1980-04-28,1.6370776891708374
1980-04-29,1.6370776891708374
1980-04-30,1.6165292263031006
1980-05-01,1.5891284942626953
1980-05-02,1.6165292263031006
1980-05-05,1.6370776891708374
1980-05-06,1.6576265096664429
1980-05-07,1.7055739164352417
1980-05-08,1.6781750917434692
1980-05-09,1.664475917816162
1980-05-12,1.6439273357391357
1980-05-13,1.6576265096664429
1980-05-14,1.664475917816162
1980-05-15,1.671324372291565
1980-05-16,1.6850248575210571
1980-05-19,1.671324372291565
1980-05-20,1.6576265096664429
1980-05-21,1.6576265096664429
1980-05-22,1.6918747425079346
1980-05-23,1.7261230945587158
1980-05-27,1.7386409044265747
1980-05-28,1.7247333526611328
1980-05-29,1.7247333526611328
1980-05-30,1.7247333526611328
1980-06-02,1.710823893547058
1980-06-03,1.7247333526611328
1980-06-04,1.7525497674942017
1980-06-05,1.8081861734390259
1980-06-06,1.8081861734390259
1980-06-09,1.8151410818099976
1980-06-10,1.8220962285995483
1980-06-11,1.870779275894165
1980-06-12,1.8568686246871948
1980-06-13,1.8151410818099976
1980-06-16,1.8081861734390259
1980-06-17,1.7734153270721436
1980-06-18,1.7803680896759033
1980-06-19,1.7595055103302002
1980-06-20,1.7455954551696777
1980-06-23,1.7525497674942017
1980-06-24,1.7942785024642944
1980-06-25,1.849914312362671
1980-06-26,1.8012326955795288
1980-06-27,1.8290505409240723
1980-06-30,1.8220962285995483
1980-07-01,1.8012326955795288
1980-07-02,1.7942785024642944
1980-07-03,1.8151410818099976
1980-07-07,1.8916414976119995
1980-07-08,1.8985966444015503
1980-07-09,1.9194607734680176
1980-07-10,1.9472792148590088
1980-07-11,1.9611876010894775
1980-07-14,2.009869337081909
1980-07-15,1.9472792148590088
1980-07-16,1.9333686828613281
1980-07-17,1.9472792148590088
1980-07-18,1.9611876010894775
1980-07-21,1.940322995185852
1980-07-22,1.9542322158813477
1980-07-23,1.9750964641571045
1980-07-24,1.9890071153640747
1980-07-25,1.9681414365768433
1980-07-28,1.9681414365768433
1980-07-29,2.009869337081909
1980-07-30,2.093324661254883
1980-07-31,2.0655055046081543
1980-08-01,2.086369752883911
1980-08-04,2.079416036605835
1980-08-05,2.086369752883911
1980-08-06,2.1141862869262695
1980-08-07,2.086369752883911
1980-08-08,2.072460651397705
1980-08-11,2.0585525035858154
1980-08-12,2.016824245452881
1980-08-13,2.0446412563323975
1980-08-14,2.0585525035858154
1980-08-15,2.0585525035858154
1980-08-18,2.030733346939087
1980-08-19,2.030733346939087
1980-08-20,2.016824245452881
1980-08-21,2.016824245452881
1980-08-22,2.0515975952148438
1980-08-25,2.0642776489257812
1980-08-26,2.0572335720062256
1980-08-27,2.022007703781128
1980-08-28,1.9938244819641113
1980-08-29,2.014962673187256
1980-09-02,2.0572335720062256
1980-09-03,2.0572335720062256
1980-09-04,2.014962673187256
1980-09-05,2.029052972793579
1980-09-08,2.014962673187256
1980-09-09,2.014962673187256
1980-09-10,2.078369617462158
1980-09-11,2.1488218307495117
1980-09-12,2.1981406211853027
1980-09-15,2.1770033836364746
1980-09-16,2.1981406211853027
1980-09-17,2.1981406211853027
1980-09-18,2.1770033836364746
1980-09-19,2.254502773284912
1980-09-22,2.3108644485473633
1980-09-23,2.3249568939208984
1980-09-24,2.332000732421875
1980-09-25,2.3460919857025146
1980-09-26,2.268592119216919
1980-09-29,2.2404112815856934
1980-09-30,2.268592119216919
1980-10-01,2.3249568939208984
1980-10-02,2.3460919857025146
1980-10-03,2.339045763015747
1980-10-06,2.339045763015747
1980-10-07,2.3108644485473633
1980-10-08,2.3108644485473633
1980-10-09,2.3249568939208984
1980-10-10,2.3531360626220703
1980-10-13,2.409499406814575
1980-10-14,2.3883631229400635
1980-10-15,2.409499406814575
1980-10-16,2.4235920906066895
1980-10-17,2.3883631229400635
1980-10-20,2.39540696144104
1980-10-21,2.3813204765319824
1980-10-22,2.3038198947906494
1980-10-23,2.339045763015747
1980-10-24,2.3601813316345215
1980-10-27,2.339045763015747
1980-10-28,2.3460919857025146
1980-10-29,2.367227554321289
1980-10-30,2.332000732421875
1980-10-31,2.3108644485473633
1980-11-03,2.3813204765319824
1980-11-05,2.43768048286438
1980-11-06,2.3460919857025146
1980-11-07,2.3742728233337402
1980-11-10,2.4024546146392822
1980-11-11,2.451770782470703
1980-11-12,2.543358564376831
1980-11-13,2.5292718410491943
1980-11-14,2.5292718410491943
1980-11-17,2.5363144874572754
1980-11-18,2.620858669281006
1980-11-19,2.6490395069122314
1980-11-20,2.6983578205108643
1980-11-21,2.654237985610962
1980-11-24,2.6186587810516357
1980-11-25,2.6755855083465576
1980-11-26,2.7111663818359375
1980-11-28,2.7609786987304688
1980-12-01,2.7752106189727783
1980-12-02,2.7823243141174316
1980-12-03,2.8179047107696533
1980-12-04,2.7894418239593506
1980-12-05,2.7111663818359375
1980-12-08,2.6186587810516357
1980-12-09,2.5474982261657715
1980-12-10,2.447878122329712
1980-12-11,2.4194118976593018
1980-12-12,2.483457326889038
1980-12-15,2.476341724395752
1980-12-16,2.4976885318756104
1980-12-17,2.5048041343688965
1980-12-18,2.519035577774048
1980-12-19,2.511920928955078
1980-12-22,2.5474982261657715
1980-12-23,2.590195894241333
1980-12-24,2.625776767730713
1980-12-26,2.718282461166382
1980-12-29,2.7823243141174316
1980-12-30,2.7040510177612305
1980-12-31,2.732515335083008
1981-01-02,2.583078622817993
1981-01-05,2.5759637355804443
1981-01-06,2.6186587810516357
1981-01-07,2.5403828620910645
1981-01-08,2.412297248840332
1981-01-09,2.476341724395752
1981-01-12,2.5332682132720947
1981-01-13,2.4905736446380615
1981-01-14,2.4407615661621094
1981-01-15,2.3909499645233154
1981-01-16,2.4621076583862305
1981-01-19,2.519035577774048
1981-01-20,2.469226360321045
1981-01-21,2.433645248413086
1981-01-22,2.4194118976593018
1981-01-23,2.3909499645233154
1981-01-26,2.3696014881134033
1981-01-27,2.3909499645233154
1981-01-28,2.3909499645233154
1981-01-29,2.405182361602783
1981-01-30,2.405182361602783
1981-02-02,2.3980658054351807
1981-02-03,2.45499324798584
1981-02-04,2.476341724395752
1981-02-05,2.45499324798584
1981-02-06,2.483457326889038
1981-02-09,2.511920928955078
1981-02-10,2.4905736446380615
1981-02-11,2.483457326889038
1981-02-12,2.483457326889038
1981-02-13,2.476341724395752
1981-02-17,2.469226360321045
1981-02-18,2.4407615661621094
1981-02-19,2.405182361602783
1981-02-20,2.3909499645233154
1981-02-23,2.3767170906066895
1981-02-24,2.4616522789001465
1981-02-25,2.432861328125
1981-02-26,2.5480258464813232
1981-02-27,2.5624215602874756
1981-03-02,2.6056079864501953
1981-03-03,2.5624215602874756
1981-03-04,2.5768160820007324
1981-03-05,2.5768160820007324
1981-03-06,2.5696184635162354
1981-03-09,2.598409652709961
1981-03-10,2.6056079864501953
1981-03-11,2.5120365619659424
1981-03-12,2.5552244186401367
1981-03-13,2.5624215602874756
1981-03-16,2.5624215602874756
1981-03-17,2.5840160846710205
1981-03-18,2.5624215602874756
1981-03-19,2.5624215602874756
1981-03-20,2.5840160846710205
1981-03-23,2.591212272644043
1981-03-24,2.598409652709961
1981-03-25,2.6415975093841553
1981-03-26,2.684784173965454
1981-03-27,2.6415975093841553
1981-03-30,2.6487953662872314
1981-03-31,2.655994176864624
1981-04-01,2.691981077194214
1981-04-02,2.6991803646087646
1981-04-03,2.6703901290893555
1981-04-06,2.6487953662872314
1981-04-07,2.655994176864624
1981-04-08,2.6487953662872314
1981-04-09,2.6415975093841553
1981-04-10,2.6415975093841553
1981-04-13,2.66318941116333
1981-04-14,2.6272029876708984
1981-04-15,2.5768160820007324
1981-04-16,2.5408289432525635
1981-04-20,2.591212272644043
1981-04-21,2.5408289432525635
1981-04-22,2.5264322757720947
1981-04-23,2.5120365619659424
1981-04-24,2.6272029876708984
1981-04-27,2.6487953662872314
1981-04-28,2.6128058433532715
1981-04-29,2.5264322757720947
1981-04-30,2.5552244186401367
1981-05-01,2.5120365619659424
1981-05-04,2.440058708190918
1981-05-05,2.418466329574585
1981-05-06,2.454455614089966
1981-05-07,2.476048231124878
1981-05-08,2.4688501358032227
1981-05-11,2.4472556114196777
1981-05-12,2.440058708190918
1981-05-13,2.4472556114196777
1981-05-14,2.432861328125
1981-05-15,2.4616522789001465
1981-05-18,2.4688501358032227
1981-05-19,2.4904427528381348
1981-05-20,2.5552244186401367
1981-05-21,2.5408289432525635
1981-05-22,2.5117061138153076
1981-05-26,2.5044262409210205
1981-05-27,2.489865303039551
1981-05-28,2.5044262409210205
1981-05-29,2.482585906982422
1981-06-01,2.4461846351623535
1981-06-02,2.4461846351623535
1981-06-03,2.4316232204437256
1981-06-04,2.4461846351623535
1981-06-05,2.4316232204437256
1981-06-08,2.424344539642334
1981-06-09,2.366100311279297
1981-06-10,2.3296995162963867
1981-06-11,2.3733813762664795
1981-06-12,2.3588204383850098
1981-06-15,2.3151373863220215
1981-06-16,2.3151373863220215
1981-06-17,2.3151373863220215
1981-06-18,2.3151373863220215
1981-06-19,2.3005762100219727
1981-06-22,2.3005762100219727
1981-06-23,2.286018133163452
1981-06-24,2.2641756534576416
1981-06-25,2.307859182357788
1981-06-26,2.271456241607666
1981-06-29,2.256896734237671
1981-06-30,2.286018133163452
1981-07-01,2.307859182357788
1981-07-02,2.3005762100219727
1981-07-06,2.2932987213134766
1981-07-07,2.2787373065948486
1981-07-08,2.2932987213134766
1981-07-09,2.3369803428649902
1981-07-10,2.3296995162963867
1981-07-13,2.3224167823791504
1981-07-14,2.2932987213134766
1981-07-15,2.2932987213134766
1981-07-16,2.3296995162963867
1981-07-17,2.3588204383850098
1981-07-20,2.286018133163452
1981-07-21,2.2496142387390137
1981-07-22,2.2496142387390137
1981-07-23,2.2350549697875977
1981-07-24,2.191372871398926
1981-07-27,2.2277743816375732
1981-07-28,2.2641756534576416
1981-07-29,2.2277743816375732
1981-07-30,2.2059340476989746
1981-07-31,2.2132139205932617
1981-08-03,2.1840920448303223
1981-08-04,2.191372871398926
1981-08-05,2.2132139205932617
1981-08-06,2.2132139205932617
1981-08-07,2.2204933166503906
1981-08-10,2.2132139205932617
1981-08-11,2.271456241607666
1981-08-12,2.3224167823791504
1981-08-13,2.307859182357788
1981-08-14,2.3005762100219727
1981-08-17,2.256896734237671
1981-08-18,2.2132139205932617
1981-08-19,2.2277743816375732
1981-08-20,2.2787373065948486
1981-08-21,2.271456241607666
1981-08-24,2.191372871398926
1981-08-25,2.220885992050171
1981-08-26,2.220885992050171
1981-08-27,2.220885992050171
1981-08-28,2.2282660007476807
1981-08-31,2.191372871398926
1981-09-01,2.1692376136779785
1981-09-02,2.1766164302825928
1981-09-03,2.1839942932128906
1981-09-04,2.1766164302825928
1981-09-08,2.1544811725616455
1981-09-09,2.147101640701294
1981-09-10,2.147101640701294
1981-09-11,2.191372871398926
1981-09-14,2.1987507343292236
1981-09-15,2.1839942932128906
1981-09-16,2.1766164302825928
1981-09-17,2.1766164302825928
1981-09-18,2.1987507343292236
1981-09-21,2.191372871398926
1981-09-22,2.191372871398926
1981-09-23,2.1839942932128906
1981-09-24,2.147101640701294
1981-09-25,2.0954554080963135
1981-09-28,2.1175873279571533
1981-09-29,2.1692376136779785
1981-09-30,2.1839942932128906
1981-10-01,2.1323459148406982
1981-10-02,2.1249678134918213
1981-10-05,2.1323459148406982
1981-10-06,2.0954554080963135
1981-10-07,2.1397247314453125
1981-10-08,2.1987507343292236
1981-10-09,2.161860466003418
1981-10-12,2.1766164302825928
1981-10-13,2.147101640701294
1981-10-14,2.0806972980499268
1981-10-15,2.1175873279571533
1981-10-16,2.1249678134918213
1981-10-19,2.1249678134918213
1981-10-20,2.1249678134918213
1981-10-21,2.147101640701294
1981-10-22,2.1323459148406982
1981-10-23,2.0659403800964355
1981-10-26,1.9700210094451904
1981-10-27,1.9405087232589722
1981-10-28,1.9109948873519897
1981-10-29,1.8962390422821045
1981-10-30,1.9626437425613403
1981-11-02,2.0806972980499268
1981-11-03,2.1692376136779785
1981-11-04,2.1544811725616455
1981-11-05,2.1102113723754883
1981-11-06,2.1175873279571533
1981-11-09,2.1249678134918213
1981-11-10,2.1323459148406982
1981-11-11,2.1102113723754883
1981-11-12,2.1102113723754883
1981-11-13,2.0659403800964355
1981-11-16,2.0511837005615234
1981-11-17,2.1249678134918213
1981-11-18,2.102832317352295
1981-11-19,2.1249678134918213
1981-11-20,2.147101640701294
1981-11-23,2.162065029144287
1981-11-24,2.162065029144287
1981-11-25,2.162065029144287
1981-11-27,2.169546127319336
1981-11-30,2.2967264652252197
1981-12-01,2.2443580627441406
1981-12-02,2.2069525718688965
1981-12-03,2.1919894218444824
1981-12-04,2.184508800506592
1981-12-07,2.1919894218444824
1981-12-08,2.214432716369629
1981-12-09,2.274282217025757
1981-12-10,2.2668025493621826
1981-12-11,2.229396104812622
1981-12-14,2.17702579498291
1981-12-15,2.199469804763794
1981-12-16,2.1919894218444824
1981-12-17,2.169546127319336
1981-12-18,2.199469804763794
1981-12-21,2.169546127319336
1981-12-22,2.169546127319336
1981-12-23,2.1321403980255127
1981-12-24,2.1246604919433594
1981-12-28,2.1321403980255127
1981-12-29,2.1022143363952637
1981-12-30,2.1171786785125732
1981-12-31,2.1246604919433594
1982-01-04,2.154583692550659
1982-01-05,2.109696865081787
1982-01-06,2.064809560775757
1982-01-07,2.0722904205322266
1982-01-08,2.094733953475952
1982-01-11,2.04984712600708
1982-01-12,2.064809560775757
1982-01-13,2.0274031162261963
1982-01-14,2.04984712600708
1982-01-15,2.04984712600708
1982-01-18,2.0348846912384033
1982-01-19,2.0423662662506104
1982-01-20,2.0274031162261963
1982-01-21,2.04984712600708
1982-01-22,2.0274031162261963
1982-01-25,1.9974782466888428
1982-01-26,2.0124423503875732
1982-01-27,2.0348846912384033
1982-01-28,2.094733953475952
1982-01-29,2.1022143363952637
1982-02-01,2.0348846912384033
1982-02-02,2.0274031162261963
1982-02-03,1.9899975061416626
1982-02-04,2.04984712600708
1982-02-05,2.0423662662506104
1982-02-08,1.952591896057129
1982-02-09,1.9750343561172485
1982-02-10,2.0124423503875732
1982-02-11,2.004960298538208
1982-02-12,2.0348846912384033
1982-02-16,2.004960298538208
1982-02-17,1.937627911567688
1982-02-18,1.937627911567688
1982-02-19,1.9077045917510986
1982-02-22,1.9229052066802979
1982-02-23,1.9457052946090698
1982-02-24,1.9837087392807007
1982-02-25,1.9761072397232056
1982-02-26,1.9609074592590332
1982-03-01,1.9533075094223022
1982-03-02,1.9533075094223022
1982-03-03,1.9609074592590332
1982-03-04,1.9457052946090698
1982-03-05,1.9305059909820557
1982-03-08,1.9381065368652344
1982-03-09,1.9533075094223022
1982-03-10,1.9381065368652344
1982-03-11,1.9533075094223022
1982-03-12,1.9381065368652344
1982-03-15,1.91530442237854
1982-03-16,1.9229052066802979
1982-03-17,1.9001034498214722
1982-03-18,1.9229052066802979
1982-03-19,1.91530442237854
1982-03-22,1.91530442237854
1982-03-23,1.9305059909820557
1982-03-24,1.9229052066802979
1982-03-25,1.9001034498214722
1982-03-26,1.9001034498214722
1982-03-29,1.8697034120559692
1982-03-30,1.8697034120559692
1982-03-31,1.8925033807754517
1982-04-01,1.9685074090957642
1982-04-02,1.9913086891174316
1982-04-05,1.9761072397232056
1982-04-06,1.9837087392807007
1982-04-07,1.9837087392807007
1982-04-08,1.9989089965820312
1982-04-12,1.9837087392807007
1982-04-13,2.006510019302368
1982-04-14,2.006510019302368
1982-04-15,2.097712755203247
1982-04-16,2.0673129558563232
1982-04-19,2.1053154468536377
1982-04-20,2.0673129558563232
1982-04-21,2.0445127487182617
1982-04-22,2.112916946411133
1982-04-23,2.135716438293457
1982-04-26,2.097712755203247
1982-04-27,1.9229052066802979
1982-04-28,1.8393011093139648
1982-04-29,1.8393011093139648
1982-04-30,1.80889892578125
1982-05-03,1.801297664642334
1982-05-04,1.8240996599197388
1982-05-05,1.80889892578125
1982-05-06,1.80889892578125
1982-05-07,1.81649911403656
1982-05-10,1.81649911403656
1982-05-11,1.8621019124984741
1982-05-12,1.8469009399414062
1982-05-13,1.8545001745224
1982-05-14,1.80889892578125
1982-05-17,1.7176940441131592
1982-05-18,1.6796910762786865
1982-05-19,1.6948916912078857
1982-05-20,1.7936984300613403
1982-05-21,1.763297200202942
1982-05-24,1.7168927192687988
1982-05-25,1.6472893953323364
1982-05-26,1.5854202508926392
1982-05-27,1.5312848091125488
1982-05-28,1.5699524879455566
1982-06-01,1.5931535959243774
1982-06-02,1.6472893953323364
1982-06-03,1.6240886449813843
1982-06-04,1.6008862257003784
1982-06-07,1.5931535959243774
1982-06-08,1.5776861906051636
1982-06-09,1.5854202508926392
1982-06-10,1.6008862257003784
1982-06-11,1.6395560503005981
1982-06-14,1.6472893953323364
1982-06-15,1.6550230979919434
1982-06-16,1.6627577543258667
1982-06-17,1.6472893953323364
1982-06-18,1.6318227052688599
1982-06-21,1.6240886449813843
1982-06-22,1.6163549423217773
1982-06-23,1.6704906225204468
1982-06-24,1.6240886449813843
1982-06-25,1.5467510223388672
1982-06-28,1.5622197389602661
1982-06-29,1.5854202508926392
1982-06-30,1.5467510223388672
1982-07-01,1.5235497951507568
1982-07-02,1.484881043434143
1982-07-06,1.492614984512329
1982-07-07,1.484881043434143
1982-07-08,1.484881043434143
1982-07-09,1.484881043434143
1982-07-12,1.4771475791931152
1982-07-13,1.484881043434143
1982-07-14,1.4694128036499023
1982-07-15,1.4462116956710815
1982-07-16,1.4075433015823364
1982-07-19,1.3998106718063354
1982-07-20,1.4075433015823364
1982-07-21,1.4384782314300537
1982-07-22,1.4462116956710815
1982-07-23,1.4462116956710815
1982-07-26,1.4384782314300537
1982-07-27,1.4462116956710815
1982-07-28,1.4230103492736816
1982-07-29,1.3920750617980957
1982-07-30,1.4152777194976807
1982-08-02,1.4539461135864258
1982-08-03,1.4075433015823364
1982-08-04,1.3920750617980957
1982-08-05,1.4075433015823364
1982-08-06,1.4307442903518677
1982-08-09,1.4152777194976807
1982-08-10,1.3766084909439087
1982-08-11,1.3688751459121704
1982-08-12,1.361141324043274
1982-08-13,1.3843424320220947
1982-08-16,1.4230103492736816
1982-08-17,1.461679458618164
1982-08-18,1.4539461135864258
1982-08-19,1.4539461135864258
1982-08-20,1.484881043434143
1982-08-23,1.5776861906051636
1982-08-24,1.5544843673706055
1982-08-25,1.5623767375946045
1982-08-26,1.5781570672988892
1982-08-27,1.5623767375946045
1982-08-30,1.593939185142517
1982-08-31,1.6255022287368774
1982-09-01,1.6018297672271729
1982-09-02,1.672846794128418
1982-09-03,1.751753807067871
1982-09-07,1.688628077507019
1982-09-08,1.7123007774353027
1982-09-09,1.751753807067871
1982-09-10,1.7201908826828003
1982-09-13,1.7201908826828003
1982-09-14,1.7438628673553467
1982-09-15,1.7201908826828003
1982-09-16,1.751753807067871
1982-09-17,1.7280811071395874
1982-09-20,1.73597252368927
1982-09-21,1.73597252368927
1982-09-22,1.7044093608856201
1982-09-23,1.672846794128418
1982-09-24,1.6176117658615112
1982-09-27,1.6333914995193481
1982-09-28,1.6570653915405273
1982-09-29,1.5229215621948242
1982-09-30,1.4992485046386719
1982-10-01,1.4755769968032837
1982-10-04,1.4992485046386719
1982-10-05,1.48346745967865
1982-10-06,1.4913582801818848
1982-10-07,1.5702670812606812
1982-10-08,1.6097201108932495
1982-10-11,1.73597252368927
1982-10-12,1.7280811071395874
1982-10-13,1.7754265069961548
1982-10-14,1.7990986108779907
1982-10-15,1.814881682395935
1982-10-18,1.8306628465652466
1982-10-19,1.814881682395935
1982-10-20,1.8622264862060547
1982-10-21,1.8385522365570068
1982-10-22,1.8306628465652466
1982-10-25,1.688628077507019
1982-10-26,1.6255022287368774
1982-10-27,1.6807368993759155
1982-10-28,1.6491742134094238
1982-10-29,1.672846794128418
1982-11-01,1.664955735206604
1982-11-02,1.7201908826828003
1982-11-03,1.814881682395935
1982-11-04,1.7596443891525269
1982-11-05,1.8306628465652466
1982-11-08,1.8622264862060547
1982-11-09,1.9490231275558472
1982-11-10,1.8701151609420776
1982-11-11,1.893788456916809
1982-11-12,1.933241605758667
1982-11-15,1.9016798734664917
1982-11-16,1.8385522365570068
1982-11-17,1.8385522365570068
1982-11-18,1.8385522365570068
1982-11-19,1.7990986108779907
1982-11-22,1.7596443891525269
1982-11-23,1.7516835927963257
1982-11-24,1.7596443891525269
1982-11-26,1.775568962097168
1982-11-29,1.783531904220581
1982-11-30,1.863153338432312
1982-12-01,1.8950026035308838
1982-12-02,1.910927414894104
1982-12-03,1.910927414894104
1982-12-06,1.9586988687515259
1982-12-07,1.9586988687515259
1982-12-08,1.910927414894104
1982-12-09,1.9029659032821655
1982-12-10,1.910927414894104
1982-12-13,1.910927414894104
1982-12-14,1.8950026035308838
1982-12-15,1.84722900390625
1982-12-16,1.8392665386199951
1982-12-17,1.863153338432312
1982-12-20,1.7914948463439941
1982-12-21,1.807418704032898
1982-12-22,1.8153802156448364
1982-12-23,1.8153802156448364
1982-12-27,1.8551912307739258
1982-12-28,1.863153338432312
1982-12-29,1.910927414894104
1982-12-30,1.8711154460906982
1982-12-31,1.8790781497955322
1983-01-03,1.8551912307739258
1983-01-04,1.8950026035308838
1983-01-05,1.9268523454666138
1983-01-06,2.094057083129883
1983-01-07,2.109980344772339
1983-01-10,2.1657180786132812
1983-01-11,2.1577553749084473
1983-01-12,2.1497926712036133
1983-01-13,2.1657180786132812
1983-01-14,2.1657180786132812
1983-01-17,2.189603805541992
1983-01-18,2.173677682876587
1983-01-19,2.1418306827545166
1983-01-20,2.117943525314331
1983-01-21,2.0860953330993652
1983-01-24,1.998511791229248
1983-01-25,1.950737714767456
1983-01-26,1.942775845527649
1983-01-27,1.9586988687515259
1983-01-28,2.022397994995117
1983-01-31,2.078134059906006
1983-02-01,2.062208652496338
1983-02-02,2.030360221862793
1983-02-03,2.014434576034546
1983-02-04,2.062208652496338
1983-02-07,2.117943525314331
1983-02-08,2.109980344772339
1983-02-09,2.1497926712036133
1983-02-10,2.181640386581421
1983-02-11,2.2055282592773438
1983-02-14,2.2214527130126953
1983-02-15,2.1657180786132812
1983-02-16,2.109980344772339
1983-02-17,2.094057083129883
1983-02-18,2.117943525314331
1983-02-22,2.078134059906006
1983-02-23,2.117943525314331
1983-02-24,2.2294158935546875
1983-02-25,2.2294158935546875
1983-02-28,2.2055282592773438
1983-03-01,2.2055282592773438
1983-03-02,2.1577553749084473
1983-03-03,2.1657180786132812
1983-03-04,2.1497926712036133
1983-03-07,2.181640386581421
1983-03-08,2.173677682876587
1983-03-09,2.173677682876587
1983-03-10,2.094057083129883
1983-03-11,2.070169687271118
1983-03-14,2.1020188331604004
1983-03-15,2.1020188331604004
1983-03-16,2.062208652496338
1983-03-17,2.0383238792419434
1983-03-18,2.1020188331604004
1983-03-21,2.1418306827545166
1983-03-22,2.2294158935546875
1983-03-23,2.396620750427246
1983-03-24,2.428468942642212
1983-03-25,2.3723671436309814
1983-03-28,2.3082492351531982
1983-03-29,2.3002333641052246
1983-03-30,2.324277400970459
1983-03-31,2.3002333641052246
1983-04-04,2.3082492351531982
1983-04-05,2.2842040061950684
1983-04-06,2.260159730911255
1983-04-07,2.268174171447754
1983-04-08,2.252145528793335
1983-04-11,2.2761895656585693
1983-04-12,2.292220115661621
1983-04-13,2.292220115661621
1983-04-14,2.3002333641052246
1983-04-15,2.3002333641052246
1983-04-18,2.340306520462036
1983-04-19,2.364351272583008
1983-04-20,2.3723671436309814
1983-04-21,2.3322927951812744
1983-04-22,2.396411895751953
1983-04-25,2.436483383178711
1983-04-26,2.436483383178711
1983-04-27,2.404426336288452
1983-04-28,2.436483383178711
1983-04-29,2.4444987773895264
1983-05-02,2.3803811073303223
1983-05-03,2.364351272583008
1983-05-04,2.348322629928589
1983-05-05,2.3883957862854004
1983-05-06,2.4845736026763916
1983-05-09,2.4845736026763916
1983-05-10,2.4925880432128906
1983-05-11,2.4925880432128906
1983-05-12,2.4685428142547607
1983-05-13,2.4845736026763916
1983-05-16,2.4444987773895264
1983-05-17,2.452514410018921
1983-05-18,2.452514410018921
1983-05-19,2.404426336288452
1983-05-20,2.4204556941986084
1983-05-23,2.404426336288452
1983-05-24,2.404426336288452
1983-05-25,2.4204556941986084
1983-05-26,2.4204556941986084
1983-05-27,2.396411895751953
1983-05-31,2.3723671436309814
1983-06-01,2.348322629928589
1983-06-02,2.3002333641052246
1983-06-03,2.3883957862854004
1983-06-06,2.3723671436309814
1983-06-07,2.3563382625579834
1983-06-08,2.3563382625579834
1983-06-09,2.364351272583008
1983-06-10,2.364351272583008
1983-06-13,2.3723671436309814
1983-06-14,2.316262722015381
1983-06-15,2.3002333641052246
1983-06-16,2.316262722015381
1983-06-17,2.3002333641052246
1983-06-20,2.3082492351531982
1983-06-21,2.292220115661621
1983-06-22,2.292220115661621
1983-06-23,2.2842040061950684
1983-06-24,2.29227614402771
1983-06-27,2.2519192695617676
1983-06-28,2.2196335792541504
1983-06-29,2.2115607261657715
1983-06-30,2.2115607261657715
1983-07-01,2.235775947570801
1983-07-05,2.1954197883605957
1983-07-06,2.187347650527954
1983-07-07,2.1469902992248535
1983-07-08,2.130847215652466
1983-07-11,2.130847215652466
1983-07-12,2.0662782192230225
1983-07-13,2.074349880218506
1983-07-14,2.11470365524292
1983-07-15,2.0824203491210938
1983-07-18,2.0824203491210938
1983-07-19,2.122776508331299
1983-07-20,2.138918876647949
1983-07-21,2.2519192695617676
1983-07-22,2.2519192695617676
1983-07-25,2.3003461360931396
1983-07-26,2.3003461360931396
1983-07-27,2.308420181274414
1983-07-28,2.308420181274414
1983-07-29,2.2519192695617676
1983-08-01,2.268061876296997
1983-08-02,2.413346767425537
1983-08-03,2.5021326541900635
1983-08-04,2.4779176712036133
1983-08-05,2.5182766914367676
1983-08-08,2.4779176712036133
1983-08-09,2.5102031230926514
1983-08-10,2.5102031230926514
1983-08-11,2.558634042739868
1983-08-12,2.5747733116149902
1983-08-15,2.6151328086853027
1983-08-16,2.534416437149048
1983-08-17,2.5424892902374268
1983-08-18,2.5102031230926514
1983-08-19,2.4779176712036133
1983-08-22,2.4779176712036133
1983-08-23,2.5102031230926514
1983-08-24,2.5021326541900635
1983-08-25,2.5021326541900635
1983-08-26,2.5182766914367676
1983-08-29,2.5021326541900635
1983-08-30,2.4859893321990967
1983-08-31,2.5102031230926514
1983-09-01,2.534416437149048
1983-09-02,2.5424892902374268
1983-09-06,2.5828475952148438
1983-09-07,2.5828475952148438
1983-09-08,2.5909175872802734
1983-09-09,2.6393439769744873
1983-09-12,2.7039172649383545
1983-09-13,2.655489444732666
1983-09-14,2.6958460807800293
1983-09-15,2.655489444732666
1983-09-16,2.5909175872802734
1983-09-19,2.5667033195495605
1983-09-20,2.5424892902374268
1983-09-21,2.558634042739868
1983-09-22,2.5909175872802734
1983-09-23,2.5989880561828613
1983-09-26,2.6071107387542725
1983-09-27,2.6071107387542725
1983-09-28,2.6233534812927246
1983-09-29,2.6071107387542725
1983-09-30,2.5665016174316406
1983-10-03,2.542137384414673
1983-10-04,2.542137384414673
1983-10-05,2.550257444381714
1983-10-06,2.6395981311798096
1983-10-07,2.6558420658111572
1983-10-10,2.590864658355713
1983-10-11,2.542137384414673
1983-10-12,2.46903920173645
1983-10-13,2.501528024673462
1983-10-14,2.5746243000030518
1983-10-17,2.542137384414673
1983-10-18,2.4934046268463135
1983-10-19,2.4771604537963867
1983-10-20,2.4446728229522705
1983-10-21,2.404064178466797
1983-10-24,2.404064178466797
1983-10-25,2.3959434032440186
1983-10-26,2.371577739715576
1983-10-27,2.3472111225128174
1983-10-28,2.339090347290039
1983-10-31,2.3472111225128174
1983-11-01,2.3959434032440186
1983-11-02,2.4203076362609863
1983-11-03,2.387819766998291
1983-11-04,2.404064178466797
1983-11-07,2.4203076362609863
1983-11-08,2.4203076362609863
1983-11-09,2.4284305572509766
1983-11-10,2.404064178466797
1983-11-11,2.4446728229522705
1983-11-14,2.404064178466797
1983-11-15,2.37969970703125
1983-11-16,2.3553342819213867
1983-11-17,2.363455295562744
1983-11-18,2.37969970703125
1983-11-21,2.387819766998291
1983-11-22,2.452796697616577
1983-11-23,2.452796697616577
1983-11-25,2.4446728229522705
1983-11-28,2.4771604537963867
1983-11-29,2.4934046268463135
1983-11-30,2.550257444381714
1983-12-01,2.582744598388672
1983-12-02,2.5746243000030518
1983-12-05,2.5989882946014404
1983-12-06,2.6233534812927246
1983-12-07,2.5665016174316406
1983-12-08,2.582744598388672
1983-12-09,2.582744598388672
1983-12-12,2.582744598388672
1983-12-13,2.550257444381714
1983-12-14,2.534014940261841
1983-12-15,2.5177721977233887
1983-12-16,2.501528024673462
1983-12-19,2.501528024673462
1983-12-20,2.4934046268463135
1983-12-21,2.5258917808532715
1983-12-22,2.4934046268463135
1983-12-23,2.4771604537963867
1983-12-27,2.477160930633545
1983-12-28,2.4853367805480957
1983-12-29,2.534391164779663
1983-12-30,2.518040180206299
1984-01-03,2.4853367805480957
1984-01-04,2.5589165687561035
1984-01-05,2.591618537902832
1984-01-06,2.591618537902832
1984-01-09,2.5670905113220215
1984-01-10,2.616143226623535
1984-01-11,2.6243197917938232
1984-01-12,2.616143226623535
1984-01-13,2.616143226623535
1984-01-16,2.6324949264526367
1984-01-17,2.5670905113220215
1984-01-18,2.583441734313965
1984-01-19,2.583441734313965
1984-01-20,2.550741195678711
1984-01-23,2.493511438369751
1984-01-24,2.477160930633545
1984-01-25,2.428110361099243
1984-01-26,2.4199330806732178
1984-01-27,2.3300042152404785
1984-01-30,2.354530096054077
1984-01-31,2.403580665588379
1984-02-01,2.370880603790283
1984-02-02,2.362703800201416
1984-02-03,2.338178873062134
1984-02-06,2.2318973541259766
1984-02-07,2.1828453540802
1984-02-08,2.207371473312378
1984-02-09,2.207371473312378
1984-02-10,2.2155470848083496
1984-02-13,2.223722457885742
1984-02-14,2.223722457885742
1984-02-15,2.1583194732666016
1984-02-16,2.1010913848876953
1984-02-17,2.092914342880249
1984-02-21,2.0520386695861816
1984-02-22,2.0765645503997803
1984-02-23,2.0438623428344727
1984-02-24,2.0520386695861816
1984-02-27,2.1583194732666016
1984-02-28,2.207371473312378
1984-02-29,2.191021203994751
1984-03-01,2.2482497692108154
1984-03-02,2.24007248878479
1984-03-05,2.2318973541259766
1984-03-06,2.223722457885742
1984-03-07,2.2318973541259766
1984-03-08,2.223722457885742
1984-03-09,2.2155470848083496
1984-03-12,2.2318973541259766
1984-03-13,2.207371473312378
1984-03-14,2.207371473312378
1984-03-15,2.2155470848083496
1984-03-16,2.2727744579315186
1984-03-19,2.191021203994751
1984-03-20,2.191021203994751
1984-03-21,2.1664936542510986
1984-03-22,2.1828453540802
1984-03-23,2.1746697425842285
1984-03-26,2.1746697425842285
1984-03-27,2.1746697425842285
1984-03-28,2.2076196670532227
1984-03-29,2.18290638923645
1984-03-30,2.18290638923645
1984-04-02,2.199382781982422
1984-04-03,2.18290638923645
1984-04-04,2.166430711746216
1984-04-05,2.125246286392212
1984-04-06,2.1746697425842285
1984-04-09,2.1746697425842285
1984-04-10,2.191145420074463
1984-04-11,2.1581945419311523
1984-04-12,2.2076196670532227
1984-04-13,2.2076196670532227
1984-04-16,2.1334824562072754
1984-04-17,2.1499576568603516
1984-04-18,2.1499576568603516
1984-04-19,2.108769655227661
1984-04-23,2.0593459606170654
1984-04-24,2.0346343517303467
1984-04-25,2.0263967514038086
1984-04-26,2.0840582847595215
1984-04-27,2.117009162902832
1984-04-30,2.1005349159240723
1984-05-01,2.1417198181152344
1984-05-02,2.0593459606170654
1984-05-03,2.0263967514038086
1984-05-04,2.018157482147217
1984-05-07,2.018157482147217
1984-05-08,2.0016860961914062
1984-05-09,1.9852083921432495
1984-05-10,2.0428714752197266
1984-05-11,2.0263967514038086
1984-05-14,2.0099222660064697
1984-05-15,1.9687353372573853
1984-05-16,1.9604963064193726
1984-05-17,1.9604963064193726
1984-05-18,1.9769729375839233
1984-05-21,1.9769729375839233
1984-05-22,1.9687353372573853
1984-05-23,1.9275479316711426
1984-05-24,1.9357857704162598
1984-05-25,1.952260136604309
1984-05-29,1.9275479316711426
1984-05-30,1.9440232515335083
1984-05-31,1.952260136604309
1984-06-01,1.9604963064193726
1984-06-04,1.9440232515335083
1984-06-05,1.9110733270645142
1984-06-06,1.9193103313446045
1984-06-07,1.8863623142242432
1984-06-08,1.902835488319397
1984-06-11,1.8122252225875854
1984-06-12,1.7792754173278809
1984-06-13,1.7710379362106323
1984-06-14,1.8039875030517578
1984-06-15,1.8122252225875854
1984-06-18,1.8781235218048096
1984-06-19,1.8369362354278564
1984-06-20,1.8945989608764648
1984-06-21,1.9440232515335083
1984-06-22,1.9275479316711426
1984-06-25,1.894313931465149
1984-06-26,1.819539189338684
1984-06-27,1.819539189338684
1984-06-28,1.811231017112732
1984-06-29,1.819539189338684
1984-07-02,1.7946139574050903
1984-07-03,1.77799654006958
1984-07-05,1.7696889638900757
1984-07-06,1.7281473875045776
1984-07-09,1.7530713081359863
1984-07-10,1.7447633743286133
1984-07-11,1.7447633743286133
1984-07-12,1.7281473875045776
1984-07-13,1.7364555597305298
1984-07-16,1.7447633743286133
1984-07-17,1.7281473875045776
1984-07-18,1.7115304470062256
1984-07-19,1.678296446800232
1984-07-20,1.661679744720459
1984-07-23,1.6949130296707153
1984-07-24,1.6699879169464111
1984-07-25,1.661679744720459
1984-07-26,1.661679744720459
1984-07-27,1.678296446800232
1984-07-30,1.678296446800232
1984-07-31,1.6367547512054443
1984-08-01,1.7115304470062256
1984-08-02,1.877698302268982
1984-08-03,1.9275474548339844
1984-08-06,1.8693885803222656
1984-08-07,1.827847957611084
1984-08-08,1.7946139574050903
1984-08-09,1.7696889638900757
1984-08-10,1.8527727127075195
1984-08-13,1.894313931465149
1984-08-14,1.894313931465149
1984-08-15,1.8693885803222656
1984-08-16,1.8693885803222656
1984-08-17,1.8693885803222656
1984-08-20,1.844464659690857
1984-08-21,1.8693885803222656
1984-08-22,1.7863060235977173
1984-08-23,1.7696889638900757
1984-08-24,1.77799654006958
1984-08-27,1.844464659690857
1984-08-28,1.8610817193984985
1984-08-29,1.877698302268982
1984-08-30,1.8693885803222656
1984-08-31,1.8610817193984985
1984-09-04,1.827847957611084
1984-09-05,1.827847957611084
1984-09-06,1.811231017112732
1984-09-07,1.8029218912124634
1984-09-10,1.8527727127075195
1984-09-11,1.877698302268982
1984-09-12,1.9275474548339844
1984-09-13,1.9607824087142944
1984-09-14,1.9690895080566406
1984-09-17,1.9773972034454346
1984-09-18,1.9857069253921509
1984-09-19,1.9940166473388672
1984-09-20,2.0023229122161865
1984-09-21,2.0272488594055176
1984-09-24,2.0021183490753174
1984-09-25,2.0021183490753174
1984-09-26,2.0021183490753174
1984-09-27,2.018871307373047
1984-09-28,2.03562593460083
1984-10-01,2.018871307373047
1984-10-02,1.9853627681732178
1984-10-03,1.943477749824524
1984-10-04,1.960232138633728
1984-10-05,1.943477749824524
1984-10-08,1.909969449043274
1984-10-09,1.876462697982788
1984-10-10,1.884838342666626
1984-10-11,1.8932164907455444
1984-10-12,1.9015934467315674
1984-10-15,1.884838342666626
1984-10-16,1.876462697982788
1984-10-17,1.876462697982788
1984-10-18,1.9351009130477905
1984-10-19,2.0021183490753174
1984-10-22,2.018871307373047
1984-10-23,2.027249574661255
1984-10-24,2.027249574661255
1984-10-25,2.010496139526367
1984-10-26,1.9853627681732178
1984-10-29,1.976987600326538
1984-10-30,1.960232138633728
1984-10-31,1.960232138633728
1984-11-01,2.03562593460083
1984-11-02,2.0440032482147217
1984-11-05,2.0775115489959717
1984-11-06,2.119396209716797
1984-11-07,2.102642297744751
1984-11-08,2.111020565032959
1984-11-09,2.102642297744751
1984-11-12,2.0775115489959717
1984-11-13,2.03562593460083
1984-11-14,2.03562593460083
1984-11-15,1.9853627681732178
1984-11-16,1.9686092138290405
1984-11-19,1.9351009130477905
1984-11-20,1.9015934467315674
1984-11-21,1.918347716331482
1984-11-23,1.918347716331482
1984-11-26,1.918347716331482
1984-11-27,1.9686092138290405
1984-11-28,1.9351009130477905
1984-11-29,1.918347716331482
1984-11-30,1.9351009130477905
1984-12-03,1.918347716331482
1984-12-04,1.9267246723175049
1984-12-05,1.9351009130477905
1984-12-06,1.9518555402755737
1984-12-07,1.943477749824524
1984-12-10,1.9351009130477905
1984-12-11,1.943477749824524
1984-12-12,1.9267246723175049
1984-12-13,1.943477749824524
1984-12-14,1.943477749824524
1984-12-17,1.943477749824524
1984-12-18,2.0021183490753174
1984-12-19,2.03562593460083
1984-12-20,2.018871307373047
1984-12-21,1.9937397241592407
1984-12-24,2.119396209716797
1984-12-26,2.0771782398223877
1984-12-27,2.0771782398223877
1984-12-28,2.026515245437622
1984-12-31,2.009626626968384
1985-01-02,2.009626626968384
1985-01-03,2.0349581241607666
1985-01-04,2.0180716514587402
1985-01-07,2.0180716514587402
1985-01-08,2.0011837482452393
1985-01-09,1.9927397966384888
1985-01-10,2.0180716514587402
1985-01-11,2.0602903366088867
1985-01-14,2.127840280532837
1985-01-15,2.1616158485412598
1985-01-16,2.1616158485412598
1985-01-17,2.1785032749176025
1985-01-18,2.1785032749176025
1985-01-21,2.2207212448120117
1985-01-22,2.186946153640747
1985-01-23,2.2207212448120117
1985-01-24,2.2038354873657227
1985-01-25,2.2038354873657227
1985-01-28,2.1785032749176025
1985-01-29,2.1785032749176025
1985-01-30,2.1616158485412598
1985-01-31,2.1616158485412598
1985-02-01,2.1616158485412598
1985-02-04,2.1785032749176025
1985-02-05,2.144728183746338
1985-02-06,2.0771782398223877
1985-02-07,2.0771782398223877
1985-02-08,2.127840280532837
1985-02-11,2.0940656661987305
1985-02-12,2.0518455505371094
1985-02-13,2.0602903366088867
1985-02-14,2.0349581241607666
1985-02-15,2.0602903366088867
1985-02-19,2.0602903366088867
1985-02-20,2.0687339305877686
1985-02-21,2.085620880126953
1985-02-22,2.0602903366088867
1985-02-25,2.0771782398223877
1985-02-26,2.119396209716797
1985-02-27,2.119396209716797
1985-02-28,2.102508068084717
1985-03-01,2.136284589767456
1985-03-04,2.136284589767456
1985-03-05,2.1531732082366943
1985-03-06,2.127840280532837
1985-03-07,2.102508068084717
1985-03-08,2.127840280532837
1985-03-11,2.119396209716797
1985-03-12,2.1109535694122314
1985-03-13,2.127840280532837
1985-03-14,2.1109535694122314
1985-03-15,2.102508068084717
1985-03-18,2.1109535694122314
1985-03-19,2.127840280532837
1985-03-20,2.127840280532837
1985-03-21,2.1109535694122314
1985-03-22,2.102508068084717
1985-03-25,2.085484743118286
1985-03-26,2.085484743118286
1985-03-27,2.085484743118286
1985-03-28,2.0769729614257812
1985-03-29,2.102508306503296
1985-04-01,2.085484743118286
1985-04-02,2.051435947418213
1985-04-03,2.051435947418213
1985-04-04,2.0429251194000244
1985-04-08,1.9918502569198608
1985-04-09,2.0003626346588135
1985-04-10,1.9748259782791138
1985-04-11,1.9833381175994873
1985-04-12,1.949290156364441
1985-04-15,1.9322655200958252
1985-04-16,1.9407775402069092
1985-04-17,1.9578027725219727
1985-04-18,1.9578027725219727
1985-04-19,1.9407775402069092
1985-04-22,1.8811923265457153
1985-04-23,1.898216724395752
1985-04-24,1.898216724395752
1985-04-25,1.915242314338684
1985-04-26,1.9067304134368896
1985-04-29,1.9067304134368896
1985-04-30,1.8726810216903687
1985-05-01,1.8386329412460327
1985-05-02,1.830119252204895
1985-05-03,1.830119252204895
1985-05-06,1.8130955696105957
1985-05-07,1.787558913230896
1985-05-08,1.830119252204895
1985-05-09,1.8811923265457153
1985-05-10,1.9407775402069092
1985-05-13,1.9663147926330566
1985-05-14,1.9322655200958252
1985-05-15,1.9407775402069092
1985-05-16,1.949290156364441
1985-05-17,2.034411668777466
1985-05-20,2.025899887084961
1985-05-21,2.0173873901367188
1985-05-22,2.0003626346588135
1985-05-23,1.9833381175994873
1985-05-24,2.025899887084961
1985-05-28,2.0173873901367188
1985-05-29,2.008876323699951
1985-05-30,1.9918502569198608
1985-05-31,2.008876323699951
1985-06-03,1.9918502569198608
1985-06-04,2.008876323699951
1985-06-05,2.0003626346588135
1985-06-06,2.0003626346588135
1985-06-07,1.9918502569198608
1985-06-10,1.9833381175994873
1985-06-11,1.9748259782791138
1985-06-12,1.9833381175994873
1985-06-13,2.0003626346588135
1985-06-14,2.0173873901367188
1985-06-17,2.0003626346588135
1985-06-18,2.0173873901367188
1985-06-19,2.0173873901367188
1985-06-20,2.025899887084961
1985-06-21,2.034411668777466
1985-06-24,2.0344111919403076
1985-06-25,2.042996883392334
1985-06-26,2.042996883392334
1985-06-27,2.077332019805908
1985-06-28,2.068747043609619
1985-07-01,2.077332019805908
1985-07-02,2.077332019805908
1985-07-03,2.068747043609619
1985-07-05,2.060163736343384
1985-07-08,2.068747043609619
1985-07-09,2.077332019805908
1985-07-10,2.1030848026275635
1985-07-11,2.146003246307373
1985-07-12,2.171757221221924
1985-07-15,2.1288368701934814
1985-07-16,2.137420415878296
1985-07-17,2.137420415878296
1985-07-18,2.0944995880126953
1985-07-19,2.1202523708343506
1985-07-22,2.1288368701934814
1985-07-23,2.1030848026275635
1985-07-24,2.1030848026275635
1985-07-25,2.0944995880126953
1985-07-26,2.068747043609619
1985-07-29,2.060163736343384
1985-07-30,1.9914926290512085
1985-07-31,2.0172436237335205
1985-08-01,2.0515809059143066
1985-08-02,2.060163736343384
1985-08-05,2.060163736343384
1985-08-06,2.0344111919403076
1985-08-07,2.042996883392334
1985-08-08,2.0172436237335205
1985-08-09,2.0172436237335205
1985-08-12,2.0172436237335205
1985-08-13,2.0172436237335205
1985-08-14,2.0172436237335205
1985-08-15,2.008660078048706
1985-08-16,1.9914926290512085
1985-08-19,1.9829075336456299
1985-08-20,1.9829075336456299
1985-08-21,1.9657396078109741
1985-08-22,1.9314044713974
1985-08-23,1.9314044713974
1985-08-26,1.9399871826171875
1985-08-27,1.9399871826171875
1985-08-28,1.9399871826171875
1985-08-29,1.9314044713974
1985-08-30,1.9399871826171875
1985-09-03,1.879899501800537
1985-09-04,1.8283952474594116
1985-09-05,1.8198119401931763
1985-09-06,1.8369797468185425
1985-09-09,1.8283952474594116
1985-09-10,1.8026435375213623
1985-09-11,1.7940599918365479
1985-09-12,1.7597239017486572
1985-09-13,1.7683089971542358
1985-09-16,1.7683089971542358
1985-09-17,1.785475730895996
1985-09-18,1.7940599918365479
1985-09-19,1.7940599918365479
1985-09-20,1.8026435375213623
1985-09-23,1.8369797468185425
1985-09-24,1.7849910259246826
1985-09-25,1.7676597833633423
1985-09-26,1.758994698524475
1985-09-30,1.7070047855377197
1985-10-01,1.6983393430709839
1985-10-02,1.7416656017303467
1985-10-03,1.7676597833633423
1985-10-04,1.7763245105743408
1985-10-07,1.7763245105743408
1985-10-08,1.8023203611373901
1985-10-09,1.7676597833633423
1985-10-10,1.758994698524475
1985-10-11,1.7676597833633423
1985-10-14,1.7676597833633423
1985-10-15,1.7763245105743408
1985-10-16,1.7503299713134766
1985-10-17,1.7503299713134766
1985-10-18,1.7416656017303467
1985-10-21,1.73300039768219
1985-10-22,1.7416656017303467
1985-10-23,1.7503299713134766
1985-10-24,1.7503299713134766
1985-10-25,1.758994698524475
1985-10-28,1.7503299713134766
1985-10-29,1.7503299713134766
1985-10-30,1.7503299713134766
1985-10-31,1.7416656017303467
1985-11-01,1.6983393430709839
1985-11-04,1.7070047855377197
1985-11-05,1.73300039768219
1985-11-06,1.758994698524475
1985-11-07,1.758994698524475
1985-11-08,1.7676597833633423
1985-11-11,1.8629741668701172
1985-11-12,1.8716386556625366
1985-11-13,1.9063000679016113
1985-11-14,1.9149647951126099
1985-11-15,1.9063000679016113
1985-11-18,1.8716386556625366
1985-11-19,1.897634744644165
1985-11-20,1.8889696598052979
1985-11-21,1.9496240615844727
1985-11-22,1.9409610033035278
1985-11-25,1.897634744644165
1985-11-26,1.8716386556625366
1985-11-27,1.9582895040512085
1985-11-29,1.992949366569519
1985-12-02,1.975619912147522
1985-12-03,1.9063000679016113
1985-12-04,1.9149647951126099
1985-12-05,1.8716386556625366
1985-12-06,1.828314185142517
1985-12-09,1.819649577140808
1985-12-10,1.8023203611373901
1985-12-11,1.7936543226242065
1985-12-12,1.7849910259246826
1985-12-13,1.828314185142517
1985-12-16,1.8889696598052979
1985-12-17,1.8716386556625366
1985-12-18,1.8369797468185425
1985-12-19,1.9063000679016113
1985-12-20,1.8716386556625366
1985-12-23,1.8716386556625366
1985-12-24,1.871640682220459
1985-12-26,1.8978772163391113
1985-12-27,1.9328621625900269
1985-12-30,1.9590998888015747
1985-12-31,2.011575222015381
1986-01-02,2.011575222015381
1986-01-03,2.011575222015381
1986-01-06,2.002829074859619
1986-01-07,2.0378146171569824
1986-01-08,2.002829074859619
1986-01-09,1.97659170627594
1986-01-10,1.9416078329086304
1986-01-13,1.9241167306900024
1986-01-14,1.9416078329086304
1986-01-15,2.002829074859619
1986-01-16,2.0990355014801025
1986-01-17,2.0815436840057373
1986-01-20,2.0727977752685547
1986-01-21,2.055305004119873
1986-01-22,2.0378146171569824
1986-01-23,2.002829074859619
1986-01-24,2.0203211307525635
1986-01-27,2.002829074859619
1986-01-28,2.011575222015381
1986-01-29,2.0203211307525635
1986-01-30,1.9503540992736816
1986-01-31,1.9678455591201782
1986-02-03,1.9940831661224365
1986-02-04,1.9590998888015747
1986-02-05,1.9416078329086304
1986-02-06,1.9678455591201782
1986-02-07,1.9590998888015747
1986-02-10,1.9241167306900024
1986-02-11,1.9241167306900024
1986-02-12,2.029066562652588
1986-02-13,2.1602563858032227
1986-02-14,2.2652084827423096
1986-02-18,2.230226516723633
1986-02-19,2.1340198516845703
1986-02-20,2.169003486633301
1986-02-21,2.169003486633301
1986-02-24,2.169003486633301
1986-02-25,2.195242404937744
1986-02-26,2.1777491569519043
1986-02-27,2.195242404937744
1986-02-28,2.0990355014801025
1986-03-03,2.090290069580078
1986-03-04,2.2039875984191895
1986-03-05,2.2389702796936035
1986-03-06,2.3701605796813965
1986-03-07,2.3176848888397217
1986-03-10,2.3089396953582764
1986-03-11,2.3526690006256104
1986-03-12,2.3701605796813965
1986-03-13,2.378908157348633
1986-03-14,2.4488742351531982
1986-03-17,2.4488742351531982
1986-03-18,2.431382894515991
1986-03-19,2.378908157348633
1986-03-20,2.413891077041626
1986-03-21,2.378908157348633
1986-03-24,2.4229629039764404
1986-03-25,2.3524744510650635
1986-03-26,2.3524744510650635
1986-03-27,2.4141499996185303
1986-03-31,2.449392557144165
1986-04-01,2.3524744510650635
1986-04-02,2.3612844944000244
1986-04-03,2.3260433673858643
1986-04-04,2.2643678188323975
1986-04-07,2.2819876670837402
1986-04-08,2.370096445083618
1986-04-09,2.3524744510650635
1986-04-10,2.3612844944000244
1986-04-11,2.334852933883667
1986-04-14,2.3260433673858643
1986-04-15,2.290799140930176
1986-04-16,2.3436646461486816
1986-04-17,2.39652943611145
1986-04-18,2.4141499996185303
1986-04-21,2.405339479446411
1986-04-22,2.3524744510650635
1986-04-23,2.2996103763580322
1986-04-24,2.2819876670837402
1986-04-25,2.3084211349487305
1986-04-28,2.334852933883667
1986-04-29,2.39652943611145
1986-04-30,2.4141499996185303
1986-05-01,2.4141499996185303
1986-05-02,2.3789074420928955
1986-05-05,2.3877179622650146
1986-05-06,2.334852933883667
1986-05-07,2.3260433673858643
1986-05-08,2.3877179622650146
1986-05-09,2.449392557144165
1986-05-12,2.440581798553467
1986-05-13,2.4229629039764404
1986-05-14,2.3524744510650635
1986-05-15,2.3524744510650635
1986-05-16,2.2819876670837402
1986-05-19,2.2819876670837402
1986-05-20,2.2819876670837402
1986-05-21,2.167449474334717
1986-05-22,2.1233937740325928
1986-05-23,2.1145846843719482
1986-05-27,2.1233937740325928
1986-05-28,2.0881521701812744
1986-05-29,2.0969626903533936
1986-05-30,2.0881521701812744
1986-06-02,2.0881521701812744
1986-06-03,2.1145846843719482
1986-06-04,2.0881521701812744
1986-06-05,2.105774164199829
1986-06-06,2.079341173171997
1986-06-09,2.079341173171997
1986-06-10,2.052910566329956
1986-06-11,2.044098138809204
1986-06-12,2.000044345855713
1986-06-13,2.008854389190674
1986-06-16,2.0176656246185303
1986-06-17,1.991232991218567
1986-06-18,1.9736112356185913
1986-06-19,2.008854389190674
1986-06-20,2.044098138809204
1986-06-23,1.991232991218567
1986-06-24,2.0354814529418945
1986-06-25,2.0354814529418945
1986-06-26,2.0266335010528564
1986-06-27,2.0266335010528564
1986-06-30,2.0177829265594482
1986-07-01,2.0000839233398438
1986-07-02,1.9646832942962646
1986-07-03,1.9558337926864624
1986-07-07,1.9115835428237915
1986-07-08,1.9115835428237915
1986-07-09,1.9027332067489624
1986-07-10,1.8673334121704102
1986-07-11,1.8230853080749512
1986-07-14,1.7788352966308594
1986-07-15,1.7345850467681885
1986-07-16,1.7611339092254639
1986-07-17,1.7345850467681885
1986-07-18,1.6814851760864258
1986-07-21,1.6549365520477295
1986-07-22,1.6726360321044922
1986-07-23,1.6814851760864258
1986-07-24,1.6726360321044922
1986-07-25,1.6637862920761108
1986-07-28,1.6637862920761108
1986-07-29,1.637236475944519
1986-07-30,1.5929867029190063
1986-07-31,1.557586669921875
1986-08-01,1.557586669921875
1986-08-04,1.5310375690460205
1986-08-05,1.5487362146377563
1986-08-06,1.539886474609375
1986-08-07,1.5310375690460205
1986-08-08,1.539886474609375
1986-08-11,1.6195358037948608
1986-08-12,1.6460853815078735
1986-08-13,1.699186086654663
1986-08-14,1.769985318183899
1986-08-15,1.9115835428237915
1986-08-18,1.8319342136383057
1986-08-19,1.7788352966308594
1986-08-20,1.6726360321044922
1986-08-21,1.699186086654663
1986-08-22,1.699186086654663
1986-08-25,1.6726360321044922
1986-08-26,1.699186086654663
1986-08-27,1.7434346675872803
1986-08-28,1.7788352966308594
1986-08-29,1.7788352966308594
1986-09-02,1.769985318183899
1986-09-03,1.787684440612793
1986-09-04,1.8230853080749512
1986-09-05,1.8319342136383057
1986-09-08,1.8407847881317139
1986-09-09,1.8407847881317139
1986-09-10,1.858483910560608
1986-09-11,1.7345850467681885
1986-09-12,1.7080349922180176
1986-09-15,1.752285361289978
1986-09-16,1.769985318183899
1986-09-17,1.752285361289978
1986-09-18,1.7257357835769653
1986-09-19,1.7257357835769653
1986-09-22,1.699186086654663
1986-09-23,1.6814851760864258
1986-09-24,1.6725887060165405
1986-09-25,1.654794692993164
1986-09-26,1.6725887060165405
1986-09-29,1.628104567527771
1986-09-30,1.628104567527771
1986-10-01,1.654794692993164
1986-10-02,1.6458989381790161
1986-10-03,1.663692831993103
1986-10-06,1.6370009183883667
1986-10-07,1.6458989381790161
1986-10-08,1.6370009183883667
1986-10-09,1.6903818845748901
1986-10-10,1.7437626123428345
1986-10-13,1.681485891342163
1986-10-14,1.628104567527771
1986-10-15,1.628104567527771
1986-10-16,1.628104567527771
1986-10-17,1.654794692993164
1986-10-20,1.654794692993164
1986-10-21,1.699278712272644
1986-10-22,1.7170723676681519
1986-10-23,1.761556625366211
1986-10-24,1.7081763744354248
1986-10-27,1.654794692993164
1986-10-28,1.6370009183883667
1986-10-29,1.654794692993164
1986-10-30,1.681485891342163
1986-10-31,1.681485891342163
1986-11-03,1.7170723676681519
1986-11-04,1.681485891342163
1986-11-05,1.699278712272644
1986-11-06,1.681485891342163
1986-11-07,1.7081763744354248
1986-11-10,1.699278712272644
1986-11-11,1.699278712272644
1986-11-12,1.6725887060165405
1986-11-13,1.663692831993103
1986-11-14,1.654794692993164
1986-11-17,1.628104567527771
1986-11-18,1.61031174659729
1986-11-19,1.6725887060165405
1986-11-20,1.654794692993164
1986-11-21,1.699278712272644
1986-11-24,1.681485891342163
1986-11-25,1.6903818845748901
1986-11-26,1.654794692993164
1986-11-28,1.6458989381790161
1986-12-01,1.6192083358764648
1986-12-02,1.699278712272644
1986-12-03,1.7081763744354248
1986-12-04,1.7526589632034302
1986-12-05,1.7437626123428345
1986-12-08,1.699278712272644
1986-12-09,1.663692831993103
1986-12-10,1.6903818845748901
1986-12-11,1.6725887060165405
1986-12-12,1.654794692993164
1986-12-15,1.6725887060165405
1986-12-16,1.6725887060165405
1986-12-17,1.663692831993103
1986-12-18,1.654794692993164
1986-12-19,1.681485891342163
1986-12-22,1.6903818845748901
1986-12-23,1.6725887060165405
1986-12-24,1.6770130395889282
1986-12-26,1.6680935621261597
1986-12-29,1.6770130395889282
1986-12-30,1.6591719388961792
1986-12-31,1.632411241531372
1987-01-02,1.632411241531372
1987-01-05,1.6145713329315186
1987-01-06,1.712694764137268
1987-01-07,1.6591719388961792
1987-01-08,1.69485342502594
1987-01-09,1.7662161588668823
1987-01-12,1.7394556999206543
1987-01-13,1.7483752965927124
1987-01-14,1.7483752965927124
1987-01-15,1.819738507270813
1987-01-16,1.8554191589355469
1987-01-19,1.8643394708633423
1987-01-20,1.8732596635818481
1987-01-21,1.8286584615707397
1987-01-22,1.8643394708633423
1987-01-23,1.8018968105316162
1987-01-26,1.810817837715149
1987-01-27,1.8286584615707397
1987-01-28,1.8911010026931763
1987-01-29,1.9267807006835938
1987-01-30,1.9446214437484741
1987-02-02,1.9624627828598022
1987-02-03,1.953542709350586
1987-02-04,1.9000204801559448
1987-02-05,1.8554191589355469
1987-02-06,1.8554191589355469
1987-02-09,1.9089411497116089
1987-02-10,1.9267807006835938
1987-02-11,1.9624627828598022
1987-02-12,1.9981436729431152
1987-02-13,2.087346315383911
1987-02-17,2.212230920791626
1987-02-18,2.1319479942321777
1987-02-19,2.1230273246765137
1987-02-20,2.096266984939575
1987-02-23,2.1141068935394287
1987-02-24,2.096266984939575
1987-02-25,2.096266984939575
1987-02-26,2.1141068935394287
1987-02-27,2.1230273246765137
1987-03-02,2.087346315383911
1987-03-03,2.0605852603912354
1987-03-04,2.0695061683654785
1987-03-05,2.0695061683654785
1987-03-06,2.087346315383911
1987-03-09,2.0695061683654785
1987-03-10,2.0338242053985596
1987-03-11,2.007063150405884
1987-03-12,2.0159850120544434
1987-03-13,1.971382737159729
1987-03-16,2.007063150405884
1987-03-17,2.042746067047119
1987-03-18,2.0784270763397217
1987-03-19,2.0784270763397217
1987-03-20,2.0605852603912354
1987-03-23,2.0159850120544434
1987-03-24,1.9981436729431152
1987-03-25,2.0293989181518555
1987-03-26,2.065157651901245
1987-03-27,1.9757580757141113
1987-03-30,1.931057095527649
1987-03-31,1.9399962425231934
1987-04-01,1.9846971035003662
1987-04-02,1.993636965751648
1987-04-03,2.1009180545806885
1987-04-06,2.0830395221710205
1987-04-07,2.04727840423584
1987-04-08,2.056217908859253
1987-04-09,2.002577543258667
1987-04-10,1.9757580757141113
1987-04-13,1.931057095527649
1987-04-14,1.9399962425231934
1987-04-15,1.993636965751648
1987-04-16,2.0293989181518555
1987-04-20,2.056217908859253
1987-04-21,2.0919790267944336
1987-04-22,1.9757580757141113
1987-04-23,1.948936939239502
1987-04-24,1.895297646522522
1987-04-27,1.895297646522522
1987-04-28,1.886356234550476
1987-04-29,1.9399962425231934
1987-04-30,2.0293989181518555
1987-05-01,2.0383379459381104
1987-05-04,2.109858512878418
1987-05-05,2.190319299697876
1987-05-06,2.288658857345581
1987-05-07,2.306540012359619
1987-05-08,2.288658857345581
1987-05-11,2.270779848098755
1987-05-12,2.288658857345581
1987-05-13,2.297600269317627
1987-05-14,2.2797210216522217
1987-05-15,2.288658857345581
1987-05-18,2.2797210216522217
1987-05-19,2.1992595195770264
1987-05-20,2.1187989711761475
1987-05-21,2.1277389526367188
1987-05-22,2.1813790798187256
1987-05-26,2.1187989711761475
1987-05-27,2.056217908859253
1987-05-28,2.0919790267944336
1987-05-29,2.0293989181518555
1987-06-01,2.04727840423584
1987-06-02,2.0293989181518555
1987-06-03,2.056217908859253
1987-06-04,2.1009180545806885
1987-06-05,2.0919790267944336
1987-06-08,2.1009180545806885
1987-06-09,2.0830395221710205
1987-06-10,2.04727840423584
1987-06-11,2.0830395221710205
1987-06-12,2.056217908859253
1987-06-15,2.056217908859253
1987-06-16,2.0830395221710205
1987-06-17,2.145617961883545
1987-06-18,2.145617961883545
1987-06-19,2.145617961883545
1987-06-22,2.1277389526367188
1987-06-23,2.1813790798187256
1987-06-24,2.2306129932403564
1987-06-25,2.2037394046783447
1987-06-26,2.0962400436401367
1987-06-29,2.078322410583496
1987-06-30,2.033531904220581
1987-07-01,2.0962400436401367
1987-07-02,2.105196952819824
1987-07-06,2.0514488220214844
1987-07-07,2.060405969619751
1987-07-08,2.087282180786133
1987-07-09,2.087282180786133
1987-07-10,2.1768643856048584
1987-07-13,2.2306129932403564
1987-07-14,2.266448736190796
1987-07-15,2.248530387878418
1987-07-16,2.2843637466430664
1987-07-17,2.338113784790039
1987-07-20,2.3649888038635254
1987-07-21,2.338113784790039
1987-07-22,2.3201968669891357
1987-07-23,2.275405168533325
1987-07-24,2.2395713329315186
1987-07-27,2.248530387878418
1987-07-28,2.248530387878418
1987-07-29,2.3201968669891357
1987-07-30,2.356029748916626
1987-07-31,2.4366538524627686
1987-08-03,2.4366538524627686
1987-08-04,2.4276950359344482
1987-08-05,2.53519606590271
1987-08-06,2.562069892883301
1987-08-07,2.562069892883301
1987-08-10,2.571028470993042
1987-08-11,2.579986810684204
1987-08-12,2.5441527366638184
1987-08-13,2.526237964630127
1987-08-14,2.526237964630127
1987-08-17,2.517280340194702
1987-08-18,2.490403890609741
1987-08-19,2.4635307788848877
1987-08-20,2.53519606590271
1987-08-21,2.579986810684204
1987-08-24,2.5083208084106445
1987-08-25,2.5083208084106445
1987-08-26,2.41873836517334
1987-08-27,2.3649888038635254
1987-08-28,2.400820016860962
1987-08-31,2.5083208084106445
1987-09-01,2.472486734390259
1987-09-02,2.41873836517334
1987-09-03,2.41873836517334
1987-09-04,2.41873836517334
1987-09-08,2.4814453125
1987-09-09,2.562069892883301
1987-09-10,2.553112745285034
1987-09-11,2.633737325668335
1987-09-14,2.6516530513763428
1987-09-15,2.562069892883301
1987-09-16,2.633737325668335
1987-09-17,2.6247785091400146
1987-09-18,2.6247785091400146
1987-09-21,2.6247785091400146
1987-09-22,2.642695903778076
1987-09-23,2.7949869632720947
1987-09-24,2.88019061088562
1987-09-25,2.844299554824829
1987-09-28,2.835326671600342
1987-09-29,2.8532729148864746
1987-09-30,2.79943585395813
1987-10-01,2.889162063598633
1987-10-02,2.871216058731079
1987-10-05,2.862243413925171
1987-10-06,2.79943585395813
1987-10-07,2.8532729148864746
1987-10-08,2.871216058731079
1987-10-09,2.835326671600342
1987-10-12,2.7725183963775635
1987-10-13,2.808408498764038
1987-10-14,2.9429972171783447
1987-10-15,3.014777660369873
1987-10-16,2.79943585395813
1987-10-19,2.3687539100646973
1987-10-20,2.225192070007324
1987-10-21,2.40464448928833
1987-10-22,2.3149189949035645
1987-10-23,2.2162203788757324
1987-10-26,1.8483469486236572
1987-10-27,1.7047840356826782
1987-10-28,1.7945102453231812
1987-10-29,1.9829336404800415
1987-10-30,2.0188252925872803
1987-11-02,2.054715156555176
1987-11-03,2.0008788108825684
1987-11-04,2.009852170944214
1987-11-05,2.261082410812378
1987-11-06,2.2162203788757324
1987-11-09,2.144439935684204
1987-11-10,2.1713578701019287
1987-11-11,2.1534130573272705
1987-11-12,2.2162203788757324
1987-11-13,2.189302921295166
1987-11-16,2.207247495651245
1987-11-17,2.1534130573272705
1987-11-18,2.1713578701019287
1987-11-19,2.090604782104492
1987-11-20,2.189302921295166
1987-11-23,2.207247495651245
1987-11-24,2.41361665725708
1987-11-25,2.512314796447754
1987-11-27,2.40464448928833
1987-11-30,2.3508098125457764
1987-12-01,2.3149189949035645
1987-12-02,2.332862615585327
1987-12-03,2.2162203788757324
1987-12-04,2.207247495651245
1987-12-07,2.332862615585327
1987-12-08,2.4674553871154785
1987-12-09,2.584095001220703
1987-12-10,2.584095001220703
1987-12-11,2.5571773052215576
1987-12-14,2.6020402908325195
1987-12-15,2.6020402908325195
1987-12-16,2.646902561187744
1987-12-17,2.5930674076080322
1987-12-18,2.584095001220703
1987-12-21,2.584095001220703
1987-12-22,2.619985580444336
1987-12-23,2.6289587020874023
1987-12-24,2.6379618644714355
1987-12-28,2.5209193229675293
1987-12-29,2.4668984413146973
1987-12-30,2.484905242919922
1987-12-31,2.502911329269409
1988-01-04,2.5839414596557617
1988-01-05,2.6919820308685303
1988-01-06,2.6919820308685303
1988-01-07,2.718991756439209
1988-01-08,2.529921531677246
1988-01-11,2.5479280948638916
1988-01-12,2.529921531677246
1988-01-13,2.5479280948638916
1988-01-14,2.556931972503662
1988-01-15,2.655967950820923
1988-01-18,2.6379618644714355
1988-01-19,2.610949993133545
1988-01-20,2.511914014816284
1988-01-21,2.4398891925811768
1988-01-22,2.457895517349243
1988-01-25,2.502911329269409
1988-01-26,2.538924217224121
1988-01-27,2.502911329269409
1988-01-28,2.5209193229675293
1988-01-29,2.6469638347625732
1988-02-01,2.6829774379730225
1988-02-02,2.6469638347625732
1988-02-03,2.655967950820923
1988-02-04,2.764007091522217
1988-02-05,2.782012939453125
1988-02-08,2.7279937267303467
1988-02-09,2.718991756439209
1988-02-10,2.8090243339538574
1988-02-11,2.818025588989258
1988-02-12,2.773010015487671
1988-02-16,2.782012939453125
1988-02-17,2.8090243339538574
1988-02-18,2.8000199794769287
1988-02-19,2.872044801712036
1988-02-22,2.9350695610046387
1988-02-23,2.998091697692871
1988-02-24,3.1061315536499023
1988-02-25,3.088122844696045
1988-02-26,3.0971288681030273
1988-02-29,3.1151342391967773
1988-03-01,3.124138116836548
1988-03-02,3.142143726348877
1988-03-03,3.1601507663726807
1988-03-04,3.2231733798980713
1988-03-07,3.1871612071990967
1988-03-08,3.142143726348877
1988-03-09,3.151146411895752
1988-03-10,3.133141279220581
1988-03-11,3.133141279220581
1988-03-14,3.1601507663726807
1988-03-15,3.1781582832336426
1988-03-16,3.2231733798980713
1988-03-17,3.241180181503296
1988-03-18,3.2951998710632324
1988-03-21,3.3042032718658447
1988-03-22,3.268191337585449
1988-03-23,3.268191337585449
1988-03-24,3.241180181503296
1988-03-25,3.268266439437866
1988-03-28,3.295351266860962
1988-03-29,3.3495209217071533
1988-03-30,3.3766071796417236
1988-03-31,3.3314638137817383
1988-04-04,3.259235143661499
1988-04-05,3.1779816150665283
1988-04-06,3.2502079010009766
1988-04-07,3.3134071826934814
1988-04-08,3.3946616649627686
1988-04-11,3.403693437576294
1988-04-12,3.4307754039764404
1988-04-13,3.439804792404175
1988-04-14,3.322434186935425
1988-04-15,3.3134071826934814
1988-04-18,3.2321524620056152
1988-04-19,3.2231240272521973
1988-04-20,3.1960394382476807
1988-04-21,3.2321524620056152
1988-04-22,3.295351266860962
1988-04-25,3.3404929637908936
1988-04-26,3.3675787448883057
1988-04-27,3.3766071796417236
1988-04-28,3.3946616649627686
1988-04-29,3.3946616649627686
1988-05-02,3.3675787448883057
1988-05-03,3.4217469692230225
1988-05-04,3.4307754039764404
1988-05-05,3.3585495948791504
1988-05-06,3.3675787448883057
1988-05-09,3.3134071826934814
1988-05-10,3.268266439437866
1988-05-11,3.2231240272521973
1988-05-12,3.2231240272521973
1988-05-13,3.286322593688965
1988-05-16,3.3404929637908936
1988-05-17,3.3856348991394043
1988-05-18,3.3134071826934814
1988-05-19,3.304379463195801
1988-05-20,3.304379463195801
1988-05-23,3.259235143661499
1988-05-24,3.403693437576294
1988-05-25,3.4488322734832764
1988-05-26,3.4759154319763184
1988-05-27,3.4488322734832764
1988-05-31,3.466890335083008
1988-06-01,3.5391173362731934
1988-06-02,3.5932857990264893
1988-06-03,3.5752317905426025
1988-06-06,3.5932857990264893
1988-06-07,3.5481441020965576
1988-06-08,3.5662012100219727
1988-06-09,3.5662012100219727
1988-06-10,3.584258794784546
1988-06-13,3.5571722984313965
1988-06-14,3.611344337463379
1988-06-15,3.521059036254883
1988-06-16,3.3766071796417236
1988-06-17,3.2772936820983887
1988-06-20,3.1779816150665283
1988-06-21,3.2321524620056152
1988-06-22,3.3946616649627686
1988-06-23,3.457862615585327
1988-06-24,3.408902883529663
1988-06-27,3.2185120582580566
1988-06-28,3.300110101699829
1988-06-29,3.3182404041290283
1988-06-30,3.336374044418335
1988-07-01,3.2729098796844482
1988-07-05,3.2910408973693848
1988-07-06,3.2729098796844482
1988-07-07,3.236644983291626
1988-07-08,3.2275779247283936
1988-07-11,3.2185120582580566
1988-07-12,3.127849817276001
1988-07-13,3.1550488471984863
1988-07-14,3.1641135215759277
1988-07-15,3.1006526947021484
1988-07-18,3.0281224250793457
1988-07-19,3.091585159301758
1988-07-20,3.145982027053833
1988-07-21,3.1731815338134766
1988-07-22,3.1550488471984863
1988-07-25,3.182246208190918
1988-07-26,3.209446430206299
1988-07-27,3.236644983291626
1988-07-28,3.254776954650879
1988-07-29,3.3635733127593994
1988-08-01,3.3545074462890625
1988-08-02,3.3182404041290283
1988-08-03,3.3182404041290283
1988-08-04,3.2638437747955322
1988-08-05,3.2457103729248047
1988-08-08,3.2638437747955322
1988-08-09,3.2003822326660156
1988-08-10,3.091585159301758
1988-08-11,3.1006526947021484
1988-08-12,3.1641135215759277
1988-08-15,3.127849817276001
1988-08-16,3.1913130283355713
1988-08-17,3.1550488471984863
1988-08-18,3.1097183227539062
1988-08-19,3.1006526947021484
1988-08-22,3.0099897384643555
1988-08-23,3.091585159301758
1988-08-24,3.1913130283355713
1988-08-25,3.209446430206299
1988-08-26,3.1913130283355713
1988-08-29,3.1731815338134766
1988-08-30,3.1550488471984863
1988-08-31,3.118783473968506
1988-09-01,3.0462536811828613
1988-09-02,3.1731815338134766
1988-09-06,3.1913130283355713
1988-09-07,3.145982027053833
1988-09-08,3.127849817276001
1988-09-09,3.145982027053833
1988-09-12,3.1006526947021484
1988-09-13,3.1006526947021484
1988-09-14,3.1369166374206543
1988-09-15,3.145982027053833
1988-09-16,3.209446430206299
1988-09-19,3.236644983291626
1988-09-20,3.2910408973693848
1988-09-21,3.3091750144958496
1988-09-22,3.2638437747955322
1988-09-23,3.2638437747955322
1988-09-26,3.2092955112457275
1988-09-27,3.2274787425994873
1988-09-28,3.2092955112457275
1988-09-29,3.2274787425994873
1988-09-30,3.2274787425994873
1988-10-03,3.2820255756378174
1988-10-04,3.263843297958374
1988-10-05,3.2729363441467285
1988-10-06,3.3002092838287354
1988-10-07,3.463855028152466
1988-10-10,3.5638632774353027
1988-10-11,3.5002222061157227
1988-10-12,3.418398380279541
1988-10-13,3.482039213180542
1988-10-14,3.418398380279541
1988-10-17,3.436579942703247
1988-10-18,3.4911301136016846
1988-10-19,3.445674419403076
1988-10-20,3.518404006958008
1988-10-21,3.5911383628845215
1988-10-24,3.63659405708313
1988-10-25,3.572953462600708
1988-10-26,3.554771900177002
1988-10-27,3.4911301136016846
1988-10-28,3.5274975299835205
1988-10-31,3.472947359085083
1988-11-01,3.463855028152466
1988-11-02,3.436579942703247
1988-11-03,3.418398380279541
1988-11-04,3.4002151489257812
1988-11-07,3.3456673622131348
1988-11-08,3.391124963760376
1988-11-09,3.372943162918091
1988-11-10,3.372943162918091
1988-11-11,3.3093011379241943
1988-11-14,3.3093011379241943
1988-11-15,3.3365743160247803
1988-11-16,3.363849401473999
1988-11-17,3.372943162918091
1988-11-18,3.454763174057007
1988-11-21,3.436579942703247
1988-11-22,3.4274888038635254
1988-11-23,3.554771900177002
1988-11-25,3.472947359085083
1988-11-28,3.518404006958008
1988-11-29,3.5638632774353027
1988-11-30,3.572953462600708
1988-12-01,3.5638632774353027
1988-12-02,3.5002222061157227
1988-12-05,3.572953462600708
1988-12-06,3.5093138217926025
1988-12-07,3.463855028152466
1988-12-08,3.382033109664917
1988-12-09,3.3274850845336914
1988-12-12,3.363849401473999
1988-12-13,3.382033109664917
1988-12-14,3.4274888038635254
1988-12-15,3.4002151489257812
1988-12-16,3.418398380279541
1988-12-19,3.4093074798583984
1988-12-20,3.472947359085083
1988-12-21,3.445674419403076
1988-12-22,3.463855028152466
1988-12-23,3.4858129024505615
1988-12-27,3.4766640663146973
1988-12-28,3.467517375946045
1988-12-29,3.440068244934082
1988-12-30,3.513261318206787
1989-01-03,3.440068244934082
1989-01-04,3.4217705726623535
1989-01-05,3.449216604232788
1989-01-06,3.4858129024505615
1989-01-09,3.4583663940429688
1989-01-10,3.4949631690979004
1989-01-11,3.4766640663146973
1989-01-12,3.4858129024505615
1989-01-13,3.531560182571411
1989-01-16,3.5773048400878906
1989-01-17,3.5041112899780273
1989-01-18,3.5224108695983887
1989-01-19,3.4309194087982178
1989-01-20,3.4126229286193848
1989-01-23,3.302830696105957
1989-01-24,3.3394291400909424
1989-01-25,3.3302788734436035
1989-01-26,3.3577256202697754
1989-01-27,3.4583663940429688
1989-01-30,3.4949631690979004
1989-01-31,3.5041112899780273
1989-02-01,3.513261318206787
1989-02-02,3.4949631690979004
1989-02-03,3.4766640663146973
1989-02-06,3.4126229286193848
1989-02-07,3.4766640663146973
1989-02-08,3.467517375946045
1989-02-09,3.4217705726623535
1989-02-10,3.3119804859161377
1989-02-13,3.3119804859161377
1989-02-14,3.3302788734436035
1989-02-15,3.3394291400909424
1989-02-16,3.449216604232788
1989-02-17,3.3943235874176025
1989-02-21,3.4766640663146973
1989-02-22,3.4949631690979004
1989-02-23,3.549858570098877
1989-02-24,3.467517375946045
1989-02-27,3.5041112899780273
1989-02-28,3.4858129024505615
1989-03-01,3.4858129024505615
1989-03-02,3.531560182571411
1989-03-03,3.549858570098877
1989-03-06,3.6139020919799805
1989-03-07,3.604753017425537
1989-03-08,3.59560227394104
1989-03-09,3.5864546298980713
1989-03-10,3.59560227394104
1989-03-13,3.6596477031707764
1989-03-14,3.806035041809082
1989-03-15,3.824331045150757
1989-03-16,3.8609280586242676
1989-03-17,3.824331045150757
1989-03-20,3.7145395278930664
1989-03-21,3.6962454319000244
1989-03-22,3.677945852279663
1989-03-23,3.641350507736206
1989-03-27,3.7094638347625732
1989-03-28,3.7278733253479004
1989-03-29,3.7646918296813965
1989-03-30,3.792304277420044
1989-03-31,3.875148296356201
1989-04-03,3.8843517303466797
1989-04-04,3.8291237354278564
1989-04-05,3.8291237354278564
1989-04-06,3.865940570831299
1989-04-07,3.9487836360931396
1989-04-10,3.95798659324646
1989-04-11,3.95798659324646
1989-04-12,3.9303739070892334
1989-04-13,3.9027602672576904
1989-04-14,4.0040106773376465
1989-04-17,3.9856033325195312
1989-04-18,3.994805097579956
1989-04-19,3.9763970375061035
1989-04-20,3.921171188354492
1989-04-21,3.939580202102661
1989-04-24,3.9487836360931396
1989-04-25,3.847531318664551
1989-04-26,3.865940570831299
1989-04-27,3.8935563564300537
1989-04-28,3.921171188354492
1989-05-01,3.921171188354492
1989-05-02,3.8935563564300537
1989-05-03,3.911965847015381
1989-05-04,3.95798659324646
1989-05-05,4.013215065002441
1989-05-08,3.939580202102661
1989-05-09,3.8935563564300537
1989-05-10,3.911965847015381
1989-05-11,3.9487836360931396
1989-05-12,4.077649116516113
1989-05-15,4.2157182693481445
1989-05-16,4.160489559173584
1989-05-17,4.197306156158447
1989-05-18,4.160489559173584
1989-05-19,4.234127521514893
1989-05-22,4.280148506164551
1989-05-23,4.280148506164551
1989-05-24,4.188104629516602
1989-05-25,4.206511497497559
1989-05-26,4.270946502685547
1989-05-30,4.326171875
1989-05-31,4.418219566345215
1989-06-01,4.473448753356934
1989-06-02,4.556290149688721
1989-06-05,4.491859436035156
1989-06-06,4.473448753356934
1989-06-07,4.418219566345215
1989-06-08,4.372197151184082
1989-06-09,4.409012794494629
1989-06-12,4.3906049728393555
1989-06-13,4.36298942565918
1989-06-14,4.353785037994385
1989-06-15,4.344583511352539
1989-06-16,4.335381984710693
1989-06-19,4.326171875
1989-06-20,4.344583511352539
1989-06-21,4.270946502685547
1989-06-22,4.289355278015137
1989-06-23,4.326171875
1989-06-26,4.305800437927246
1989-06-27,4.296543598175049
1989-06-28,4.26876163482666
1989-06-29,4.240983963012695
1989-06-30,4.139124393463135
1989-07-03,4.166903972625732
1989-07-05,4.176164627075195
1989-07-06,4.1946845054626465
1989-07-07,4.296543598175049
1989-07-10,4.3520989418029785
1989-07-11,4.3706207275390625
1989-07-12,4.361361980438232
1989-07-13,4.240983963012695
1989-07-14,4.250241756439209
1989-07-17,4.25950288772583
1989-07-18,4.26876163482666
1989-07-19,4.379878044128418
1989-07-20,4.3706207275390625
1989-07-21,4.333579063415527
1989-07-24,4.296543598175049
1989-07-25,4.213202953338623
1989-07-26,4.185425758361816
1989-07-27,4.305800437927246
1989-07-28,4.287282466888428
1989-07-31,4.3891377449035645
1989-08-01,4.39840030670166
1989-08-02,4.416920185089111
1989-08-03,4.426177978515625
1989-08-04,4.444697856903076
1989-08-07,4.602116107940674
1989-08-08,4.629893779754639
1989-08-09,4.500257968902588
1989-08-10,4.463216781616211
1989-08-11,4.528036594390869
1989-08-14,4.518777370452881
1989-08-15,4.528036594390869
1989-08-16,4.537295341491699
1989-08-17,4.518777370452881
1989-08-18,4.518777370452881
1989-08-21,4.518777370452881
1989-08-22,4.4539570808410645
1989-08-23,4.435437202453613
1989-08-24,4.509517192840576
1989-08-25,4.59285306930542
1989-08-28,4.64841365814209
1989-08-29,4.59285306930542
1989-08-30,4.629893779754639
1989-08-31,4.676191329956055
1989-09-01,4.759530544281006
1989-09-05,4.713231563568115
1989-09-06,4.629893779754639
1989-09-07,4.602116107940674
1989-09-08,4.611374378204346
1989-09-11,4.57433557510376
1989-09-12,4.555816173553467
1989-09-13,4.528036594390869
1989-09-14,4.435437202453613
1989-09-15,4.444697856903076
1989-09-18,4.49099588394165
1989-09-19,4.509517192840576
1989-09-20,4.509517192840576
1989-09-21,4.481739044189453
1989-09-22,4.509517192840576
1989-09-25,4.479712963104248
1989-09-26,4.433146953582764
1989-09-27,4.405206680297852
1989-09-28,4.470400810241699
1989-09-29,4.442461013793945
1989-10-02,4.470400810241699
1989-10-03,4.442461013793945
1989-10-04,4.442461013793945
1989-10-05,4.4890265464782715
1989-10-06,4.572845935821533
1989-10-09,4.619414806365967
1989-10-10,4.6100993156433105
1989-10-11,4.479712963104248
1989-10-12,4.4890265464782715
1989-10-13,4.246880531311035
1989-10-16,4.256190776824951
1989-10-17,4.209627628326416
1989-10-18,4.265508651733398
1989-10-19,4.3306989669799805
1989-10-20,4.302760124206543
1989-10-23,4.265508651733398
1989-10-24,4.181689262390137
1989-10-25,4.22825288772583
1989-10-26,4.06992769241333
1989-10-27,4.04198694229126
1989-10-30,4.032677173614502
1989-10-31,4.08855676651001
1989-11-01,4.014045715332031
1989-11-02,4.004733085632324
1989-11-03,3.986107349395752
1989-11-06,3.986107349395752
1989-11-07,3.9488537311553955
1989-11-08,4.023360729217529
1989-11-09,4.06992769241333
1989-11-10,4.107182025909424
1989-11-13,4.190999984741211
1989-11-14,4.190999984741211
1989-11-15,4.237568378448486
1989-11-16,4.265508651733398
1989-11-17,4.3306989669799805
1989-11-20,4.274820804595947
1989-11-21,4.3213887214660645
1989-11-22,4.405206680297852
1989-11-24,4.442461013793945
1989-11-27,4.442461013793945
1989-11-28,4.479712963104248
1989-11-29,4.470400810241699
1989-11-30,4.479712963104248
1989-12-01,4.461084365844727
1989-12-04,4.442461013793945
1989-12-05,4.237568378448486
1989-12-06,4.284133434295654
1989-12-07,4.3306989669799805
1989-12-08,4.395895481109619
1989-12-11,4.358641147613525
1989-12-12,4.470400810241699
1989-12-13,4.498342514038086
1989-12-14,4.470400810241699
1989-12-15,4.516964435577393
1989-12-18,4.470400810241699
1989-12-19,4.461084365844727
1989-12-20,4.395895481109619
1989-12-21,4.4145188331604
1989-12-22,4.433146953582764
1989-12-26,4.498890399932861
1989-12-27,4.470717430114746
1989-12-28,4.564640522003174
1989-12-29,4.620993137359619
1990-01-02,4.7149152755737305
1990-01-03,4.799444198608398
1990-01-04,4.799444198608398
1990-01-05,4.724307060241699
1990-01-08,4.799444198608398
1990-01-09,4.761876583099365
1990-01-10,4.771271228790283
1990-01-11,4.799444198608398
1990-01-12,4.733700275421143
1990-01-15,4.686734199523926
1990-01-16,4.69612979888916
1990-01-17,4.649168014526367
1990-01-18,4.658562183380127
1990-01-19,4.733700275421143
1990-01-22,4.686734199523926
1990-01-23,4.70552396774292
1990-01-24,4.855798244476318
1990-01-25,4.790055274963379
1990-01-26,4.7149152755737305
1990-01-29,4.808838844299316
1990-01-30,4.912153720855713
1990-01-31,4.940329074859619
1990-02-01,4.977896690368652
1990-02-02,5.015467643737793
1990-02-05,4.968506336212158
1990-02-06,5.024859428405762
1990-02-07,5.090607166290283
1990-02-08,5.0624284744262695
1990-02-09,5.053036689758301
1990-02-12,5.015467643737793
1990-02-13,5.034252166748047
1990-02-14,5.053036689758301
1990-02-15,5.053036689758301
1990-02-16,5.00607442855835
1990-02-20,4.996680736541748
1990-02-21,5.034252166748047
1990-02-22,5.17513370513916
1990-02-23,5.090607166290283
1990-02-26,5.1469597816467285
1990-02-27,5.250272274017334
1990-02-28,5.306626319885254
1990-03-01,5.250272274017334
1990-03-02,5.250272274017334
1990-03-05,5.184530735015869
1990-03-06,5.2408833503723145
1990-03-07,5.325411319732666
1990-03-08,5.325411319732666
1990-03-09,5.4005513191223145
1990-03-12,5.372373580932617
1990-03-13,5.35359001159668
1990-03-14,5.4005513191223145
1990-03-15,5.438118934631348
1990-03-16,5.532042503356934
1990-03-19,5.5038652420043945
1990-03-20,5.4662957191467285
1990-03-21,5.419335842132568
1990-03-22,5.325411319732666
1990-03-23,5.362978935241699
1990-03-26,5.438649654388428
1990-03-27,5.4859418869018555
1990-03-28,5.56160831451416
1990-03-29,5.552150249481201
1990-03-30,5.514314651489258
1990-04-02,5.448105335235596
1990-04-03,5.542693138122559
1990-04-04,5.627820014953613
1990-04-05,5.637279033660889
1990-04-06,5.637279033660889
1990-04-09,5.627820014953613
1990-04-10,5.627820014953613
1990-04-11,5.599443435668945
1990-04-12,5.665654182434082
1990-04-16,5.769697189331055
1990-04-17,5.902115345001221
1990-04-18,5.835911273956299
1990-04-19,5.779155254364014
1990-04-20,5.712948799133301
1990-04-23,5.637279033660889
1990-04-24,5.618361473083496
1990-04-25,5.694028854370117
1990-04-26,5.665654182434082
1990-04-27,5.627820014953613
1990-04-30,5.675114154815674
1990-05-01,5.656195163726807
1990-05-02,5.694028854370117
1990-05-03,5.7507781982421875
1990-05-04,5.8832011222839355
1990-05-07,5.873741149902344
1990-05-08,5.8832011222839355
1990-05-09,5.807530879974365
1990-05-10,5.769697189331055
1990-05-11,5.788612365722656
1990-05-14,5.835911273956299
1990-05-15,5.675114154815674
1990-05-16,5.722403526306152
1990-05-17,5.807530879974365
1990-05-18,5.845367431640625
1990-05-21,5.864281177520752
1990-05-22,5.7413225173950195
1990-05-23,5.52377462387085
1990-05-24,5.4954023361206055
1990-05-25,5.599443435668945
1990-05-29,5.694028854370117
1990-05-30,5.608902454376221
1990-05-31,5.599443435668945
1990-06-01,5.618361473083496
1990-06-04,5.608902454376221
1990-06-05,5.52377462387085
1990-06-06,5.467025279998779
1990-06-07,5.476483345031738
1990-06-08,5.4859418869018555
1990-06-11,5.533233642578125
1990-06-12,5.571069240570068
1990-06-13,5.533233642578125
1990-06-14,5.438649654388428
1990-06-15,5.4954023361206055
1990-06-18,5.438649654388428
1990-06-19,5.372437000274658
1990-06-20,5.429189205169678
1990-06-21,5.552150249481201
1990-06-22,5.419731616973877
1990-06-25,5.3911566734313965
1990-06-26,5.295904159545898
1990-06-27,5.314957141876221
1990-06-28,5.524505138397217
1990-06-29,5.58165979385376
1990-07-02,5.543555736541748
1990-07-03,5.610232353210449
1990-07-05,5.562607765197754
1990-07-06,5.58165979385376
1990-07-09,5.591180801391602
1990-07-10,5.70548152923584
1990-07-11,5.70548152923584
1990-07-12,5.762632846832275
1990-07-13,5.781683921813965
1990-07-16,5.848357677459717
1990-07-17,5.886457443237305
1990-07-18,5.8197808265686035
1990-07-19,5.8197808265686035
1990-07-20,5.800732612609863
1990-07-23,5.67690896987915
1990-07-24,5.67690896987915
1990-07-25,5.7150092124938965
1990-07-26,5.762632846832275
1990-07-27,5.6197590827941895
1990-07-30,5.58165979385376
1990-07-31,5.543555736541748
1990-08-01,5.5721306800842285
1990-08-02,5.514982223510742
1990-08-03,5.314957141876221
1990-08-06,5.067305088043213
1990-08-07,5.04825496673584
1990-08-08,5.086353302001953
1990-08-09,5.076828479766846
1990-08-10,5.04825496673584
1990-08-13,5.019682884216309
1990-08-14,5.029206275939941
1990-08-15,4.895855903625488
1990-08-16,4.619630813598633
1990-08-17,4.362457752227783
1990-08-20,4.257680416107178
1990-08-21,3.9624040126800537
1990-08-22,3.9624040126800537
1990-08-23,3.9338290691375732
1990-08-24,4.0862321853637695
1990-08-27,4.257680416107178
1990-08-28,4.267205715179443
1990-08-29,4.295780658721924
1990-08-30,4.248156547546387
1990-08-31,4.324355602264404
1990-09-04,4.3529276847839355
1990-09-05,4.400553226470947
1990-09-06,4.267205715179443
1990-09-07,4.286253929138184
1990-09-10,4.191008567810059
1990-09-11,4.124331474304199
1990-09-12,4.124331474304199
1990-09-13,4.076705455780029
1990-09-14,3.8957300186157227
1990-09-17,3.8957300186157227
1990-09-18,3.867154359817505
1990-09-19,3.8481056690216064
1990-09-20,3.8100037574768066
1990-09-21,3.743330240249634
1990-09-24,3.66634464263916
1990-09-25,3.7529544830322266
1990-09-26,3.4931328296661377
1990-09-27,3.5508697032928467
1990-09-28,3.6374762058258057
1990-10-01,3.589362144470215
1990-10-02,3.6952149868011475
1990-10-03,3.6374762058258057
1990-10-04,3.656723737716675
1990-10-05,3.5027554035186768
1990-10-08,3.3969032764434814
1990-10-09,3.1948211193084717
1990-10-10,3.1659514904022217
1990-10-11,3.146707534790039
1990-10-12,3.079345703125
1990-10-15,3.079345703125
1990-10-16,2.954246997833252
1990-10-17,2.963869571685791
1990-10-18,3.1082143783569336
1990-10-19,3.2140674591064453
1990-10-22,3.3102974891662598
1990-10-23,3.358412027359009
1990-10-24,3.1659514904022217
1990-10-25,3.0312323570251465
1990-10-26,3.0601000785827637
1990-10-29,3.079345703125
1990-10-30,3.127460241317749
1990-10-31,3.079345703125
1990-11-01,3.079345703125
1990-11-02,3.1948211193084717
1990-11-05,3.2140674591064453
1990-11-06,3.2140674591064453
1990-11-07,3.2140674591064453
1990-11-08,3.26218318939209
1990-11-09,3.3969032764434814
1990-11-12,3.531625270843506
1990-11-13,3.5412473678588867
1990-11-14,3.6086065769195557
1990-11-15,3.6182291507720947
1990-11-16,3.5797410011291504
1990-11-19,3.5027554035186768
1990-11-20,3.368032932281494
1990-11-21,3.3391642570495605
1990-11-23,3.3102974891662598
1990-11-26,3.300673723220825
1990-11-27,3.368032932281494
1990-11-28,3.329542875289917
1990-11-29,3.368032932281494
1990-11-30,3.445016860961914
1990-12-03,3.5508697032928467
1990-12-04,3.425769805908203
1990-12-05,3.4161486625671387
1990-12-06,3.473886728286743
1990-12-07,3.4931328296661377
1990-12-10,3.5123789310455322
1990-12-11,3.4835093021392822
1990-12-12,3.5123789310455322
1990-12-13,3.675971269607544
1990-12-14,3.5989861488342285
1990-12-17,3.473886728286743
1990-12-18,3.5220017433166504
1990-12-19,3.5989861488342285
1990-12-20,3.560494899749756
1990-12-21,3.560494899749756
1990-12-24,3.5994057655334473
1990-12-26,3.609135150909424
1990-12-27,3.609135150909424
1990-12-28,3.6188626289367676
1990-12-31,3.64804744720459
1991-01-02,3.6966865062713623
1991-01-03,3.5994057655334473
1991-01-04,3.579948663711548
1991-01-07,3.4923970699310303
1991-01-08,3.5702202320098877
1991-01-09,3.5896778106689453
1991-01-10,3.6675028800964355
1991-01-11,3.657773733139038
1991-01-14,3.579948663711548
1991-01-15,3.638319730758667
1991-01-16,3.6966865062713623
1991-01-17,3.8523356914520264
1991-01-18,3.8523356914520264
1991-01-21,3.8426077365875244
1991-01-22,3.8328795433044434
1991-01-23,3.8328795433044434
1991-01-24,3.9107046127319336
1991-01-25,3.9982566833496094
1991-01-28,4.0663533210754395
1991-01-29,4.027441501617432
1991-01-30,4.2317352294921875
1991-01-31,4.251190185546875
1991-02-01,4.124724388122559
1991-02-04,4.251190185546875
1991-02-05,4.299831867218018
1991-02-06,4.251190185546875
1991-02-07,4.153908729553223
1991-02-08,4.124724388122559
1991-02-11,4.329014778137207
1991-02-12,4.290104389190674
1991-02-13,4.241460800170898
1991-02-14,4.085811614990234
1991-02-15,4.095540523529053
1991-02-19,3.8426077365875244
1991-02-20,3.803696870803833
1991-02-21,3.8912501335144043
1991-02-22,3.8328795433044434
1991-02-25,3.813424825668335
1991-02-26,3.803696870803833
1991-02-27,3.9593446254730225
1991-02-28,4.017714977264404
1991-03-01,4.046900749206543
1991-03-04,4.153908729553223
1991-03-05,4.134453773498535
1991-03-06,4.017714977264404
1991-03-07,4.056628704071045
1991-03-08,4.037172317504883
1991-03-11,4.046900749206543
1991-03-12,3.9496185779571533
1991-03-13,4.027441501617432
1991-03-14,4.056628704071045
1991-03-15,4.076084613800049
1991-03-18,4.046900749206543
1991-03-19,3.9593446254730225
1991-03-20,3.9204328060150146
1991-03-21,3.8912501335144043
1991-03-22,3.950207233428955
1991-03-25,3.920727491378784
1991-03-26,3.891249179840088
1991-03-27,3.8617711067199707
1991-03-28,3.8322932720184326
1991-04-01,3.8715975284576416
1991-04-02,3.950207233428955
1991-04-03,3.9600324630737305
1991-04-04,3.891249179840088
1991-04-05,3.842118263244629
1991-04-08,3.842118263244629
1991-04-09,3.7635059356689453
1991-04-10,3.71437406539917
1991-04-11,3.792985677719116
1991-04-12,3.792985677719116
1991-04-15,3.753678560256958
1991-04-16,3.8322932720184326
1991-04-17,3.9600324630737305
1991-04-18,3.9403815269470215
1991-04-19,3.9305553436279297
1991-04-22,3.891249179840088
1991-04-23,3.901076078414917
1991-04-24,3.9109036922454834
1991-04-25,3.8715975284576416
1991-04-26,3.8715975284576416
1991-04-29,3.842118263244629
1991-04-30,3.8715975284576416
1991-05-01,3.9403815269470215
1991-05-02,4.0091681480407715
1991-05-03,4.127081394195557
1991-05-06,4.1074299812316895
1991-05-07,3.979686975479126
1991-05-08,4.087777614593506
1991-05-09,4.215519905090332
1991-05-10,4.146733283996582
1991-05-13,4.068124294281006
1991-05-14,4.0091681480407715
1991-05-15,3.969860792160034
1991-05-16,3.9993371963500977
1991-05-17,3.9600324630737305
1991-05-20,3.9305553436279297
1991-05-21,3.9403815269470215
1991-05-22,3.9109036922454834
1991-05-23,3.901076078414917
1991-05-24,3.950207233428955
1991-05-28,4.087777614593506
1991-05-29,4.1172566413879395
1991-05-30,4.274479866027832
1991-05-31,4.392395973205566
1991-06-03,4.441527843475342
1991-06-04,4.402220249176025
1991-06-05,4.431699752807617
1991-06-06,4.313783168792725
1991-06-07,4.244999885559082
1991-06-10,4.264651298522949
1991-06-11,4.264651298522949
1991-06-12,4.166388034820557
1991-06-13,4.176217555999756
1991-06-14,4.215519905090332
1991-06-17,4.195868015289307
1991-06-18,4.156561374664307
1991-06-19,4.127081394195557
1991-06-20,4.166388034820557
1991-06-21,4.274479866027832
1991-06-24,4.165384769439697
1991-06-25,4.2248921394348145
1991-06-26,4.155468463897705
1991-06-27,4.214975357055664
1991-06-28,4.125714302062988
1991-07-01,4.294314384460449
1991-07-02,4.274476528167725
1991-07-03,4.205053806304932
1991-07-05,4.185218334197998
1991-07-08,4.185218334197998
1991-07-09,4.095961093902588
1991-07-10,4.125714302062988
1991-07-11,4.155468463897705
1991-07-12,4.076128959655762
1991-07-15,4.135634422302246
1991-07-16,4.135634422302246
1991-07-17,4.125714302062988
1991-07-18,4.185218334197998
1991-07-19,4.145549774169922
1991-07-22,4.205053806304932
1991-07-23,4.214975357055664
1991-07-24,4.23480749130249
1991-07-25,4.145549774169922
1991-07-26,4.046374320983887
1991-07-29,4.076128959655762
1991-07-30,4.115797519683838
1991-07-31,4.095961093902588
1991-08-01,4.056291103363037
1991-08-02,3.927363872528076
1991-08-05,3.887695074081421
1991-08-06,3.927363872528076
1991-08-07,3.9967854022979736
1991-08-08,4.105878829956055
1991-08-09,4.036454677581787
1991-08-12,4.016621112823486
1991-08-13,4.125714302062988
1991-08-14,4.06620979309082
1991-08-15,4.076128959655762
1991-08-16,4.036454677581787
1991-08-19,3.927363872528076
1991-08-20,3.71909236907959
1991-08-21,3.9075279235839844
1991-08-22,4.0265398025512695
1991-08-23,4.1753034591674805
1991-08-26,4.155468463897705
1991-08-27,4.095961093902588
1991-08-28,4.205053806304932
1991-08-29,4.23480749130249
1991-08-30,4.115797519683838
1991-09-03,4.105878829956055
1991-09-04,4.046374320983887
1991-09-05,4.056291103363037
1991-09-06,4.056291103363037
1991-09-09,4.086047172546387
1991-09-10,4.016621112823486
1991-09-11,4.1753034591674805
1991-09-12,4.304230213165283
1991-09-13,4.274476528167725
1991-09-16,4.294314384460449
1991-09-17,4.284397125244141
1991-09-18,4.23480749130249
1991-09-19,4.274476528167725
1991-09-20,4.284397125244141
1991-09-23,4.314151287078857
1991-09-24,4.394224166870117
1991-09-25,4.414246559143066
1991-09-26,4.424254417419434
1991-09-27,4.294126510620117
1991-09-30,4.274108409881592
1991-10-01,4.274108409881592
1991-10-02,4.294126510620117
1991-10-03,4.103948593139648
1991-10-04,4.083926677703857
1991-10-07,4.053898811340332
1991-10-08,4.113956928253174
1991-10-09,4.113956928253174
1991-10-10,4.113956928253174
1991-10-11,4.043889999389648
1991-10-14,4.063908576965332
1991-10-15,4.22406005859375
1991-10-16,4.24407958984375
1991-10-17,4.364195346832275
1991-10-18,4.384215354919434
1991-10-21,4.464295864105225
1991-10-22,4.524350166320801
1991-10-23,4.494325160980225
1991-10-24,4.274108409881592
1991-10-25,4.234072685241699
1991-10-28,4.394224166870117
1991-10-29,4.424254417419434
1991-10-30,4.534358978271484
1991-10-31,4.534358978271484
1991-11-01,4.444272994995117
1991-11-04,4.504331111907959
1991-11-05,4.424254417419434
1991-11-06,4.294126510620117
1991-11-07,4.344175815582275
1991-11-08,4.314146518707275
1991-11-11,4.264101505279541
1991-11-12,4.374206066131592
1991-11-13,4.284118175506592
1991-11-14,4.174015998840332
1991-11-15,4.164003849029541
1991-11-18,4.133975505828857
1991-11-19,4.023868083953857
1991-11-20,3.9738221168518066
1991-11-21,3.953801155090332
1991-11-22,3.8737261295318604
1991-11-25,3.993839740753174
1991-11-26,3.9638147354125977
1991-11-27,3.8937466144561768
1991-11-29,3.8737261295318604
1991-12-02,3.943791627883911
1991-12-03,3.8537049293518066
1991-12-04,3.8436973094940186
1991-12-05,3.823676109313965
1991-12-06,3.8036575317382812
1991-12-09,3.783639907836914
1991-12-10,3.443310499191284
1991-12-11,3.2731494903564453
1991-12-12,3.343214988708496
1991-12-13,3.4533207416534424
1991-12-16,3.4132814407348633
1991-12-17,3.4132814407348633
1991-12-18,3.3932619094848633
1991-12-19,3.363234043121338
1991-12-20,3.433300256729126
1991-12-23,3.5634262561798096
1991-12-24,3.62416410446167
1991-12-26,3.62416410446167
1991-12-27,3.6950316429138184
1991-12-30,3.705153703689575
1991-12-31,3.887373924255371
1992-01-02,3.857003688812256
1992-01-03,3.857003688812256
1992-01-06,3.8671271800994873
1992-01-07,3.8063876628875732
1992-01-08,3.765892744064331
1992-01-09,3.755770206451416
1992-01-10,3.816511631011963
1992-01-13,3.755770206451416
1992-01-14,3.887373924255371
1992-01-15,4.1100897789001465
1992-01-16,4.130334854125977
1992-01-17,4.221446990966797
1992-01-20,4.312557220458984
1992-01-21,4.07971715927124
1992-01-22,4.130334854125977
1992-01-23,4.039225101470947
1992-01-24,4.018977642059326
1992-01-27,4.089842319488525
1992-01-28,4.069594383239746
1992-01-29,4.089842319488525
1992-01-30,4.069594383239746
1992-01-31,4.059470176696777
1992-02-03,3.9987306594848633
1992-02-04,4.069594383239746
1992-02-05,4.07971715927124
1992-02-06,4.07971715927124
1992-02-07,4.07971715927124
1992-02-10,4.160705089569092
1992-02-11,4.180952072143555
1992-02-12,4.272060394287109
1992-02-13,4.180952072143555
1992-02-14,4.272060394287109
1992-02-18,4.241693496704102
1992-02-19,4.20120096206665
1992-02-20,4.261938095092773
1992-02-21,4.1100897789001465
1992-02-24,4.150584697723389
1992-02-25,4.160705089569092
1992-02-26,4.1404595375061035
1992-02-27,4.150584697723389
1992-02-28,4.130334854125977
1992-03-02,4.241693496704102
1992-03-03,4.292309284210205
1992-03-04,4.191075325012207
1992-03-05,4.1404595375061035
1992-03-06,4.160705089569092
1992-03-09,4.191075325012207
1992-03-10,4.211321830749512
1992-03-11,4.180952072143555
1992-03-12,4.150584697723389
1992-03-13,4.211321830749512
1992-03-16,4.180952072143555
1992-03-17,4.221446990966797
1992-03-18,4.312557220458984
1992-03-19,4.292309284210205
1992-03-20,4.272060394287109
1992-03-23,4.251814842224121
1992-03-24,4.241693496704102
1992-03-25,4.2519121170043945
1992-03-26,4.23146915435791
1992-03-27,4.190590858459473
1992-03-30,4.180365085601807
1992-03-31,4.180365085601807
1992-04-01,4.170145034790039
1992-04-02,4.180365085601807
1992-04-03,4.0986008644104
1992-04-06,4.057714462280273
1992-04-07,4.027050018310547
1992-04-08,3.9146220684051514
1992-04-09,3.9963886737823486
1992-04-10,4.047493934631348
1992-04-13,4.016828536987305
1992-04-14,4.016828536987305
1992-04-15,4.159923076629639
1992-04-16,4.159923076629639
1992-04-20,4.272355079650879
1992-04-21,4.262136459350586
1992-04-22,4.006612777709961
1992-04-23,4.180365085601807
1992-04-24,4.088380336761475
1992-04-27,4.108819961547852
1992-04-28,4.13948392868042
1992-04-29,4.129261016845703
1992-04-30,4.057714462280273
1992-05-01,4.037271976470947
1992-05-04,4.067936420440674
1992-05-05,4.027050018310547
1992-05-06,4.200808048248291
1992-05-07,4.159923076629639
1992-05-08,4.088380336761475
1992-05-11,4.067936420440674
1992-05-12,4.006612777709961
1992-05-13,3.9963886737823486
1992-05-14,3.9146220684051514
1992-05-15,3.7817494869232178
1992-05-18,3.6386561393737793
1992-05-19,3.689762592315674
1992-05-20,3.6386561393737793
1992-05-21,3.6590964794158936
1992-05-22,3.730649471282959
1992-05-26,3.6999824047088623
1992-05-27,3.6999824047088623
1992-05-28,3.74086594581604
1992-05-29,3.7510862350463867
1992-06-01,3.720423460006714
1992-06-02,3.7510862350463867
1992-06-03,3.8124125003814697
1992-06-04,3.74086594581604
1992-06-05,3.6795401573181152
1992-06-08,3.6386561393737793
1992-06-09,3.5773303508758545
1992-06-10,3.618215799331665
1992-06-11,3.5057828426361084
1992-06-12,3.5364458560943604
1992-06-15,3.5364458560943604
1992-06-16,3.4751229286193848
1992-06-17,3.3626914024353027
1992-06-18,3.403576374053955
1992-06-19,3.403576374053955
1992-06-22,3.321807384490967
1992-06-23,3.41379451751709
1992-06-24,3.4137914180755615
1992-06-25,3.424140214920044
1992-06-26,3.382763385772705
1992-06-29,3.517244577407837
1992-06-30,3.5275890827178955
1992-07-01,3.506899833679199
1992-07-02,3.4034502506256104
1992-07-06,3.351727247238159
1992-07-07,3.362072467803955
1992-07-08,3.4862096309661865
1992-07-09,3.4862096309661865
1992-07-10,3.4758644104003906
1992-07-13,3.39310622215271
1992-07-14,3.4137914180755615
1992-07-15,3.444831132888794
1992-07-16,3.517244577407837
1992-07-17,3.4862096309661865
1992-07-20,3.39310622215271
1992-07-21,3.434486150741577
1992-07-22,3.372415781021118
1992-07-23,3.351727247238159
1992-07-24,3.362072467803955
1992-07-27,3.424140214920044
1992-07-28,3.3103482723236084
1992-07-29,3.5482778549194336
1992-07-30,3.506899833679199
1992-07-31,3.4758644104003906
1992-08-03,3.4862096309661865
1992-08-04,3.4758644104003906
1992-08-05,3.4655187129974365
1992-08-06,3.444831132888794
1992-08-07,3.3103482723236084
1992-08-10,3.3103482723236084
1992-08-11,3.362072467803955
1992-08-12,3.2793142795562744
1992-08-13,3.341381788253784
1992-08-14,3.4034502506256104
1992-08-17,3.372415781021118
1992-08-18,3.4034502506256104
1992-08-19,3.382763385772705
1992-08-20,3.351727247238159
1992-08-21,3.320692300796509
1992-08-24,3.258624315261841
1992-08-25,3.1862101554870605
1992-08-26,3.1448264122009277
1992-08-27,3.1862101554870605
1992-08-28,3.2379353046417236
1992-08-31,3.2172439098358154
1992-09-01,3.2482783794403076
1992-09-02,3.2793142795562744
1992-09-03,3.3000004291534424
1992-09-04,3.3000004291534424
1992-09-08,3.3103482723236084
1992-09-09,3.2379353046417236
1992-09-10,3.3000004291534424
1992-09-11,3.3103482723236084
1992-09-14,3.434486150741577
1992-09-15,3.4655187129974365
1992-09-16,3.39310622215271
1992-09-17,3.39310622215271
1992-09-18,3.4137914180755615
1992-09-21,3.4758644104003906
1992-09-22,3.4862096309661865
1992-09-23,3.372415781021118
1992-09-24,3.539989471435547
1992-09-25,3.508570671081543
1992-09-28,3.539989471435547
1992-09-29,3.6342480182647705
1992-09-30,3.6551947593688965
1992-10-01,3.560936450958252
1992-10-02,3.487623929977417
1992-10-05,3.445729970932007
1992-10-06,3.4666762351989746
1992-10-07,3.4143102169036865
1992-10-08,3.403834581375122
1992-10-09,3.3409953117370605
1992-10-12,3.403834581375122
1992-10-13,3.435253381729126
1992-10-14,3.3828892707824707
1992-10-15,3.288630485534668
1992-10-16,3.361943244934082
1992-10-19,3.3409953117370605
1992-10-20,3.372415781021118
1992-10-21,3.3514697551727295
1992-10-22,3.3514697551727295
1992-10-23,3.424783945083618
1992-10-26,3.4562008380889893
1992-10-27,3.372415781021118
1992-10-28,3.3514697551727295
1992-10-29,3.3305234909057617
1992-10-30,3.3095762729644775
1992-11-02,3.424783945083618
1992-11-03,3.529515504837036
1992-11-04,3.487623929977417
1992-11-05,3.508570671081543
1992-11-06,3.508570671081543
1992-11-09,3.529515504837036
1992-11-10,3.529515504837036
1992-11-11,3.487623929977417
1992-11-12,3.508570671081543
1992-11-13,3.372415781021118
1992-11-16,3.3514697551727295
1992-11-17,3.3305234909057617
1992-11-18,3.236262798309326
1992-11-19,3.2048425674438477
1992-11-20,3.1734228134155273
1992-11-23,3.131530523300171
1992-11-24,3.131530523300171
1992-11-25,3.194368362426758
1992-11-27,3.2048425674438477
1992-11-30,3.278156280517578
1992-12-01,3.2676820755004883
1992-12-02,3.278156280517578
1992-12-03,3.2048425674438477
1992-12-04,3.236262798309326
1992-12-07,3.1629486083984375
1992-12-08,3.32004976272583
1992-12-09,3.403834581375122
1992-12-10,3.3305234909057617
1992-12-11,3.361943244934082
1992-12-14,3.3828892707824707
1992-12-15,3.403834581375122
1992-12-16,3.435253381729126
1992-12-17,3.529515504837036
1992-12-18,3.5818848609924316
1992-12-21,3.529515504837036
1992-12-22,3.5714097023010254
1992-12-23,3.550463914871216
1992-12-24,3.5610597133636475
1992-12-28,3.5610597133636475
1992-12-29,3.6670429706573486
1992-12-30,3.6882431507110596
1992-12-31,3.709437847137451
1993-01-04,3.6776435375213623
1993-01-05,3.6352486610412598
1993-01-06,3.6882431507110596
1993-01-07,3.8048250675201416
1993-01-08,3.826021432876587
1993-01-11,3.8048250675201416
1993-01-12,3.730637550354004
1993-01-13,3.6670429706573486
1993-01-14,3.709437847137451
1993-01-15,3.8472182750701904
1993-01-18,3.974398374557495
1993-01-19,3.932006597518921
1993-01-20,3.94260311126709
1993-01-21,3.932006597518921
1993-01-22,3.9108073711395264
1993-01-25,3.963801145553589
1993-01-26,4.0273895263671875
1993-01-27,4.0061936378479
1993-01-28,3.94260311126709
1993-01-29,3.932006597518921
1993-02-01,3.94260311126709
1993-02-02,3.963801145553589
1993-02-03,4.0273895263671875
1993-02-04,4.048586845397949
1993-02-05,4.069783687591553
1993-02-08,3.94260311126709
1993-02-09,3.963801145553589
1993-02-10,3.984996795654297
1993-02-11,4.11217737197876
1993-02-12,4.11217737197876
1993-02-16,3.963801145553589
1993-02-17,3.932006597518921
1993-02-18,3.9532015323638916
1993-02-19,3.9214065074920654
1993-02-22,3.857816457748413
1993-02-23,4.090981483459473
1993-02-24,4.302950859069824
1993-02-25,4.3453450202941895
1993-02-26,4.408933639526367
1993-03-01,4.536116123199463
1993-03-02,4.472521781921387
1993-03-03,4.514918327331543
1993-03-04,4.461923122406006
1993-03-05,4.578506946563721
1993-03-08,4.663297176361084
1993-03-09,4.790475845336914
1993-03-10,4.726884365081787
1993-03-11,4.652695655822754
1993-03-12,4.663297176361084
1993-03-15,4.748080730438232
1993-03-16,4.599704265594482
1993-03-17,4.514918327331543
1993-03-18,4.5043182373046875
1993-03-19,4.472521781921387
1993-03-22,4.567905426025391
1993-03-23,4.536116123199463
1993-03-24,4.525516986846924
1993-03-25,4.557612419128418
1993-03-26,4.589705467224121
1993-03-29,4.557612419128418
1993-03-30,4.546911239624023
1993-03-31,4.546911239624023
1993-04-01,4.568309783935547
1993-04-02,4.621800422668457
1993-04-05,4.664595127105713
1993-04-06,4.643199443817139
1993-04-07,4.707395553588867
1993-04-08,4.718090534210205
1993-04-12,4.846470832824707
1993-04-13,5.006951808929443
1993-04-14,5.006951808929443
1993-04-15,4.996255874633789
1993-04-16,5.006951808929443
1993-04-19,4.9320597648620605
1993-04-20,4.825075149536133
1993-04-21,4.792980194091797
1993-04-22,4.985554218292236
1993-04-23,4.921362400054932
1993-04-26,4.9320597648620605
1993-04-27,5.124635696411133
1993-04-28,5.0176496505737305
1993-04-29,5.178132057189941
1993-04-30,5.156732559204102
1993-05-03,5.039051532745361
1993-05-04,5.1032395362854
1993-05-05,5.07114315032959
1993-05-06,4.964160919189453
1993-05-07,4.867873191833496
1993-05-10,4.899967670440674
1993-05-11,4.910664081573486
1993-05-12,4.964160919189453
1993-05-13,4.9427595138549805
1993-05-14,4.814376354217529
1993-05-17,4.792980194091797
1993-05-18,4.792980194091797
1993-05-19,4.899967670440674
1993-05-20,4.964160919189453
1993-05-21,5.039051532745361
1993-05-24,5.231623649597168
1993-05-25,5.4669928550720215
1993-05-26,5.3921027183532715
1993-05-27,5.413501262664795
1993-05-28,5.402801990509033
1993-06-01,5.434897422790527
1993-06-02,5.456295013427734
1993-06-03,5.499091148376465
1993-06-04,5.53118371963501
1993-06-07,5.595379829406738
1993-06-08,5.638169765472412
1993-06-09,5.584679126739502
1993-06-10,5.499091148376465
1993-06-11,5.627472877502441
1993-06-14,5.71306037902832
1993-06-15,5.670266628265381
1993-06-16,5.541881561279297
1993-06-17,5.541881561279297
1993-06-18,5.595379829406738
1993-06-21,5.541881561279297
1993-06-22,5.499091148376465
1993-06-23,5.60607385635376
1993-06-24,5.606074333190918
1993-06-25,5.573731899261475
1993-06-28,5.5521721839904785
1993-06-29,5.573731899261475
1993-06-30,5.724664688110352
1993-07-01,5.638420581817627
1993-07-02,5.724664688110352
1993-07-06,5.692322254180908
1993-07-07,5.724664688110352
1993-07-08,5.670760154724121
1993-07-09,5.638420581817627
1993-07-12,5.638420581817627
1993-07-13,5.616855144500732
1993-07-14,5.6815409660339355
1993-07-15,5.6815409660339355
1993-07-16,5.627636909484863
1993-07-19,5.6815409660339355
1993-07-20,5.6815409660339355
1993-07-21,5.670760154724121
1993-07-22,5.573731899261475
1993-07-23,5.616855144500732
1993-07-26,5.616855144500732
1993-07-27,5.5521721839904785
1993-07-28,5.519827842712402
1993-07-29,5.5090460777282715
1993-07-30,5.48748779296875
1993-08-02,5.422799587249756
1993-08-03,5.573731899261475
1993-08-04,5.627636909484863
1993-08-05,5.627636909484863
1993-08-06,5.595294952392578
1993-08-09,5.670760154724121
1993-08-10,5.757008075714111
1993-08-11,5.789351940155029
1993-08-12,5.789351940155029
1993-08-13,5.907939434051514
1993-08-16,5.864819526672363
1993-08-17,5.940282344818115
1993-08-18,5.961846828460693
1993-08-19,5.951064586639404
1993-08-20,5.929503917694092
1993-08-23,5.929503917694092
1993-08-24,6.382298469543457
1993-08-25,6.339176654815674
1993-08-26,6.3499555587768555
1993-08-27,6.328395843505859
1993-08-30,6.382298469543457
1993-08-31,6.285268783569336
1993-09-01,6.058873653411865
1993-09-02,5.843258380889893
1993-09-03,5.918721675872803
1993-09-07,5.875598430633545
1993-09-08,5.875598430633545
1993-09-09,5.994184970855713
1993-09-10,6.048091888427734
1993-09-13,6.058873653411865
1993-09-14,6.037313461303711
1993-09-15,5.886376857757568
1993-09-16,6.004968643188477
1993-09-17,5.9834065437316895
1993-09-20,5.886376857757568
1993-09-21,5.821692943572998
1993-09-22,5.907939434051514
1993-09-23,5.875598430633545
1993-09-24,6.092809677124023
1993-09-27,6.223138809204102
1993-09-28,6.353464126586914
1993-09-29,6.331740379333496
1993-09-30,6.288302421569824
1993-10-01,6.4294867515563965
1993-10-04,6.483793258666992
1993-10-05,6.4946513175964355
1993-10-06,6.331740379333496
1993-10-07,6.386046886444092
1993-10-08,6.320881366729736
1993-10-11,6.375185489654541
1993-10-12,6.375185489654541
1993-10-13,6.44035005569458
1993-10-14,6.364330291748047
1993-10-15,6.396905422210693
1993-10-18,6.364330291748047
1993-10-19,6.288302421569824
1993-10-20,6.320881366729736
1993-10-21,6.310021877288818
1993-10-22,6.462071418762207
1993-10-25,6.581540107727051
1993-10-26,6.701005935668945
1993-10-27,6.74444580078125
1993-10-28,6.690141201019287
1993-10-29,6.7118682861328125
1993-11-01,6.73358678817749
1993-11-02,6.690141201019287
1993-11-03,6.472934722900391
1993-11-04,6.407767295837402
1993-11-05,6.386046886444092
1993-11-08,6.462071418762207
1993-11-09,6.44035005569458
1993-11-10,6.375185489654541
1993-11-11,6.364330291748047
1993-11-12,6.375185489654541
1993-11-15,6.364330291748047
1993-11-16,6.244863033294678
1993-11-17,6.25571870803833
1993-11-18,6.1796956062316895
1993-11-19,6.081952095031738
1993-11-22,5.951622009277344
1993-11-23,5.8755998611450195
1993-11-24,6.147114276885986
1993-11-26,6.201416969299316
1993-11-29,6.168831825256348
1993-11-30,6.157973766326904
1993-12-01,6.25571870803833
1993-12-02,6.223138809204102
1993-12-03,6.25571870803833
1993-12-06,6.407767295837402
1993-12-07,6.114532470703125
1993-12-08,5.995065212249756
1993-12-09,6.147114276885986
1993-12-10,6.081952095031738
1993-12-13,6.038504123687744
1993-12-14,6.092809677124023
1993-12-15,6.157973766326904
1993-12-16,6.168831825256348
1993-12-17,6.223138809204102
1993-12-20,6.233998775482178
1993-12-21,6.25571870803833
1993-12-22,6.277441501617432
1993-12-23,6.266582012176514
1993-12-27,6.441562175750732
1993-12-28,6.441562175750732
1993-12-29,6.474372863769531
1993-12-30,6.463436126708984
1993-12-31,6.474372863769531
1994-01-03,6.277515411376953
1994-01-04,6.321261405944824
1994-01-05,6.4306254386901855
1994-01-06,6.441562175750732
1994-01-07,6.463436126708984
1994-01-10,6.704039096832275
1994-01-11,6.583736419677734
1994-01-12,6.6056108474731445
1994-01-13,6.693104267120361
1994-01-14,6.693104267120361
1994-01-17,6.966508865356445
1994-01-18,6.846213340759277
1994-01-19,6.868083477020264
1994-01-20,6.802464485168457
1994-01-21,6.857142925262451
1994-01-24,6.999320983886719
1994-01-25,6.955577373504639
1994-01-26,6.868083477020264
1994-01-27,6.791525363922119
1994-01-28,6.813403129577637
1994-01-31,7.043068885803223
1994-02-01,7.207117080688477
1994-02-02,7.14149284362793
1994-02-03,7.043068885803223
1994-02-04,6.813403129577637
1994-02-07,6.922766208648682
1994-02-08,7.119619369506836
1994-02-09,7.119619369506836
1994-02-10,6.966508865356445
1994-02-11,6.933705806732178
1994-02-14,6.868083477020264
1994-02-15,6.911831855773926
1994-02-16,6.824340343475342
1994-02-17,6.824340343475342
1994-02-18,6.7587199211120605
1994-02-22,7.21804666519165
1994-02-23,7.349287986755371
1994-02-24,7.21804666519165
1994-02-25,7.239922523498535
1994-02-28,7.382095813751221
1994-03-01,7.338348865509033
1994-03-02,7.447715759277344
1994-03-03,7.666445732116699
1994-03-04,7.611764430999756
1994-03-07,7.863296985626221
1994-03-08,7.699252605438232
1994-03-09,7.6555070877075195
1994-03-10,7.6555070877075195
1994-03-11,7.732063293457031
1994-03-14,7.797680854797363
1994-03-15,7.863296985626221
1994-03-16,7.819555282592773
1994-03-17,7.917980670928955
1994-03-18,7.874234676361084
1994-03-21,7.775808334350586
1994-03-22,7.852365970611572
1994-03-23,7.863296985626221
1994-03-24,7.6336350440979
1994-03-25,7.424648284912109
1994-03-28,7.5236406326293945
1994-03-29,7.1936564445495605
1994-03-30,7.314650535583496
1994-03-31,7.424648284912109
1994-04-04,7.358649253845215
1994-04-05,7.6006317138671875
1994-04-06,7.666633605957031
1994-04-07,7.776631832122803
1994-04-08,7.5236406326293945
1994-04-11,7.51263952255249
1994-04-12,7.4686384201049805
1994-04-13,7.358649253845215
1994-04-14,7.2376556396484375
1994-04-15,7.281655788421631
1994-04-18,7.182656288146973
1994-04-19,7.083662509918213
1994-04-20,6.6546783447265625
1994-04-21,6.929671764373779
1994-04-22,6.940667629241943
1994-04-25,7.127659320831299
1994-04-26,6.940667629241943
1994-04-28,6.819675922393799
1994-04-29,6.74268102645874
1994-05-02,6.753675937652588
1994-05-03,6.852672100067139
1994-05-04,6.808673858642578
1994-05-05,6.676681041717529
1994-05-06,6.412693500518799
1994-05-09,6.203704833984375
1994-05-10,6.159708023071289
1994-05-11,6.181704521179199
1994-05-12,6.258700370788574
1994-05-13,6.159708023071289
1994-05-16,6.236702919006348
1994-05-17,6.357695579528809
1994-05-18,6.456693172454834
1994-05-19,6.456693172454834
1994-05-20,6.390695571899414
1994-05-23,6.511687278747559
1994-05-24,6.302701950073242
1994-05-25,6.19270658493042
1994-05-26,5.99471378326416
1994-05-27,6.049715995788574
1994-05-31,6.137709140777588
1994-06-01,6.148708343505859
1994-06-02,6.159708023071289
1994-06-03,6.26970100402832
1994-06-06,6.280697822570801
1994-06-07,6.258700370788574
1994-06-08,6.335692882537842
1994-06-09,6.335692882537842
1994-06-10,6.423694610595703
1994-06-13,6.467689037322998
1994-06-14,6.610681056976318
1994-06-15,6.533684730529785
1994-06-16,6.621683120727539
1994-06-17,6.5446858406066895
1994-06-20,6.445690155029297
1994-06-21,6.225704193115234
1994-06-22,6.203704833984375
1994-06-23,6.137709140777588
1994-06-24,6.004758834838867
1994-06-27,6.1598591804504395
1994-06-28,6.1598591804504395
1994-06-29,6.093396186828613
1994-06-30,5.993682384490967
1994-07-01,6.137706279754639
1994-07-05,6.1155476570129395
1994-07-06,6.292809963226318
1994-07-07,6.237419128417969
1994-07-08,6.226337432861328
1994-07-11,6.237419128417969
1994-07-12,6.370365142822266
1994-07-13,6.337126731872559
1994-07-14,6.2484965324401855
1994-07-15,6.337126731872559
1994-07-18,6.370365142822266
1994-07-19,6.414678573608398
1994-07-20,6.237419128417969
1994-07-21,6.1820244789123535
1994-07-22,6.12662935256958
1994-07-25,6.093396186828613
1994-07-26,6.037996768951416
1994-07-27,6.093396186828613
1994-07-28,6.148786544799805
1994-07-29,6.215258598327637
1994-08-01,6.193102836608887
1994-08-02,6.226337432861328
1994-08-03,6.215258598327637
1994-08-04,6.082310676574707
1994-08-05,5.938284873962402
1994-08-08,5.816418170928955
1994-08-09,5.827497959136963
1994-08-10,5.7388691902160645
1994-08-11,5.7721028327941895
1994-08-12,5.794261932373047
1994-08-15,5.749946117401123
1994-08-16,5.816418170928955
1994-08-17,6.037996768951416
1994-08-18,5.9272074699401855
1994-08-19,5.838578701019287
1994-08-22,5.849656105041504
1994-08-23,6.1709442138671875
1994-08-24,6.215258598327637
1994-08-25,6.204182147979736
1994-08-26,6.470074653625488
1994-08-29,6.5254669189453125
1994-08-30,6.603018760681152
1994-08-31,6.580859184265137
1994-09-01,6.425757884979248
1994-09-02,6.458994388580322
1994-09-06,6.392519474029541
1994-09-07,6.414678573608398
1994-09-08,6.3814377784729
1994-09-09,6.3814377784729
1994-09-12,6.215258598327637
1994-09-13,6.292809963226318
1994-09-14,6.370365142822266
1994-09-15,6.492228984832764
1994-09-16,6.436837673187256
1994-09-19,6.436837673187256
1994-09-20,6.226337432861328
1994-09-21,6.137706279754639
1994-09-22,6.026920795440674
1994-09-23,6.1155476570129395
1994-09-26,6.13118314743042
1994-09-27,6.086511135101318
1994-09-28,6.142350196838379
1994-09-29,6.075345039367676
1994-09-30,6.13118314743042
1994-10-03,6.164688587188721
1994-10-04,5.9748358726501465
1994-10-05,5.980416297912598
1994-10-06,6.064174652099609
1994-10-07,6.086511135101318
1994-10-10,6.120014667510986
1994-10-11,6.321037769317627
1994-10-12,6.388045310974121
1994-10-13,6.421550273895264
1994-10-14,6.522058486938477
1994-10-17,6.443882942199707
1994-10-18,6.410381317138672
1994-10-19,6.365711212158203
1994-10-20,6.421550273895264
1994-10-21,6.510893821716309
1994-10-24,6.499723434448242
1994-10-25,6.4550557136535645
1994-10-26,6.421550273895264
1994-10-27,6.488554954528809
1994-10-28,6.544398784637451
1994-10-31,6.399216175079346
1994-11-01,6.209356784820557
1994-11-02,6.120014667510986
1994-11-03,6.153520107269287
1994-11-04,6.164688587188721
1994-11-07,6.1758551597595215
1994-11-08,6.108848571777344
1994-11-09,6.0976786613464355
1994-11-10,6.053009033203125
1994-11-11,6.187023639678955
1994-11-14,6.0976786613464355
1994-11-15,5.863154411315918
1994-11-16,5.930160999298096
1994-11-17,5.95249605178833
1994-11-18,5.8966593742370605
1994-11-21,5.840818405151367
1994-11-22,5.751474380493164
1994-11-23,5.639793395996094
1994-11-25,5.583954334259033
1994-11-28,5.6956377029418945
1994-11-29,5.6956377029418945
1994-11-30,5.740309238433838
1994-12-01,5.639793395996094
1994-12-02,5.628629207611084
1994-12-05,5.762641906738281
1994-12-06,5.740309238433838
1994-12-07,5.729137420654297
1994-12-08,5.639793395996094
1994-12-09,5.628629207611084
1994-12-12,5.606292247772217
1994-12-13,5.505780220031738
1994-12-14,5.673300743103027
1994-12-15,5.6956377029418945
1994-12-16,5.751474380493164
1994-12-19,5.773810386657715
1994-12-20,5.8966593742370605
1994-12-21,5.874321460723877
1994-12-22,5.863154411315918
1994-12-23,5.969019889831543
1994-12-27,5.946496963500977
1994-12-28,5.901446342468262
1994-12-29,5.901446342468262
1994-12-30,5.969019889831543
1995-01-03,5.969019889831543
1995-01-04,5.856395244598389
1995-01-05,5.890183448791504
1995-01-06,6.059118747711182
1995-01-09,6.126693248748779
1995-01-10,6.160480499267578
1995-01-11,6.261835098266602
1995-01-12,6.295624256134033
1995-01-13,6.329410076141357
1995-01-16,6.712332725524902
1995-01-17,6.757382869720459
1995-01-18,6.712332725524902
1995-01-19,6.543395519256592
1995-01-20,6.363199234008789
1995-01-23,6.374462127685547
1995-01-24,6.442034721374512
1995-01-25,6.55465841293335
1995-01-26,6.520875453948975
1995-01-27,6.4645609855651855
1995-01-30,6.4195122718811035
1995-01-31,6.4195122718811035
1995-02-01,6.487082481384277
1995-02-02,6.667281627655029
1995-02-03,6.768642425537109
1995-02-06,6.779909133911133
1995-02-07,6.689807415008545
1995-02-08,6.588443756103516
1995-02-09,6.656015396118164
1995-02-10,6.824953079223633
1995-02-13,6.813690662384033
1995-02-14,6.9713664054870605
1995-02-15,6.915050506591797
1995-02-16,6.870000839233398
1995-02-17,6.824953079223633
1995-02-21,6.8587422370910645
1995-02-22,7.027679920196533
1995-02-23,7.00515079498291
1995-02-24,6.870000839233398
1995-02-27,6.836215496063232
1995-02-28,6.892526626586914
1995-03-01,6.7010674476623535
1995-03-02,6.610970973968506
1995-03-03,6.779909133911133
1995-03-06,6.847476482391357
1995-03-07,6.757382869720459
1995-03-08,6.734854698181152
1995-03-09,6.7911696434021
1995-03-10,6.915050506591797
1995-03-13,6.802431583404541
1995-03-14,6.757382869720459
1995-03-15,6.7911696434021
1995-03-16,6.915050506591797
1995-03-17,6.94883918762207
1995-03-20,6.982626914978027
1995-03-21,6.937577247619629
1995-03-22,6.9263153076171875
1995-03-23,7.016415119171143
1995-03-24,7.207871913909912
1995-03-27,7.2350873947143555
1995-03-28,7.257769584655762
1995-03-29,7.223748207092285
1995-03-30,7.303130149841309
1995-03-31,7.3711771965026855
1995-04-03,7.314472675323486
1995-04-04,7.34849214553833
1995-04-05,7.314472675323486
1995-04-06,7.393856048583984
1995-04-07,7.427874565124512
1995-04-10,7.337151050567627
1995-04-11,7.405192852020264
1995-04-12,7.495914936065674
1995-04-13,7.393856048583984
1995-04-17,7.416534423828125
1995-04-18,7.473238468170166
1995-04-19,7.552618026733398
1995-04-20,7.609315872192383
1995-04-21,7.609315872192383
1995-04-24,7.722719669342041
1995-04-25,7.620656967163086
1995-04-26,7.563957691192627
1995-04-27,7.552618026733398
1995-04-28,7.439216136932373
1995-05-01,7.484571933746338
1995-05-02,7.495914936065674
1995-05-03,7.495914936065674
1995-05-04,7.666020393371582
1995-05-05,7.484571933746338
1995-05-08,7.586633205413818
1995-05-09,7.6886982917785645
1995-05-10,7.666020393371582
1995-05-11,7.802102088928223
1995-05-12,7.904167175292969
1995-05-15,8.142315864562988
1995-05-16,8.142315864562988
1995-05-17,7.994885444641113
1995-05-18,7.756738185882568
1995-05-19,7.779421806335449
1995-05-22,8.142315864562988
1995-05-23,7.847465515136719
1995-05-24,7.870144367218018
1995-05-25,7.926841735839844
1995-05-26,7.745398044586182
1995-05-30,7.734063625335693
1995-05-31,7.847465515136719
1995-06-01,7.790762901306152
1995-06-02,7.620656967163086
1995-06-05,7.836122035980225
1995-06-06,7.892825126647949
1995-06-07,7.824784278869629
1995-06-08,7.768084526062012
1995-06-09,7.745398044586182
1995-06-12,7.870144367218018
1995-06-13,7.960867404937744
1995-06-14,7.892825126647949
1995-06-15,7.824784278869629
1995-06-16,7.779421806335449
1995-06-19,7.8814873695373535
1995-06-20,7.836122035980225
1995-06-21,7.768084526062012
1995-06-22,7.790762901306152
1995-06-23,7.790762901306152
1995-06-26,7.824784278869629
1995-06-27,7.824784278869629
1995-06-28,7.817938804626465
1995-06-29,7.78369665145874
1995-06-30,7.817938804626465
1995-07-03,7.817938804626465
1995-07-05,8.160326957702637
1995-07-06,8.228802680969238
1995-07-07,8.502714157104492
1995-07-10,8.502714157104492
1995-07-11,8.41141414642334
1995-07-12,8.571198463439941
1995-07-13,8.548375129699707
1995-07-14,8.514130592346191
1995-07-17,8.457066535949707
1995-07-18,8.365760803222656
1995-07-19,8.057611465454102
1995-07-20,8.148914337158203
1995-07-21,8.080438613891602
1995-07-24,7.954892635345459
1995-07-25,8.057611465454102
1995-07-26,8.126089096069336
1995-07-27,8.331523895263672
1995-07-28,8.274459838867188
1995-07-31,8.20598030090332
1995-08-01,8.240219116210938
1995-08-02,8.17174243927002
1995-08-03,8.114675521850586
1995-08-04,8.000545501708984
1995-08-07,7.943480491638184
1995-08-08,8.046197891235352
1995-08-09,8.034786224365234
1995-08-10,7.977715969085693
1995-08-11,7.909237861633301
1995-08-14,8.011959075927734
1995-08-15,7.966308116912842
1995-08-16,7.875003814697266
1995-08-17,7.64674186706543
1995-08-18,7.680977821350098
1995-08-21,7.658152103424072
1995-08-22,7.692391872406006
1995-08-23,7.62391471862793
1995-08-24,7.486956596374512
1995-08-25,7.601090431213379
1995-08-28,7.5782623291015625
1995-08-29,7.601090431213379
1995-08-30,7.703805446624756
1995-08-31,7.817938804626465
1995-09-01,7.943480491638184
1995-09-05,8.011959075927734
1995-09-06,7.977715969085693
1995-09-07,8.000545501708984
1995-09-08,8.023369789123535
1995-09-11,7.966308116912842
1995-09-12,7.829350471496582
1995-09-13,7.920652866363525
1995-09-14,7.886409282684326
1995-09-15,7.875003814697266
1995-09-18,7.920652866363525
1995-09-19,7.78369665145874
1995-09-20,7.692391872406006
1995-09-21,7.5782623291015625
1995-09-22,7.544027328491211
1995-09-25,7.464132308959961
1995-09-26,7.395651817321777
1995-09-27,7.46234130859375
1995-09-28,7.473845958709717
1995-09-29,7.485340595245361
1995-10-02,7.565825939178467
1995-10-03,7.657815933227539
1995-10-04,7.795790672302246
1995-10-05,7.818789005279541
1995-10-06,7.7382988929748535
1995-10-09,7.542829990386963
1995-10-10,7.634817600250244
1995-10-11,7.657815933227539
1995-10-12,7.899275302886963
1995-10-13,8.060251235961914
1995-10-16,8.025757789611816
1995-10-17,7.991264820098877
1995-10-18,8.014257431030273
1995-10-19,8.117742538452148
1995-10-20,8.094746589660645
1995-10-23,8.163736343383789
1995-10-24,8.31320858001709
1995-10-25,8.209728240966797
1995-10-26,8.198227882385254
1995-10-27,8.290213584899902
1995-10-30,8.39370059967041
1995-10-31,8.221223831176758
1995-11-01,8.278715133666992
1995-11-02,8.428192138671875
1995-11-03,8.52017879486084
1995-11-06,8.5316801071167
1995-11-07,8.439688682556152
1995-11-08,8.37070369720459
1995-11-09,8.278715133666992
1995-11-10,8.31320858001709
1995-11-13,8.255722045898438
1995-11-14,8.163736343383789
1995-11-15,7.910775184631348
1995-11-16,7.968261241912842
1995-11-17,8.00275993347168
1995-11-20,7.887777805328369
1995-11-21,8.04875373840332
1995-11-22,8.39370059967041
1995-11-24,8.37070369720459
1995-11-27,8.5316801071167
1995-11-28,8.451189994812012
1995-11-29,8.554672241210938
1995-11-30,9.106586456298828
1995-12-01,9.141084671020508
1995-12-04,8.968610763549805
1995-12-05,8.968610763549805
1995-12-06,9.175576210021973
1995-12-07,9.106586456298828
1995-12-08,9.106586456298828
1995-12-11,9.34804916381836
1995-12-12,9.141084671020508
1995-12-13,9.41703987121582
1995-12-14,9.555017471313477
1995-12-15,9.486028671264648
1995-12-18,9.34804916381836
1995-12-19,9.41703987121582
1995-12-20,9.658500671386719
1995-12-21,9.79648208618164
1995-12-22,9.658500671386719
1995-12-26,9.692999839782715
1995-12-27,9.713813781738281
1995-12-28,9.64443302154541
1995-12-29,9.783195495605469
1996-01-02,9.852579116821289
1996-01-03,9.748504638671875
1996-01-04,9.991350173950195
1996-01-05,10.130119323730469
1996-01-08,10.164816856384277
1996-01-09,9.856917381286621
1996-01-10,9.193431854248047
1996-01-11,9.64443302154541
1996-01-12,9.505659103393555
1996-01-15,9.366894721984863
1996-01-16,9.366894721984863
1996-01-17,9.470970153808594
1996-01-18,9.679121971130371
1996-01-19,9.609733581542969
1996-01-22,9.817891120910645
1996-01-23,9.852579116821289
1996-01-24,9.921968460083008
1996-01-25,9.783195495605469
1996-01-26,9.921968460083008
1996-01-29,10.060736656188965
1996-01-30,10.511734962463379
1996-01-31,10.407655715942383
1996-02-01,10.407655715942383
1996-02-02,10.47703742980957
1996-02-05,10.546422004699707
1996-02-06,10.407655715942383
1996-02-07,10.060736656188965
1996-02-08,10.130119323730469
1996-02-09,10.303577423095703
1996-02-12,10.75457763671875
1996-02-13,10.71988582611084
1996-02-14,10.997419357299805
1996-02-15,10.75457763671875
1996-02-16,10.268889427185059
1996-02-20,10.2341947555542
1996-02-21,10.789265632629395
1996-02-22,10.858659744262695
1996-02-23,10.893351554870605
1996-02-26,10.893351554870605
1996-02-27,10.858659744262695
1996-02-28,10.75457763671875
1996-02-29,10.858659744262695
1996-03-01,10.928038597106934
1996-03-04,11.37904167175293
1996-03-05,11.413731575012207
1996-03-06,11.344348907470703
1996-03-07,11.27496337890625
1996-03-08,11.37904167175293
1996-03-11,11.621888160705566
1996-03-12,11.691267013549805
1996-03-13,11.9688081741333
1996-03-14,11.656580924987793
1996-03-15,11.656580924987793
1996-03-18,11.9688081741333
1996-03-19,11.864724159240723
1996-03-20,11.656580924987793
1996-03-21,11.483112335205078
1996-03-22,11.691267013549805
1996-03-25,11.691267013549805
1996-03-26,11.864724159240723
1996-03-27,11.711371421813965
1996-03-28,11.746220588684082
1996-03-29,11.606804847717285
1996-04-01,11.920495986938477
1996-04-02,11.850791931152344
1996-04-03,12.025063514709473
1996-04-04,12.2341947555542
1996-04-08,11.955350875854492
1996-04-09,12.269050598144531
1996-04-10,11.850791931152344
1996-04-11,12.1644868850708
1996-04-12,11.711371421813965
1996-04-15,11.46738052368164
1996-04-16,11.920495986938477
1996-04-17,11.571948051452637
1996-04-18,11.29310417175293
1996-04-19,11.362812995910645
1996-04-22,11.502233505249023
1996-04-23,11.746220588684082
1996-04-24,11.781078338623047
1996-04-25,11.781078338623047
1996-04-26,11.537087440490723
1996-04-29,10.97940444946289
1996-04-30,10.839980125427246
1996-05-01,11.223395347595215
1996-05-02,11.083976745605469
1996-05-03,11.118828773498535
1996-05-06,11.153681755065918
1996-05-07,10.874841690063477
1996-05-08,10.665705680847168
1996-05-09,10.874841690063477
1996-05-10,10.909697532653809
1996-05-13,11.153681755065918
1996-05-14,11.606804847717285
1996-05-15,11.711371421813965
1996-05-16,11.46738052368164
1996-05-17,11.711371421813965
1996-05-20,11.781078338623047
1996-05-21,11.711371421813965
1996-05-22,11.850791931152344
1996-05-23,11.606804847717285
1996-05-24,11.537087440490723
1996-05-28,11.502233505249023
1996-05-29,11.46738052368164
1996-05-30,11.46738052368164
1996-05-31,11.606804847717285
1996-06-03,11.502233505249023
1996-06-04,11.955350875854492
1996-06-05,11.955350875854492
1996-06-06,11.711371421813965
1996-06-07,11.781078338623047
1996-06-10,11.711371421813965
1996-06-11,11.815936088562012
1996-06-12,11.641663551330566
1996-06-13,11.606804847717285
1996-06-14,11.432527542114258
1996-06-17,11.29310417175293
1996-06-18,11.049107551574707
1996-06-19,10.97940444946289
1996-06-20,10.874841690063477
1996-06-21,11.223395347595215
1996-06-24,11.29310417175293
1996-06-25,11.153681755065918
1996-06-26,10.894455909729004
1996-06-27,11.104632377624512
1996-06-28,11.209728240966797
1996-07-01,10.999549865722656
1996-07-02,11.069605827331543
1996-07-03,10.999549865722656
1996-07-05,10.684273719787598
1996-07-08,10.7193021774292
1996-07-09,10.754332542419434
1996-07-10,10.7193021774292
1996-07-11,10.544154167175293
1996-07-12,10.474091529846191
1996-07-15,10.053725242614746
1996-07-16,9.843544006347656
1996-07-17,10.018696784973145
1996-07-18,10.263914108276367
1996-07-19,10.193843841552734
1996-07-22,10.193843841552734
1996-07-23,9.948633193969727
1996-07-24,9.948633193969727
1996-07-25,9.878572463989258
1996-07-26,9.91360855102539
1996-07-29,10.123788833618164
1996-07-30,9.983665466308594
1996-07-31,10.018696784973145
1996-08-01,10.263914108276367
1996-08-02,10.439062118530273
1996-08-05,10.544154167175293
1996-08-06,10.333969116210938
1996-08-07,10.439062118530273
1996-08-08,10.439062118530273
1996-08-09,10.22887897491455
1996-08-12,10.22887897491455
1996-08-13,10.929489135742188
1996-08-14,10.894455909729004
1996-08-15,10.964521408081055
1996-08-16,10.929489135742188
1996-08-19,10.894455909729004
1996-08-20,10.894455909729004
1996-08-21,11.209728240966797
1996-08-22,11.419916152954102
1996-08-23,11.3148193359375
1996-08-26,11.244766235351562
1996-08-27,11.384883880615234
1996-08-28,11.384883880615234
1996-08-29,11.209728240966797
1996-08-30,11.139671325683594
1996-09-03,11.3148193359375
1996-09-04,11.384883880615234
1996-09-05,11.560033798217773
1996-09-06,11.700162887573242
1996-09-09,11.840279579162598
1996-09-10,11.875311851501465
1996-09-11,11.875311851501465
1996-09-12,11.980395317077637
1996-09-13,12.225615501403809
1996-09-16,12.470823287963867
1996-09-17,12.050461769104004
1996-09-18,11.735188484191895
1996-09-19,11.700162887573242
1996-09-20,11.875311851501465
1996-09-23,11.735188484191895
1996-09-24,11.735188484191895
1996-09-25,11.735188484191895
1996-09-26,11.826699256896973
1996-09-27,11.826699256896973
1996-09-30,11.826699256896973
1996-10-01,11.86190128326416
1996-10-02,12.073092460632324
1996-10-03,11.897095680236816
1996-10-04,11.791505813598633
1996-10-07,11.826699256896973
1996-10-08,11.826699256896973
1996-10-09,11.721114158630371
1996-10-10,11.650710105895996
1996-10-11,11.897095680236816
1996-10-14,12.319478988647461
1996-10-15,12.108288764953613
1996-10-16,12.213884353637695
1996-10-17,12.3546781539917
1996-10-18,12.530670166015625
1996-10-21,12.3546781539917
1996-10-22,12.143488883972168
1996-10-23,12.143488883972168
1996-10-24,11.826699256896973
1996-10-25,11.93229866027832
1996-10-28,11.721114158630371
1996-10-29,11.86190128326416
1996-10-30,11.650710105895996
1996-10-31,11.791505813598633
1996-11-01,11.333928108215332
1996-11-04,11.369122505187988
1996-11-05,11.50991439819336
1996-11-06,11.615504264831543
1996-11-07,11.263528823852539
1996-11-08,11.298724174499512
1996-11-11,11.157925605773926
1996-11-12,11.369122505187988
1996-11-13,11.721114158630371
1996-11-14,11.58031177520752
1996-11-15,11.721114158630371
1996-11-18,11.756305694580078
1996-11-19,12.213884353637695
1996-11-20,12.49548053741455
1996-11-21,12.636271476745605
1996-11-22,13.269843101501465
1996-11-25,13.129043579101562
1996-11-26,12.38988208770752
1996-11-27,12.671470642089844
1996-11-29,12.565877914428711
1996-12-02,12.38988208770752
1996-12-03,12.213884353637695
1996-12-04,11.826699256896973
1996-12-05,11.756305694580078
1996-12-06,11.897095680236816
1996-12-09,11.93229866027832
1996-12-10,12.037894248962402
1996-12-11,11.967500686645508
1996-12-12,11.86190128326416
1996-12-13,11.474721908569336
1996-12-16,11.40432357788086
1996-12-17,11.40432357788086
1996-12-18,11.58031177520752
1996-12-19,11.826699256896973
1996-12-20,12.00269889831543
1996-12-23,11.685909271240234
1996-12-24,11.791505813598633
1996-12-26,11.826699256896973
1996-12-27,11.84792423248291
1996-12-30,11.741823196411133
1996-12-31,11.458889961242676
1997-01-02,11.423521995544434
1997-01-03,11.529624938964844
1997-01-06,11.812557220458984
1997-01-07,11.954020500183105
1997-01-08,11.777195930480957
1997-01-09,12.130858421325684
1997-01-10,12.343060493469238
1997-01-13,11.989392280578613
1997-01-14,12.060128211975098
1997-01-15,11.777195930480957
1997-01-16,11.954020500183105
1997-01-17,12.024762153625488
1997-01-20,11.918657302856445
1997-01-21,11.777195930480957
1997-01-22,11.67108154296875
1997-01-23,11.88328742980957
1997-01-24,12.024762153625488
1997-01-27,12.095492362976074
1997-01-28,12.024762153625488
1997-01-29,12.024762153625488
1997-01-30,12.201591491699219
1997-01-31,12.095492362976074
1997-02-03,11.84792423248291
1997-02-04,11.88328742980957
1997-02-05,11.88328742980957
1997-02-06,11.812557220458984
1997-02-07,11.777195930480957
1997-02-10,11.706454277038574
1997-02-11,11.67108154296875
1997-02-12,12.16622257232666
1997-02-13,12.201591491699219
1997-02-14,11.88328742980957
1997-02-18,11.84792423248291
1997-02-19,12.095492362976074
1997-02-20,11.812557220458984
1997-02-21,12.024762153625488
1997-02-24,12.095492362976074
1997-02-25,12.16622257232666
1997-02-26,11.989392280578613
1997-02-27,11.954020500183105
1997-02-28,12.060128211975098
1997-03-03,12.024762153625488
1997-03-04,11.84792423248291
1997-03-05,12.16622257232666
1997-03-06,12.095492362976074
1997-03-07,12.555267333984375
1997-03-10,12.519889831542969
1997-03-11,12.413792610168457
1997-03-12,12.555267333984375
1997-03-13,12.30769157409668
1997-03-14,12.87355899810791
1997-03-17,12.87355899810791
1997-03-18,12.484525680541992
1997-03-19,12.484525680541992
1997-03-20,12.8381986618042
1997-03-21,12.696732521057129
1997-03-24,12.555267333984375
1997-03-25,12.343060493469238
1997-03-26,12.399906158447266
1997-03-27,12.293313980102539
1997-03-31,12.364380836486816
1997-04-01,12.506497383117676
1997-04-02,12.470970153808594
1997-04-03,12.506497383117676
1997-04-04,12.648613929748535
1997-04-07,12.399906158447266
1997-04-08,12.399906158447266
1997-04-09,12.506497383117676
1997-04-10,12.257787704467773
1997-04-11,11.938018798828125
1997-04-14,12.542027473449707
1997-04-15,12.399906158447266
1997-04-16,12.790741920471191
1997-04-17,12.542027473449707
1997-04-18,12.506497383117676
1997-04-21,12.399906158447266
1997-04-22,12.968389511108398
1997-04-23,13.181572914123535
1997-04-24,12.897318840026855
1997-04-25,12.897318840026855
1997-04-28,12.719681739807129
1997-04-29,12.93285846710205
1997-04-30,13.074970245361328
1997-05-01,13.146037101745605
1997-05-02,13.217094421386719
1997-05-05,13.359211921691895
1997-05-06,13.57239055633545
1997-05-07,13.217094421386719
1997-05-08,13.501335144042969
1997-05-09,13.785571098327637
1997-05-12,13.927685737609863
1997-05-13,14.638293266296387
1997-05-14,14.318514823913574
1997-05-15,14.99358081817627
1997-05-16,15.206762313842773
1997-05-19,14.886993408203125
1997-05-20,14.780404090881348
1997-05-21,14.780404090881348
1997-05-22,14.780404090881348
1997-05-23,14.886993408203125
1997-05-27,14.922521591186523
1997-05-28,14.744874954223633
1997-05-29,14.60275650024414
1997-05-30,14.531689643859863
1997-06-02,14.7093505859375
1997-06-03,14.460643768310547
1997-06-04,14.780404090881348
1997-06-05,14.7093505859375
1997-06-06,14.95804500579834
1997-06-09,15.171236038208008
1997-06-10,15.313349723815918
1997-06-11,15.27782917022705
1997-06-12,15.9173583984375
1997-06-13,16.379241943359375
1997-06-16,16.130531311035156
1997-06-17,15.98842716217041
1997-06-18,15.952885627746582
1997-06-19,15.952885627746582
1997-06-20,15.775237083435059
1997-06-23,15.242287635803223
1997-06-24,15.668648719787598
1997-06-25,15.402181625366211
1997-06-26,15.61971664428711
1997-06-27,15.708867073059082
1997-06-30,15.655370712280273
1997-07-01,15.405742645263672
1997-07-02,15.88717269897461
1997-07-03,16.154630661010742
1997-07-07,16.029808044433594
1997-07-08,16.350770950317383
1997-07-09,16.17247200012207
1997-07-10,16.24379539489746
1997-07-11,16.42209243774414
1997-07-14,16.52907943725586
1997-07-15,16.885690689086914
1997-07-16,17.08182716369629
1997-07-17,16.689550399780273
1997-07-18,16.22596549987793
1997-07-21,16.261619567871094
1997-07-22,16.493410110473633
1997-07-23,16.22596549987793
1997-07-24,15.88717269897461
1997-07-25,16.047651290893555
1997-07-28,15.708867073059082
1997-07-29,16.38644027709961
1997-07-30,16.24379539489746
1997-07-31,16.22596549987793
1997-08-01,16.546911239624023
1997-08-04,16.190296173095703
1997-08-05,15.976325035095215
1997-08-06,15.958498001098633
1997-08-07,16.404266357421875
1997-08-08,15.8158597946167
1997-08-11,16.24379539489746
1997-08-12,15.798016548156738
1997-08-13,16.279449462890625
1997-08-14,15.851512908935547
1997-08-15,15.69103717803955
1997-08-18,15.833680152893066
1997-08-19,16.11897850036621
1997-08-20,16.22596549987793
1997-08-21,16.350770950317383
1997-08-22,16.42209243774414
1997-08-25,16.636075973510742
1997-08-26,16.190296173095703
1997-08-27,16.13680648803711
1997-08-28,15.905008316040039
1997-08-29,15.976325035095215
1997-09-02,16.11897850036621
1997-09-03,16.350770950317383
1997-09-04,15.905008316040039
1997-09-05,16.047651290893555
1997-09-08,16.029808044433594
1997-09-09,15.744527816772461
1997-09-10,15.173952102661133
1997-09-11,15.0491361618042
1997-09-12,15.20960521697998
1997-09-15,15.245270729064941
1997-09-16,15.798016548156738
1997-09-17,15.637535095214844
1997-09-18,15.905008316040039
1997-09-19,15.673200607299805
1997-09-22,15.53056812286377
1997-09-23,15.584051132202148
1997-09-24,15.459230422973633
1997-09-25,15.548379898071289
1997-09-26,15.444600105285645
1997-09-29,15.641451835632324
1997-09-30,15.390901565551758
1997-10-01,15.67724895477295
1997-10-02,15.373005867004395
1997-10-03,14.979290962219238
1997-10-06,15.229843139648438
1997-10-07,15.891999244689941
1997-10-08,15.766725540161133
1997-10-09,15.856206893920898
1997-10-10,15.927790641784668
1997-10-13,16.303627014160156
1997-10-14,16.088851928710938
1997-10-15,16.518383026123047
1997-10-16,16.249927520751953
1997-10-17,16.160449981689453
1997-10-20,16.482582092285156
1997-10-21,16.321508407592773
1997-10-22,16.5899600982666
1997-10-23,16.053068161010742
1997-10-24,16.178348541259766
1997-10-27,15.050865173339844
1997-10-28,15.301423072814941
1997-10-29,15.211938858032227
1997-10-30,14.907693862915039
1997-10-31,15.122456550598145
1997-11-03,15.569859504699707
1997-11-04,15.462485313415527
1997-11-05,15.695133209228516
1997-11-06,15.766725540161133
1997-11-07,15.641451835632324
1997-11-10,15.784626007080078
1997-11-11,15.176140785217285
1997-11-12,14.442394256591797
1997-11-13,14.728731155395508
1997-11-14,14.997179985046387
1997-11-17,15.140351295471191
1997-11-18,15.06875991821289
1997-11-19,15.140351295471191
1997-11-20,15.301423072814941
1997-11-21,15.229843139648438
1997-11-24,14.818215370178223
1997-11-25,15.176140785217285
1997-11-26,15.891999244689941
1997-11-28,15.695133209228516
1997-12-01,16.249927520751953
1997-12-02,16.625755310058594
1997-12-03,16.71523666381836
1997-12-04,16.697349548339844
1997-12-05,16.607860565185547
1997-12-08,16.89419937133789
1997-12-09,16.697349548339844
1997-12-10,16.03516960144043
1997-12-11,16.321508407592773
1997-12-12,15.748832702636719
1997-12-15,16.03516960144043
1997-12-16,16.393108367919922
1997-12-17,16.249927520751953
1997-12-18,16.03516960144043
1997-12-19,15.784626007080078
1997-12-22,16.249927520751953
1997-12-23,15.802518844604492
1997-12-24,15.748832702636719
1997-12-26,15.802518844604492
1997-12-29,15.811866760253906
1997-12-30,16.297008514404297
1997-12-31,16.74620246887207
1998-01-02,16.512619018554688
1998-01-05,16.225130081176758
1998-01-06,16.171220779418945
1998-01-07,15.973575592041016
1998-01-08,15.470465660095215
1998-01-09,14.60800838470459
1998-01-12,15.147043228149414
1998-01-13,14.931426048278809
1998-01-14,15.236882209777832
1998-01-15,14.805656433105469
1998-01-16,14.931426048278809
1998-01-20,15.218915939331055
1998-01-21,14.841594696044922
1998-01-22,14.715812683105469
1998-01-23,14.787680625915527
1998-01-26,14.590044975280762
1998-01-27,14.194740295410156
1998-01-28,14.661911010742188
1998-01-29,15.021271705627441
1998-01-30,15.165018081665039
1998-02-02,15.757952690124512
1998-02-03,15.560311317443848
1998-02-04,15.560311317443848
1998-02-05,15.45250129699707
1998-02-06,15.668107032775879
1998-02-09,15.991539001464844
1998-02-10,16.11731719970703
1998-02-11,16.04545021057129
1998-02-12,16.297008514404297
1998-02-13,16.530582427978516
1998-02-17,16.171220779418945
1998-02-18,16.04545021057129
1998-02-19,16.081382751464844
1998-02-20,16.314966201782227
1998-02-23,16.099348068237305
1998-02-24,15.865761756896973
1998-02-25,15.829828262329102
1998-02-26,16.2071533203125
1998-02-27,16.135290145874023
1998-03-02,16.386838912963867
1998-03-03,16.225130081176758
1998-03-04,16.422773361206055
1998-03-05,16.35091209411621
1998-03-06,16.674335479736328
1998-03-09,16.35091209411621
1998-03-10,16.33294105529785
1998-03-11,16.56651496887207
1998-03-12,16.422773361206055
1998-03-13,16.35091209411621
1998-03-16,16.87196922302246
1998-03-17,17.033689498901367
1998-03-18,17.051654815673828
1998-03-19,17.41101837158203
1998-03-20,17.73444366455078
1998-03-23,17.698505401611328
1998-03-24,18.039897918701172
1998-03-25,18.075830459594727
1998-03-26,18.11177635192871
1998-03-27,18.139175415039062
1998-03-30,17.832653045654297
1998-03-31,17.868717193603516
1998-04-01,17.670366287231445
1998-04-02,17.79659080505371
1998-04-03,17.56218147277832
1998-04-06,17.273691177368164
1998-04-07,17.2195987701416
1998-04-08,17.165502548217773
1998-04-09,17.237632751464844
1998-04-13,16.931100845336914
1998-04-14,17.598247528076172
1998-04-15,17.92280387878418
1998-04-16,17.79659080505371
1998-04-17,18.012971878051758
1998-04-20,17.74249267578125
1998-04-21,18.049028396606445
1998-04-22,18.012971878051758
1998-04-23,17.832653045654297
1998-04-24,17.381874084472656
1998-04-27,16.390167236328125
1998-04-28,16.300024032592773
1998-04-29,16.336071014404297
1998-04-30,16.858980178833008
1998-05-01,17.00322723388672
1998-05-04,16.786855697631836
1998-05-05,16.318050384521484
1998-05-06,16.300024032592773
1998-05-07,16.48032569885254
1998-05-08,16.5344181060791
1998-05-11,16.390167236328125
1998-05-12,16.426240921020508
1998-05-13,16.1557674407959
1998-05-14,16.17380142211914
1998-05-15,16.047576904296875
1998-05-18,15.867271423339844
1998-05-19,15.849236488342285
1998-05-20,15.344380378723145
1998-05-21,15.146035194396973
1998-05-22,15.127997398376465
1998-05-26,15.109978675842285
1998-05-27,14.92966365814209
1998-05-28,15.001774787902832
1998-05-29,14.965723991394043
1998-06-01,14.983750343322754
1998-06-02,14.803446769714355
1998-06-03,14.460857391357422
1998-06-04,14.514946937561035
1998-06-05,14.695258140563965
1998-06-08,14.677233695983887
1998-06-09,14.74935531616211
1998-06-10,14.875569343566895
1998-06-11,14.226458549499512
1998-06-12,14.13629150390625
1998-06-15,13.93796157836914
1998-06-16,13.847804069519043
1998-06-17,14.370697975158691
1998-06-18,14.40676498413086
1998-06-19,13.919923782348633
1998-06-22,14.316606521606445
1998-06-23,14.208418846130371
1998-06-24,14.64117431640625
1998-06-25,14.803446769714355
1998-06-26,15.156933784484863
1998-06-29,15.08448600769043
1998-06-30,15.31085205078125
1998-07-01,15.229350090026855
1998-07-02,15.175041198730469
1998-07-06,15.138810157775879
1998-07-07,15.102604866027832
1998-07-08,14.649879455566406
1998-07-09,14.432577133178711
1998-07-10,14.758535385131836
1998-07-13,14.342034339904785
1998-07-14,14.179061889648438
1998-07-15,14.179061889648438
1998-07-16,14.016081809997559
1998-07-17,14.124735832214355
1998-07-20,13.88931941986084
1998-07-21,13.472820281982422
1998-07-22,12.965779304504395
1998-07-23,12.150890350341797
1998-07-24,12.313868522644043
1998-07-27,12.313868522644043
1998-07-28,12.241436004638672
1998-07-29,12.386300086975098
1998-07-30,12.476848602294922
1998-07-31,11.643856048583984
1998-08-03,11.951698303222656
1998-08-04,11.607635498046875
1998-08-05,11.86115550994873
1998-08-06,11.86115550994873
1998-08-07,12.205214500427246
1998-08-10,12.35008430480957
1998-08-11,12.132787704467773
1998-08-12,12.368193626403809
1998-08-13,12.386300086975098
1998-08-14,12.187111854553223
1998-08-17,11.969804763793945
1998-08-18,11.788716316223145
1998-08-19,11.046263694763184
1998-08-20,10.810856819152832
1998-08-21,10.665986061096191
1998-08-24,10.88328742980957
1998-08-25,10.64787483215332
1998-08-26,10.303815841674805
1998-08-27,9.851093292236328
1998-08-28,9.543248176574707
1998-08-31,9.561357498168945
1998-09-01,10.19516372680664
1998-09-02,10.14083194732666
1998-09-03,9.8692045211792
1998-09-04,10.014074325561523
1998-09-08,10.303815841674805
1998-09-09,10.19516372680664
1998-09-10,9.325943946838379
1998-09-11,9.615682601928711
1998-09-14,9.108640670776367
1998-09-15,9.054312705993652
1998-09-16,8.818902015686035
1998-09-17,8.601601600646973
1998-09-18,8.619708061218262
1998-09-21,8.909445762634277
1998-09-22,8.782690048217773
1998-09-23,9.162970542907715
1998-09-24,9.036202430725098
1998-09-25,9.19918155670166
1998-09-28,9.117486953735352
1998-09-29,9.062788009643555
1998-09-30,8.825733184814453
1998-10-01,8.643383026123047
1998-10-02,8.78925895690918
1998-10-05,8.862202644348145
1998-10-06,8.71632194519043
1998-10-07,8.734559059143066
1998-10-08,8.369857788085938
1998-10-09,8.752792358398438
1998-10-12,9.044551849365234
1998-10-13,8.898672103881836
1998-10-14,9.008084297180176
1998-10-15,9.409255027770996
1998-10-16,9.792187690734863
1998-10-19,10.211590766906738
1998-10-20,10.375706672668457
1998-10-21,10.48511791229248
1998-10-22,10.48511791229248
1998-10-23,10.15688419342041
1998-10-26,9.974533081054688
1998-10-27,10.08394718170166
1998-10-28,9.919835090637207
1998-10-29,10.2662992477417
1998-10-30,10.393939971923828
1998-11-02,10.64923095703125
1998-11-03,11.21451473236084
1998-11-04,11.542747497558594
1998-11-05,11.652152061462402
1998-11-06,11.360395431518555
1998-11-09,11.178047180175781
1998-11-10,11.01392650604248
1998-11-11,10.813349723815918
1998-11-12,10.758639335632324
1998-11-13,11.086870193481445
1998-11-16,11.250988006591797
1998-11-17,11.378633499145508
1998-11-18,11.123339653015137
1998-11-19,11.378633499145508
1998-11-20,10.995698928833008
1998-11-23,10.86805248260498
1998-11-24,11.123339653015137
1998-11-25,10.886290550231934
1998-11-27,10.667463302612305
1998-11-30,10.19335651397705
1998-12-01,10.047473907470703
1998-12-02,9.919835090637207
1998-12-03,9.372780799865723
1998-12-04,9.482192993164062
1998-12-07,9.71924877166748
1998-12-08,9.518662452697754
1998-12-09,9.500428199768066
1998-12-10,9.190433502197266
1998-12-11,8.989850997924805
1998-12-14,9.044551849365234
1998-12-15,8.898672103881836
1998-12-16,8.898672103881836
1998-12-17,9.044551849365234
1998-12-18,8.898672103881836
1998-12-21,8.679852485656738
1998-12-22,8.916906356811523
1998-12-23,9.245137214660645
1998-12-24,9.409255027770996
1998-12-28,9.190433502197266
1998-12-29,9.181615829467773
1998-12-30,9.089802742004395
1998-12-31,9.659065246582031
1999-01-04,9.750877380371094
1999-01-05,9.916146278381348
1999-01-06,10.356866836547852
1999-01-07,10.081419944763184
1999-01-08,10.724130630493164
1999-01-11,10.577221870422363
1999-01-12,10.650676727294922
1999-01-13,10.20995807647705
1999-01-14,9.861058235168457
1999-01-15,10.301778793334961
1999-01-19,9.97123908996582
1999-01-20,9.879419326782227
1999-01-21,9.769237518310547
1999-01-22,9.47542953491211
1999-01-25,9.842693328857422
1999-01-26,9.750877380371094
1999-01-27,9.47542953491211
1999-01-28,9.567245483398438
1999-01-29,9.567245483398438
1999-02-01,9.493789672851562
1999-02-02,9.622330665588379
1999-02-03,9.47542953491211
1999-02-04,9.512154579162598
1999-02-05,10.283411979675293
1999-02-08,10.246686935424805
1999-02-09,10.007964134216309
1999-02-10,10.136506080627441
1999-02-11,9.824331283569336
1999-02-12,9.585609436035156
1999-02-16,9.732515335083008
1999-02-17,9.732515335083008
1999-02-18,9.512154579162598
1999-02-19,9.714152336120605
1999-02-22,9.824331283569336
1999-02-23,9.916146278381348
1999-02-24,9.824331283569336
1999-02-25,9.54887866973877
1999-02-26,9.603973388671875
1999-03-01,9.861058235168457
1999-03-02,9.769237518310547
1999-03-03,9.714152336120605
1999-03-04,9.769237518310547
1999-03-05,10.081419944763184
1999-03-08,10.081419944763184
1999-03-09,9.897781372070312
1999-03-10,9.989598274230957
1999-03-11,10.04468822479248
1999-03-12,9.842693328857422
1999-03-15,9.805965423583984
1999-03-16,9.732515335083008
1999-03-17,10.724130630493164
1999-03-18,10.889402389526367
1999-03-19,10.90776252746582
1999-03-22,11.128117561340332
1999-03-23,10.96285343170166
1999-03-24,10.889402389526367
1999-03-25,11.34847640991211
1999-03-26,11.07303237915039
1999-03-29,11.692179679870605
1999-03-30,11.581358909606934
1999-03-31,11.415109634399414
1999-04-01,11.378172874450684
1999-04-05,11.544418334960938
1999-04-06,11.489002227783203
1999-04-07,11.562882423400879
1999-04-08,11.710646629333496
1999-04-09,12.172430992126465
1999-04-12,12.394081115722656
1999-04-13,12.080070495605469
1999-04-14,12.708093643188477
1999-04-15,13.077513694763184
1999-04-16,12.781974792480469
1999-04-19,13.003630638122559
1999-04-20,12.708093643188477
1999-04-21,12.50490665435791
1999-04-22,12.394081115722656
1999-04-23,12.190901756286621
1999-04-26,12.098546028137207
1999-04-27,12.375612258911133
1999-04-28,12.892802238464355
1999-04-29,13.336105346679688
1999-04-30,12.63420295715332
1999-05-03,12.560324668884277
1999-05-04,12.708093643188477
1999-05-05,12.96668815612793
1999-05-06,13.077513694763184
1999-05-07,12.800445556640625
1999-05-10,13.28069019317627
1999-05-11,13.151389122009277
1999-05-12,12.929739952087402
1999-05-13,12.320194244384766
1999-05-14,11.950778007507324
1999-05-17,12.061601638793945
1999-05-18,11.378172874450684
1999-05-19,11.784537315368652
1999-05-20,11.876898765563965
1999-05-21,11.82148265838623
1999-05-24,11.618293762207031
1999-05-25,11.415109634399414
1999-05-26,11.599824905395508
1999-05-27,11.452054977416992
1999-05-28,11.285818099975586
1999-06-01,11.415109634399414
1999-06-02,11.341230392456055
1999-06-03,11.378172874450684
1999-06-04,11.618293762207031
1999-06-07,11.26734733581543
1999-06-08,11.489002227783203
1999-06-09,11.655231475830078
1999-06-10,11.673709869384766
1999-06-11,11.322761535644531
1999-06-14,11.544418334960938
1999-06-15,11.322761535644531
1999-06-16,11.248873710632324
1999-06-17,11.396644592285156
1999-06-18,12.172430992126465
1999-06-21,12.264780044555664
1999-06-22,12.098546028137207
1999-06-23,11.913836479187012
1999-06-24,11.876898765563965
1999-06-25,11.784537315368652
1999-06-28,11.794187545776367
1999-06-29,11.775617599487305
1999-06-30,11.645611763000488
1999-07-01,11.664178848266602
1999-07-02,11.571316719055176
1999-07-06,11.44129753112793
1999-07-07,11.367006301879883
1999-07-08,11.422723770141602
1999-07-09,11.348432540893555
1999-07-12,11.106968879699707
1999-07-13,10.846943855285645
1999-07-14,10.828375816345215
1999-07-15,10.531197547912598
1999-07-16,10.605484962463379
1999-07-19,10.679783821105957
1999-07-20,10.642635345458984
1999-07-21,10.642635345458984
1999-07-22,11.23698902130127
1999-07-23,11.44129753112793
1999-07-26,11.552742004394531
1999-07-27,11.664178848266602
1999-07-28,11.534164428710938
1999-07-29,11.404150009155273
1999-07-30,11.329856872558594
1999-08-02,11.534164428710938
1999-08-03,11.497016906738281
1999-08-04,11.961358070373535
1999-08-05,11.97993278503418
1999-08-06,11.849919319152832
1999-08-09,11.589883804321289
1999-08-10,11.831343650817871
1999-08-11,12.184236526489258
1999-08-12,12.091370582580566
1999-08-13,12.518561363220215
1999-08-16,12.852889060974121
1999-08-17,12.778592109680176
1999-08-18,12.481416702270508
1999-08-19,12.20280933380127
1999-08-20,12.184236526489258
1999-08-23,12.704300880432129
1999-08-24,12.481416702270508
1999-08-25,12.258536338806152
1999-08-26,12.20280933380127
1999-08-27,11.887068748474121
1999-08-30,11.571316719055176
1999-08-31,11.552742004394531
1999-09-01,11.775617599487305
1999-09-02,11.664178848266602
1999-09-03,11.887068748474121
1999-09-07,12.072797775268555
1999-09-08,12.407118797302246
1999-09-09,12.091370582580566
1999-09-10,11.459868431091309
1999-09-13,11.738475799560547
1999-09-14,11.868487358093262
1999-09-15,11.961358070373535
1999-09-16,11.794187545776367
1999-09-17,11.812769889831543
1999-09-20,11.571316719055176
1999-09-21,11.459868431091309
1999-09-22,11.831343650817871
1999-09-23,11.645611763000488
1999-09-24,11.738475799560547
1999-09-27,11.589883804321289
1999-09-28,11.543560981750488
1999-09-29,11.823746681213379
1999-09-30,11.56224250793457
1999-10-01,11.375449180603027
1999-10-04,11.767709732055664
1999-10-05,11.58091926574707
1999-10-06,11.954504013061523
1999-10-07,11.65563678741455
1999-10-08,11.879782676696777
1999-10-11,11.711676597595215
1999-10-12,11.356772422790527
1999-10-13,10.87111759185791
1999-10-14,11.356772422790527
1999-10-15,11.095264434814453
1999-10-18,11.33809757232666
1999-10-19,10.964520454406738
1999-10-20,10.72169017791748
1999-10-21,10.665654182434082
1999-10-22,10.983196258544922
1999-10-25,10.908480644226074
1999-10-26,10.777727127075195
1999-10-27,11.076591491699219
1999-10-28,11.039236068725586
1999-10-29,10.833762168884277
1999-11-01,10.777727127075195
1999-11-02,10.964520454406738
1999-11-03,11.524880409240723
1999-11-04,11.524880409240723
1999-11-05,11.674317359924316
1999-11-08,11.692997932434082
1999-11-09,11.692997932434082
1999-11-10,11.730348587036133
1999-11-11,11.749029159545898
1999-11-12,11.786384582519531
1999-11-15,12.25335693359375
1999-11-16,12.010539054870605
1999-11-17,11.879782676696777
1999-11-18,11.954504013061523
1999-11-19,11.394129753112793
1999-11-22,11.65563678741455
1999-11-23,12.328078269958496
1999-11-24,12.88844108581543
1999-11-26,12.533541679382324
1999-11-29,12.25335693359375
1999-11-30,12.832406044006348
1999-12-01,12.626936912536621
1999-12-02,12.851085662841797
1999-12-03,12.851085662841797
1999-12-06,12.514866828918457
1999-12-07,12.290721893310547
1999-12-08,12.496186256408691
1999-12-09,12.589576721191406
1999-12-10,12.552221298217773
1999-12-13,12.767029762268066
1999-12-14,12.720331192016602
1999-12-15,12.813736915588379
1999-12-16,12.776373863220215
1999-12-17,12.384117126464844
1999-12-20,12.216005325317383
1999-12-21,12.047900199890137
1999-12-22,11.991859436035156
1999-12-23,11.991859436035156
1999-12-27,12.25335693359375
1999-12-28,12.514866828918457
1999-12-29,12.881412506103516
1999-12-30,12.975288391113281
1999-12-31,13.03162670135498
2000-01-03,12.881412506103516
2000-01-04,12.862624168395996
2000-01-05,13.163064956665039
2000-01-06,13.839056968688965
2000-01-07,13.820280075073242
2000-01-10,14.10194206237793
2000-01-11,14.10194206237793
2000-01-12,13.839056968688965
2000-01-13,13.89539623260498
2000-01-14,14.458722114562988
2000-01-18,14.158272743225098
2000-01-19,13.93294906616211
2000-01-20,13.688834190368652
2000-01-21,13.27573299407959
2000-01-24,13.482288360595703
2000-01-25,13.369613647460938
2000-01-26,13.70761489868164
2000-01-27,13.763954162597656
2000-01-28,13.444733619689941
2000-01-31,13.125509262084961
2000-02-01,12.843851089477539
2000-02-02,12.806292533874512
2000-02-03,12.3931884765625
2000-02-04,12.280524253845215
2000-02-07,12.411965370178223
2000-02-08,12.036413192749023
2000-02-09,12.017641067504883
2000-02-10,11.266531944274902
2000-02-11,10.872203826904297
2000-02-14,11.717195510864258
2000-02-15,12.149081230163574
2000-02-16,11.811080932617188
2000-02-17,11.961307525634766
2000-02-18,11.566973686218262
2000-02-22,12.017641067504883
2000-02-23,11.566973686218262
2000-02-24,11.116312026977539
2000-02-25,11.097538948059082
2000-02-28,11.097538948059082
2000-02-29,10.740763664245605
2000-03-01,11.116312026977539
2000-03-02,10.383987426757812
2000-03-03,10.477874755859375
2000-03-06,10.27132511138916
2000-03-07,9.12589168548584
2000-03-08,10.590542793273926
2000-03-09,10.721983909606934
2000-03-10,10.665650367736816
2000-03-13,10.609319686889648
2000-03-14,10.383987426757812
2000-03-15,11.266531944274902
2000-03-16,11.867413520812988
2000-03-17,11.4730863571167
2000-03-20,11.510640144348145
2000-03-21,11.585749626159668
2000-03-22,11.4730863571167
2000-03-23,11.660862922668457
2000-03-24,11.529423713684082
2000-03-27,11.304089546203613
2000-03-28,11.078758239746094
2000-03-29,11.25859546661377
2000-03-30,11.806413650512695
2000-03-31,11.485276222229004
2000-04-03,11.749740600585938
2000-04-04,12.146439552307129
2000-04-05,12.184223175048828
2000-04-06,12.089770317077637
2000-04-07,11.787521362304688
2000-04-10,11.863079071044922
2000-04-11,12.184223175048828
2000-04-12,12.826484680175781
2000-04-13,12.543133735656738
2000-04-14,12.16533088684082
2000-04-17,11.863079071044922
2000-04-18,12.05198860168457
2000-04-19,11.65528678894043
2000-04-20,11.749740600585938
2000-04-24,11.730850219726562
2000-04-25,12.37311840057373
2000-04-26,12.127548217773438
2000-04-27,12.354230880737305
2000-04-28,12.203104972839355
2000-05-01,12.221999168395996
2000-05-02,12.297560691833496
2000-05-03,12.259778022766113
2000-05-04,12.070878028869629
2000-05-05,11.900862693786621
2000-05-08,12.16533088684082
2000-05-09,12.108654975891113
2000-05-10,12.618690490722656
2000-05-11,12.543133735656738
2000-05-12,13.31762981414795
2000-05-15,13.582096099853516
2000-05-16,14.07323169708252
2000-05-17,14.07323169708252
2000-05-18,13.99768352508545
2000-05-19,14.1488037109375
2000-05-22,14.979968070983887
2000-05-23,14.299924850463867
2000-05-24,14.243249893188477
2000-05-25,14.488821029663086
2000-05-26,13.506531715393066
2000-05-30,13.676545143127441
2000-05-31,12.562017440795898
2000-06-01,12.958725929260254
2000-06-02,12.69425106048584
2000-06-05,12.675360679626465
2000-06-06,13.242069244384766
2000-06-07,13.015392303466797
2000-06-08,12.76981258392334
2000-06-09,12.543133735656738
2000-06-12,12.609245300292969
2000-06-13,12.184223175048828
2000-06-14,12.977606773376465
2000-06-15,12.732029914855957
2000-06-16,12.505350112915039
2000-06-19,12.146439552307129
2000-06-20,11.844194412231445
2000-06-21,11.863079071044922
2000-06-22,11.201924324035645
2000-06-23,11.390824317932129
2000-06-26,11.334153175354004
2000-06-27,11.825305938720703
2000-06-28,11.78769302368164
2000-06-29,11.208277702331543
2000-06-30,11.246268272399902
2000-07-03,11.70219898223877
2000-07-05,11.892169952392578
2000-07-06,11.75918960571289
2000-07-07,11.87317943572998
2000-07-10,11.740191459655762
2000-07-11,11.721199035644531
2000-07-12,11.740191459655762
2000-07-13,12.120137214660645
2000-07-14,12.044146537780762
2000-07-17,12.443082809448242
2000-07-18,12.27210807800293
2000-07-19,11.83517837524414
2000-07-20,12.044146537780762
2000-07-21,12.120137214660645
2000-07-24,11.930164337158203
2000-07-25,11.778186798095703
2000-07-26,11.417243003845215
2000-07-27,11.683201789855957
2000-07-28,11.512227058410645
2000-07-31,11.721199035644531
2000-08-01,11.721199035644531
2000-08-02,11.455236434936523
2000-08-03,11.284262657165527
2000-08-04,10.96131706237793
2000-08-07,11.398247718811035
2000-08-08,11.360249519348145
2000-08-09,11.113289833068848
2000-08-10,11.03730297088623
2000-08-11,11.246268272399902
2000-08-14,11.246268272399902
2000-08-15,10.106443405151367
2000-08-16,10.296414375305176
2000-08-17,10.030461311340332
2000-08-18,10.011460304260254
2000-08-21,10.068450927734375
2000-08-22,10.1824369430542
2000-08-23,9.91646957397461
2000-08-24,10.049452781677246
2000-08-25,10.296414375305176
2000-08-28,10.3344087600708
2000-08-29,10.467388153076172
2000-08-30,9.840483665466309
2000-08-31,10.011460304260254
2000-09-01,10.1824369430542
2000-09-05,10.353404998779297
2000-09-06,10.3344087600708
2000-09-07,10.296414375305176
2000-09-08,10.030461311340332
2000-09-11,10.372406959533691
2000-09-12,10.106443405151367
2000-09-13,10.448395729064941
2000-09-14,10.391403198242188
2000-09-15,10.049452781677246
2000-09-18,9.954463958740234
2000-09-19,9.802491188049316
2000-09-20,9.555530548095703
2000-09-21,9.44155216217041
2000-09-22,9.555530548095703
2000-09-25,9.726499557495117
2000-09-26,9.68851375579834
2000-09-27,9.679323196411133
2000-09-28,10.291460990905762
2000-09-29,10.176684379577637
2000-10-02,9.88974666595459
2000-10-03,10.482747077941895
2000-10-04,10.712299346923828
2000-10-05,10.5592679977417
2000-10-06,10.635788917541504
2000-10-09,10.827072143554688
2000-10-10,10.425359725952148
2000-10-11,10.406232833862305
2000-10-12,10.042778015136719
2000-10-13,9.928006172180176
2000-10-16,10.157554626464844
2000-10-17,9.813231468200684
2000-10-18,9.88974666595459
2000-10-19,9.98538875579834
2000-10-20,9.928006172180176
2000-10-23,10.119297981262207
2000-10-24,10.482747077941895
2000-10-25,10.234070777893066
2000-10-26,10.291460990905762
2000-10-27,10.5592679977417
2000-10-30,11.209653854370117
2000-10-31,11.267044067382812
2000-11-01,11.324429512023926
2000-11-02,11.400947570800781
2000-11-03,11.42008113861084
2000-11-06,11.57310962677002
2000-11-07,11.305304527282715
2000-11-08,11.42008113861084
2000-11-09,11.381820678710938
2000-11-10,11.133138656616211
2000-11-13,11.15226936340332
2000-11-14,11.228788375854492
2000-11-15,11.228788375854492
2000-11-16,10.922720909118652
2000-11-17,11.018363952636719
2000-11-20,10.999238014221191
2000-11-21,11.936563491821289
2000-11-22,12.032204627990723
2000-11-24,12.127852439880371
2000-11-27,11.993949890136719
2000-11-28,11.745270729064941
2000-11-29,11.898308753967285
2000-11-30,12.453048706054688
2000-12-01,12.835628509521484
2000-12-04,13.60079574584961
2000-12-05,13.141694068908691
2000-12-06,13.122570037841797
2000-12-07,12.835628509521484
2000-12-08,12.720850944519043
2000-12-11,12.759111404418945
2000-12-12,13.007792472839355
2000-12-13,12.586955070495605
2000-12-14,12.472176551818848
2000-12-15,12.586955070495605
2000-12-18,13.122570037841797
2000-12-19,13.160821914672852
2000-12-20,13.103439331054688
2000-12-21,13.237342834472656
2000-12-22,13.81121826171875
2000-12-26,14.117280960083008
2000-12-27,14.319475173950195
2000-12-28,14.338708877563477
2000-12-29,14.088833808898926
2001-01-02,13.781299591064453
2001-01-03,13.62753963470459
2001-01-04,14.031170845031738
2001-01-05,13.589095115661621
2001-01-08,13.512214660644531
2001-01-09,13.56987190246582
2001-01-10,13.435325622558594
2001-01-11,13.243120193481445
2001-01-12,12.570392608642578
2001-01-16,12.916362762451172
2001-01-17,12.68571949005127
2001-01-18,12.435847282409668
2001-01-19,12.339747428894043
2001-01-22,12.30130386352539
2001-01-23,12.801041603088379
2001-01-24,12.858704566955566
2001-01-25,13.127790451049805
2001-01-26,12.820260047912598
2001-01-29,12.937894821166992
2001-01-30,13.196222305297852
2001-01-31,13.199296951293945
2001-02-01,13.030152320861816
2001-02-02,13.0701322555542
2001-02-05,13.027074813842773
2001-02-06,12.882535934448242
2001-02-07,13.042455673217773
2001-02-08,12.990172386169434
2001-02-09,13.17161750793457
2001-02-12,12.827181816101074
2001-02-13,12.96249771118164
2001-02-14,12.904067993164062
2001-02-15,12.931735038757324
2001-02-16,12.870230674743652
2001-02-20,12.427386283874512
2001-02-21,12.224417686462402
2001-02-22,12.187516212463379
2001-02-23,12.089106559753418
2001-02-26,12.56885814666748
2001-02-27,12.56885814666748
2001-02-28,12.516576766967773
2001-03-01,12.491973876953125
2001-03-02,12.701087951660156
2001-03-05,13.042455673217773
2001-03-06,13.140867233276367
2001-03-07,13.937368392944336
2001-03-08,14.118820190429688
2001-03-09,13.67597484588623
2001-03-12,13.1008882522583
2001-03-13,13.393041610717773
2001-03-14,12.990172386169434
2001-03-15,12.934812545776367
2001-03-16,12.694947242736816
2001-03-19,12.72262191772461
2001-03-20,12.402788162231445
2001-03-21,11.738515853881836
2001-03-22,11.58167552947998
2001-03-23,11.114224433898926
2001-03-26,11.224936485290527
2001-03-27,11.41560173034668
2001-03-28,11.561004638671875
2001-03-29,11.400136947631836
2001-03-30,11.24236011505127
2001-04-02,11.137174606323242
2001-04-03,10.704065322875977
2001-04-04,10.963935852050781
2001-04-05,11.38466739654541
2001-04-06,11.38466739654541
2001-04-09,11.477479934692383
2001-04-10,11.762096405029297
2001-04-11,11.390863418579102
2001-04-12,11.755908966064453
2001-04-16,11.91987419128418
2001-04-17,11.926053047180176
2001-04-18,12.507665634155273
2001-04-19,12.117865562438965
2001-04-20,12.229241371154785
2001-04-23,12.065274238586426
2001-04-24,11.926053047180176
2001-04-25,12.099308013916016
2001-04-26,12.529324531555176
2001-04-27,12.699481010437012
2001-04-30,12.70566177368164
2001-05-01,12.838691711425781
2001-05-02,12.696389198303223
2001-05-03,12.349896430969238
2001-05-04,12.374646186828613
2001-05-07,12.467453002929688
2001-05-08,12.458172798156738
2001-05-09,12.653071403503418
2001-05-10,12.730412483215332
2001-05-11,12.68400764465332
2001-05-14,12.687100410461426
2001-05-15,11.916779518127441
2001-05-16,12.253990173339844
2001-05-17,12.037432670593262
2001-05-18,12.049813270568848
2001-05-21,11.929149627685547
2001-05-22,12.052899360656738
2001-05-23,11.805411338806152
2001-05-24,11.53625774383545
2001-05-25,11.424891471862793
2001-05-29,11.44345474243164
2001-05-30,11.23926830291748
2001-05-31,11.557918548583984
2001-06-01,11.601227760314941
2001-06-04,11.551729202270508
2001-06-05,11.755908966064453
2001-06-06,11.7249755859375
2001-06-07,11.780660629272461
2001-06-08,11.811600685119629
2001-06-11,11.545540809631348
2001-06-12,11.663103103637695
2001-06-13,11.765192985534668
2001-06-14,12.00340747833252
2001-06-15,11.984845161437988
2001-06-18,12.059086799621582
2001-06-19,12.077648162841797
2001-06-20,12.04052448272705
2001-06-21,12.198304176330566
2001-06-22,12.049813270568848
2001-06-25,11.814691543579102
2001-06-26,11.758999824523926
2001-06-27,11.824347496032715
2001-06-28,11.525627136230469
2001-06-29,11.777670860290527
2001-07-02,11.783895492553711
2001-07-03,11.796346664428711
2001-07-05,11.696770668029785
2001-07-06,11.27358341217041
2001-07-09,11.64076042175293
2001-07-10,11.519400596618652
2001-07-11,12.039055824279785
2001-07-12,13.193490982055664
2001-07-13,13.075243949890137
2001-07-16,12.602264404296875
2001-07-17,12.826308250427246
2001-07-18,12.788966178894043
2001-07-19,12.93833065032959
2001-07-20,12.767180442810059
2001-07-23,12.695611000061035
2001-07-24,12.499582290649414
2001-07-25,12.61159896850586
2001-07-26,12.459126472473145
2001-07-27,12.70495319366455
2001-07-30,13.06901741027832
2001-07-31,13.053461074829102
2001-08-01,13.146811485290527
2001-08-02,13.093910217285156
2001-08-03,13.13747501373291
2001-08-06,12.869869232177734
2001-08-07,12.87610149383545
2001-08-08,12.642717361450195
2001-08-09,12.75473403930664
2001-08-10,13.227715492248535
2001-08-13,13.457977294921875
2001-08-14,13.031675338745117
2001-08-15,13.495317459106445
2001-08-16,13.501540184020996
2001-08-17,13.377077102661133
2001-08-20,13.532651901245117
2001-08-21,13.716241836547852
2001-08-22,13.940281867980957
2001-08-23,13.80648422241211
2001-08-24,13.675793647766113
2001-08-27,13.663345336914062
2001-08-28,13.582438468933105
2001-08-29,13.467310905456543
2001-08-30,13.221487045288086
2001-08-31,13.433088302612305
2001-09-04,13.492208480834961
2001-09-05,13.654014587402344
2001-09-06,13.64156723022461
2001-09-07,13.27127742767334
2001-09-10,13.22459888458252
2001-09-17,12.353341102600098
2001-09-18,12.042166709899902
2001-09-19,11.513177871704102
2001-09-20,10.890848159790039
2001-09-21,10.974863052368164
2001-09-24,11.986152648925781
2001-09-25,11.74966812133789
2001-09-26,11.449198722839355
2001-09-27,11.411633491516113
2001-09-28,11.771574974060059
2001-10-01,11.605695724487305
2001-10-02,11.643257141113281
2001-10-03,12.353745460510254
2001-10-04,12.378777503967285
2001-10-05,12.410077095031738
2001-10-08,12.363129615783691
2001-10-09,12.331835746765137
2001-10-10,12.582219123840332
2001-10-11,13.020405769348145
2001-10-12,12.773158073425293
2001-10-15,12.613525390625
2001-10-16,12.519627571105957
2001-10-17,12.431984901428223
2001-10-18,12.056396484375
2001-10-19,11.7872314453125
2001-10-22,12.059532165527344
2001-10-23,12.125261306762695
2001-10-24,11.987541198730469
2001-10-25,12.137779235839844
2001-10-26,12.353745460510254
2001-10-29,11.831045150756836
2001-10-30,11.727755546569824
2001-10-31,11.577529907226562
2001-11-01,11.968761444091797
2001-11-02,12.190987586975098
2001-11-05,12.466418266296387
2001-11-06,12.663599967956543
2001-11-07,12.751235961914062
2001-11-08,12.672992706298828
2001-11-09,12.447630882263184
2001-11-12,12.309921264648438
2001-11-13,12.723068237304688
2001-11-14,12.757498741149902
2001-11-15,12.832616806030273
2001-11-16,12.907731056213379
2001-11-19,13.011018753051758
2001-11-20,12.128386497497559
2001-11-21,11.946852684020996
2001-11-23,12.197243690490723
2001-11-26,12.381915092468262
2001-11-27,12.49771785736084
2001-11-28,12.522757530212402
2001-11-29,12.378777503967285
2001-11-30,12.516499519348145
2001-12-03,12.613525390625
2001-12-04,12.917125701904297
2001-12-05,13.721511840820312
2001-12-06,13.333402633666992
2001-12-07,13.258284568786621
2001-12-10,13.001627922058105
2001-12-11,13.051717758178711
2001-12-12,13.305235862731934
2001-12-13,12.870172500610352
2001-12-14,12.976592063903809
2001-12-17,13.083008766174316
2001-12-18,13.596312522888184
2001-12-19,13.44607162475586
2001-12-20,13.20820426940918
2001-12-21,13.30210018157959
2001-12-24,13.580665588378906
2001-12-26,13.749672889709473
2001-12-27,13.856634140014648
2001-12-28,13.872355461120605
2001-12-31,13.733948707580566
2002-01-02,13.652164459228516
2002-01-03,13.950994491577148
2002-01-04,14.164908409118652
2002-01-07,14.023355484008789
2002-01-08,13.847190856933594
2002-01-09,13.542067527770996
2002-01-10,13.258955955505371
2002-01-11,13.677330017089844
2002-01-14,13.526336669921875
2002-01-15,13.356470108032227
2002-01-16,13.111112594604492
2002-01-17,13.394222259521484
2002-01-18,13.526336669921875
2002-01-22,13.36905288696289
2002-01-23,13.350179672241211
2002-01-24,13.413095474243164
2002-01-25,13.774842262268066
2002-01-28,13.831463813781738
2002-01-29,13.507463455200195
2002-01-30,13.472862243652344
2002-01-31,13.831463813781738
2002-02-01,13.636439323425293
2002-02-04,13.90066909790039
2002-02-05,13.626996994018555
2002-02-06,13.33444595336914
2002-02-07,13.05449104309082
2002-02-08,13.444551467895508
2002-02-11,13.998180389404297
2002-02-12,14.092552185058594
2002-02-13,14.262425422668457
2002-02-14,14.532949447631836
2002-02-15,14.168051719665527
2002-02-19,14.18692398071289
2002-02-20,14.1837797164917
2002-02-21,14.454303741455078
2002-02-22,14.762589454650879
2002-02-25,15.319354057312012
2002-02-26,15.350817680358887
2002-02-27,15.243865013122559
2002-02-28,15.0771484375
2002-03-01,15.064560890197754
2002-03-04,15.659101486206055
2002-03-05,15.108603477478027
2002-03-06,15.40429401397705
2002-03-07,15.193534851074219
2002-03-08,15.133768081665039
2002-03-11,15.083434104919434
2002-03-12,14.856951713562012
2002-03-13,14.63990306854248
2002-03-14,14.9198637008667
2002-03-15,15.067712783813477
2002-03-18,14.847509384155273
2002-03-19,14.926149368286133
2002-03-20,14.696527481079102
2002-03-21,14.419711112976074
2002-03-22,14.407119750976562
2002-03-25,13.83460807800293
2002-03-26,13.932621955871582
2002-03-27,14.501680374145508
2002-03-28,14.400519371032715
2002-04-01,14.349926948547363
2002-04-02,14.182373046875
2002-04-03,13.96739387512207
2002-04-04,13.78719711303711
2002-04-05,14.207667350769043
2002-04-08,14.435295104980469
2002-04-09,14.498522758483887
2002-04-10,14.846292495727539
2002-04-11,14.48587417602539
2002-04-12,14.447937965393066
2002-04-15,14.201339721679688
2002-04-16,14.2898588180542
2002-04-17,13.891521453857422
2002-04-18,13.673379898071289
2002-04-19,13.910490989685059
2002-04-22,13.720799446105957
2002-04-23,13.578527450561523
2002-04-24,13.309803009033203
2002-04-25,13.597497940063477
2002-04-26,13.964235305786133
2002-04-29,13.648088455200195
2002-04-30,14.150760650634766
2002-05-01,13.92945384979248
2002-05-02,13.973724365234375
2002-05-03,14.043274879455566
2002-05-06,13.80300235748291
2002-05-07,13.81563949584961
2002-05-08,14.188693046569824
2002-05-09,13.784028053283691
2002-05-10,13.689181327819824
2002-05-13,13.445747375488281
2002-05-14,14.447937965393066
2002-05-15,15.143460273742676
2002-05-16,14.855767250061035
2002-05-17,14.858928680419922
2002-05-20,14.735630989074707
2002-05-21,14.552260398864746
2002-05-22,14.975899696350098
2002-05-23,15.133976936340332
2002-05-24,15.159272193908691
2002-05-28,15.023330688476562
2002-05-29,14.9158353805542
2002-05-30,14.972743034362793
2002-05-31,14.858928680419922
2002-06-03,14.624980926513672
2002-06-04,14.447937965393066
2002-06-05,14.830475807189941
2002-06-06,14.545945167541504
2002-06-07,14.666084289550781
2002-06-10,14.833640098571777
2002-06-11,14.662921905517578
2002-06-12,14.296189308166504
2002-06-13,13.872549057006836
2002-06-14,13.878870010375977
2002-06-17,14.090696334838867
2002-06-18,14.163405418395996
2002-06-19,13.999011993408203
2002-06-20,14.153921127319336
2002-06-21,14.147595405578613
2002-06-24,14.343608856201172
2002-06-25,14.46374797821045
2002-06-26,14.616225242614746
2002-06-27,14.711533546447754
2002-06-28,15.216632843017578
2002-07-01,15.273821830749512
2002-07-02,15.168984413146973
2002-07-03,15.070504188537598
2002-07-05,15.518423080444336
2002-07-08,15.048263549804688
2002-07-09,14.708353996276855
2002-07-10,14.320789337158203
2002-07-11,14.18419361114502
2002-07-12,13.837928771972656
2002-07-15,13.723560333251953
2002-07-16,13.189874649047852
2002-07-17,13.094563484191895
2002-07-18,12.678407669067383
2002-07-19,12.344858169555664
2002-07-22,12.157423973083496
2002-07-23,12.462397575378418
2002-07-24,13.240693092346191
2002-07-25,13.094563484191895
2002-07-26,13.3328218460083
2002-07-29,13.666374206542969
2002-07-30,13.21528434753418
2002-07-31,13.348710060119629
2002-08-01,13.231161117553711
2002-08-02,12.691116333007812
2002-08-05,12.646639823913574
2002-08-06,12.992907524108887
2002-08-07,13.113622665405273
2002-08-08,13.53613567352295
2002-08-09,13.675914764404297
2002-08-12,13.348710060119629
2002-08-13,14.676590919494629
2002-08-14,14.771890640258789
2002-08-15,14.69247055053711
2002-08-16,14.647995948791504
2002-08-19,15.035563468933105
2002-08-20,14.851309776306152
2002-08-21,14.914848327636719
2002-08-22,14.943434715270996
2002-08-23,14.943434715270996
2002-08-26,15.067320823669434
2002-08-27,14.895787239074707
2002-08-28,14.549510955810547
2002-08-29,14.403387069702148
2002-08-30,14.587641716003418
2002-09-03,14.31125545501709
2002-09-04,14.431977272033691
2002-09-05,14.435151100158691
2002-09-06,14.803647994995117
2002-09-09,15.080037117004395
2002-09-10,14.956146240234375
2002-09-11,14.911667823791504
2002-09-12,15.327820777893066
2002-09-13,15.245231628417969
2002-09-16,15.00378704071045
2002-09-17,14.787775039672852
2002-09-18,14.832242012023926
2002-09-19,14.470100402832031
2002-09-20,14.358915328979492
2002-09-23,14.374804496765137
2002-09-24,13.879225730895996
2002-09-25,14.390677452087402
2002-09-26,14.773746490478516
2002-09-27,14.36833381652832
2002-09-30,14.508792877197266
2002-10-01,15.067437171936035
2002-10-02,14.757794380187988
2002-10-03,14.703520774841309
2002-10-04,14.045915603637695
2002-10-07,13.905460357666016
2002-10-08,14.179987907409668
2002-10-09,13.458536148071289
2002-10-10,13.88949203491211
2002-10-11,14.291725158691406
2002-10-14,13.908649444580078
2002-10-15,14.773746490478516
2002-10-16,14.671595573425293
2002-10-17,14.974860191345215
2002-10-18,15.083398818969727
2002-10-21,15.65481948852539
2002-10-22,15.086589813232422
2002-10-23,15.223859786987305
2002-10-24,14.99720573425293
2002-10-25,15.000401496887207
2002-10-28,14.700328826904297
2002-10-29,14.697134017944336
2002-10-30,14.863133430480957
2002-10-31,14.808858871459961
2002-11-01,15.04509162902832
2002-11-04,14.981247901916504
2002-11-05,14.904626846313477
2002-11-06,14.984435081481934
2002-11-07,15.488809585571289
2002-11-08,15.642047882080078
2002-11-11,15.498398780822754
2002-11-12,15.555843353271484
2002-11-13,15.476049423217773
2002-11-14,15.507976531982422
2002-11-15,15.300471305847168
2002-11-18,15.34196662902832
2002-11-19,15.929341316223145
2002-11-20,15.80164909362793
2002-11-21,16.12727165222168
2002-11-22,15.87188720703125
2002-11-25,16.057037353515625
2002-11-26,15.897420883178711
2002-11-27,16.33795928955078
2002-11-29,16.328380584716797
2002-12-02,16.143224716186523
2002-12-03,15.488809585571289
2002-12-04,15.811232566833496
2002-12-05,15.571809768676758
2002-12-06,15.498398780822754
2002-12-09,15.204707145690918
2002-12-10,14.716286659240723
2002-12-11,14.776932716369629
2002-12-12,14.652451515197754
2002-12-13,14.540719032287598
2002-12-16,14.885480880737305
2002-12-17,14.971671104431152
2002-12-18,14.933363914489746
2002-12-19,14.859938621520996
2002-12-20,15.185555458068848
2002-12-23,15.24300765991211
2002-12-24,15.16321086883545
2002-12-26,15.131278038024902
2002-12-27,14.7560453414917
2002-12-30,14.778496742248535
2002-12-31,14.704730033874512
2003-01-02,15.208250045776367
2003-01-03,15.028655052185059
2003-01-06,15.099214553833008
2003-01-07,14.823392868041992
2003-01-08,14.752837181091309
2003-01-09,14.849054336547852
2003-01-10,14.67908000946045
2003-01-13,14.43213176727295
2003-01-14,14.271766662597656
2003-01-15,14.230074882507324
2003-01-16,14.384020805358887
2003-01-17,14.214043617248535
2003-01-21,13.73297119140625
2003-01-22,13.546960830688477
2003-01-23,13.623931884765625
2003-01-24,13.380181312561035
2003-01-27,13.210204124450684
2003-01-28,13.248697280883789
2003-01-29,13.418673515319824
2003-01-30,13.453950881958008
2003-01-31,13.534122467041016
2003-02-03,13.380181312561035
2003-02-04,13.335286140441895
2003-02-05,13.460362434387207
2003-02-06,13.16851806640625
2003-02-07,13.104369163513184
2003-02-10,12.988909721374512
2003-02-11,13.405841827392578
2003-02-12,13.319249153137207
2003-02-13,13.3096284866333
2003-02-14,13.466774940490723
2003-02-18,13.81635570526123
2003-02-19,13.819564819335938
2003-02-20,13.620719909667969
2003-02-21,13.6976900100708
2003-02-24,13.277559280395508
2003-02-25,13.389806747436523
2003-02-26,13.357733726501465
2003-02-27,13.351316452026367
2003-02-28,13.271148681640625
2003-03-03,13.152474403381348
2003-03-04,12.780451774597168
2003-03-05,13.07229232788086
2003-03-06,12.751583099365234
2003-03-07,12.927983283996582
2003-03-10,12.620088577270508
2003-03-11,12.495014190673828
2003-03-12,12.174302101135254
2003-03-13,12.549535751342773
2003-03-14,12.58481502532959
2003-03-17,13.107577323913574
2003-03-18,13.16851806640625
2003-03-19,13.139653205871582
2003-03-20,13.184556007385254
2003-03-21,13.819564819335938
2003-03-24,12.94080638885498
2003-03-25,13.130023956298828
2003-03-26,12.834970474243164
2003-03-27,12.854320526123047
2003-03-28,12.776924133300781
2003-03-31,12.660825729370117
2003-04-01,12.71888256072998
2003-04-02,13.379973411560059
2003-04-03,13.370302200317383
2003-04-04,13.286452293395996
2003-04-07,13.299354553222656
2003-04-08,13.534770965576172
2003-04-09,13.250977516174316
2003-04-10,13.334826469421387
2003-04-11,13.202607154846191
2003-04-14,13.263883590698242
2003-04-15,13.186477661132812
2003-04-16,12.960740089416504
2003-04-17,13.434796333312988
2003-04-21,13.302577018737793
2003-04-22,13.766960144042969
2003-04-23,13.873373985290527
2003-04-24,13.812108993530273
2003-04-25,13.770177841186523
2003-04-28,14.028170585632324
2003-04-29,14.08299732208252
2003-04-30,14.199091911315918
2003-05-01,13.95078182220459
2003-05-02,14.173294067382812
2003-05-05,14.189414978027344
2003-05-06,14.17973518371582
2003-05-07,14.286162376403809
2003-05-08,14.079764366149902
2003-05-09,14.344208717346191
2003-05-12,14.4151611328125
2003-05-13,14.247464179992676
2003-05-14,14.350656509399414
2003-05-15,14.395811080932617
2003-05-16,14.318412780761719
2003-05-19,14.06364917755127
2003-05-20,14.002371788024902
2003-05-21,14.002371788024902
2003-05-22,14.270040512084961
2003-05-23,14.08299732208252
2003-05-27,14.189414978027344
2003-05-28,14.021724700927734
2003-05-29,13.779852867126465
2003-05-30,14.08299732208252
2003-06-02,14.318412780761719
2003-06-03,14.54415225982666
2003-06-04,14.695722579956055
2003-06-05,14.792465209960938
2003-06-06,14.695722579956055
2003-06-09,14.54415225982666
2003-06-10,14.495780944824219
2003-06-11,14.782792091369629
2003-06-12,14.921462059020996
2003-06-13,14.74409294128418
2003-06-16,15.430990219116211
2003-06-17,15.489043235778809
2003-06-18,15.256848335266113
2003-06-19,15.014982223510742
2003-06-20,15.111738204956055
2003-06-23,15.140755653381348
2003-06-24,15.102058410644531
2003-06-25,14.863408088684082
2003-06-26,14.902300834655762
2003-06-27,14.782402038574219
2003-06-30,14.808330535888672
2003-07-01,14.92822265625
2003-07-02,15.07079029083252
2003-07-03,14.980071067810059
2003-07-07,15.028675079345703
2003-07-08,14.934696197509766
2003-07-09,14.63983154296875
2003-07-10,14.581503868103027
2003-07-11,14.954146385192871
2003-07-14,14.89582347869873
2003-07-15,14.581503868103027
2003-07-16,14.387085914611816
2003-07-17,14.827773094177246
2003-07-18,15.10319995880127
2003-07-21,14.873141288757324
2003-07-22,15.6151762008667
2003-07-23,15.543888092041016
2003-07-24,15.505000114440918
2003-07-25,16.162792205810547
2003-07-28,16.00725746154785
2003-07-29,16.234079360961914
2003-07-30,16.243791580200195
2003-07-31,16.454416275024414
2003-08-01,16.43821144104004
2003-08-04,16.360445022583008
2003-08-05,15.9780912399292
2003-08-06,15.861435890197754
2003-08-07,16.136865615844727
2003-08-08,16.584035873413086
2003-08-11,16.51923179626465
2003-08-12,17.339027404785156
2003-08-13,17.82183837890625
2003-08-14,17.84452247619629
2003-08-15,17.847759246826172
2003-08-18,18.136152267456055
2003-08-19,18.18799591064453
2003-08-20,18.343528747558594
2003-08-21,18.813383102416992
2003-08-22,18.502304077148438
2003-08-25,18.217164993286133
2003-08-26,18.119949340820312
2003-08-27,18.116716384887695
2003-08-28,18.178279876708984
2003-08-29,18.311132431030273
2003-09-02,18.12643051147461
2003-09-03,17.980615615844727
2003-09-04,18.175033569335938
2003-09-05,18.009775161743164
2003-09-08,18.256040573120117
2003-09-09,18.119949340820312
2003-09-10,17.692222595214844
2003-09-11,17.455677032470703
2003-09-12,17.497802734375
2003-09-15,17.510757446289062
2003-09-16,17.805635452270508
2003-09-17,17.847759246826172
2003-09-18,18.175033569335938
2003-09-19,18.042184829711914
2003-09-22,17.757020950317383
2003-09-23,17.744075775146484
2003-09-24,17.429750442504883
2003-09-25,17.335790634155273
2003-09-26,16.997406005859375
2003-09-29,17.15032386779785
2003-09-30,17.34555435180664
2003-10-01,18.123188018798828
2003-10-02,18.201274871826172
2003-10-03,18.269603729248047
2003-10-06,18.21428680419922
2003-10-07,18.34444236755371
2003-10-08,18.383480072021484
2003-10-09,18.829233169555664
2003-10-10,18.686077117919922
2003-10-13,18.79020118713379
2003-10-14,18.806459426879883
2003-10-15,19.157875061035156
2003-10-16,18.51688575744629
2003-10-17,18.529903411865234
2003-10-20,18.429035186767578
2003-10-21,18.39324188232422
2003-10-22,18.383480072021484
2003-10-23,18.481096267700195
2003-10-24,18.565696716308594
2003-10-27,18.61449432373047
2003-10-28,18.965904235839844
2003-10-29,19.320554733276367
2003-10-30,19.571086883544922
2003-10-31,19.724008560180664
2003-11-03,19.668701171875
2003-11-04,19.912729263305664
2003-11-05,19.95829200744629
2003-11-06,20.14699935913086
2003-11-07,19.789087295532227
2003-11-10,19.652423858642578
2003-11-11,19.502758026123047
2003-11-12,20.06239128112793
2003-11-13,20.488637924194336
2003-11-14,20.182785034179688
2003-11-17,19.69472312927246
2003-11-18,19.681713104248047
2003-11-19,19.56784439086914
2003-11-20,19.41166114807129
2003-11-21,19.401899337768555
2003-11-24,19.587366104125977
2003-11-25,19.990814208984375
2003-11-26,19.880189895629883
2003-11-28,19.922487258911133
2003-12-01,20.06891441345215
2003-12-02,19.7337703704834
2003-12-03,19.782569885253906
2003-12-04,19.831378936767578
2003-12-05,20.176286697387695
2003-12-08,20.286903381347656
2003-12-09,20.186038970947266
2003-12-10,20.0070858001709
2003-12-11,20.34221649169922
2003-12-12,20.283653259277344
2003-12-15,20.34221649169922
2003-12-16,20.827016830444336
2003-12-17,21.33460807800293
2003-12-18,21.68600845336914
2003-12-19,21.832420349121094
2003-12-22,21.79989242553711
2003-12-23,21.812894821166992
2003-12-24,20.98646354675293
2003-12-26,20.92789077758789
2003-12-29,21.05849266052246
2003-12-30,21.110727310180664
2003-12-31,21.238056182861328
2004-01-02,20.99318504333496
2004-01-05,21.0225772857666
2004-01-06,20.438161849975586
2004-01-07,20.960529327392578
2004-01-08,20.81035041809082
2004-01-09,20.709152221679688
2004-01-12,21.140106201171875
2004-01-13,21.27723503112793
2004-01-14,21.42087745666504
2004-01-15,21.55801010131836
2004-01-16,21.176013946533203
2004-01-20,21.100934982299805
2004-01-21,21.505779266357422
2004-01-22,21.67881202697754
2004-01-23,21.65596580505371
2004-01-26,21.874713897705078
2004-01-27,21.515579223632812
2004-01-28,20.849533081054688
2004-01-29,20.278167724609375
2004-01-30,20.438161849975586
2004-02-02,20.39897346496582
2004-02-03,20.22593879699707
2004-02-04,19.91250991821289
2004-02-05,20.03984260559082
2004-02-06,20.245534896850586
2004-02-09,19.928834915161133
2004-02-10,19.94842529296875
2004-02-11,21.05849266052246
2004-02-12,21.143373489379883
2004-02-13,20.898500442504883
2004-02-17,21.874713897705078
2004-02-18,21.760438919067383
2004-02-19,21.623306274414062
2004-02-20,21.326194763183594
2004-02-23,21.34906005859375
2004-02-24,21.087867736816406
2004-02-25,21.19887351989746
2004-02-26,21.450273513793945
2004-02-27,20.970333099365234
2004-03-01,21.322940826416016
2004-03-02,21.20540428161621
2004-03-03,21.241317749023438
2004-03-04,21.1890869140625
2004-03-05,21.489442825317383
2004-03-08,21.499250411987305
2004-03-09,21.78001594543457
2004-03-10,20.826679229736328
2004-03-11,20.219409942626953
2004-03-12,21.09440040588379
2004-03-15,20.813615798950195
2004-03-16,21.15316390991211
2004-03-17,21.701669692993164
2004-03-18,21.597187042236328
2004-03-19,21.610244750976562
2004-03-22,21.208667755126953
2004-03-23,21.554744720458984
2004-03-24,21.538427352905273
2004-03-25,21.84857177734375
2004-03-26,22.27628517150879
2004-03-29,22.90245246887207
2004-03-30,22.928667068481445
2004-03-31,22.722139358520508
2004-04-01,22.66969108581543
2004-04-02,23.007352828979492
2004-04-05,23.5122127532959
2004-04-06,23.912174224853516
2004-04-07,23.872831344604492
2004-04-08,24.043302536010742
2004-04-12,24.17772102355957
2004-04-13,23.882659912109375
2004-04-14,23.790876388549805
2004-04-15,23.725313186645508
2004-04-16,24.033479690551758
2004-04-19,24.069538116455078
2004-04-20,23.554832458496094
2004-04-21,23.44664764404297
2004-04-22,24.53833770751953
2004-04-23,23.34174156188965
2004-04-26,23.03357696533203
2004-04-27,23.31879234313965
2004-04-28,22.627063751220703
2004-04-29,22.191051483154297
2004-04-30,22.305789947509766
2004-05-03,22.59429168701172
2004-05-04,22.722139358520508
2004-05-05,22.6041202545166
2004-05-06,22.292667388916016
2004-05-07,21.922224044799805
2004-05-10,21.21082305908203
2004-05-11,21.276391983032227
2004-05-12,21.191150665283203
2004-05-13,21.866497039794922
2004-05-14,21.9189510345459
2004-05-17,21.637014389038086
2004-05-18,21.230499267578125
2004-05-19,21.046913146972656
2004-05-20,20.692848205566406
2004-05-21,20.620731353759766
2004-05-24,20.93545150756836
2004-05-25,21.122304916381836
2004-05-26,21.32556915283203
2004-05-27,21.52227020263672
2004-05-28,21.53865623474121
2004-06-01,21.876333236694336
2004-06-02,22.0795841217041
2004-06-03,21.820592880249023
2004-06-04,22.01729393005371
2004-06-07,22.58773422241211
2004-06-08,22.191051483154297
2004-06-09,21.955015182495117
2004-06-10,22.043527603149414
2004-06-14,22.0795841217041
2004-06-15,22.505769729614258
2004-06-16,22.309066772460938
2004-06-17,22.46314811706543
2004-06-18,22.676240921020508
2004-06-21,22.397586822509766
2004-06-22,22.640178680419922
2004-06-23,22.718862533569336
2004-06-24,22.699186325073242
2004-06-25,22.869674682617188
2004-06-28,22.24427604675293
2004-06-29,22.77750587463379
2004-06-30,23.0869083404541
2004-07-01,22.336435317993164
2004-07-02,21.954618453979492
2004-07-06,22.03360939025879
2004-07-07,21.576086044311523
2004-07-08,21.342391967773438
2004-07-09,21.427961349487305
2004-07-12,21.36213493347168
2004-07-13,21.523414611816406
2004-07-14,21.487220764160156
2004-07-15,21.70446014404297
2004-07-16,21.691299438476562
2004-07-19,21.441123962402344
2004-07-20,21.38846778869629
2004-07-21,20.924360275268555
2004-07-22,20.473421096801758
2004-07-23,20.364797592163086
2004-07-26,20.203514099121094
2004-07-27,20.177173614501953
2004-07-28,20.6774959564209
2004-07-29,20.749908447265625
2004-07-30,20.67420196533203
2004-08-02,20.667627334594727
2004-08-03,20.568872451782227
2004-08-04,20.42733383178711
2004-08-05,19.699901580810547
2004-08-06,18.95931053161621
2004-08-09,19.21604347229004
2004-08-10,19.96322250366211
2004-08-11,20.101476669311523
2004-08-12,19.71965217590332
2004-08-13,19.54520034790039
2004-08-16,20.08500862121582
2004-08-17,19.798654556274414
2004-08-18,19.96322250366211
2004-08-19,19.969818115234375
2004-08-20,20.256174087524414
2004-08-23,20.354915618896484
2004-08-24,20.506330490112305
2004-08-25,20.736745834350586
2004-08-26,20.63799476623535
2004-08-27,20.62812042236328
2004-08-30,20.61824607849121
2004-08-31,20.825611114501953
2004-09-01,20.84206199645996
2004-09-02,21.032981872558594
2004-09-03,20.83548927307129
2004-09-07,21.158063888549805
2004-09-08,21.1383113861084
2004-09-09,21.10210609436035
2004-09-10,20.884862899780273
2004-09-13,20.874990463256836
2004-09-14,21.204137802124023
2004-09-15,21.200847625732422
2004-09-16,21.391767501831055
2004-09-17,21.398340225219727
2004-09-20,21.098814010620117
2004-09-21,21.08893394470215
2004-09-22,20.743324279785156
2004-09-23,20.516210556030273
2004-09-24,20.63799476623535
2004-09-27,20.308841705322266
2004-09-28,20.910627365112305
2004-09-29,21.211530685424805
2004-09-30,21.343793869018555
2004-10-01,21.456209182739258
2004-10-04,21.661218643188477
2004-10-05,21.042898178100586
2004-10-06,21.393383026123047
2004-10-07,21.14870262145996
2004-10-08,20.834579467773438
2004-10-11,20.867645263671875
2004-10-12,20.56343650817871
2004-10-13,19.697128295898438
2004-10-14,19.677291870117188
2004-10-15,19.865768432617188
2004-10-18,19.43260955810547
2004-10-19,19.250743865966797
2004-10-20,19.303651809692383
2004-10-21,19.194530487060547
2004-10-22,19.442523956298828
2004-10-25,19.564865112304688
2004-10-26,19.409460067749023
2004-10-27,19.97818374633789
2004-10-28,19.740108489990234
2004-10-29,19.76656150817871
2004-11-01,20.490699768066406
2004-11-02,20.550222396850586
2004-11-03,20.755220413208008
2004-11-04,21.211530685424805
2004-11-05,21.51904296875
2004-11-08,21.409923553466797
2004-11-09,22.434947967529297
2004-11-10,22.388662338256836
2004-11-11,22.782146453857422
2004-11-12,22.78874969482422
2004-11-15,22.626737594604492
2004-11-16,22.487863540649414
2004-11-17,22.7325496673584
2004-11-18,23.44013786315918
2004-11-19,22.901174545288086
2004-11-22,22.719314575195312
2004-11-23,23.215299606323242
2004-11-24,24.038631439208984
2004-11-26,24.184112548828125
2004-11-29,23.843551635742188
2004-11-30,23.7179012298584
2004-12-01,23.737722396850586
2004-12-02,23.476511001586914
2004-12-03,23.46990203857422
2004-12-06,23.231828689575195
2004-12-07,23.063190460205078
2004-12-08,22.858186721801758
2004-12-09,23.393848419189453
2004-12-10,23.33102035522461
2004-12-13,23.658388137817383
2004-12-14,23.69144058227539
2004-12-15,24.111366271972656
2004-12-16,23.94936180114746
2004-12-17,24.144441604614258
2004-12-20,24.451940536499023
2004-12-21,24.369285583496094
2004-12-22,24.395736694335938
2004-12-23,24.29323387145996
2004-12-27,24.088220596313477
2004-12-28,24.60735321044922
2004-12-29,24.560890197753906
2004-12-30,24.67373275756836
2004-12-31,24.693660736083984
2005-01-03,24.209064483642578
2005-01-04,23.631555557250977
2005-01-05,23.40254783630371
2005-01-06,23.727811813354492
2005-01-07,23.399221420288086
2005-01-10,23.29302215576172
2005-01-11,22.984355926513672
2005-01-12,23.233274459838867
2005-01-13,23.415817260742188
2005-01-14,23.512083053588867
2005-01-18,23.449010848999023
2005-01-19,23.249876022338867
2005-01-20,22.994300842285156
2005-01-21,22.569459915161133
2005-01-24,22.456619262695312
2005-01-25,22.609296798706055
2005-01-26,22.46989631652832
2005-01-27,22.26079750061035
2005-01-28,22.55950927734375
2005-01-31,23.044086456298828
2005-02-01,23.329532623291016
2005-02-02,23.279735565185547
2005-02-03,23.332847595214844
2005-02-04,23.017536163330078
2005-02-07,22.652456283569336
2005-02-08,22.669042587280273
2005-02-09,22.436702728271484
2005-02-10,22.602657318115234
2005-02-11,23.010894775390625
2005-02-14,23.017536163330078
2005-02-15,21.938844680786133
2005-02-16,22.13799476623535
2005-02-17,21.855871200561523
2005-02-18,22.09484100341797
2005-02-22,21.985305786132812
2005-02-23,22.17118263244629
2005-02-24,22.825042724609375
2005-02-25,23.429094314575195
2005-02-28,23.601680755615234
2005-03-01,23.558536529541016
2005-03-02,23.71785545349121
2005-03-03,23.412506103515625
2005-03-04,24.01325225830078
2005-03-07,23.73114013671875
2005-03-08,23.668066024780273
2005-03-09,23.153621673583984
2005-03-10,22.90137481689453
2005-03-11,23.030811309814453
2005-03-14,22.735416412353516
2005-03-15,22.546232223510742
2005-03-16,22.3039493560791
2005-03-17,22.48649024963379
2005-03-18,22.692270278930664
2005-03-21,22.78188133239746
2005-03-22,22.327177047729492
2005-03-23,22.26079750061035
2005-03-24,22.665721893310547
2005-03-28,22.599334716796875
2005-03-29,22.05919647216797
2005-03-30,22.105873107910156
2005-03-31,22.38261604309082
2005-04-01,22.085865020751953
2005-04-04,22.032520294189453
2005-04-05,22.142547607421875
2005-04-06,22.255905151367188
2005-04-07,22.449295043945312
2005-04-08,22.342601776123047
2005-04-11,22.142547607421875
2005-04-12,22.039182662963867
2005-04-13,21.54572105407715
2005-04-14,21.175622940063477
2005-04-15,20.828868865966797
2005-04-18,20.975570678710938
2005-04-19,21.265649795532227
2005-04-20,21.075599670410156
2005-04-21,21.672435760498047
2005-04-22,21.529062271118164
2005-04-25,21.472373962402344
2005-04-26,21.032258987426758
2005-04-27,20.718839645385742
2005-04-28,20.45210075378418
2005-04-29,20.852201461791992
2005-05-02,20.725509643554688
2005-05-03,20.675493240356445
2005-05-04,20.86888313293457
2005-05-05,20.96889877319336
2005-05-06,20.9022274017334
2005-05-09,20.855539321899414
2005-05-10,20.518783569335938
2005-05-11,20.735506057739258
2005-05-12,20.175352096557617
2005-05-13,19.901954650878906
2005-05-16,19.9352970123291
2005-05-17,20.768850326538086
2005-05-18,21.328998565673828
2005-05-19,21.53572654724121
2005-05-20,21.485719680786133
2005-05-23,21.689098358154297
2005-05-24,21.679094314575195
2005-05-25,21.672435760498047
2005-05-26,22.005849838256836
2005-05-27,22.11254119873047
2005-05-31,22.05585479736328
2005-06-01,21.855804443359375
2005-06-02,21.669086456298828
2005-06-03,21.529062271118164
2005-06-06,21.76244354248047
2005-06-07,21.725778579711914
2005-06-08,21.895811080932617
2005-06-09,22.212562561035156
2005-06-10,22.27591896057129
2005-06-13,22.349266052246094
2005-06-14,22.359272003173828
2005-06-15,22.052528381347656
2005-06-16,22.322586059570312
2005-06-17,22.64934730529785
2005-06-20,22.712705612182617
2005-06-21,22.712705612182617
2005-06-22,22.339262008666992
2005-06-23,22.115877151489258
2005-06-24,21.985841751098633
2005-06-27,21.792449951171875
2005-06-28,22.211214065551758
2005-06-29,22.26146697998047
2005-06-30,21.939863204956055
2005-07-01,22.14422035217285
2005-07-05,22.52947425842285
2005-07-06,22.646730422973633
2005-07-07,22.633331298828125
2005-07-08,23.035343170166016
2005-07-11,23.289939880371094
2005-07-12,23.34356689453125
2005-07-13,23.12580108642578
2005-07-14,23.253110885620117
2005-07-15,23.367015838623047
2005-07-18,23.423959732055664
2005-07-19,23.949926376342773
2005-07-20,24.000179290771484
2005-07-21,23.88627052307129
2005-07-22,23.903030395507812
2005-07-25,23.691967010498047
2005-07-26,23.62161636352539
2005-07-27,24.318429946899414
2005-07-28,24.596506118774414
2005-07-29,24.633350372314453
2005-08-01,24.522790908813477
2005-08-02,24.418947219848633
2005-08-03,24.26820182800293
2005-08-04,23.926475524902344
2005-08-05,23.983430862426758
2005-08-08,23.926475524902344
2005-08-09,23.993478775024414
2005-08-10,23.919776916503906
2005-08-11,24.418947219848633
2005-08-12,24.321788787841797
2005-08-15,24.39214515686035
2005-08-16,21.65176010131836
2005-08-17,21.61825180053711
2005-08-18,21.51775360107422
2005-08-19,21.758955001831055
2005-08-22,21.67185401916504
2005-08-23,21.467491149902344
2005-08-24,21.216238021850586
2005-08-25,21.387102127075195
2005-08-26,21.383745193481445
2005-08-29,21.440696716308594
2005-08-30,21.61825180053711
2005-08-31,21.903005599975586
2005-09-01,21.738861083984375
2005-09-02,21.792457580566406
2005-09-06,22.130815505981445
2005-09-07,22.063817977905273
2005-09-08,21.68190574645996
2005-09-09,21.624950408935547
2005-09-12,21.886260986328125
2005-09-13,21.658451080322266
2005-09-14,21.266494750976562
2005-09-15,20.985084533691406
2005-09-16,20.954927444458008
2005-09-19,20.636667251586914
2005-09-20,20.44571876525879
2005-09-21,20.234663009643555
2005-09-22,20.428966522216797
2005-09-23,20.284912109375
2005-09-26,20.39546012878418
2005-09-27,20.710369110107422
2005-09-28,20.48141860961914
2005-09-29,20.403982162475586
2005-09-30,20.605993270874023
2005-10-03,20.747413635253906
2005-10-04,20.46458625793457
2005-10-05,20.228883743286133
2005-10-06,20.323165893554688
2005-10-07,20.575695037841797
2005-10-10,20.363567352294922
2005-10-11,20.057174682617188
2005-10-12,20.154823303222656
2005-10-13,19.97637367248535
2005-10-14,19.983104705810547
2005-10-17,19.97637367248535
2005-10-18,19.653141021728516
2005-10-19,19.797914505004883
2005-10-20,19.72384262084961
2005-10-21,19.245731353759766
2005-10-24,19.6969051361084
2005-10-25,19.612728118896484
2005-10-26,19.912397384643555
2005-10-27,19.582429885864258
2005-10-28,20.080747604370117
2005-10-31,20.430917739868164
2005-11-01,20.57233428955078
2005-11-02,20.925861358642578
2005-11-03,21.030237197875977
2005-11-04,20.858524322509766
2005-11-07,21.23561668395996
2005-11-08,21.238990783691406
2005-11-09,21.366933822631836
2005-11-10,21.646398544311523
2005-11-11,21.508352279663086
2005-11-14,21.498247146606445
2005-11-15,21.228891372680664
2005-11-16,21.474672317504883
2005-11-17,21.158184051513672
2005-11-18,21.245725631713867
2005-11-21,21.21205711364746
2005-11-22,22.693525314331055
2005-11-23,22.82821273803711
2005-11-25,22.787813186645508
2005-11-28,23.198583602905273
2005-11-29,23.316429138183594
2005-11-30,23.35009002685547
2005-12-01,23.259183883666992
2005-12-02,23.188474655151367
2005-12-05,22.96288299560547
2005-12-06,23.434267044067383
2005-12-07,23.215410232543945
2005-12-08,23.2692813873291
2005-12-09,23.2692813873291
2005-12-12,22.895545959472656
2005-12-13,23.333261489868164
2005-12-14,23.47130012512207
2005-12-15,23.538639068603516
2005-12-16,23.5756778717041
2005-12-19,23.37366485595703
2005-12-20,23.55885124206543
2005-12-21,23.47130012512207
2005-12-22,23.747390747070312
2005-12-23,23.764236450195312
2005-12-27,23.228872299194336
2005-12-28,23.34739875793457
2005-12-29,23.252582550048828
2005-12-30,23.062957763671875
2006-01-03,23.025712966918945
2006-01-04,23.056188583374023
2006-01-05,23.09343719482422
2006-01-06,23.17131805419922
2006-01-09,23.30675506591797
2006-01-10,23.316913604736328
2006-01-11,23.415119171142578
2006-01-12,23.45913314819336
2006-01-13,23.567495346069336
2006-01-17,23.835006713867188
2006-01-18,23.84177017211914
2006-01-19,23.86208724975586
2006-01-20,23.316913604736328
2006-01-23,23.432052612304688
2006-01-24,23.946746826171875
2006-01-25,24.234567642211914
2006-01-26,24.16006851196289
2006-01-27,24.51561164855957
2006-01-30,24.454660415649414
2006-01-31,24.29890251159668
2006-02-01,25.429868698120117
2006-02-02,25.30795669555664
2006-02-03,25.230079650878906
2006-02-06,25.368925094604492
2006-02-07,25.426483154296875
2006-02-08,24.91178321838379
2006-02-09,25.013378143310547
2006-02-10,24.928722381591797
2006-02-13,24.989667892456055
2006-02-14,25.28426742553711
2006-02-15,25.49759292602539
2006-02-16,25.396015167236328
2006-02-17,25.798959732055664
2006-02-21,26.300094604492188
2006-02-22,26.71321678161621
2006-02-23,26.327199935913086
2006-02-24,26.28995132446289
2006-02-27,26.184978485107422
2006-02-28,25.826051712036133
2006-03-01,26.10370635986328
2006-03-02,26.293333053588867
2006-03-03,26.537139892578125
2006-03-06,25.81928253173828
2006-03-07,25.84636688232422
2006-03-08,25.375686645507812
2006-03-09,25.226709365844727
2006-03-10,25.385854721069336
2006-03-13,25.46034049987793
2006-03-14,26.08001136779785
2006-03-15,26.611616134643555
2006-03-16,26.54391098022461
2006-03-17,26.547298431396484
2006-03-20,26.381372451782227
2006-03-21,25.849748611450195
2006-03-22,26.17144012451172
2006-03-23,26.411853790283203
2006-03-24,26.49649429321289
2006-03-27,26.58793067932129
2006-03-28,26.71660041809082
2006-03-29,27.026262283325195
2006-03-30,27.14878273010254
2006-03-31,26.90036392211914
2006-04-03,27.227046966552734
2006-04-04,27.380186080932617
2006-04-05,27.533302307128906
2006-04-06,27.223649978637695
2006-04-07,27.097726821899414
2006-04-10,27.284893035888672
2006-04-11,27.54692840576172
2006-04-12,28.601835250854492
2006-04-13,28.826431274414062
2006-04-17,29.13950538635254
2006-04-18,30.136566162109375
2006-04-19,30.007251739501953
2006-04-20,29.724803924560547
2006-04-21,29.796268463134766
2006-04-24,29.428747177124023
2006-04-25,28.574628829956055
2006-04-26,29.36749839782715
2006-04-27,29.224571228027344
2006-04-28,29.871143341064453
2006-05-01,30.160383224487305
2006-05-02,31.082592010498047
2006-05-03,30.871597290039062
2006-05-04,30.595975875854492
2006-05-05,30.749099731445312
2006-05-08,31.031553268432617
2006-05-09,30.932859420776367
2006-05-10,30.89884376525879
2006-05-11,30.156997680664062
2006-05-12,30.500659942626953
2006-05-15,29.78266143798828
2006-05-16,30.39179229736328
2006-05-17,29.418546676635742
2006-05-18,28.45212173461914
2006-05-19,28.639265060424805
2006-05-22,28.33979606628418
2006-05-23,28.795801162719727
2006-05-24,28.612041473388672
2006-05-25,29.35727882385254
2006-05-26,29.632949829101562
2006-05-30,28.812833786010742
2006-05-31,29.129308700561523
2006-06-01,29.37090492248535
2006-06-02,29.86092185974121
2006-06-05,28.94894027709961
2006-06-06,27.904233932495117
2006-06-07,27.424406051635742
2006-06-08,27.281492233276367
2006-06-09,27.162395477294922
2006-06-12,26.304847717285156
2006-06-13,26.37970733642578
2006-06-14,26.430749893188477
2006-06-15,27.332530975341797
2006-06-16,27.499277114868164
2006-06-19,26.835708618164062
2006-06-20,26.81528091430664
2006-06-21,26.84931182861328
2006-06-22,26.76083755493164
2006-06-23,27.203214645385742
2006-06-26,27.461841583251953
2006-06-27,27.18280792236328
2006-06-28,26.89554786682129
2006-06-29,28.18134117126465
2006-06-30,28.5506649017334
2006-07-03,28.557504653930664
2006-07-05,27.955636978149414
2006-07-06,28.092435836791992
2006-07-07,27.538455963134766
2006-07-10,27.993242263793945
2006-07-11,28.13003921508789
2006-07-12,27.34010124206543
2006-07-13,26.112455368041992
2006-07-14,25.298582077026367
2006-07-17,24.597558975219727
2006-07-18,24.912155151367188
2006-07-19,25.8081111907959
2006-07-20,24.559934616088867
2006-07-21,23.96491813659668
2006-07-24,24.8232364654541
2006-07-25,24.49155044555664
2006-07-26,24.86086082458496
2006-07-27,24.809568405151367
2006-07-28,25.27806282043457
2006-07-31,24.81641387939453
2006-08-01,24.41288185119629
2006-08-02,24.8266658782959
2006-08-03,25.096805572509766
2006-08-04,25.004486083984375
2006-08-07,24.980554580688477
2006-08-08,24.706981658935547
2006-08-09,24.0640811920166
2006-08-10,23.958072662353516
2006-08-11,23.61953353881836
2006-08-14,23.482744216918945
2006-08-15,23.595592498779297
2006-08-16,24.566762924194336
2006-08-17,24.833515167236328
2006-08-18,24.871129989624023
2006-08-21,24.706981658935547
2006-08-22,25.014739990234375
2006-08-23,25.100234985351562
2006-08-24,25.0557804107666
2006-08-25,25.267803192138672
2006-08-28,25.71576499938965
2006-08-29,25.561887741088867
2006-08-30,25.572153091430664
2006-08-31,26.707477569580078
2006-09-01,27.046018600463867
2006-09-05,28.195018768310547
2006-09-06,27.685487747192383
2006-09-07,27.73678207397461
2006-09-08,27.8017578125
2006-09-11,27.24778175354004
2006-09-12,27.73336410522461
2006-09-13,27.7880802154541
2006-09-14,27.148609161376953
2006-09-15,27.65470314025879
2006-09-18,27.7709903717041
2006-09-19,27.343507766723633
2006-09-20,27.220420837402344
2006-09-21,26.99131202697754
2006-09-22,26.546743392944336
2006-09-25,26.984466552734375
2006-09-26,28.321544647216797
2006-09-27,28.744165420532227
2006-09-28,29.128963470458984
2006-09-29,28.830059051513672
2006-10-02,28.854097366333008
2006-10-03,28.720109939575195
2006-10-04,29.33855438232422
2006-10-05,30.08069610595703
2006-10-06,29.30418586730957
2006-10-09,30.235305786132812
2006-10-10,29.96044921875
2006-10-11,30.01885223388672
2006-10-12,30.980873107910156
2006-10-13,30.544527053833008
2006-10-16,30.82282829284668
2006-10-17,30.08755874633789
2006-10-18,30.145980834960938
2006-10-19,30.073816299438477
2006-10-20,29.077438354492188
2006-10-23,29.434757232666016
2006-10-24,30.049787521362305
2006-10-25,30.276535034179688
2006-10-26,30.37618064880371
2006-10-27,29.891714096069336
2006-10-30,29.757728576660156
2006-10-31,29.249221801757812
2006-11-01,29.142723083496094
2006-11-02,29.34198570251465
2006-11-03,29.42787742614746
2006-11-06,29.46224021911621
2006-11-07,29.14958381652832
2006-11-08,30.046337127685547
2006-11-09,29.754291534423828
2006-11-10,29.929513931274414
2006-11-13,30.448328018188477
2006-11-14,30.87093162536621
2006-11-15,30.647602081298828
2006-11-16,30.723190307617188
2006-11-17,31.046157836914062
2006-11-20,30.71976089477539
2006-11-21,32.73314666748047
2006-11-22,33.702049255371094
2006-11-24,33.33441162109375
2006-11-27,32.69878387451172
2006-11-28,32.568233489990234
2006-11-29,33.17294692993164
2006-11-30,32.983970642089844
2006-12-01,32.46173095703125
2006-12-04,33.02863311767578
2006-12-05,32.79501724243164
2006-12-06,33.719234466552734
2006-12-07,33.203861236572266
2006-12-08,33.351600646972656
2006-12-11,33.37907791137695
2006-12-12,32.46517562866211
2006-12-13,32.53731918334961
2006-12-14,33.021751403808594
2006-12-15,32.83966827392578
2006-12-18,32.98053741455078
2006-12-19,33.32411193847656
2006-12-20,33.351600646972656
2006-12-21,32.94960021972656
2006-12-22,32.36893081665039
2006-12-26,32.880889892578125
2006-12-27,33.305450439453125
2006-12-28,33.05692672729492
2006-12-29,32.815311431884766
2007-01-03,32.26647186279297
2007-01-04,31.817764282226562
2007-01-05,31.372499465942383
2007-01-08,31.5278263092041
2007-01-09,31.84193229675293
2007-01-10,31.973102569580078
2007-01-11,32.96373748779297
2007-01-12,34.28574752807617
2007-01-16,34.20635223388672
2007-01-17,34.47904968261719
2007-01-18,34.572235107421875
2007-01-19,34.06826400756836
2007-01-22,33.436614990234375
2007-01-23,34.372032165527344
2007-01-24,34.16147994995117
2007-01-25,33.54017639160156
2007-01-26,33.9267578125
2007-01-29,34.0130615234375
2007-01-30,34.4893913269043
2007-01-31,34.61363220214844
2007-02-01,35.559410095214844
2007-02-02,36.0115966796875
2007-02-05,35.93562316894531
2007-02-06,36.153114318847656
2007-02-07,35.72509765625
2007-02-08,35.518009185791016
2007-02-09,35.480018615722656
2007-02-12,35.62845993041992
2007-02-13,35.43861389160156
2007-02-14,38.62797546386719
2007-02-15,39.18370056152344
2007-02-16,39.32522201538086
2007-02-20,39.12501907348633
2007-02-21,40.022464752197266
2007-02-22,39.02490997314453
2007-02-23,39.11811065673828
2007-02-26,39.076683044433594
2007-02-27,37.38191223144531
2007-02-28,37.37845230102539
2007-03-01,37.35429763793945
2007-03-02,36.30153274536133
2007-03-05,35.96671676635742
2007-03-06,36.9470100402832
2007-03-07,38.248291015625
2007-03-08,38.24137878417969
2007-03-09,39.00421142578125
2007-03-12,39.007667541503906
2007-03-13,37.74089813232422
2007-03-14,38.20689010620117
2007-03-15,38.20689010620117
2007-03-16,37.98250961303711
2007-03-19,38.93171691894531
2007-03-20,38.728084564208984
2007-03-21,39.83951187133789
2007-03-22,38.96971130371094
2007-03-23,38.7211799621582
2007-03-26,38.117122650146484
2007-03-27,37.495819091796875
2007-03-28,36.56353759765625
2007-03-29,37.592864990234375
2007-03-30,37.65178680419922
2007-04-02,36.21001434326172
2007-04-03,36.9932861328125
2007-04-04,37.08338928222656
2007-04-05,37.28094482421875
2007-04-09,37.644840240478516
2007-04-10,37.74188232421875
2007-04-11,37.579010009765625
2007-04-12,37.3745231628418
2007-04-13,37.70722198486328
2007-04-16,37.99835205078125
2007-04-17,38.50434112548828
2007-04-18,38.66721725463867
2007-04-19,38.365726470947266
2007-04-20,38.663787841796875
2007-04-23,39.062339782714844
2007-04-24,39.135108947753906
2007-04-25,39.39156723022461
2007-04-26,39.37424087524414
2007-04-27,38.895973205566406
2007-04-30,37.9151725769043
2007-05-01,37.67256546020508
2007-05-02,39.07619857788086
2007-05-03,39.40198516845703
2007-05-04,39.453956604003906
2007-05-07,39.93223190307617
2007-05-08,40.077796936035156
2007-05-09,41.22147750854492
2007-05-10,40.788272857666016
2007-05-11,41.588863372802734
2007-05-14,41.460628509521484
2007-05-15,41.81759262084961
2007-05-16,41.03433609008789
2007-05-17,40.73975372314453
2007-05-18,40.379337310791016
2007-05-21,41.17643356323242
2007-05-22,40.82640075683594
2007-05-23,40.077796936035156
2007-05-24,39.176692962646484
2007-05-25,39.66190719604492
2007-05-29,39.977294921875
2007-05-30,41.39478302001953
2007-05-31,41.75173568725586
2007-06-01,41.50566864013672
2007-06-04,41.66164016723633
2007-06-05,41.9007568359375
2007-06-06,40.74667739868164
2007-06-07,39.575260162353516
2007-06-08,40.21295928955078
2007-06-11,40.39316940307617
2007-06-12,40.42781448364258
2007-06-13,41.69974136352539
2007-06-14,41.83839416503906
2007-06-15,42.19535446166992
2007-06-18,42.2889289855957
2007-06-19,42.153770446777344
2007-06-20,42.10871124267578
2007-06-21,43.07912826538086
2007-06-22,42.74986267089844
2007-06-25,42.55580139160156
2007-06-26,41.78639602661133
2007-06-27,42.28728485107422
2007-06-28,41.52553176879883
2007-06-29,41.99859619140625
2007-07-02,42.958648681640625
2007-07-03,42.51688003540039
2007-07-05,42.80559158325195
2007-07-06,43.03168487548828
2007-07-09,43.7656364440918
2007-07-10,43.09080505371094
2007-07-11,43.55345153808594
2007-07-12,44.638702392578125
2007-07-13,45.595279693603516
2007-07-16,45.77617263793945
2007-07-17,45.53267288208008
2007-07-18,45.46310806274414
2007-07-19,46.499671936035156
2007-07-20,44.896121978759766
2007-07-23,44.51002883911133
2007-07-24,43.82476043701172
2007-07-25,43.243858337402344
2007-07-26,42.095970153808594
2007-07-27,41.372459411621094
2007-07-30,42.54470443725586
2007-07-31,41.88727951049805
2007-08-01,41.69595718383789
2007-08-02,41.80380630493164
2007-08-03,40.85765838623047
2007-08-06,41.706398010253906
2007-08-07,43.05951690673828
2007-08-08,43.424747467041016
2007-08-09,41.77596664428711
2007-08-10,40.802001953125
2007-08-13,41.27159881591797
2007-08-14,40.728965759277344
2007-08-15,41.94989013671875
2007-08-16,41.925540924072266
2007-08-17,43.3447265625
2007-08-20,44.61783218383789
2007-08-21,44.97612762451172
2007-08-22,45.470062255859375
2007-08-23,44.308250427246094
2007-08-24,45.310054779052734
2007-08-27,45.313541412353516
2007-08-28,43.974334716796875
2007-08-29,45.723995208740234
2007-08-30,45.8805046081543
2007-08-31,47.32756423950195
2007-09-04,48.22496795654297
2007-09-05,47.84931182861328
2007-09-06,47.581478118896484
2007-09-07,47.25798416137695
2007-09-10,47.647560119628906
2007-09-11,48.10321044921875
2007-09-12,47.94321060180664
2007-09-13,47.98497772216797
2007-09-14,47.978004455566406
2007-09-17,48.499759674072266
2007-09-18,50.73641586303711
2007-09-19,50.47206497192383
2007-09-20,50.25636672973633
2007-09-21,51.2303466796875
2007-09-24,50.69814682006836
2007-09-25,49.45286560058594
2007-09-26,51.016700744628906
2007-09-27,51.449562072753906
2007-09-28,51.80910110473633
2007-10-01,52.68177795410156
2007-10-02,51.74973678588867
2007-10-03,50.61874771118164
2007-10-04,51.52634811401367
2007-10-05,51.40767288208008
2007-10-08,51.878910064697266
2007-10-09,52.887725830078125
2007-10-10,54.00128173828125
2007-10-11,53.331031799316406
2007-10-12,53.833709716796875
2007-10-15,53.90350341796875
2007-10-16,52.72365951538086
2007-10-17,52.570091247558594
2007-10-18,53.25075912475586
2007-10-19,50.66415786743164
2007-10-22,50.559410095214844
2007-10-23,52.31524658203125
2007-10-24,51.966156005859375
2007-10-25,51.432090759277344
2007-10-26,50.76887130737305
2007-10-29,52.69573974609375
2007-10-30,52.587528228759766
2007-10-31,54.071075439453125
2007-11-01,52.55262756347656
2007-11-02,53.31361389160156
2007-11-05,53.85464859008789
2007-11-06,55.956050872802734
2007-11-07,53.86860656738281
2007-11-08,55.12178421020508
2007-11-09,53.41831970214844
2007-11-12,49.512203216552734
2007-11-13,50.91896057128906
2007-11-14,51.34831619262695
2007-11-15,49.547115325927734
2007-11-16,50.63621520996094
2007-11-19,49.39700698852539
2007-11-20,50.615272521972656
2007-11-21,53.079708099365234
2007-11-23,54.678428649902344
2007-11-26,55.313777923583984
2007-11-27,56.2143669128418
2007-11-28,59.342041015625
2007-11-29,59.09420394897461
2007-11-30,59.970359802246094
2007-12-03,61.79951095581055
2007-12-04,61.22004699707031
2007-12-05,62.06480026245117
2007-12-06,63.174842834472656
2007-12-07,61.51323699951172
2007-12-10,62.05779266357422
2007-12-11,59.61430740356445
2007-12-12,61.366668701171875
2007-12-13,62.02983856201172
2007-12-14,60.85004425048828
2007-12-17,58.83240509033203
2007-12-18,58.539180755615234
2007-12-19,58.385589599609375
2007-12-20,60.480003356933594
2007-12-21,62.71409225463867
2007-12-24,63.991676330566406
2007-12-26,64.6968002319336
2007-12-27,63.26175308227539
2007-12-28,64.59877014160156
2007-12-31,65.18677520751953
2008-01-02,63.142696380615234
2008-01-03,65.73282623291016
2008-01-04,62.98870849609375
2008-01-07,61.88267517089844
2008-01-08,61.644649505615234
2008-01-09,61.357627868652344
2008-01-10,63.17073440551758
2008-01-11,62.484703063964844
2008-01-14,66.2858657836914
2008-01-15,64.65478515625
2008-01-16,61.504642486572266
2008-01-17,55.36536407470703
2008-01-18,53.48231887817383
2008-01-22,58.20751953125
2008-01-23,58.0605354309082
2008-01-24,57.815494537353516
2008-01-25,58.01850891113281
2008-01-28,59.803619384765625
2008-01-29,60.720611572265625
2008-01-30,60.53160858154297
2008-01-31,61.294639587402344
2008-02-01,62.23968505859375
2008-02-04,61.74266052246094
2008-02-05,58.43850326538086
2008-02-06,58.3125114440918
2008-02-07,57.38846969604492
2008-02-08,57.724510192871094
2008-02-11,59.04055404663086
2008-02-12,60.53860855102539
2008-02-13,59.88056945800781
2008-02-14,60.44059753417969
2008-02-15,59.502559661865234
2008-02-19,58.445499420166016
2008-02-20,60.048606872558594
2008-02-21,60.11858367919922
2008-02-22,61.02162551879883
2008-02-25,62.29569625854492
2008-02-26,61.22465896606445
2008-02-27,60.37059020996094
2008-02-28,60.881614685058594
2008-02-29,59.64956283569336
2008-03-03,61.30166244506836
2008-03-04,60.68560791015625
2008-03-05,62.49869918823242
2008-03-06,61.497642517089844
2008-03-07,58.256534576416016
2008-03-10,56.87742614746094
2008-03-11,60.013580322265625
2008-03-12,58.78853988647461
2008-03-13,58.963565826416016
2008-03-14,58.01850891113281
2008-03-17,56.723445892333984
2008-03-18,58.40349197387695
2008-03-19,55.6453857421875
2008-03-20,55.46339797973633
2008-03-24,57.017478942871094
2008-03-25,57.570499420166016
2008-03-26,56.576438903808594
2008-03-27,55.579315185546875
2008-03-28,56.13405990600586
2008-03-31,56.48512268066406
2008-04-01,56.9064826965332
2008-04-02,56.04979705810547
2008-04-03,58.28279495239258
2008-04-04,60.20683670043945
2008-04-07,62.07467269897461
2008-04-08,62.26426696777344
2008-04-09,61.03539276123047
2008-04-10,61.02842712402344
2008-04-11,60.607078552246094
2008-04-14,60.389400482177734
2008-04-15,60.543888092041016
2008-04-16,63.3245964050293
2008-04-17,62.88222885131836
2008-04-18,65.0801010131836
2008-04-21,65.55057525634766
2008-04-22,64.53240966796875
2008-04-23,63.549339294433594
2008-04-24,62.418758392333984
2008-04-25,63.19821548461914
2008-04-28,62.86812973022461
2008-04-29,59.04819107055664
2008-04-30,59.034156799316406
2008-05-01,59.265865325927734
2008-05-02,59.85573196411133
2008-05-05,59.24481964111328
2008-05-06,60.4455680847168
2008-05-07,59.66612243652344
2008-05-08,60.965206146240234
2008-05-09,60.607078552246094
2008-05-12,62.75581741333008
2008-05-13,63.331634521484375
2008-05-14,57.05392074584961
2008-05-15,58.711116790771484
2008-05-16,58.65496063232422
2008-05-19,56.73795700073242
2008-05-20,57.58762741088867
2008-05-21,57.46120834350586
2008-05-22,56.84328079223633
2008-05-23,56.47109603881836
2008-05-27,56.07787322998047
2008-05-28,57.98786163330078
2008-05-29,57.11712646484375
2008-05-30,57.11712646484375
2008-06-02,56.72389221191406
2008-06-03,56.8292350769043
2008-06-04,56.63262176513672
2008-06-05,58.177459716796875
2008-06-06,57.096092224121094
2008-06-09,57.35587692260742
2008-06-10,57.34184265136719
2008-06-11,55.47397994995117
2008-06-12,54.743690490722656
2008-06-13,54.71558380126953
2008-06-16,56.597503662109375
2008-06-17,55.61442184448242
2008-06-18,54.813907623291016
2008-06-19,54.54706954956055
2008-06-20,53.627193450927734
2008-06-23,54.40665817260742
2008-06-24,52.90391159057617
2008-06-25,51.653995513916016
2008-06-26,50.39931106567383
2008-06-27,50.31471252441406
2008-06-30,50.843353271484375
2008-07-01,51.752685546875
2008-07-02,49.51819610595703
2008-07-03,48.24939727783203
2008-07-07,49.215118408203125
2008-07-08,47.19913101196289
2008-07-09,45.119712829589844
2008-07-10,46.40965270996094
2008-07-11,45.81050109863281
2008-07-14,47.43879318237305
2008-07-15,45.64838790893555
2008-07-16,45.923282623291016
2008-07-17,47.83353805541992
2008-07-18,47.45993423461914
2008-07-21,50.01866149902344
2008-07-22,49.750797271728516
2008-07-23,50.41340255737305
2008-07-24,47.7841911315918
2008-07-25,48.76395034790039
2008-07-28,49.13755798339844
2008-07-29,49.9058837890625
2008-07-30,51.787933349609375
2008-07-31,49.45475769042969
2008-08-01,49.49705123901367
2008-08-04,45.9867057800293
2008-08-05,46.994720458984375
2008-08-06,47.516319274902344
2008-08-07,47.206199645996094
2008-08-08,48.67939376831055
2008-08-11,49.045928955078125
2008-08-12,48.88379669189453
2008-08-13,47.297821044921875
2008-08-14,47.15683364868164
2008-08-15,46.980621337890625
2008-08-18,46.959468841552734
2008-08-19,46.16999816894531
2008-08-20,46.75505447387695
2008-08-21,47.21321487426758
2008-08-22,47.607967376708984
2008-08-25,46.55064392089844
2008-08-26,47.185035705566406
2008-08-27,47.90400695800781
2008-08-28,50.05390930175781
2008-08-29,49.74375534057617
2008-09-02,48.43267822265625
2008-09-03,46.896026611328125
2008-09-04,44.76021957397461
2008-09-05,44.56989669799805
2008-09-08,44.25270462036133
2008-09-09,42.257877349853516
2008-09-10,42.11690139770508
2008-09-11,43.40683364868164
2008-09-12,44.57695007324219
2008-09-15,43.14603805541992
2008-09-16,44.541709899902344
2008-09-17,42.23674011230469
2008-09-18,43.71698760986328
2008-09-19,44.675628662109375
2008-09-22,44.478271484375
2008-09-23,42.83590316772461
2008-09-24,41.67281723022461
2008-09-25,40.71418380737305
2008-09-26,39.191307067871094
2008-09-29,33.829322814941406
2008-09-30,35.061805725097656
2008-10-01,32.795169830322266
2008-10-02,28.13443374633789
2008-10-03,27.794435501098633
2008-10-06,26.41322135925293
2008-10-07,25.499494552612305
2008-10-08,26.909042358398438
2008-10-09,27.624439239501953
2008-10-10,27.00112533569336
2008-10-13,30.068138122558594
2008-10-14,29.742307662963867
2008-10-15,26.278629302978516
2008-10-16,27.553606033325195
2008-10-17,27.92194366455078
2008-10-20,27.341121673583984
2008-10-21,26.484050750732422
2008-10-22,23.962432861328125
2008-10-23,22.935373306274414
2008-10-24,21.504568099975586
2008-10-27,21.171655654907227
2008-10-28,23.565776824951172
2008-10-29,25.315330505371094
2008-10-30,27.227785110473633
2008-10-31,27.312788009643555
2008-11-03,27.645687103271484
2008-11-04,30.131893157958984
2008-11-05,27.999845504760742
2008-11-06,25.364900588989258
2008-11-07,26.356550216674805
2008-11-10,26.11571502685547
2008-11-11,24.876171112060547
2008-11-12,23.18328285217285
2008-11-13,25.343652725219727
2008-11-14,23.934099197387695
2008-11-17,23.19036865234375
2008-11-18,23.884517669677734
2008-11-19,22.01455307006836
2008-11-20,20.378339767456055
2008-11-21,21.93663787841797
2008-11-24,23.502023696899414
2008-11-25,23.445356369018555
2008-11-26,25.329484939575195
2008-11-28,24.656597137451172
2008-12-01,21.532896041870117
2008-12-02,22.55287742614746
2008-12-03,23.90576171875
2008-12-04,21.943735122680664
2008-12-05,22.65912628173828
2008-12-08,26.21489143371582
2008-12-09,26.89487648010254
2008-12-10,27.447372436523438
2008-12-11,25.605730056762695
2008-12-12,26.1086368560791
2008-12-15,25.754478454589844
2008-12-16,27.07903289794922
2008-12-17,28.6019229888916
2008-12-18,27.390695571899414
2008-12-19,27.89360809326172
2008-12-22,26.0944766998291
2008-12-23,26.406131744384766
2008-12-24,26.95153045654297
2008-12-26,27.249034881591797
2008-12-29,27.020715713500977
2008-12-30,26.863744735717773
2008-12-31,27.341798782348633
2009-01-02,29.61790657043457
2009-01-05,30.602558135986328
2009-01-06,31.801252365112305
2009-01-07,30.431299209594727
2009-01-08,32.23649215698242
2009-01-09,32.81443786621094
2009-01-12,29.6535587310791
2009-01-13,29.097021102905273
2009-01-14,28.183727264404297
2009-01-15,28.283626556396484
2009-01-16,28.454872131347656
2009-01-20,26.606874465942383
2009-01-21,28.033906936645508
2009-01-22,26.735315322875977
2009-01-23,26.128814697265625
2009-01-26,25.201251983642578
2009-01-27,25.615093231201172
2009-01-28,27.006441116333008
2009-01-29,25.686439514160156
2009-01-30,24.78742218017578
2009-02-02,25.044281005859375
2009-02-03,25.693571090698242
2009-02-04,26.756704330444336
2009-02-05,28.283626556396484
2009-02-06,29.831947326660156
2009-02-09,28.98287010192871
2009-02-10,27.398876190185547
2009-02-11,27.31325340270996
2009-02-12,26.61400032043457
2009-02-13,25.764928817749023
2009-02-17,23.89552116394043
2009-02-18,22.996505737304688
2009-02-19,21.67650604248047
2009-02-20,20.613370895385742
2009-02-23,19.2576961517334
2009-02-24,20.29942512512207
2009-02-25,19.271968841552734
2009-02-26,19.39325714111328
2009-02-27,19.614452362060547
2009-03-02,17.716514587402344
2009-03-03,18.04473114013672
2009-03-04,19.20775032043457
2009-03-05,18.066129684448242
2009-03-06,18.20170021057129
2009-03-09,18.394346237182617
2009-03-10,19.86417579650879
2009-03-11,20.463537216186523
2009-03-12,21.33401870727539
2009-03-13,21.155641555786133
2009-03-16,21.47672462463379
2009-03-17,21.933378219604492
2009-03-18,22.161684036254883
2009-03-19,22.71109390258789
2009-03-20,21.91910171508789
2009-03-23,24.544824600219727
2009-03-24,24.951520919799805
2009-03-25,24.737468719482422
2009-03-26,25.629352569580078
2009-03-27,25.219457626342773
2009-03-30,23.299415588378906
2009-03-31,23.637409210205078
2009-04-01,24.636974334716797
2009-04-02,25.938581466674805
2009-04-03,26.823087692260742
2009-04-06,26.578598022460938
2009-04-07,25.154735565185547
2009-04-08,24.75921630859375
2009-04-09,26.945358276367188
2009-04-13,26.945358276367188
2009-04-14,26.621747970581055
2009-04-15,28.146259307861328
2009-04-16,28.915733337402344
2009-04-17,28.362010955810547
2009-04-20,26.406003952026367
2009-04-21,27.25457191467285
2009-04-22,28.182233810424805
2009-04-23,27.92336082458496
2009-04-24,29.138654708862305
2009-04-27,28.268522262573242
2009-04-28,27.650081634521484
2009-04-29,28.915733337402344
2009-04-30,29.670804977416992
2009-05-01,30.83576202392578
2009-05-04,32.41782760620117
2009-05-05,32.647953033447266
2009-05-06,33.83448791503906
2009-05-07,31.497364044189453
2009-05-08,32.295597076416016
2009-05-11,31.511754989624023
2009-05-12,31.432653427124023
2009-05-13,29.5269718170166
2009-05-14,30.044748306274414
2009-05-15,30.138235092163086
2009-05-18,31.979171752929688
2009-05-19,31.511754989624023
2009-05-20,31.878498077392578
2009-05-21,29.893720626831055
2009-05-22,30.131044387817383
2009-05-26,30.77105140686035
2009-05-27,30.77105140686035
2009-05-28,30.095083236694336
2009-05-29,31.260055541992188
2009-06-01,33.769779205322266
2009-06-02,33.3598747253418
2009-06-03,32.16615295410156
2009-06-04,33.38146209716797
2009-06-05,33.41740798950195
2009-06-08,32.935604095458984
2009-06-09,33.03627395629883
2009-06-10,32.87088394165039
2009-06-11,32.41782760620117
2009-06-12,32.194915771484375
2009-06-15,30.99399185180664
2009-06-16,29.929697036743164
2009-06-17,29.4478759765625
2009-06-18,29.10988998413086
2009-06-19,28.807861328125
2009-06-22,27.99526596069336
2009-06-23,28.225366592407227
2009-06-24,28.757516860961914
2009-06-25,30.282062530517578
2009-06-26,30.245859146118164
2009-06-29,30.513702392578125
2009-06-30,28.921062469482422
2009-07-01,29.22511100769043
2009-07-02,27.893077850341797
2009-07-06,27.523868560791016
2009-07-07,26.047054290771484
2009-07-08,25.945711135864258
2009-07-09,25.82263946533203
2009-07-10,25.56201934814453
2009-07-13,26.488656997680664
2009-07-14,26.6986083984375
2009-07-15,27.994421005249023
2009-07-16,28.233327865600586
2009-07-17,27.784494400024414
2009-07-20,28.80522346496582
2009-07-21,29.348188400268555
2009-07-22,29.080339431762695
2009-07-23,30.477497100830078
2009-07-24,30.66573143005371
2009-07-27,30.926359176635742
2009-07-28,30.5064754486084
2009-07-29,29.81150245666504
2009-07-30,31.03494644165039
2009-07-31,31.664766311645508
2009-08-03,32.89544677734375
2009-08-04,33.04023742675781
2009-08-05,32.90269088745117
2009-08-06,32.83753204345703
2009-08-07,33.5252799987793
2009-08-10,32.95335388183594
2009-08-11,32.47557067871094
2009-08-12,33.15605926513672
2009-08-13,33.03300094604492
2009-08-14,32.23666763305664
2009-08-17,30.745376586914062
2009-08-18,32.64207077026367
2009-08-19,31.693710327148438
2009-08-20,31.84573745727539
2009-08-21,32.43212127685547
2009-08-24,32.83030700683594
2009-08-25,33.5252799987793
2009-08-26,32.67102813720703
2009-08-27,32.62759780883789
2009-08-28,32.16427993774414
2009-08-31,31.563425064086914
2009-09-01,30.759836196899414
2009-09-02,29.840457916259766
2009-09-03,29.840457916259766
2009-09-04,30.53542137145996
2009-09-08,30.96977424621582
2009-09-09,31.136289596557617
2009-09-10,31.150775909423828
2009-09-11,31.12905502319336
2009-09-14,31.31727409362793
2009-09-15,32.699989318847656
2009-09-16,32.721710205078125
2009-09-17,33.242919921875
2009-09-18,32.62759780883789
2009-09-21,32.490047454833984
2009-09-22,33.431148529052734
2009-09-23,32.8592414855957
2009-09-24,32.16427993774414
2009-09-25,31.80954933166504
2009-09-28,31.015403747558594
2009-09-29,31.47440528869629
2009-09-30,31.270395278930664
2009-10-01,30.162973403930664
2009-10-02,29.96625328063965
2009-10-05,30.687538146972656
2009-10-06,31.408830642700195
2009-10-07,31.059110641479492
2009-10-08,31.416128158569336
2009-10-09,31.306833267211914
2009-10-12,31.044538497924805
2009-10-13,31.07369041442871
2009-10-14,31.875123977661133
2009-10-15,32.093685150146484
2009-10-16,32.08641052246094
2009-10-19,33.54354476928711
2009-10-20,33.52170181274414
2009-10-21,35.04441833496094
2009-10-22,35.2484245300293
2009-10-23,35.02985763549805
2009-10-26,35.00071334838867
2009-10-27,34.1847038269043
2009-10-28,33.09184265136719
2009-10-29,34.614559173583984
2009-10-30,33.18655776977539
2009-11-02,33.73298263549805
2009-11-03,34.39598846435547
2009-11-04,34.06813430786133
2009-11-05,35.05169677734375
2009-11-06,34.35957336425781
2009-11-09,35.32127380371094
2009-11-10,35.2265625
2009-11-11,34.97885513305664
2009-11-12,34.54170227050781
2009-11-13,34.665565490722656
2009-11-16,35.634578704833984
2009-11-17,35.80943298339844
2009-11-18,37.49242401123047
2009-11-19,37.0771484375
2009-11-20,37.03343200683594
2009-11-23,37.776573181152344
2009-11-24,38.097171783447266
2009-11-25,39.12443161010742
2009-11-27,38.14815139770508
2009-11-30,38.986000061035156
2009-12-01,39.37943649291992
2009-12-02,39.34302520751953
2009-12-03,39.634437561035156
2009-12-04,39.517860412597656
2009-12-07,39.058860778808594
2009-12-08,38.08257293701172
2009-12-09,38.35215377807617
2009-12-10,38.17729187011719
2009-12-11,38.20643615722656
2009-12-14,38.80386734008789
2009-12-15,38.986000061035156
2009-12-16,39.72914123535156
2009-12-17,39.445011138916016
2009-12-18,39.94772720336914
2009-12-21,40.49415588378906
2009-12-22,41.23002624511719
2009-12-23,40.843875885009766
2009-12-24,41.04058837890625
2009-12-28,40.749149322509766
2009-12-29,40.22193145751953
2009-12-30,40.104793548583984
2009-12-31,39.60686492919922
2010-01-04,41.04937744140625
2010-01-05,40.895591735839844
2010-01-06,40.78578186035156
2010-01-07,41.07865905761719
2010-01-08,42.19899368286133
2010-01-11,43.897804260253906
2010-01-12,42.02326583862305
2010-01-13,42.68226623535156
2010-01-14,42.72620391845703
2010-01-15,41.24708557128906
2010-01-19,42.2209587097168
2010-01-20,41.085975646972656
2010-01-21,40.60270690917969
2010-01-22,38.8233642578125
2010-01-25,39.31395721435547
2010-01-26,39.10894012451172
2010-01-27,38.3620491027832
2010-01-28,37.42478942871094
2010-01-29,36.57538604736328
2010-02-01,37.600521087646484
2010-02-02,38.40599822998047
2010-02-03,37.95932388305664
2010-02-04,36.516807556152344
2010-02-05,36.480194091796875
2010-02-08,35.850467681884766
2010-02-09,36.84629821777344
2010-02-10,36.648616790771484
2010-02-11,38.310794830322266
2010-02-12,38.88926696777344
2010-02-16,39.37986755371094
2010-02-17,41.35691833496094
2010-02-18,41.92804718017578
2010-02-19,41.94270706176758
2010-02-22,41.51800537109375
2010-02-23,41.071346282958984
2010-02-24,41.137264251708984
2010-02-25,41.708396911621094
2010-02-26,41.95734405517578
2010-03-01,42.68226623535156
2010-03-02,42.62370300292969
2010-03-03,42.95320129394531
2010-03-04,42.83604049682617
2010-03-05,43.59757995605469
2010-03-08,43.348602294921875
2010-03-09,43.407196044921875
2010-03-10,42.828712463378906
2010-03-11,42.272212982177734
2010-03-12,42.938560485839844
2010-03-15,42.56510925292969
2010-03-16,43.143585205078125
2010-03-17,43.634185791015625
2010-03-18,43.38521957397461
2010-03-19,43.19484329223633
2010-03-22,43.94904708862305
2010-03-23,45.36958694458008
2010-03-24,44.29320526123047
2010-03-25,44.080848693847656
2010-03-26,44.34445571899414
2010-03-29,45.13158416748047
2010-03-30,44.955039978027344
2010-03-31,43.74121856689453
2010-04-01,43.94719696044922
2010-04-05,44.60930252075195
2010-04-06,44.63869857788086
2010-04-07,44.43274688720703
2010-04-08,44.59457015991211
2010-04-09,45.374359130859375
2010-04-12,45.63918685913086
2010-04-13,45.27136993408203
2010-04-14,45.440555572509766
2010-04-15,45.433189392089844
2010-04-16,44.513648986816406
2010-04-19,44.4842414855957
2010-04-20,44.28562545776367
2010-04-21,44.50630187988281
2010-04-22,44.84468078613281
2010-04-23,45.45526123046875
2010-04-26,45.76425552368164
2010-04-27,43.638240814208984
2010-04-28,43.82952117919922
2010-04-29,44.587215423583984
2010-04-30,44.006072998046875
2010-05-03,45.109527587890625
2010-05-04,42.97615051269531
2010-05-05,42.306732177734375
2010-05-06,41.482818603515625
2010-05-07,41.47544860839844
2010-05-10,43.71915817260742
2010-05-11,43.74121856689453
2010-05-12,44.977108001708984
2010-05-13,44.05019760131836
2010-05-14,42.932029724121094
2010-05-17,42.63041305541992
2010-05-18,42.049251556396484
2010-05-19,43.30720138549805
2010-05-20,41.68879318237305
2010-05-21,43.2042121887207
2010-05-24,41.43867492675781
2010-05-25,41.11497497558594
2010-05-26,41.29889678955078
2010-05-27,43.72650909423828
2010-05-28,42.43178176879883
2010-06-01,42.02717971801758
2010-06-02,44.18996047973633
2010-06-03,43.89570999145508
2010-06-04,41.84327697753906
2010-06-07,40.298423767089844
2010-06-08,40.5044059753418
2010-06-09,40.65888595581055
2010-06-10,42.57156753540039
2010-06-11,43.29982376098633
2010-06-14,42.40235137939453
2010-06-15,43.770652770996094
2010-06-16,43.65296173095703
2010-06-17,43.711795806884766
2010-06-18,43.59408950805664
2010-06-21,44.46951675415039
2010-06-22,43.476402282714844
2010-06-23,43.55732345581055
2010-06-24,42.806976318359375
2010-06-25,43.94719696044922
2010-06-28,43.25960922241211
2010-06-29,40.98239517211914
2010-06-30,41.16722869873047
2010-07-01,40.819732666015625
2010-07-02,40.2947998046875
2010-07-06,40.39091110229492
2010-07-07,41.847442626953125
2010-07-08,42.33541488647461
2010-07-09,42.88992691040039
2010-07-12,42.49808120727539
2010-07-13,43.89546203613281
2010-07-14,44.154232025146484
2010-07-15,45.159751892089844
2010-07-16,44.16162872314453
2010-07-19,44.44257354736328
2010-07-20,44.87138748168945
2010-07-21,45.662513732910156
2010-07-22,46.43882369995117
2010-07-23,47.688331604003906
2010-07-26,48.04323959350586
2010-07-27,47.52568435668945
2010-07-28,47.45174789428711
2010-07-29,47.69573211669922
2010-07-30,49.30013656616211
2010-08-02,49.662418365478516
2010-08-03,49.403621673583984
2010-08-04,49.950740814208984
2010-08-05,50.261295318603516
2010-08-06,50.30564880371094
2010-08-09,51.2298469543457
2010-08-10,50.216915130615234
2010-08-11,48.309391021728516
2010-08-12,48.44986343383789
2010-08-13,47.947105407714844
2010-08-16,48.49424743652344
2010-08-17,49.70676803588867
2010-08-18,48.78257751464844
2010-08-19,48.58293914794922
2010-08-20,48.154136657714844
2010-08-23,46.59409713745117
2010-08-24,46.09132766723633
2010-08-25,46.47579574584961
2010-08-26,46.39447021484375
2010-08-27,47.784446716308594
2010-08-30,46.56452560424805
2010-08-31,46.7789306640625
2010-09-01,49.189239501953125
2010-09-02,50.091251373291016
2010-09-03,50.74186325073242
2010-09-07,50.032108306884766
2010-09-08,50.342620849609375
2010-09-09,49.78810501098633
2010-09-10,50.13560485839844
2010-09-13,51.59212875366211
2010-09-14,51.776973724365234
2010-09-15,51.799156188964844
2010-09-16,51.48862838745117
2010-09-17,53.566200256347656
2010-09-20,54.42385482788086
2010-09-21,54.0024528503418
2010-09-22,53.292640686035156
2010-09-23,52.634620666503906
2010-09-24,53.70668411254883
2010-09-27,53.307437896728516
2010-09-28,53.1515007019043
2010-09-29,53.25547790527344
2010-09-30,51.80770492553711
2010-10-01,50.90932846069336
2010-10-04,50.94647216796875
2010-10-05,52.936214447021484
2010-10-06,53.42621612548828
2010-10-07,53.38165283203125
2010-10-08,55.943092346191406
2010-10-11,55.91339111328125
2010-10-12,55.43083190917969
2010-10-13,55.89115524291992
2010-10-14,55.75006866455078
2010-10-15,56.54448318481445
2010-10-18,56.46282958984375
2010-10-19,55.623844146728516
2010-10-20,56.75238037109375
2010-10-21,57.205257415771484
2010-10-22,57.35375213623047
2010-10-25,57.3463134765625
2010-10-26,56.73752212524414
2010-10-27,56.30690383911133
2010-10-28,56.05445861816406
2010-10-29,57.0196647644043
2010-11-01,56.67810821533203
2010-11-02,57.42057418823242
2010-11-03,57.55421829223633
2010-11-04,58.78667068481445
2010-11-05,58.72726058959961
2010-11-08,58.40802764892578
2010-11-09,57.81406784057617
2010-11-10,58.59360885620117
2010-11-11,58.497108459472656
2010-11-12,57.0641975402832
2010-11-15,56.78208923339844
2010-11-16,56.20295333862305
2010-11-17,56.42569351196289
2010-11-18,57.37601089477539
2010-11-19,57.89573287963867
2010-11-22,57.35375213623047
2010-11-23,56.67810821533203
2010-11-24,56.5964469909668
2010-11-26,56.42569351196289
2010-11-29,55.81691360473633
2010-11-30,55.46052551269531
2010-12-01,56.52964401245117
2010-12-02,58.13333511352539
2010-12-03,58.14073181152344
2010-12-06,58.6827278137207
2010-12-07,60.4497184753418
2010-12-08,59.84835433959961
2010-12-09,59.80381393432617
2010-12-10,60.984283447265625
2010-12-13,60.81351852416992
2010-12-14,61.281307220458984
2010-12-15,60.553672790527344
2010-12-16,61.08824157714844
2010-12-17,60.54628372192383
2010-12-20,61.3035774230957
2010-12-21,62.70677947998047
2010-12-22,62.328128814697266
2010-12-23,62.05341339111328
2010-12-27,62.04597473144531
2010-12-28,62.023712158203125
2010-12-29,62.11318588256836
2010-12-30,62.105743408203125
2010-12-31,61.919315338134766
2011-01-03,62.321937561035156
2011-01-04,61.89696502685547
2011-01-05,62.806541442871094
2011-01-06,62.81401824951172
2011-01-07,62.88111877441406
2011-01-10,63.06006622314453
2011-01-11,63.86527633666992
2011-01-12,65.1998062133789
2011-01-13,66.70589447021484
2011-01-14,66.74317932128906
2011-01-18,67.5483627319336
2011-01-19,66.6536865234375
2011-01-20,66.54932403564453
2011-01-21,66.5344009399414
2011-01-24,67.19050598144531
2011-01-25,66.646240234375
2011-01-26,67.83912658691406
2011-01-27,67.83168029785156
2011-01-28,66.28834533691406
2011-01-31,67.77203369140625
2011-02-01,69.30789947509766
2011-02-02,70.15038299560547
2011-02-03,69.69559478759766
2011-02-04,69.49432373046875
2011-02-07,70.18767547607422
2011-02-08,69.70309448242188
2011-02-09,70.0460205078125
2011-02-10,70.47101593017578
2011-02-11,71.14201354980469
2011-02-14,70.64990234375
2011-02-15,69.79996490478516
2011-02-16,71.4700698852539
2011-02-17,71.02269744873047
2011-02-18,70.82887268066406
2011-02-22,67.84660339355469
2011-02-23,65.80375671386719
2011-02-24,66.28834533691406
2011-02-25,67.46634674072266
2011-02-28,67.2128677368164
2011-03-01,66.40018463134766
2011-03-02,66.76549530029297
2011-03-03,69.0618667602539
2011-03-04,68.85308837890625
2011-03-07,67.37687683105469
2011-03-08,68.2268295288086
2011-03-09,66.96681213378906
2011-03-10,65.2744140625
2011-03-11,65.45330810546875
2011-03-14,65.33403015136719
2011-03-15,65.37129211425781
2011-03-16,64.79722595214844
2011-03-17,66.6387710571289
2011-03-18,67.17556762695312
2011-03-21,68.30136108398438
2011-03-22,67.8838882446289
2011-03-23,68.16719055175781
2011-03-24,69.50920104980469
2011-03-25,70.2622299194336
2011-03-28,69.56140899658203
2011-03-29,70.30978393554688
2011-03-30,70.68396759033203
2011-03-31,72.50997924804688
2011-04-01,73.78972625732422
2011-04-04,74.26869201660156
2011-04-05,73.49784088134766
2011-04-06,72.59980010986328
2011-04-07,72.1956787109375
2011-04-08,71.79153442382812
2011-04-11,71.08808135986328
2011-04-12,69.93556213378906
2011-04-13,70.03287506103516
2011-04-14,70.53428649902344
2011-04-15,70.16756439208984
2011-04-18,68.4986801147461
2011-04-19,69.13481903076172
2011-04-20,70.26483917236328
2011-04-21,71.28266143798828
2011-04-25,70.88599395751953
2011-04-26,72.59232330322266
2011-04-27,72.4126968383789
2011-04-28,71.77657318115234
2011-04-29,72.96650695800781
2011-05-02,72.88420104980469
2011-05-03,71.08059692382812
2011-05-04,69.62126159667969
2011-05-05,68.50619506835938
2011-05-06,68.4986801147461
2011-05-09,69.44914245605469
2011-05-10,70.7138900756836
2011-05-11,68.31907653808594
2011-05-12,67.62310791015625
2011-05-13,65.64742279052734
2011-05-16,65.9542236328125
2011-05-17,65.0786361694336
2011-05-18,64.73438262939453
2011-05-19,64.39014434814453
2011-05-20,63.42473602294922
2011-05-23,62.15993881225586
2011-05-24,62.45184326171875
2011-05-25,63.394805908203125
2011-05-26,63.566917419433594
2011-05-27,64.1656265258789
2011-05-31,64.42002868652344
2011-06-01,61.93547821044922
2011-06-02,63.03557586669922
2011-06-03,61.51637268066406
2011-06-06,61.14219665527344
2011-06-07,60.77547073364258
2011-06-08,59.84001922607422
2011-06-09,61.3667106628418
2011-06-10,61.21701431274414
2011-06-13,60.01961135864258
2011-06-14,61.3667106628418
2011-06-15,60.02710723876953
2011-06-16,59.323638916015625
2011-06-17,58.769840240478516
2011-06-20,59.91484832763672
2011-06-21,61.463993072509766
2011-06-22,61.0449104309082
2011-06-23,61.16463851928711
2011-06-24,59.85502624511719
2011-06-27,60.386329650878906
2011-06-28,61.642494201660156
2011-06-29,62.003543853759766
2011-06-30,62.018585205078125
2011-07-01,63.59068298339844
2011-07-05,63.81633758544922
2011-07-06,63.62831115722656
2011-07-07,65.01988983154297
2011-07-08,64.77163696289062
2011-07-11,62.80086898803711
2011-07-12,61.416831970214844
2011-07-13,61.59736633300781
2011-07-14,61.251365661621094
2011-07-15,61.44694137573242
2011-07-18,60.02528762817383
2011-07-19,60.837669372558594
2011-07-20,60.536773681640625
2011-07-21,61.90577697753906
2011-07-22,61.10843276977539
2011-07-25,61.59736633300781
2011-07-26,60.852691650390625
2011-07-27,59.73944091796875
2011-07-28,59.71685791015625
2011-07-29,59.054954528808594
2011-08-01,59.21289825439453
2011-08-02,57.78372573852539
2011-08-03,57.97176742553711
2011-08-04,54.46656036376953
2011-08-05,54.65457534790039
2011-08-08,50.43476104736328
2011-08-09,53.3532829284668
2011-08-10,51.14182662963867
2011-08-11,55.27141189575195
2011-08-12,56.39216232299805
2011-08-15,57.54304504394531
2011-08-16,56.53507614135742
2011-08-17,55.85811233520508
2011-08-18,52.766578674316406
2011-08-19,51.909088134765625
2011-08-22,52.65376281738281
2011-08-23,54.65457534790039
2011-08-24,56.48994827270508
2011-08-25,54.9554557800293
2011-08-26,57.189510345458984
2011-08-29,59.35581970214844
2011-08-30,60.25844955444336
2011-08-31,60.79253387451172
2011-09-01,60.09296417236328
2011-09-02,58.69389724731445
2011-09-06,58.02444076538086
2011-09-07,59.68678283691406
2011-09-08,58.11471176147461
2011-09-09,56.610321044921875
2011-09-12,56.44483184814453
2011-09-13,57.58815002441406
2011-09-14,58.13726043701172
2011-09-15,59.152713775634766
2011-09-16,58.686336517333984
2011-09-19,58.06203842163086
2011-09-20,57.151885986328125
2011-09-21,54.77494430541992
2011-09-22,51.593162536621094
2011-09-23,50.750675201416016
2011-09-26,51.4803466796875
2011-09-27,52.262611389160156
2011-09-28,51.01411056518555
2011-09-29,51.483253479003906
2011-09-30,48.85763168334961
2011-10-03,46.70115661621094
2011-10-04,48.03287124633789
2011-10-05,50.06071853637695
2011-10-06,50.37096405029297
2011-10-07,49.712642669677734
2011-10-10,52.49717330932617
2011-10-11,54.23750305175781
2011-10-12,53.76080322265625
2011-10-13,52.814971923828125
2011-10-14,54.01804733276367
2011-10-17,52.64093017578125
2011-10-18,53.06466293334961
2011-10-19,52.29287338256836
2011-10-20,52.39879608154297
2011-10-21,54.65365219116211
2011-10-24,56.40910720825195
2011-10-25,55.32709884643555
2011-10-26,55.93997573852539
2011-10-27,58.82285690307617
2011-10-28,59.52656555175781
2011-10-31,57.43061447143555
2011-11-01,55.76594161987305
2011-11-02,56.045928955078125
2011-11-03,57.3019905090332
2011-11-04,57.044734954833984
2011-11-07,56.86310577392578
2011-11-08,57.22629928588867
2011-11-09,55.06982421875
2011-11-10,55.675140380859375
2011-11-11,57.34740447998047
2011-11-14,56.522613525390625
2011-11-15,57.75596618652344
2011-11-16,57.83161926269531
2011-11-17,56.764739990234375
2011-11-18,56.19725799560547
2011-11-21,54.9941520690918
2011-11-22,54.41910934448242
2011-11-23,56.5377197265625
2011-11-25,55.720550537109375
2011-11-28,57.88460159301758
2011-11-29,57.38520812988281
2011-11-30,59.965450286865234
2011-12-01,59.57194137573242
2011-12-02,58.7850341796875
2011-12-05,59.12554931640625
2011-12-06,59.307132720947266
2011-12-07,59.70816421508789
2011-12-08,58.172122955322266
2011-12-09,59.27687072753906
2011-12-12,58.2402229309082
2011-12-13,56.91607666015625
2011-12-14,55.84918212890625
2011-12-15,55.78108596801758
2011-12-16,55.728092193603516
2011-12-19,55.66000747680664
2011-12-20,57.99053955078125
2011-12-21,58.20242691040039
2011-12-22,58.83802032470703
2011-12-23,59.54169464111328
2011-12-27,59.3525276184082
2011-12-28,58.50822448730469
2011-12-29,59.017822265625
2011-12-30,58.835304260253906
2012-01-03,60.326133728027344
2012-01-04,61.20845031738281
2012-01-05,62.098411560058594
2012-01-06,62.6004524230957
2012-01-09,62.92752456665039
2012-01-10,63.7033805847168
2012-01-11,64.27384948730469
2012-01-12,64.22820281982422
2012-01-13,64.39554595947266
2012-01-17,64.5857162475586
2012-01-18,65.58213806152344
2012-01-19,66.12979888916016
2012-01-20,66.20587921142578
2012-01-23,66.09940338134766
2012-01-24,65.7342529296875
2012-01-25,66.7535171508789
2012-01-26,66.67747497558594
2012-01-27,66.928466796875
2012-01-30,66.4873275756836
2012-01-31,65.52889251708984
2012-02-01,66.11459350585938
2012-02-02,66.49491119384766
2012-02-03,67.24034118652344
2012-02-06,66.79916381835938
2012-02-07,66.89045715332031
2012-02-08,67.31641387939453
2012-02-09,66.88282775878906
2012-02-10,66.59381866455078
2012-02-13,67.45330047607422
2012-02-14,67.73473358154297
2012-02-15,64.10649871826172
2012-02-16,63.21658706665039
2012-02-17,63.79465103149414
2012-02-21,64.03803253173828
2012-02-22,64.17496490478516
2012-02-23,63.969600677490234
2012-02-24,63.338253021240234
2012-02-27,63.42955017089844
2012-02-28,63.383934020996094
2012-02-29,63.07965087890625
2012-03-01,63.19374084472656
2012-03-02,62.58522415161133
2012-03-05,62.24294662475586
2012-03-06,60.25007247924805
2012-03-07,60.25007247924805
2012-03-08,61.14003372192383
2012-03-09,60.980262756347656
2012-03-12,60.44023895263672
2012-03-13,62.11366653442383
2012-03-14,62.060394287109375
2012-03-15,62.098411560058594
2012-03-16,63.300235748291016
2012-03-19,63.25456237792969
2012-03-20,62.66891098022461
2012-03-21,62.364627838134766
2012-03-22,61.17805862426758
2012-03-23,61.489898681640625
2012-03-26,62.96555709838867
2012-03-27,62.676490783691406
2012-03-28,61.46794509887695
2012-03-29,61.56739044189453
2012-03-30,61.8809928894043
2012-04-02,62.867733001708984
2012-04-03,62.53116226196289
2012-04-04,62.118099212646484
2012-04-05,62.592369079589844
2012-04-09,60.77189636230469
2012-04-10,58.523048400878906
2012-04-11,59.318565368652344
2012-04-12,60.68773651123047
2012-04-13,60.787200927734375
2012-04-16,60.863670349121094
2012-04-17,61.8809928894043
2012-04-18,61.91159439086914
2012-04-19,61.49089431762695
2012-04-20,61.888668060302734
2012-04-23,61.18496322631836
2012-04-24,61.94219970703125
2012-04-25,62.29408264160156
2012-04-26,62.95187759399414
2012-04-27,63.40318298339844
2012-04-30,62.997779846191406
2012-05-01,63.74739456176758
2012-05-02,63.81623840332031
2012-05-03,63.097198486328125
2012-05-04,61.7203483581543
2012-05-07,61.360862731933594
2012-05-08,61.605628967285156
2012-05-09,60.465919494628906
2012-05-10,60.397090911865234
2012-05-11,60.48121643066406
2012-05-14,59.15028381347656
2012-05-15,58.607200622558594
2012-05-16,56.740821838378906
2012-05-17,55.8153076171875
2012-05-18,55.98356246948242
2012-05-21,57.605186462402344
2012-05-22,57.314517974853516
2012-05-23,58.0947151184082
2012-05-24,57.88055419921875
2012-05-25,57.47515106201172
2012-05-29,58.35477828979492
2012-05-30,57.98762130737305
2012-05-31,56.50373840332031
2012-06-01,54.706180572509766
2012-06-04,53.99481964111328
2012-06-05,54.805606842041016
2012-06-06,56.22834777832031
2012-06-07,56.22834777832031
2012-06-08,56.84027099609375
2012-06-11,55.48637008666992
2012-06-12,56.6490364074707
2012-06-13,56.04477310180664
2012-06-14,57.14621353149414
2012-06-15,57.63575744628906
2012-06-18,57.28390121459961
2012-06-19,58.92082595825195
2012-06-20,58.79077911376953
2012-06-21,57.4139404296875
2012-06-22,57.773460388183594
2012-06-25,56.916751861572266
2012-06-26,58.1329460144043
2012-06-27,60.08763885498047
2012-06-28,60.21078109741211
2012-06-29,62.23475646972656
2012-07-02,61.91150665283203
2012-07-03,62.888893127441406
2012-07-05,63.08898162841797
2012-07-06,62.10390853881836
2012-07-09,61.973087310791016
2012-07-10,60.48782730102539
2012-07-11,60.14921569824219
2012-07-12,60.22618103027344
2012-07-13,59.62591552734375
2012-07-16,59.08720397949219
2012-07-17,58.44081115722656
2012-07-18,58.225303649902344
2012-07-19,58.248390197753906
2012-07-20,58.39459991455078
2012-07-23,57.832820892333984
2012-07-24,56.8477897644043
2012-07-25,56.74003601074219
2012-07-26,57.740482330322266
2012-07-27,60.10308074951172
2012-07-30,59.50278091430664
2012-07-31,59.118003845214844
2012-08-01,59.66436767578125
2012-08-02,58.80248260498047
2012-08-03,59.649009704589844
2012-08-06,60.35701370239258
2012-08-07,60.77256393432617
2012-08-08,60.92648696899414
2012-08-09,60.54938888549805
2012-08-10,61.080421447753906
2012-08-13,61.380523681640625
2012-08-14,61.665245056152344
2012-08-15,57.794349670410156
2012-08-16,58.10987854003906
2012-08-17,59.21036911010742
2012-08-20,59.94145202636719
2012-08-21,59.75675582885742
2012-08-22,59.27964401245117
2012-08-23,58.57929229736328
2012-08-24,59.002559661865234
2012-08-27,57.9251823425293
2012-08-28,56.801597595214844
2012-08-29,57.19407653808594
2012-08-30,57.3557014465332
2012-08-31,57.80203628540039
2012-09-04,57.04020309448242
2012-09-05,57.57884979248047
2012-09-06,59.28730392456055
2012-09-07,60.195411682128906
2012-09-10,59.40274429321289
2012-09-11,60.21847915649414
2012-09-12,60.634029388427734
2012-09-13,61.8499641418457
2012-09-14,63.10436248779297
2012-09-17,62.350162506103516
2012-09-18,62.573341369628906
2012-09-19,63.08898162841797
2012-09-20,63.32752990722656
2012-09-21,63.643043518066406
2012-09-24,63.83544158935547
2012-09-25,62.83503341674805
2012-09-26,63.005287170410156
2012-09-27,63.53928756713867
2012-09-28,63.82561111450195
2012-10-01,63.92621994018555
2012-10-02,63.63216781616211
2012-10-03,63.39223098754883
2012-10-04,64.104248046875
2012-10-05,64.06556701660156
2012-10-08,64.05780792236328
2012-10-09,63.2529182434082
2012-10-10,62.83503341674805
2012-10-11,63.74824523925781
2012-10-12,63.80242156982422
2012-10-15,64.41382598876953
2012-10-16,65.4431381225586
2012-10-17,66.41053009033203
2012-10-18,67.22315216064453
2012-10-19,65.77592468261719
2012-10-22,66.4724349975586
2012-10-23,65.80687713623047
2012-10-24,65.24961853027344
2012-10-25,65.54374694824219
2012-10-26,66.14740753173828
2012-10-31,66.12419891357422
2012-11-01,67.23088836669922
2012-11-02,66.24803924560547
2012-11-05,66.4724349975586
2012-11-06,66.63496398925781
2012-11-07,65.11032104492188
2012-11-08,64.69242858886719
2012-11-09,65.23418426513672
2012-11-12,66.30992889404297
2012-11-13,66.31765747070312
2012-11-14,65.58243560791016
2012-11-15,66.08547973632812
2012-11-16,65.97714233398438
2012-11-19,66.75104522705078
2012-11-20,66.54984283447266
2012-11-21,64.104248046875
2012-11-23,64.98652648925781
2012-11-26,65.36572265625
2012-11-27,65.3193130493164
2012-11-28,65.21868896484375
2012-11-29,65.67533111572266
2012-11-30,65.04841613769531
2012-12-03,64.40609741210938
2012-12-04,64.62277221679688
2012-12-05,65.19546508789062
2012-12-06,65.57469940185547
2012-12-07,66.1164779663086
2012-12-10,66.38732147216797
2012-12-11,66.1164779663086
2012-12-12,66.75104522705078
2012-12-13,66.2093276977539
2012-12-14,66.50341033935547
2012-12-17,66.84394073486328
2012-12-18,67.22315216064453
2012-12-19,66.62722778320312
2012-12-20,67.13803100585938
2012-12-21,66.70462036132812
2012-12-24,66.63496398925781
2012-12-26,66.96002960205078
2012-12-27,66.86661529541016
2012-12-28,65.78515625
2012-12-31,67.2401351928711
2013-01-02,68.46168518066406
2013-01-03,68.29051208496094
2013-01-04,68.99076080322266
2013-01-07,68.93630981445312
2013-01-08,68.22049713134766
2013-01-09,69.29420471191406
2013-01-10,69.9555435180664
2013-01-11,69.72993469238281
2013-01-14,69.91666412353516
2013-01-15,69.81551361083984
2013-01-16,69.68325805664062
2013-01-17,70.1033706665039
2013-01-18,70.77251434326172
2013-01-22,72.09523010253906
2013-01-23,72.18081665039062
2013-01-24,72.54652404785156
2013-01-25,72.72545623779297
2013-01-28,73.13003540039062
2013-01-29,73.95480346679688
2013-01-30,73.86922454833984
2013-01-31,73.1845474243164
2013-02-01,73.6435546875
2013-02-04,72.47649383544922
2013-02-05,72.6632308959961
2013-02-06,72.11858367919922
2013-02-07,71.71398162841797
2013-02-08,72.2119369506836
2013-02-11,72.53875732421875
2013-02-12,73.1144790649414
2013-02-13,70.5546646118164
2013-02-14,70.4690933227539
2013-02-15,69.8310775756836
2013-02-19,70.3134536743164
2013-02-20,68.64842224121094
2013-02-21,67.73812866210938
2013-02-22,67.79253387451172
2013-02-25,66.56324768066406
2013-02-26,67.30237579345703
2013-02-27,68.32941436767578
2013-02-28,68.33721160888672
2013-03-01,68.3838882446289
2013-03-04,68.44612121582031
2013-03-05,70.11116027832031
2013-03-06,69.4576187133789
2013-03-07,69.84659576416016
2013-03-08,70.71027374267578
2013-03-11,71.14599609375
2013-03-12,70.68692016601562
2013-03-13,71.06818389892578
2013-03-14,71.7373275756836
2013-03-15,71.7684326171875
2013-03-18,71.4416275024414
2013-03-19,70.4690933227539
2013-03-20,68.26713562011719
2013-03-21,67.60584259033203
2013-03-22,68.25160217285156
2013-03-25,67.59800720214844
2013-03-26,68.29462432861328
2013-03-27,68.44330596923828
2013-03-28,67.29279327392578
2013-04-01,66.5884017944336
2013-04-02,65.77444458007812
2013-04-03,66.3692855834961
2013-04-04,67.06584167480469
2013-04-05,67.05799865722656
2013-04-08,67.68411254882812
2013-04-09,67.84066772460938
2013-04-10,68.16940307617188
2013-04-11,68.54503631591797
2013-04-12,67.41802978515625
2013-04-15,64.92135620117188
2013-04-16,65.10136413574219
2013-04-17,64.61609649658203
2013-04-18,64.62393188476562
2013-04-19,65.32049560546875
2013-04-22,65.60225677490234
2013-04-23,66.3536148071289
2013-04-24,66.6197280883789
2013-04-25,67.3319320678711
2013-04-26,66.90930938720703
2013-04-29,69.52339172363281
2013-04-30,69.8912353515625
2013-05-01,68.69376373291016
2013-05-02,70.07904815673828
2013-05-03,70.86170196533203
2013-05-06,71.32347106933594
2013-05-07,71.7930679321289
2013-05-08,72.2783203125
2013-05-09,72.15309143066406
2013-05-10,72.23918914794922
2013-05-13,72.45833587646484
2013-05-14,73.38969421386719
2013-05-15,70.15731811523438
2013-05-16,69.96165466308594
2013-05-17,68.06763458251953
2013-05-20,68.90506744384766
2013-05-21,68.5528793334961
2013-05-22,67.95805358886719
2013-05-23,68.23197174072266
2013-05-24,67.53540802001953
2013-05-28,67.57453155517578
2013-05-29,68.36506652832031
2013-05-30,68.41203308105469
2013-05-31,68.1772232055664
2013-06-03,69.1476821899414
2013-06-04,68.2085189819336
2013-06-05,67.23018646240234
2013-06-06,67.3788833618164
2013-06-07,67.94243621826172
2013-06-10,67.46499633789062
2013-06-11,66.713623046875
2013-06-12,65.99358367919922
2013-06-13,66.99536895751953
2013-06-14,66.43190002441406
2013-06-17,66.37708282470703
2013-06-18,66.52576446533203
2013-06-19,66.5884017944336
2013-06-20,64.87440490722656
2013-06-21,64.54566192626953
2013-06-24,63.39516067504883
2013-06-25,64.52999114990234
2013-06-26,64.69541931152344
2013-06-27,65.325439453125
2013-06-28,63.986629486083984
2013-07-01,64.03388214111328
2013-07-02,63.711002349853516
2013-07-03,63.78186798095703
2013-07-05,64.13626861572266
2013-07-08,64.06539154052734
2013-07-09,66.0814437866211
2013-07-10,65.26240539550781
2013-07-11,66.34921264648438
2013-07-12,66.10508728027344
2013-07-15,66.48308563232422
2013-07-16,66.12081146240234
2013-07-17,65.83734130859375
2013-07-18,65.88458251953125
2013-07-19,66.19171905517578
2013-07-22,66.7666015625
2013-07-23,66.07359313964844
2013-07-24,65.04190826416016
2013-07-25,65.28604125976562
2013-07-26,65.21517181396484
2013-07-29,65.38053894042969
2013-07-30,65.34905242919922
2013-07-31,65.41993713378906
2013-08-01,65.40416717529297
2013-08-02,65.67979431152344
2013-08-05,65.20732879638672
2013-08-06,63.94724655151367
2013-08-07,63.78186798095703
2013-08-08,64.82929229736328
2013-08-09,64.37251281738281
2013-08-12,65.6640625
2013-08-13,66.0814437866211
2013-08-14,64.84503936767578
2013-08-15,66.43582153320312
2013-08-16,66.23896026611328
2013-08-19,66.56183624267578
2013-08-20,65.5616683959961
2013-08-21,64.97894287109375
2013-08-22,65.5616683959961
2013-08-23,65.7585678100586
2013-08-26,66.75871276855469
2013-08-27,65.7428207397461
2013-08-28,66.24684143066406
2013-08-29,65.99484252929688
2013-08-30,65.86881256103516
2013-09-03,66.19956970214844
2013-09-04,66.53035736083984
2013-09-05,65.01039123535156
2013-09-06,65.05767059326172
2013-09-09,66.05780029296875
2013-09-10,66.29408264160156
2013-09-11,66.39649200439453
2013-09-12,65.51443481445312
2013-09-13,64.96314239501953
2013-09-16,65.79006958007812
2013-09-17,65.92391204833984
2013-09-18,66.55396270751953
2013-09-19,67.01863098144531
2013-09-20,66.01058197021484
2013-09-23,66.16019439697266
2013-09-24,66.35707092285156
2013-09-25,66.65634155273438
2013-09-26,65.82441711425781
2013-09-27,65.26190185546875
2013-09-30,64.48543548583984
2013-10-01,65.14305114746094
2013-10-02,65.20645141601562
2013-10-03,65.04004669189453
2013-10-04,65.40450286865234
2013-10-07,65.33317565917969
2013-10-08,65.1351318359375
2013-10-09,65.44412994384766
2013-10-10,65.69766998291016
2013-10-11,65.21435546875
2013-10-14,65.84030151367188
2013-10-15,65.25393676757812
2013-10-16,65.73724365234375
2013-10-17,66.27601623535156
2013-10-18,66.70391082763672
2013-10-21,66.68803405761719
2013-10-22,66.981201171875
2013-10-23,66.61675262451172
2013-10-24,66.77518463134766
2013-10-25,66.19679260253906
2013-10-28,66.13341522216797
2013-10-29,65.48372650146484
2013-10-30,65.1351318359375
2013-10-31,64.84196472167969
2013-11-01,64.68350982666016
2013-11-04,64.80236053466797
2013-11-05,64.81029510498047
2013-11-06,64.81029510498047
2013-11-07,64.6201400756836
2013-11-08,64.57258605957031
2013-11-11,64.85784149169922
2013-11-12,65.0638427734375
2013-11-13,65.63429260253906
2013-11-14,65.64220428466797
2013-11-15,65.62635040283203
2013-11-18,66.28398132324219
2013-11-19,65.61050415039062
2013-11-20,66.96534729003906
2013-11-21,66.43451690673828
2013-11-22,67.16339874267578
2013-11-25,67.09211730957031
2013-11-26,66.42657470703125
2013-11-27,66.39488220214844
2013-11-29,66.74349975585938
2013-12-02,66.45034790039062
2013-12-03,65.5312728881836
2013-12-04,67.64672088623047
2013-12-05,67.2347183227539
2013-12-06,67.59919738769531
2013-12-09,69.08872985839844
2013-12-10,69.7542495727539
2013-12-11,69.15210723876953
2013-12-12,68.80350494384766
2013-12-13,69.07283020019531
2013-12-16,70.41184997558594
2013-12-17,69.96025085449219
2013-12-18,70.8396987915039
2013-12-19,70.8396987915039
2013-12-20,71.37055206298828
2013-12-23,71.81424713134766
2013-12-24,71.98853302001953
2013-12-26,72.19454193115234
2013-12-27,72.26626586914062
2013-12-30,72.36187744140625
2013-12-31,72.76823425292969
2014-01-02,71.91565704345703
2014-01-03,72.23438262939453
2014-01-06,71.63678741455078
2014-01-07,71.95550537109375
2014-01-08,71.18263244628906
2014-01-09,70.89581298828125
2014-01-10,71.51727294921875
2014-01-13,71.31812286376953
2014-01-14,71.46949005126953
2014-01-15,71.54915618896484
2014-01-16,71.57306671142578
2014-01-17,71.19062805175781
2014-01-21,71.21452331542969
2014-01-22,70.64085388183594
2014-01-23,70.0193862915039
2014-01-24,68.16292572021484
2014-01-27,68.52944946289062
2014-01-28,68.99153900146484
2014-01-29,68.46570587158203
2014-01-30,68.98357391357422
2014-01-31,68.48957061767578
2014-02-03,67.54943084716797
2014-02-04,67.81233978271484
2014-02-05,67.48566436767578
2014-02-06,68.06732177734375
2014-02-07,68.9676742553711
2014-02-10,69.60507202148438
2014-02-11,69.68473052978516
2014-02-12,69.2385482788086
2014-02-13,68.40196228027344
2014-02-14,68.39396667480469
2014-02-18,67.80435943603516
2014-02-19,67.15900421142578
2014-02-20,67.82032012939453
2014-02-21,67.47771453857422
2014-02-24,67.56533813476562
2014-02-25,66.9677963256836
2014-02-26,67.20681762695312
2014-02-27,67.7008056640625
2014-02-28,68.46570587158203
2014-03-03,69.28636932373047
2014-03-04,69.0234375
2014-03-05,69.25450134277344
2014-03-06,70.29824829101562
2014-03-07,70.75240325927734
2014-03-10,70.52928161621094
2014-03-11,70.9993896484375
2014-03-12,70.78426361083984
2014-03-13,70.09906768798828
2014-03-14,69.47758483886719
2014-03-17,69.7086410522461
2014-03-18,69.85206604003906
2014-03-19,69.54928588867188
2014-03-20,69.77238464355469
2014-03-21,71.5810317993164
2014-03-24,70.52134704589844
2014-03-25,70.9914321899414
2014-03-26,70.3779296875
2014-03-27,70.40997314453125
2014-03-28,71.1231918334961
2014-03-31,72.76606750488281
2014-04-01,73.23887634277344
2014-04-02,73.64759826660156
2014-04-03,73.77580261230469
2014-04-04,73.59149169921875
2014-04-07,73.0465316772461
2014-04-08,74.16046905517578
2014-04-09,74.83365631103516
2014-04-10,74.32073211669922
2014-04-11,73.73575592041016
2014-04-14,74.08030700683594
2014-04-15,74.00020599365234
2014-04-16,74.6493148803711
2014-04-17,74.84966278076172
2014-04-21,74.62528991699219
2014-04-22,74.80156707763672
2014-04-23,74.98590850830078
2014-04-24,75.24234771728516
2014-04-25,74.64132690429688
2014-04-28,74.34477233886719
2014-04-29,75.11410522460938
2014-04-30,74.80156707763672
2014-05-01,74.70540618896484
2014-05-02,74.46501159667969
2014-05-05,74.2806625366211
2014-05-06,74.34477233886719
2014-05-07,75.7552261352539
2014-05-08,75.55487823486328
2014-05-09,75.60294342041016
2014-05-12,75.05005645751953
2014-05-13,75.0179443359375
2014-05-14,73.48729705810547
2014-05-15,73.09463500976562
2014-05-16,73.14270782470703
2014-05-19,72.66185760498047
2014-05-20,72.0848617553711
2014-05-21,72.10890197753906
2014-05-22,72.1169204711914
2014-05-23,72.10890197753906
2014-05-27,72.86223602294922
2014-05-28,72.85417175292969
2014-05-29,73.00647735595703
2014-05-30,73.06258392333984
2014-06-02,73.07057189941406
2014-06-03,72.79811096191406
2014-06-04,72.79811096191406
2014-06-05,73.16676330566406
2014-06-06,73.96812438964844
2014-06-09,74.52909088134766
2014-06-10,74.08832550048828
2014-06-11,73.26289367675781
2014-06-12,72.50159454345703
2014-06-13,72.50159454345703
2014-06-16,72.42147064208984
2014-06-17,72.60576629638672
2014-06-18,73.0785903930664
2014-06-19,73.39112091064453
2014-06-20,73.7597885131836
2014-06-23,73.23887634277344
2014-06-24,72.62982177734375
2014-06-25,72.71798706054688
2014-06-26,72.93578338623047
2014-06-27,73.26654052734375
2014-06-30,73.0487060546875
2014-07-01,72.66956329345703
2014-07-02,72.88739013671875
2014-07-03,73.71829986572266
2014-07-07,73.24235534667969
2014-07-08,72.70182800292969
2014-07-09,71.92739868164062
2014-07-10,71.08839416503906
2014-07-11,71.41917419433594
2014-07-14,71.40303039550781
2014-07-15,71.443359375
2014-07-16,72.16131591796875
2014-07-17,70.53173065185547
2014-07-18,70.69309997558594
2014-07-21,70.7011947631836
2014-07-22,71.31427001953125
2014-07-23,70.54788970947266
2014-07-24,70.16871643066406
2014-07-25,69.51527404785156
2014-07-28,69.38623809814453
2014-07-29,69.24099731445312
2014-07-30,68.91830444335938
2014-07-31,68.66016387939453
2014-08-01,68.53912353515625
2014-08-04,68.78922271728516
2014-08-05,68.80538177490234
2014-08-06,68.90213012695312
2014-08-07,68.8698959350586
2014-08-08,70.16871643066406
2014-08-11,70.31395721435547
2014-08-12,69.765380859375
2014-08-13,68.15998840332031
2014-08-14,68.4826889038086
2014-08-15,68.41007995605469
2014-08-18,69.46688842773438
2014-08-19,69.14420318603516
2014-08-20,69.27326965332031
2014-08-21,69.54753875732422
2014-08-22,68.3778076171875
2014-08-25,68.66016387939453
2014-08-26,67.84535217285156
2014-08-27,67.64368438720703
2014-08-28,67.74050903320312
2014-08-29,67.83731842041016
2014-09-02,67.57914733886719
2014-09-03,67.0951156616211
2014-09-04,67.04670715332031
2014-09-05,66.78856658935547
2014-09-08,66.90150451660156
2014-09-09,66.35294342041016
2014-09-10,66.13512420654297
2014-09-11,66.21578979492188
2014-09-12,66.11092376708984
2014-09-15,66.6998519897461
2014-09-16,66.90150451660156
2014-09-17,67.41778564453125
2014-09-18,67.88570404052734
2014-09-19,67.47428131103516
2014-09-22,67.55492401123047
2014-09-23,67.21611785888672
2014-09-24,67.57914733886719
2014-09-25,67.06285095214844
2014-09-26,67.30662536621094
2014-09-29,66.90843200683594
2014-09-30,66.62403106689453
2014-10-01,66.26651763916016
2014-10-02,66.39653778076172
2014-10-03,66.76217651367188
2014-10-06,67.31474304199219
2014-10-07,65.0151138305664
2014-10-08,66.07147979736328
2014-10-09,65.94149017333984
2014-10-10,65.8033218383789
2014-10-13,66.3477783203125
2014-10-14,68.54988098144531
2014-10-15,69.01306915283203
2014-10-16,68.35484313964844
2014-10-17,67.68040466308594
2014-10-20,66.79467010498047
2014-10-21,68.07860565185547
2014-10-22,67.78604888916016
2014-10-23,69.20809173583984
2014-10-24,69.4193344116211
2014-10-27,68.72865295410156
2014-10-28,69.46810913085938
2014-10-29,69.19184112548828
2014-10-30,69.25684356689453
2014-10-31,69.50875091552734
2014-11-03,69.0699462890625
2014-11-04,68.70427703857422
2014-11-05,69.04557800292969
2014-11-06,71.32080078125
2014-11-07,72.04399108886719
2014-11-10,71.9465103149414
2014-11-11,71.87335205078125
2014-11-12,71.72710418701172
2014-11-13,71.06890106201172
2014-11-14,71.11766815185547
2014-11-17,70.54073333740234
2014-11-18,70.93074798583984
2014-11-19,70.15068817138672
2014-11-20,69.3705825805664
2014-11-21,70.7519760131836
2014-11-24,71.11766815185547
2014-11-25,71.33705139160156
2014-11-26,70.6869888305664
2014-11-28,70.3863296508789
2014-12-01,72.7916030883789
2014-12-02,71.75961303710938
2014-12-03,73.27912902832031
2014-12-04,72.78345489501953
2014-12-05,72.9134750366211
2014-12-08,72.19026184082031
2014-12-09,72.48279571533203
2014-12-10,71.11766815185547
2014-12-11,71.49954986572266
2014-12-12,70.2156753540039
2014-12-15,71.0770263671875
2014-12-16,71.34518432617188
2014-12-17,72.10900115966797
2014-12-18,72.75906372070312
2014-12-19,73.21411895751953
2014-12-22,73.32789611816406
2014-12-23,73.8235855102539
2014-12-24,73.34416961669922
2014-12-26,73.32789611816406
2014-12-29,73.73692321777344
2014-12-30,73.1806411743164
2014-12-31,72.37080383300781
2015-01-02,72.26444244384766
2015-01-05,70.7183837890625
2015-01-06,70.12942504882812
2015-01-07,69.82674407958984
2015-01-08,70.75108337402344
2015-01-09,70.06398010253906
2015-01-12,69.9003677368164
2015-01-13,70.26032257080078
2015-01-14,70.7429428100586
2015-01-15,71.33190155029297
2015-01-16,71.41372680664062
2015-01-20,71.2746353149414
2015-01-21,71.68366241455078
2015-01-22,73.22156524658203
2015-01-23,72.27262878417969
2015-01-26,72.33810424804688
2015-01-27,70.38299560546875
2015-01-28,69.18868255615234
2015-01-29,70.27667999267578
2015-01-30,69.68769073486328
2015-02-02,70.87381744384766
2015-02-03,72.50166320800781
2015-02-04,72.54259490966797
2015-02-05,72.90251159667969
2015-02-06,72.78800964355469
2015-02-09,72.7634506225586
2015-02-10,72.5998306274414
2015-02-11,72.65714263916016
2015-02-12,73.1070327758789
2015-02-13,73.65509796142578
2015-02-17,73.55691528320312
2015-02-18,75.8719711303711
2015-02-19,75.02119445800781
2015-02-20,75.6102066040039
2015-02-23,74.42404174804688
2015-02-24,74.84942626953125
2015-02-25,74.94760131835938
2015-02-26,74.58765411376953
2015-02-27,74.11319732666016
2015-03-02,74.46495819091797
2015-03-03,74.66128540039062
2015-03-04,73.99049377441406
2015-03-05,73.99871063232422
2015-03-06,73.83506774902344
2015-03-09,75.2748031616211
2015-03-10,74.43220520019531
2015-03-11,73.8105239868164
2015-03-12,73.76962280273438
2015-03-13,73.2052001953125
2015-03-16,72.91886901855469
2015-03-17,72.50166320800781
2015-03-18,73.06612396240234
2015-03-19,72.05177307128906
2015-03-20,72.9516372680664
2015-03-23,73.1233901977539
2015-03-24,72.37080383300781
2015-03-25,72.23175811767578
2015-03-26,71.99452209472656
2015-03-27,72.03567504882812
2015-03-30,72.98287963867188
2015-03-31,72.22515869140625
2015-04-01,72.15101623535156
2015-04-02,72.4640121459961
2015-04-06,72.87580871582031
2015-04-07,72.84285736083984
2015-04-08,72.35690307617188
2015-04-09,72.85110473632812
2015-04-10,73.36175537109375
2015-04-13,72.48047637939453
2015-04-14,72.41454315185547
2015-04-15,73.58414459228516
2015-04-16,73.25470733642578
2015-04-17,72.07688903808594
2015-04-20,73.22172546386719
2015-04-21,72.41454315185547
2015-04-22,72.5628433227539
2015-04-23,72.96642303466797
2015-04-24,72.8016586303711
2015-04-27,73.24642944335938
2015-04-28,73.2135009765625
2015-04-29,74.0206527709961
2015-04-30,74.55604553222656
2015-05-01,75.27261352539062
2015-05-04,74.86077880859375
2015-05-05,74.2430648803711
2015-05-06,74.10302734375
2015-05-07,73.82299041748047
2015-05-08,74.03714752197266
2015-05-11,75.06668853759766
2015-05-12,74.46543884277344
2015-05-13,74.65485382080078
2015-05-14,75.94799041748047
2015-05-15,73.41116333007812
2015-05-18,73.452392578125
2015-05-19,73.44412231445312
2015-05-20,73.28764343261719
2015-05-21,73.68296813964844
2015-05-22,76.88695526123047
2015-05-26,77.25757598876953
2015-05-27,77.71885681152344
2015-05-28,77.01049041748047
2015-05-29,77.15872192382812
2015-06-01,76.3021469116211
2015-06-02,76.39276885986328
2015-06-03,76.38450622558594
2015-06-04,75.66797637939453
2015-06-05,75.88208770751953
2015-06-08,75.45381164550781
2015-06-09,75.65148162841797
2015-06-10,76.54927062988281
2015-06-11,76.77163696289062
2015-06-12,76.23624420166016
2015-06-15,76.15390014648438
2015-06-16,75.87385559082031
2015-06-17,75.98092651367188
2015-06-18,76.26923370361328
2015-06-19,76.23624420166016
2015-06-22,77.0516586303711
2015-06-23,77.15872192382812
2015-06-24,77.42232513427734
2015-06-25,77.42232513427734
2015-06-26,79.94229125976562
2015-06-29,78.7154312133789
2015-06-30,80.44790649414062
2015-07-01,79.7350082397461
2015-07-02,79.86767578125
2015-07-06,79.2210922241211
2015-07-07,79.80963897705078
2015-07-08,78.7154312133789
2015-07-09,78.3672866821289
2015-07-10,78.88951110839844
2015-07-13,79.80133819580078
2015-07-14,79.90911865234375
2015-07-15,80.00857543945312
2015-07-16,80.68002319335938
2015-07-17,80.3816146850586
2015-07-20,79.7599105834961
2015-07-21,79.17135620117188
2015-07-22,78.59938049316406
2015-07-23,77.3062515258789
2015-07-24,76.6099853515625
2015-07-27,75.64009857177734
2015-07-28,76.65141296386719
2015-07-29,77.61295318603516
2015-07-30,77.51349639892578
2015-07-31,78.39217376708984
2015-08-03,77.43888092041016
2015-08-04,77.18193817138672
2015-08-05,79.17964935302734
2015-08-06,79.24595642089844
2015-08-07,79.45319366455078
2015-08-10,80.52252197265625
2015-08-11,79.77648162841797
2015-08-12,77.6212387084961
2015-08-13,77.1736068725586
2015-08-14,78.2015151977539
2015-08-17,78.06886291503906
2015-08-18,77.84506225585938
2015-08-19,76.24523162841797
2015-08-20,75.14273071289062
2015-08-21,69.04180908203125
2015-08-24,66.95291137695312
2015-08-25,65.56028747558594
2015-08-26,67.3342056274414
2015-08-27,68.2957763671875
2015-08-28,68.36207580566406
2015-08-31,67.79009246826172
2015-09-01,66.31462860107422
2015-09-02,66.96118927001953
2015-09-03,67.13523864746094
2015-09-04,65.66804504394531
2015-09-08,66.39750671386719
2015-09-09,65.95817565917969
2015-09-10,66.37264251708984
2015-09-11,65.69293975830078
2015-09-14,66.0493392944336
2015-09-15,67.48339080810547
2015-09-16,67.43365478515625
2015-09-17,66.67105102539062
2015-09-18,65.93331146240234
2015-09-21,65.61830139160156
2015-09-22,65.35305786132812
2015-09-23,64.3997573852539
2015-09-24,62.799930572509766
2015-09-25,62.84138870239258
2015-09-28,61.62984848022461
2015-09-29,61.51287078857422
2015-09-30,61.83037185668945
2015-10-01,60.902915954589844
2015-10-02,61.47110366821289
2015-10-05,65.34803771972656
2015-10-06,65.54019927978516
2015-10-07,65.91619873046875
2015-10-08,67.6039810180664
2015-10-09,66.73503112792969
2015-10-12,65.5318374633789
2015-10-13,64.27853393554688
2015-10-14,63.73543167114258
2015-10-15,63.693626403808594
2015-10-16,63.5014762878418
2015-10-19,63.476409912109375
2015-10-20,63.827327728271484
2015-10-21,64.04458618164062
2015-10-22,66.30054473876953
2015-10-23,67.06088256835938
2015-10-26,64.76314544677734
2015-10-27,63.60172653198242
2015-10-28,65.96632385253906
2015-10-29,65.37307739257812
2015-10-30,65.17257690429688
2015-11-02,67.00240325927734
2015-11-03,66.45928955078125
2015-11-04,65.37307739257812
2015-11-05,65.11407470703125
2015-11-06,64.76314544677734
2015-11-09,63.70198440551758
2015-11-10,63.72706604003906
2015-11-11,62.70768356323242
2015-11-12,61.220420837402344
2015-11-13,62.37348937988281
2015-11-16,62.42361831665039
2015-11-17,61.66326904296875
2015-11-18,62.26485061645508
2015-11-19,62.61577606201172
2015-11-20,63.066986083984375
2015-11-23,62.34006118774414
2015-11-24,63.78551483154297
2015-11-25,66.8436508178711
2015-11-27,66.08330535888672
2015-11-30,66.48436737060547
2015-12-01,66.41754150390625
2015-12-02,66.28384399414062
2015-12-03,65.42324829101562
2015-12-04,66.5010757446289
2015-12-07,66.09164428710938
2015-12-08,66.21699523925781
2015-12-09,66.20863342285156
2015-12-10,65.67386627197266
2015-12-11,64.470703125
2015-12-14,65.95796966552734
2015-12-15,64.54589080810547
2015-12-16,65.3313217163086
2015-12-17,64.2618408203125
2015-12-18,62.640872955322266
2015-12-21,63.2591552734375
2015-12-22,64.8299789428711
2015-12-23,66.19193267822266
2015-12-24,65.83265686035156
2015-12-28,65.1474838256836
2015-12-29,65.37483215332031
2015-12-30,65.25695037841797
2015-12-31,64.22126770019531
2016-01-04,64.06127166748047
2016-01-05,64.43177032470703
2016-01-06,63.707637786865234
2016-01-07,63.143463134765625
2016-01-08,62.107784271240234
2016-01-11,62.436187744140625
2016-01-12,62.74770736694336
2016-01-13,61.65308380126953
2016-01-14,61.973052978515625
2016-01-15,61.56889724731445
2016-01-19,61.01316452026367
2016-01-20,60.62580490112305
2016-01-21,61.493106842041016
2016-01-22,62.82350540161133
2016-01-25,60.44055938720703
2016-01-26,61.947811126708984
2016-01-27,61.99829864501953
2016-01-28,62.99189758300781
2016-01-29,64.84436798095703
2016-02-01,64.66752624511719
2016-02-02,62.7982177734375
2016-02-03,63.49714660644531
2016-02-04,66.26738739013672
2016-02-05,66.03163146972656
2016-02-08,64.89488220214844
2016-02-09,65.74533081054688
2016-02-10,65.18119049072266
2016-02-11,64.33914184570312
2016-02-12,65.90532684326172
2016-02-16,67.2020263671875
2016-02-17,68.5661392211914
2016-02-18,67.63987731933594
2016-02-19,64.83595275878906
2016-02-22,66.01477813720703
2016-02-23,64.95382690429688
2016-02-24,66.5199966430664
2016-02-25,67.02519989013672
2016-02-26,66.91573333740234
2016-02-29,67.51358032226562
2016-03-01,68.24615478515625
2016-03-02,68.91134643554688
2016-03-03,70.45223999023438
2016-03-04,71.4710922241211
2016-03-07,72.14470672607422
2016-03-08,70.60381317138672
2016-03-09,69.92178344726562
2016-03-10,69.36603546142578
2016-03-11,69.84599304199219
2016-03-14,68.91975402832031
2016-03-15,67.90933990478516
2016-03-16,68.54926300048828
2016-03-17,69.93860626220703
2016-03-18,69.57655334472656
2016-03-21,69.65230560302734
2016-03-22,69.26502227783203
2016-03-23,68.06932067871094
2016-03-24,67.56411743164062
2016-03-28,67.50515747070312
2016-03-29,68.2941665649414
2016-03-30,67.9717788696289
2016-03-31,65.31634521484375
2016-04-01,64.90066528320312
2016-04-04,64.3916015625
2016-04-05,64.5358657836914
2016-04-06,64.764892578125
2016-04-07,64.62916564941406
2016-04-08,64.73944854736328
2016-04-11,64.26438903808594
2016-04-12,64.98548889160156
2016-04-13,66.56346893310547
2016-04-14,65.88477325439453
2016-04-15,65.69812774658203
2016-04-18,66.4447021484375
2016-04-19,69.8720932006836
2016-04-20,71.48403930664062
2016-04-21,70.24540710449219
2016-04-22,70.24540710449219
2016-04-25,69.91455841064453
2016-04-26,70.77137756347656
2016-04-27,71.86579895019531
2016-04-28,71.20407104492188
2016-04-29,71.35677337646484
2016-05-02,71.50950622558594
2016-05-03,70.7544174194336
2016-05-04,69.71942138671875
2016-05-05,68.88800811767578
2016-05-06,69.10010528564453
2016-05-09,68.36203002929688
2016-05-10,71.10226440429688
2016-05-11,71.17863464355469
2016-05-12,71.3907241821289
2016-05-13,69.9654541015625
2016-05-16,70.94955444335938
2016-05-17,70.58476257324219
2016-05-18,70.07574462890625
2016-05-19,69.77880096435547
2016-05-20,65.95263671875
2016-05-23,66.07139587402344
2016-05-24,67.56454467773438
2016-05-25,68.28565216064453
2016-05-26,68.09901428222656
2016-05-27,68.2941665649414
2016-05-31,69.81272888183594
2016-06-01,70.27084350585938
2016-06-02,71.31436157226562
2016-06-03,72.59541320800781
2016-06-06,74.21580505371094
2016-06-07,74.07158660888672
2016-06-08,73.96128845214844
2016-06-09,73.76615142822266
2016-06-10,72.68025207519531
2016-06-13,72.38334655761719
2016-06-14,72.2391128540039
2016-06-15,71.96760559082031
2016-06-16,72.21363067626953
2016-06-17,72.96021270751953
2016-06-20,72.61236572265625
2016-06-21,71.3398208618164
2016-06-22,71.19560241699219
2016-06-23,71.50950622558594
2016-06-24,69.32918548583984
2016-06-27,68.36203002929688
2016-06-28,69.55863189697266
2016-06-29,69.6697769165039
2016-06-30,69.26802062988281
2016-07-01,69.14838409423828
2016-07-05,67.66967010498047
2016-07-06,67.92610931396484
2016-07-07,67.84060668945312
2016-07-08,69.20819091796875
2016-07-11,69.22529602050781
2016-07-12,70.44759368896484
2016-07-13,70.90913391113281
2016-07-14,71.49037170410156
2016-07-15,71.29377746582031
2016-07-18,71.64419555664062
2016-07-19,71.16555786132812
2016-07-20,70.78092956542969
2016-07-21,70.27662658691406
2016-07-22,68.481689453125
2016-07-25,66.60124969482422
2016-07-26,67.51582336425781
2016-07-27,67.05426788330078
2016-07-28,66.81494903564453
2016-07-29,66.4217529296875
2016-08-01,66.40467834472656
2016-08-02,66.41322326660156
2016-08-03,66.93463134765625
2016-08-04,66.44740295410156
2016-08-05,66.96025085449219
2016-08-08,67.45599365234375
2016-08-09,67.43034362792969
2016-08-10,66.7978515625
2016-08-11,66.66110229492188
2016-08-12,65.81490325927734
2016-08-15,66.90897369384766
2016-08-16,66.7978515625
2016-08-17,66.18243408203125
2016-08-18,65.76363372802734
2016-08-19,74.63580322265625
2016-08-22,75.18284606933594
2016-08-23,75.29395294189453
2016-08-24,74.72125244140625
2016-08-25,74.61016082763672
2016-08-26,74.1400146484375
2016-08-29,74.30244445800781
2016-08-30,73.26820373535156
2016-08-31,72.2681884765625
2016-09-01,71.4134521484375
2016-09-02,71.8408203125
2016-09-06,72.19979858398438
2016-09-07,71.815185546875
2016-09-08,71.43909454345703
2016-09-09,70.28520965576172
2016-09-12,71.02027130126953
2016-09-13,69.310791015625
2016-09-14,68.8663101196289
2016-09-15,69.7552490234375
2016-09-16,70.04581451416016
2016-09-19,70.18262481689453
2016-09-20,70.49032592773438
2016-09-21,70.98609161376953
2016-09-22,71.93482971191406
2016-09-23,71.23394775390625
2016-09-26,71.43909454345703
2016-09-27,70.98609161376953
2016-09-28,72.39806365966797
2016-09-29,72.20003509521484
2016-09-30,73.48284149169922
2016-10-03,73.48284149169922
2016-10-04,72.9232406616211
2016-10-05,73.28482055664062
2016-10-06,73.43119049072266
2016-10-07,74.30075073242188
2016-10-10,75.32530975341797
2016-10-11,74.94646453857422
2016-10-12,74.85173797607422
2016-10-13,74.33518981933594
2016-10-14,74.38688659667969
2016-10-17,74.44710540771484
2016-10-18,74.56761932373047
2016-10-19,74.52461242675781
2016-10-20,74.1371841430664
2016-10-21,74.41268157958984
2016-10-24,74.64510345458984
2016-10-25,74.49017333984375
2016-10-26,74.93785858154297
2016-10-27,74.9034194946289
2016-10-28,75.04978942871094
2016-10-31,76.022705078125
2016-11-01,75.84188842773438
2016-11-02,75.90214538574219
2016-11-03,76.022705078125
2016-11-04,75.81604766845703
2016-11-07,76.6253433227539
2016-11-08,76.6167221069336
2016-11-09,77.58100891113281
2016-11-10,78.08895874023438
2016-11-11,78.433349609375
2016-11-14,78.88105773925781
2016-11-15,78.56251525878906
2016-11-16,78.56251525878906
2016-11-17,79.01021575927734
2016-11-18,79.17378997802734
2016-11-21,79.46650695800781
2016-11-22,79.21684265136719
2016-11-23,87.96415710449219
2016-11-25,89.47087860107422
2016-11-28,87.55952453613281
2016-11-29,86.39722442626953
2016-11-30,86.26808166503906
2016-12-01,88.42049407958984
2016-12-02,87.3873519897461
2016-12-05,87.2065200805664
2016-12-06,88.2655029296875
2016-12-07,88.55824279785156
2016-12-08,89.47087860107422
2016-12-09,89.21257781982422
2016-12-12,88.17939758300781
2016-12-13,87.240966796875
2016-12-14,86.5694351196289
2016-12-15,87.3012466430664
2016-12-16,87.61117553710938
2016-12-19,88.03306579589844
2016-12-20,89.22977447509766
2016-12-21,88.75626373291016
2016-12-22,88.75626373291016
2016-12-23,88.78209686279297
2016-12-27,89.45364379882812
2016-12-28,89.54890441894531
2016-12-29,89.37569427490234
2016-12-30,89.22846984863281
2017-01-03,90.10308074951172
2017-01-04,91.6358642578125
2017-01-05,91.22884368896484
2017-01-06,92.2160415649414
2017-01-09,91.09030151367188
2017-01-10,90.83050537109375
2017-01-11,91.54058837890625
2017-01-12,91.0729751586914
2017-01-13,91.60989379882812
2017-01-17,90.35421752929688
2017-01-18,91.13361358642578
2017-01-19,90.94308471679688
2017-01-20,92.43253326416016
2017-01-23,92.76160430908203
2017-01-24,93.23787689208984
2017-01-25,93.57561492919922
2017-01-26,93.20323181152344
2017-01-27,93.51496887207031
2017-01-30,92.70964813232422
2017-01-31,92.70099639892578
2017-02-01,92.7875747680664
2017-02-02,93.0300521850586
2017-02-03,93.51496887207031
2017-02-06,93.57561492919922
2017-02-07,94.18177032470703
2017-02-08,93.87870025634766
2017-02-09,94.49354553222656
2017-02-10,95.46341705322266
2017-02-13,95.90502166748047
2017-02-14,95.29886627197266
2017-02-15,94.49354553222656
2017-02-16,94.53682708740234
2017-02-17,95.4893798828125
2017-02-21,94.91785430908203
2017-02-22,94.95248413085938
2017-02-23,93.28984069824219
2017-02-24,94.06056213378906
2017-02-27,94.83126068115234
2017-02-28,94.81391906738281
2017-03-01,96.31205749511719
2017-03-02,94.85722351074219
2017-03-03,95.97432708740234
2017-03-06,95.98298645019531
2017-03-07,95.46341705322266
2017-03-08,95.66253662109375
2017-03-09,94.89186096191406
2017-03-10,95.18628692626953
2017-03-13,95.15166473388672
2017-03-14,94.57145690917969
2017-03-15,95.939697265625
2017-03-16,95.8877182006836
2017-03-17,95.64523315429688
2017-03-20,96.01761627197266
2017-03-21,94.91785430908203
2017-03-22,95.05641174316406
2017-03-23,94.84857940673828
2017-03-24,94.37229919433594
2017-03-27,92.79624938964844
2017-03-28,93.80939483642578
2017-03-29,94.20125579833984
2017-03-30,95.06336212158203
2017-03-31,94.79339599609375
2017-04-03,94.72373962402344
2017-04-04,95.35069274902344
2017-04-05,95.13301849365234
2017-04-06,96.16923522949219
2017-04-07,95.1939697265625
2017-04-10,95.46393585205078
2017-04-11,96.79621124267578
2017-04-12,95.22006225585938
2017-04-13,94.04451751708984
2017-04-17,94.74114990234375
2017-04-18,94.45377349853516
2017-04-19,94.23611450195312
2017-04-20,94.74114990234375
2017-04-21,93.64395904541016
2017-04-24,96.0037841796875
2017-04-25,98.52904510498047
2017-04-26,98.006591796875
2017-04-27,96.81359100341797
2017-04-28,97.18804168701172
2017-05-01,97.50154113769531
2017-05-02,96.5959243774414
2017-05-03,96.4740219116211
2017-05-04,97.55376434326172
2017-05-05,98.49421691894531
2017-05-08,98.0849838256836
2017-05-09,98.90348052978516
2017-05-10,98.87738800048828
2017-05-11,98.8077163696289
2017-05-12,98.49421691894531
2017-05-15,99.09506225585938
2017-05-16,99.96585083007812
2017-05-17,98.59870910644531
2017-05-18,98.11109924316406
2017-05-19,105.27762603759766
2017-05-22,105.98297119140625
2017-05-23,106.34869384765625
2017-05-24,106.9146957397461
2017-05-25,106.60990905761719
2017-05-26,106.92339324951172
2017-05-30,106.46188354492188
2017-05-31,106.63605499267578
2017-06-01,108.58661651611328
2017-06-02,108.76946258544922
2017-06-05,109.13516998291016
2017-06-06,108.89137268066406
2017-06-07,109.10034942626953
2017-06-08,109.71859741210938
2017-06-09,109.67505645751953
2017-06-12,109.71859741210938
2017-06-13,110.08434295654297
2017-06-14,110.09305572509766
2017-06-15,110.04081726074219
2017-06-16,111.37309265136719
2017-06-19,110.5806884765625
2017-06-20,109.7534408569336
2017-06-21,108.65628051757812
2017-06-22,107.85514831542969
2017-06-23,107.62873077392578
2017-06-26,107.41104888916016
2017-06-27,106.23545837402344
2017-06-28,108.04692077636719
2017-06-29,106.6817626953125
2017-06-30,108.15190124511719
2017-07-03,109.34203338623047
2017-07-05,109.91083526611328
2017-07-06,109.46453857421875
2017-07-07,110.8209228515625
2017-07-10,112.13358306884766
2017-07-11,112.06354522705078
2017-07-12,108.05567169189453
2017-07-13,108.87824249267578
2017-07-14,109.79706573486328
2017-07-17,110.15586853027344
2017-07-18,110.33964538574219
2017-07-19,110.53215789794922
2017-07-20,109.91083526611328
2017-07-21,110.04210662841797
2017-07-24,110.74217224121094
2017-07-25,111.92353057861328
2017-07-26,111.85354614257812
2017-07-27,112.39610290527344
2017-07-28,112.80738830566406
2017-07-31,112.25609588623047
2017-08-01,112.90367889404297
2017-08-02,112.86864471435547
2017-08-03,113.33243560791016
2017-08-04,113.54248809814453
2017-08-07,113.7262191772461
2017-08-08,115.5289077758789
2017-08-09,115.8702163696289
2017-08-10,111.81854248046875
2017-08-11,110.87344360351562
2017-08-14,112.50985717773438
2017-08-15,111.29349517822266
2017-08-16,110.81217956542969
2017-08-17,108.49320983886719
2017-08-18,102.65637969970703
2017-08-21,101.96505737304688
2017-08-22,102.80513763427734
2017-08-23,101.90380096435547
2017-08-24,101.01996612548828
2017-08-25,101.3699951171875
2017-08-28,101.47502136230469
2017-08-29,101.41377258300781
2017-08-30,101.063720703125
2017-08-31,101.44876098632812
2017-09-01,101.63253021240234
2017-09-05,101.0987319946289
2017-09-06,101.70252227783203
2017-09-07,101.79878234863281
2017-09-08,102.64763641357422
2017-09-11,103.19894409179688
2017-09-12,102.61263275146484
2017-09-13,102.7088623046875
2017-09-14,103.58397674560547
2017-09-15,104.14402770996094
2017-09-18,104.91410064697266
2017-09-19,107.70564270019531
2017-09-20,108.46695709228516
2017-09-21,109.1932601928711
2017-09-22,108.29190063476562
2017-09-25,108.30944061279297
2017-09-26,107.88065338134766
2017-09-27,107.91563415527344
2017-09-28,108.74224090576172
2017-09-29,110.43940734863281
2017-10-02,111.93433380126953
2017-10-03,112.64663696289062
2017-10-04,112.84889221191406
2017-10-05,112.56748962402344
2017-10-06,112.67304992675781
2017-10-09,113.12149047851562
2017-10-10,112.77854919433594
2017-10-11,112.35643768310547
2017-10-12,112.9983901977539
2017-10-13,112.47955322265625
2017-10-16,112.31248474121094
2017-10-17,113.16545104980469
2017-10-18,113.19184112548828
2017-10-19,113.01597595214844
2017-10-20,113.56995391845703
2017-10-23,113.95689392089844
2017-10-24,115.21438598632812
2017-10-25,114.80987548828125
2017-10-26,116.19924926757812
2017-10-27,117.17536163330078
2017-10-30,116.33995819091797
2017-10-31,116.8499755859375
2017-11-01,118.07232666015625
2017-11-02,118.22180938720703
2017-11-03,118.74063110351562
2017-11-06,118.98685455322266
2017-11-07,119.33856201171875
2017-11-08,118.397705078125
2017-11-09,115.44302368164062
2017-11-10,116.27841186523438
2017-11-13,115.99701690673828
2017-11-14,116.8499755859375
2017-11-15,116.31359100341797
2017-11-16,118.37129974365234
2017-11-17,119.39136505126953
2017-11-20,120.40262603759766
2017-11-21,122.43392944335938
2017-11-22,127.72773742675781
2017-11-24,127.94757843017578
2017-11-27,130.8230743408203
2017-11-28,131.35955810546875
2017-11-29,130.53292846679688
2017-11-30,131.78160095214844
2017-12-01,131.8520050048828
2017-12-04,132.75772094726562
2017-12-05,132.49392700195312
2017-12-06,131.42103576660156
2017-12-07,132.88076782226562
2017-12-08,133.29408264160156
2017-12-11,133.0742950439453
2017-12-12,132.84564208984375
2017-12-13,133.6194305419922
2017-12-14,131.41226196289062
2017-12-15,132.66978454589844
2017-12-18,135.45738220214844
2017-12-19,135.84426879882812
2017-12-20,135.74752807617188
2017-12-21,137.0577850341797
2017-12-22,138.52635192871094
2017-12-26,139.5991668701172
2017-12-27,139.4496307373047
2017-12-28,139.2025604248047
2017-12-29,138.15206909179688
2018-01-02,139.47618103027344
2018-01-03,140.1116943359375
2018-01-04,140.9149932861328
2018-01-05,141.5152130126953
2018-01-08,142.2125701904297
2018-01-09,146.17591857910156
2018-01-10,145.59327697753906
2018-01-11,147.81768798828125
2018-01-12,149.44190979003906
2018-01-16,147.88829040527344
2018-01-17,147.79122924804688
2018-01-18,148.2061309814453
2018-01-19,150.3422393798828
2018-01-22,150.39520263671875
2018-01-23,148.876953125
2018-01-24,149.70669555664062
2018-01-25,149.29185485839844
2018-01-26,151.375
2018-01-29,149.3359375
2018-01-30,148.7445526123047
2018-01-31,146.89971923828125
2018-02-01,148.16200256347656
2018-02-02,145.61097717285156
2018-02-05,138.60226440429688
2018-02-06,142.8922576904297
2018-02-07,142.5038299560547
2018-02-08,135.6364288330078
2018-02-09,136.7574462890625
2018-02-12,140.53538513183594
2018-02-13,142.38027954101562
2018-02-14,144.1280059814453
2018-02-15,147.24392700195312
2018-02-16,149.5655059814453
2018-02-20,145.44325256347656
2018-02-21,143.07760620117188
2018-02-22,144.90478515625
2018-02-23,146.74081420898438
2018-02-26,147.81768798828125
2018-02-27,144.39279174804688
2018-02-28,142.000732421875
2018-03-01,138.4168701171875
2018-03-02,135.3274688720703
2018-03-05,139.06129455566406
2018-03-06,139.91744995117188
2018-03-07,139.3790740966797
2018-03-08,142.16842651367188
2018-03-09,148.2325439453125
2018-03-12,144.7900390625
2018-03-13,142.39791870117188
2018-03-14,141.41810607910156
2018-03-15,140.87969970703125
2018-03-16,144.65765380859375
2018-03-19,140.81784057617188
2018-03-20,141.2239227294922
2018-03-21,139.51144409179688
2018-03-22,133.80035400390625
2018-03-23,130.64027404785156
2018-03-26,135.35391235351562
2018-03-27,134.31236267089844
2018-03-28,134.24142456054688
2018-03-29,137.64443969726562
2018-04-02,134.54273986816406
2018-04-03,135.6239471435547
2018-04-04,131.66258239746094
2018-04-05,134.1173553466797
2018-04-06,128.84449768066406
2018-04-09,126.69102478027344
2018-04-10,131.1663360595703
2018-04-11,127.97601318359375
2018-04-12,133.1602783203125
2018-04-13,132.91213989257812
2018-04-16,132.02587890625
2018-04-17,132.17660522460938
2018-04-18,132.7259979248047
2018-04-19,131.24609375
2018-04-20,130.23580932617188
2018-04-23,129.42054748535156
2018-04-24,122.39299011230469
2018-04-25,122.29544830322266
2018-04-26,120.8155288696289
2018-04-27,121.90554809570312
2018-04-30,119.92932891845703
2018-05-01,119.96475982666016
2018-05-02,119.41531372070312
2018-05-03,121.2940902709961
2018-05-04,121.6751480102539
2018-05-07,124.26286315917969
2018-05-08,125.90234375
2018-05-09,128.64068603515625
2018-05-10,129.9256591796875
2018-05-11,130.55484008789062
2018-05-14,130.04974365234375
2018-05-15,128.9685516357422
2018-05-16,130.5814208984375
2018-05-17,130.1029052734375
2018-05-18,137.58241271972656
2018-05-21,140.31198120117188
2018-05-22,137.44056701660156
2018-05-23,138.7610626220703
2018-05-24,140.178955078125
2018-05-25,140.90565490722656
2018-05-29,137.3697509765625
2018-05-30,137.43174743652344
2018-05-31,132.49557495117188
2018-06-01,135.93406677246094
2018-06-04,134.29464721679688
2018-06-05,136.87344360351562
2018-06-06,140.50686645507812
2018-06-07,140.59552001953125
2018-06-08,139.2395782470703
2018-06-11,138.84962463378906
2018-06-12,139.6560821533203
2018-06-13,135.88975524902344
2018-06-14,133.08938598632812
2018-06-15,131.82211303710938
2018-06-18,130.9713134765625
2018-06-19,126.0884017944336
2018-06-20,127.92285919189453
2018-06-21,125.84915924072266
2018-06-22,126.87715911865234
2018-06-25,123.7577133178711
2018-06-26,123.7577133178711
2018-06-27,123.51844787597656
2018-06-28,124.16857147216797
2018-06-29,124.50700378417969
2018-07-02,125.7182388305664
2018-07-03,124.89888000488281
2018-07-05,124.4179458618164
2018-07-06,124.66732788085938
2018-07-09,128.62161254882812
2018-07-10,128.73739624023438
2018-07-11,125.94977569580078
2018-07-12,125.39762878417969
2018-07-13,122.52984619140625
2018-07-16,121.36318969726562
2018-07-17,122.90389251708984
2018-07-18,123.98155212402344
2018-07-19,124.95232391357422
2018-07-20,122.16471099853516
2018-07-23,120.70408630371094
2018-07-24,124.54264831542969
2018-07-25,125.86073303222656
2018-07-26,127.1164779663086
2018-07-27,125.39762878417969
2018-07-30,123.08206176757812
2018-07-31,128.95114135742188
2018-08-01,126.38615417480469
2018-08-02,126.54650115966797
2018-08-03,127.67758178710938
2018-08-06,128.18519592285156
2018-08-07,130.1356201171875
2018-08-08,128.96896362304688
2018-08-09,124.53376007080078
2018-08-10,122.05781555175781
2018-08-13,121.93317413330078
2018-08-14,123.4828109741211
2018-08-15,120.85552215576172
2018-08-16,122.32503509521484
2018-08-17,125.21056365966797
2018-08-20,125.15715789794922
2018-08-21,128.09616088867188
2018-08-22,127.00961303710938
2018-08-23,125.73600006103516
2018-08-24,128.92445373535156
2018-08-27,130.20687866210938
2018-08-28,130.47409057617188
2018-08-29,130.01991271972656
2018-08-30,127.64195251464844
2018-08-31,128.0694580078125
2018-09-04,126.19915008544922
2018-09-05,129.03128051757812
2018-09-06,129.2272491455078
2018-09-07,131.48045349121094
2018-09-10,132.353271484375
2018-09-11,132.34439086914062
2018-09-12,131.61402893066406
2018-09-13,132.5848388671875
2018-09-14,131.5962371826172
2018-09-17,132.7362518310547
2018-09-18,132.7362518310547
2018-09-19,135.71975708007812
2018-09-20,137.21604919433594
2018-09-21,136.0938262939453
2018-09-24,134.97166442871094
2018-09-25,134.74008178710938
2018-09-26,135.6574249267578
2018-09-27,135.2906036376953
2018-09-28,134.49435424804688
2018-10-01,134.96853637695312
2018-10-02,138.5113983154297
2018-10-03,141.54432678222656
2018-10-04,141.63375854492188
2018-10-05,139.9249725341797
2018-10-08,137.61672973632812
2018-10-09,134.60171508789062
2018-10-10,131.9266815185547
2018-10-11,131.04100036621094
2018-10-12,132.7855682373047
2018-10-15,132.8123779296875
2018-10-16,135.95266723632812
2018-10-17,135.6663818359375
2018-10-18,131.69406127929688
2018-10-19,130.5399627685547
2018-10-22,130.1194305419922
2018-10-23,124.92146301269531
2018-10-24,119.78614807128906
2018-10-25,122.3717269897461
2018-10-26,118.9898681640625
2018-10-29,116.80694580078125
2018-10-30,118.77515411376953
2018-10-31,121.17288970947266
2018-11-01,125.83402252197266
2018-11-02,126.79131317138672
2018-11-05,127.6233901977539
2018-11-06,130.14633178710938
2018-11-07,132.79449462890625
2018-11-08,131.2198944091797
2018-11-09,129.5558319091797
2018-11-12,129.34115600585938
2018-11-13,131.72093200683594
2018-11-14,131.7119140625
2018-11-15,131.24671936035156
2018-11-16,132.29348754882812
2018-11-19,127.55181121826172
2018-11-20,123.92841339111328
2018-11-21,126.93446350097656
2018-11-23,127.79338073730469
2018-11-26,133.23291015625
2018-11-27,132.2397918701172
2018-11-28,135.9973907470703
2018-11-29,134.17225646972656
2018-11-30,138.56504821777344
2018-12-03,145.12295532226562
2018-12-04,135.62164306640625
2018-12-06,138.12667846679688
2018-12-07,131.74774169921875
2018-12-10,131.54200744628906
2018-12-11,131.51512145996094
2018-12-12,132.53504943847656
2018-12-13,132.68714904785156
2018-12-14,133.31344604492188
2018-12-17,130.6920623779297
2018-12-18,133.51023864746094
2018-12-19,130.6920623779297
2018-12-20,129.40374755859375
2018-12-21,127.92754364013672
2018-12-24,122.90849304199219
2018-12-26,128.17808532714844
2018-12-27,131.2646484375
2018-12-28,130.653076171875
2018-12-31,134.1514434814453
2019-01-02,133.18919372558594
2019-01-03,129.5469512939453
2019-01-04,136.40878295898438
2019-01-07,138.63905334472656
2019-01-08,141.1211395263672
2019-01-09,138.7919464111328
2019-01-10,143.0996551513672
2019-01-11,142.34426879882812
2019-01-14,141.5618896484375
2019-01-15,141.2381134033203
2019-01-16,141.5618896484375
2019-01-17,143.9540252685547
2019-01-18,148.03692626953125
2019-01-22,142.8478546142578
2019-01-23,141.74168395996094
2019-01-24,142.4792022705078
2019-01-25,145.24008178710938
2019-01-28,140.7344970703125
2019-01-29,144.32275390625
2019-01-30,146.50808715820312
2019-01-31,147.4883575439453
2019-02-01,147.3804473876953
2019-02-04,147.947021484375
2019-02-05,147.67724609375
2019-02-06,147.2006072998047
2019-02-07,145.50987243652344
2019-02-08,146.3642120361328
2019-02-11,145.6357421875
2019-02-12,148.55853271484375
2019-02-13,146.3192138671875
2019-02-14,146.06744384765625
2019-02-15,142.98284912109375
2019-02-19,141.4269256591797
2019-02-20,143.78317260742188
2019-02-21,146.45411682128906
2019-02-22,149.26002502441406
2019-02-25,148.2617950439453
2019-02-26,147.3084716796875
2019-02-27,147.11964416503906
2019-02-28,147.52432250976562
2019-03-01,146.86781311035156
2019-03-04,149.12515258789062
2019-03-05,145.19508361816406
2019-03-06,142.3083038330078
2019-03-07,142.1104278564453
2019-03-08,143.000732421875
2019-03-11,144.268798828125
2019-03-12,143.11770629882812
2019-03-13,143.60328674316406
2019-03-14,141.8766632080078
2019-03-15,142.2273406982422
2019-03-18,144.160888671875
2019-03-19,144.763427734375
2019-03-20,143.5853729248047
2019-03-21,143.648193359375
2019-03-22,140.23983764648438
2019-03-25,141.48988342285156
2019-03-26,141.7327117919922
2019-03-27,142.3352508544922
2019-03-28,142.850341796875
2019-03-29,144.4407958984375
2019-04-01,146.31134033203125
2019-04-02,146.50112915039062
2019-04-03,147.6487579345703
2019-04-04,148.41690063476562
2019-04-05,149.13076782226562
2019-04-08,149.1036834716797
2019-04-09,143.52806091308594
2019-04-10,143.34735107421875
2019-04-11,144.7299346923828
2019-04-12,145.90475463867188
2019-04-15,146.83551025390625
2019-04-16,148.70606994628906
2019-04-17,149.51028442382812
2019-04-18,152.76348876953125
2019-04-22,152.85382080078125
2019-04-23,151.59776306152344
2019-04-24,149.38380432128906
2019-04-25,146.2210235595703
2019-04-26,149.11268615722656
2019-04-29,150.26937866210938
2019-04-30,149.67295837402344
2019-05-01,148.68797302246094
2019-05-02,148.3083953857422
2019-05-03,150.82968139648438
2019-05-06,144.748046875
2019-05-07,142.56121826171875
2019-05-08,140.60023498535156
2019-05-09,140.50082397460938
2019-05-10,141.01589965820312
2019-05-13,132.18716430664062
2019-05-14,132.93719482421875
2019-05-15,130.8859405517578
2019-05-16,131.9251708984375
2019-05-17,121.83126068115234
2019-05-20,122.32825469970703
2019-05-21,125.5091323852539
2019-05-22,125.40977478027344
2019-05-23,123.32228088378906
2019-05-24,125.56334686279297
2019-05-28,124.31629180908203
2019-05-29,127.5333251953125
2019-05-30,128.03033447265625
2019-05-31,126.66582489013672
2019-06-03,129.4852752685547
2019-06-04,131.59078979492188
2019-06-05,132.13294982910156
2019-06-06,132.37693786621094
2019-06-07,134.38307189941406
2019-06-10,135.37705993652344
2019-06-11,135.5487518310547
2019-06-12,134.45533752441406
2019-06-13,136.931396484375
2019-06-14,136.91329956054688
2019-06-17,139.49778747558594
2019-06-18,144.0251007080078
2019-06-19,144.53114318847656
2019-06-20,147.0794677734375
2019-06-21,148.4530487060547
2019-06-24,150.8025360107422
2019-06-25,150.28746032714844
2019-06-26,150.11573791503906
2019-06-27,149.62550354003906
2019-06-28,150.43353271484375
2019-07-01,149.9160614013672
2019-07-02,149.906982421875
2019-07-03,150.0521697998047
2019-07-05,148.35455322265625
2019-07-08,148.78125
2019-07-09,148.2910614013672
2019-07-10,145.9852294921875
2019-07-11,146.3937530517578
2019-07-12,150.1248321533203
2019-07-15,150.6967315673828
2019-07-16,150.83291625976562
2019-07-17,148.04595947265625
2019-07-18,148.19119262695312
2019-07-19,150.34271240234375
2019-07-22,149.9160614013672
2019-07-23,152.8301239013672
2019-07-24,151.76800537109375
2019-07-25,151.52291870117188
2019-07-26,154.6820526123047
2019-07-29,154.5640411376953
2019-07-30,154.35523986816406
2019-07-31,150.37904357910156
2019-08-01,146.34832763671875
2019-08-02,144.0697479248047
2019-08-05,137.1340789794922
2019-08-06,138.69544982910156
2019-08-07,137.29745483398438
2019-08-08,140.76531982421875
2019-08-09,140.56556701660156
2019-08-12,133.4937286376953
2019-08-13,133.60267639160156
2019-08-14,129.971435546875
2019-08-15,130.46163940429688
2019-08-16,135.47271728515625
2019-08-19,138.34144592285156
2019-08-20,138.0782012939453
2019-08-21,140.58375549316406
2019-08-22,141.04666137695312
2019-08-23,133.46649169921875
2019-08-26,136.9071044921875
2019-08-27,136.26254272460938
2019-08-28,138.6410369873047
2019-08-29,142.05438232421875
2019-08-30,140.6291046142578
2019-09-03,136.9162139892578
2019-09-04,137.7332000732422
2019-09-05,141.89096069335938
2019-09-06,142.0906982421875
2019-09-09,143.76107788085938
2019-09-10,148.91744995117188
2019-09-11,149.9251251220703
2019-09-12,148.20928955078125
2019-09-13,150.17022705078125
2019-09-16,149.41676330566406
2019-09-17,148.8720703125
2019-09-18,150.13394165039062
2019-09-19,149.2805633544922
2019-09-20,148.94468688964844
2019-09-23,149.9795684814453
2019-09-24,150.66043090820312
2019-09-25,149.9615020751953
2019-09-26,151.06895446777344
2019-09-27,151.62525939941406
2019-09-30,153.83224487304688
2019-10-01,150.93214416503906
2019-10-02,148.88021850585938
2019-10-03,150.32118225097656
2019-10-04,152.92938232421875
2019-10-07,151.88975524902344
2019-10-08,150.44883728027344
2019-10-09,151.78030395507812
2019-10-10,153.0297088623047
2019-10-11,155.90245056152344
2019-10-14,154.06024169921875
2019-10-15,157.44371032714844
2019-10-16,156.00277709960938
2019-10-17,156.9876708984375
2019-10-18,158.61102294921875
2019-10-21,158.7113494873047
2019-10-22,159.7327423095703
2019-10-23,159.59593200683594
2019-10-24,156.96035766601562
2019-10-25,157.87229919433594
2019-10-28,158.09120178222656
2019-10-29,158.78428649902344
2019-10-30,158.51983642578125
2019-10-31,158.81161499023438
2019-11-01,160.6082305908203
2019-11-04,163.3350372314453
2019-11-05,163.17088317871094
2019-11-06,160.48056030273438
2019-11-07,162.23155212402344
2019-11-08,162.66018676757812
2019-11-11,163.97344970703125
2019-11-12,160.8635711669922
2019-11-13,160.20697021484375
2019-11-14,159.03050231933594
2019-11-15,159.1217041015625
2019-11-18,159.51390075683594
2019-11-19,158.36476135253906
2019-11-20,156.923828125
2019-11-21,160.53530883789062
2019-11-22,159.9425048828125
2019-11-25,161.06422424316406
2019-11-26,161.1007080078125
2019-11-27,154.1787872314453
2019-11-29,153.2576904296875
2019-12-02,150.74061584472656
2019-12-03,149.10824584960938
2019-12-04,150.7223663330078
2019-12-05,150.09312438964844
2019-12-06,150.66766357421875
2019-12-09,153.1209259033203
2019-12-10,154.94485473632812
2019-12-11,154.76246643066406
2019-12-12,158.51983642578125
2019-12-13,157.31602478027344
2019-12-16,157.63519287109375
2019-12-17,158.53807067871094
2019-12-18,157.41632080078125
2019-12-19,157.55311584472656
2019-12-20,159.27674865722656
2019-12-23,159.64157104492188
2019-12-24,159.1399383544922
2019-12-26,159.4135284423828
2019-12-27,160.3346405029297
2019-12-30,159.51947021484375
2019-12-31,158.69512939453125
2020-01-02,161.99249267578125
2020-01-03,160.79261779785156
2020-01-06,161.9467315673828
2020-01-07,159.13478088378906
2020-01-08,161.1132049560547
2020-01-09,162.67025756835938
2020-01-10,158.85079956054688
2020-01-13,160.05067443847656
2020-01-14,159.07066345214844
2020-01-15,158.38369750976562
2020-01-16,160.71934509277344
2020-01-17,161.38796997070312
2020-01-21,158.0540008544922
2020-01-22,156.77163696289062
2020-01-23,157.59596252441406
2020-01-24,155.8190155029297
2020-01-27,149.55406188964844
2020-01-28,149.27931213378906
2020-01-29,146.6963653564453
2020-01-30,147.5664520263672
2020-01-31,145.24917602539062
2020-02-03,144.98355102539062
2020-02-04,150.60740661621094
2020-02-05,154.19786071777344
2020-02-06,154.6649932861328
2020-02-07,153.37350463867188
2020-02-10,154.0971221923828
2020-02-11,155.9473114013672
2020-02-12,157.38536071777344
2020-02-13,156.40525817871094
2020-02-14,153.94140625
2020-02-18,152.32017517089844
2020-02-19,151.06536865234375
2020-02-20,151.8897247314453
2020-02-21,162.51454162597656
2020-02-24,157.4127655029297
2020-02-25,152.64073181152344
2020-02-26,152.88809204101562
2020-02-27,146.5406036376953
2020-02-28,143.32568359375
2020-03-02,150.1403045654297
2020-03-03,144.5164337158203
2020-03-04,149.36170959472656
2020-03-05,145.69801330566406
2020-03-06,150.2501983642578
2020-03-09,137.39041137695312
2020-03-10,141.96092224121094
2020-03-11,133.6167755126953
2020-03-12,119.42890930175781
2020-03-13,127.27850341796875
2020-03-16,109.95814514160156
2020-03-17,116.05829620361328
2020-03-18,104.60907745361328
2020-03-19,109.60092163085938
2020-03-20,102.2459716796875
2020-03-23,101.80631256103516
2020-03-24,115.40798950195312
2020-03-25,117.68865966796875
2020-03-26,127.39755249023438
2020-03-27,123.75214385986328
2020-03-30,130.0894775390625
2020-03-31,127.26162719726562
2020-04-01,123.12578582763672
2020-04-02,128.3853759765625
2020-04-03,124.82987976074219
2020-04-06,132.1711883544922
2020-04-07,131.5540313720703
2020-04-08,135.19244384765625
2020-04-09,134.25286865234375
2020-04-13,128.77224731445312
2020-04-14,127.2339859008789
2020-04-15,124.63643646240234
2020-04-16,119.69922637939453
2020-04-17,127.53793334960938
2020-04-20,126.46944427490234
2020-04-21,123.48502349853516
2020-04-22,125.4654312133789
2020-04-23,126.29442596435547
2020-04-24,127.69448852539062
2020-04-27,128.6801300048828
2020-04-28,130.39341735839844
2020-04-29,135.4964141845703
2020-04-30,133.6173095703125
2020-05-01,127.28924560546875
2020-05-04,122.45338439941406
2020-05-05,124.48906707763672
2020-05-06,121.70729064941406
2020-05-07,125.27200317382812
2020-05-08,126.19310760498047
2020-05-11,124.24954223632812
2020-05-12,119.79134368896484
2020-05-13,115.89502716064453
2020-05-14,116.7977066040039
2020-05-15,116.0700454711914
2020-05-18,127.02210998535156
2020-05-19,125.41018676757812
2020-05-20,131.084228515625
2020-05-21,131.54478454589844
2020-05-22,129.61050415039062
2020-05-26,136.35305786132812
2020-05-27,141.2626190185547
2020-05-28,141.0783233642578
2020-05-29,140.12039184570312
2020-06-01,137.37547302246094
2020-06-02,140.8849334716797
2020-06-03,145.85897827148438
2020-06-04,148.4288787841797
2020-06-05,153.5687255859375
2020-06-08,155.4938507080078
2020-06-09,151.8093719482422
2020-06-10,148.29991149902344
2020-06-11,139.171630859375
2020-06-12,142.74563598632812
2020-06-15,143.20614624023438
2020-06-16,145.8129119873047
2020-06-17,143.2429962158203
2020-06-18,142.65350341796875
2020-06-19,142.65350341796875
2020-06-22,142.3679656982422
2020-06-23,141.81527709960938
2020-06-24,138.61898803710938
2020-06-25,142.2666015625
2020-06-26,137.2833251953125
2020-06-29,142.3106689453125
2020-06-30,145.49557495117188
2020-07-01,145.2178192138672
2020-07-02,146.18992614746094
2020-07-06,148.337890625
2020-07-07,146.9306182861328
2020-07-08,146.63433837890625
2020-07-09,145.95846557617188
2020-07-10,147.29165649414062
2020-07-13,151.68016052246094
2020-07-14,156.98519897460938
2020-07-15,159.60531616210938
2020-07-16,160.5589141845703
2020-07-17,163.4197998046875
2020-07-20,160.9199981689453
2020-07-21,162.62356567382812
2020-07-22,162.4754180908203
2020-07-23,163.6234893798828
2020-07-24,162.3458251953125
2020-07-27,162.94761657714844
2020-07-28,162.75320434570312
2020-07-29,166.8824005126953
2020-07-30,164.8363494873047
2020-07-31,163.234619140625
2020-08-03,164.44749450683594
2020-08-04,164.901123046875
2020-08-05,169.26182556152344
2020-08-06,167.81753540039062
2020-08-07,169.8914031982422
2020-08-10,175.82603454589844
2020-08-11,178.89059448242188
2020-08-12,178.0480499267578
2020-08-13,175.4464569091797
2020-08-14,176.95555114746094
2020-08-17,178.6776123046875
2020-08-18,177.8813934326172
2020-08-19,177.7517852783203
2020-08-20,176.92774963378906
2020-08-21,184.704833984375
2020-08-24,190.1672821044922
2020-08-25,190.35247802734375
2020-08-26,195.36126708984375
2020-08-27,194.26873779296875
2020-08-28,194.3335418701172
2020-08-31,194.48170471191406
2020-09-01,201.5458221435547
2020-09-02,201.00885009765625
2020-09-03,195.17608642578125
2020-09-04,195.66673278808594
2020-09-08,194.64833068847656
2020-09-09,199.5367431640625
2020-09-10,199.15716552734375
2020-09-11,199.9441375732422
2020-09-14,202.13836669921875
2020-09-15,199.76821899414062
2020-09-16,199.42568969726562
2020-09-17,203.6289825439453
2020-09-18,205.50848388671875
2020-09-21,198.32391357421875
2020-09-22,201.4440155029297
2020-09-23,198.63870239257812
2020-09-24,200.46258544921875
2020-09-25,202.9901580810547
2020-09-28,205.443603515625
2020-09-29,204.5517120361328
2020-09-30,205.89886474609375
2020-10-01,203.49269104003906
2020-10-02,208.83456420898438
2020-10-05,210.85055541992188
2020-10-06,210.07015991210938
2020-10-07,214.20431518554688
2020-10-08,217.61378479003906
2020-10-09,218.14332580566406
2020-10-12,219.73193359375
2020-10-13,220.3822784423828
2020-10-14,221.54351806640625
2020-10-15,221.32986450195312
2020-10-16,223.0207061767578
2020-10-19,221.26483154296875
2020-10-20,221.91514587402344
2020-10-21,219.62051391601562
2020-10-22,220.06637573242188
2020-10-23,222.52830505371094
2020-10-26,217.62306213378906
2020-10-27,212.29049682617188
2020-10-28,207.5153350830078
2020-10-29,211.8352813720703
2020-10-30,209.8750457763672
2020-11-02,215.2540740966797
2020-11-03,222.9277801513672
2020-11-04,216.74050903320312
2020-11-05,228.55764770507812
2020-11-06,230.06268310546875
2020-11-09,231.2053680419922
2020-11-10,235.9433135986328
2020-11-11,231.6513214111328
2020-11-12,230.40643310546875
2020-11-13,233.91807556152344
2020-11-16,240.70919799804688
2020-11-17,239.88241577148438
2020-11-18,239.0648651123047
2020-11-19,237.44839477539062
2020-11-20,240.20755004882812
2020-11-23,242.5765380859375
2020-11-24,242.94822692871094
2020-11-25,238.2287139892578
2020-11-27,243.3569793701172
2020-11-30,243.05039978027344
2020-12-01,237.0210418701172
2020-12-02,240.61634826660156
2020-12-03,234.7449188232422
2020-12-04,235.40455627441406
2020-12-07,234.12246704101562
2020-12-08,234.6706085205078
2020-12-09,236.7423095703125
2020-12-10,235.4602813720703
2020-12-11,237.6156005859375
2020-12-14,234.7820587158203
2020-12-15,243.3940887451172
2020-12-16,242.5858612060547
2020-12-17,245.7538299560547
2020-12-18,251.48585510253906
2020-12-21,248.74525451660156
2020-12-22,250.1480712890625
2020-12-23,248.9217529296875
2020-12-24,250.1016387939453
2020-12-28,248.51303100585938
2020-12-29,246.50634765625
2020-12-30,247.968994140625
2020-12-31,250.67103576660156
2021-01-04,249.3572540283203
2021-01-05,255.5436553955078
2021-01-06,270.5252685546875
2021-01-07,279.25531005859375
2021-01-08,273.8327941894531
2021-01-11,274.7737731933594
2021-01-12,281.4540100097656
2021-01-13,280.64337158203125
2021-01-14,282.1620788574219
2021-01-15,275.2209167480469
2021-01-19,274.83892822265625
2021-01-20,280.3825988769531
2021-01-21,284.6310119628906
2021-01-22,284.3236083984375
2021-01-25,277.82977294921875
2021-01-26,275.7893371582031
2021-01-27,261.5531311035156
2021-01-28,272.94769287109375
2021-01-29,269.07171630859375
2021-02-01,272.2489013671875
2021-02-02,281.8732604980469
2021-02-03,280.5688781738281
2021-02-04,288.1435241699219
2021-02-05,288.11553955078125
2021-02-08,295.3826904296875
2021-02-09,293.7895202636719
2021-02-10,292.2149963378906
2021-02-11,292.97900390625
2021-02-12,291.6187438964844
2021-02-16,295.4292907714844
2021-02-17,290.7615661621094
2021-02-18,279.7397155761719
2021-02-19,307.4574279785156
2021-02-22,314.4543762207031
2021-02-23,314.36126708984375
2021-02-24,322.0476379394531
2021-02-25,324.2557373046875
2021-02-26,325.27130126953125
2021-03-01,334.9516296386719
2021-03-02,327.432861328125
2021-03-03,319.62530517578125
2021-03-04,314.8643493652344
2021-03-05,325.9327697753906
2021-03-08,329.5384826660156
2021-03-09,328.59747314453125
2021-03-10,336.5447082519531
2021-03-11,339.5634765625
2021-03-12,344.24981689453125
2021-03-15,348.79644775390625
2021-03-16,348.0045166015625
2021-03-17,353.3524169921875
2021-03-18,354.4239196777344
2021-03-19,347.03564453125
2021-03-22,346.20635986328125
2021-03-23,333.0695495605469
2021-03-24,336.2559509277344
2021-03-25,341.7435607910156
2021-03-26,346.8584899902344
2021-03-29,342.8336181640625
2021-03-30,349.2314147949219
2021-03-31,349.4368896484375
2021-04-01,347.5502014160156
2021-04-05,350.0626525878906
2021-04-06,350.8098449707031
2021-04-07,350.0439758300781
2021-04-08,349.3714904785156
2021-04-09,352.1080627441406
2021-04-12,353.284912109375
2021-04-13,353.66778564453125
2021-04-14,356.31097412109375
2021-04-15,356.9086608886719
2021-04-16,357.7773132324219
2021-04-19,355.58245849609375
2021-04-20,345.8224182128906
2021-04-21,350.80047607421875
2021-04-22,344.0384826660156
2021-04-23,351.42620849609375
2021-04-26,355.3303527832031
2021-04-27,357.1141052246094
2021-04-28,354.7231140136719
2021-04-29,351.538330078125
2021-04-30,346.36407470703125
2021-05-03,349.09130859375
2021-05-04,354.5177001953125
2021-05-05,353.84527587890625
2021-05-06,364.1656188964844
2021-05-07,368.19097900390625
2021-05-10,365.55718994140625
2021-05-11,357.8987121582031
2021-05-12,348.9604797363281
2021-05-13,353.1447448730469
2021-05-14,358.6458740234375
2021-05-17,358.2254638671875
2021-05-18,345.2806701660156
2021-05-19,334.75482177734375
2021-05-20,331.7661437988281
2021-05-21,335.9970703125
2021-05-24,335.6327209472656
2021-05-25,336.8749084472656
2021-05-26,334.1197204589844
2021-05-27,338.29461669921875
2021-05-28,337.2579040527344
2021-06-01,340.5360412597656
2021-06-02,333.1576843261719
2021-06-03,335.21246337890625
2021-06-04,333.0924072265625
2021-06-07,331.9622802734375
2021-06-08,333.0362854003906
2021-06-09,326.4518127441406
2021-06-10,318.89593505859375
2021-06-11,319.017333984375
2021-06-14,313.3854675292969
2021-06-15,315.7764892578125
2021-06-16,314.338134765625
2021-06-17,306.69818115234375
2021-06-18,307.24932861328125
2021-06-21,315.5709228515625
2021-06-22,319.5123291015625
2021-06-23,324.78936767578125
2021-06-24,327.4697265625
2021-06-25,326.8814392089844
2021-06-28,326.7879943847656
2021-06-29,326.7318115234375
2021-06-30,330.2713317871094
2021-07-01,331.7508239746094
2021-07-02,330.0746765136719
2021-07-06,327.21881103515625
2021-07-07,329.4941101074219
2021-07-08,321.7221984863281
2021-07-09,327.2468566894531
2021-07-12,331.741455078125
2021-07-13,328.4547424316406
2021-07-14,323.5856018066406
2021-07-15,324.0818786621094
2021-07-16,320.70159912109375
2021-07-19,313.6412048339844
2021-07-20,325.8890686035156
2021-07-21,330.54296875
2021-07-22,328.97906494140625
2021-07-23,332.1347961425781
2021-07-26,332.8464050292969
2021-07-27,331.0298156738281
2021-07-28,331.0672607421875
2021-07-29,336.9102478027344
2021-07-30,338.58642578125
2021-08-02,333.30523681640625
2021-08-03,342.5848388671875
2021-08-04,337.7249450683594
2021-08-05,341.14276123046875
2021-08-06,343.53997802734375
2021-08-09,345.82464599609375
2021-08-10,352.6602783203125
2021-08-11,361.5184631347656
2021-08-12,361.08770751953125
2021-08-13,359.57073974609375
2021-08-16,358.66241455078125
2021-08-17,352.3886413574219
2021-08-18,347.968994140625
2021-08-19,336.1424865722656
2021-08-20,329.0727233886719
2021-08-23,339.71942138671875
2021-08-24,344.5699157714844
2021-08-25,352.4261474609375
2021-08-26,355.6472473144531
2021-08-27,355.3476867675781
2021-08-30,356.76153564453125
2021-08-31,353.9804992675781
2021-09-01,352.74456787109375
2021-09-02,360.4603271484375
2021-09-03,364.57098388671875
2021-09-07,348.0906677246094
2021-09-08,346.6767272949219
2021-09-09,341.629638671875
2021-09-10,339.97222900390625
2021-09-13,338.5208435058594
2021-09-14,333.33331298828125
2021-09-15,336.8822021484375
2021-09-16,332.72467041015625
2021-09-17,326.8816833496094
2021-09-20,318.1171569824219
2021-09-21,315.5139465332031
2021-09-22,319.1565856933594
2021-09-23,329.1383056640625
2021-09-24,327.03143310546875
2021-09-27,329.9997863769531
2021-09-28,331.4230651855469
2021-09-29,329.5260314941406
2021-09-30,314.6871032714844
2021-10-01,321.3833923339844
2021-10-04,317.8520812988281
2021-10-05,317.7112731933594
2021-10-06,317.8144836425781
2021-10-07,323.1584777832031
2021-10-08,322.2943420410156
2021-10-11,312.3580017089844
2021-10-12,310.4890441894531
2021-10-13,308.9863586425781
2021-10-14,309.70953369140625
2021-10-15,312.51763916015625
2021-10-18,311.6535949707031
2021-10-19,322.2191467285156
2021-10-20,323.12078857421875
2021-10-21,322.0689697265625
2021-10-22,319.9840393066406
2021-10-25,331.2633972167969
2021-10-26,320.39715576171875
2021-10-27,317.6549072265625
2021-10-28,328.4271545410156
2021-10-29,321.4867248535156
2021-11-01,336.9266357421875
2021-11-02,333.68646240234375
2021-11-03,322.1816711425781
2021-11-04,329.5072326660156
2021-11-05,333.5926208496094
2021-11-08,338.9082946777344
2021-11-09,334.16546630859375
2021-11-10,331.16009521484375
2021-11-11,334.3532409667969
2021-11-12,337.0299072265625
2021-11-15,339.1806640625
2021-11-16,339.9883728027344
2021-11-17,332.01470947265625
2021-11-18,335.3863830566406
2021-11-19,325.0930480957031
2021-11-22,327.91998291015625
2021-11-23,328.0327453613281
2021-11-24,345.4824523925781
2021-11-26,337.4431457519531
2021-11-29,326.9151306152344
2021-11-30,324.5201721191406
2021-12-01,320.7728576660156
2021-12-02,329.2911376953125
2021-12-03,327.9950866699219
2021-12-06,332.9445495605469
2021-12-07,339.35906982421875
2021-12-08,339.0960998535156
2021-12-09,339.9038391113281
2021-12-10,336.56036376953125
2021-12-13,330.04248046875
2021-12-14,327.3470458984375
2021-12-15,323.017578125
2021-12-16,327.1029052734375
2021-12-17,325.9195556640625
2021-12-20,318.0586853027344
2021-12-21,328.53045654296875
2021-12-22,325.891357421875
2021-12-23,327.9763488769531
2021-12-27,329.4132995605469
2021-12-28,328.49285888671875
2021-12-29,324.6799011230469
2021-12-30,322.2023010253906
2021-12-31,323.01251220703125
2022-01-03,329.81390380859375
2022-01-04,349.7661437988281
2022-01-05,350.4820556640625
2022-01-06,354.5421447753906
2022-01-07,356.6993713378906
2022-01-10,357.83929443359375
2022-01-11,358.4892578125
2022-01-12,354.4385986328125
2022-01-13,358.3385314941406
2022-01-14,357.55670166015625
2022-01-18,361.65447998046875
2022-01-19,354.1088562011719
2022-01-20,345.7059631347656
2022-01-21,343.16253662109375
2022-01-24,342.9269104003906
2022-01-25,346.8740539550781
2022-01-26,350.6610412597656
2022-01-27,354.1653747558594
2022-01-28,352.1211853027344
2022-01-31,354.5798645019531
2022-02-01,355.97412109375
2022-02-02,352.7712097167969
2022-02-03,349.389404296875
2022-02-04,348.0704650878906
2022-02-07,350.6233825683594
2022-02-08,367.27838134765625
2022-02-09,372.4784851074219
2022-02-10,370.3589172363281
2022-02-11,369.9067077636719
2022-02-14,364.810302734375
2022-02-15,370.5944519042969
2022-02-16,367.9189758300781
2022-02-17,358.4703674316406
2022-02-18,347.70306396484375
2022-02-22,333.2711181640625
2022-02-23,317.95379638671875
2022-02-24,322.8899841308594
2022-02-25,326.86541748046875
2022-02-28,339.1494445800781
2022-03-01,337.85888671875
2022-03-02,354.18426513671875
2022-03-03,359.78924560546875
2022-03-04,367.4573669433594
2022-03-07,347.60882568359375
2022-03-08,343.7748107910156
2022-03-09,347.4769287109375
2022-03-10,356.2284851074219
2022-03-11,366.901611328125
2022-03-14,371.0277404785156
2022-03-15,365.9501647949219
2022-03-16,365.6957702636719
2022-03-17,382.6051940917969
2022-03-18,389.1994323730469
2022-03-21,397.8095703125
2022-03-22,402.7646789550781
2022-03-23,406.5044860839844
2022-03-24,407.1639404296875
2022-03-25,411.1487121582031
2022-03-28,407.5313415527344
2022-03-29,388.9827880859375
2022-03-30,392.4582214355469
2022-03-31,392.3732604980469
2022-04-01,393.6387939453125
2022-04-04,394.25274658203125
2022-04-05,390.7205505371094
2022-04-06,388.397216796875
2022-04-07,386.70672607421875
2022-04-08,395.0553894042969
2022-04-11,395.2538146972656
2022-04-12,396.406005859375
2022-04-13,403.5458984375
2022-04-14,412.4802551269531
2022-04-18,414.0857849121094
2022-04-19,413.4907531738281
2022-04-20,413.0846862792969
2022-04-21,400.7787170410156
2022-04-22,381.1440734863281
2022-04-25,364.08758544921875
2022-04-26,360.55535888671875
2022-04-27,364.1064453125
2022-04-28,363.4359436035156
2022-04-29,356.5699768066406
2022-05-02,360.04547119140625
2022-05-03,367.7992248535156
2022-05-04,374.32513427734375
2022-05-05,361.7548828125
2022-05-06,356.48492431640625
2022-05-09,344.2734069824219
2022-05-10,344.4811706542969
2022-05-11,343.8011779785156
2022-05-12,342.8096008300781
2022-05-13,346.3133544921875
2022-05-16,353.64215087890625
2022-05-17,362.90704345703125
2022-05-18,348.18341064453125
2022-05-19,344.3583984375
2022-05-20,295.899658203125
2022-05-23,316.724365234375
2022-05-24,318.30157470703125
2022-05-25,323.9115295410156
2022-05-26,328.1992492675781
2022-05-27,340.6846008300781
2022-05-31,337.8984680175781
2022-06-01,332.5813293457031
2022-06-02,341.01513671875
2022-06-03,340.9396057128906
2022-06-06,342.74346923828125
2022-06-07,347.39947509765625
2022-06-08,335.2918701171875
2022-06-09,326.1402893066406
2022-06-10,316.6015625
2022-06-13,306.84564208984375
2022-06-14,308.4322814941406
2022-06-15,312.2099914550781
2022-06-16,299.9229736328125
2022-06-17,304.7867431640625
2022-06-21,310.9727478027344
2022-06-22,300.2630310058594
2022-06-23,280.9776611328125
2022-06-24,293.5951843261719
2022-06-27,297.8074645996094
2022-06-28,291.98028564453125
2022-06-29,284.9848327636719
2022-06-30,283.86627197265625
2022-07-01,285.9137878417969
2022-07-05,276.90875244140625
2022-07-06,274.0745544433594
2022-07-07,288.1318664550781
2022-07-08,288.7669372558594
2022-07-11,282.86151123046875
2022-07-12,280.5391845703125
2022-07-13,281.3164978027344
2022-07-14,278.99407958984375
2022-07-15,282.1885986328125
2022-07-18,282.4254455566406
2022-07-19,295.3548278808594
2022-07-20,298.9283447265625
2022-07-21,300.046875
2022-07-22,295.9898986816406
2022-07-25,306.13238525390625
2022-07-26,302.8052673339844
2022-07-27,308.7390441894531
2022-07-28,314.35064697265625
2022-07-29,325.2987976074219
2022-08-01,320.5688781738281
2022-08-02,315.8482360839844
2022-08-03,318.97637939453125
2022-08-04,324.54052734375
2022-08-05,325.4220275878906
2022-08-08,325.8011779785156
2022-08-09,325.7727355957031
2022-08-10,334.00042724609375
2022-08-11,343.0624084472656
2022-08-12,348.9772033691406
2022-08-15,346.9771423339844
2022-08-16,350.7024230957031
2022-08-17,345.68804931640625
2022-08-18,348.81610107421875
2022-08-19,350.39910888671875
2022-08-22,350.3801574707031
2022-08-23,355.34710693359375
2022-08-24,361.5084228515625
2022-08-25,367.9256286621094
2022-08-26,359.61260986328125
2022-08-29,360.778564453125
2022-08-30,349.5270080566406
2022-08-31,346.21893310546875
2022-09-01,344.8159484863281
2022-09-02,343.3467712402344
2022-09-06,342.2471618652344
2022-09-07,346.8729553222656
2022-09-08,349.2806091308594
2022-09-09,352.85418701171875
2022-09-12,354.5413818359375
2022-09-13,344.37054443359375
2022-09-14,342.0955505371094
2022-09-15,340.0765075683594
2022-09-16,336.0290222167969
2022-09-19,343.7922668457031
2022-09-20,337.0622253417969
2022-09-21,331.5833435058594
2022-09-22,328.0950622558594
2022-09-23,316.8056945800781
2022-09-26,314.9288024902344
2022-09-27,318.1896667480469
2022-09-28,327.8770751953125
2022-09-29,324.2918395996094
2022-09-30,317.5301818847656
2022-10-03,327.19232177734375
2022-10-04,342.6366882324219
2022-10-05,338.3381042480469
2022-10-06,338.0528564453125
2022-10-07,338.6994934082031
2022-10-10,342.0564880371094
2022-10-11,345.52764892578125
2022-10-12,343.5115661621094
2022-10-13,349.1794738769531
2022-10-14,339.6409606933594
2022-10-17,344.8238830566406
2022-10-18,353.1166687011719
2022-10-19,353.1261901855469
2022-10-20,347.6103515625
2022-10-21,364.2909240722656
2022-10-24,366.9822998046875
2022-10-25,372.4410400390625
2022-10-26,372.0130920410156
2022-10-27,375.25604248046875
2022-10-28,377.4053039550781
2022-10-31,376.42572021484375
2022-11-01,369.66412353515625
2022-11-02,367.03936767578125
2022-11-03,374.3430480957031
2022-11-04,375.7315368652344
2022-11-07,379.2312316894531
2022-11-08,384.7470703125
2022-11-09,377.6335144042969
2022-11-10,387.63800048828125
2022-11-11,386.135498046875
2022-11-14,387.0008544921875
2022-11-15,387.0293884277344
2022-11-16,386.4873352050781
2022-11-17,392.7544250488281
2022-11-18,393.962158203125
2022-11-21,391.5276794433594
2022-11-22,396.1495666503906
2022-11-23,416.0825500488281
2022-11-25,419.8390197753906
2022-11-28,419.5917053222656
2022-11-29,419.36346435546875
2022-11-30,419.3920593261719
2022-12-01,420.1623229980469
2022-12-02,423.7760925292969
2022-12-05,415.4834899902344
2022-12-06,416.77679443359375
2022-12-07,419.0591735839844
2022-12-08,421.2274169921875
2022-12-09,413.50531005859375
2022-12-12,415.635498046875
2022-12-13,415.7686767578125
2022-12-14,416.9574890136719
2022-12-15,408.7312927246094
2022-12-16,409.9676208496094
2022-12-19,411.4701843261719
2022-12-20,414.0283508300781
2022-12-21,420.00067138671875
2022-12-22,414.5038757324219
2022-12-23,415.521484375
2022-12-27,414.7796936035156
2022-12-28,409.10223388671875
2022-12-29,408.77801513671875
2022-12-30,408.8924255371094
2023-01-03,404.6295166015625
2023-01-04,403.8570861816406
2023-01-05,395.51251220703125
2023-01-06,406.70849609375
2023-01-09,408.3583679199219
2023-01-10,417.16064453125
2023-01-11,413.39361572265625
2023-01-12,415.88275146484375
2023-01-13,419.25872802734375
2023-01-17,417.89495849609375
2023-01-18,406.2507629394531
2023-01-19,389.66650390625
2023-01-20,391.5738830566406
2023-01-23,390.37225341796875
2023-01-24,397.3625793457031
2023-01-25,394.4729919433594
2023-01-26,401.6827392578125
2023-01-27,398.80267333984375
2023-01-30,401.1104736328125
2023-01-31,403.2467346191406
2023-02-01,407.20440673828125
2023-02-02,387.7115783691406
2023-02-03,387.2442626953125
2023-02-06,391.2210388183594
2023-02-07,390.5439453125
2023-02-08,388.7987365722656
2023-02-09,389.1038513183594
2023-02-10,398.4306640625
2023-02-13,396.084716796875
2023-02-14,390.34368896484375
2023-02-15,391.0398864746094
2023-02-16,384.28790283203125
2023-02-17,413.2315368652344
2023-02-21,407.3761291503906
2023-02-22,406.65130615234375
2023-02-23,405.3543395996094
2023-02-24,398.0779113769531
2023-02-27,402.0927429199219
2023-02-28,399.8135070800781
2023-03-01,400.2999267578125
2023-03-02,401.81622314453125
2023-03-03,410.3419494628906
2023-03-06,405.98370361328125
2023-03-07,398.7740478515625
2023-03-08,404.6295166015625
2023-03-09,401.8925476074219
2023-03-10,377.5836486816406
2023-03-13,379.7675476074219
2023-03-14,383.801513671875
2023-03-15,372.38623046875
2023-03-16,372.98699951171875
2023-03-17,367.636962890625
2023-03-20,376.2199401855469
2023-03-21,383.9350280761719
2023-03-22,376.66815185546875
2023-03-23,373.6927490234375
2023-03-24,368.5906066894531
2023-03-27,374.79901123046875
2023-03-28,377.030517578125
2023-03-29,382.2184753417969
2023-03-30,386.1980895996094
2023-03-31,394.9801025390625
2023-04-03,396.9986267089844
2023-04-04,380.419921875
2023-04-05,357.6134948730469
2023-04-06,353.6242370605469
2023-04-10,360.9712829589844
2023-04-11,364.3196105957031
2023-04-12,367.7253112792969
2023-04-13,368.0600891113281
2023-04-14,370.958740234375
2023-04-17,374.45050048828125
2023-04-18,379.4919738769531
2023-04-19,375.7419128417969
2023-04-20,373.43646240234375
2023-04-21,369.93511962890625
2023-04-24,371.21697998046875
2023-04-25,363.0185852050781
2023-04-26,358.36920166015625
2023-04-27,355.72894287109375
2023-04-28,361.63134765625
2023-05-01,365.5537109375
2023-05-02,367.16082763671875
2023-05-03,365.6492919921875
2023-05-04,357.3934326171875
2023-05-05,364.56829833984375
2023-05-08,363.7647399902344
2023-05-09,364.90313720703125
2023-05-10,363.8986511230469
2023-05-11,356.628173828125
2023-05-12,357.7665710449219
2023-05-15,354.1600036621094
2023-05-16,346.9564514160156
2023-05-17,352.11279296875
2023-05-18,354.4565734863281
2023-05-19,347.7886962890625
2023-05-22,344.87091064453125
2023-05-23,344.85186767578125
2023-05-24,338.7292785644531
2023-05-25,339.4945983886719
2023-05-26,341.7236328125
2023-05-30,335.4288635253906
2023-05-31,330.98046875
2023-06-01,337.28472900390625
2023-06-02,354.9827880859375
2023-06-05,347.8843688964844
2023-06-06,357.4891357421875
2023-06-07,365.2666320800781
2023-06-08,364.2622375488281
2023-06-09,362.4445495605469
2023-06-12,370.34649658203125
2023-06-13,380.9748229980469
2023-06-14,381.7496643066406
2023-06-15,388.89581298828125
2023-06-16,389.9576721191406
2023-06-20,390.2925720214844
2023-06-21,398.5293273925781
2023-06-22,397.6683044433594
2023-06-23,386.91558837890625
2023-06-26,392.4067077636719
2023-06-27,391.7561950683594
2023-06-28,387.6330871582031
2023-06-29,385.4068298339844
2023-06-30,388.8229675292969
2023-07-03,390.0608825683594
2023-07-05,388.3143615722656
2023-07-06,384.9653625488281
2023-07-07,388.9093322753906
2023-07-10,390.6462097167969
2023-07-11,397.08514404296875
2023-07-12,391.2028503417969
2023-07-13,393.00689697265625
2023-07-14,397.8624572753906
2023-07-17,403.6105651855469
2023-07-18,414.1278076171875
2023-07-19,418.55157470703125
2023-07-20,421.871826171875
2023-07-21,419.2809143066406
2023-07-24,424.7122802734375
2023-07-25,428.3011474609375
2023-07-26,415.46173095703125
2023-07-27,411.3065490722656
2023-07-28,409.8575134277344
2023-07-31,412.2469787597656
2023-08-01,415.9318542480469
2023-08-02,413.13934326171875
2023-08-03,406.81561279296875
2023-08-04,406.91162109375
2023-08-07,413.8879089355469
2023-08-08,413.07220458984375
2023-08-09,418.4748229980469
2023-08-10,417.0162048339844
2023-08-11,417.49603271484375
2023-08-14,419.96221923828125
2023-08-15,414.2428894042969
2023-08-16,406.81561279296875
2023-08-17,402.22869873046875
2023-08-18,380.9829406738281
2023-08-21,375.004638671875
2023-08-22,369.6499938964844
2023-08-23,378.3536682128906
2023-08-24,371.02227783203125
2023-08-25,374.4480285644531
2023-08-28,378.74713134765625
2023-08-29,387.7770080566406
2023-08-30,396.5765686035156
2023-08-31,394.3406982421875
2023-09-01,401.97918701171875
2023-09-05,397.6897277832031
2023-09-06,397.5553894042969
2023-09-07,395.09881591796875
2023-09-08,383.5163879394531
2023-09-11,384.1976623535156
2023-09-12,386.0113220214844
2023-09-13,385.9825439453125
2023-09-14,395.0508117675781
2023-09-15,395.46343994140625
2023-09-18,394.2447204589844
2023-09-19,382.5855407714844
2023-09-20,386.0784606933594
2023-09-21,371.98187255859375
2023-09-22,365.48541259765625
2023-09-25,368.8631591796875
2023-09-26,364.2955017089844
2023-09-27,368.8343811035156
2023-09-28,370.4906921386719
2023-09-29,363.4127197265625
2023-10-02,360.0038146972656
2023-10-03,358.9829406738281
2023-10-04,363.0467834472656
2023-10-05,361.7852783203125
2023-10-06,364.52978515625
2023-10-09,368.76690673828125
2023-10-10,376.37457275390625
2023-10-11,374.9493103027344
2023-10-12,368.1313781738281
2023-10-13,366.5713195800781
2023-10-16,376.085693359375
2023-10-17,376.64422607421875
2023-10-18,368.08319091796875
2023-10-19,367.25506591796875
2023-10-20,361.2652893066406
2023-10-23,359.454833984375
2023-10-24,359.7437438964844
2023-10-25,358.14520263671875
2023-10-26,355.8629150390625
2023-10-27,347.7834167480469
2023-10-30,354.18731689453125
2023-10-31,351.83758544921875
2023-11-01,356.7584533691406
2023-11-02,359.73406982421875
2023-11-03,368.0543212890625
2023-11-06,364.25054931640625
2023-11-07,355.573974609375
2023-11-08,355.69915771484375
2023-11-09,355.93994140625
2023-11-10,360.1482238769531
2023-11-13,356.07476806640625
2023-11-14,361.08233642578125
2023-11-15,366.7735900878906
2023-11-16,364.549072265625
2023-11-17,369.93218994140625
2023-11-20,366.25347900390625
2023-11-21,368.4876708984375
2023-11-22,357.0377502441406
2023-11-24,356.4888610839844
2023-11-27,348.80419921875
2023-11-28,346.6952209472656
2023-11-29,350.4701843261719
2023-11-30,350.92279052734375
2023-12-01,355.159912109375
2023-12-04,355.27545166015625
2023-12-05,347.7738342285156
2023-12-06,352.01092529296875
2023-12-07,347.850830078125
2023-12-08,350.2101745605469
2023-12-11,347.6678466796875
2023-12-12,346.0885925292969
2023-12-13,363.05645751953125
2023-12-14,374.0441589355469
2023-12-15,371.7811279296875
2023-12-18,368.5935974121094
2023-12-19,379.3598327636719
2023-12-20,372.9270935058594
2023-12-21,378.781982421875
2023-12-22,382.13323974609375
2023-12-26,386.4184875488281
2023-12-27,386.77490234375
2023-12-28,385.89532470703125
2023-12-29,386.4848937988281
2024-01-02,387.4901123046875
2024-01-03,380.1831359863281
2024-01-04,379.25531005859375
2024-01-05,382.7057189941406
2024-01-08,384.6581726074219
2024-01-09,380.05755615234375
2024-01-10,380.5310974121094
2024-01-11,377.15789794921875
2024-01-12,373.5721435546875
2024-01-16,372.4509582519531
2024-01-17,365.9365234375
2024-01-18,368.6235046386719
2024-01-19,369.9090270996094
2024-01-22,371.7164306640625
2024-01-23,374.49029541015625
2024-01-24,375.4085388183594
2024-01-25,379.8545227050781
2024-01-26,380.4441223144531
2024-01-29,384.3681945800781
2024-01-30,383.64337158203125
2024-01-31,380.4054260253906
2024-02-01,380.5020751953125
2024-02-02,379.458251953125
2024-02-05,373.108154296875
2024-02-06,375.882080078125
2024-02-07,373.0308532714844
2024-02-08,372.91485595703125
2024-02-09,368.52685546875
2024-02-12,376.355712890625
2024-02-13,366.5743713378906
2024-02-14,371.9000244140625
2024-02-15,352.4534912109375
2024-02-16,348.6067199707031
2024-02-20,345.4172058105469
2024-02-21,345.3302001953125
2024-02-22,344.8372802734375
2024-02-23,352.4534912109375
2024-02-26,351.0520935058594
2024-02-27,348.5873718261719
2024-02-28,352.5985107421875
2024-02-29,352.8304443359375
2024-03-01,355.5367126464844
2024-03-04,352.2215576171875
2024-03-05,354.4542236328125
2024-03-06,354.3575744628906
2024-03-07,362.7567138671875
2024-03-08,361.5775451660156
2024-03-11,362.4956970214844
2024-03-12,360.176025390625
2024-03-13,366.1685485839844
2024-03-14,367.5023193359375
2024-03-15,370.5565490722656
2024-03-18,372.4122314453125
2024-03-19,378.4047546386719
2024-03-20,380.8597106933594
2024-03-21,384.3294982910156
2024-03-22,385.5086975097656
2024-03-25,384.70648193359375
2024-03-26,385.1800537109375
2024-03-27,396.9086608886719
2024-03-28,398.4608154296875
2024-04-01,392.05810546875
2024-04-02,391.9223327636719
2024-04-03,393.89166259765625
2024-04-04,394.9393615722656
2024-04-05,400.20697021484375
2024-04-08,398.4705505371094
2024-04-09,399.1787109375
2024-04-10,399.6540222167969
2024-04-11,400.498046875
2024-04-12,385.39349365234375
2024-04-15,382.0272216796875
2024-04-16,381.2608642578125
2024-04-17,385.0151672363281
2024-04-18,388.6239318847656
2024-04-19,388.35235595703125
2024-04-22,387.6634826660156
2024-04-23,385.3352966308594
2024-04-24,382.8227233886719
2024-04-25,382.27947998046875
2024-04-26,381.5712585449219
2024-04-29,388.9731750488281
2024-04-30,379.70867919921875
2024-05-01,375.9156494140625
2024-05-02,384.12261962890625
2024-05-03,388.9731750488281
2024-05-06,389.82684326171875
2024-05-07,393.4454040527344
2024-05-08,393.29986572265625
2024-05-09,396.7728576660156
2024-05-10,395.696044921875
2024-05-13,395.79302978515625
2024-05-14,400.4398193359375
2024-05-15,401.6427307128906
2024-05-16,382.638427734375
2024-05-17,385.1509704589844
2024-05-20,379.7766418457031
2024-05-21,375.17828369140625
2024-05-22,374.47015380859375
2024-05-23,367.90252685546875
2024-05-24,363.75048828125
2024-05-28,358.23052978515625
2024-05-29,354.0688781738281
2024-05-30,357.33807373046875
2024-05-31,363.55645751953125
2024-06-03,357.1149597167969
2024-06-04,358.3275451660156
2024-06-05,359.8991394042969
2024-06-06,360.1707458496094
2024-06-07,357.5611572265625
2024-06-10,357.2895202636719
2024-06-11,354.21435546875
2024-06-12,359.0260314941406
2024-06-13,366.6510925292969
2024-06-14,366.6996154785156
2024-06-17,367.88311767578125
2024-06-18,371.3172912597656
2024-06-20,370.1240539550781
2024-06-21,363.8280944824219
2024-06-24,366.8645324707031
2024-06-25,358.4245910644531
2024-06-26,365.00189208984375
2024-06-27,365.5257873535156
2024-06-28,363.8798522949219
2024-07-01,351.5697021484375
2024-07-02,355.4263610839844
2024-07-03,353.32275390625
2024-07-05,350.6347351074219
2024-07-08,345.73602294921875
2024-07-09,339.73675537109375
2024-07-10,342.35662841796875
2024-07-11,352.16375732421875
2024-07-12,355.7964782714844
2024-07-15,361.97100830078125
2024-07-16,367.65863037109375
2024-07-17,375.07977294921875
2024-07-18,370.7069396972656
2024-07-19,368.1942138671875
2024-07-22,369.3531799316406
2024-07-23,361.82489013671875
2024-07-24,359.75054931640625
2024-07-25,371.7295227050781
2024-07-26,376.4626770019531
2024-07-29,366.9378662109375
2024-07-30,362.0683898925781
2024-07-31,362.27288818359375
2024-08-01,348.5700988769531
2024-08-02,344.51861572265625
2024-08-05,335.8411865234375
2024-08-06,337.029296875
2024-08-07,336.9513854980469
2024-08-08,340.0289306640625
2024-08-09,337.00006103515625
2024-08-12,336.0067138671875
2024-08-13,341.44110107421875
2024-08-14,342.1131286621094
2024-08-15,363.51953125
2024-08-16,368.0579528808594
2024-08-19,363.17864990234375
2024-08-20,362.8669738769531
2024-08-21,367.2105712890625
2024-08-22,366.7625732421875
2024-08-23,371.2327880859375
2024-08-26,373.09295654296875
2024-08-27,366.16851806640625
2024-08-28,368.0871276855469
2024-08-29,371.8560791015625
2024-08-30,375.6738586425781
2024-09-03,375.62518310546875
2024-09-04,381.7218017578125
2024-09-05,373.6773376464844
2024-09-06,371.6029052734375
2024-09-09,377.12493896484375
2024-09-10,377.193115234375
2024-09-11,378.4494934082031
2024-09-12,376.9009704589844
2024-09-13,384.38055419921875
2024-09-16,384.361083984375
2024-09-17,387.4970397949219
2024-09-18,390.60382080078125
2024-09-19,399.037841796875
2024-09-20,395.2980041503906
2024-09-23,398.2781677246094
2024-09-24,400.1675720214844
2024-09-25,396.3108825683594
2024-09-26,400.7323913574219
2024-09-27,407.09197998046875
2024-09-30,407.8738708496094
2024-10-01,407.0040588378906
2024-10-02,407.0528869628906
2024-10-03,399.478515625
2024-10-04,398.7454833984375
2024-10-07,396.8397216796875
2024-10-08,391.210205078125
2024-10-09,396.2923583984375
2024-10-10,396.56597900390625
2024-10-11,401.76544189453125
2024-10-14,398.48162841796875
2024-10-15,392.88140869140625
2024-10-16,400.09417724609375
2024-10-17,395.9601135253906
2024-10-18,399.46875
2024-10-21,397.7388000488281
2024-10-22,397.43585205078125
2024-10-23,399.3807373046875
2024-10-24,401.7557067871094
2024-10-25,398.6867980957031
2024-10-28,403.0066833496094
2024-10-29,396.8397216796875
2024-10-30,395.5202941894531
2024-10-31,395.5202941894531
2024-11-01,391.3470764160156
2024-11-04,392.5784606933594
2024-11-05,391.29815673828125
2024-11-06,396.5171203613281
2024-11-07,401.8436279296875
2024-11-08,385.1310729980469
2024-11-11,393.5265197753906
2024-11-12,384.828125
2024-11-13,380.6255798339844
2024-11-14,385.697998046875
2024-11-15,389.9103088378906
2024-11-18,395.3638916015625
2024-11-19,391.02447509765625
2024-11-20,395.7841491699219
2024-11-21,427.62591552734375
2024-11-22,436.5295104980469
2024-11-25,452.2060241699219
2024-11-26,450.5934753417969
2024-11-27,455.44110107421875
2024-11-29,455.3432922363281
2024-12-02,452.4601745605469
2024-12-03,448.8440246582031
2024-12-04,445.92181396484375
2024-12-05,437.96612548828125
2024-12-06,433.9395446777344
2024-12-09,439.2269592285156
2024-12-10,433.9004211425781
2024-12-11,437.87823486328125
2024-12-12,429.52197265625
2024-12-13,430.4601745605469
2024-12-16,428.4859619140625
2024-12-17,433.5388488769531
2024-12-18,416.347412109375
2024-12-19,416.963134765625
2024-12-20,422.6903381347656
2024-12-23,422.5828552246094
2024-12-24,423.0324401855469
2024-12-26,424.009765625
2024-12-27,420.3154602050781
2024-12-30,415.01824951171875
2024-12-31,415.6853942871094
2025-01-02,410.2697448730469
2025-01-03,414.23333740234375
2025-01-06,410.09320068359375
2025-01-07,405.4526672363281
2025-01-08,402.2445068359375
2025-01-10,400.8415832519531
2025-01-13,421.7779235839844
2025-01-14,424.13250732421875
2025-01-15,420.76739501953125
2025-01-16,430.8038330078125
2025-01-17,446.8249816894531
2025-01-21,454.3891296386719
2025-01-22,451.053466796875
2025-01-23,465.740234375
2025-01-24,469.713623046875
2025-01-27,474.99188232421875
2025-01-28,470.9106140136719
2025-01-29,469.1152038574219
2025-01-30,470.9106140136719
2025-01-31,467.54547119140625
2025-02-03,458.21533203125
2025-02-04,463.33660888671875
2025-02-05,458.83343505859375
2025-02-06,456.18450927734375
2025-02-07,456.79278564453125
2025-02-10,461.0899353027344
2025-02-11,465.3282165527344
2025-02-12,467.54547119140625
2025-02-13,457.40106201171875
2025-02-14,471.1362609863281
2025-02-18,492.0726318359375
2025-02-19,499.63671875
2025-02-20,486.4117126464844
2025-02-21,480.71160888671875
2025-02-24,475.38433837890625
2025-02-25,478.3668212890625
2025-02-26,469.4684143066406
2025-02-27,471.4599609375
2025-02-28,471.6954345703125
2025-03-03,457.0184020996094
2025-03-04,449.7093505859375
2025-03-05,458.6568603515625
2025-03-06,473.70672607421875
2025-03-07,490.16925048828125
2025-03-10,479.5343017578125
2025-03-11,466.50555419921875
2025-03-12,462.4536437988281
2025-03-13,458.2546081542969
2025-03-14,468.4676818847656
2025-03-17,473.2259521484375
2025-03-18,472.0682678222656
2025-03-19,470.3415222167969
2025-03-20,467.9967346191406
2025-03-21,463.4935607910156
2025-03-24,470.8811340332031
2025-03-25,469.87060546875
2025-03-26,474.4718933105469
2025-03-27,470.6456604003906
2025-03-28,456.5082702636719
2025-03-31,462.08062744140625
2025-04-01,471.0397033691406
2025-04-02,463.60662841796875
2025-04-03,440.5198059082031
2025-04-04,423.2022399902344
2025-04-07,416.7930603027344
2025-04-08,406.593505859375
2025-04-09,445.5802001953125
2025-04-10,437.3103332519531
2025-04-11,452.0188903808594
2025-04-14,460.4266357421875
2025-04-15,454.1159362792969
2025-04-16,445.4128112792969
2025-04-17,445.06829833984375
2025-04-21,434.72100830078125
2025-04-22,447.61810302734375
2025-04-23,449.37054443359375
2025-04-24,457.3155517578125
2025-04-25,452.1862487792969
2025-04-28,453.0723571777344
2025-04-29,453.5055236816406
2025-04-30,456.3802795410156
2025-05-01,472.5853576660156
2025-05-02,474.2098388671875
2025-05-05,473.8848876953125
2025-05-06,467.9384460449219
2025-05-07,465.0833435058594
2025-05-08,482.40093994140625
2025-05-09,484.97052001953125
2025-05-12,487.9437561035156
2025-05-13,490.8480529785156
2025-05-14,489.7946472167969
2025-05-15,508.3231506347656
2025-05-16,523.2483520507812
2025-05-19,521.6239013671875
2025-05-20,518.1781616210938
2025-05-21,506.68878173828125
2025-05-22,507.6634826660156
2025-05-23,502.1600646972656
2025-05-27,501.73675537109375
2025-05-28,500.12213134765625
2025-05-29,495.6524963378906
2025-05-30,498.4189453125
2025-06-02,499.9744873046875
2025-06-03,505.2022705078125
2025-06-04,499.9154052734375
2025-06-05,502.8393859863281
2025-06-06,511.9363098144531
2025-06-09,513.60009765625
2025-06-10,507.8309020996094
2025-06-11,512.773193359375
2025-06-12,508.854736328125
2025-06-13,501.6973571777344
2025-06-16,516.3173828125
2025-06-17,515.017822265625
2025-06-18,516.8489990234375
2025-06-20,513.3048095703125
2025-06-23,506.1178283691406
2025-06-24,506.1374816894531
2025-06-25,498.8915100097656
2025-06-26,500.6537780761719
2025-06-27,505.3893127441406
2025-06-30,502.1992492675781
2025-07-01,502.07086181640625
2025-07-02,513.873046875
2025-07-03,514.5248413085938
2025-07-07,503.97698974609375
2025-07-08,502.61407470703125
2025-07-09,503.02886962890625
2025-07-10,512.7767333984375
2025-07-11,506.07073974609375
2025-07-14,501.33013916015625
2025-07-15,497.2413635253906
2025-07-16,501.4486999511719
2025-07-17,492.9649353027344
2025-07-18,493.6365051269531
2025-07-21,490.100830078125
2025-07-22,499.43389892578125
2025-07-23,508.796630859375
2025-07-24,508.2928771972656
2025-07-25,510.9792785644531
2025-07-28,504.2337646484375
2025-07-29,506.1596374511719
2025-07-30,501.5869445800781
2025-07-31,517.8827514648438
2025-08-01,494.7821960449219
2025-08-04,504.24365234375
2025-08-05,502.28814697265625
2025-08-06,503.3350524902344
2025-08-07,500.37213134765625
2025-08-08,504.0559997558594
2025-08-11,500.7079772949219
2025-08-12,499.5919189453125
2025-08-13,507.1867370605469
2025-08-14,472.9160461425781
2025-08-15,482.75286865234375
2025-08-18,485.05401611328125
2025-08-19,483.38494873046875
2025-08-20,486.6243591308594
2025-08-21,480.73809814453125
2025-08-22,489.8539123535156
2025-08-25,481.8639831542969
2025-08-26,481.7257385253906
2025-08-27,486.97991943359375
2025-08-28,485.3601989746094
2025-08-29,472.71856689453125
2025-09-02,470.8815612792969
2025-09-03,463.71136474609375
2025-09-04,469.0248107910156
2025-09-05,467.4051208496094
2025-09-08,475.5530700683594
2025-09-09,469.7161560058594
2025-09-10,465.51873779296875
2025-09-11,470.5655212402344
2025-09-12,464.68914794921875
2025-09-15,463.3064270019531
2025-09-16,462.90155029296875
2025-09-17,463.3163146972656
2025-09-18,470.229736328125
2025-09-19,463.8200378417969
2025-09-22,463.2274169921875
2025-09-23,465.8348083496094
2025-09-24,463.1385498046875
2025-09-25,460.92626953125
2025-09-26,458.2497863769531
2025-09-29,459.7312316894531
2025-09-30,453.1802062988281
2025-10-01,447.6995544433594
2025-10-02,457.6994934082031
2025-10-03,458.75006103515625
2025-10-06,453.229736328125
2025-10-07,457.3923034667969
2025-10-08,456.6390686035156
2025-10-09,452.14947509765625
2025-10-10,442.3675842285156
2025-10-13,435.1921081542969
2025-10-14,443.95330810546875
2025-10-15,444.4587097167969
2025-10-16,453.08111572265625
2025-10-17,454.40911865234375
2025-10-20,458.3139953613281
2025-10-21,455.7173767089844
2025-10-22,458.2347106933594
2025-10-23,465.2317199707031
2025-10-24,468.54193115234375
2025-10-27,473.83428955078125
2025-10-28,464.0126953125
2025-10-29,469.265380859375
2025-10-30,461.2574768066406
2025-10-31,457.5111999511719
2025-11-03,457.8184509277344
2025-11-04,464.1217041015625
2025-11-05,469.463623046875
2025-11-06,471.1385192871094
2025-11-07,463.61627197265625
2025-11-10,470.1573791503906
2025-11-11,473.6856384277344
2025-11-12,476.4903564453125
2025-11-13,469.1861267089844
2025-11-14,471.9809265136719
2025-11-17,471.73321533203125
2025-11-18,469.6221923828125
2025-11-19,470.5339660644531
2025-11-20,472.0800476074219
2025-11-21,482.8927001953125
2025-11-24,482.8828125
2025-11-25,493.685546875
2025-11-26,465.6777038574219
2025-11-28,460.345703125
2025-12-01,463.9333801269531
2025-12-02,464.964111328125
2025-12-03,477.5210876464844
2025-12-04,478.72027587890625
2025-12-05,470.8709411621094
2025-12-08,462.1890869140625
2025-12-09,458.730224609375
2025-12-10,464.7163391113281
2025-12-11,471.69354248046875
2025-12-12,480.4744567871094
2025-12-15,483.6558532714844
2025-12-16,481.1087646484375
2025-12-17,476.7083740234375
2025-12-18,470.81146240234375
2025-12-19,466.3714599609375
2025-12-22,464.5874938964844
2025-12-23,462.05035400390625
2025-12-24,463.26934814453125
2025-12-26,464.74609375
2025-12-29,466.0444030761719
2025-12-30,465.7470703125
2025-12-31,463.0121765136719
2026-01-02,464.2353820800781
2026-01-05,463.53924560546875
2026-01-06,483.3100280761719
2026-01-07,472.58929443359375
2026-01-08,498.0486145019531
2026-01-09,485.39849853515625
2026-01-12,488.04388427734375
2026-01-13,496.7756652832031
2026-01-14,509.2864990234375
2026-01-15,512.2103271484375
2026-01-16,511.5739440917969
2026-01-20,505.88531494140625
2026-01-21,526.6008911132812
2026-01-22,519.5100708007812
2026-01-23,511.60369873046875
2026-01-26,513.7021484375
2026-01-27,516.3375854492188
2026-01-28,522.1256103515625
2026-01-29,527.1578369140625
2026-01-30,525.0991821289062
2026-02-02,529.3258666992188
2026-02-03,542.0057983398438
2026-02-04,564.1434936523438
2026-02-05,562.6218872070312
2026-02-06,579.9064331054688
2026-02-09,582.4523315429688
2026-02-10,590.1498413085938
2026-02-11,609.3239135742188
2026-02-12,594.823974609375
2026-02-13,599.6075439453125
2026-02-17,597.5390625
2026-02-18,590.0105590820312
2026-02-19,658.3629760742188
2026-02-20,658.8502807617188
2026-02-23,643.2863159179688
2026-02-24,640.9989013671875
2026-02-25,620.1838989257812
2026-02-26,616.0567016601562
2026-02-27,626.2504272460938
2026-03-02,627.4139404296875
2026-03-03,615.8180541992188
2026-03-04,610.6664428710938
2026-03-05,587.4447631835938
2026-03-06,586.5298461914062
2026-03-09,596.1864624023438
2026-03-10,589.463623046875
2026-03-11,590.7763671875
2026-03-12,582.6115112304688
2026-03-13,574.3272094726562
2026-03-16,569.3347778320312
2026-03-17,571.1050415039062
2026-03-18,567.8828735351562
2026-03-19,564.4617309570312
2026-03-20,556.6548461914062
2026-03-23,565.90380859375
2026-03-24,579.81689453125
2026-03-25,574.8145141601562
2026-03-26,577.9970092773438
2026-03-27,563.5269165039062
2026-03-30,552.4481201171875
2026-03-31,561.84375
2026-04-01,569.224609375
2026-04-02,574.2216796875
2026-04-06,573.603271484375
2026-04-07,574.5109252929688
2026-04-08,607.7447509765625
2026-04-09,616.40234375
2026-04-10,603.4359130859375
2026-04-13,601.48095703125
2026-04-14,594.4990844726562
2026-04-15,575.1492919921875
2026-04-16,582.6797485351562
2026-04-17,588.9335327148438
2026-04-20,592.9830322265625
2026-04-21,585.7816772460938
2026-04-22,578.4906005859375
2026-04-23,590.419677734375
2026-04-24,561.1854858398438
2026-04-27,566.222412109375
2026-04-28,562.4022827148438
2026-04-29,558.572265625
2026-04-30,588.3450317382812
2026-05-01,575.7676391601562
2026-05-04,576.8947143554688
2026-05-05,574.3014526367188
2026-05-06,590.1104736328125
2026-05-07,579.0391235351562
2026-05-08,573.3539428710938
2026-05-11,587.2179565429688
2026-05-12,587.6668090820312
2026-05-13,579.14892578125
2026-05-14,573.1544189453125
2026-05-15,560.3775634765625
2026-05-18,563.0306396484375
2026-05-19,556.6272583007812
2026-05-20,559.0111083984375
2026-05-21,529.976318359375
2026-05-22,527.7820434570312
2026-05-26,527.7520751953125
2026-05-27,528.0214233398438
2026-05-28,537.6065673828125
2026-05-29,540.7783203125
2026-06-01,541.0277099609375
2026-06-02,577.7525024414062
2026-06-03,586.7691040039062
2026-06-04,590.22021484375
2026-06-05,581.9317016601562
2026-06-08,572.1769409179688
2026-06-09,575.8374633789062
2026-06-10,558.6021118164062
2026-06-11,567.169921875
2026-06-12,575.987060546875
2026-06-15,573.9822387695312
2026-06-16,583.77685546875
2026-06-17,586.9486694335938
2026-06-18,587.7166748046875
2026-06-22,597.0425415039062
2026-06-23,590.4097290039062
2026-06-24,599.1968994140625
2026-06-25,629.1293334960938
2026-06-26,611.6546020507812
2026-06-29,625.010009765625
2026-06-30,634.3300170898438
2026-07-01,627.6300048828125
2026-07-02,621.27001953125
2026-07-06,635.239990234375
2026-07-07,603.6099853515625
2026-07-08,596.739990234375
2026-07-09,592.9000244140625
2026-07-10,586.8599853515625
2026-07-13,585.6400146484375
2026-07-14,584.4000244140625
2026-07-15,589.47998046875
2026-07-16,598.969970703125
2026-07-17,597.239990234375
2026-07-20,586.0
2026-07-21,586.8800048828125
2026-07-22,607.3300170898438
2026-07-23,610.02001953125
2026-07-24,628.1599731445312
2026-07-27,625.02001953125
2026-07-28,639.8400268554688
2026-07-29,610.9500122070312
2026-07-30,599.469970703125
2026-07-31,592.6699829101562
2026-08-03,605.0599975585938
2026-08-04,617.3699951171875
2026-08-05,612.0
2026-08-06,614.8400268554688
2026-08-07,620.8300170898438
2026-08-10,609.280029296875
2026-08-11,617.9500122070312
2026-08-12,619.77001953125
2026-08-13,612.3800048828125
2026-08-14,608.8499755859375
2026-08-17,599.9199829101562
2026-08-18,588.719970703125
2026-08-19,580.6300048828125
2026-08-20,620.9400024414062
2026-08-21,647.469970703125
2026-08-24,648.6400146484375
2026-08-25,630.6599731445312
2026-08-26,634.5399780273438
2026-08-27,622.6599731445312
2026-08-28,630.3300170898438
2026-08-31,654.9099731445312
2026-09-01,676.0800170898438
2026-09-02,698.3699951171875
2026-09-03,694.4099731445312
2026-09-04,693.530029296875
2026-09-08,680.72998046875
2026-09-09,677.2100219726562
2026-09-10,677.9400024414062
2026-09-11,675.739990234375
2026-09-14,681.4600219726562
2026-09-15,684.0399780273438
2026-09-16,669.469970703125
2026-09-17,685.6300048828125
2026-09-18,683.989990234375
2026-09-21,684.72998046875
2026-09-22,703.1199951171875
2026-09-23,709.47998046875
2026-09-24,694.9400024414062
2026-09-25,690.4600219726562
2026-09-28,689.5900268554688
2026-09-29,680.5
