date,value
1986-03-12,0.05023761838674545
1986-03-13,0.05146276205778122
1986-03-14,0.05330084636807442
1986-03-17,0.05207492783665657
1986-03-18,0.050849780440330505
1986-03-19,0.049624647945165634
1986-03-20,0.049624647945165634
1986-03-21,0.04778655618429184
1986-03-24,0.04778655618429184
1986-03-25,0.04778655618429184
1986-03-26,0.04839950427412987
1986-03-27,0.05023761838674545
1986-03-31,0.050849780440330505
1986-04-01,0.04839950427412987
1986-04-02,0.04778655618429184
1986-04-03,0.049624647945165634
1986-04-04,0.04901168495416641
1986-04-07,0.049624647945165634
1986-04-08,0.049624647945165634
1986-04-09,0.049624647945165634
1986-04-10,0.049624647945165634
1986-04-11,0.050849780440330505
1986-04-14,0.050849780440330505
1986-04-15,0.05146276205778122
1986-04-16,0.05391300097107887
1986-04-17,0.05881433188915253
1986-04-18,0.06371567398309708
1986-04-21,0.0698421448469162
1986-04-22,0.06616591662168503
1986-04-23,0.0643286481499672
1986-04-24,0.06555376201868057
1986-04-25,0.06677889078855515
1986-04-28,0.06739186495542526
1986-04-29,0.06677889078855515
1986-04-30,0.06126461550593376
1986-05-01,0.062490541487932205
1986-05-02,0.05881433188915253
1986-05-05,0.0600394606590271
1986-05-06,0.061877597123384476
1986-05-07,0.06310269981622696
1986-05-08,0.06371567398309708
1986-05-09,0.06494080275297165
1986-05-12,0.0643286481499672
1986-05-13,0.06616591662168503
1986-05-14,0.0643286481499672
1986-05-15,0.06555376201868057
1986-05-16,0.06616591662168503
1986-05-19,0.062490541487932205
1986-05-20,0.062490541487932205
1986-05-21,0.06310269981622696
1986-05-22,0.06126461550593376
1986-05-23,0.0600394606590271
1986-05-27,0.06065244600176811
1986-05-28,0.06065244600176811
1986-05-29,0.058201391249895096
1986-05-30,0.05758921429514885
1986-06-02,0.05575111135840416
1986-06-03,0.057282704859972
1986-06-04,0.05758921429514885
1986-06-05,0.06126461550593376
1986-06-06,0.06126461550593376
1986-06-09,0.06065244600176811
1986-06-10,0.05942729115486145
1986-06-11,0.06126461550593376
1986-06-12,0.06065244600176811
1986-06-13,0.06126461550593376
1986-06-16,0.06065244600176811
1986-06-17,0.0600394606590271
1986-06-18,0.05942729115486145
1986-06-19,0.06034596636891365
1986-06-20,0.05942729115486145
1986-06-23,0.06065244600176811
1986-06-24,0.06065244600176811
1986-06-25,0.0600394606590271
1986-06-26,0.06065244600176811
1986-06-27,0.05942729115486145
1986-06-30,0.059733010828495026
1986-07-01,0.06065244600176811
1986-07-02,0.05942729115486145
1986-07-03,0.05942729115486145
1986-07-07,0.05881433188915253
1986-07-08,0.058201391249895096
1986-07-09,0.05881433188915253
1986-07-10,0.05881433188915253
1986-07-11,0.058201391249895096
1986-07-14,0.05942729115486145
1986-07-15,0.0526878796517849
1986-07-16,0.04349818453192711
1986-07-17,0.046561408787965775
1986-07-18,0.045948468148708344
1986-07-21,0.0453362911939621
1986-07-22,0.04411114752292633
1986-07-23,0.04349818453192711
1986-07-24,0.04104790836572647
1986-07-25,0.040434956550598145
1986-07-28,0.03982200473546982
1986-07-29,0.03890334814786911
1986-07-30,0.039209816604852676
1986-07-31,0.03798467665910721
1986-08-01,0.03798467665910721
1986-08-04,0.036146603524684906
1986-08-05,0.03553363308310509
1986-08-06,0.036452289670705795
1986-08-07,0.037371739745140076
1986-08-08,0.037371739745140076
1986-08-11,0.03553363308310509
1986-08-12,0.037371739745140076
1986-08-13,0.03890334814786911
1986-08-14,0.03890334814786911
1986-08-15,0.03890334814786911
1986-08-18,0.03890334814786911
1986-08-19,0.039209816604852676
1986-08-20,0.037371739745140076
1986-08-21,0.037371739745140076
1986-08-22,0.037371739745140076
1986-08-25,0.03798467665910721
1986-08-26,0.03553363308310509
1986-08-27,0.037371739745140076
1986-08-28,0.038596849888563156
1986-08-29,0.040434956550598145
1986-09-02,0.04166009649634361
1986-09-03,0.04166009649634361
1986-09-04,0.039209816604852676
1986-09-05,0.038596849888563156
1986-09-08,0.03798467665910721
1986-09-09,0.038596849888563156
1986-09-10,0.037371739745140076
1986-09-11,0.03308336064219475
1986-09-12,0.03553363308310509
1986-09-15,0.03430849686264992
1986-09-16,0.03675876185297966
1986-09-17,0.03798467665910721
1986-09-18,0.03675876185297966
1986-09-19,0.037371739745140076
1986-09-22,0.03798467665910721
1986-09-23,0.039209816604852676
1986-09-24,0.038596849888563156
1986-09-25,0.038596849888563156
1986-09-26,0.034920673817396164
1986-09-29,0.033695537596940994
1986-09-30,0.034920673817396164
1986-10-01,0.034920673817396164
1986-10-02,0.03430849686264992
1986-10-03,0.033695537596940994
1986-10-06,0.03430849686264992
1986-10-07,0.03675876185297966
1986-10-08,0.04227304458618164
1986-10-09,0.04472331330180168
1986-10-10,0.04349818453192711
1986-10-13,0.04349818453192711
1986-10-14,0.042885225266218185
1986-10-15,0.04411114752292633
1986-10-16,0.04472331330180168
1986-10-17,0.04472331330180168
1986-10-20,0.04472331330180168
1986-10-21,0.04411114752292633
1986-10-22,0.04349818453192711
1986-10-23,0.04349818453192711
1986-10-24,0.04411114752292633
1986-10-27,0.042885225266218185
1986-10-28,0.04411114752292633
1986-10-29,0.04349818453192711
1986-10-30,0.04411114752292633
1986-10-31,0.04411114752292633
1986-11-03,0.04349818453192711
1986-11-04,0.04717439413070679
1986-11-05,0.04778655618429184
1986-11-06,0.04778655618429184
1986-11-07,0.04839950427412987
1986-11-10,0.04778655618429184
1986-11-11,0.049624647945165634
1986-11-12,0.05023761838674545
1986-11-13,0.04901168495416641
1986-11-14,0.049624647945165634
1986-11-17,0.04901168495416641
1986-11-18,0.04717439413070679
1986-11-19,0.046561408787965775
1986-11-20,0.04778655618429184
1986-11-21,0.049624647945165634
1986-11-24,0.05023761838674545
1986-11-25,0.052994366735219955
1986-11-26,0.0526878796517849
1986-11-28,0.0526878796517849
1986-12-01,0.050849780440330505
1986-12-02,0.049624647945165634
1986-12-03,0.04778655618429184
1986-12-04,0.04901168495416641
1986-12-05,0.04901168495416641
1986-12-08,0.049624647945165634
1986-12-09,0.049624647945165634
1986-12-10,0.049624647945165634
1986-12-11,0.04901168495416641
1986-12-12,0.04901168495416641
1986-12-15,0.04839950427412987
1986-12-16,0.04901168495416641
1986-12-17,0.04778655618429184
1986-12-18,0.04839950427412987
1986-12-19,0.04839950427412987
1986-12-22,0.04778655618429184
1986-12-23,0.04778655618429184
1986-12-24,0.04778655618429184
1986-12-26,0.046561408787965775
1986-12-29,0.046561408787965775
1986-12-30,0.04717439413070679
1986-12-31,0.050849780440330505
1987-01-02,0.050849780440330505
1987-01-05,0.05391300097107887
1987-01-06,0.05513815954327583
1987-01-07,0.05391300097107887
1987-01-08,0.056364063173532486
1987-01-09,0.06310269981622696
1987-01-12,0.06065244600176811
1987-01-13,0.06126461550593376
1987-01-14,0.06616591662168503
1987-01-15,0.06739186495542526
1987-01-16,0.06555376201868057
1987-01-19,0.07045508921146393
1987-01-20,0.07106726616621017
1987-01-21,0.06861699372529984
1987-01-22,0.07229237258434296
1987-01-23,0.06861699372529984
1987-01-26,0.06677889078855515
1987-01-27,0.06739186495542526
1987-01-28,0.0643286481499672
1987-01-29,0.06616591662168503
1987-01-30,0.06616591662168503
1987-02-02,0.07229237258434296
1987-02-03,0.0716802254319191
1987-02-04,0.07106726616621017
1987-02-05,0.0716802254319191
1987-02-06,0.07045508921146393
1987-02-09,0.07229237258434296
1987-02-10,0.07290536910295486
1987-02-11,0.07658156007528305
1987-02-12,0.08393316715955734
1987-02-13,0.08699636906385422
1987-02-17,0.08944662660360336
1987-02-18,0.09189769625663757
1987-02-19,0.09005959331989288
1987-02-20,0.08944662660360336
1987-02-23,0.0863834097981453
1987-02-24,0.08760930597782135
1987-02-25,0.08699636906385422
1987-02-26,0.0906725823879242
1987-02-27,0.09434797614812851
1987-03-02,0.09373578429222107
1987-03-03,0.09618605673313141
1987-03-04,0.10169956088066101
1987-03-05,0.10598873347043991
1987-03-06,0.10292552411556244
1987-03-09,0.09679900854825974
1987-03-10,0.09679900854825974
1987-03-11,0.09679900854825974
1987-03-12,0.09496093541383743
1987-03-13,0.09373578429222107
1987-03-16,0.09312281757593155
1987-03-17,0.09312281757593155
1987-03-18,0.09863634407520294
1987-03-19,0.10292552411556244
1987-03-20,0.10353764146566391
1987-03-23,0.10231252014636993
1987-03-24,0.09802418202161789
1987-03-25,0.10047445446252823
1987-03-26,0.10660091042518616
1987-03-27,0.11027706414461136
1987-03-30,0.10292552411556244
1987-03-31,0.10782600194215775
1987-04-01,0.10782600194215775
1987-04-02,0.11579053103923798
1987-04-03,0.12375519424676895
1987-04-06,0.12865643203258514
1987-04-07,0.12130489200353622
1987-04-08,0.11640356481075287
1987-04-09,0.11762866377830505
1987-04-10,0.11762866377830505
1987-04-13,0.11150222271680832
1987-04-14,0.10415060818195343
1987-04-15,0.11395328491926193
1987-04-16,0.11640356481075287
1987-04-20,0.11885382235050201
1987-04-21,0.12007974833250046
1987-04-22,0.12007974833250046
1987-04-23,0.11885382235050201
1987-04-24,0.11762866377830505
1987-04-27,0.11027706414461136
1987-04-28,0.11640356481075287
1987-04-29,0.12007974833250046
1987-04-30,0.1151784285902977
1987-05-01,0.1127273440361023
1987-05-04,0.11395328491926193
1987-05-05,0.11762866377830505
1987-05-06,0.11640356481075287
1987-05-07,0.12130489200353622
1987-05-08,0.12865643203258514
1987-05-11,0.1323326826095581
1987-05-12,0.1323326826095581
1987-05-13,0.1335577815771103
1987-05-14,0.13723398745059967
1987-05-15,0.13600808382034302
1987-05-18,0.12498027831315994
1987-05-19,0.1151784285902977
1987-05-20,0.11762866377830505
1987-05-21,0.11762866377830505
1987-05-22,0.11762866377830505
1987-05-26,0.12007974833250046
1987-05-27,0.12253007292747498
1987-05-28,0.1262061893939972
1987-05-29,0.1335577815771103
1987-06-01,0.1335577815771103
1987-06-02,0.12743134796619415
1987-06-03,0.12865643203258514
1987-06-04,0.1298816055059433
1987-06-05,0.1262061893939972
1987-06-08,0.12130489200353622
1987-06-09,0.12253007292747498
1987-06-10,0.12743134796619415
1987-06-11,0.11762866377830505
1987-06-12,0.1127273440361023
1987-06-15,0.11027706414461136
1987-06-16,0.12130489200353622
1987-06-17,0.12253007292747498
1987-06-18,0.11885382235050201
1987-06-19,0.12007974833250046
1987-06-22,0.1151784285902977
1987-06-23,0.11150222271680832
1987-06-24,0.11640356481075287
1987-06-25,0.1151784285902977
1987-06-26,0.10782600194215775
1987-06-29,0.1053757593035698
1987-06-30,0.10905199497938156
1987-07-01,0.10843897610902786
1987-07-02,0.11027706414461136
1987-07-06,0.10292552411556244
1987-07-07,0.1053757593035698
1987-07-08,0.10598873347043991
1987-07-09,0.1053757593035698
1987-07-10,0.10169956088066101
1987-07-13,0.10292552411556244
1987-07-14,0.1151784285902977
1987-07-15,0.11640356481075287
1987-07-16,0.1151784285902977
1987-07-17,0.1127273440361023
1987-07-20,0.10660091042518616
1987-07-21,0.10415060818195343
1987-07-22,0.1053757593035698
1987-07-23,0.10047445446252823
1987-07-24,0.10415060818195343
1987-07-27,0.10169956088066101
1987-07-28,0.10292552411556244
1987-07-29,0.10169956088066101
1987-07-30,0.10415060818195343
1987-07-31,0.11150222271680832
1987-08-03,0.10905199497938156
1987-08-04,0.11395328491926193
1987-08-05,0.1151784285902977
1987-08-06,0.12314296513795853
1987-08-07,0.12375519424676895
1987-08-10,0.12253007292747498
1987-08-11,0.12743134796619415
1987-08-12,0.12681829929351807
1987-08-13,0.12743134796619415
1987-08-14,0.12743134796619415
1987-08-17,0.1262061893939972
1987-08-18,0.11885382235050201
1987-08-19,0.11885382235050201
1987-08-20,0.12375519424676895
1987-08-21,0.12743134796619415
1987-08-24,0.12191701680421829
1987-08-25,0.12253007292747498
1987-08-26,0.12130489200353622
1987-08-27,0.12130489200353622
1987-08-28,0.12498027831315994
1987-08-31,0.13110674917697906
1987-09-01,0.1323326826095581
1987-09-02,0.1298816055059433
1987-09-03,0.12375519424676895
1987-09-04,0.12498027831315994
1987-09-08,0.11640356481075287
1987-09-09,0.12436813861131668
1987-09-10,0.1262061893939972
1987-09-11,0.1323326826095581
1987-09-14,0.13110674917697906
1987-09-15,0.1298816055059433
1987-09-16,0.13478292524814606
1987-09-17,0.14090941846370697
1987-09-18,0.14213453233242035
1987-09-21,0.13723398745059967
1987-09-22,0.14090941846370697
1987-09-23,0.14581073820590973
1987-09-24,0.14764884114265442
1987-09-25,0.15193715691566467
1987-09-28,0.15561339259147644
1987-09-29,0.15561339259147644
1987-09-30,0.1592887043952942
1987-10-01,0.16296488046646118
1987-10-02,0.17644305527210236
1987-10-05,0.1825694590806961
1987-10-06,0.16664116084575653
1987-10-07,0.16357789933681488
1987-10-08,0.1654152125120163
1987-10-09,0.16296488046646118
1987-10-12,0.1592887043952942
1987-10-13,0.15438739955425262
1987-10-14,0.16051389276981354
1987-10-15,0.16051389276981354
1987-10-16,0.1482609659433365
1987-10-19,0.12743134796619415
1987-10-20,0.11885382235050201
1987-10-21,0.13478292524814606
1987-10-22,0.11762866377830505
1987-10-23,0.10415060818195343
1987-10-26,0.08209505677223206
1987-10-27,0.08577123284339905
1987-10-28,0.09312281757593155
1987-10-29,0.11640356481075287
1987-10-30,0.12253007292747498
1987-11-02,0.12375519424676895
1987-11-03,0.11640356481075287
1987-11-04,0.11640356481075287
1987-11-05,0.11762866377830505
1987-11-06,0.10905199497938156
1987-11-09,0.10782600194215775
1987-11-10,0.10415060818195343
1987-11-11,0.10905199497938156
1987-11-12,0.1127273440361023
1987-11-13,0.1127273440361023
1987-11-16,0.11027706414461136
1987-11-17,0.10047445446252823
1987-11-18,0.10415060818195343
1987-11-19,0.10047445446252823
1987-11-20,0.10047445446252823
1987-11-23,0.09924929589033127
1987-11-24,0.10782600194215775
1987-11-25,0.11027706414461136
1987-11-27,0.11640356481075287
1987-11-30,0.10660091042518616
1987-12-01,0.1053757593035698
1987-12-02,0.10353764146566391
1987-12-03,0.10047445446252823
1987-12-04,0.09924929589033127
1987-12-07,0.10169956088066101
1987-12-08,0.1151784285902977
1987-12-09,0.12130489200353622
1987-12-10,0.12375519424676895
1987-12-11,0.12681829929351807
1987-12-14,0.13600808382034302
1987-12-15,0.14090941846370697
1987-12-16,0.1433604508638382
1987-12-17,0.1396842896938324
1987-12-18,0.1470358520746231
1987-12-21,0.14213453233242035
1987-12-22,0.15193715691566467
1987-12-23,0.15438739955425262
1987-12-24,0.15193715691566467
1987-12-28,0.1470358520746231
1987-12-29,0.14213453233242035
1987-12-30,0.14213453233242035
1987-12-31,0.14213453233242035
1988-01-04,0.1494869589805603
1988-01-05,0.1470358520746231
1988-01-06,0.1482609659433365
1988-01-07,0.15193715691566467
1988-01-08,0.1323326826095581
1988-01-11,0.13723398745059967
1988-01-12,0.1298816055059433
1988-01-13,0.1298816055059433
1988-01-14,0.12498027831315994
1988-01-15,0.12498027831315994
1988-01-18,0.12498027831315994
1988-01-19,0.12253007292747498
1988-01-20,0.1151784285902977
1988-01-21,0.12007974833250046
1988-01-22,0.1262061893939972
1988-01-25,0.13110674917697906
1988-01-26,0.12743134796619415
1988-01-27,0.1298816055059433
1988-01-28,0.13723398745059967
1988-01-29,0.13723398745059967
1988-02-01,0.1323326826095581
1988-02-02,0.1298816055059433
1988-02-03,0.12007974833250046
1988-02-04,0.12253007292747498
1988-02-05,0.12375519424676895
1988-02-08,0.12253007292747498
1988-02-09,0.12743134796619415
1988-02-10,0.1335577815771103
1988-02-11,0.13723398745059967
1988-02-12,0.1396842896938324
1988-02-16,0.14213453233242035
1988-02-17,0.14458554983139038
1988-02-18,0.14458554983139038
1988-02-19,0.1470358520746231
1988-02-22,0.1470358520746231
1988-02-23,0.14213453233242035
1988-02-24,0.15193715691566467
1988-02-25,0.15193715691566467
1988-02-26,0.15193715691566467
1988-02-29,0.1482609659433365
1988-03-01,0.14581073820590973
1988-03-02,0.1470358520746231
1988-03-03,0.1470358520746231
1988-03-04,0.1470358520746231
1988-03-07,0.15193715691566467
1988-03-08,0.1592887043952942
1988-03-09,0.1641901135444641
1988-03-10,0.15683859586715698
1988-03-11,0.15561339259147644
1988-03-14,0.16051389276981354
1988-03-15,0.16173982620239258
1988-03-16,0.16173982620239258
1988-03-17,0.16664116084575653
1988-03-18,0.17154169082641602
1988-03-21,0.1690913885831833
1988-03-22,0.1592887043952942
1988-03-23,0.15683859586715698
1988-03-24,0.15316228568553925
1988-03-25,0.15438739955425262
1988-03-28,0.15683859586715698
1988-03-29,0.1592887043952942
1988-03-30,0.15438739955425262
1988-03-31,0.1592887043952942
1988-04-04,0.15683859586715698
1988-04-05,0.15683859586715698
1988-04-06,0.16173982620239258
1988-04-07,0.15683859586715698
1988-04-08,0.15438739955425262
1988-04-11,0.15683859586715698
1988-04-12,0.16173982620239258
1988-04-13,0.16664116084575653
1988-04-14,0.15438739955425262
1988-04-15,0.15438739955425262
1988-04-18,0.15438739955425262
1988-04-19,0.15438739955425262
1988-04-20,0.15193715691566467
1988-04-21,0.1470358520746231
1988-04-22,0.1494869589805603
1988-04-25,0.15193715691566467
1988-04-26,0.15683859586715698
1988-04-27,0.15438739955425262
1988-04-28,0.1592887043952942
1988-04-29,0.1641901135444641
1988-05-02,0.16173982620239258
1988-05-03,0.16664116084575653
1988-05-04,0.17154169082641602
1988-05-05,0.1690913885831833
1988-05-06,0.17154169082641602
1988-05-09,0.16664116084575653
1988-05-10,0.1592887043952942
1988-05-11,0.15438739955425262
1988-05-12,0.15438739955425262
1988-05-13,0.16173982620239258
1988-05-16,0.1641901135444641
1988-05-17,0.1641901135444641
1988-05-18,0.15683859586715698
1988-05-19,0.15683859586715698
1988-05-20,0.15438739955425262
1988-05-23,0.15316228568553925
1988-05-24,0.15316228568553925
1988-05-25,0.15683859586715698
1988-05-26,0.15438739955425262
1988-05-27,0.15438739955425262
1988-05-31,0.1641901135444641
1988-06-01,0.16786633431911469
1988-06-02,0.1690913885831833
1988-06-03,0.17399273812770844
1988-06-06,0.17399273812770844
1988-06-07,0.1788940727710724
1988-06-08,0.18011918663978577
1988-06-09,0.18869595229625702
1988-06-10,0.18134430050849915
1988-06-13,0.1862456351518631
1988-06-14,0.18869595229625702
1988-06-15,0.18379460275173187
1988-06-16,0.1825694590806961
1988-06-17,0.1788940727710724
1988-06-20,0.18134430050849915
1988-06-21,0.18134430050849915
1988-06-22,0.18379460275173187
1988-06-23,0.18379460275173187
1988-06-24,0.18379460275173187
1988-06-27,0.1862456351518631
1988-06-28,0.19237211346626282
1988-06-29,0.19727344810962677
1988-06-30,0.19359727203845978
1988-07-01,0.19604836404323578
1988-07-05,0.20339985191822052
1988-07-06,0.20339985191822052
1988-07-07,0.21810312569141388
1988-07-08,0.20830121636390686
1988-07-11,0.20339985191822052
1988-07-12,0.1997237354516983
1988-07-13,0.20339985191822052
1988-07-14,0.20339985191822052
1988-07-15,0.19359727203845978
1988-07-18,0.19604836404323578
1988-07-19,0.19114702939987183
1988-07-20,0.18869595229625702
1988-07-21,0.18379460275173187
1988-07-22,0.18747080862522125
1988-07-25,0.18134430050849915
1988-07-26,0.1862456351518631
1988-07-27,0.17644305527210236
1988-07-28,0.1862456351518631
1988-07-29,0.1862456351518631
1988-08-01,0.19359727203845978
1988-08-02,0.19359727203845978
1988-08-03,0.19604836404323578
1988-08-04,0.19359727203845978
1988-08-05,0.18869595229625702
1988-08-08,0.18747080862522125
1988-08-09,0.1850205510854721
1988-08-10,0.17399273812770844
1988-08-11,0.18011918663978577
1988-08-12,0.17644305527210236
1988-08-15,0.16664116084575653
1988-08-16,0.17644305527210236
1988-08-17,0.17644305527210236
1988-08-18,0.18011918663978577
1988-08-19,0.17644305527210236
1988-08-22,0.17644305527210236
1988-08-23,0.1690913885831833
1988-08-24,0.1788940727710724
1988-08-25,0.18134430050849915
1988-08-26,0.19114702939987183
1988-08-29,0.19359727203845978
1988-08-30,0.19114702939987183
1988-08-31,0.18134430050849915
1988-09-01,0.17644305527210236
1988-09-02,0.1862456351518631
1988-09-06,0.18379460275173187
1988-09-07,0.18134430050849915
1988-09-08,0.1862456351518631
1988-09-09,0.19604836404323578
1988-09-12,0.19849859178066254
1988-09-13,0.19114702939987183
1988-09-14,0.19849859178066254
1988-09-15,0.18379460275173187
1988-09-16,0.1862456351518631
1988-09-19,0.1788940727710724
1988-09-20,0.18134430050849915
1988-09-21,0.19604836404323578
1988-09-22,0.19604836404323578
1988-09-23,0.19604836404323578
1988-09-26,0.1862456351518631
1988-09-27,0.18869595229625702
1988-09-28,0.1862456351518631
1988-09-29,0.19237211346626282
1988-09-30,0.19727344810962677
1988-10-03,0.19604836404323578
1988-10-04,0.19604836404323578
1988-10-05,0.18869595229625702
1988-10-06,0.1862456351518631
1988-10-07,0.18134430050849915
1988-10-10,0.1788940727710724
1988-10-11,0.18134430050849915
1988-10-12,0.17644305527210236
1988-10-13,0.17766813933849335
1988-10-14,0.17154169082641602
1988-10-17,0.17399273812770844
1988-10-18,0.17399273812770844
1988-10-19,0.17644305527210236
1988-10-20,0.1788940727710724
1988-10-21,0.17154169082641602
1988-10-24,0.16173982620239258
1988-10-25,0.16051389276981354
1988-10-26,0.15683859586715698
1988-10-27,0.1494869589805603
1988-10-28,0.1482609659433365
1988-10-31,0.15438739955425262
1988-11-01,0.15438739955425262
1988-11-02,0.1494869589805603
1988-11-03,0.15683859586715698
1988-11-04,0.15561339259147644
1988-11-07,0.15438739955425262
1988-11-08,0.16173982620239258
1988-11-09,0.16173982620239258
1988-11-10,0.1641901135444641
1988-11-11,0.16173982620239258
1988-11-14,0.16173982620239258
1988-11-15,0.16173982620239258
1988-11-16,0.1592887043952942
1988-11-17,0.16173982620239258
1988-11-18,0.1641901135444641
1988-11-21,0.16173982620239258
1988-11-22,0.16296488046646118
1988-11-23,0.1641901135444641
1988-11-25,0.1641901135444641
1988-11-28,0.16664116084575653
1988-11-29,0.17399273812770844
1988-11-30,0.1690913885831833
1988-12-01,0.17154169082641602
1988-12-02,0.17644305527210236
1988-12-05,0.1862456351518631
1988-12-06,0.18379460275173187
1988-12-07,0.1862456351518631
1988-12-08,0.1862456351518631
1988-12-09,0.1850205510854721
1988-12-12,0.18134430050849915
1988-12-13,0.1788940727710724
1988-12-14,0.17644305527210236
1988-12-15,0.18134430050849915
1988-12-16,0.18379460275173187
1988-12-19,0.18011918663978577
1988-12-20,0.1825694590806961
1988-12-21,0.18379460275173187
1988-12-22,0.18869595229625702
1988-12-23,0.18869595229625702
1988-12-27,0.1850205510854721
1988-12-28,0.18134430050849915
1988-12-29,0.18869595229625702
1988-12-30,0.19114702939987183
1989-01-03,0.1862456351518631
1989-01-04,0.19604836404323578
1989-01-05,0.20339985191822052
1989-01-06,0.19849859178066254
1989-01-09,0.19604836404323578
1989-01-10,0.19849859178066254
1989-01-11,0.19849859178066254
1989-01-12,0.20339985191822052
1989-01-13,0.20094890892505646
1989-01-16,0.20339985191822052
1989-01-17,0.20094890892505646
1989-01-18,0.20339985191822052
1989-01-19,0.2107515186071396
1989-01-20,0.21932904422283173
1989-01-23,0.21810312569141388
1989-01-24,0.22300444543361664
1989-01-25,0.2279057800769806
1989-01-26,0.2340322881937027
1989-01-27,0.2352573275566101
1989-01-30,0.23280712962150574
1989-01-31,0.2315818965435028
1989-02-01,0.24015870690345764
1989-02-02,0.2352573275566101
1989-02-03,0.2315818965435028
1989-02-06,0.2279057800769806
1989-02-07,0.24015870690345764
1989-02-08,0.2352573275566101
1989-02-09,0.23280712962150574
1989-02-10,0.224229633808136
1989-02-13,0.22545544803142548
1989-02-14,0.22300444543361664
1989-02-15,0.229130819439888
1989-02-16,0.2352573275566101
1989-02-17,0.23035597801208496
1989-02-21,0.22668062150478363
1989-02-22,0.22055412828922272
1989-02-23,0.2279057800769806
1989-02-24,0.22300444543361664
1989-02-27,0.22300444543361664
1989-02-28,0.22055412828922272
1989-03-01,0.21932904422283173
1989-03-02,0.23035597801208496
1989-03-03,0.2377084493637085
1989-03-06,0.2413838654756546
1989-03-07,0.24506014585494995
1989-03-08,0.24506014585494995
1989-03-09,0.2377084493637085
1989-03-10,0.23648326098918915
1989-03-13,0.2377084493637085
1989-03-14,0.2377084493637085
1989-03-15,0.2377084493637085
1989-03-16,0.2377084493637085
1989-03-17,0.2352573275566101
1989-03-20,0.22545544803142548
1989-03-21,0.2279057800769806
1989-03-22,0.21810312569141388
1989-03-23,0.21687795221805573
1989-03-27,0.22300444543361664
1989-03-28,0.21932904422283173
1989-03-29,0.2389334887266159
1989-03-30,0.2475103884935379
1989-03-31,0.23648326098918915
1989-04-03,0.23648326098918915
1989-04-04,0.2352573275566101
1989-04-05,0.2352573275566101
1989-04-06,0.2352573275566101
1989-04-07,0.2413838654756546
1989-04-10,0.2475103884935379
1989-04-11,0.25853803753852844
1989-04-12,0.2573128640651703
1989-04-13,0.2524116039276123
1989-04-14,0.26466456055641174
1989-04-17,0.2597632110118866
1989-04-18,0.26343950629234314
1989-04-19,0.2695658504962921
1989-04-20,0.2695658504962921
1989-04-21,0.2842698395252228
1989-04-24,0.2781432867050171
1989-04-25,0.2793685793876648
1989-04-26,0.27201706171035767
1989-04-27,0.2805936634540558
1989-04-28,0.2842698395252228
1989-05-01,0.27691739797592163
1989-05-02,0.2671155631542206
1989-05-03,0.2597632110118866
1989-05-04,0.2671155631542206
1989-05-05,0.2744671404361725
1989-05-08,0.2842698395252228
1989-05-09,0.28672000765800476
1989-05-10,0.27691739797592163
1989-05-11,0.26466456055641174
1989-05-12,0.27201706171035767
1989-05-15,0.27691739797592163
1989-05-16,0.27691739797592163
1989-05-17,0.2744671404361725
1989-05-18,0.28549498319625854
1989-05-19,0.2940717041492462
1989-05-22,0.29652270674705505
1989-05-23,0.28672000765800476
1989-05-24,0.28181883692741394
1989-05-25,0.28672000765800476
1989-05-26,0.29652270674705505
1989-05-30,0.2940717041492462
1989-05-31,0.2989729344844818
1989-06-01,0.3063245713710785
1989-06-02,0.3112260103225708
1989-06-05,0.3014240860939026
1989-06-06,0.29529768228530884
1989-06-07,0.3050994575023651
1989-06-08,0.3087756335735321
1989-06-09,0.3112260103225708
1989-06-12,0.3112260103225708
1989-06-13,0.3112260103225708
1989-06-14,0.31735244393348694
1989-06-15,0.3112260103225708
1989-06-16,0.3112260103225708
1989-06-19,0.3014240860939026
1989-06-20,0.29652270674705505
1989-06-21,0.2989729344844818
1989-06-22,0.2989729344844818
1989-06-23,0.31367719173431396
1989-06-26,0.31367719173431396
1989-06-27,0.3234788179397583
1989-06-28,0.3112260103225708
1989-06-29,0.2989729344844818
1989-06-30,0.29162147641181946
1989-07-03,0.30387431383132935
1989-07-05,0.3014240860939026
1989-07-06,0.3087756335735321
1989-07-07,0.32102856040000916
1989-07-10,0.33083128929138184
1989-07-11,0.33083128929138184
1989-07-12,0.32102856040000916
1989-07-13,0.3185782730579376
1989-07-14,0.32592976093292236
1989-07-17,0.3234788179397583
1989-07-18,0.32102856040000916
1989-07-19,0.3234788179397583
1989-07-20,0.31367719173431396
1989-07-21,0.316127210855484
1989-07-24,0.31367719173431396
1989-07-25,0.3063245713710785
1989-07-26,0.3112260103225708
1989-07-27,0.3112260103225708
1989-07-28,0.3087756335735321
1989-07-31,0.3014240860939026
1989-08-01,0.2989729344844818
1989-08-02,0.3014240860939026
1989-08-03,0.32102856040000916
1989-08-04,0.33573266863822937
1989-08-07,0.3430842459201813
1989-08-08,0.35533714294433594
1989-08-09,0.350435733795166
1989-08-10,0.34798547625541687
1989-08-11,0.350435733795166
1989-08-14,0.3455345034599304
1989-08-15,0.3430842459201813
1989-08-16,0.33573266863822937
1989-08-17,0.3455345034599304
1989-08-18,0.3528861105442047
1989-08-21,0.3455345034599304
1989-08-22,0.3528861105442047
1989-08-23,0.3528861105442047
1989-08-24,0.36023837327957153
1989-08-25,0.3675900101661682
1989-08-28,0.3724912703037262
1989-08-29,0.3577873110771179
1989-08-30,0.36513975262641907
1989-08-31,0.3675900101661682
1989-09-01,0.3675900101661682
1989-09-05,0.3675900101661682
1989-09-06,0.36513975262641907
1989-09-07,0.36023837327957153
1989-09-08,0.3626886010169983
1989-09-11,0.3675900101661682
1989-09-12,0.3749416172504425
1989-09-13,0.3896455466747284
1989-09-14,0.3994474709033966
1989-09-15,0.40434882044792175
1989-09-18,0.401898592710495
1989-09-19,0.3994474709033966
1989-09-20,0.40925008058547974
1989-09-21,0.4215030372142792
1989-09-22,0.4362071454524994
1989-09-25,0.4362071454524994
1989-09-26,0.42885470390319824
1989-09-27,0.4435585141181946
1989-09-28,0.463162899017334
1989-09-29,0.463162899017334
1989-10-02,0.4680645763874054
1989-10-03,0.47541603446006775
1989-10-04,0.4778669774532318
1989-10-05,0.4705154001712799
1989-10-06,0.4803174138069153
1989-10-09,0.5023729801177979
1989-10-10,0.4999227821826935
1989-10-11,0.49257034063339233
1989-10-12,0.49257034063339233
1989-10-13,0.458261638879776
1989-10-16,0.47541603446006775
1989-10-17,0.49257034063339233
1989-10-18,0.4901202917098999
1989-10-19,0.5048232078552246
1989-10-20,0.49502161145210266
1989-10-23,0.5048232078552246
1989-10-24,0.5023729801177979
1989-10-25,0.5023729801177979
1989-10-26,0.4827684462070465
1989-10-27,0.4509102404117584
1989-10-30,0.42640450596809387
1989-10-31,0.4558115601539612
1989-11-01,0.4705154001712799
1989-11-02,0.4460088908672333
1989-11-03,0.44846007227897644
1989-11-06,0.43130582571029663
1989-11-07,0.4435585141181946
1989-11-08,0.463162899017334
1989-11-09,0.46071287989616394
1989-11-10,0.46071287989616394
1989-11-13,0.4680645763874054
1989-11-14,0.4680645763874054
1989-11-15,0.4901202917098999
1989-11-16,0.4803174138069153
1989-11-17,0.4827684462070465
1989-11-20,0.4705154001712799
1989-11-21,0.44846007227897644
1989-11-22,0.46071287989616394
1989-11-24,0.4656142592430115
1989-11-27,0.458261638879776
1989-11-28,0.4558115601539612
1989-11-29,0.4656142592430115
1989-11-30,0.4705154001712799
1989-12-01,0.4778669774532318
1989-12-04,0.4876697063446045
1989-12-05,0.4876697063446045
1989-12-06,0.4803174138069153
1989-12-07,0.47541603446006775
1989-12-08,0.4680645763874054
1989-12-11,0.45336124300956726
1989-12-12,0.4460088908672333
1989-12-13,0.4386572241783142
1989-12-14,0.42395398020744324
1989-12-15,0.4215030372142792
1989-12-18,0.41660168766975403
1989-12-19,0.41660168766975403
1989-12-20,0.4215030372142792
1989-12-21,0.43375590443611145
1989-12-22,0.44846007227897644
1989-12-26,0.45336124300956726
1989-12-27,0.4558115601539612
1989-12-28,0.4460088908672333
1989-12-29,0.458261638879776
1990-01-02,0.4729659855365753
1990-01-03,0.4215030372142792
1990-01-04,0.43375590443611145
1990-01-05,0.40925008058547974
1990-01-08,0.42395398020744324
1990-01-09,0.40434882044792175
1990-01-10,0.3822932541370392
1990-01-11,0.37984296679496765
1990-01-12,0.37004023790359497
1990-01-15,0.36023837327957153
1990-01-16,0.38719454407691956
1990-01-17,0.3969971835613251
1990-01-18,0.40679970383644104
1990-01-19,0.3994474709033966
1990-01-22,0.3822932541370392
1990-01-23,0.3773926794528961
1990-01-24,0.3994474709033966
1990-01-25,0.3969971835613251
1990-01-26,0.3994474709033966
1990-01-29,0.4117012023925781
1990-01-30,0.401898592710495
1990-01-31,0.4215030372142792
1990-02-01,0.41415154933929443
1990-02-02,0.41660168766975403
1990-02-05,0.401898592710495
1990-02-06,0.3896455466747284
1990-02-07,0.41905269026756287
1990-02-08,0.42640450596809387
1990-02-09,0.44110825657844543
1990-02-12,0.4460088908672333
1990-02-13,0.4509102404117584
1990-02-14,0.463162899017334
1990-02-15,0.4680645763874054
1990-02-16,0.44846007227897644
1990-02-20,0.4386572241783142
1990-02-21,0.4386572241783142
1990-02-22,0.4386572241783142
1990-02-23,0.42640450596809387
1990-02-26,0.43130582571029663
1990-02-27,0.44110825657844543
1990-02-28,0.4386572241783142
1990-03-01,0.4362071454524994
1990-03-02,0.46071287989616394
1990-03-05,0.4656142592430115
1990-03-06,0.47541603446006775
1990-03-07,0.4680645763874054
1990-03-08,0.4705154001712799
1990-03-09,0.4803174138069153
1990-03-12,0.49257034063339233
1990-03-13,0.5023729801177979
1990-03-14,0.5023729801177979
1990-03-15,0.5121757984161377
1990-03-16,0.5219776034355164
1990-03-19,0.5513845086097717
1990-03-20,0.5244285464286804
1990-03-21,0.5146257281303406
1990-03-22,0.4852187931537628
1990-03-23,0.49502161145210266
1990-03-26,0.4827684462070465
1990-03-27,0.49747171998023987
1990-03-28,0.3430842459201813
1990-03-29,0.3626886010169983
1990-03-30,0.37004023790359497
1990-04-02,0.3724912703037262
1990-04-03,0.37984296679496765
1990-04-04,0.3626886010169983
1990-04-05,0.3455345034599304
1990-04-06,0.316127210855484
1990-04-09,0.33083128929138184
1990-04-10,0.333281546831131
1990-04-11,0.32102856040000916
1990-04-12,0.3112260103225708
1990-04-16,0.3185782730579376
1990-04-17,0.33083128929138184
1990-04-18,0.3234788179397583
1990-04-19,0.316127210855484
1990-04-20,0.3112260103225708
1990-04-23,0.31367719173431396
1990-04-24,0.3112260103225708
1990-04-25,0.3112260103225708
1990-04-26,0.31367719173431396
1990-04-27,0.30387431383132935
1990-04-30,0.3112260103225708
1990-05-01,0.28917109966278076
1990-05-02,0.3112260103225708
1990-05-03,0.3381827771663666
1990-05-04,0.3528861105442047
1990-05-07,0.35533714294433594
1990-05-08,0.350435733795166
1990-05-09,0.35533714294433594
1990-05-10,0.35533714294433594
1990-05-11,0.3528861105442047
1990-05-14,0.36513975262641907
1990-05-15,0.3675900101661682
1990-05-16,0.36513975262641907
1990-05-17,0.3577873110771179
1990-05-18,0.3528861105442047
1990-05-21,0.36513975262641907
1990-05-22,0.3675900101661682
1990-05-23,0.38719454407691956
1990-05-24,0.37984296679496765
1990-05-25,0.3749416172504425
1990-05-29,0.3896455466747284
1990-05-30,0.38474422693252563
1990-05-31,0.38719454407691956
1990-06-01,0.3896455466747284
1990-06-04,0.401898592710495
1990-06-05,0.3969971835613251
1990-06-06,0.41415154933929443
1990-06-07,0.40434882044792175
1990-06-08,0.3969971835613251
1990-06-11,0.41415154933929443
1990-06-12,0.41660168766975403
1990-06-13,0.4117012023925781
1990-06-14,0.4460088908672333
1990-06-15,0.4386572241783142
1990-06-18,0.44110825657844543
1990-06-19,0.45336124300956726
1990-06-20,0.4509102404117584
1990-06-21,0.4509102404117584
1990-06-22,0.4362071454524994
1990-06-25,0.4386572241783142
1990-06-26,0.42395398020744324
1990-06-27,0.4386572241783142
1990-06-28,0.4509102404117584
1990-06-29,0.45336124300956726
1990-07-02,0.46071287989616394
1990-07-03,0.4435585141181946
1990-07-05,0.44846007227897644
1990-07-06,0.44110825657844543
1990-07-09,0.4215030372142792
1990-07-10,0.4386572241783142
1990-07-11,0.3896455466747284
1990-07-12,0.3724912703037262
1990-07-13,0.3675900101661682
1990-07-16,0.36023837327957153
1990-07-17,0.3430842459201813
1990-07-18,0.34798547625541687
1990-07-19,0.35533714294433594
1990-07-20,0.350435733795166
1990-07-23,0.3406330943107605
1990-07-24,0.3406330943107605
1990-07-25,0.3455345034599304
1990-07-26,0.33573266863822937
1990-07-27,0.333281546831131
1990-07-30,0.333281546831131
1990-07-31,0.33083128929138184
1990-08-01,0.33573266863822937
1990-08-02,0.32592976093292236
1990-08-03,0.32102856040000916
1990-08-06,0.29162147641181946
1990-08-07,0.29162147641181946
1990-08-08,0.31367719173431396
1990-08-09,0.3087756335735321
1990-08-10,0.2989729344844818
1990-08-13,0.2989729344844818
1990-08-14,0.29652270674705505
1990-08-15,0.3063245713710785
1990-08-16,0.2989729344844818
1990-08-17,0.2940717041492462
1990-08-20,0.26466456055641174
1990-08-21,0.2671155631542206
1990-08-22,0.2622142732143402
1990-08-23,0.24996139109134674
1990-08-24,0.2573128640651703
1990-08-27,0.2793685793876648
1990-08-28,0.24260978400707245
1990-08-29,0.2279057800769806
1990-08-30,0.2107515186071396
1990-08-31,0.2279057800769806
1990-09-04,0.21810312569141388
1990-09-05,0.20830121636390686
1990-09-06,0.19359727203845978
1990-09-07,0.1592887043952942
1990-09-10,0.16664116084575653
1990-09-11,0.16664116084575653
1990-09-12,0.16173982620239258
1990-09-13,0.15438739955425262
1990-09-14,0.1470358520746231
1990-09-17,0.13478292524814606
1990-09-18,0.1396842896938324
1990-09-19,0.14213453233242035
1990-09-20,0.13723398745059967
1990-09-21,0.1470358520746231
1990-09-24,0.14213453233242035
1990-09-25,0.14458554983139038
1990-09-26,0.12253007292747498
1990-09-27,0.11027706414461136
1990-09-28,0.12743134796619415
1990-10-01,0.12498027831315994
1990-10-02,0.12253007292747498
1990-10-03,0.11027706414461136
1990-10-04,0.11762866377830505
1990-10-05,0.12498027831315994
1990-10-08,0.1298816055059433
1990-10-09,0.1298816055059433
1990-10-10,0.11762866377830505
1990-10-11,0.1151784285902977
1990-10-12,0.11027706414461136
1990-10-15,0.12253007292747498
1990-10-16,0.11762866377830505
1990-10-17,0.12007974833250046
1990-10-18,0.12498027831315994
1990-10-19,0.12498027831315994
1990-10-22,0.12253007292747498
1990-10-23,0.12253007292747498
1990-10-24,0.11762866377830505
1990-10-25,0.1127273440361023
1990-10-26,0.11027706414461136
1990-10-29,0.1053757593035698
1990-10-30,0.1053757593035698
1990-10-31,0.1053757593035698
1990-11-01,0.10782600194215775
1990-11-02,0.11027706414461136
1990-11-05,0.1151784285902977
1990-11-06,0.1151784285902977
1990-11-07,0.11027706414461136
1990-11-08,0.1127273440361023
1990-11-09,0.1151784285902977
1990-11-12,0.1151784285902977
1990-11-13,0.1151784285902977
1990-11-14,0.11762866377830505
1990-11-15,0.1298816055059433
1990-11-16,0.1323326826095581
1990-11-19,0.1323326826095581
1990-11-20,0.12498027831315994
1990-11-21,0.12007974833250046
1990-11-23,0.11762866377830505
1990-11-26,0.1151784285902977
1990-11-27,0.12007974833250046
1990-11-28,0.1298816055059433
1990-11-29,0.14458554983139038
1990-11-30,0.15438739955425262
1990-12-03,0.16664116084575653
1990-12-04,0.1641901135444641
1990-12-05,0.1592887043952942
1990-12-06,0.15438739955425262
1990-12-07,0.15193715691566467
1990-12-10,0.15438739955425262
1990-12-11,0.1494869589805603
1990-12-12,0.15438739955425262
1990-12-13,0.15193715691566467
1990-12-14,0.15193715691566467
1990-12-17,0.15193715691566467
1990-12-18,0.1494869589805603
1990-12-19,0.14458554983139038
1990-12-20,0.1494869589805603
1990-12-21,0.1592887043952942
1990-12-24,0.1592887043952942
1990-12-26,0.15438739955425262
1990-12-27,0.1494869589805603
1990-12-28,0.15683859586715698
1990-12-31,0.15438739955425262
1991-01-02,0.15683859586715698
1991-01-03,0.13723398745059967
1991-01-04,0.1396842896938324
1991-01-07,0.1323326826095581
1991-01-08,0.1323326826095581
1991-01-09,0.1298816055059433
1991-01-10,0.12498027831315994
1991-01-11,0.12253007292747498
1991-01-14,0.1151784285902977
1991-01-15,0.11762866377830505
1991-01-16,0.12743134796619415
1991-01-17,0.11027706414461136
1991-01-18,0.11027706414461136
1991-01-21,0.1151784285902977
1991-01-22,0.12007974833250046
1991-01-23,0.12007974833250046
1991-01-24,0.1323326826095581
1991-01-25,0.1494869589805603
1991-01-28,0.1592887043952942
1991-01-29,0.17399273812770844
1991-01-30,0.18379460275173187
1991-01-31,0.17644305527210236
1991-02-01,0.17399273812770844
1991-02-04,0.17399273812770844
1991-02-05,0.18379460275173187
1991-02-06,0.19849859178066254
1991-02-07,0.19849859178066254
1991-02-08,0.19849859178066254
1991-02-11,0.19359727203845978
1991-02-12,0.18379460275173187
1991-02-13,0.18869595229625702
1991-02-14,0.18379460275173187
1991-02-15,0.18379460275173187
1991-02-19,0.18134430050849915
1991-02-20,0.1788940727710724
1991-02-21,0.17644305527210236
1991-02-22,0.1641901135444641
1991-02-25,0.17644305527210236
1991-02-26,0.18379460275173187
1991-02-27,0.1862456351518631
1991-02-28,0.17644305527210236
1991-03-01,0.17154169082641602
1991-03-04,0.17154169082641602
1991-03-05,0.18379460275173187
1991-03-06,0.1862456351518631
1991-03-07,0.1788940727710724
1991-03-08,0.17399273812770844
1991-03-11,0.1690913885831833
1991-03-12,0.1690913885831833
1991-03-13,0.18379460275173187
1991-03-14,0.1862456351518631
1991-03-15,0.1788940727710724
1991-03-18,0.1788940727710724
1991-03-19,0.17399273812770844
1991-03-20,0.1788940727710724
1991-03-21,0.17154169082641602
1991-03-22,0.17644305527210236
1991-03-25,0.17644305527210236
1991-03-26,0.1788940727710724
1991-03-27,0.17399273812770844
1991-03-28,0.17644305527210236
1991-04-01,0.18379460275173187
1991-04-02,0.2107515186071396
1991-04-03,0.2132025808095932
1991-04-04,0.21565291285514832
1991-04-05,0.20830121636390686
1991-04-08,0.20830121636390686
1991-04-09,0.20094890892505646
1991-04-10,0.20339985191822052
1991-04-11,0.21565291285514832
1991-04-12,0.21565291285514832
1991-04-15,0.2107515186071396
1991-04-16,0.21565291285514832
1991-04-17,0.2107515186071396
1991-04-18,0.20830121636390686
1991-04-19,0.20339985191822052
1991-04-22,0.20339985191822052
1991-04-23,0.20585015416145325
1991-04-24,0.20585015416145325
1991-04-25,0.19849859178066254
1991-04-26,0.19359727203845978
1991-04-29,0.1862456351518631
1991-04-30,0.18134430050849915
1991-05-01,0.18134430050849915
1991-05-02,0.19359727203845978
1991-05-03,0.18379460275173187
1991-05-06,0.1788940727710724
1991-05-07,0.17399273812770844
1991-05-08,0.18379460275173187
1991-05-09,0.1788940727710724
1991-05-10,0.17644305527210236
1991-05-13,0.17399273812770844
1991-05-14,0.17154169082641602
1991-05-15,0.16664116084575653
1991-05-16,0.1592887043952942
1991-05-17,0.15683859586715698
1991-05-20,0.14213453233242035
1991-05-21,0.15193715691566467
1991-05-22,0.1641901135444641
1991-05-23,0.1592887043952942
1991-05-24,0.16664116084575653
1991-05-28,0.16173982620239258
1991-05-29,0.15438739955425262
1991-05-30,0.15193715691566467
1991-05-31,0.1470358520746231
1991-06-03,0.1641901135444641
1991-06-04,0.18869595229625702
1991-06-05,0.18869595229625702
1991-06-06,0.19114702939987183
1991-06-07,0.18134430050849915
1991-06-10,0.17644305527210236
1991-06-11,0.18134430050849915
1991-06-12,0.1788940727710724
1991-06-13,0.17644305527210236
1991-06-14,0.17644305527210236
1991-06-17,0.17644305527210236
1991-06-18,0.17399273812770844
1991-06-19,0.16664116084575653
1991-06-20,0.1641901135444641
1991-06-21,0.17154169082641602
1991-06-24,0.1592887043952942
1991-06-25,0.1641901135444641
1991-06-26,0.1641901135444641
1991-06-27,0.1690913885831833
1991-06-28,0.16664116084575653
1991-07-01,0.16664116084575653
1991-07-02,0.1592887043952942
1991-07-03,0.1592887043952942
1991-07-05,0.1592887043952942
1991-07-08,0.17399273812770844
1991-07-09,0.17644305527210236
1991-07-10,0.16664116084575653
1991-07-11,0.17399273812770844
1991-07-12,0.17399273812770844
1991-07-15,0.16664116084575653
1991-07-16,0.17644305527210236
1991-07-17,0.17644305527210236
1991-07-18,0.17644305527210236
1991-07-19,0.1690913885831833
1991-07-22,0.17399273812770844
1991-07-23,0.17399273812770844
1991-07-24,0.17644305527210236
1991-07-25,0.17644305527210236
1991-07-26,0.18134430050849915
1991-07-29,0.17644305527210236
1991-07-30,0.1788940727710724
1991-07-31,0.1788940727710724
1991-08-01,0.17644305527210236
1991-08-02,0.18134430050849915
1991-08-05,0.18379460275173187
1991-08-06,0.18134430050849915
1991-08-07,0.18869595229625702
1991-08-08,0.19849859178066254
1991-08-09,0.20094890892505646
1991-08-12,0.20339985191822052
1991-08-13,0.19849859178066254
1991-08-14,0.20339985191822052
1991-08-15,0.19359727203845978
1991-08-16,0.19359727203845978
1991-08-19,0.18134430050849915
1991-08-20,0.18379460275173187
1991-08-21,0.20094890892505646
1991-08-22,0.19849859178066254
1991-08-23,0.20094890892505646
1991-08-26,0.19849859178066254
1991-08-27,0.19849859178066254
1991-08-28,0.20830121636390686
1991-08-29,0.22055412828922272
1991-08-30,0.22055412828922272
1991-09-03,0.20339985191822052
1991-09-04,0.20830121636390686
1991-09-05,0.21565291285514832
1991-09-06,0.2132025808095932
1991-09-09,0.2107515186071396
1991-09-10,0.20339985191822052
1991-09-11,0.21565291285514832
1991-09-12,0.22300444543361664
1991-09-13,0.20830121636390686
1991-09-16,0.2132025808095932
1991-09-17,0.2132025808095932
1991-09-18,0.2132025808095932
1991-09-19,0.2132025808095932
1991-09-20,0.2132025808095932
1991-09-23,0.21565291285514832
1991-09-24,0.22545544803142548
1991-09-25,0.2671155631542206
1991-09-26,0.2597632110118866
1991-09-27,0.26466456055641174
1991-09-30,0.2622142732143402
1991-10-01,0.2744671404361725
1991-10-02,0.29162147641181946
1991-10-03,0.27691739797592163
1991-10-04,0.2695658504962921
1991-10-07,0.2622142732143402
1991-10-08,0.27201706171035767
1991-10-09,0.26466456055641174
1991-10-10,0.2671155631542206
1991-10-11,0.2744671404361725
1991-10-14,0.2744671404361725
1991-10-15,0.27691739797592163
1991-10-16,0.2842698395252228
1991-10-17,0.27691739797592163
1991-10-18,0.27691739797592163
1991-10-21,0.2940717041492462
1991-10-22,0.29162147641181946
1991-10-23,0.3087756335735321
1991-10-24,0.30387431383132935
1991-10-25,0.3014240860939026
1991-10-28,0.3014240860939026
1991-10-29,0.3014240860939026
1991-10-30,0.3087756335735321
1991-10-31,0.3087756335735321
1991-11-01,0.3185782730579376
1991-11-04,0.31367719173431396
1991-11-05,0.31367719173431396
1991-11-06,0.31367719173431396
1991-11-07,0.3063245713710785
1991-11-08,0.3087756335735321
1991-11-11,0.3112260103225708
1991-11-12,0.3063245713710785
1991-11-13,0.30387431383132935
1991-11-14,0.29652270674705505
1991-11-15,0.2695658504962921
1991-11-18,0.2989729344844818
1991-11-19,0.28917109966278076
1991-11-20,0.28672000765800476
1991-11-21,0.29652270674705505
1991-11-22,0.28181883692741394
1991-11-25,0.2671155631542206
1991-11-26,0.27201706171035767
1991-11-27,0.2671155631542206
1991-11-29,0.26466456055641174
1991-12-02,0.28181883692741394
1991-12-03,0.2524116039276123
1991-12-04,0.24260978400707245
1991-12-05,0.2377084493637085
1991-12-06,0.2352573275566101
1991-12-09,0.24260978400707245
1991-12-10,0.24506014585494995
1991-12-11,0.24260978400707245
1991-12-12,0.24506014585494995
1991-12-13,0.2548626959323883
1991-12-16,0.26466456055641174
1991-12-17,0.2548626959323883
1991-12-18,0.2622142732143402
1991-12-19,0.2573128640651703
1991-12-20,0.24506014585494995
1991-12-23,0.2548626959323883
1991-12-24,0.26466456055641174
1991-12-26,0.2695658504962921
1991-12-27,0.2744671404361725
1991-12-30,0.27691739797592163
1991-12-31,0.2842698395252228
1992-01-02,0.29162147641181946
1992-01-03,0.2989729344844818
1992-01-06,0.2989729344844818
1992-01-07,0.3014240860939026
1992-01-08,0.33573266863822937
1992-01-09,0.3528861105442047
1992-01-10,0.34798547625541687
1992-01-13,0.34798547625541687
1992-01-14,0.35533714294433594
1992-01-15,0.3626886010169983
1992-01-16,0.3577873110771179
1992-01-17,0.3528861105442047
1992-01-20,0.36513975262641907
1992-01-21,0.3675900101661682
1992-01-22,0.38474422693252563
1992-01-23,0.36513975262641907
1992-01-24,0.3626886010169983
1992-01-27,0.3724912703037262
1992-01-28,0.37004023790359497
1992-01-29,0.3626886010169983
1992-01-30,0.3749416172504425
1992-01-31,0.3626886010169983
1992-02-03,0.3724912703037262
1992-02-04,0.3920958936214447
1992-02-05,0.39454689621925354
1992-02-06,0.3920958936214447
1992-02-07,0.38474422693252563
1992-02-10,0.3969971835613251
1992-02-11,0.3920958936214447
1992-02-12,0.40679970383644104
1992-02-13,0.40434882044792175
1992-02-14,0.3969971835613251
1992-02-18,0.38719454407691956
1992-02-19,0.38474422693252563
1992-02-20,0.4117012023925781
1992-02-21,0.40679970383644104
1992-02-24,0.39454689621925354
1992-02-25,0.3896455466747284
1992-02-26,0.401898592710495
1992-02-27,0.401898592710495
1992-02-28,0.3920958936214447
1992-03-02,0.38719454407691956
1992-03-03,0.39454689621925354
1992-03-04,0.3896455466747284
1992-03-05,0.3822932541370392
1992-03-06,0.3822932541370392
1992-03-09,0.3430842459201813
1992-03-10,0.3381827771663666
1992-03-11,0.3381827771663666
1992-03-12,0.333281546831131
1992-03-13,0.333281546831131
1992-03-16,0.33083128929138184
1992-03-17,0.3406330943107605
1992-03-18,0.333281546831131
1992-03-19,0.31367719173431396
1992-03-20,0.3112260103225708
1992-03-23,0.316127210855484
1992-03-24,0.3381827771663666
1992-03-25,0.2940717041492462
1992-03-26,0.28672000765800476
1992-03-27,0.27201706171035767
1992-03-30,0.2744671404361725
1992-03-31,0.26466456055641174
1992-04-01,0.2671155631542206
1992-04-02,0.27201706171035767
1992-04-03,0.2744671404361725
1992-04-06,0.2744671404361725
1992-04-07,0.2573128640651703
1992-04-08,0.24506014585494995
1992-04-09,0.2671155631542206
1992-04-10,0.2597632110118866
1992-04-13,0.2573128640651703
1992-04-14,0.27201706171035767
1992-04-15,0.27691739797592163
1992-04-16,0.27691739797592163
1992-04-20,0.27201706171035767
1992-04-21,0.2671155631542206
1992-04-22,0.27201706171035767
1992-04-23,0.2597632110118866
1992-04-24,0.2573128640651703
1992-04-27,0.2597632110118866
1992-04-28,0.2524116039276123
1992-04-29,0.2622142732143402
1992-04-30,0.27201706171035767
1992-05-01,0.27691739797592163
1992-05-04,0.29162147641181946
1992-05-05,0.316127210855484
1992-05-06,0.3112260103225708
1992-05-07,0.3063245713710785
1992-05-08,0.30387431383132935
1992-05-11,0.30387431383132935
1992-05-12,0.3063245713710785
1992-05-13,0.29652270674705505
1992-05-14,0.29652270674705505
1992-05-15,0.3014240860939026
1992-05-18,0.2989729344844818
1992-05-19,0.2940717041492462
1992-05-20,0.2989729344844818
1992-05-21,0.29162147641181946
1992-05-22,0.28917109966278076
1992-05-26,0.2793685793876648
1992-05-27,0.2940717041492462
1992-05-28,0.29652270674705505
1992-05-29,0.29162147641181946
1992-06-01,0.29162147641181946
1992-06-02,0.3087756335735321
1992-06-03,0.3087756335735321
1992-06-04,0.3087756335735321
1992-06-05,0.30387431383132935
1992-06-08,0.3063245713710785
1992-06-09,0.2989729344844818
1992-06-10,0.29652270674705505
1992-06-11,0.30387431383132935
1992-06-12,0.3063245713710785
1992-06-15,0.33083128929138184
1992-06-16,0.3234788179397583
1992-06-17,0.3087756335735321
1992-06-18,0.3014240860939026
1992-06-19,0.316127210855484
1992-06-22,0.3112260103225708
1992-06-23,0.30387431383132935
1992-06-24,0.29652270674705505
1992-06-25,0.28917109966278076
1992-06-26,0.2793685793876648
1992-06-29,0.30387431383132935
1992-06-30,0.2989729344844818
1992-07-01,0.3406330943107605
1992-07-02,0.33083128929138184
1992-07-06,0.33083128929138184
1992-07-07,0.32102856040000916
1992-07-08,0.32592976093292236
1992-07-09,0.3406330943107605
1992-07-10,0.350435733795166
1992-07-13,0.350435733795166
1992-07-14,0.35533714294433594
1992-07-15,0.3724912703037262
1992-07-16,0.3724912703037262
1992-07-17,0.3675900101661682
1992-07-20,0.36023837327957153
1992-07-21,0.37004023790359497
1992-07-22,0.36513975262641907
1992-07-23,0.3626886010169983
1992-07-24,0.37004023790359497
1992-07-27,0.36023837327957153
1992-07-28,0.3577873110771179
1992-07-29,0.3455345034599304
1992-07-30,0.3626886010169983
1992-07-31,0.36513975262641907
1992-08-03,0.36513975262641907
1992-08-04,0.36023837327957153
1992-08-05,0.3626886010169983
1992-08-06,0.35533714294433594
1992-08-07,0.350435733795166
1992-08-10,0.3455345034599304
1992-08-11,0.3406330943107605
1992-08-12,0.3455345034599304
1992-08-13,0.3455345034599304
1992-08-14,0.350435733795166
1992-08-17,0.350435733795166
1992-08-18,0.3430842459201813
1992-08-19,0.33573266863822937
1992-08-20,0.3406330943107605
1992-08-21,0.3430842459201813
1992-08-24,0.32102856040000916
1992-08-25,0.33083128929138184
1992-08-26,0.333281546831131
1992-08-27,0.3406330943107605
1992-08-28,0.3406330943107605
1992-08-31,0.3430842459201813
1992-09-01,0.35533714294433594
1992-09-02,0.3724912703037262
1992-09-03,0.3675900101661682
1992-09-04,0.3626886010169983
1992-09-08,0.36023837327957153
1992-09-09,0.3822932541370392
1992-09-10,0.37984296679496765
1992-09-11,0.38719454407691956
1992-09-14,0.40925008058547974
1992-09-15,0.39454689621925354
1992-09-16,0.37984296679496765
1992-09-17,0.39454689621925354
1992-09-18,0.3969971835613251
1992-09-21,0.38719454407691956
1992-09-22,0.3969971835613251
1992-09-23,0.3920958936214447
1992-09-24,0.39454689621925354
1992-09-25,0.3724912703037262
1992-09-28,0.37984296679496765
1992-09-29,0.3994474709033966
1992-09-30,0.3920958936214447
1992-10-01,0.38474422693252563
1992-10-02,0.37984296679496765
1992-10-05,0.3724912703037262
1992-10-06,0.3896455466747284
1992-10-07,0.3822932541370392
1992-10-08,0.3822932541370392
1992-10-09,0.3724912703037262
1992-10-12,0.3896455466747284
1992-10-13,0.39454689621925354
1992-10-14,0.38719454407691956
1992-10-15,0.3920958936214447
1992-10-16,0.40434882044792175
1992-10-19,0.43375590443611145
1992-10-20,0.4386572241783142
1992-10-21,0.44110825657844543
1992-10-22,0.4509102404117584
1992-10-23,0.45336124300956726
1992-10-26,0.44110825657844543
1992-10-27,0.42395398020744324
1992-10-28,0.42885470390319824
1992-10-29,0.4460088908672333
1992-10-30,0.4362071454524994
1992-11-02,0.4460088908672333
1992-11-03,0.43375590443611145
1992-11-04,0.42885470390319824
1992-11-05,0.46071287989616394
1992-11-06,0.4729659855365753
1992-11-09,0.463162899017334
1992-11-10,0.47541603446006775
1992-11-11,0.4729659855365753
1992-11-12,0.45336124300956726
1992-11-13,0.4558115601539612
1992-11-16,0.42640450596809387
1992-11-17,0.401898592710495
1992-11-18,0.42640450596809387
1992-11-19,0.44110825657844543
1992-11-20,0.43375590443611145
1992-11-23,0.4117012023925781
1992-11-24,0.4215030372142792
1992-11-25,0.40679970383644104
1992-11-27,0.40925008058547974
1992-11-30,0.4362071454524994
1992-12-01,0.4460088908672333
1992-12-02,0.43130582571029663
1992-12-03,0.44110825657844543
1992-12-04,0.44846007227897644
1992-12-07,0.4705154001712799
1992-12-08,0.46071287989616394
1992-12-09,0.44846007227897644
1992-12-10,0.44846007227897644
1992-12-11,0.43375590443611145
1992-12-14,0.41415154933929443
1992-12-15,0.3920958936214447
1992-12-16,0.4117012023925781
1992-12-17,0.40925008058547974
1992-12-18,0.401898592710495
1992-12-21,0.3969971835613251
1992-12-22,0.37984296679496765
1992-12-23,0.546484112739563
1992-12-24,0.546484112739563
1992-12-28,0.5440331697463989
1992-12-29,0.5538355708122253
1992-12-30,0.5513845086097717
1992-12-31,0.5562859773635864
1993-01-04,0.5611873269081116
1993-01-05,0.5758915543556213
1993-01-06,0.5881441831588745
1993-01-07,0.5905945897102356
1993-01-08,0.5856931805610657
1993-01-11,0.5783413052558899
1993-01-12,0.5611873269081116
1993-01-13,0.5783413052558899
1993-01-14,0.5979458689689636
1993-01-15,0.5832429528236389
1993-01-18,0.5587371587753296
1993-01-19,0.5660885572433472
1993-01-20,0.5758915543556213
1993-01-21,0.6298040747642517
1993-01-22,0.6567604541778564
1993-01-25,0.6861684918403625
1993-01-26,0.688618540763855
1993-01-27,0.6518595218658447
1993-01-28,0.6420571208000183
1993-01-29,0.6371558308601379
1993-02-01,0.661661684513092
1993-02-02,0.6494088768959045
1993-02-03,0.6543102264404297
1993-02-04,0.6396070122718811
1993-02-05,0.6273534893989563
1993-02-08,0.6151003837585449
1993-02-09,0.5856931805610657
1993-02-10,0.6175512671470642
1993-02-11,0.5979458689689636
1993-02-12,0.5832429528236389
1993-02-16,0.5538355708122253
1993-02-17,0.5587371587753296
1993-02-18,0.5758915543556213
1993-02-19,0.5979458689689636
1993-02-22,0.5807918906211853
1993-02-23,0.5807918906211853
1993-02-24,0.6200016736984253
1993-02-25,0.6469585299491882
1993-02-26,0.6420571208000183
1993-03-01,0.6175512671470642
1993-03-02,0.6249027252197266
1993-03-03,0.6690142154693604
1993-03-04,0.6518595218658447
1993-03-05,0.666563093662262
1993-03-08,0.6739146113395691
1993-03-09,0.6641126871109009
1993-03-10,0.661661684513092
1993-03-11,0.6837172508239746
1993-03-12,0.6763655543327332
1993-03-15,0.7082229852676392
1993-03-16,0.6959701180458069
1993-03-17,0.6861684918403625
1993-03-18,0.6959701180458069
1993-03-19,0.6788158416748047
1993-03-22,0.6837172508239746
1993-03-23,0.6837172508239746
1993-03-24,0.700871467590332
1993-03-25,0.7229269742965698
1993-03-26,0.7180257439613342
1993-03-29,0.7155755162239075
1993-03-30,0.720475971698761
1993-03-31,0.720475971698761
1993-04-01,0.7229269742965698
1993-04-02,0.6812670230865479
1993-04-05,0.6935199499130249
1993-04-06,0.6788158416748047
1993-04-07,0.700871467590332
1993-04-08,0.7033218741416931
1993-04-12,0.7033218741416931
1993-04-13,0.6763655543327332
1993-04-14,0.6788158416748047
1993-04-15,0.6812670230865479
1993-04-16,0.6494088768959045
1993-04-19,0.6396070122718811
1993-04-20,0.6567604541778564
1993-04-21,0.6641126871109009
1993-04-22,0.6812670230865479
1993-04-23,0.6641126871109009
1993-04-26,0.6420571208000183
1993-04-27,0.6567604541778564
1993-04-28,0.666563093662262
1993-04-29,0.6837172508239746
1993-04-30,0.69842129945755
1993-05-03,0.7253772020339966
1993-05-04,0.7474330067634583
1993-05-05,0.7547846436500549
1993-05-06,0.7621370553970337
1993-05-07,0.7792903780937195
1993-05-10,0.7719388008117676
1993-05-11,0.7792903780937195
1993-05-12,0.7743896245956421
1993-05-13,0.7474330067634583
1993-05-14,0.7719388008117676
1993-05-17,0.7768401503562927
1993-05-18,0.7964446544647217
1993-05-19,0.840555727481842
1993-05-20,0.8528090119361877
1993-05-21,0.8258517384529114
1993-05-24,0.8234015107154846
1993-05-25,0.8160500526428223
1993-05-26,0.8503584265708923
1993-05-27,0.855259120464325
1993-05-28,0.8185001611709595
1993-06-01,0.867512583732605
1993-06-02,0.8724133968353271
1993-06-03,0.8895676136016846
1993-06-04,0.8626116514205933
1993-06-07,0.8135988116264343
1993-06-08,0.8013460636138916
1993-06-09,0.8160500526428223
1993-06-10,0.8062475323677063
1993-06-11,0.8381053805351257
1993-06-14,0.869962751865387
1993-06-15,0.8601599931716919
1993-06-16,0.857710063457489
1993-06-17,0.867512583732605
1993-06-18,0.8528090119361877
1993-06-21,0.8454572558403015
1993-06-22,0.855259120464325
1993-06-23,0.8454572558403015
1993-06-24,0.867512583732605
1993-06-25,0.9042717814445496
1993-06-28,0.9532833099365234
1993-06-29,0.906721830368042
1993-06-30,0.9655358195304871
1993-07-01,0.9802405834197998
1993-07-02,0.9802405834197998
1993-07-06,0.9630853533744812
1993-07-07,0.9385802745819092
1993-07-08,0.9532833099365234
1993-07-09,0.9581846594810486
1993-07-12,0.9826905727386475
1993-07-13,0.9949434399604797
1993-07-14,0.9777887463569641
1993-07-15,0.9679871797561646
1993-07-16,0.906721830368042
1993-07-19,0.9140739440917969
1993-07-20,0.9606355428695679
1993-07-21,0.9630853533744812
1993-07-22,0.9679871797561646
1993-07-23,0.9826905727386475
1993-07-26,1.009647250175476
1993-07-27,1.009647250175476
1993-07-28,0.9973945021629333
1993-07-29,1.0169991254806519
1993-07-30,0.9875918626785278
1993-08-02,1.0194501876831055
1993-08-03,1.0194501876831055
1993-08-04,1.0194501876831055
1993-08-05,1.0415046215057373
1993-08-06,1.0537580251693726
1993-08-09,1.0194501876831055
1993-08-10,1.009647250175476
1993-08-11,1.0120978355407715
1993-08-12,1.009647250175476
1993-08-13,0.9949434399604797
1993-08-16,1.0292514562606812
1993-08-17,1.0488570928573608
1993-08-18,1.0586590766906738
1993-08-19,1.0415046215057373
1993-08-20,1.0488570928573608
1993-08-23,1.073362946510315
1993-08-24,1.1052206754684448
1993-08-25,1.073362946510315
1993-08-26,0.9875918626785278
1993-08-27,0.9802405834197998
1993-08-30,0.9875918626785278
1993-08-31,1.009647250175476
1993-09-01,1.0415046215057373
1993-09-02,1.0268008708953857
1993-09-03,1.0464065074920654
1993-09-07,0.9998446106910706
1993-09-08,0.9998446106910706
1993-09-09,0.9973945021629333
1993-09-10,1.0022954940795898
1993-09-13,0.9679871797561646
1993-09-14,0.9557339549064636
1993-09-15,0.9924930930137634
1993-09-16,1.0047459602355957
1993-09-17,1.0317034721374512
1993-09-20,1.07091224193573
1993-09-21,1.073362946510315
1993-09-22,1.14933180809021
1993-09-23,1.1615846157073975
1993-09-24,1.1713871955871582
1993-09-27,1.1836401224136353
1993-09-28,1.205695390701294
1993-09-29,1.232651710510254
1993-09-30,1.2032450437545776
1993-10-01,1.1909915208816528
1993-10-04,1.1689356565475464
1993-10-05,1.1517821550369263
1993-10-06,1.146880030632019
1993-10-07,1.146880030632019
1993-10-08,1.1689356565475464
1993-10-11,1.1958928108215332
1993-10-12,1.2375528812408447
1993-10-13,1.2498054504394531
1993-10-14,1.24490487575531
1993-10-15,1.252256155014038
1993-10-18,1.2596081495285034
1993-10-19,1.205695390701294
1993-10-20,1.198343276977539
1993-10-21,1.2007941007614136
1993-10-22,1.1958928108215332
1993-10-25,1.1811891794204712
1993-10-26,1.1566826105117798
1993-10-27,1.1689356565475464
1993-10-28,1.1419799327850342
1993-10-29,1.1615846157073975
1993-11-01,1.1713871955871582
1993-11-02,1.1934415102005005
1993-11-03,1.1566826105117798
1993-11-04,1.0905169248580933
1993-11-05,1.1517821550369263
1993-11-08,1.198343276977539
1993-11-09,1.1958928108215332
1993-11-10,1.2351025342941284
1993-11-11,1.2547078132629395
1993-11-12,1.2351025342941284
1993-11-15,1.2351025342941284
1993-11-16,1.279213309288025
1993-11-17,1.2351025342941284
1993-11-18,1.24490487575531
1993-11-19,1.2105962038040161
1993-11-22,1.1713871955871582
1993-11-23,1.2351025342941284
1993-11-24,1.2547078132629395
1993-11-26,1.2498054504394531
1993-11-29,1.205695390701294
1993-11-30,1.2400033473968506
1993-12-01,1.279213309288025
1993-12-02,1.333126187324524
1993-12-03,1.37723708152771
1993-12-06,1.3919402360916138
1993-12-07,1.4164470434188843
1993-12-08,1.4703600406646729
1993-12-09,1.4164470434188843
1993-12-10,1.3968415260314941
1993-12-13,1.411545991897583
1993-12-14,1.3527311086654663
1993-12-15,1.3380274772644043
1993-12-16,1.3821390867233276
1993-12-17,1.3674345016479492
1993-12-20,1.3674345016479492
1993-12-21,1.3968415260314941
1993-12-22,1.2252998352050781
1993-12-23,1.205695390701294
1993-12-27,1.1713871955871582
1993-12-28,1.1370785236358643
1993-12-29,1.1566826105117798
1993-12-30,1.1419799327850342
1993-12-31,1.1272761821746826
1994-01-03,1.1174737215042114
1994-01-04,1.1811891794204712
1994-01-05,1.2252998352050781
1994-01-06,1.2596081495285034
1994-01-07,1.24490487575531
1994-01-10,1.298817753791809
1994-01-11,1.3674345016479492
1994-01-12,1.3723361492156982
1994-01-13,1.2645095586776733
1994-01-14,1.298817753791809
1994-01-17,1.3282253742218018
1994-01-18,1.3086204528808594
1994-01-19,1.2841142416000366
1994-01-20,1.323324203491211
1994-01-21,1.3282253742218018
1994-01-24,1.3037184476852417
1994-01-25,1.2890156507492065
1994-01-26,1.3086204528808594
1994-01-27,1.323324203491211
1994-01-28,1.2743116617202759
1994-01-31,1.2596081495285034
1994-02-01,1.24490487575531
1994-02-02,1.298817753791809
1994-02-03,1.2841142416000366
1994-02-04,1.2252998352050781
1994-02-07,1.2547078132629395
1994-02-08,1.2841142416000366
1994-02-09,1.2694107294082642
1994-02-10,1.2694107294082642
1994-02-11,1.24490487575531
1994-02-14,1.2841142416000366
1994-02-15,1.3184233903884888
1994-02-16,1.347830057144165
1994-02-17,1.333126187324524
1994-02-18,1.3380274772644043
1994-02-22,1.3429290056228638
1994-02-23,1.3135215044021606
1994-02-24,1.2645095586776733
1994-02-25,1.2596081495285034
1994-02-28,1.2939170598983765
1994-03-01,1.3086204528808594
1994-03-02,1.3282253742218018
1994-03-03,1.3527311086654663
1994-03-04,1.3380274772644043
1994-03-07,1.3821390867233276
1994-03-08,1.3527311086654663
1994-03-09,1.3576327562332153
1994-03-10,1.3429290056228638
1994-03-11,1.3527311086654663
1994-03-14,1.3870398998260498
1994-03-15,1.3380274772644043
1994-03-16,1.3135215044021606
1994-03-17,1.3625333309173584
1994-03-18,1.3625333309173584
1994-03-21,1.3380274772644043
1994-03-22,1.3037184476852417
1994-03-23,1.37723708152771
1994-03-24,1.347830057144165
1994-03-25,1.3037184476852417
1994-03-28,1.2596081495285034
1994-03-29,1.2252998352050781
1994-03-30,1.2694107294082642
1994-03-31,1.2596081495285034
1994-04-04,1.205695390701294
1994-04-05,1.3061697483062744
1994-04-06,1.3012683391571045
1994-04-07,1.3110711574554443
1994-04-08,1.2841142416000366
1994-04-11,1.323324203491211
1994-04-12,1.24490487575531
1994-04-13,1.1664859056472778
1994-04-14,1.1860902309417725
1994-04-15,1.1762875318527222
1994-04-18,1.1615846157073975
1994-04-19,1.0929672718048096
1994-04-20,1.0537580251693726
1994-04-21,1.1860902309417725
1994-04-22,1.1860902309417725
1994-04-25,1.2105962038040161
1994-04-26,1.1811891794204712
1994-04-28,1.1713871955871582
1994-04-29,1.1713871955871582
1994-05-02,1.24490487575531
1994-05-03,1.2105962038040161
1994-05-04,1.1860902309417725
1994-05-05,1.173837423324585
1994-05-06,1.1713871955871582
1994-05-09,1.144430160522461
1994-05-10,1.2105962038040161
1994-05-11,1.1958928108215332
1994-05-12,1.2400033473968506
1994-05-13,1.2203986644744873
1994-05-16,1.1909915208816528
1994-05-17,1.173837423324585
1994-05-18,1.2032450437545776
1994-05-19,1.2400033473968506
1994-05-20,1.2498054504394531
1994-05-23,1.2645095586776733
1994-05-24,1.323324203491211
1994-05-25,1.3282253742218018
1994-05-26,1.333126187324524
1994-05-27,1.3380274772644043
1994-05-31,1.3429290056228638
1994-06-01,1.3674345016479492
1994-06-02,1.4556562900543213
1994-06-03,1.4850633144378662
1994-06-06,1.4262489080429077
1994-06-07,1.4581072330474854
1994-06-08,1.4262489080429077
1994-06-09,1.3551815748214722
1994-06-10,1.4409527778625488
1994-06-13,1.401742935180664
1994-06-14,1.4213478565216064
1994-06-15,1.477711796760559
1994-06-16,1.4556562900543213
1994-06-17,1.4213478565216064
1994-06-20,1.4066442251205444
1994-06-21,1.3821390867233276
1994-06-22,1.4336014986038208
1994-06-23,1.3576327562332153
1994-06-24,1.4360514879226685
1994-06-27,1.4801626205444336
1994-06-28,1.4997670650482178
1994-06-29,1.4899641275405884
1994-06-30,1.4703600406646729
1994-07-01,1.4899641275405884
1994-07-05,1.4801626205444336
1994-07-06,1.4850633144378662
1994-07-07,1.5144705772399902
1994-07-08,1.4875141382217407
1994-07-11,1.4899641275405884
1994-07-12,1.5291748046875
1994-07-13,1.5536803007125854
1994-07-14,1.5095698833465576
1994-07-15,1.534075379371643
1994-07-18,1.55122971534729
1994-07-19,1.5095698833465576
1994-07-20,1.4556562900543213
1994-07-21,1.4507544040679932
1994-07-22,1.4409527778625488
1994-07-25,1.4164470434188843
1994-07-26,1.4360514879226685
1994-07-27,1.4066442251205444
1994-07-28,1.443402647972107
1994-07-29,1.4997670650482178
1994-08-01,1.4605573415756226
1994-08-02,1.4875141382217407
1994-08-03,1.4654591083526611
1994-08-04,1.4605573415756226
1994-08-05,1.4556562900543213
1994-08-08,1.4507544040679932
1994-08-09,1.482613444328308
1994-08-10,1.5046683549880981
1994-08-11,1.5267239809036255
1994-08-12,1.4997670650482178
1994-08-15,1.5144705772399902
1994-08-16,1.5193718671798706
1994-08-17,1.5634833574295044
1994-08-18,1.57328462600708
1994-08-19,1.5879887342453003
1994-08-22,1.5585814714431763
1994-08-23,1.5389769077301025
1994-08-24,1.6321001052856445
1994-08-25,1.6958142518997192
1994-08-26,1.7056180238723755
1994-08-29,1.7056180238723755
1994-08-30,1.7007158994674683
1994-08-31,1.673760175704956
1994-09-01,1.661507487297058
1994-09-02,1.627198338508606
1994-09-06,1.676209568977356
1994-09-07,1.7056180238723755
1994-09-08,1.690914511680603
1994-09-09,1.6713095903396606
1994-09-12,1.6468030214309692
1994-09-13,1.6958142518997192
1994-09-14,1.715420126914978
1994-09-15,1.7497285604476929
1994-09-16,1.7252233028411865
1994-09-19,1.7497285604476929
1994-09-20,1.7252233028411865
1994-09-21,1.690914511680603
1994-09-22,1.7203209400177002
1994-09-23,1.6958142518997192
1994-09-26,1.666407585144043
1994-09-27,1.6860129833221436
1994-09-28,1.6860129833221436
1994-09-29,1.7007158994674683
1994-09-30,1.6860129833221436
1994-10-03,1.7178704738616943
1994-10-04,1.666407585144043
1994-10-05,1.681111454963684
1994-10-06,1.6321001052856445
1994-10-07,1.65170419216156
1994-10-10,1.6713095903396606
1994-10-11,1.7448277473449707
1994-10-12,1.739925503730774
1994-10-13,1.739925503730774
1994-10-14,1.752178430557251
1994-10-17,1.8011913299560547
1994-10-18,1.7742340564727783
1994-10-19,1.7693328857421875
1994-10-20,1.7448277473449707
1994-10-21,1.7546296119689941
1994-10-24,1.7497285604476929
1994-10-25,1.730123519897461
1994-10-26,1.7497285604476929
1994-10-27,1.7325735092163086
1994-10-28,1.7840372323989868
1994-10-31,1.803641676902771
1994-11-01,1.7889384031295776
1994-11-02,1.7595301866531372
1994-11-03,1.7350244522094727
1994-11-04,1.690914511680603
1994-11-07,1.6860129833221436
1994-11-08,1.7497285604476929
1994-11-09,1.7105188369750977
1994-11-10,1.6933649778366089
1994-11-11,1.690914511680603
1994-11-14,1.730123519897461
1994-11-15,1.739925503730774
1994-11-16,1.730123519897461
1994-11-17,1.6958142518997192
1994-11-18,1.7056180238723755
1994-11-21,1.65170419216156
1994-11-22,1.5585814714431763
1994-11-23,1.5291748046875
1994-11-25,1.5977914333343506
1994-11-28,1.6075935363769531
1994-11-29,1.6713095903396606
1994-11-30,1.6173961162567139
1994-12-01,1.5977914333343506
1994-12-02,1.5855382680892944
1994-12-05,1.60269296169281
1994-12-06,1.5585814714431763
1994-12-07,1.5487788915634155
1994-12-08,1.4899641275405884
1994-12-09,1.524273157119751
1994-12-12,1.5634833574295044
1994-12-13,1.5634833574295044
1994-12-14,1.5585814714431763
1994-12-15,1.5610321760177612
1994-12-16,1.5095698833465576
1994-12-19,1.524273157119751
1994-12-20,1.5438776016235352
1994-12-21,1.661507487297058
1994-12-22,1.7105188369750977
1994-12-23,1.698265552520752
1994-12-27,1.7644317150115967
1994-12-28,1.7350244522094727
1994-12-29,1.7742340564727783
1994-12-30,1.730123519897461
1995-01-03,1.681111454963684
1995-01-04,1.6958142518997192
1995-01-05,1.661507487297058
1995-01-06,1.681111454963684
1995-01-09,1.730123519897461
1995-01-10,1.7350244522094727
1995-01-11,1.68356192111969
1995-01-12,1.6713095903396606
1995-01-13,1.65170419216156
1995-01-16,1.6419016122817993
1995-01-17,1.7007158994674683
1995-01-18,1.6958142518997192
1995-01-19,1.7546296119689941
1995-01-20,1.7227718830108643
1995-01-23,1.6860129833221436
1995-01-24,1.681111454963684
1995-01-25,1.715420126914978
1995-01-26,1.681111454963684
1995-01-27,1.676209568977356
1995-01-30,1.637000322341919
1995-01-31,1.6713095903396606
1995-02-01,1.661507487297058
1995-02-02,1.681111454963684
1995-02-03,1.7252233028411865
1995-02-06,1.7423772811889648
1995-02-07,1.739925503730774
1995-02-08,1.7203209400177002
1995-02-09,1.7056180238723755
1995-02-10,1.7350244522094727
1995-02-13,1.7448277473449707
1995-02-14,1.730123519897461
1995-02-15,1.793839454650879
1995-02-16,1.8085435628890991
1995-02-17,1.7889384031295776
1995-02-21,1.8085435628890991
1995-02-22,1.847751498222351
1995-02-23,1.8453013896942139
1995-02-24,1.793839454650879
1995-02-27,1.786487340927124
1995-02-28,1.8453013896942139
1995-03-01,1.8379496335983276
1995-03-02,1.8600051403045654
1995-03-03,1.9335224628448486
1995-03-06,1.9114669561386108
1995-03-07,1.8967646360397339
1995-03-08,1.9114669561386108
1995-03-09,1.9261707067489624
1995-03-10,1.9408751726150513
1995-03-13,1.9482272863388062
1995-03-14,1.9555784463882446
1995-03-15,1.9261707067489624
1995-03-16,1.9555784463882446
1995-03-17,1.962930679321289
1995-03-20,1.9776349067687988
1995-03-21,2.0143935680389404
1995-03-22,1.9408751726150513
1995-03-23,1.874708652496338
1995-03-24,1.889412522315979
1995-03-27,1.9041162729263306
1995-03-28,1.9261707067489624
1995-03-29,1.8820602893829346
1995-03-30,1.8453013896942139
1995-03-31,1.8379496335983276
1995-04-03,1.889412522315979
1995-04-04,1.8526525497436523
1995-04-05,1.8379496335983276
1995-04-06,1.7276731729507446
1995-04-07,1.8011913299560547
1995-04-10,1.8011913299560547
1995-04-11,1.8305983543395996
1995-04-12,1.8820602893829346
1995-04-13,1.8820602893829346
1995-04-17,1.8342742919921875
1995-04-18,1.8158948421478271
1995-04-19,1.7791359424591064
1995-04-20,1.7570801973342896
1995-04-21,1.7644317150115967
1995-04-24,1.7901630401611328
1995-04-25,1.7497285604476929
1995-04-26,1.7056180238723755
1995-04-27,1.8379496335983276
1995-04-28,1.793839454650879
1995-05-01,1.7681084871292114
1995-05-02,1.7534043788909912
1995-05-03,1.8526525497436523
1995-05-04,1.8085435628890991
1995-05-05,1.8011913299560547
1995-05-08,1.8158948421478271
1995-05-09,1.8232462406158447
1995-05-10,1.8305983543395996
1995-05-11,1.889412522315979
1995-05-12,1.9114669561386108
1995-05-15,1.996013879776001
1995-05-16,2.0180695056915283
1995-05-17,2.0290963649749756
1995-05-18,1.962930679321289
1995-05-19,1.9996899366378784
1995-05-22,1.9776349067687988
1995-05-23,2.0511512756347656
1995-05-24,2.2128913402557373
1995-05-25,2.176133632659912
1995-05-26,2.1246695518493652
1995-05-30,2.0143935680389404
1995-05-31,2.0438010692596436
1995-06-01,2.095262289047241
1995-06-02,2.117318868637085
1995-06-05,2.095262289047241
1995-06-06,2.0438010692596436
1995-06-07,2.073207378387451
1995-06-08,2.095262289047241
1995-06-09,2.1614294052124023
1995-06-12,2.19083571434021
1995-06-13,2.198187828063965
1995-06-14,2.198187828063965
1995-06-15,2.198187828063965
1995-06-16,2.2128913402557373
1995-06-19,2.2717061042785645
1995-06-20,2.2937612533569336
1995-06-21,2.286409378051758
1995-06-22,2.359927177429199
1995-06-23,2.308465003967285
1995-06-26,2.242298126220703
1995-06-27,2.220242977142334
1995-06-28,2.2165675163269043
1995-06-29,2.2717061042785645
1995-06-30,2.2717061042785645
1995-07-03,2.3011136054992676
1995-07-05,2.279057502746582
1995-07-06,2.315816879272461
1995-07-07,2.374631404876709
1995-07-10,2.3966872692108154
1995-07-11,2.2937612533569336
1995-07-12,2.404038429260254
1995-07-13,2.3966872692108154
1995-07-14,2.400362253189087
1995-07-17,2.4849085807800293
1995-07-18,2.359927177429199
1995-07-19,2.2496492862701416
1995-07-20,2.2570018768310547
1995-07-21,2.260678291320801
1995-07-24,2.304788827896118
1995-07-25,2.367279529571533
1995-07-26,2.4849085807800293
1995-07-27,2.551074266433716
1995-07-28,2.4775564670562744
1995-07-31,2.4628522396087646
1995-08-01,2.3893346786499023
1995-08-02,2.330519914627075
1995-08-03,2.3121421337127686
1995-08-04,2.374631404876709
1995-08-07,2.370955228805542
1995-08-08,2.3489012718200684
1995-08-09,2.4113898277282715
1995-08-10,2.4260942935943604
1995-08-11,2.404038429260254
1995-08-14,2.4628522396087646
1995-08-15,2.4481492042541504
1995-08-16,2.5143167972564697
1995-08-17,2.540046453475952
1995-08-18,2.5437240600585938
1995-08-21,2.488584280014038
1995-08-22,2.5143167972564697
1995-08-23,2.521667718887329
1995-08-24,2.4996109008789062
1995-08-25,2.5143167972564697
1995-08-28,2.4371211528778076
1995-08-29,2.3893346786499023
1995-08-30,2.345224142074585
1995-08-31,2.359927177429199
1995-09-01,2.308465003967285
1995-09-05,2.602536678314209
1995-09-06,2.55842661857605
1995-09-07,2.5804812908172607
1995-09-08,2.5804812908172607
1995-09-11,2.6613523960113525
1995-09-12,2.639296293258667
1995-09-13,2.705461263656616
1995-09-14,2.639296293258667
1995-09-15,2.2128913402557373
1995-09-18,2.3378713130950928
1995-09-19,2.359927177429199
1995-09-20,2.341547966003418
1995-09-21,2.286409378051758
1995-09-22,2.315816879272461
1995-09-25,2.3011136054992676
1995-09-26,2.2570018768310547
1995-09-27,2.2717061042785645
1995-09-28,2.308465003967285
1995-09-29,2.2570018768310547
1995-10-02,2.2147297859191895
1995-10-03,2.2717061042785645
1995-10-04,2.234947919845581
1995-10-05,2.2643542289733887
1995-10-06,2.220242977142334
1995-10-09,2.1687817573547363
1995-10-10,2.176133632659912
1995-10-11,2.2643542289733887
1995-10-12,2.341547966003418
1995-10-13,2.323169231414795
1995-10-16,2.3525757789611816
1995-10-17,2.400362253189087
1995-10-18,2.5290186405181885
1995-10-19,2.602536678314209
1995-10-20,2.5069632530212402
1995-10-23,2.5143167972564697
1995-10-24,2.55842661857605
1995-10-25,2.5290186405181885
1995-10-26,2.492260217666626
1995-10-27,2.5437240600585938
1995-10-30,2.5951852798461914
1995-10-31,2.56577730178833
1995-11-01,2.5951852798461914
1995-11-02,2.698110818862915
1995-11-03,2.720165967941284
1995-11-06,2.6540000438690186
1995-11-07,2.5951852798461914
1995-11-08,2.6319451332092285
1995-11-09,2.771629571914673
1995-11-10,2.771629571914673
1995-11-13,2.705461263656616
1995-11-14,2.683407783508301
1995-11-15,2.756924867630005
1995-11-16,2.7936840057373047
1995-11-17,2.8304436206817627
1995-11-20,2.6760549545288086
1995-11-21,2.698110818862915
1995-11-22,2.6356191635131836
1995-11-24,2.6540000438690186
1995-11-27,2.6723783016204834
1995-11-28,2.764277219772339
1995-11-29,2.749572992324829
1995-11-30,2.668703317642212
1995-12-01,2.6245930194854736
1995-12-04,2.6723783016204834
1995-12-05,2.6466476917266846
1995-12-06,2.5731308460235596
1995-12-07,2.602536678314209
1995-12-08,2.742222547531128
1995-12-11,2.727518081665039
1995-12-12,2.6172409057617188
1995-12-13,2.5437240600585938
1995-12-14,2.4628522396087646
1995-12-15,2.551074266433716
1995-12-18,2.4260942935943604
1995-12-19,2.6319451332092285
1995-12-20,2.5290186405181885
1995-12-21,2.5143167972564697
1995-12-22,2.602536678314209
1995-12-26,2.6098883152008057
1995-12-27,2.55842661857605
1995-12-28,2.492260217666626
1995-12-29,2.492260217666626
1996-01-02,2.5437240600585938
1996-01-03,2.4260942935943604
1996-01-04,2.3966872692108154
1996-01-05,2.521667718887329
1996-01-08,2.4849085807800293
1996-01-09,2.367279529571533
1996-01-10,2.4113898277282715
1996-01-11,2.4628522396087646
1996-01-12,2.5069632530212402
1996-01-15,2.3525757789611816
1996-01-16,2.4555020332336426
1996-01-17,2.5143167972564697
1996-01-18,2.6172409057617188
1996-01-19,2.6760549545288086
1996-01-22,2.705461263656616
1996-01-23,2.720165967941284
1996-01-24,2.8892581462860107
1996-01-25,2.808387279510498
1996-01-26,2.78633189201355
1996-01-29,2.771629571914673
1996-01-30,2.78633189201355
1996-01-31,2.808387279510498
1996-02-01,2.801037073135376
1996-02-02,2.89660906791687
1996-02-05,2.984830379486084
1996-02-06,2.9480719566345215
1996-02-07,2.874553680419922
1996-02-08,2.955423593521118
1996-02-09,2.8892581462860107
1996-02-12,2.937042713165283
1996-02-13,2.955423593521118
1996-02-14,3.0105624198913574
1996-02-15,3.1098110675811768
1996-02-16,3.087756395339966
1996-02-20,3.050997018814087
1996-02-21,3.1171629428863525
1996-02-22,3.1833293437957764
1996-02-23,3.1539223194122314
1996-02-26,3.190681219100952
1996-02-27,3.1134870052337646
1996-02-28,3.1024587154388428
1996-02-29,3.058349609375
1996-03-01,2.8892581462860107
1996-03-04,2.8451459407806396
1996-03-05,3.043645143508911
1996-03-06,2.9186642169952393
1996-03-07,2.9260153770446777
1996-03-08,2.764277219772339
1996-03-11,2.933367967605591
1996-03-12,2.837794780731201
1996-03-13,2.9186642169952393
1996-03-14,2.8304436206817627
1996-03-15,2.874553680419922
1996-03-18,2.955423593521118
1996-03-19,2.933367967605591
1996-03-20,2.933367967605591
1996-03-21,2.8598504066467285
1996-03-22,2.874553680419922
1996-03-25,2.801037073135376
1996-03-26,2.823091983795166
1996-03-27,2.837794780731201
1996-03-28,2.8304436206817627
1996-03-29,2.771629571914673
1996-04-01,2.756924867630005
1996-04-02,2.764277219772339
1996-04-03,2.683407783508301
1996-04-04,2.6760549545288086
1996-04-08,2.5437240600585938
1996-04-09,2.4407973289489746
1996-04-10,2.5437240600585938
1996-04-11,2.5804812908172607
1996-04-12,2.5878331661224365
1996-04-15,2.554750680923462
1996-04-16,2.6944353580474854
1996-04-17,2.745897054672241
1996-04-18,2.801037073135376
1996-04-19,2.823091983795166
1996-04-22,2.9223403930664062
1996-04-23,2.9995341300964355
1996-04-24,3.0546727180480957
1996-04-25,3.0326173305511475
1996-04-26,3.0105624198913574
1996-04-29,3.0215904712677
1996-04-30,2.9774792194366455
1996-05-01,3.0105624198913574
1996-05-02,2.900285005569458
1996-05-03,2.938882350921631
1996-05-06,3.0105624198913574
1996-05-07,2.955423593521118
1996-05-08,2.900285005569458
1996-05-09,2.966451406478882
1996-05-10,2.9885060787200928
1996-05-13,3.076728582382202
1996-05-14,3.0987839698791504
1996-05-15,3.043645143508911
1996-05-16,3.087756395339966
1996-05-17,3.0987839698791504
1996-05-20,3.131866693496704
1996-05-21,3.131866693496704
1996-05-22,2.9995341300964355
1996-05-23,2.9885060787200928
1996-05-24,2.933367967605591
1996-05-28,2.9223403930664062
1996-05-29,2.8892581462860107
1996-05-30,2.933367967605591
1996-05-31,2.9223403930664062
1996-06-03,2.8672022819519043
1996-06-04,2.91131329536438
1996-06-05,2.9995341300964355
1996-06-06,2.900285005569458
1996-06-07,2.9885060787200928
1996-06-10,2.9278547763824463
1996-06-11,2.9885060787200928
1996-06-12,3.043645143508911
1996-06-13,3.0326173305511475
1996-06-14,2.9885060787200928
1996-06-17,2.9885060787200928
1996-06-18,2.955423593521118
1996-06-19,3.0326173305511475
1996-06-20,3.076728582382202
1996-06-21,3.352419137954712
1996-06-24,3.34139347076416
1996-06-25,3.3634486198425293
1996-06-26,3.2972824573516846
1996-06-27,3.484755277633667
1996-06-28,3.4792394638061523
1996-07-01,3.451669692993164
1996-07-02,3.3744773864746094
1996-07-03,3.3744773864746094
1996-07-05,3.2752270698547363
1996-07-08,3.3303651809692383
1996-07-09,3.3083105087280273
1996-07-10,3.385504722595215
1996-07-11,3.319338083267212
1996-07-12,3.2862541675567627
1996-07-15,3.164949417114258
1996-07-16,3.198033094406128
1996-07-17,3.3083105087280273
1996-07-18,3.352419137954712
1996-07-19,3.2752270698547363
1996-07-22,3.2641992568969727
1996-07-23,3.1759774684906006
1996-07-24,3.2200887203216553
1996-07-25,3.3634486198425293
1996-07-26,3.3634486198425293
1996-07-29,3.3303651809692383
1996-07-30,3.3744773864746094
1996-07-31,3.451669692993164
1996-08-01,3.462697982788086
1996-08-02,3.4957821369171143
1996-08-05,3.407560110092163
1996-08-06,3.5178370475769043
1996-08-07,3.6887645721435547
1996-08-08,3.595028877258301
1996-08-09,3.65016770362854
1996-08-12,3.6391403675079346
1996-08-13,3.584001064300537
1996-08-14,3.584001064300537
1996-08-15,3.5178370475769043
1996-08-16,3.5068094730377197
1996-08-19,3.4957821369171143
1996-08-20,3.440640926361084
1996-08-21,3.34139347076416
1996-08-22,3.3634486198425293
1996-08-23,3.4296135902404785
1996-08-26,3.3634486198425293
1996-08-27,3.3744773864746094
1996-08-28,3.2972824573516846
1996-08-29,3.2090606689453125
1996-08-30,3.1098110675811768
1996-09-03,3.2862541675567627
1996-09-04,3.319338083267212
1996-09-05,3.2641992568969727
1996-09-06,3.3083105087280273
1996-09-09,3.3083105087280273
1996-09-10,3.3083105087280273
1996-09-11,3.2311155796051025
1996-09-12,3.3083105087280273
1996-09-13,3.716334819793701
1996-09-16,3.672222137451172
1996-09-17,3.672222137451172
1996-09-18,3.826611280441284
1996-09-19,3.837639808654785
1996-09-20,3.925861358642578
1996-09-23,3.782499074935913
1996-09-24,3.815584421157837
1996-09-25,3.821096897125244
1996-09-26,3.738389492034912
1996-09-27,3.788015127182007
1996-09-30,3.7549331188201904
1996-10-01,3.7604451179504395
1996-10-02,3.9038050174713135
1996-10-03,3.9038050174713135
1996-10-04,3.992027759552002
1996-10-07,4.058192253112793
1996-10-08,3.94791579246521
1996-10-09,3.892777919769287
1996-10-10,3.958942413330078
1996-10-11,3.9810004234313965
1996-10-14,4.014082908630371
1996-10-15,3.94791579246521
1996-10-16,3.925861358642578
1996-10-17,3.859694480895996
1996-10-18,3.925861358642578
1996-10-21,3.8045592308044434
1996-10-22,3.705305814743042
1996-10-23,3.738389492034912
1996-10-24,3.7935292720794678
1996-10-25,3.732876777648926
1996-10-28,3.749417304992676
1996-10-29,3.661195755004883
1996-10-30,3.628112554550171
1996-10-31,3.732876777648926
1996-11-01,3.892777919769287
1996-11-04,3.94791579246521
1996-11-05,3.892777919769287
1996-11-06,3.9699723720550537
1996-11-07,3.9810004234313965
1996-11-08,4.056814670562744
1996-11-11,4.025108337402344
1996-11-12,3.958942413330078
1996-11-13,4.014082908630371
1996-11-14,4.179497718811035
1996-11-15,4.146414756774902
1996-11-18,4.1023030281066895
1996-11-19,4.069221019744873
1996-11-20,4.223610877990723
1996-11-21,4.168470859527588
1996-11-22,4.38902473449707
1996-11-25,4.38902473449707
1996-11-26,4.366967678070068
1996-11-27,4.344913482666016
1996-11-29,4.322858810424805
1996-12-02,4.377997398376465
1996-12-03,4.38902473449707
1996-12-04,4.124360084533691
1996-12-05,4.135387420654297
1996-12-06,4.025108337402344
1996-12-09,4.300804615020752
1996-12-10,4.355940818786621
1996-12-11,4.234637260437012
1996-12-12,4.168470859527588
1996-12-13,3.8817508220672607
1996-12-16,3.7549331188201904
1996-12-17,3.815584421157837
1996-12-18,3.727363109588623
1996-12-19,3.716334819793701
1996-12-20,3.815584421157837
1996-12-23,3.738389492034912
1996-12-24,3.815584421157837
1996-12-26,3.887263774871826
1996-12-27,3.782499074935913
1996-12-30,3.6777381896972656
1996-12-31,3.6832497119903564
1997-01-02,3.705305814743042
1997-01-03,3.936889410018921
1997-01-06,3.958942413330078
1997-01-07,3.94791579246521
1997-01-08,3.826611280441284
1997-01-09,3.6832497119903564
1997-01-10,3.606057643890381
1997-01-13,3.6170871257781982
1997-01-14,3.815584421157837
1997-01-15,3.6391403675079346
1997-01-16,3.6391403675079346
1997-01-17,3.661195755004883
1997-01-20,3.7604451179504395
1997-01-21,3.6832497119903564
1997-01-22,3.738389492034912
1997-01-23,3.572974681854248
1997-01-24,3.4957821369171143
1997-01-27,3.3634486198425293
1997-01-28,3.319338083267212
1997-01-29,3.3248512744903564
1997-01-30,3.3083105087280273
1997-01-31,3.4296135902404785
1997-02-03,3.4737257957458496
1997-02-04,3.5178370475769043
1997-02-05,3.407560110092163
1997-02-06,3.484755277633667
1997-02-07,3.5288634300231934
1997-02-10,3.5398919582366943
1997-02-11,3.451669692993164
1997-02-12,3.6556835174560547
1997-02-13,3.6446545124053955
1997-02-14,3.606057643890381
1997-02-18,3.595028877258301
1997-02-19,3.65016770362854
1997-02-20,3.6832497119903564
1997-02-21,3.606057643890381
1997-02-24,3.5564329624176025
1997-02-25,3.606057643890381
1997-02-26,3.595028877258301
1997-02-27,3.5288634300231934
1997-02-28,3.462697982788086
1997-03-03,3.4737257957458496
1997-03-04,3.484755277633667
1997-03-05,3.5068094730377197
1997-03-06,3.2256019115448
1997-03-07,3.1594369411468506
1997-03-10,3.1759774684906006
1997-03-11,3.1539223194122314
1997-03-12,3.0105624198913574
1997-03-13,3.187004327774048
1997-03-14,3.6170871257781982
1997-03-17,3.705305814743042
1997-03-18,3.572974681854248
1997-03-19,3.4737257957458496
1997-03-20,3.5178370475769043
1997-03-21,3.5178370475769043
1997-03-24,3.5178370475769043
1997-03-25,3.440640926361084
1997-03-26,3.572974681854248
1997-03-27,3.4737257957458496
1997-03-31,3.4020450115203857
1997-04-01,3.2641992568969727
1997-04-02,3.242143154144287
1997-04-03,3.407560110092163
1997-04-04,3.4296135902404785
1997-04-07,3.5068094730377197
1997-04-08,3.484755277633667
1997-04-09,3.385504722595215
1997-04-10,3.3083105087280273
1997-04-11,3.2200887203216553
1997-04-14,3.4296135902404785
1997-04-15,3.2917661666870117
1997-04-16,3.3083105087280273
1997-04-17,3.2697131633758545
1997-04-18,3.2752270698547363
1997-04-21,3.187004327774048
1997-04-22,3.1098110675811768
1997-04-23,3.3303651809692383
1997-04-24,3.484755277633667
1997-04-25,3.34139347076416
1997-04-28,3.352419137954712
1997-04-29,3.396531105041504
1997-04-30,3.5068094730377197
1997-05-01,3.5674610137939453
1997-05-02,3.749417304992676
1997-05-05,3.94791579246521
1997-05-06,3.8762378692626953
1997-05-07,3.7935292720794678
1997-05-08,3.870723247528076
1997-05-09,3.870723247528076
1997-05-12,3.859694480895996
1997-05-13,3.953430414199829
1997-05-14,3.909320592880249
1997-05-15,4.052679538726807
1997-05-16,3.9148333072662354
1997-05-19,3.9038050174713135
1997-05-20,3.992027759552002
1997-05-21,4.140902042388916
1997-05-22,4.124360084533691
1997-05-23,4.146414756774902
1997-05-27,4.179497718811035
1997-05-28,4.157443523406982
1997-05-29,4.157443523406982
1997-05-30,4.1133317947387695
1997-06-02,4.322858810424805
1997-06-03,4.1023030281066895
1997-06-04,4.1188459396362305
1997-06-05,4.190524578094482
1997-06-06,4.322858810424805
1997-06-09,4.322858810424805
1997-06-10,4.201552867889404
1997-06-11,4.295286655426025
1997-06-12,4.375240802764893
1997-06-13,4.587522506713867
1997-06-16,4.615091323852539
1997-06-17,4.697803020477295
1997-06-18,4.438649654388428
1997-06-19,4.372481346130371
1997-06-20,4.256690502166748
1997-06-23,4.256690502166748
1997-06-24,4.422107696533203
1997-06-25,4.493786334991455
1997-06-26,4.471733093261719
1997-06-27,4.444161891937256
1997-06-30,4.444161891937256
1997-07-01,4.284262180328369
1997-07-02,4.245665073394775
1997-07-03,4.38902473449707
1997-07-07,4.350428581237793
1997-07-08,4.493786334991455
1997-07-09,4.54892635345459
1997-07-10,4.593037128448486
1997-07-11,4.615091323852539
1997-07-14,4.741910457611084
1997-07-15,4.9817633628845215
1997-07-16,5.067227840423584
1997-07-17,4.929380893707275
1997-07-18,4.929380893707275
1997-07-21,4.868728160858154
1997-07-22,5.017603874206543
1997-07-23,4.995546817779541
1997-07-24,4.830132961273193
1997-07-25,4.830132961273193
1997-07-28,4.808076858520508
1997-07-29,4.808076858520508
1997-07-30,4.885272979736328
1997-07-31,4.802563667297363
1997-08-01,4.841158390045166
1997-08-04,4.951436519622803
1997-08-05,5.012088775634766
1997-08-06,5.1168532371521
1997-08-07,5.017603874206543
1997-08-08,5.061714172363281
1997-08-11,5.028632640838623
1997-08-12,4.962464809417725
1997-08-13,5.006575107574463
1997-08-14,5.105823993682861
1997-08-15,4.918353080749512
1997-08-18,5.0947980880737305
1997-08-19,5.4421706199646
1997-08-20,5.425628185272217
1997-08-21,5.293295860290527
1997-08-22,5.40908670425415
1997-08-25,5.243671894073486
1997-08-26,5.1113386154174805
1997-08-27,5.078254222869873
1997-08-28,4.80532169342041
1997-08-29,5.045171737670898
1997-09-02,5.1444220542907715
1997-09-03,5.0947980880737305
1997-09-04,5.1692352294921875
1997-09-05,5.227128505706787
1997-09-08,5.285025119781494
1997-09-09,5.268483638763428
1997-09-10,5.020360469818115
1997-09-11,5.152693271636963
1997-09-12,5.11961030960083
1997-09-15,5.028632640838623
1997-09-16,5.235400199890137
1997-09-17,4.772238254547119
1997-09-18,4.854944705963135
1997-09-19,4.962464809417725
1997-09-22,4.916975975036621
1997-09-23,4.945921421051025
1997-09-24,5.020360469818115
1997-09-25,5.061714172363281
1997-09-26,4.979005336761475
1997-09-29,4.945921421051025
1997-09-30,4.8218607902526855
1997-10-01,4.763966083526611
1997-10-02,4.763966083526611
1997-10-03,4.87975549697876
1997-10-06,4.904569625854492
1997-10-07,4.966599941253662
1997-10-08,4.929380893707275
1997-10-09,4.921111583709717
1997-10-10,4.780508041381836
1997-10-13,4.813589572906494
1997-10-14,4.763966083526611
1997-10-15,4.623361587524414
1997-10-16,4.5571980476379395
1997-10-17,4.524114608764648
1997-10-20,4.56546688079834
1997-10-21,4.72261381149292
1997-10-22,4.639904975891113
1997-10-23,4.515843868255615
1997-10-24,4.491029739379883
1997-10-27,4.135387420654297
1997-10-28,4.598551273345947
1997-10-29,4.639904975891113
1997-10-30,4.466219425201416
1997-10-31,4.735018730163574
1997-11-03,4.747422695159912
1997-11-04,4.854944705963135
1997-11-05,4.813589572906494
1997-11-06,4.681259632110596
1997-11-07,4.623361587524414
1997-11-10,4.582009792327881
1997-11-11,4.623361587524414
1997-11-12,4.300804615020752
1997-11-13,4.416593551635742
1997-11-14,4.5571980476379395
1997-11-17,4.664718151092529
1997-11-18,4.598551273345947
1997-11-19,4.606820583343506
1997-11-20,4.656444549560547
1997-11-21,4.631633281707764
1997-11-24,4.300804615020752
1997-11-25,4.424864292144775
1997-11-26,4.350428581237793
1997-11-28,4.408323287963867
1997-12-01,4.218095302581787
1997-12-02,4.019596576690674
1997-12-03,4.003055572509766
1997-12-04,4.003055572509766
1997-12-05,4.127116680145264
1997-12-08,4.284262180328369
1997-12-09,3.0353753566741943
1997-12-10,3.101541042327881
1997-12-11,2.9030416011810303
1997-12-12,3.0105624198913574
1997-12-15,3.06845760345459
1997-12-16,3.0849990844726562
1997-12-17,2.9940197467803955
1997-12-18,2.91131329536438
1997-12-19,2.8616888523101807
1997-12-22,2.878230333328247
1997-12-23,2.7955214977264404
1997-12-24,2.7872514724731445
1997-12-26,2.836876153945923
1997-12-29,2.878230333328247
1997-12-30,2.9609382152557373
1997-12-31,2.952666759490967
1998-01-02,3.043645143508911
1998-01-05,3.093268632888794
1998-01-06,3.002291679382324
1998-01-07,2.7955214977264404
1998-01-08,2.6880016326904297
1998-01-09,2.4812324047088623
1998-01-12,2.390254497528076
1998-01-13,2.522585391998291
1998-01-14,2.5887534618377686
1998-01-15,2.547398805618286
1998-01-16,2.5722107887268066
1998-01-20,2.6797311305999756
1998-01-21,2.6631901264190674
1998-01-22,2.6383769512176514
1998-01-23,2.5722107887268066
1998-01-26,2.506044387817383
1998-01-27,2.5143167972564697
1998-01-28,2.8037919998168945
1998-01-29,2.9568021297454834
1998-01-30,3.076728582382202
1998-02-02,3.25868558883667
1998-02-03,3.2669565677642822
1998-02-04,3.2338738441467285
1998-02-05,3.1594369411468506
1998-02-06,3.572974681854248
1998-02-09,3.663952350616455
1998-02-10,3.606057643890381
1998-02-11,3.5647048950195312
1998-02-12,3.5564329624176025
1998-02-13,3.5068094730377197
1998-02-17,3.3910179138183594
1998-02-18,3.432372808456421
1998-02-19,3.3496642112731934
1998-02-20,3.3248512744903564
1998-02-23,3.4902665615081787
1998-02-24,3.465453624725342
1998-02-25,3.4489142894744873
1998-02-26,3.382746458053589
1998-02-27,3.25868558883667
1998-03-02,3.192518949508667
1998-03-03,3.4489142894744873
1998-03-04,3.4489142894744873
1998-03-05,3.3496642112731934
1998-03-06,3.5564329624176025
1998-03-09,3.382746458053589
1998-03-10,3.572974681854248
1998-03-11,3.6970348358154297
1998-03-12,3.663952350616455
1998-03-13,3.8624515533447266
1998-03-16,3.9203479290008545
1998-03-17,3.8045592308044434
1998-03-18,3.887263774871826
1998-03-19,3.870723247528076
1998-03-20,3.829368829727173
1998-03-23,3.978243827819824
1998-03-24,4.011327266693115
1998-03-25,4.060951232910156
1998-03-26,4.168470859527588
1998-03-27,4.110575199127197
1998-03-30,4.143658638000488
1998-03-31,4.1767425537109375
1998-04-01,4.151928424835205
1998-04-02,3.986513376235962
1998-04-03,3.721849203109741
1998-04-06,3.5895166397094727
1998-04-07,3.5895166397094727
1998-04-08,3.5812454223632812
1998-04-09,3.5647048950195312
1998-04-13,3.763202667236328
1998-04-14,3.7714712619781494
1998-04-15,3.738389492034912
1998-04-16,3.6391403675079346
1998-04-17,3.606057643890381
1998-04-20,3.6391403675079346
1998-04-21,3.647411584854126
1998-04-22,3.6391403675079346
1998-04-23,3.4489142894744873
1998-04-24,3.5316202640533447
1998-04-27,3.4819962978363037
1998-04-28,3.4737257957458496
1998-04-29,3.4902665615081787
1998-04-30,3.4241011142730713
1998-05-01,3.382746458053589
1998-05-04,3.4819962978363037
1998-05-05,3.41582989692688
1998-05-06,3.4819962978363037
1998-05-07,3.4489142894744873
1998-05-08,3.5564329624176025
1998-05-11,3.440640926361084
1998-05-12,3.4489142894744873
1998-05-13,3.440640926361084
1998-05-14,3.4737257957458496
1998-05-15,3.4241011142730713
1998-05-18,3.3992879390716553
1998-05-19,3.4489142894744873
1998-05-20,3.3248512744903564
1998-05-21,3.25868558883667
1998-05-22,3.2256019115448
1998-05-26,3.1759774684906006
1998-05-27,3.1594369411468506
1998-05-28,3.25868558883667
1998-05-29,3.1263539791107178
1998-06-01,3.0188329219818115
1998-06-02,3.2256019115448
1998-06-03,3.1180810928344727
1998-06-04,3.2834973335266113
1998-06-05,3.432372808456421
1998-06-08,3.4241011142730713
1998-06-09,3.4489142894744873
1998-06-10,3.2917661666870117
1998-06-11,3.2256019115448
1998-06-12,3.316581964492798
1998-06-15,3.2504146099090576
1998-06-16,3.2090606689453125
1998-06-17,3.2173314094543457
1998-06-18,3.25868558883667
1998-06-19,3.2090606689453125
1998-06-22,3.2007896900177
1998-06-23,3.2338738441467285
1998-06-24,3.3083105087280273
1998-06-25,3.2669565677642822
1998-06-26,3.25868558883667
1998-06-29,3.242143154144287
1998-06-30,3.2504146099090576
1998-07-01,3.1842498779296875
1998-07-02,3.0271031856536865
1998-07-06,3.05191707611084
1998-07-07,3.0271031856536865
1998-07-08,3.1180810928344727
1998-07-09,3.2338738441467285
1998-07-10,3.316581964492798
1998-07-13,3.3910179138183594
1998-07-14,3.440640926361084
1998-07-15,3.5812454223632812
1998-07-16,3.663952350616455
1998-07-17,3.5833146572113037
1998-07-20,3.647411584854126
1998-07-21,3.672222137451172
1998-07-22,3.432372808456421
1998-07-23,3.3248512744903564
1998-07-24,3.25868558883667
1998-07-27,3.5316202640533447
1998-07-28,3.5647048950195312
1998-07-29,3.523350954055786
1998-07-30,3.5316202640533447
1998-07-31,3.5068094730377197
1998-08-03,3.523350954055786
1998-08-04,3.3744773864746094
1998-08-05,3.333122730255127
1998-08-06,3.3910179138183594
1998-08-07,3.3248512744903564
1998-08-10,3.25868558883667
1998-08-11,3.242143154144287
1998-08-12,3.3496642112731934
1998-08-13,3.242143154144287
1998-08-14,3.151165723800659
1998-08-17,3.151165723800659
1998-08-18,3.0849990844726562
1998-08-19,3.2338738441467285
1998-08-20,3.2504146099090576
1998-08-21,3.3000385761260986
1998-08-24,3.2090606689453125
1998-08-25,3.192518949508667
1998-08-26,3.151165723800659
1998-08-27,2.9940197467803955
1998-08-28,2.8203344345092773
1998-08-31,2.6383769512176514
1998-09-01,2.7210848331451416
1998-09-02,2.6880016326904297
1998-09-03,2.522585391998291
1998-09-04,2.7376275062561035
1998-09-08,2.8616888523101807
1998-09-09,2.886500597000122
1998-09-10,2.9278547763824463
1998-09-11,3.3744773864746094
1998-09-14,3.5150797367095947
1998-09-15,3.572974681854248
1998-09-16,3.606057643890381
1998-09-17,3.5481622219085693
1998-09-18,3.5977883338928223
1998-09-21,3.6804943084716797
1998-09-22,3.788015127182007
1998-09-23,3.788015127182007
1998-09-24,3.7549331188201904
1998-09-25,3.829368829727173
1998-09-28,3.721849203109741
1998-09-29,3.84591007232666
1998-09-30,3.854179620742798
1998-10-01,3.572974681854248
1998-10-02,3.440640926361084
1998-10-05,3.142894744873047
1998-10-06,3.06845760345459
1998-10-07,3.2256019115448
1998-10-08,3.1594369411468506
1998-10-09,3.3744773864746094
1998-10-12,3.2834973335266113
1998-10-13,3.2752270698547363
1998-10-14,3.3992879390716553
1998-10-15,3.5398919582366943
1998-10-16,3.4985392093658447
1998-10-19,3.6887645721435547
1998-10-20,3.465453624725342
1998-10-21,3.5895166397094727
1998-10-22,3.5977883338928223
1998-10-23,3.585381031036377
1998-10-26,3.6556835174560547
1998-10-27,3.5812454223632812
1998-10-28,3.7259862422943115
1998-10-29,3.7962841987609863
1998-10-30,3.912074565887451
1998-11-02,3.9617016315460205
1998-11-03,3.9451611042022705
1998-11-04,4.052679538726807
1998-11-05,4.209824085235596
1998-11-06,4.16019868850708
1998-11-09,4.209824085235596
1998-11-10,4.168470859527588
1998-11-11,4.433134078979492
1998-11-12,4.358697891235352
1998-11-13,4.391780376434326
1998-11-16,4.2925333976745605
1998-11-17,4.375240802764893
1998-11-18,4.441404342651367
1998-11-19,4.466219425201416
1998-11-20,4.606820583343506
1998-11-23,4.87975549697876
1998-11-24,4.631633281707764
1998-11-25,4.582009792327881
1998-11-27,4.747422695159912
1998-11-30,4.532383441925049
1998-12-01,4.888028621673584
1998-12-02,4.80532169342041
1998-12-03,4.631633281707764
1998-12-04,4.838402271270752
1998-12-07,4.846673488616943
1998-12-08,4.672987937927246
1998-12-09,4.846673488616943
1998-12-10,4.623361587524414
1998-12-11,4.929380893707275
1998-12-14,4.912838935852051
1998-12-15,5.235400199890137
1998-12-16,5.1113386154174805
1998-12-17,5.1857757568359375
1998-12-18,5.202317237854004
1998-12-21,5.1692352294921875
1998-12-22,5.285025119781494
1998-12-23,5.516608238220215
1998-12-24,5.450441360473633
1998-12-28,5.8060832023620605
1998-12-29,5.888792991638184
1998-12-30,5.789543628692627
1998-12-31,5.706835746765137
1999-01-04,5.6902923583984375
1999-01-05,5.863979339599609
1999-01-06,6.136916160583496
1999-01-07,6.0376667976379395
1999-01-08,6.120372295379639
1999-01-11,6.244433403015137
1999-01-12,6.079018592834473
1999-01-13,6.054206371307373
1999-01-14,5.905333518981934
1999-01-15,6.2361626625061035
1999-01-19,6.8399338722229
1999-01-20,6.732412338256836
1999-01-21,6.442934036254883
1999-01-22,6.600077152252197
1999-01-25,6.7572221755981445
1999-01-26,6.9970784187316895
1999-01-27,6.748954772949219
1999-01-28,7.104598522186279
1999-01-29,7.327905654907227
1999-02-01,7.824150085449219
1999-02-02,7.782797336578369
1999-02-03,8.039193153381348
1999-02-04,7.716637134552002
1999-02-05,7.435425758361816
1999-02-08,7.592568397521973
1999-02-09,7.228659629821777
1999-02-10,7.104598522186279
1999-02-11,7.882048606872559
1999-02-12,7.5015950202941895
1999-02-16,7.071511745452881
1999-02-17,6.782036304473877
1999-02-18,6.724141597747803
1999-02-19,7.170762062072754
1999-02-22,7.220388412475586
1999-02-23,7.741446495056152
1999-02-24,7.369263172149658
1999-02-25,7.675280570983887
1999-02-26,7.394069671630859
1999-03-01,7.270011901855469
1999-03-02,7.009485721588135
1999-03-03,6.947451591491699
1999-03-04,7.220388412475586
1999-03-05,7.431291103363037
1999-03-08,7.604976177215576
1999-03-09,7.69182014465332
1999-03-10,7.530539512634277
1999-03-11,7.319633483886719
1999-03-12,5.669616222381592
1999-03-15,5.954958438873291
1999-03-16,5.917738914489746
1999-03-17,5.76886510848999
1999-03-18,5.892927646636963
1999-03-19,5.4711174964904785
1999-03-22,5.396682262420654
1999-03-23,5.17336893081665
1999-03-24,5.148558139801025
1999-03-25,5.2974324226379395
1999-03-26,5.458711624145508
1999-03-29,5.6572089195251465
1999-03-30,5.334649085998535
1999-03-31,5.235400199890137
1999-04-01,5.123744487762451
1999-04-05,5.024494647979736
1999-04-06,4.701933860778809
1999-04-07,4.255313396453857
1999-04-08,4.627499103546143
1999-04-09,5.136153221130371
1999-04-12,4.962464809417725
1999-04-13,4.689531326293945
1999-04-14,4.788780212402344
1999-04-15,4.937653064727783
1999-04-16,4.863215923309326
1999-04-19,4.639904975891113
1999-04-20,4.615091323852539
1999-04-21,4.788780212402344
1999-04-22,5.123744487762451
1999-04-23,5.42769718170166
1999-04-26,5.69442892074585
1999-04-27,5.570366859436035
1999-04-28,5.421493053436279
1999-04-29,5.40908670425415
1999-04-30,5.37186861038208
1999-05-03,5.17336893081665
1999-05-04,4.999685287475586
1999-05-05,4.962464809417725
1999-05-06,4.80118465423584
1999-05-07,4.863215923309326
1999-05-10,4.838402271270752
1999-05-11,4.925246715545654
1999-05-12,5.024494647979736
1999-05-13,4.56546688079834
1999-05-14,4.739153861999512
1999-05-17,4.863215923309326
1999-05-18,4.925246715545654
1999-05-19,5.235400199890137
1999-05-20,5.024494647979736
1999-05-21,5.1113386154174805
1999-05-24,4.912838935852051
1999-05-25,4.763966083526611
1999-05-26,4.652310371398926
1999-05-27,4.677124500274658
1999-05-28,4.925246715545654
1999-06-01,5.061714172363281
1999-06-02,5.198181629180908
1999-06-03,5.458711624145508
1999-06-04,5.69442892074585
1999-06-07,5.6572089195251465
1999-06-08,5.384274959564209
1999-06-09,5.2974324226379395
1999-06-10,5.17336893081665
1999-06-11,5.024494647979736
1999-06-14,5.247805118560791
1999-06-15,4.987276077270508
1999-06-16,6.538049221038818
1999-06-17,6.9226393699646
1999-06-18,6.95985746383667
1999-06-21,6.773764610290527
1999-06-22,6.773764610290527
1999-06-23,6.97226619720459
1999-06-24,7.083919048309326
1999-06-25,7.096324443817139
1999-06-28,7.282418251037598
1999-06-29,7.369263172149658
1999-06-30,7.369263172149658
1999-07-01,7.49332332611084
1999-07-02,7.629787921905518
1999-07-06,7.679417133331299
1999-07-07,7.679417133331299
1999-07-08,7.729040145874023
1999-07-09,7.803478717803955
1999-07-12,7.716637134552002
1999-07-13,7.679417133331299
1999-07-14,7.5553507804870605
1999-07-15,7.741446495056152
1999-07-16,7.890322208404541
1999-07-19,7.840695858001709
1999-07-20,7.443698406219482
1999-07-21,7.567758083343506
1999-07-22,7.1955766677856445
1999-07-23,7.183167934417725
1999-07-26,6.947451591491699
1999-07-27,7.356853008270264
1999-07-28,7.480915069580078
1999-07-29,7.5553507804870605
1999-07-30,7.5553507804870605
1999-08-02,7.567758083343506
1999-08-03,7.369263172149658
1999-08-04,7.294823169708252
1999-08-05,7.369263172149658
1999-08-06,7.245201110839844
1999-08-09,7.220388412475586
1999-08-10,7.145949363708496
1999-08-11,7.294823169708252
1999-08-12,7.046701908111572
1999-08-13,7.667012691497803
1999-08-16,7.803478717803955
1999-08-17,7.406478404998779
1999-08-18,7.034292221069336
1999-08-19,7.145949363708496
1999-08-20,7.344444274902344
1999-08-23,7.4561052322387695
1999-08-24,7.332042694091797
1999-08-25,7.332042694091797
1999-08-26,7.369263172149658
1999-08-27,7.344444274902344
1999-08-30,7.245201110839844
1999-08-31,7.245201110839844
1999-09-01,7.480915069580078
1999-09-02,7.629787921905518
1999-09-03,8.237691879272461
1999-09-07,8.69671630859375
1999-09-08,8.79596996307373
1999-09-09,8.746344566345215
1999-09-10,9.205373764038086
1999-09-13,9.081310272216797
1999-09-14,9.019278526306152
1999-09-15,8.473406791687012
1999-09-16,8.374159812927246
1999-09-17,8.64709186553955
1999-09-20,8.957247734069824
1999-09-21,8.833187103271484
1999-09-22,9.068904876708984
1999-09-23,8.634686470031738
1999-09-24,8.374159812927246
1999-09-27,8.398971557617188
1999-09-28,8.510626792907715
1999-09-29,8.59747314453125
1999-09-30,9.03168773651123
1999-10-01,8.982059478759766
1999-10-04,9.230182647705078
1999-10-05,9.180560111999512
1999-10-06,9.106122016906738
1999-10-07,8.870406150817871
1999-10-08,8.982059478759766
1999-10-11,9.143338203430176
1999-10-12,9.329436302185059
1999-10-13,9.416275024414062
1999-10-14,9.286012649536133
1999-10-15,8.932438850402832
1999-10-18,8.709124565124512
1999-10-19,8.69671630859375
1999-10-20,8.882808685302734
1999-10-21,8.96965503692627
1999-10-22,8.758749961853027
1999-10-25,8.59747314453125
1999-10-26,8.622283935546875
1999-10-27,8.895216941833496
1999-10-28,9.106122016906738
1999-10-29,9.44108772277832
1999-11-01,10.160646438598633
1999-11-02,10.520424842834473
1999-11-03,11.376447677612305
1999-11-04,11.550132751464844
1999-11-05,11.649384498596191
1999-11-08,11.798260688781738
1999-11-09,11.599757194519043
1999-11-10,11.686602592468262
1999-11-11,12.319319725036621
1999-11-12,12.92722225189209
1999-11-15,12.716316223144531
1999-11-16,12.8031587600708
1999-11-17,14.093403816223145
1999-11-18,14.726117134094238
1999-11-19,15.110701560974121
1999-11-22,15.37122917175293
1999-11-23,14.589646339416504
1999-11-24,14.254682540893555
1999-11-26,14.614462852478027
1999-11-29,14.403553009033203
1999-11-30,13.460686683654785
1999-12-01,14.031376838684082
1999-12-02,15.073493957519531
1999-12-03,15.619359970092773
1999-12-06,15.569734573364258
1999-12-07,15.731016159057617
1999-12-08,15.110701560974121
1999-12-09,15.594544410705566
1999-12-10,16.797943115234375
1999-12-13,15.84266185760498
1999-12-14,15.271984100341797
1999-12-15,17.93931007385254
1999-12-16,17.77802848815918
1999-12-17,18.001340866088867
1999-12-20,19.117895126342773
1999-12-21,19.39083480834961
1999-12-22,20.854753494262695
1999-12-23,21.17731475830078
1999-12-27,20.718294143676758
1999-12-28,21.065662384033203
1999-12-29,21.83484649658203
1999-12-30,22.10778045654297
1999-12-31,22.244243621826172
2000-01-03,23.447643280029297
2000-01-04,21.37582015991211
2000-01-05,20.246856689453125
2000-01-06,19.055864334106445
2000-01-07,20.519792556762695
2000-01-10,22.976215362548828
2000-01-11,22.306278228759766
2000-01-12,20.96640396118164
2000-01-13,20.854753494262695
2000-01-14,21.20213508605957
2000-01-18,22.082965850830078
2000-01-19,22.678464889526367
2000-01-20,23.52208709716797
2000-01-21,23.695764541625977
2000-01-24,21.512290954589844
2000-01-25,22.4055233001709
2000-01-26,21.859663009643555
2000-01-27,20.569412231445312
2000-01-28,18.807735443115234
2000-01-31,19.831254959106445
2000-02-01,21.437849044799805
2000-02-02,21.561914443969727
2000-02-03,22.504779815673828
2000-02-04,22.951406478881836
2000-02-07,23.795011520385742
2000-02-08,23.64613914489746
2000-02-09,23.795011520385742
2000-02-10,24.737882614135742
2000-02-11,23.695764541625977
2000-02-14,24.688261032104492
2000-02-15,24.365697860717773
2000-02-16,24.31607437133789
2000-02-17,24.464950561523438
2000-02-18,23.249149322509766
2000-02-22,23.54690170288086
2000-02-23,25.0356388092041
2000-02-24,24.589017868041992
2000-02-25,28.03794288635254
2000-02-28,27.243932723999023
2000-02-29,29.477052688598633
2000-03-01,28.385297775268555
2000-03-02,27.194303512573242
2000-03-03,29.77479362487793
2000-03-06,30.07254409790039
2000-03-07,29.749967575073242
2000-03-08,33.00038528442383
2000-03-09,33.3477668762207
2000-03-10,32.4048957824707
2000-03-13,31.26353645324707
2000-03-14,30.568775177001953
2000-03-15,31.21391487121582
2000-03-16,32.52894973754883
2000-03-17,31.68532371520996
2000-03-20,31.015411376953125
2000-03-21,32.032711029052734
2000-03-22,33.37256622314453
2000-03-23,34.4891357421875
2000-03-24,34.53874588012695
2000-03-27,35.10944747924805
2000-03-28,34.36506271362305
2000-03-29,32.75227355957031
2000-03-30,31.139469146728516
2000-03-31,30.990589141845703
2000-04-03,30.51915168762207
2000-04-04,30.146987915039062
2000-04-05,31.06504249572754
2000-04-06,32.628196716308594
2000-04-07,34.5883674621582
2000-04-10,32.75227355957031
2000-04-11,30.717668533325195
2000-04-12,29.030418395996094
2000-04-13,28.558990478515625
2000-04-14,24.812328338623047
2000-04-17,29.700345993041992
2000-04-18,31.337955474853516
2000-04-19,29.60110855102539
2000-04-20,28.112354278564453
2000-04-24,28.757488250732422
2000-04-25,29.99810028076172
2000-04-26,28.658233642578125
2000-04-27,30.692838668823242
2000-04-28,31.734956741333008
2000-05-01,31.635717391967773
2000-05-02,30.89134979248047
2000-05-03,30.09735107421875
2000-05-04,29.477052688598633
2000-05-05,30.49435043334961
2000-05-08,28.707857131958008
2000-05-09,28.583797454833984
2000-05-10,26.846939086914062
2000-05-11,28.7326717376709
2000-05-12,29.452234268188477
2000-05-15,30.568775177001953
2000-05-16,31.43722152709961
2000-05-17,31.040212631225586
2000-05-18,29.005605697631836
2000-05-19,27.81462287902832
2000-05-22,26.92137336730957
2000-05-23,24.861955642700195
2000-05-24,25.50706672668457
2000-05-25,26.37550163269043
2000-05-26,26.59881019592285
2000-05-30,29.452234268188477
2000-05-31,28.5341796875
2000-06-01,30.916160583496094
2000-06-02,31.834192276000977
2000-06-05,32.1319694519043
2000-06-06,30.593591690063477
2000-06-07,31.75977897644043
2000-06-08,32.7026481628418
2000-06-09,32.82670593261719
2000-06-12,31.98308753967285
2000-06-13,32.42971420288086
2000-06-14,31.362783432006836
2000-06-15,32.75227355957031
2000-06-16,32.5041389465332
2000-06-19,34.141761779785156
2000-06-20,34.160377502441406
2000-06-21,34.216190338134766
2000-06-22,32.35527420043945
2000-06-23,31.561288833618164
2000-06-26,32.82670593261719
2000-06-27,32.65301513671875
2000-06-28,32.925968170166016
2000-06-29,32.10716247558594
2000-06-30,33.37256622314453
2000-07-03,31.834192276000977
2000-07-05,28.707857131958008
2000-07-06,30.022933959960938
2000-07-07,30.12215805053711
2000-07-10,29.427412033081055
2000-07-11,28.707857131958008
2000-07-12,29.65072250366211
2000-07-13,30.07254409790039
2000-07-14,30.221403121948242
2000-07-17,30.221403121948242
2000-07-18,29.452234268188477
2000-07-19,29.278533935546875
2000-07-20,31.015411376953125
2000-07-21,29.94847869873047
2000-07-24,29.77479362487793
2000-07-25,30.171770095825195
2000-07-26,30.469539642333984
2000-07-27,29.79960060119629
2000-07-28,28.7326717376709
2000-07-31,29.84922981262207
2000-08-01,29.030418395996094
2000-08-02,29.030418395996094
2000-08-03,30.74245834350586
2000-08-04,32.380096435546875
2000-08-07,32.5041389465332
2000-08-08,32.950767517089844
2000-08-09,32.30564498901367
2000-08-10,31.78458023071289
2000-08-11,32.206390380859375
2000-08-14,32.7026481628418
2000-08-15,32.25602340698242
2000-08-16,32.231231689453125
2000-08-17,33.32294845581055
2000-08-18,32.280845642089844
2000-08-21,33.02520751953125
2000-08-22,33.174076080322266
2000-08-23,32.90113067626953
2000-08-24,33.62071228027344
2000-08-25,33.59588623046875
2000-08-28,34.43949508666992
2000-08-29,34.83649826049805
2000-08-30,35.03499984741211
2000-08-31,36.101932525634766
2000-09-01,36.7718620300293
2000-09-05,36.15155792236328
2000-09-06,35.4320068359375
2000-09-07,36.2011833190918
2000-09-08,34.36506271362305
2000-09-11,33.12446212768555
2000-09-12,31.51165771484375
2000-09-13,32.479347229003906
2000-09-14,33.719940185546875
2000-09-15,31.08983039855957
2000-09-18,30.357877731323242
2000-09-19,31.486839294433594
2000-09-20,31.734956741333008
2000-09-21,31.337955474853516
2000-09-22,32.051307678222656
2000-09-25,31.26353645324707
2000-09-26,31.53645896911621
2000-09-27,31.710145950317383
2000-09-28,32.34906005859375
2000-09-29,31.26353645324707
2000-10-02,31.26353645324707
2000-10-03,27.5913143157959
2000-10-04,27.045429229736328
2000-10-05,27.119857788085938
2000-10-06,26.846939086914062
2000-10-09,26.499563217163086
2000-10-10,25.655942916870117
2000-10-11,24.71307373046875
2000-10-12,25.010831832885742
2000-10-13,28.286046981811523
2000-10-16,27.442420959472656
2000-10-17,26.747690200805664
2000-10-18,26.64844512939453
2000-10-19,28.881553649902344
2000-10-20,27.988313674926758
2000-10-23,27.045429229736328
2000-10-24,28.434921264648438
2000-10-25,27.293563842773438
2000-10-26,27.045429229736328
2000-10-27,27.144685745239258
2000-10-30,25.11007308959961
2000-10-31,26.20181655883789
2000-11-01,24.911579132080078
2000-11-02,23.472461700439453
2000-11-03,24.067955017089844
2000-11-06,22.182220458984375
2000-11-07,21.090482711791992
2000-11-08,19.700986862182617
2000-11-09,21.586729049682617
2000-11-10,20.197235107421875
2000-11-13,19.651355743408203
2000-11-14,22.52959442138672
2000-11-15,22.92658805847168
2000-11-16,21.735595703125
2000-11-17,22.876962661743164
2000-11-20,19.651355743408203
2000-11-21,18.956615447998047
2000-11-22,17.71600341796875
2000-11-24,19.155120849609375
2000-11-27,18.361120223999023
2000-11-28,17.988935470581055
2000-11-29,18.162620544433594
2000-11-30,21.040849685668945
2000-12-01,20.991220474243164
2000-12-04,22.380706787109375
2000-12-05,25.010831832885742
2000-12-06,23.968704223632812
2000-12-07,22.479965209960938
2000-12-08,23.86945343017578
2000-12-11,25.358192443847656
2000-12-12,24.41533660888672
2000-12-13,22.52959442138672
2000-12-14,21.83484649658203
2000-12-15,22.678464889526367
2000-12-18,25.407819747924805
2000-12-19,24.31607437133789
2000-12-20,22.628835678100586
2000-12-21,23.42283821105957
2000-12-22,25.308574676513672
2000-12-26,24.5642032623291
2000-12-27,24.365697860717773
2000-12-28,24.663455963134766
2000-12-29,23.07546043395996
2001-01-02,20.941600799560547
2001-01-03,25.407819747924805
2001-01-04,25.85444450378418
2001-01-05,23.91908836364746
2001-01-08,23.77021026611328
2001-01-09,25.010831832885742
2001-01-10,26.00331687927246
2001-01-11,26.449932098388672
2001-01-12,25.655942916870117
2001-01-16,25.258949279785156
2001-01-17,26.40030860900879
2001-01-18,26.846939086914062
2001-01-19,27.442420959472656
2001-01-22,25.258949279785156
2001-01-23,24.998411178588867
2001-01-24,23.86945343017578
2001-01-25,23.77021026611328
2001-01-26,24.11758041381836
2001-01-29,24.167192459106445
2001-01-30,24.067955017089844
2001-01-31,23.125085830688477
2001-02-01,23.86945343017578
2001-02-02,22.033348083496094
2001-02-05,21.83484649658203
2001-02-06,21.934097290039062
2001-02-07,21.983715057373047
2001-02-08,21.537099838256836
2001-02-09,18.708498001098633
2001-02-12,18.26186752319336
2001-02-13,17.91449546813965
2001-02-14,19.8498592376709
2001-02-15,20.246856689453125
2001-02-16,19.055864334106445
2001-02-20,18.361120223999023
2001-02-21,18.26186752319336
2001-02-22,18.559619903564453
2001-02-23,17.467870712280273
2001-02-26,18.410747528076172
2001-02-27,17.21974754333496
2001-02-28,15.085885047912598
2001-03-01,16.971620559692383
2001-03-02,13.398656845092773
2001-03-05,13.497909545898438
2001-03-06,13.994156837463379
2001-03-07,14.788139343261719
2001-03-08,13.894903182983398
2001-03-09,13.00165843963623
2001-03-12,12.05879020690918
2001-03-13,13.448283195495605
2001-03-14,12.753533363342285
2001-03-15,11.66179084777832
2001-03-16,11.165544509887695
2001-03-19,12.25728988647461
2001-03-20,11.413671493530273
2001-03-21,11.711419105529785
2001-03-22,12.306914329528809
2001-03-23,12.604662895202637
2001-03-26,12.259271621704102
2001-03-27,13.03739070892334
2001-03-28,11.957555770874023
2001-03-29,11.37794017791748
2001-03-30,11.616137504577637
2001-04-02,12.068714141845703
2001-04-03,10.44896411895752
2001-04-04,10.65540599822998
2001-04-05,11.48909854888916
2001-04-06,10.758626937866211
2001-04-09,11.155623435974121
2001-04-10,11.886094093322754
2001-04-11,12.330731391906738
2001-04-12,12.560992240905762
2001-04-16,12.672150611877441
2001-04-17,12.87859058380127
2001-04-18,14.228378295898438
2001-04-19,16.133962631225586
2001-04-20,15.681391716003418
2001-04-23,13.617005348205566
2001-04-24,13.474084854125977
2001-04-25,13.696404457092285
2001-04-26,13.418503761291504
2001-04-27,13.617005348205566
2001-04-30,12.830948829650879
2001-05-01,12.735673904418945
2001-05-02,13.632880210876465
2001-05-03,13.061212539672852
2001-05-04,13.569367408752441
2001-05-07,13.394686698913574
2001-05-08,13.529664039611816
2001-05-09,13.545543670654297
2001-05-10,13.013566970825195
2001-05-11,12.624510765075684
2001-05-14,12.735673904418945
2001-05-15,12.64832878112793
2001-05-16,13.02151107788086
2001-05-17,12.799189567565918
2001-05-18,12.926226615905762
2001-05-21,14.371298789978027
2001-05-22,13.958415985107422
2001-05-23,13.362922668457031
2001-05-24,13.736104965209961
2001-05-25,13.108844757080078
2001-05-29,12.394253730773926
2001-05-30,11.520857810974121
2001-05-31,12.148113250732422
2001-06-01,12.592747688293457
2001-06-04,12.751546859741211
2001-06-05,13.307347297668457
2001-06-06,13.497909545898438
2001-06-07,13.759923934936523
2001-06-08,13.505839347839355
2001-06-11,12.854763984680176
2001-06-12,12.815065383911133
2001-06-13,12.306914329528809
2001-06-14,11.790813446044922
2001-06-15,11.909916877746582
2001-06-18,11.782876968383789
2001-06-19,13.307347297668457
2001-06-20,13.910782814025879
2001-06-21,14.212505340576172
2001-06-22,13.879018783569336
2001-06-25,14.10927963256836
2001-06-26,14.64125919342041
2001-06-27,14.323659896850586
2001-06-28,15.228813171386719
2001-06-29,15.085885047912598
2001-07-02,15.546406745910645
2001-07-03,15.697265625
2001-07-05,15.030306816101074
2001-07-06,14.458636283874512
2001-07-09,15.014444351196289
2001-07-10,13.966357231140137
2001-07-11,14.291898727416992
2001-07-12,15.609930038452148
2001-07-13,15.514640808105469
2001-07-16,14.847689628601074
2001-07-17,15.482892990112305
2001-07-18,14.91120719909668
2001-07-19,15.220877647399902
2001-07-20,15.141471862792969
2001-07-23,14.395116806030273
2001-07-24,14.458636283874512
2001-07-25,15.292332649230957
2001-07-26,15.411437034606934
2001-07-27,15.133523941040039
2001-07-30,14.823874473571777
2001-07-31,14.35541820526123
2001-08-01,14.54597282409668
2001-08-02,14.53803825378418
2001-08-03,14.291898727416992
2001-08-06,13.863147735595703
2001-08-07,13.688465118408203
2001-08-08,12.942105293273926
2001-08-09,12.695969581604004
2001-08-10,12.036955833435059
2001-08-13,12.457769393920898
2001-08-14,12.346612930297852
2001-08-15,11.917853355407715
2001-08-16,12.156055450439453
2001-08-17,11.687594413757324
2001-08-20,11.759054183959961
2001-08-21,11.219139099121094
2001-08-22,11.624074935913086
2001-08-23,11.123858451843262
2001-08-24,12.060778617858887
2001-08-27,11.85433578491211
2001-08-28,11.123858451843262
2001-08-29,10.599827766418457
2001-08-30,9.527932167053223
2001-08-31,9.694672584533691
2001-09-04,9.591450691223145
2001-09-05,9.583512306213379
2001-09-06,8.67042064666748
2001-09-07,8.789517402648926
2001-09-10,9.099178314208984
2001-09-17,8.7418794631958
2001-09-18,9.035654067993164
2001-09-19,8.892738342285156
2001-09-20,8.98007583618164
2001-09-21,8.543378829956055
2001-09-24,9.940808296203613
2001-09-25,9.726431846618652
2001-09-26,9.686732292175293
2001-09-27,9.559693336486816
2001-09-28,9.988447189331055
2001-10-01,9.988447189331055
2001-10-02,10.0043306350708
2001-10-03,10.845958709716797
2001-10-04,10.94918155670166
2001-10-05,11.274720191955566
2001-10-08,11.036520957946777
2001-10-09,10.877721786499023
2001-10-10,11.34618091583252
2001-10-11,11.886094093322754
2001-10-12,11.862275123596191
2001-10-15,11.465280532836914
2001-10-16,11.862275123596191
2001-10-17,10.845958709716797
2001-10-18,11.32236099243164
2001-10-19,11.544676780700684
2001-10-22,11.870218276977539
2001-10-23,11.917853355407715
2001-10-24,11.63995361328125
2001-10-25,11.07622241973877
2001-10-26,10.78244686126709
2001-10-29,10.639525413513184
2001-10-30,10.718924522399902
2001-10-31,10.76656436920166
2001-11-01,11.250900268554688
2001-11-02,11.473222732543945
2001-11-05,11.878156661987305
2001-11-06,12.084592819213867
2001-11-07,12.370427131652832
2001-11-08,12.267212867736816
2001-11-09,12.211634635925293
2001-11-12,12.227516174316406
2001-11-13,11.52879810333252
2001-11-14,11.846394538879395
2001-11-15,11.743179321289062
2001-11-16,11.552620887756348
2001-11-19,11.806697845458984
2001-11-20,11.560555458068848
2001-11-21,11.179439544677734
2001-11-23,11.441457748413086
2001-11-26,11.703475952148438
2001-11-27,11.449400901794434
2001-11-28,11.211201667785645
2001-11-29,11.266780853271484
2001-11-30,11.139740943908691
2001-12-03,10.877721786499023
2001-12-04,10.957121849060059
2001-12-05,12.203695297241211
2001-12-06,12.624510765075684
2001-12-07,12.632450103759766
2001-12-10,12.243392944335938
2001-12-11,11.997254371643066
2001-12-12,11.9893159866333
2001-12-13,11.647893905639648
2001-12-14,11.568498611450195
2001-12-17,11.743179321289062
2001-12-18,11.949618339538574
2001-12-19,11.846394538879395
2001-12-20,11.50498104095459
2001-12-21,11.417640686035156
2001-12-24,11.385879516601562
2001-12-26,11.187381744384766
2001-12-27,11.107980728149414
2001-12-28,11.163561820983887
2001-12-31,10.965063095092773
2002-01-02,11.100043296813965
2002-01-03,12.140175819396973
2002-01-04,12.267212867736816
2002-01-07,12.298972129821777
2002-01-08,12.505415916442871
2002-01-09,13.283526420593262
2002-01-10,13.251764297485352
2002-01-11,12.918293952941895
2002-01-14,13.013566970825195
2002-01-15,13.489967346191406
2002-01-16,13.1644287109375
2002-01-17,13.672582626342773
2002-01-18,13.085029602050781
2002-01-22,12.656270027160645
2002-01-23,13.299405097961426
2002-01-24,13.696404457092285
2002-01-25,13.251764297485352
2002-01-28,13.418503761291504
2002-01-29,13.100908279418945
2002-01-30,13.196186065673828
2002-01-31,13.704347610473633
2002-02-01,13.013566970825195
2002-02-04,12.799189567565918
2002-02-05,12.553050994873047
2002-02-06,12.735673904418945
2002-02-07,12.640393257141113
2002-02-08,12.846835136413574
2002-02-11,12.98180866241455
2002-02-12,12.846835136413574
2002-02-13,12.799189567565918
2002-02-14,12.957986831665039
2002-02-15,12.298972129821777
2002-02-19,11.743179321289062
2002-02-20,12.314852714538574
2002-02-21,12.116353034973145
2002-02-22,12.306914329528809
2002-02-25,12.973867416381836
2002-02-26,13.124725341796875
2002-02-27,12.997684478759766
2002-02-28,13.196186065673828
2002-03-01,12.695969581604004
2002-03-04,10.853899955749512
2002-03-05,10.996822357177734
2002-03-06,11.227078437805176
2002-03-07,11.115923881530762
2002-03-08,11.274720191955566
2002-03-11,11.512921333312988
2002-03-12,11.465280532836914
2002-03-13,11.028583526611328
2002-03-14,10.671282768249512
2002-03-15,10.0043306350708
2002-03-18,10.0043306350708
2002-03-19,10.171067237854004
2002-03-20,9.95668888092041
2002-03-21,10.441025733947754
2002-03-22,10.202826499938965
2002-03-25,9.940808296203613
2002-03-26,10.091670036315918
2002-03-27,10.028146743774414
2002-03-28,10.163129806518555
2002-04-01,10.194889068603516
2002-04-02,9.948747634887695
2002-04-03,9.909048080444336
2002-04-04,9.702609062194824
2002-04-05,9.63115406036377
2002-04-08,9.797889709472656
2002-04-09,9.512051582336426
2002-04-10,9.170636177062988
2002-04-11,8.686296463012695
2002-04-12,9.138873100280762
2002-04-15,8.972138404846191
2002-04-16,9.575572967529297
2002-04-17,9.353254318237305
2002-04-18,9.25003719329834
2002-04-19,9.472355842590332
2002-04-22,9.075355529785156
2002-04-23,8.829222679138184
2002-04-24,8.336941719055176
2002-04-25,8.336941719055176
2002-04-26,8.043166160583496
2002-04-29,8.281362533569336
2002-04-30,7.971704959869385
2002-05-01,7.503245830535889
2002-05-02,6.788653373718262
2002-05-03,6.693371772766113
2002-05-06,6.526633262634277
2002-05-07,6.550454139709473
2002-05-08,7.2650465965271
2002-05-09,6.7330732345581055
2002-05-10,6.359895706176758
2002-05-13,6.72513484954834
2002-05-14,6.995088577270508
2002-05-15,7.296807289123535
2002-05-16,7.606464385986328
2002-05-17,7.590588092803955
2002-05-20,7.2332892417907715
2002-05-21,7.026849746704102
2002-05-22,6.987149715423584
2002-05-23,7.439727306365967
2002-05-24,7.026849746704102
2002-05-28,7.098306655883789
2002-05-29,6.669553279876709
2002-05-30,6.685431957244873
2002-05-31,6.288435935974121
2002-06-03,5.812037467956543
2002-06-04,6.209036350250244
2002-06-05,6.875990390777588
2002-06-06,6.471052646636963
2002-06-07,6.637793064117432
2002-06-10,6.463113307952881
2002-06-11,6.3757734298706055
2002-06-12,6.558393478393555
2002-06-13,6.558393478393555
2002-06-14,6.804533004760742
2002-06-17,7.304746627807617
2002-06-18,7.130069255828857
2002-06-19,6.987149715423584
2002-06-20,6.717192649841309
2002-06-21,6.447234153747559
2002-06-24,6.836291313171387
2002-06-25,6.907751083374023
2002-06-26,7.280928134918213
2002-06-27,7.685863971710205
2002-06-28,7.519124984741211
2002-07-01,7.145949363708496
2002-07-02,6.891869068145752
2002-07-03,7.582644939422607
2002-07-05,7.924062728881836
2002-07-08,7.392088413238525
2002-07-09,7.463546276092529
2002-07-10,7.130069255828857
2002-07-11,7.47942590713501
2002-07-12,7.685863971710205
2002-07-15,8.059041976928711
2002-07-16,7.932005882263184
2002-07-17,8.313125610351562
2002-07-18,7.97964334487915
2002-07-19,7.717628002166748
2002-07-22,7.328567981719971
2002-07-23,6.987149715423584
2002-07-24,7.463546276092529
2002-07-25,7.153887748718262
2002-07-26,7.407968521118164
2002-07-29,7.582644939422607
2002-07-30,7.836724281311035
2002-07-31,7.947885513305664
2002-08-01,7.67793083190918
2002-08-02,7.47149133682251
2002-08-05,7.153887748718262
2002-08-06,7.407968521118164
2002-08-07,7.558826923370361
2002-08-08,7.947885513305664
2002-08-09,7.789083003997803
2002-08-12,7.72556209564209
2002-08-13,7.217406749725342
2002-08-14,7.97964334487915
2002-08-15,8.035218238830566
2002-08-16,8.249602317810059
2002-08-19,8.67835807800293
2002-08-20,8.543378829956055
2002-08-21,8.543378829956055
2002-08-22,8.884796142578125
2002-08-23,8.567198753356934
2002-08-26,8.392520904541016
2002-08-27,8.059041976928711
2002-08-28,7.86848258972168
2002-08-29,7.908185005187988
2002-08-30,7.614406585693359
2002-09-03,7.193586349487305
2002-09-04,7.622348785400391
2002-09-05,7.241227626800537
2002-09-06,7.6461663246154785
2002-09-09,7.765265941619873
2002-09-10,7.773203372955322
2002-09-11,7.781144142150879
2002-09-12,7.527065277099609
2002-09-13,7.72556209564209
2002-09-16,7.3682637214660645
2002-09-17,7.169769287109375
2002-09-18,6.606032371520996
2002-09-19,6.439295291900635
2002-09-20,6.3440141677856445
2002-09-23,6.066115856170654
2002-09-24,6.351954936981201
2002-09-25,6.8204121589660645
2002-09-26,6.58221435546875
2002-09-27,6.669553279876709
2002-09-30,6.2407965660095215
2002-10-01,6.780711650848389
2002-10-02,6.598093032836914
2002-10-03,6.613973617553711
2002-10-04,6.51075553894043
2002-10-07,6.113758087158203
2002-10-08,6.407532691955566
2002-10-09,6.407532691955566
2002-10-10,6.756894588470459
2002-10-11,7.185649394989014
2002-10-14,7.344444274902344
2002-10-15,7.693803787231445
2002-10-16,7.400024890899658
2002-10-17,7.836724281311035
2002-10-18,7.535006046295166
2002-10-21,7.654106140136719
2002-10-22,7.852603912353516
2002-10-23,7.908185005187988
2002-10-24,7.828783988952637
2002-10-25,8.146383285522461
2002-10-28,7.995527744293213
2002-10-29,7.908185005187988
2002-10-30,7.947885513305664
2002-10-31,8.090799331665039
2002-11-01,8.043166160583496
2002-11-04,8.130500793457031
2002-11-05,8.07492446899414
2002-11-06,8.22578239440918
2002-11-07,8.098745346069336
2002-11-08,7.582644939422607
2002-11-11,7.185649394989014
2002-11-12,7.542942523956299
2002-11-13,7.6382269859313965
2002-11-14,8.21784496307373
2002-11-15,8.503678321838379
2002-11-18,8.138442039489746
2002-11-19,8.233720779418945
2002-11-20,8.52750015258789
2002-11-21,9.099178314208984
2002-11-22,9.1944580078125
2002-11-25,9.456473350524902
2002-11-26,9.234153747558594
2002-11-27,9.527932167053223
2002-11-29,9.647029876708984
2002-12-02,9.448532104492188
2002-12-03,9.027716636657715
2002-12-04,8.773635864257812
2002-12-05,8.487801551818848
2002-12-06,8.956258773803711
2002-12-09,8.360759735107422
2002-12-10,8.495737075805664
2002-12-11,8.972138404846191
2002-12-12,9.051539421081543
2002-12-13,8.456042289733887
2002-12-16,8.972138404846191
2002-12-17,8.74981689453125
2002-12-18,8.440157890319824
2002-12-19,8.733935356140137
2002-12-20,8.52750015258789
2002-12-23,8.781580924987793
2002-12-24,8.72599983215332
2002-12-26,8.598959922790527
2002-12-27,8.567198753356934
2002-12-30,8.686296463012695
2002-12-31,8.575142860412598
2003-01-02,8.900676727294922
2003-01-03,9.178576469421387
2003-01-06,9.496170043945312
2003-01-07,10.075786590576172
2003-01-08,9.623212814331055
2003-01-09,10.329865455627441
2003-01-10,10.377507209777832
2003-01-13,10.266348838806152
2003-01-14,10.409265518188477
2003-01-15,9.948747634887695
2003-01-16,9.662909507751465
2003-01-17,9.083294868469238
2003-01-21,9.186513900756836
2003-01-22,9.226215362548828
2003-01-23,9.893172264099121
2003-01-24,9.345314979553223
2003-01-27,9.472355842590332
2003-01-28,9.504109382629395
2003-01-29,9.54381275177002
2003-01-30,9.329436302185059
2003-01-31,9.55175495147705
2003-02-03,9.535874366760254
2003-02-04,9.313551902770996
2003-02-05,9.146814346313477
2003-02-06,9.154753684997559
2003-02-07,9.00389575958252
2003-02-10,9.329436302185059
2003-02-11,9.456473350524902
2003-02-12,9.13093376159668
2003-02-13,9.16269302368164
2003-02-14,9.2897310256958
2003-02-18,9.861410140991211
2003-02-19,9.782010078430176
2003-02-20,9.774070739746094
2003-02-21,9.837591171264648
2003-02-24,9.385010719299316
2003-02-25,9.480289459228516
2003-02-26,9.305615425109863
2003-02-27,9.440592765808105
2003-02-28,9.496170043945312
2003-03-03,9.281793594360352
2003-03-04,9.234153747558594
2003-03-05,8.868919372558594
2003-03-06,8.860976219177246
2003-03-07,8.781580924987793
2003-03-10,8.543378829956055
2003-03-11,8.479860305786133
2003-03-12,8.733935356140137
2003-03-13,9.448532104492188
2003-03-14,9.480289459228516
2003-03-17,9.805829048156738
2003-03-18,9.726431846618652
2003-03-19,8.98007583618164
2003-03-20,9.13093376159668
2003-03-21,9.011836051940918
2003-03-24,8.757757186889648
2003-03-25,8.972138404846191
2003-03-26,9.083294868469238
2003-03-27,9.019773483276367
2003-03-28,8.813338279724121
2003-03-31,8.61484146118164
2003-04-01,8.543378829956055
2003-04-02,9.099178314208984
2003-04-03,9.226215362548828
2003-04-04,9.027716636657715
2003-04-07,9.297676086425781
2003-04-08,9.13093376159668
2003-04-09,8.868919372558594
2003-04-10,9.027716636657715
2003-04-11,8.964195251464844
2003-04-14,9.257973670959473
2003-04-15,9.16269302368164
2003-04-16,9.1944580078125
2003-04-17,9.527932167053223
2003-04-21,9.400891304016113
2003-04-22,9.63115406036377
2003-04-23,9.527932167053223
2003-04-24,9.55175495147705
2003-04-25,9.361194610595703
2003-04-28,9.504109382629395
2003-04-29,9.54381275177002
2003-04-30,9.432650566101074
2003-05-01,9.464410781860352
2003-05-02,9.686732292175293
2003-05-05,9.591450691223145
2003-05-06,9.853470802307129
2003-05-07,9.678791999816895
2003-05-08,9.60733413696289
2003-05-09,9.861410140991211
2003-05-12,9.893172264099121
2003-05-13,9.861410140991211
2003-05-14,9.948747634887695
2003-05-15,10.250468254089355
2003-05-16,9.972570419311523
2003-05-19,9.662909507751465
2003-05-20,9.6549711227417
2003-05-21,9.60733413696289
2003-05-22,9.766130447387695
2003-05-23,9.60733413696289
2003-05-27,10.04403018951416
2003-05-28,10.528365135192871
2003-05-29,10.186948776245117
2003-05-30,10.329865455627441
2003-06-02,10.163129806518555
2003-06-03,10.337807655334473
2003-06-04,10.78244686126709
2003-06-05,10.607766151428223
2003-06-06,10.39338493347168
2003-06-09,10.21076774597168
2003-06-10,10.337807655334473
2003-06-11,10.536306381225586
2003-06-12,10.583943367004395
2003-06-13,10.703045845031738
2003-06-16,10.838028907775879
2003-06-17,10.599827766418457
2003-06-18,10.65540599822998
2003-06-19,10.59188175201416
2003-06-20,10.266348838806152
2003-06-23,10.13930892944336
2003-06-24,10.04403018951416
2003-06-25,9.82965087890625
2003-06-26,9.940808296203613
2003-06-27,9.86934757232666
2003-06-30,9.535874366760254
2003-07-01,9.789950370788574
2003-07-02,9.885231971740723
2003-07-03,9.670852661132812
2003-07-07,9.980510711669922
2003-07-08,10.10754680633545
2003-07-09,10.059908866882324
2003-07-10,10.0043306350708
2003-07-11,10.194889068603516
2003-07-14,10.036087989807129
2003-07-15,10.028146743774414
2003-07-16,9.853470802307129
2003-07-17,9.599393844604492
2003-07-18,9.591450691223145
2003-07-21,9.281793594360352
2003-07-22,9.583512306213379
2003-07-23,9.60733413696289
2003-07-24,9.273855209350586
2003-07-25,9.60733413696289
2003-07-28,9.432650566101074
2003-07-29,9.464410781860352
2003-07-30,9.432650566101074
2003-07-31,9.519993782043457
2003-08-01,9.385010719299316
2003-08-04,9.416776657104492
2003-08-05,9.242093086242676
2003-08-06,9.091236114501953
2003-08-07,9.043598175048828
2003-08-08,8.964195251464844
2003-08-11,9.273855209350586
2003-08-12,9.6549711227417
2003-08-13,9.448532104492188
2003-08-14,9.623212814331055
2003-08-15,9.591450691223145
2003-08-18,9.670852661132812
2003-08-19,9.647029876708984
2003-08-20,9.623212814331055
2003-08-21,9.6549711227417
2003-08-22,9.766130447387695
2003-08-25,9.821710586547852
2003-08-26,9.877288818359375
2003-08-27,9.885231971740723
2003-08-28,10.13930892944336
2003-08-29,10.186948776245117
2003-09-02,10.631587028503418
2003-09-03,10.925362586975098
2003-09-04,10.893603324890137
2003-09-05,10.385449409484863
2003-09-08,10.703045845031738
2003-09-09,10.607766151428223
2003-09-10,10.202826499938965
2003-09-11,10.306048393249512
2003-09-12,9.964629173278809
2003-09-15,9.885231971740723
2003-09-16,9.948747634887695
2003-09-17,9.750249862670898
2003-09-18,9.813769340515137
2003-09-19,9.623212814331055
2003-09-22,9.504109382629395
2003-09-23,9.55175495147705
2003-09-24,9.21033763885498
2003-09-25,9.178576469421387
2003-09-26,9.059476852416992
2003-09-29,9.242093086242676
2003-09-30,8.932438850402832
2003-10-01,9.281793594360352
2003-10-02,9.051539421081543
2003-10-03,9.512051582336426
2003-10-06,9.678791999816895
2003-10-07,9.686732292175293
2003-10-08,10.028146743774414
2003-10-09,9.789950370788574
2003-10-10,9.789950370788574
2003-10-13,9.750249862670898
2003-10-14,9.789950370788574
2003-10-15,9.623212814331055
2003-10-16,9.504109382629395
2003-10-17,9.305615425109863
2003-10-20,9.456473350524902
2003-10-21,9.512051582336426
2003-10-22,9.305615425109863
2003-10-23,9.329436302185059
2003-10-24,9.313551902770996
2003-10-27,9.2897310256958
2003-10-28,9.512051582336426
2003-10-29,9.440592765808105
2003-10-30,9.678791999816895
2003-10-31,9.504109382629395
2003-11-03,9.678791999816895
2003-11-04,9.694672584533691
2003-11-05,9.805829048156738
2003-11-06,10.083724975585938
2003-11-07,9.893172264099121
2003-11-10,9.980510711669922
2003-11-11,9.95668888092041
2003-11-12,10.13930892944336
2003-11-13,9.980510711669922
2003-11-14,9.75818920135498
2003-11-17,9.599393844604492
2003-11-18,9.377074241638184
2003-11-19,9.55175495147705
2003-11-20,9.385010719299316
2003-11-21,9.432650566101074
2003-11-24,9.567632675170898
2003-11-25,9.424714088439941
2003-11-26,9.559693336486816
2003-11-28,9.54381275177002
2003-12-01,9.932873725891113
2003-12-02,9.84553050994873
2003-12-03,10.24252700805664
2003-12-04,10.313990592956543
2003-12-05,10.115488052368164
2003-12-08,10.171067237854004
2003-12-09,10.0122709274292
2003-12-10,10.147248268127441
2003-12-11,10.186948776245117
2003-12-12,10.186948776245117
2003-12-15,10.083724975585938
2003-12-16,10.417203903198242
2003-12-17,10.520424842834473
2003-12-18,10.583943367004395
2003-12-19,10.39338493347168
2003-12-22,10.48072624206543
2003-12-23,10.361626625061035
2003-12-24,10.298104286193848
2003-12-26,10.321925163269043
2003-12-29,10.464848518371582
2003-12-30,10.472783088684082
2003-12-31,10.504547119140625
2004-01-02,10.433084487915039
2004-01-05,10.758626937866211
2004-01-06,10.798324584960938
2004-01-07,11.092101097106934
2004-01-08,11.306477546691895
2004-01-09,11.250900268554688
2004-01-12,11.63995361328125
2004-01-13,11.401756286621094
2004-01-14,11.584378242492676
2004-01-15,11.822578430175781
2004-01-16,11.790813446044922
2004-01-20,11.679659843444824
2004-01-21,11.679659843444824
2004-01-22,11.536739349365234
2004-01-23,11.544676780700684
2004-01-26,11.48909854888916
2004-01-27,11.274720191955566
2004-01-28,11.068279266357422
2004-01-29,11.266780853271484
2004-01-30,11.00476360321045
2004-02-02,10.830079078674316
2004-02-03,11.044463157653809
2004-02-04,10.536306381225586
2004-02-05,10.76656436920166
2004-02-06,10.65540599822998
2004-02-09,10.544241905212402
2004-02-10,10.631587028503418
2004-02-11,10.877721786499023
2004-02-12,10.893603324890137
2004-02-13,10.94918155670166
2004-02-17,10.925362586975098
2004-02-18,11.163561820983887
2004-02-19,10.957121849060059
2004-02-20,10.885660171508789
2004-02-23,10.59188175201416
2004-02-24,10.528365135192871
2004-02-25,10.472783088684082
2004-02-26,10.544241905212402
2004-02-27,10.218706130981445
2004-03-01,10.385449409484863
2004-03-02,10.306048393249512
2004-03-03,10.329865455627441
2004-03-04,10.321925163269043
2004-03-05,10.091670036315918
2004-03-08,9.813769340515137
2004-03-09,9.774070739746094
2004-03-10,9.853470802307129
2004-03-11,9.726431846618652
2004-03-12,9.575572967529297
2004-03-15,9.257973670959473
2004-03-16,9.2897310256958
2004-03-17,9.408834457397461
2004-03-18,9.218276023864746
2004-03-19,9.13093376159668
2004-03-22,9.00389575958252
2004-03-23,9.051539421081543
2004-03-24,9.154753684997559
2004-03-25,9.480289459228516
2004-03-26,9.464410781860352
2004-03-29,9.591450691223145
2004-03-30,9.591450691223145
2004-03-31,9.527932167053223
2004-04-01,9.75818920135498
2004-04-02,9.988447189331055
2004-04-05,10.13930892944336
2004-04-06,9.893172264099121
2004-04-07,9.805829048156738
2004-04-08,9.82965087890625
2004-04-12,9.853470802307129
2004-04-13,9.774070739746094
2004-04-14,9.821710586547852
2004-04-15,9.591450691223145
2004-04-16,9.519993782043457
2004-04-19,9.782010078430176
2004-04-20,9.527932167053223
2004-04-21,9.583512306213379
2004-04-22,9.821710586547852
2004-04-23,9.948747634887695
2004-04-26,9.774070739746094
2004-04-27,9.647029876708984
2004-04-28,9.448532104492188
2004-04-29,9.075355529785156
2004-04-30,8.932438850402832
2004-05-03,8.995953559875488
2004-05-04,9.011836051940918
2004-05-05,9.011836051940918
2004-05-06,9.12299633026123
2004-05-07,9.051539421081543
2004-05-10,9.051539421081543
2004-05-11,9.265913963317871
2004-05-12,9.202393531799316
2004-05-13,9.369133949279785
2004-05-14,9.21033763885498
2004-05-17,9.019773483276367
2004-05-18,9.027716636657715
2004-05-19,8.964195251464844
2004-05-20,8.916555404663086
2004-05-21,8.916555404663086
2004-05-24,9.019773483276367
2004-05-25,9.13093376159668
2004-05-26,9.1150541305542
2004-05-27,9.1150541305542
2004-05-28,9.051539421081543
2004-06-01,8.829222679138184
2004-06-02,8.853038787841797
2004-06-03,8.710119247436523
2004-06-04,8.765697479248047
2004-06-07,9.067415237426758
2004-06-08,9.202393531799316
2004-06-09,9.16269302368164
2004-06-10,9.297676086425781
2004-06-14,9.170636177062988
2004-06-15,9.297676086425781
2004-06-16,9.011836051940918
2004-06-17,8.845098495483398
2004-06-18,8.845098495483398
2004-06-21,8.853038787841797
2004-06-22,8.829222679138184
2004-06-23,8.853038787841797
2004-06-24,9.13093376159668
2004-06-25,9.369133949279785
2004-06-28,9.234153747558594
2004-06-29,9.345314979553223
2004-06-30,9.472355842590332
2004-07-01,9.377074241638184
2004-07-02,9.25003719329834
2004-07-06,8.892738342285156
2004-07-07,8.892738342285156
2004-07-08,8.67042064666748
2004-07-09,8.757757186889648
2004-07-12,8.805397033691406
2004-07-13,8.733935356140137
2004-07-14,8.567198753356934
2004-07-15,8.51162052154541
2004-07-16,8.1146240234375
2004-07-19,8.201963424682617
2004-07-20,8.336941719055176
2004-07-21,8.21784496307373
2004-07-22,8.22578239440918
2004-07-23,8.019343376159668
2004-07-26,8.003462791442871
2004-07-27,8.241660118103027
2004-07-28,8.138442039489746
2004-07-29,8.241660118103027
2004-07-30,8.34488296508789
2004-08-02,8.471918106079102
2004-08-03,8.384580612182617
2004-08-04,8.606898307800293
2004-08-05,8.448095321655273
2004-08-06,8.090799331665039
2004-08-09,8.233720779418945
2004-08-10,8.416342735290527
2004-08-11,8.090799331665039
2004-08-12,7.860543727874756
2004-08-13,8.138442039489746
2004-08-16,8.138442039489746
2004-08-17,8.162266731262207
2004-08-18,8.34488296508789
2004-08-19,8.273422241210938
2004-08-20,8.186084747314453
2004-08-23,8.178144454956055
2004-08-24,8.201963424682617
2004-08-25,8.25754165649414
2004-08-26,8.122560501098633
2004-08-27,8.17020034790039
2004-08-30,8.027280807495117
2004-08-31,7.916125774383545
2004-09-01,7.97964334487915
2004-09-02,8.17020034790039
2004-09-03,7.963761806488037
2004-09-07,8.003462791442871
2004-09-08,7.828783988952637
2004-09-09,7.8843674659729
2004-09-10,8.305180549621582
2004-09-13,8.432222366333008
2004-09-14,8.376643180847168
2004-09-15,8.995953559875488
2004-09-16,8.916555404663086
2004-09-17,9.138873100280762
2004-09-20,9.051539421081543
2004-09-21,9.059476852416992
2004-09-22,8.845098495483398
2004-09-23,8.773635864257812
2004-09-24,8.765697479248047
2004-09-27,8.884796142578125
2004-09-28,9.019773483276367
2004-09-29,9.075355529785156
2004-09-30,8.956258773803711
2004-10-01,9.448532104492188
2004-10-04,9.424714088439941
2004-10-05,9.694672584533691
2004-10-06,9.718488693237305
2004-10-07,9.75818920135498
2004-10-08,9.662909507751465
2004-10-11,9.686732292175293
2004-10-12,9.647029876708984
2004-10-13,9.519993782043457
2004-10-14,9.527932167053223
2004-10-15,9.718488693237305
2004-10-18,9.861410140991211
2004-10-19,9.774070739746094
2004-10-20,9.861410140991211
2004-10-21,9.877288818359375
2004-10-22,9.774070739746094
2004-10-25,9.63115406036377
2004-10-26,9.742314338684082
2004-10-27,9.996391296386719
2004-10-28,10.115488052368164
2004-10-29,10.051969528198242
2004-11-01,10.123428344726562
2004-11-02,10.163129806518555
2004-11-03,10.186948776245117
2004-11-04,10.401327133178711
2004-11-05,10.45690631866455
2004-11-08,10.409265518188477
2004-11-09,10.599827766418457
2004-11-10,10.623641967773438
2004-11-11,10.433084487915039
2004-11-12,10.631587028503418
2004-11-15,10.329865455627441
2004-11-16,10.258406639099121
2004-11-17,10.425146102905273
2004-11-18,10.298104286193848
2004-11-19,10.123428344726562
2004-11-22,10.06784725189209
2004-11-23,10.083724975585938
2004-11-24,10.15518856048584
2004-11-26,10.051969528198242
2004-11-29,10.06784725189209
2004-11-30,10.115488052368164
2004-12-01,10.39338493347168
2004-12-02,10.282228469848633
2004-12-03,10.345745086669922
2004-12-06,10.59188175201416
2004-12-07,10.36956787109375
2004-12-08,10.488665580749512
2004-12-09,10.552183151245117
2004-12-10,10.544241905212402
2004-12-13,11.616137504577637
2004-12-14,11.298541069030762
2004-12-15,11.187381744384766
2004-12-16,11.187381744384766
2004-12-17,11.100043296813965
2004-12-20,10.78244686126709
2004-12-21,10.94918155670166
2004-12-22,10.877721786499023
2004-12-23,10.830079078674316
2004-12-27,10.838028907775879
2004-12-28,10.988885879516602
2004-12-29,10.893603324890137
2004-12-30,11.020642280578613
2004-12-31,10.893603324890137
2005-01-03,10.647464752197266
2005-01-04,10.36956787109375
2005-01-05,10.401327133178711
2005-01-06,10.496601104736328
2005-01-07,10.583943367004395
2005-01-10,10.472783088684082
2005-01-11,10.48072624206543
2005-01-12,10.703045845031738
2005-01-13,10.703045845031738
2005-01-14,10.8221435546875
2005-01-18,10.941241264343262
2005-01-19,10.695107460021973
2005-01-20,10.544241905212402
2005-01-21,10.568065643310547
2005-01-24,10.512486457824707
2005-01-25,10.790384292602539
2005-01-26,10.814202308654785
2005-01-27,11.092101097106934
2005-01-28,10.861842155456543
2005-01-31,10.933302879333496
2005-02-01,10.838028907775879
2005-02-02,10.76656436920166
2005-02-03,10.59188175201416
2005-02-04,10.845958709716797
2005-02-07,10.758626937866211
2005-02-08,10.695107460021973
2005-02-09,10.45690631866455
2005-02-10,10.433084487915039
2005-02-11,10.599827766418457
2005-02-14,10.568065643310547
2005-02-15,10.552183151245117
2005-02-16,10.583943367004395
2005-02-17,10.290165901184082
2005-02-18,10.27428913116455
2005-02-22,10.051969528198242
2005-02-23,10.282228469848633
2005-02-24,10.329865455627441
2005-02-25,10.425146102905273
2005-02-28,10.282228469848633
2005-03-01,10.441025733947754
2005-03-02,10.361626625061035
2005-03-03,10.39338493347168
2005-03-04,10.544241905212402
2005-03-07,10.798324584960938
2005-03-08,10.814202308654785
2005-03-09,10.599827766418457
2005-03-10,10.528365135192871
2005-03-11,10.39338493347168
2005-03-14,10.441025733947754
2005-03-15,10.441025733947754
2005-03-16,10.337807655334473
2005-03-17,10.44896411895752
2005-03-18,9.95668888092041
2005-03-21,10.04403018951416
2005-03-22,9.916990280151367
2005-03-23,9.932873725891113
2005-03-24,9.84553050994873
2005-03-28,9.86934757232666
2005-03-29,9.750249862670898
2005-03-30,9.909048080444336
2005-03-31,9.909048080444336
2005-04-01,9.948747634887695
2005-04-04,10.075786590576172
2005-04-05,9.885231971740723
2005-04-06,9.82965087890625
2005-04-07,9.885231971740723
2005-04-08,9.813769340515137
2005-04-11,9.84553050994873
2005-04-12,9.916990280151367
2005-04-13,9.734369277954102
2005-04-14,9.599393844604492
2005-04-15,9.2897310256958
2005-04-18,9.369133949279785
2005-04-19,9.432650566101074
2005-04-20,9.353254318237305
2005-04-21,9.662909507751465
2005-04-22,9.464410781860352
2005-04-25,9.583512306213379
2005-04-26,9.432650566101074
2005-04-27,9.448532104492188
2005-04-28,9.226215362548828
2005-04-29,9.178576469421387
2005-05-02,9.21033763885498
2005-05-03,9.202393531799316
2005-05-04,9.305615425109863
2005-05-05,9.257973670959473
2005-05-06,9.337376594543457
2005-05-09,9.329436302185059
2005-05-10,9.146814346313477
2005-05-11,9.2897310256958
2005-05-12,9.440592765808105
2005-05-13,9.813769340515137
2005-05-16,9.805829048156738
2005-05-17,9.694672584533691
2005-05-18,9.789950370788574
2005-05-19,9.86934757232666
2005-05-20,9.964629173278809
2005-05-23,10.083724975585938
2005-05-24,10.163129806518555
2005-05-25,10.123428344726562
2005-05-26,10.258406639099121
2005-05-27,10.202826499938965
2005-05-31,10.163129806518555
2005-06-01,10.234586715698242
2005-06-02,10.306048393249512
2005-06-03,9.996391296386719
2005-06-06,10.04403018951416
2005-06-07,9.996391296386719
2005-06-08,10.059908866882324
2005-06-09,10.059908866882324
2005-06-10,10.036087989807129
2005-06-13,10.0043306350708
2005-06-14,9.909048080444336
2005-06-15,10.020209312438965
2005-06-16,9.893172264099121
2005-06-17,9.797889709472656
2005-06-20,9.853470802307129
2005-06-21,9.964629173278809
2005-06-22,10.028146743774414
2005-06-23,9.932873725891113
2005-06-24,9.92492961883545
2005-06-27,9.95668888092041
2005-06-28,10.186948776245117
2005-06-29,10.774502754211426
2005-06-30,10.48072624206543
2005-07-01,10.552183151245117
2005-07-05,10.536306381225586
2005-07-06,10.576003074645996
2005-07-07,10.552183151245117
2005-07-08,10.76656436920166
2005-07-11,10.885660171508789
2005-07-12,10.957121849060059
2005-07-13,11.084161758422852
2005-07-14,11.155623435974121
2005-07-15,11.147679328918457
2005-07-18,11.036520957946777
2005-07-19,11.068279266357422
2005-07-20,11.139740943908691
2005-07-21,10.893603324890137
2005-07-22,10.957121849060059
2005-07-25,10.94918155670166
2005-07-26,10.94918155670166
2005-07-27,10.988885879516602
2005-07-28,10.996822357177734
2005-07-29,10.774502754211426
2005-08-01,10.734800338745117
2005-08-02,10.78244686126709
2005-08-03,10.623641967773438
2005-08-04,10.560126304626465
2005-08-05,10.544241905212402
2005-08-08,10.552183151245117
2005-08-09,10.607766151428223
2005-08-10,10.599827766418457
2005-08-11,10.615703582763672
2005-08-12,10.560126304626465
2005-08-15,10.552183151245117
2005-08-16,10.560126304626465
2005-08-17,10.512486457824707
2005-08-18,10.39338493347168
2005-08-19,10.377507209777832
2005-08-22,10.39338493347168
2005-08-23,10.401327133178711
2005-08-24,10.282228469848633
2005-08-25,10.298104286193848
2005-08-26,10.24252700805664
2005-08-29,10.385449409484863
2005-08-30,10.345745086669922
2005-08-31,10.313990592956543
2005-09-01,10.568065643310547
2005-09-02,10.631587028503418
2005-09-06,10.76656436920166
2005-09-07,10.647464752197266
2005-09-08,10.615703582763672
2005-09-09,10.544241905212402
2005-09-12,10.710984230041504
2005-09-13,10.830079078674316
2005-09-14,10.671282768249512
2005-09-15,10.615703582763672
2005-09-16,10.520424842834473
2005-09-19,10.552183151245117
2005-09-20,10.639525413513184
2005-09-21,10.552183151245117
2005-09-22,10.734800338745117
2005-09-23,9.885231971740723
2005-09-26,9.84553050994873
2005-09-27,9.789950370788574
2005-09-28,9.678791999816895
2005-09-29,9.782010078430176
2005-09-30,9.84553050994873
2005-10-03,9.82965087890625
2005-10-04,9.718488693237305
2005-10-05,9.662909507751465
2005-10-06,9.55175495147705
2005-10-07,9.512051582336426
2005-10-10,9.535874366760254
2005-10-11,9.591450691223145
2005-10-12,9.527932167053223
2005-10-13,9.591450691223145
2005-10-14,9.774070739746094
2005-10-17,9.82965087890625
2005-10-18,9.821710586547852
2005-10-19,9.678791999816895
2005-10-20,9.639094352722168
2005-10-21,9.734369277954102
2005-10-24,10.179006576538086
2005-10-25,10.298104286193848
2005-10-26,10.051969528198242
2005-10-27,9.885231971740723
2005-10-28,10.091670036315918
2005-10-31,10.06784725189209
2005-11-01,10.10754680633545
2005-11-02,9.909048080444336
2005-11-03,9.686732292175293
2005-11-04,10.0122709274292
2005-11-07,10.0122709274292
2005-11-08,10.020209312438965
2005-11-09,9.932873725891113
2005-11-10,10.083724975585938
2005-11-11,10.171067237854004
2005-11-14,10.179006576538086
2005-11-15,10.059908866882324
2005-11-16,9.916990280151367
2005-11-17,10.0122709274292
2005-11-18,10.020209312438965
2005-11-21,9.877288818359375
2005-11-22,9.837591171264648
2005-11-23,10.036087989807129
2005-11-25,10.0122709274292
2005-11-28,9.95668888092041
2005-11-29,10.10754680633545
2005-11-30,10.0043306350708
2005-12-01,10.21076774597168
2005-12-02,10.131364822387695
2005-12-05,9.932873725891113
2005-12-06,9.940808296203613
2005-12-07,9.932873725891113
2005-12-08,9.877288818359375
2005-12-09,9.92492961883545
2005-12-12,10.194889068603516
2005-12-13,10.186948776245117
2005-12-14,10.171067237854004
2005-12-15,10.186948776245117
2005-12-16,10.075786590576172
2005-12-19,9.782010078430176
2005-12-20,9.750249862670898
2005-12-21,9.670852661132812
2005-12-22,9.782010078430176
2005-12-23,9.797889709472656
2005-12-27,9.805829048156738
2005-12-28,9.750249862670898
2005-12-29,9.75818920135498
2005-12-30,9.694672584533691
2006-01-03,10.0043306350708
2006-01-04,10.020209312438965
2006-01-05,10.15518856048584
2006-01-06,10.417203903198242
2006-01-09,10.226646423339844
2006-01-10,10.020209312438965
2006-01-11,10.0043306350708
2006-01-12,9.940808296203613
2006-01-13,9.932873725891113
2006-01-17,9.877288818359375
2006-01-18,9.797889709472656
2006-01-19,9.940808296203613
2006-01-20,9.75818920135498
2006-01-23,9.766130447387695
2006-01-24,9.686732292175293
2006-01-25,9.932873725891113
2006-01-26,9.877288818359375
2006-01-27,9.853470802307129
2006-01-30,10.0122709274292
2006-01-31,9.980510711669922
2006-02-01,9.988447189331055
2006-02-02,9.837591171264648
2006-02-03,9.694672584533691
2006-02-06,9.726431846618652
2006-02-07,9.821710586547852
2006-02-08,9.980510711669922
2006-02-09,10.075786590576172
2006-02-10,10.075786590576172
2006-02-13,9.916990280151367
2006-02-14,9.84553050994873
2006-02-15,9.853470802307129
2006-02-16,9.877288818359375
2006-02-17,9.84553050994873
2006-02-21,9.797889709472656
2006-02-22,9.909048080444336
2006-02-23,9.84553050994873
2006-02-24,9.893172264099121
2006-02-27,9.893172264099121
2006-02-28,9.861410140991211
2006-03-01,10.171067237854004
2006-03-02,10.163129806518555
2006-03-03,10.15518856048584
2006-03-06,10.13930892944336
2006-03-07,10.226646423339844
2006-03-08,10.21076774597168
2006-03-09,10.194889068603516
2006-03-10,10.24252700805664
2006-03-13,10.24252700805664
2006-03-14,10.290165901184082
2006-03-15,10.512486457824707
2006-03-16,10.718924522399902
2006-03-17,10.798324584960938
2006-03-20,10.893603324890137
2006-03-21,10.814202308654785
2006-03-22,11.107980728149414
2006-03-23,10.957121849060059
2006-03-24,10.94918155670166
2006-03-27,10.988885879516602
2006-03-28,10.790384292602539
2006-03-29,10.893603324890137
2006-03-30,10.941241264343262
2006-03-31,10.869782447814941
2006-04-03,10.94918155670166
2006-04-04,10.988885879516602
2006-04-05,11.07622241973877
2006-04-06,10.957121849060059
2006-04-07,10.917423248291016
2006-04-10,10.980940818786621
2006-04-11,10.988885879516602
2006-04-12,10.941241264343262
2006-04-13,10.861842155456543
2006-04-17,10.9094820022583
2006-04-18,11.115923881530762
2006-04-19,11.362059593200684
2006-04-20,11.235020637512207
2006-04-21,11.338240623474121
2006-04-24,11.497039794921875
2006-04-25,11.63201904296875
2006-04-26,11.687594413757324
2006-04-27,11.85433578491211
2006-04-28,11.584378242492676
2006-05-01,11.576438903808594
2006-05-02,11.457338333129883
2006-05-03,11.369998931884766
2006-05-04,11.34618091583252
2006-05-05,11.473222732543945
2006-05-08,11.298541069030762
2006-05-09,11.203258514404297
2006-05-10,11.306477546691895
2006-05-11,11.044463157653809
2006-05-12,11.100043296813965
2006-05-15,11.092101097106934
2006-05-16,11.266780853271484
2006-05-17,10.996822357177734
2006-05-18,10.933302879333496
2006-05-19,10.877721786499023
2006-05-22,10.758626937866211
2006-05-23,10.695107460021973
2006-05-24,10.941241264343262
2006-05-25,11.171501159667969
2006-05-26,11.155623435974121
2006-05-30,11.131802558898926
2006-05-31,11.290597915649414
2006-06-01,11.290597915649414
2006-06-02,11.235020637512207
2006-06-05,11.00476360321045
2006-06-06,10.973004341125488
2006-06-07,10.750680923461914
2006-06-08,10.74274730682373
2006-06-09,10.695107460021973
2006-06-12,10.520424842834473
2006-06-13,10.441025733947754
2006-06-14,10.472783088684082
2006-06-15,10.877721786499023
2006-06-16,11.266780853271484
2006-06-19,11.34618091583252
2006-06-20,11.314417839050293
2006-06-21,11.536739349365234
2006-06-22,11.37794017791748
2006-06-23,11.830516815185547
2006-06-26,11.647893905639648
2006-06-27,11.512921333312988
2006-06-28,11.576438903808594
2006-06-29,11.703475952148438
2006-06-30,11.50498104095459
2006-07-03,11.759054183959961
2006-07-05,11.568498611450195
2006-07-06,11.512921333312988
2006-07-07,11.735237121582031
2006-07-10,11.584378242492676
2006-07-11,11.544676780700684
2006-07-12,11.290597915649414
2006-07-13,11.19532299041748
2006-07-14,11.34618091583252
2006-07-17,11.449400901794434
2006-07-18,11.687594413757324
2006-07-19,11.96549129486084
2006-07-20,12.005195617675781
2006-07-21,12.005195617675781
2006-07-24,11.894037246704102
2006-07-25,11.85433578491211
2006-07-26,11.925796508789062
2006-07-27,11.806697845458984
2006-07-28,11.96549129486084
2006-07-31,11.886094093322754
2006-08-01,11.695541381835938
2006-08-02,11.759054183959961
2006-08-03,11.727296829223633
2006-08-04,11.608195304870605
2006-08-07,11.608195304870605
2006-08-08,11.751118659973145
2006-08-09,11.870218276977539
2006-08-10,12.013134002685547
2006-08-11,11.901971817016602
2006-08-14,12.140175819396973
2006-08-15,12.481593132019043
2006-08-16,12.338674545288086
2006-08-17,12.553050994873047
2006-08-18,12.473649978637695
2006-08-21,12.418072700500488
2006-08-22,12.291031837463379
2006-08-23,12.163994789123535
2006-08-24,12.211634635925293
2006-08-25,12.235451698303223
2006-08-28,12.338674545288086
2006-08-29,12.322793006896973
2006-08-30,12.513352394104004
2006-08-31,12.433954238891602
2006-09-01,12.306914329528809
2006-09-05,12.576871871948242
2006-09-06,12.402192115783691
2006-09-07,12.7118501663208
2006-09-08,12.632450103759766
2006-09-11,12.934170722961426
2006-09-12,12.942105293273926
2006-09-13,13.013566970825195
2006-09-14,13.0770845413208
2006-09-15,12.965933799743652
2006-09-18,12.9024076461792
2006-09-19,12.80713176727295
2006-09-20,14.236320495605469
2006-09-21,14.35541820526123
2006-09-22,13.926657676696777
2006-09-25,14.26807975769043
2006-09-26,14.442754745483398
2006-09-27,14.236320495605469
2006-09-28,14.283960342407227
2006-09-29,14.085455894470215
2006-10-02,14.021943092346191
2006-10-03,14.212505340576172
2006-10-04,14.42687702178955
2006-10-05,14.498337745666504
2006-10-06,14.442754745483398
2006-10-09,14.728594779968262
2006-10-10,14.879454612731934
2006-10-11,14.752413749694824
2006-10-12,15.077960014343262
2006-10-13,15.141471862792969
2006-10-16,15.077960014343262
2006-10-17,14.7921142578125
2006-10-18,14.879454612731934
2006-10-19,14.982671737670898
2006-10-20,15.070012092590332
2006-10-23,15.204994201660156
2006-10-24,14.998553276062012
2006-10-25,14.78417682647705
2006-10-26,14.86357307434082
2006-10-27,14.371298789978027
2006-10-30,14.704777717590332
2006-10-31,14.665074348449707
2006-11-01,14.665074348449707
2006-11-02,14.50627613067627
2006-11-03,14.11722183227539
2006-11-06,14.371298789978027
2006-11-07,14.450703620910645
2006-11-08,14.577735900878906
2006-11-09,14.720656394958496
2006-11-10,14.91120719909668
2006-11-13,15.228813171386719
2006-11-14,15.220877647399902
2006-11-15,15.18117618560791
2006-11-16,15.165289878845215
2006-11-17,15.45112419128418
2006-11-20,15.467008590698242
2006-11-21,15.467008590698242
2006-11-22,15.609930038452148
2006-11-24,15.562288284301758
2006-11-27,15.022377967834473
2006-11-28,15.006491661071777
2006-11-29,15.204994201660156
2006-11-30,15.125593185424805
2006-12-01,14.935033798217773
2006-12-04,15.308212280273438
2006-12-05,14.974736213684082
2006-12-06,14.196613311767578
2006-12-07,13.894903182983398
2006-12-08,14.133099555969238
2006-12-11,14.347481727600098
2006-12-12,14.283960342407227
2006-12-13,14.307775497436523
2006-12-14,14.307775497436523
2006-12-15,14.037821769714355
2006-12-18,14.220441818237305
2006-12-19,13.577306747436523
2006-12-20,13.577306747436523
2006-12-21,13.577306747436523
2006-12-22,13.585241317749023
2006-12-26,13.60112190246582
2006-12-27,13.577306747436523
2006-12-28,13.656702995300293
2006-12-29,13.609066009521484
2007-01-03,13.902832984924316
2007-01-04,14.037821769714355
2007-01-05,14.006057739257812
2007-01-08,14.18073558807373
2007-01-09,14.148979187011719
2007-01-10,14.10927963256836
2007-01-11,13.807559967041016
2007-01-12,13.894903182983398
2007-01-16,13.736104965209961
2007-01-17,13.910782814025879
2007-01-18,13.593181610107422
2007-01-19,13.712278366088867
2007-01-22,13.497909545898438
2007-01-23,13.593181610107422
2007-01-24,13.609066009521484
2007-01-25,13.482025146484375
2007-01-26,13.617005348205566
2007-01-29,13.712278366088867
2007-01-30,13.624942779541016
2007-01-31,13.624942779541016
2007-02-01,13.537604331970215
2007-02-02,13.831380844116211
2007-02-05,13.624942779541016
2007-02-06,13.513789176940918
2007-02-07,13.426444053649902
2007-02-08,13.2676420211792
2007-02-09,13.259705543518066
2007-02-12,13.220011711120605
2007-02-13,13.196186065673828
2007-02-14,13.315286636352539
2007-02-15,13.426444053649902
2007-02-16,13.259705543518066
2007-02-20,13.482025146484375
2007-02-21,13.656702995300293
2007-02-22,13.712278366088867
2007-02-23,13.354986190795898
2007-02-26,13.354986190795898
2007-02-27,12.934170722961426
2007-02-28,13.045321464538574
2007-03-01,13.315286636352539
2007-03-02,13.2676420211792
2007-03-05,12.997684478759766
2007-03-06,13.402626991271973
2007-03-07,13.092964172363281
2007-03-08,13.251764297485352
2007-03-09,13.204123497009277
2007-03-12,13.553481101989746
2007-03-13,13.220011711120605
2007-03-14,13.402626991271973
2007-03-15,13.275586128234863
2007-03-16,13.259705543518066
2007-03-19,13.640824317932129
2007-03-20,13.934601783752441
2007-03-21,14.42687702178955
2007-03-22,14.680947303771973
2007-03-23,14.482455253601074
2007-03-26,14.601551055908203
2007-03-27,14.680947303771973
2007-03-28,14.42687702178955
2007-03-29,14.418944358825684
2007-03-30,14.395116806030273
2007-04-02,14.403054237365723
2007-04-03,14.577735900878906
2007-04-04,14.736527442932129
2007-04-05,14.823874473571777
2007-04-09,14.744478225708008
2007-04-10,14.966797828674316
2007-04-11,14.760359764099121
2007-04-12,14.847689628601074
2007-04-13,14.7921142578125
2007-04-16,15.006491661071777
2007-04-17,14.998553276062012
2007-04-18,14.8715181350708
2007-04-19,14.895339965820312
2007-04-20,15.085885047912598
2007-04-23,15.038249969482422
2007-04-24,14.94298267364502
2007-04-25,15.006491661071777
2007-04-26,15.04619312286377
2007-04-27,15.165289878845215
2007-04-30,14.927092552185059
2007-05-01,14.760359764099121
2007-05-02,14.974736213684082
2007-05-03,15.101776123046875
2007-05-04,15.10971736907959
2007-05-07,15.125593185424805
2007-05-08,15.04619312286377
2007-05-09,14.950919151306152
2007-05-10,14.680947303771973
2007-05-11,15.070012092590332
2007-05-14,15.038249969482422
2007-05-15,14.95885181427002
2007-05-16,15.077960014343262
2007-05-17,15.125593185424805
2007-05-18,15.284387588500977
2007-05-21,15.339963912963867
2007-05-22,15.379667282104492
2007-05-23,15.212928771972656
2007-05-24,14.887396812438965
2007-05-25,15.276453971862793
2007-05-29,15.332032203674316
2007-05-30,15.419366836547852
2007-05-31,15.38760757446289
2007-06-01,15.609930038452148
2007-06-04,15.61787223815918
2007-06-05,15.467008590698242
2007-06-06,15.363783836364746
2007-06-07,14.8715181350708
2007-06-08,15.133523941040039
2007-06-11,15.252634048461914
2007-06-12,14.95885181427002
2007-06-13,15.324088096618652
2007-06-14,15.594045639038086
2007-06-15,15.7687349319458
2007-06-18,15.713151931762695
2007-06-19,15.784605979919434
2007-06-20,15.506708145141602
2007-06-21,15.625813484191895
2007-06-22,15.395544052124023
2007-06-25,15.467008590698242
2007-06-26,15.212928771972656
2007-06-27,15.63375186920166
2007-06-28,15.76079273223877
2007-06-29,15.649633407592773
2007-07-02,15.816370010375977
2007-07-03,15.935469627380371
2007-07-05,16.268951416015625
2007-07-06,16.197490692138672
2007-07-09,16.006925582885742
2007-07-10,15.657567977905273
2007-07-11,15.864011764526367
2007-07-12,16.276884078979492
2007-07-13,16.197490692138672
2007-07-16,16.038686752319336
2007-07-17,16.181598663330078
2007-07-18,16.205425262451172
2007-07-19,16.35628890991211
2007-07-20,16.364229202270508
2007-07-23,16.499204635620117
2007-07-24,16.388038635253906
2007-07-25,16.34040069580078
2007-07-26,15.887824058532715
2007-07-27,15.578166007995605
2007-07-30,15.546406745910645
2007-07-31,15.18117618560791
2007-08-01,15.713151931762695
2007-08-02,15.951347351074219
2007-08-03,15.609930038452148
2007-08-06,15.94340991973877
2007-08-07,15.625813484191895
2007-08-08,16.038686752319336
2007-08-09,15.951347351074219
2007-08-10,15.871941566467285
2007-08-13,15.657567977905273
2007-08-14,15.363783836364746
2007-08-15,15.228813171386719
2007-08-16,15.19705581665039
2007-08-17,15.363783836364746
2007-08-20,15.173238754272461
2007-08-21,15.300278663635254
2007-08-22,15.339963912963867
2007-08-23,15.379667282104492
2007-08-24,15.83225154876709
2007-08-27,15.7687349319458
2007-08-28,15.37172794342041
2007-08-29,15.983108520507812
2007-08-30,16.046621322631836
2007-08-31,16.102205276489258
2007-09-04,16.45156478881836
2007-09-05,16.459505081176758
2007-09-06,16.308645248413086
2007-09-07,16.006925582885742
2007-09-10,16.014873504638672
2007-09-11,16.245121002197266
2007-09-12,16.308645248413086
2007-09-13,16.237186431884766
2007-09-14,15.935469627380371
2007-09-17,15.895771026611328
2007-09-18,16.459505081176758
2007-09-19,16.546844482421875
2007-09-20,16.705636978149414
2007-09-21,17.45199966430664
2007-09-24,17.3011417388916
2007-09-25,17.420238494873047
2007-09-26,17.28525161743164
2007-09-27,17.174091339111328
2007-09-28,17.189977645874023
2007-10-01,17.444061279296875
2007-10-02,17.34878158569336
2007-10-03,17.12645149230957
2007-10-04,17.277318954467773
2007-10-05,17.610794067382812
2007-10-08,17.872814178466797
2007-10-09,17.928390502929688
2007-10-10,18.19835662841797
2007-10-11,17.833110809326172
2007-10-12,17.817232131958008
2007-10-15,17.523456573486328
2007-10-16,17.269372940063477
2007-10-17,17.06294059753418
2007-10-18,17.015302658081055
2007-10-19,16.475383758544922
2007-10-22,16.832685470581055
2007-10-23,17.031185150146484
2007-10-24,16.816804885864258
2007-10-25,16.67388343811035
2007-10-26,16.951778411865234
2007-10-29,17.28525161743164
2007-10-30,17.174091339111328
2007-10-31,17.602853775024414
2007-11-01,17.277318954467773
2007-11-02,17.49169158935547
2007-11-05,17.523456573486328
2007-11-06,18.12689208984375
2007-11-07,17.547271728515625
2007-11-08,16.15778350830078
2007-11-09,15.37172794342041
2007-11-12,15.435256004333496
2007-11-13,16.292766571044922
2007-11-14,16.022802352905273
2007-11-15,16.213367462158203
2007-11-16,16.51508331298828
2007-11-19,16.300703048706055
2007-11-20,16.4277400970459
2007-11-21,16.046621322631836
2007-11-23,16.126022338867188
2007-11-26,15.641688346862793
2007-11-27,15.792546272277832
2007-11-28,16.284826278686523
2007-11-29,16.261001586914062
2007-11-30,16.022802352905273
2007-12-03,16.070436477661133
2007-12-04,15.903712272644043
2007-12-05,16.848554611206055
2007-12-06,17.007356643676758
2007-12-07,16.78504180908203
2007-12-10,17.182039260864258
2007-12-11,16.729454040527344
2007-12-12,16.967660903930664
2007-12-13,17.158220291137695
2007-12-14,16.832685470581055
2007-12-17,16.626251220703125
2007-12-18,16.87238121032715
2007-12-19,16.483320236206055
2007-12-20,17.547271728515625
2007-12-21,18.031618118286133
2007-12-24,18.071308135986328
2007-12-26,18.26186752319336
2007-12-27,18.293628692626953
2007-12-28,18.238048553466797
2007-12-31,17.928390502929688
2008-01-02,17.856931686401367
2008-01-03,18.349210739135742
2008-01-04,17.49169158935547
2008-01-07,17.66637420654297
2008-01-08,16.792987823486328
2008-01-09,17.158220291137695
2008-01-10,17.213796615600586
2008-01-11,16.753286361694336
2008-01-14,17.515514373779297
2008-01-15,16.920021057128906
2008-01-16,17.40435218811035
2008-01-17,16.99942398071289
2008-01-18,17.134397506713867
2008-01-22,16.054561614990234
2008-01-23,16.364229202270508
2008-01-24,16.364229202270508
2008-01-25,16.102205276489258
2008-01-28,16.086332321166992
2008-01-29,15.935469627380371
2008-01-30,16.094263076782227
2008-01-31,16.31658172607422
2008-02-01,16.4197998046875
2008-02-04,16.038686752319336
2008-02-05,15.292332649230957
2008-02-06,15.625813484191895
2008-02-07,15.244697570800781
2008-02-08,15.2367525100708
2008-02-11,15.435256004333496
2008-02-12,15.411437034606934
2008-02-13,15.609930038452148
2008-02-14,15.157356262207031
2008-02-15,15.157356262207031
2008-02-19,15.101776123046875
2008-02-20,15.427306175231934
2008-02-21,14.998553276062012
2008-02-22,15.006491661071777
2008-02-25,15.0620698928833
2008-02-26,15.252634048461914
2008-02-27,15.2367525100708
2008-02-28,15.411437034606934
2008-02-29,14.927092552185059
2008-03-03,15.04619312286377
2008-03-04,14.64125919342041
2008-03-05,14.927092552185059
2008-03-06,15.268506050109863
2008-03-07,15.085885047912598
2008-03-10,15.308212280273438
2008-03-11,15.490826606750488
2008-03-12,15.625813484191895
2008-03-13,15.752845764160156
2008-03-14,15.498774528503418
2008-03-17,15.308212280273438
2008-03-18,15.895771026611328
2008-03-19,15.530531883239746
2008-03-20,15.94340991973877
2008-03-24,16.491262435913086
2008-03-25,16.73740577697754
2008-03-26,16.626251220703125
2008-03-27,15.427306175231934
2008-03-28,15.379667282104492
2008-03-31,15.530531883239746
2008-04-01,16.205425262451172
2008-04-02,16.268951416015625
2008-04-03,16.4197998046875
2008-04-04,16.15778350830078
2008-04-07,16.062511444091797
2008-04-08,15.816370010375977
2008-04-09,16.054561614990234
2008-04-10,16.237186431884766
2008-04-11,15.752845764160156
2008-04-14,15.7687349319458
2008-04-15,16.022802352905273
2008-04-16,16.491262435913086
2008-04-17,16.832685470581055
2008-04-18,17.309072494506836
2008-04-21,17.277318954467773
2008-04-22,17.293195724487305
2008-04-23,17.39642906188965
2008-04-24,17.475818634033203
2008-04-25,17.142335891723633
2008-04-28,17.078819274902344
2008-04-29,17.277318954467773
2008-04-30,16.554780960083008
2008-05-01,17.324953079223633
2008-05-02,17.078819274902344
2008-05-05,17.110576629638672
2008-05-06,17.070880889892578
2008-05-07,16.665943145751953
2008-05-08,16.753286361694336
2008-05-09,16.67388343811035
2008-05-12,17.078819274902344
2008-05-13,17.205862045288086
2008-05-14,17.293195724487305
2008-05-15,17.364662170410156
2008-05-16,17.213796615600586
2008-05-19,17.809288024902344
2008-05-20,17.594907760620117
2008-05-21,17.475818634033203
2008-05-22,17.714012145996094
2008-05-23,17.45199966430664
2008-05-27,17.991907119750977
2008-05-28,18.09512710571289
2008-05-29,18.09512710571289
2008-05-30,18.134830474853516
2008-06-02,18.00779151916504
2008-06-03,18.190414428710938
2008-06-04,18.190414428710938
2008-06-05,18.404787063598633
2008-06-06,17.833110809326172
2008-06-09,17.904573440551758
2008-06-10,17.864877700805664
2008-06-11,17.523456573486328
2008-06-12,17.35671615600586
2008-06-13,17.968088150024414
2008-06-16,18.214231491088867
2008-06-17,17.888690948486328
2008-06-18,17.817232131958008
2008-06-19,18.023672103881836
2008-06-20,17.547271728515625
2008-06-23,17.531394958496094
2008-06-24,17.650495529174805
2008-06-25,17.904573440551758
2008-06-26,17.007356643676758
2008-06-27,16.904144287109375
2008-06-30,16.67388343811035
2008-07-01,16.920021057128906
2008-07-02,16.530961990356445
2008-07-03,16.459505081176758
2008-07-07,16.74534034729004
2008-07-08,17.134397506713867
2008-07-09,16.761220932006836
2008-07-10,16.904144287109375
2008-07-11,16.642120361328125
2008-07-14,16.237186431884766
2008-07-15,16.078386306762695
2008-07-16,16.229248046875
2008-07-17,16.562725067138672
2008-07-18,16.816804885864258
2008-07-21,16.74534034729004
2008-07-22,17.142335891723633
2008-07-23,17.070880889892578
2008-07-24,16.63418197631836
2008-07-25,16.63418197631836
2008-07-28,16.45156478881836
2008-07-29,17.015302658081055
2008-07-30,16.920021057128906
2008-07-31,17.094696044921875
2008-08-01,17.070880889892578
2008-08-04,16.87238121032715
2008-08-05,17.634618759155273
2008-08-06,18.150711059570312
2008-08-07,18.06337547302246
2008-08-08,18.674753189086914
2008-08-11,18.32538604736328
2008-08-12,18.182472229003906
2008-08-13,18.26980972290039
2008-08-14,18.412729263305664
2008-08-15,18.309507369995117
2008-08-18,18.079254150390625
2008-08-19,17.912517547607422
2008-08-20,17.991907119750977
2008-08-21,17.706077575683594
2008-08-22,18.023672103881836
2008-08-25,17.634618759155273
2008-08-26,17.586978912353516
2008-08-27,17.737838745117188
2008-08-28,17.97603416442871
2008-08-29,17.412296295166016
2008-09-02,17.110576629638672
2008-09-03,16.82474136352539
2008-09-04,15.824308395385742
2008-09-05,15.935469627380371
2008-09-08,15.292332649230957
2008-09-09,15.220877647399902
2008-09-10,15.212928771972656
2008-09-11,15.363783836364746
2008-09-12,15.570228576660156
2008-09-15,15.093836784362793
2008-09-16,15.054130554199219
2008-09-17,14.371298789978027
2008-09-18,14.887396812438965
2008-09-19,15.935469627380371
2008-09-22,15.681391716003418
2008-09-23,15.63375186920166
2008-09-24,15.840187072753906
2008-09-25,16.25306510925293
2008-09-26,16.372169494628906
2008-09-29,14.903271675109863
2008-09-30,16.126022338867188
2008-10-01,15.7687349319458
2008-10-02,15.474955558776855
2008-10-03,15.467008590698242
2008-10-06,14.5300931930542
2008-10-07,13.323226928710938
2008-10-08,13.402626991271973
2008-10-09,12.870647430419922
2008-10-10,13.243824005126953
2008-10-13,14.974736213684082
2008-10-14,14.045759201049805
2008-10-15,12.664212226867676
2008-10-16,13.489967346191406
2008-10-17,13.513789176940918
2008-10-20,14.418944358825684
2008-10-21,14.045759201049805
2008-10-22,13.632880210876465
2008-10-23,13.458203315734863
2008-10-24,12.862709045410156
2008-10-27,12.52129077911377
2008-10-28,13.990177154541016
2008-10-29,13.728169441223145
2008-10-30,14.54597282409668
2008-10-31,14.52215576171875
2008-11-03,14.55392074584961
2008-11-04,15.006491661071777
2008-11-05,14.148979187011719
2008-11-06,13.378808975219727
2008-11-07,13.918719291687012
2008-11-10,13.942541122436523
2008-11-11,13.728169441223145
2008-11-12,13.0770845413208
2008-11-13,14.069583892822266
2008-11-14,13.418503761291504
2008-11-17,13.029449462890625
2008-11-18,13.513789176940918
2008-11-19,12.703909873962402
2008-11-20,12.227516174316406
2008-11-21,13.005626678466797
2008-11-24,13.212064743041992
2008-11-25,12.688028335571289
2008-11-26,12.815065383911133
2008-11-28,12.775368690490723
2008-12-01,12.28309440612793
2008-12-02,12.537171363830566
2008-12-03,12.80713176727295
2008-12-04,12.259271621704102
2008-12-05,12.957986831665039
2008-12-08,13.529664039611816
2008-12-09,13.45026969909668
2008-12-10,13.807559967041016
2008-12-11,13.069146156311035
2008-12-12,13.370863914489746
2008-12-15,13.061212539672852
2008-12-16,13.712278366088867
2008-12-17,13.291465759277344
2008-12-18,13.188249588012695
2008-12-19,14.11722183227539
2008-12-22,13.910782814025879
2008-12-23,13.736104965209961
2008-12-24,13.751980781555176
2008-12-26,13.839315414428711
2008-12-29,13.672582626342773
2008-12-30,14.156925201416016
2008-12-31,14.077523231506348
2009-01-02,14.617437362670898
2009-01-05,14.363358497619629
2009-01-06,14.601551055908203
2009-01-07,14.013998031616211
2009-01-08,13.990177154541016
2009-01-09,13.783738136291504
2009-01-12,13.537604331970215
2009-01-13,13.609066009521484
2009-01-14,12.989748001098633
2009-01-15,13.124725341796875
2009-01-16,13.426444053649902
2009-01-20,12.783309936523438
2009-01-21,13.410561561584473
2009-01-22,13.220011711120605
2009-01-23,13.323226928710938
2009-01-26,13.466146469116211
2009-01-27,13.720219612121582
2009-01-28,14.164861679077148
2009-01-29,13.966357231140137
2009-01-30,13.362922668457031
2009-02-02,13.418503761291504
2009-02-03,13.537604331970215
2009-02-04,13.664643287658691
2009-02-05,13.990177154541016
2009-02-06,14.26807975769043
2009-02-09,14.331603050231934
2009-02-10,13.958415985107422
2009-02-11,14.133099555969238
2009-02-12,13.934601783752441
2009-02-13,14.069583892822266
2009-02-17,13.466146469116211
2009-02-18,13.688465118408203
2009-02-19,13.362922668457031
2009-02-20,13.14854907989502
2009-02-23,12.592747688293457
2009-02-24,13.053266525268555
2009-02-25,12.894468307495117
2009-02-26,12.529230117797852
2009-02-27,12.338674545288086
2009-03-02,12.068714141845703
2009-03-03,11.917853355407715
2009-03-04,11.878156661987305
2009-03-05,11.536739349365234
2009-03-06,11.48909854888916
2009-03-09,10.996822357177734
2009-03-10,11.981374740600586
2009-03-11,12.179876327514648
2009-03-12,12.410131454467773
2009-03-13,12.3545503616333
2009-03-16,11.830516815185547
2009-03-17,12.227516174316406
2009-03-18,12.568925857543945
2009-03-19,13.791682243347168
2009-03-20,13.577306747436523
2009-03-23,14.490402221679688
2009-03-24,14.220441818237305
2009-03-25,14.363358497619629
2009-03-26,14.831816673278809
2009-03-27,14.29984188079834
2009-03-30,14.021943092346191
2009-03-31,14.347481727600098
2009-04-01,14.752413749694824
2009-04-02,14.94298267364502
2009-04-03,15.31615161895752
2009-04-06,15.212674140930176
2009-04-07,14.75891399383545
2009-04-08,14.782797813415527
2009-04-09,15.212674140930176
2009-04-13,15.17285442352295
2009-04-14,15.021610260009766
2009-04-15,14.798714637756348
2009-04-16,15.268389701843262
2009-04-17,15.17285442352295
2009-04-20,14.981815338134766
2009-04-21,15.547006607055664
2009-04-22,15.403714179992676
2009-04-23,15.666419982910156
2009-04-24,15.753983497619629
2009-04-27,15.73806095123291
2009-04-28,15.714178085327148
2009-04-29,15.60273265838623
2009-04-30,15.39576244354248
2009-05-01,15.39576244354248
2009-05-04,15.101216316223145
2009-05-05,15.133061408996582
2009-05-06,15.17285442352295
2009-05-07,14.663387298583984
2009-05-08,14.583775520324707
2009-05-11,14.774826049804688
2009-05-12,14.631539344787598
2009-05-13,14.38476848602295
2009-05-14,14.695226669311523
2009-05-15,14.663387298583984
2009-05-18,15.061417579650879
2009-05-19,15.101216316223145
2009-05-20,15.077325820922852
2009-05-21,14.782797813415527
2009-05-22,14.846473693847656
2009-05-26,15.180821418762207
2009-05-27,15.117142677307129
2009-05-28,15.292276382446289
2009-05-29,15.594775199890137
2009-06-01,15.857466697692871
2009-06-02,16.19977569580078
2009-06-03,16.191814422607422
2009-06-04,16.406749725341797
2009-06-05,16.486356735229492
2009-06-08,16.613725662231445
2009-06-09,16.709253311157227
2009-06-10,16.510236740112305
2009-06-11,16.669458389282227
2009-06-12,16.59780502319336
2009-06-15,16.096290588378906
2009-06-16,15.674379348754883
2009-06-17,15.873390197753906
2009-06-18,16.120168685913086
2009-06-19,16.446556091308594
2009-06-22,15.89727783203125
2009-06-23,15.817669868469238
2009-06-24,16.924184799194336
2009-06-25,17.218725204467773
2009-06-26,16.908267974853516
2009-06-29,17.11524200439453
2009-06-30,17.051555633544922
2009-07-01,17.30630111694336
2009-07-02,16.749053955078125
2009-07-06,16.45451545715332
2009-07-07,16.064449310302734
2009-07-08,16.37490463256836
2009-07-09,16.17588996887207
2009-07-10,16.31122589111328
2009-07-13,16.534664154052734
2009-07-14,16.462841033935547
2009-07-15,17.16509246826172
2009-07-16,17.268831253051758
2009-07-17,17.348630905151367
2009-07-20,17.16509246826172
2009-07-21,17.50025749206543
2009-07-22,17.35660743713379
2009-07-23,17.715715408325195
2009-07-24,17.81945037841797
2009-07-27,17.540145874023438
2009-07-28,17.74763298034668
2009-07-29,17.56409454345703
2009-07-30,17.667835235595703
2009-07-31,17.659854888916016
2009-08-03,17.79551124572754
2009-08-04,17.468320846557617
2009-08-05,17.109233856201172
2009-08-06,16.925689697265625
2009-08-07,17.10124969482422
2009-08-10,16.957609176635742
2009-08-11,16.981548309326172
2009-08-12,17.460351943969727
2009-08-13,17.548133850097656
2009-08-14,17.524187088012695
2009-08-17,17.077299118041992
2009-08-18,17.220951080322266
2009-08-19,17.38055992126465
2009-08-20,17.50823211669922
2009-08-21,17.643896102905273
2009-08-24,17.81146812438965
2009-08-25,17.739652633666992
2009-08-26,17.715715408325195
2009-08-27,17.68378448486328
2009-08-28,17.68378448486328
2009-08-31,17.460351943969727
2009-09-01,17.50823211669922
2009-09-02,17.372570037841797
2009-09-03,17.204986572265625
2009-09-04,17.532163619995117
2009-09-08,17.460351943969727
2009-09-09,17.971071243286133
2009-09-10,18.162595748901367
2009-09-11,18.24239158630371
2009-09-14,18.13068389892578
2009-09-15,18.082799911499023
2009-09-16,17.659854888916016
2009-09-17,17.173076629638672
2009-09-18,17.252870559692383
2009-09-21,17.212968826293945
2009-09-22,17.08529281616211
2009-09-23,16.861848831176758
2009-09-24,16.893766403198242
2009-09-25,16.646394729614258
2009-09-28,16.893766403198242
2009-09-29,16.853866577148438
2009-09-30,16.63042449951172
2009-10-01,16.247386932373047
2009-10-02,16.231428146362305
2009-10-05,16.271318435668945
2009-10-06,16.39102554321289
2009-10-07,16.414966583251953
2009-10-08,16.598506927490234
2009-10-09,16.59050750732422
2009-10-12,16.574512481689453
2009-10-13,16.726491928100586
2009-10-14,16.95046615600586
2009-10-15,17.054460525512695
2009-10-16,17.446430206298828
2009-10-19,17.93438148498535
2009-10-20,17.750402450561523
2009-10-21,17.62240982055664
2009-10-22,17.750402450561523
2009-10-23,17.63840675354004
2009-10-26,17.59041404724121
2009-10-27,17.494428634643555
2009-10-28,17.03847312927246
2009-10-29,17.158458709716797
2009-10-30,16.878475189208984
2009-11-02,16.870485305786133
2009-11-03,16.71048927307129
2009-11-04,16.718496322631836
2009-11-05,17.054460525512695
2009-11-06,17.134456634521484
2009-11-09,17.462425231933594
2009-11-10,17.438434600830078
2009-11-11,17.518417358398438
2009-11-12,17.63041114807129
2009-11-13,17.870391845703125
2009-11-16,18.262353897094727
2009-11-17,18.238359451293945
2009-11-18,18.238359451293945
2009-11-19,17.910390853881836
2009-11-20,17.870391845703125
2009-11-23,18.07837677001953
2009-11-24,17.710407257080078
2009-11-25,18.07837677001953
2009-11-27,17.67041015625
2009-11-30,17.662412643432617
2009-12-01,17.95038604736328
2009-12-02,18.126371383666992
2009-12-03,18.11036491394043
2009-12-04,18.262353897094727
2009-12-07,17.982383728027344
2009-12-08,17.52642059326172
2009-12-09,17.55841636657715
2009-12-10,18.070375442504883
2009-12-11,18.222360610961914
2009-12-14,18.646312713623047
2009-12-15,18.526334762573242
2009-12-16,18.494335174560547
2009-12-17,18.30234718322754
2009-12-18,19.470251083374023
2009-12-21,19.54224395751953
2009-12-22,19.566234588623047
2009-12-23,19.782224655151367
2009-12-24,19.95820426940918
2009-12-28,19.974205017089844
2009-12-29,20.006200790405273
2009-12-30,19.94220542907715
2009-12-31,19.62223243713379
2010-01-04,19.87820816040039
2010-01-05,19.854217529296875
2010-01-06,19.566234588623047
2010-01-07,19.502243041992188
2010-01-08,19.742223739624023
2010-01-11,19.750226974487305
2010-01-12,19.646230697631836
2010-01-13,19.83820915222168
2010-01-14,20.311119079589844
2010-01-15,20.23097038269043
2010-01-19,20.303117752075195
2010-01-20,20.086698532104492
2010-01-21,19.9023380279541
2010-01-22,19.357280731201172
2010-01-25,19.2611026763916
2010-01-26,19.140869140625
2010-01-27,19.12483787536621
2010-01-28,18.812236785888672
2010-01-29,18.483600616455078
2010-02-01,18.611852645874023
2010-02-02,19.044679641723633
2010-02-03,19.03666877746582
2010-02-04,18.523683547973633
2010-02-05,18.876365661621094
2010-02-08,18.53169822692871
2010-02-09,18.844303131103516
2010-02-10,18.523683547973633
2010-02-11,18.716045379638672
2010-02-12,18.764144897460938
2010-02-16,19.08476448059082
2010-02-17,19.38133430480957
2010-02-18,19.653858184814453
2010-02-19,19.493555068969727
2010-02-22,19.88630485534668
2010-02-23,19.621797561645508
2010-02-24,19.854244232177734
2010-02-25,19.93440818786621
2010-02-26,19.758054733276367
2010-03-01,19.830198287963867
2010-03-02,19.70195198059082
2010-03-03,19.63782501220703
2010-03-04,19.846229553222656
2010-03-05,19.998519897460938
2010-03-08,19.798131942749023
2010-03-09,19.942413330078125
2010-03-10,19.93440818786621
2010-03-11,20.150815963745117
2010-03-12,20.07868194580078
2010-03-15,20.263036727905273
2010-03-16,20.20692253112793
2010-03-17,20.415327072143555
2010-03-18,20.343183517456055
2010-03-19,20.190893173217773
2010-03-22,20.48746681213379
2010-03-23,20.83213233947754
2010-03-24,20.64777183532715
2010-03-25,20.87220573425293
2010-03-26,20.591659545898438
2010-03-29,20.4954776763916
2010-03-30,20.471435546875
2010-03-31,20.60770034790039
2010-04-01,20.40730857849121
2010-04-05,20.503490447998047
2010-04-06,20.70387840270996
2010-04-07,20.76799964904785
2010-04-08,20.70387840270996
2010-04-09,20.944339752197266
2010-04-12,21.040719985961914
2010-04-13,21.16117286682129
2010-04-14,21.185270309448242
2010-04-15,21.040719985961914
2010-04-16,20.839946746826172
2010-04-19,21.03268051147461
2010-04-20,21.00056266784668
2010-04-21,21.112993240356445
2010-04-22,21.072834014892578
2010-04-23,21.26557731628418
2010-04-26,21.25754737854004
2010-04-27,20.864032745361328
2010-04-28,20.767671585083008
2010-04-29,20.856006622314453
2010-04-30,20.775697708129883
2010-05-03,20.888118743896484
2010-05-04,20.052928924560547
2010-05-05,20.02883529663086
2010-05-06,19.20166015625
2010-05-07,18.80011558532715
2010-05-10,19.587139129638672
2010-05-11,19.426523208618164
2010-05-12,19.755788803100586
2010-05-13,19.466672897338867
2010-05-14,19.09726333618164
2010-05-17,19.065135955810547
2010-05-18,18.81618309020996
2010-05-19,18.623435974121094
2010-05-20,17.948848724365234
2010-05-21,17.796268463134766
2010-05-24,17.892635345458984
2010-05-25,17.828393936157227
2010-05-26,17.595491409301758
2010-05-27,18.133563995361328
2010-05-28,18.125534057617188
2010-06-01,17.828393936157227
2010-06-02,18.18174934387207
2010-06-03,18.34235954284668
2010-06-04,17.772186279296875
2010-06-07,17.42685317993164
2010-06-08,17.475034713745117
2010-06-09,17.298358917236328
2010-06-10,17.828393936157227
2010-06-11,18.22190284729004
2010-06-14,18.22190284729004
2010-06-15,18.631471633911133
2010-06-16,18.61540985107422
2010-06-17,18.527069091796875
2010-06-18,18.631471633911133
2010-06-21,18.543136596679688
2010-06-22,18.382516860961914
2010-06-23,18.2138671875
2010-06-24,17.84444808959961
2010-06-25,18.19780921936035
2010-06-28,18.02916145324707
2010-06-29,17.46700668334961
2010-06-30,17.234111785888672
2010-07-01,17.306396484375
2010-07-02,17.531248092651367
2010-07-06,17.924762725830078
2010-07-07,18.543136596679688
2010-07-08,18.64752769470215
2010-07-09,18.767995834350586
2010-07-12,18.816286087036133
2010-07-13,19.081867218017578
2010-07-14,19.2669734954834
2010-07-15,19.17844581604004
2010-07-16,18.72775650024414
2010-07-19,18.985294342041016
2010-07-20,19.250883102416992
2010-07-21,18.96114730834961
2010-07-22,19.56475257873535
2010-07-23,19.71765899658203
2010-07-26,19.830333709716797
2010-07-27,19.773996353149414
2010-07-28,19.540603637695312
2010-07-29,19.073822021484375
2010-07-30,19.025535583496094
2010-08-02,19.548648834228516
2010-08-03,19.48426628112793
2010-08-04,19.709611892700195
2010-08-05,19.548648834228516
2010-08-06,19.6210880279541
2010-08-09,19.524503707885742
2010-08-10,19.548648834228516
2010-08-11,19.0416259765625
2010-08-12,18.462167739868164
2010-08-13,18.2368221282959
2010-08-16,18.28511619567871
2010-08-17,18.55069923400879
2010-08-18,18.582889556884766
2010-08-19,18.510456085205078
2010-08-20,18.526546478271484
2010-08-23,18.381689071655273
2010-08-24,18.03562355041504
2010-08-25,18.043672561645508
2010-08-26,17.906856536865234
2010-08-27,18.11610984802246
2010-08-30,17.72175407409668
2010-08-31,17.576889038085938
2010-09-01,18.204635620117188
2010-09-02,18.09195899963379
2010-09-03,18.44607925415039
2010-09-07,19.524503707885742
2010-09-08,19.42793846130371
2010-09-09,19.580846786499023
2010-09-10,20.160301208496094
2010-09-13,20.20859146118164
2010-09-14,20.425893783569336
2010-09-15,20.715621948242188
2010-09-16,20.4097957611084
2010-09-17,22.115976333618164
2010-09-20,22.124027252197266
2010-09-21,21.584806442260742
2010-09-22,21.890628814697266
2010-09-23,21.826251983642578
2010-09-24,21.697479248046875
2010-09-27,21.689430236816406
2010-09-28,21.88258171081543
2010-09-29,21.866491317749023
2010-09-30,21.608943939208984
2010-10-01,21.922826766967773
2010-10-04,21.689002990722656
2010-10-05,22.01151466369629
2010-10-06,22.23727035522461
2010-10-07,22.32596206665039
2010-10-08,22.575910568237305
2010-10-11,22.454971313476562
2010-10-12,22.535593032836914
2010-10-13,23.05967903137207
2010-10-14,22.841983795166016
2010-10-15,23.301563262939453
2010-10-18,23.567638397216797
2010-10-19,23.48700523376465
2010-10-20,23.091934204101562
2010-10-21,23.237060546875
2010-10-22,23.37413787841797
2010-10-25,23.253192901611328
2010-10-26,23.083860397338867
2010-10-27,23.140316009521484
2010-10-28,23.67245101928711
2010-10-29,23.68857765197754
2010-11-01,23.48700523376465
2010-11-02,23.809526443481445
2010-11-03,23.543445587158203
2010-11-04,23.761144638061523
2010-11-05,23.583759307861328
2010-11-08,23.414447784423828
2010-11-09,23.172561645507812
2010-11-10,23.132247924804688
2010-11-11,23.035490036010742
2010-11-12,22.83391761779785
2010-11-15,22.898427963256836
2010-11-16,22.23727035522461
2010-11-17,22.50334358215332
2010-11-18,22.825857162475586
2010-11-19,22.69685935974121
2010-11-22,22.6162166595459
2010-11-23,21.92282485961914
2010-11-24,22.36627960205078
2010-11-26,22.164710998535156
2010-11-29,21.947017669677734
2010-11-30,21.809938430786133
2010-12-01,22.29370880126953
2010-12-02,22.656545639038086
2010-12-03,23.229000091552734
2010-12-06,23.164499282836914
2010-12-07,23.422508239746094
2010-12-08,23.567638397216797
2010-12-09,23.591829299926758
2010-12-10,24.14009666442871
2010-12-13,24.527111053466797
2010-12-14,24.59967803955078
2010-12-15,24.58355140686035
2010-12-16,24.40617561340332
2010-12-17,25.365642547607422
2010-12-20,25.534969329833984
2010-12-21,25.6075382232666
2010-12-22,25.526905059814453
2010-12-23,25.430152893066406
2010-12-27,25.526905059814453
2010-12-28,25.4543399810791
2010-12-29,25.39790153503418
2010-12-30,25.22858238220215
2010-12-31,25.236648559570312
2011-01-03,25.494653701782227
2011-01-04,25.38176918029785
2011-01-05,25.027008056640625
2011-01-06,25.131820678710938
2011-01-07,25.018949508666992
2011-01-10,25.027008056640625
2011-01-11,24.98670196533203
2011-01-12,24.94638442993164
2011-01-13,25.139888763427734
2011-01-14,25.236791610717773
2011-01-18,25.462915420532227
2011-01-19,25.51944923400879
2011-01-20,26.092830657958984
2011-01-21,26.254350662231445
2011-01-24,26.165517807006836
2011-01-25,26.076679229736328
2011-01-26,26.294723510742188
2011-01-27,26.58544921875
2011-01-28,25.84248161315918
2011-01-31,25.866714477539062
2011-02-01,26.843873977661133
2011-02-02,26.763126373291016
2011-02-03,26.641983032226562
2011-02-04,26.343181610107422
2011-02-07,26.633914947509766
2011-02-08,26.67428970336914
2011-02-09,26.56122398376465
2011-02-10,26.86002540588379
2011-02-11,27.029619216918945
2011-02-14,26.884260177612305
2011-02-15,26.456241607666016
2011-02-16,26.7388973236084
2011-02-17,26.65812873840332
2011-02-18,27.199209213256836
2011-02-22,26.270498275756836
2011-02-23,25.987842559814453
2011-02-24,26.04437255859375
2011-02-25,26.60968017578125
2011-02-28,26.56930923461914
2011-03-01,25.57598114013672
2011-03-02,25.939390182495117
2011-03-03,26.67428970336914
2011-03-04,26.456241607666016
2011-03-07,25.923240661621094
2011-03-08,26.440095901489258
2011-03-09,26.48046875
2011-03-10,25.680967330932617
2011-03-11,25.769794464111328
2011-03-14,25.511371612548828
2011-03-15,25.172191619873047
2011-03-16,24.388843536376953
2011-03-17,24.671493530273438
2011-03-18,24.841083526611328
2011-03-21,25.374086380004883
2011-03-22,25.13988494873047
2011-03-23,25.366010665893555
2011-03-24,25.955543518066406
2011-03-25,26.359333038330078
2011-03-28,26.294723510742188
2011-03-29,26.779273986816406
2011-03-30,26.690444946289062
2011-03-31,26.9973201751709
2011-04-01,27.473785400390625
2011-04-04,27.570693969726562
2011-04-05,27.393030166625977
2011-04-06,27.118450164794922
2011-04-07,27.231521606445312
2011-04-08,27.086153030395508
2011-04-11,27.328859329223633
2011-04-12,27.02143669128418
2011-04-13,27.264135360717773
2011-04-14,27.345035552978516
2011-04-15,27.6524715423584
2011-04-18,27.20751190185547
2011-04-19,27.239870071411133
2011-04-20,27.59584617614746
2011-04-21,28.113615036010742
2011-04-25,28.178335189819336
2011-04-26,28.29159164428711
2011-04-27,28.518131256103516
2011-04-28,28.55049705505371
2011-04-29,29.0925350189209
2011-05-02,29.42422866821289
2011-05-03,29.2381591796875
2011-05-04,28.518131256103516
2011-05-05,28.04889488220215
2011-05-06,28.210695266723633
2011-05-09,28.477678298950195
2011-05-10,28.817466735839844
2011-05-11,28.299697875976562
2011-05-12,28.90645408630371
2011-05-13,28.469589233398438
2011-05-16,27.6524715423584
2011-05-17,27.45829963684082
2011-05-18,27.434036254882812
2011-05-19,27.911361694335938
2011-05-20,27.72528076171875
2011-05-23,26.8272647857666
2011-05-24,26.730188369750977
2011-05-25,26.68973159790039
2011-05-26,27.02143669128418
2011-05-27,27.264135360717773
2011-05-31,27.684837341308594
2011-06-01,26.600746154785156
2011-06-02,26.471288681030273
2011-06-03,26.15576934814453
2011-06-06,26.04251480102539
2011-06-07,25.75935173034668
2011-06-08,25.282020568847656
2011-06-09,25.589452743530273
2011-06-10,25.22539520263672
2011-06-13,25.589452743530273
2011-06-14,25.953516006469727
2011-06-15,25.209213256835938
2011-06-16,24.917964935302734
2011-06-17,25.22539520263672
2011-06-20,25.815982818603516
2011-06-21,26.41466522216797
2011-06-22,26.05060577392578
2011-06-23,26.260940551757812
2011-06-24,25.19303321838379
2011-06-27,25.549007415771484
2011-06-28,26.163864135742188
2011-06-29,26.236677169799805
2011-06-30,26.625001907348633
2011-07-01,26.73827362060547
2011-07-05,26.74635887145996
2011-07-06,26.86771011352539
2011-07-07,27.579654693603516
2011-07-08,27.45829963684082
2011-07-11,26.85857391357422
2011-07-12,26.42091178894043
2011-07-13,26.493850708007812
2011-07-14,25.975168228149414
2011-07-15,26.007583618164062
2011-07-18,25.52130889892578
2011-07-19,26.453332901000977
2011-07-20,25.999479293823242
2011-07-21,26.315547943115234
2011-07-22,26.380393981933594
2011-07-25,26.104843139648438
2011-07-26,26.056211471557617
2011-07-27,24.889156341552734
2011-07-28,24.85672950744629
2011-07-29,24.783790588378906
2011-08-01,24.402877807617188
2011-08-02,23.949024200439453
2011-08-03,24.467714309692383
2011-08-04,23.4060115814209
2011-08-05,22.97647476196289
2011-08-08,21.08810806274414
2011-08-09,22.368633270263672
2011-08-10,21.460920333862305
2011-08-11,22.449682235717773
2011-08-12,22.198427200317383
2011-08-15,22.40104866027832
2011-08-16,22.344310760498047
2011-08-17,22.263273239135742
2011-08-18,20.415430068969727
2011-08-19,20.0831356048584
2011-08-22,20.31006622314453
2011-08-23,21.233985900878906
2011-08-24,21.623008728027344
2011-08-25,20.99085235595703
2011-08-26,21.59869384765625
2011-08-29,22.61988067626953
2011-08-30,22.587451934814453
2011-08-31,22.749540328979492
2011-09-01,22.56313705444336
2011-09-02,21.858043670654297
2011-09-06,21.469022750854492
2011-09-07,22.3929386138916
2011-09-08,21.655424118041992
2011-09-09,21.07189178466797
2011-09-12,21.679737091064453
2011-09-13,22.46588134765625
2011-09-14,22.814382553100586
2011-09-15,23.46274757385254
2011-09-16,23.689674377441406
2011-09-19,23.51947021484375
2011-09-20,22.97647476196289
2011-09-21,23.940919876098633
2011-09-22,22.968368530273438
2011-09-23,23.422222137451172
2011-09-26,24.078697204589844
2011-09-27,24.419084548950195
2011-09-28,23.86797523498535
2011-09-29,24.030067443847656
2011-09-30,23.29254913330078
2011-10-03,22.64418601989746
2011-10-04,23.252023696899414
2011-10-05,23.916601181030273
2011-10-06,24.370464324951172
2011-10-07,24.28925132751465
2011-10-10,25.150060653686523
2011-10-11,25.11756706237793
2011-10-12,25.263751983642578
2011-10-13,25.28810691833496
2011-10-14,25.86467742919922
2011-10-17,25.361190795898438
2011-10-18,25.889047622680664
2011-10-19,25.572338104248047
2011-10-20,25.604814529418945
2011-10-21,26.083942413330078
2011-10-24,26.693002700805664
2011-10-25,26.286962509155273
2011-10-26,26.31132698059082
2011-10-27,27.33454132080078
2011-10-28,27.358909606933594
2011-10-31,26.611801147460938
2011-11-01,25.734750747680664
2011-11-02,26.21387481689453
2011-11-03,26.88789939880371
2011-11-04,26.43312644958496
2011-11-07,26.693002700805664
2011-11-08,27.293935775756836
2011-11-09,25.653547286987305
2011-11-10,25.767229080200195
2011-11-11,26.286962509155273
2011-11-14,26.230113983154297
2011-11-15,26.766090393066406
2011-11-16,25.97838020324707
2011-11-17,25.028247833251953
2011-11-18,24.84957504272461
2011-11-21,24.28925132751465
2011-11-22,24.208040237426758
2011-11-23,23.550254821777344
2011-11-25,23.339120864868164
2011-11-28,24.25676918029785
2011-11-29,24.151195526123047
2011-11-30,25.458650588989258
2011-12-01,25.718509674072266
2011-12-02,25.336830139160156
2011-12-05,25.905288696289062
2011-12-06,25.767229080200195
2011-12-07,25.612934112548828
2011-12-08,24.963275909423828
2011-12-09,25.734750747680664
2011-12-12,25.434280395507812
2011-12-13,25.03636360168457
2011-12-14,24.25676918029785
2011-12-15,23.574628829956055
2011-12-16,23.72079849243164
2011-12-19,23.233549118041992
2011-12-20,23.68831443786621
2011-12-21,20.9272518157959
2011-12-22,20.862281799316406
2011-12-23,21.162750244140625
2011-12-27,20.81355857849121
2011-12-28,20.716108322143555
2011-12-29,20.951614379882812
2011-12-30,20.829801559448242
2012-01-03,21.00032615661621
2012-01-04,21.122146606445312
2012-01-05,21.593154907226562
2012-01-06,21.8692569732666
2012-01-09,21.999483108520508
2012-01-10,21.950641632080078
2012-01-11,21.885534286499023
2012-01-12,22.113431930541992
2012-01-13,22.251789093017578
2012-01-17,22.512226104736328
2012-01-18,23.06568145751953
2012-01-19,23.244731903076172
2012-01-20,23.3668212890625
2012-01-23,23.106374740600586
2012-01-24,23.204038619995117
2012-01-25,23.204038619995117
2012-01-26,23.02499008178711
2012-01-27,23.130794525146484
2012-01-30,23.27729034423828
2012-01-31,22.959877014160156
2012-02-01,23.505176544189453
2012-02-02,23.448205947875977
2012-02-03,23.692373275756836
2012-02-06,23.602846145629883
2012-02-07,23.562150955200195
2012-02-08,23.383100509643555
2012-02-09,23.513328552246094
2012-02-10,23.195903778076172
2012-02-13,23.138931274414062
2012-02-14,22.984296798706055
2012-02-15,22.77268409729004
2012-02-16,23.562150955200195
2012-02-17,23.431928634643555
2012-02-21,23.391233444213867
2012-02-22,23.23659324645996
2012-02-23,23.448205947875977
2012-02-24,23.806324005126953
2012-02-27,23.814456939697266
2012-02-28,23.92026710510254
2012-02-29,23.806324005126953
2012-03-01,24.27837562561035
2012-03-02,24.384180068969727
2012-03-05,24.61206817626953
2012-03-06,24.367904663085938
2012-03-07,24.595792770385742
2012-03-08,24.47371482849121
2012-03-09,24.52254295349121
2012-03-12,24.180707931518555
2012-03-13,24.52254295349121
2012-03-14,24.286516189575195
2012-03-15,24.465574264526367
2012-03-16,24.205120086669922
2012-03-19,24.221403121948242
2012-03-20,24.49813461303711
2012-03-21,23.936540603637695
2012-03-22,23.30171012878418
2012-03-23,23.23659324645996
2012-03-26,23.733070373535156
2012-03-27,23.88770866394043
2012-03-28,23.895849227905273
2012-03-29,23.847009658813477
2012-03-30,23.733070373535156
2012-04-02,24.034208297729492
2012-04-03,23.92026710510254
2012-04-04,23.733070373535156
2012-04-05,24.05862808227539
2012-04-09,23.659006118774414
2012-04-10,23.120756149291992
2012-04-11,22.94948387145996
2012-04-12,23.40619659423828
2012-04-13,23.292011260986328
2012-04-16,23.357255935668945
2012-04-17,23.879207611083984
2012-04-18,23.75687599182129
2012-04-19,23.659006118774414
2012-04-20,23.55298614501953
2012-04-23,23.226768493652344
2012-04-24,23.398038864135742
2012-04-25,23.544822692871094
2012-04-26,23.667158126831055
2012-04-27,23.846582412719727
2012-04-30,23.97707176208496
2012-05-01,24.1157169342041
2012-05-02,24.229888916015625
2012-05-03,23.96076011657715
2012-05-04,23.1696834564209
2012-05-07,22.770065307617188
2012-05-08,22.778215408325195
2012-05-09,22.65589141845703
2012-05-10,22.03607177734375
2012-05-11,22.019758224487305
2012-05-14,21.98714256286621
2012-05-15,22.06868553161621
2012-05-16,21.791410446166992
2012-05-17,21.408098220825195
2012-05-18,20.886154174804688
2012-05-21,21.416255950927734
2012-05-22,21.4978084564209
2012-05-23,21.7587947845459
2012-05-24,21.302080154418945
2012-05-25,21.31839370727539
2012-05-29,21.57936668395996
2012-05-30,21.342864990234375
2012-05-31,21.587522506713867
2012-06-01,21.204221725463867
2012-06-04,21.367324829101562
2012-06-05,21.78325080871582
2012-06-06,22.45199966430664
2012-06-07,22.166555404663086
2012-06-08,22.15024757385254
2012-06-11,21.864809036254883
2012-06-12,22.044225692749023
2012-06-13,22.03607177734375
2012-06-14,21.94636344909668
2012-06-15,22.59064292907715
2012-06-18,22.117633819580078
2012-06-19,22.80268096923828
2012-06-20,23.23493003845215
2012-06-21,22.680355072021484
2012-06-22,22.83530616760254
2012-06-25,22.52540397644043
2012-06-26,22.6966609954834
2012-06-27,22.973953247070312
2012-06-28,22.973953247070312
2012-06-29,24.22173500061035
2012-07-02,24.30329132080078
2012-07-03,24.441932678222656
2012-07-05,24.2380428314209
2012-07-06,23.79764747619629
2012-07-09,23.73241424560547
2012-07-10,23.69162940979004
2012-07-11,23.887765884399414
2012-07-12,23.55270004272461
2012-07-13,24.173805236816406
2012-07-16,24.124773025512695
2012-07-17,24.45166015625
2012-07-18,24.92565155029297
2012-07-19,25.228036880493164
2012-07-20,24.615110397338867
2012-07-23,24.231000900268555
2012-07-24,23.961320877075195
2012-07-25,23.912288665771484
2012-07-26,24.51703453063965
2012-07-27,25.146312713623047
2012-07-30,24.991043090820312
2012-07-31,24.68048667907715
2012-08-01,24.77855682373047
2012-08-02,24.45166015625
2012-08-03,25.105451583862305
2012-08-06,25.334270477294922
2012-08-07,25.742895126342773
2012-08-08,25.46503448486328
2012-08-09,25.636648178100586
2012-08-10,25.83279037475586
2012-08-13,25.628482818603516
2012-08-14,25.62030792236328
2012-08-15,25.78374481201172
2012-08-16,26.176021575927734
2012-08-17,26.31495475769043
2012-08-20,26.18419647216797
2012-08-21,25.947202682495117
2012-08-22,25.906335830688477
2012-08-23,25.816448211669922
2012-08-24,26.110645294189453
2012-08-27,26.012575149536133
2012-08-28,25.808277130126953
2012-08-29,25.734718322753906
2012-08-30,25.473201751708984
2012-08-31,25.86547088623047
2012-09-04,25.800100326538086
2012-09-05,26.208717346191406
2012-09-06,26.666366577148438
2012-09-07,26.641847610473633
2012-09-10,26.404848098754883
2012-09-11,26.413026809692383
2012-09-12,26.363998413085938
2012-09-13,26.65819549560547
2012-09-14,26.927875518798828
2012-09-17,27.050466537475586
2012-09-18,26.985084533691406
2012-09-19,26.788955688476562
2012-09-20,26.363998413085938
2012-09-21,26.535606384277344
2012-09-24,26.331302642822266
2012-09-25,25.579439163208008
2012-09-26,25.113618850708008
2012-09-27,25.514062881469727
2012-09-28,25.71019744873047
2012-10-01,25.881820678710938
2012-10-02,25.86547088623047
2012-10-03,26.00440788269043
2012-10-04,26.069780349731445
2012-10-05,25.65299415588379
2012-10-08,25.481386184692383
2012-10-09,25.048246383666992
2012-10-10,25.04004669189453
2012-10-11,25.154687881469727
2012-10-12,25.383960723876953
2012-10-15,25.629613876342773
2012-10-16,26.096357345581055
2012-10-17,25.572296142578125
2012-10-18,25.482229232788086
2012-10-19,24.95816421508789
2012-10-22,25.220195770263672
2012-10-23,25.048248291015625
2012-10-24,25.056428909301758
2012-10-25,25.26932716369629
2012-10-26,25.375776290893555
2012-10-31,25.449478149414062
2012-11-01,25.777008056640625
2012-11-02,25.555912017822266
2012-11-05,25.588672637939453
2012-11-06,25.899826049804688
2012-11-07,25.212005615234375
2012-11-08,24.909034729003906
2012-11-09,24.85172462463379
2012-11-12,24.810775756835938
2012-11-13,24.58150291442871
2012-11-14,24.221214294433594
2012-11-15,24.52418327331543
2012-11-16,24.56512451171875
2012-11-19,24.679765701293945
2012-11-20,24.728893280029297
2012-11-21,24.89266014099121
2012-11-23,25.31846046447754
2012-11-26,25.351213455200195
2012-11-27,25.564105987548828
2012-11-28,26.03903579711914
2012-11-29,26.071788787841797
2012-11-30,26.350196838378906
2012-12-03,26.456645965576172
2012-12-04,26.51396369934082
2012-12-05,26.202800750732422
2012-12-06,26.227365493774414
2012-12-07,26.137300491333008
2012-12-10,26.260116577148438
2012-12-11,26.481210708618164
2012-12-12,26.3000545501709
2012-12-13,26.028324127197266
2012-12-14,26.316526412963867
2012-12-17,26.61295509338379
2012-12-18,27.074066162109375
2012-12-19,28.07041358947754
2012-12-20,27.946895599365234
2012-12-21,27.798683166503906
2012-12-24,27.675172805786133
2012-12-26,27.675172805786133
2012-12-27,27.39520835876465
2012-12-28,27.189348220825195
2012-12-31,27.43638038635254
2013-01-02,28.564453125
2013-01-03,28.251564025878906
2013-01-04,28.498584747314453
2013-01-07,28.350374221801758
2013-01-08,28.35860824584961
2013-01-09,28.375080108642578
2013-01-10,28.74561309814453
2013-01-11,28.70444679260254
2013-01-14,28.786781311035156
2013-01-15,28.57269287109375
2013-01-16,28.523286819458008
2013-01-17,28.50682258605957
2013-01-18,28.91029930114746
2013-01-22,28.76207160949707
2013-01-23,28.564453125
2013-01-24,28.77031707763672
2013-01-25,29.132619857788086
2013-01-28,29.264373779296875
2013-01-29,29.461992263793945
2013-01-30,29.132619857788086
2013-01-31,29.239675521850586
2013-02-01,29.816057205200195
2013-02-04,28.92676544189453
2013-02-05,29.214977264404297
2013-02-06,28.902063369750977
2013-02-07,28.457427978515625
2013-02-08,28.737375259399414
2013-02-11,28.786781311035156
2013-02-12,28.91029930114746
2013-02-13,28.81148910522461
2013-02-14,28.737375259399414
2013-02-15,28.66326904296875
2013-02-19,29.149105072021484
2013-02-20,28.827960968017578
2013-02-21,28.22686195373535
2013-02-22,28.613866806030273
2013-02-25,28.22686195373535
2013-02-26,28.259809494018555
2013-02-27,28.556222915649414
2013-02-28,28.193918228149414
2013-03-01,28.515071868896484
2013-03-04,28.860898971557617
2013-03-05,29.198501586914062
2013-03-06,29.52787208557129
2013-03-07,29.593719482421875
2013-03-08,29.40434455871582
2013-03-11,29.544340133666992
2013-03-12,29.173786163330078
2013-03-13,29.29730796813965
2013-03-14,29.890161514282227
2013-03-15,29.9231014251709
2013-03-18,29.67607307434082
2013-03-19,29.387874603271484
2013-03-20,29.45376205444336
2013-03-21,26.596485137939453
2013-03-22,26.332990646362305
2013-03-25,25.73189926147461
2013-03-26,25.970684051513672
2013-03-27,26.308290481567383
2013-03-28,26.62118148803711
2013-04-01,26.687063217163086
2013-04-02,26.958791732788086
2013-04-03,26.67882537841797
2013-04-04,26.654125213623047
2013-04-05,26.374162673950195
2013-04-08,26.645893096923828
2013-04-09,27.205820083618164
2013-04-10,27.77397918701172
2013-04-11,27.683399200439453
2013-04-12,27.551651000976562
2013-04-15,27.008197784423828
2013-04-16,27.518720626831055
2013-04-17,26.752941131591797
2013-04-18,26.44826316833496
2013-04-19,26.654125213623047
2013-04-22,26.77763557434082
2013-04-23,26.728233337402344
2013-04-24,26.769397735595703
2013-04-25,26.5717830657959
2013-04-26,26.645893096923828
2013-04-29,26.547080993652344
2013-04-30,26.991729736328125
2013-05-01,27.304622650146484
2013-05-02,27.741043090820312
2013-05-03,27.485780715942383
2013-05-06,27.592824935913086
2013-05-07,27.3869686126709
2013-05-08,27.551651000976562
2013-05-09,27.749277114868164
2013-05-10,28.01276206970215
2013-05-13,27.815155029296875
2013-05-14,27.72456932067871
2013-05-15,27.988069534301758
2013-05-16,28.300968170166016
2013-05-17,28.844425201416016
2013-05-20,28.737375259399414
2013-05-21,28.902063369750977
2013-05-22,28.095115661621094
2013-05-23,28.185684204101562
2013-05-24,28.037471771240234
2013-05-28,28.432720184326172
2013-05-29,28.3256778717041
2013-05-30,28.276260375976562
2013-05-31,27.815155029296875
2013-06-03,28.317432403564453
2013-06-04,28.128049850463867
2013-06-05,28.095115661621094
2013-06-06,27.461082458496094
2013-06-07,27.839853286743164
2013-06-10,28.037471771240234
2013-06-11,27.642236709594727
2013-06-12,27.601072311401367
2013-06-13,28.202165603637695
2013-06-14,27.806921005249023
2013-06-17,28.2186279296875
2013-06-18,28.3256778717041
2013-06-19,28.07041358947754
2013-06-20,27.345792770385742
2013-06-21,24.81789779663086
2013-06-24,24.84259605407715
2013-06-25,24.669679641723633
2013-06-26,24.81789779663086
2013-06-27,25.07316017150879
2013-06-28,25.28724479675293
2013-07-01,24.793195724487305
2013-07-02,24.78496551513672
2013-07-03,25.27901840209961
2013-07-05,25.68248748779297
2013-07-08,26.06125831604004
2013-07-09,25.9542179107666
2013-07-10,25.813705444335938
2013-07-11,26.334444046020508
2013-07-12,25.830236434936523
2013-07-15,26.458423614501953
2013-07-16,26.450157165527344
2013-07-17,26.582406997680664
2013-07-18,26.458423614501953
2013-07-19,26.334444046020508
2013-07-22,26.34270477294922
2013-07-23,26.508018493652344
2013-07-24,26.772525787353516
2013-07-25,26.755990982055664
2013-07-26,26.896507263183594
2013-07-29,26.846914291381836
2013-07-30,26.904773712158203
2013-07-31,26.73946189880371
2013-08-01,27.070087432861328
2013-08-02,26.921300888061523
2013-08-05,27.094873428344727
2013-08-06,27.2767276763916
2013-08-07,27.12794303894043
2013-08-08,27.29326057434082
2013-08-09,27.210599899291992
2013-08-12,27.483367919921875
2013-08-13,27.483367919921875
2013-08-14,27.747875213623047
2013-08-15,27.053552627563477
2013-08-16,26.789058685302734
2013-08-19,26.4997501373291
2013-08-20,26.615476608276367
2013-08-21,26.6981201171875
2013-08-22,26.780790328979492
2013-08-23,26.260053634643555
2013-08-26,26.7311954498291
2013-08-27,26.268321990966797
2013-08-28,26.169124603271484
2013-08-29,26.202190399169922
2013-08-30,26.334444046020508
2013-09-03,26.466690063476562
2013-09-04,26.71466064453125
2013-09-05,26.665058135986328
2013-09-06,26.615476608276367
2013-09-09,27.070087432861328
2013-09-10,27.161012649536133
2013-09-11,27.29326057434082
2013-09-12,27.10314178466797
2013-09-13,26.83038330078125
2013-09-16,27.25193214416504
2013-09-17,27.491628646850586
2013-09-18,27.995832443237305
2013-09-19,28.012372970581055
2013-09-20,28.144620895385742
2013-09-23,28.053701400756836
2013-09-24,27.805728912353516
2013-09-25,27.995832443237305
2013-09-26,27.946245193481445
2013-09-27,27.92145538330078
2013-09-30,27.417240142822266
2013-10-01,27.69000816345215
2013-10-02,27.838790893554688
2013-10-03,27.475107192993164
2013-10-04,27.549755096435547
2013-10-07,27.242822647094727
2013-10-08,26.852930068969727
2013-10-09,26.7036075592041
2013-10-10,27.367258071899414
2013-10-11,27.591243743896484
2013-10-14,27.607830047607422
2013-10-15,27.168170928955078
2013-10-16,27.39214515686035
2013-10-17,27.267711639404297
2013-10-18,27.292598724365234
2013-10-21,27.334081649780273
2013-10-22,27.292598724365234
2013-10-23,27.126686096191406
2013-10-24,27.433622360229492
2013-10-25,27.5
2013-10-28,27.49169921875
2013-10-29,27.96454429626465
2013-10-30,27.815229415893555
2013-10-31,27.790334701538086
2013-11-01,27.815229415893555
2013-11-04,27.96454429626465
2013-11-05,27.790334701538086
2013-11-06,28.263185501098633
2013-11-07,28.205110549926758
2013-11-08,28.49547004699707
2013-11-11,28.51205825805664
2013-11-12,28.785810470581055
2013-11-13,29.034679412841797
2013-11-14,28.52035903930664
2013-11-15,28.968318939208984
2013-11-18,28.976604461669922
2013-11-19,28.835582733154297
2013-11-20,28.827287673950195
2013-11-21,28.984912872314453
2013-11-22,28.893659591674805
2013-11-25,28.852163314819336
2013-11-26,28.976604461669922
2013-11-27,29.275249481201172
2013-11-29,29.275249481201172
2013-12-02,29.101049423217773
2013-12-03,29.09275245666504
2013-12-04,29.09275245666504
2013-12-05,28.910245895385742
2013-12-06,29.432878494262695
2013-12-09,29.532413482666016
2013-12-10,28.8687686920166
2013-12-11,28.669681549072266
2013-12-12,27.873291015625
2013-12-13,27.56634521484375
2013-12-16,27.823528289794922
2013-12-17,27.898189544677734
2013-12-18,28.70285987854004
2013-12-19,30.361970901489258
2013-12-20,30.171171188354492
2013-12-23,30.63574981689453
2013-12-24,30.959251403808594
2013-12-26,31.26620864868164
2013-12-27,31.506772994995117
2013-12-30,31.515077590942383
2013-12-31,31.739055633544922
2014-01-02,31.390642166137695
2014-01-03,31.307409286499023
2014-01-06,31.182586669921875
2014-01-07,31.498828887939453
2014-01-08,31.39063835144043
2014-01-09,31.332378387451172
2014-01-10,31.7152042388916
2014-01-13,31.415613174438477
2014-01-14,31.798423767089844
2014-01-15,31.96486473083496
2014-01-16,31.864994049072266
2014-01-17,31.798423767089844
2014-01-21,31.7152042388916
2014-01-22,31.607009887695312
2014-01-23,31.748477935791016
2014-01-24,30.88299560546875
2014-01-27,30.367029190063477
2014-01-28,30.874675750732422
2014-01-29,30.76649284362793
2014-01-30,31.12433433532715
2014-01-31,30.708221435546875
2014-02-03,29.826101303100586
2014-02-04,29.925962448120117
2014-02-05,29.917652130126953
2014-02-06,30.558443069458008
2014-02-07,30.949562072753906
2014-02-10,31.041107177734375
2014-02-11,31.490509033203125
2014-02-12,31.681917190551758
2014-02-13,31.973176956176758
2014-02-14,31.607009887695312
2014-02-18,31.598690032958984
2014-02-19,31.515470504760742
2014-02-20,31.848350524902344
2014-02-21,31.706872940063477
2014-02-24,31.740171432495117
2014-02-25,31.83171844482422
2014-02-26,32.039756774902344
2014-02-27,32.414249420166016
2014-02-28,32.547401428222656
2014-03-03,32.04806900024414
2014-03-04,32.79705047607422
2014-03-05,32.87196350097656
2014-03-06,32.83866882324219
2014-03-07,32.314388275146484
2014-03-10,32.33934783935547
2014-03-11,32.37263488769531
2014-03-12,32.05640411376953
2014-03-13,31.332378387451172
2014-03-14,31.290767669677734
2014-03-17,31.806737899780273
2014-03-18,32.32270431518555
2014-03-19,32.081363677978516
2014-03-20,31.93157196044922
2014-03-21,31.207569122314453
2014-03-24,31.77344512939453
2014-03-25,31.956533432006836
2014-03-26,32.52243423461914
2014-03-27,32.655582427978516
2014-03-28,32.930206298828125
2014-03-31,34.04535675048828
2014-04-01,34.528045654296875
2014-04-02,34.228450775146484
2014-04-03,33.595970153808594
2014-04-04,33.370609283447266
2014-04-07,32.9449348449707
2014-04-08,33.58763885498047
2014-04-09,34.121826171875
2014-04-10,33.212013244628906
2014-04-11,32.53592300415039
2014-04-14,33.028377532958984
2014-04-15,33.16193389892578
2014-04-16,33.49581527709961
2014-04-17,33.45407485961914
2014-04-21,33.58763885498047
2014-04-22,33.771240234375
2014-04-23,33.212013244628906
2014-04-24,33.17862319946289
2014-04-25,32.92823028564453
2014-04-28,33.49581527709961
2014-04-29,33.47911834716797
2014-04-30,34.121826171875
2014-05-01,34.19694519042969
2014-05-02,34.06340408325195
2014-05-05,34.39725875854492
2014-05-06,34.230323791503906
2014-05-07,34.27207565307617
2014-05-08,34.11346435546875
2014-05-09,34.255374908447266
2014-05-12,35.014930725097656
2014-05-13,34.96485137939453
2014-05-14,34.956504821777344
2014-05-15,34.99822998046875
2014-05-16,34.79791259765625
2014-05-19,35.19021987915039
2014-05-20,34.689422607421875
2014-05-21,34.78957748413086
2014-05-22,34.6560173034668
2014-05-23,35.18186950683594
2014-05-27,34.981544494628906
2014-05-28,34.69775390625
2014-05-29,35.223602294921875
2014-05-30,35.0733642578125
2014-06-02,35.0316162109375
2014-06-03,34.898094177246094
2014-06-04,34.80626678466797
2014-06-05,35.140140533447266
2014-06-06,35.582515716552734
2014-06-09,35.64093780517578
2014-06-10,35.60755920410156
2014-06-11,35.52409362792969
2014-06-12,35.056678771972656
2014-06-13,35.17353057861328
2014-06-16,35.18186950683594
2014-06-17,35.323753356933594
2014-06-18,35.732765197753906
2014-06-19,35.48234176635742
2014-06-20,34.07174301147461
2014-06-23,34.305442810058594
2014-06-24,34.02165985107422
2014-06-25,33.771240234375
2014-06-26,33.512489318847656
2014-06-27,33.829681396484375
2014-06-30,33.829681396484375
2014-07-01,34.0300178527832
2014-07-02,34.18025207519531
2014-07-03,34.505775451660156
2014-07-07,34.229530334472656
2014-07-08,33.95328903198242
2014-07-09,33.702144622802734
2014-07-10,33.752376556396484
2014-07-11,33.59333419799805
2014-07-14,33.894691467285156
2014-07-15,33.93653869628906
2014-07-16,33.702144622802734
2014-07-17,33.40917205810547
2014-07-18,33.4845085144043
2014-07-21,33.49287414550781
2014-07-22,33.844451904296875
2014-07-23,33.74399948120117
2014-07-24,33.8779411315918
2014-07-25,33.76074981689453
2014-07-28,33.94491195678711
2014-07-29,34.011878967285156
2014-07-30,34.288124084472656
2014-07-31,33.81096649169922
2014-08-01,33.15802764892578
2014-08-04,33.56822204589844
2014-08-05,33.451011657714844
2014-08-06,33.618431091308594
2014-08-07,33.208248138427734
2014-08-08,33.43428421020508
2014-08-11,33.41753005981445
2014-08-12,33.40079879760742
2014-08-13,33.68540573120117
2014-08-14,33.66866683959961
2014-08-15,33.718894958496094
2014-08-18,34.0202522277832
2014-08-19,34.664833068847656
2014-08-20,34.530887603759766
2014-08-21,34.80713653564453
2014-08-22,34.8490104675293
2014-08-25,34.94106674194336
2014-08-26,35.02479934692383
2014-08-27,34.85736846923828
2014-08-28,34.5476188659668
2014-08-29,34.765281677246094
2014-09-02,34.87409973144531
2014-09-03,35.07501983642578
2014-09-04,34.78203201293945
2014-09-05,34.5476188659668
2014-09-08,34.0202522277832
2014-09-09,34.07884979248047
2014-09-10,34.07884979248047
2014-09-11,34.05374526977539
2014-09-12,33.90306091308594
2014-09-15,34.03697967529297
2014-09-16,34.48066329956055
2014-09-17,34.43880844116211
2014-09-18,34.78203201293945
2014-09-19,33.31706237792969
2014-09-22,33.132911682128906
2014-09-23,32.50508499145508
2014-09-24,32.99897766113281
2014-09-25,32.44647979736328
2014-09-26,32.605525970458984
2014-09-29,32.17861557006836
2014-09-30,32.044677734375
2014-10-01,31.8856143951416
2014-10-02,32.036293029785156
2014-10-03,32.5553092956543
2014-10-06,32.81562423706055
2014-10-07,32.29499816894531
2014-10-08,32.765235900878906
2014-10-09,32.53009796142578
2014-10-10,31.992687225341797
2014-10-13,32.101871490478516
2014-10-14,32.29499816894531
2014-10-15,32.16064453125
2014-10-16,31.53925132751465
2014-10-17,31.799575805664062
2014-10-20,31.74081039428711
2014-10-21,32.20262908935547
2014-10-22,31.606430053710938
2014-10-23,32.101871490478516
2014-10-24,32.52171325683594
2014-10-27,32.26979446411133
2014-10-28,32.45454025268555
2014-10-29,32.39576721191406
2014-10-30,32.32857894897461
2014-10-31,32.7904167175293
2014-11-03,32.74003982543945
2014-11-04,32.85761642456055
2014-11-05,32.9919548034668
2014-11-06,33.4285888671875
2014-11-07,33.53776550292969
2014-11-10,33.96601486206055
2014-11-11,33.98279571533203
2014-11-12,33.705711364746094
2014-11-13,34.19271469116211
2014-11-14,34.293487548828125
2014-11-17,34.562191009521484
2014-11-18,34.646156311035156
2014-11-19,34.36066436767578
2014-11-20,34.36066436767578
2014-11-21,34.797306060791016
2014-11-24,34.788909912109375
2014-11-25,34.553794860839844
2014-11-26,35.158390045166016
2014-11-28,35.61182403564453
2014-12-01,35.3347282409668
2014-12-02,35.41868591308594
2014-12-03,35.317935943603516
2014-12-04,35.1751708984375
2014-12-05,35.208763122558594
2014-12-08,34.738529205322266
2014-12-09,35.158390045166016
2014-12-10,34.36066436767578
2014-12-11,34.226314544677734
2014-12-12,33.5461540222168
2014-12-15,34.52020263671875
2014-12-16,34.11715316772461
2014-12-17,34.562191009521484
2014-12-18,38.08055114746094
2014-12-19,38.62635803222656
2014-12-22,38.33246612548828
2014-12-23,38.63474655151367
2014-12-24,38.819488525390625
2014-12-26,38.71031951904297
2014-12-29,38.29887771606445
2014-12-30,38.07215881347656
2014-12-31,37.76146697998047
2015-01-02,37.22406768798828
2015-01-05,36.70201110839844
2015-01-06,36.3231201171875
2015-01-07,36.33154296875
2015-01-08,36.55046844482422
2015-01-09,36.533626556396484
2015-01-12,36.43257522583008
2015-01-13,36.14630889892578
2015-01-14,36.255775451660156
2015-01-15,35.89372253417969
2015-01-16,36.634666442871094
2015-01-20,36.96305465698242
2015-01-21,36.61783218383789
2015-01-22,37.08932876586914
2015-01-23,37.20721435546875
2015-01-26,36.96305465698242
2015-01-27,36.542057037353516
2015-01-28,35.944252014160156
2015-01-29,36.08737564086914
2015-01-30,35.27064895629883
2015-02-02,35.935829162597656
2015-02-03,36.23894119262695
2015-02-04,35.716915130615234
2015-02-05,36.3399772644043
2015-02-06,36.188419342041016
2015-02-09,36.542057037353516
2015-02-10,37.038822174072266
2015-02-11,36.50836181640625
2015-02-12,36.954620361328125
2015-02-13,36.98828887939453
2015-02-17,36.91252517700195
2015-02-18,37.13142013549805
2015-02-19,37.13985824584961
2015-02-20,36.85356903076172
2015-02-23,36.86198806762695
2015-02-24,36.946197509765625
2015-02-25,36.81990432739258
2015-02-26,36.954620361328125
2015-02-27,36.89567947387695
2015-03-02,37.07249069213867
2015-03-03,36.52519607543945
2015-03-04,36.71886444091797
2015-03-05,36.87884521484375
2015-03-06,35.68321990966797
2015-03-09,35.944252014160156
2015-03-10,35.21171951293945
2015-03-11,34.917022705078125
2015-03-12,35.04331970214844
2015-03-13,35.68321990966797
2015-03-16,36.55046844482422
2015-03-17,36.095802307128906
2015-03-18,37.15668869018555
2015-03-19,37.18194580078125
2015-03-20,37.39244079589844
2015-03-23,37.25773239135742
2015-03-24,36.80305862426758
2015-03-25,36.14630889892578
2015-03-26,36.19685363769531
2015-03-27,35.902137756347656
2015-03-30,36.575721740722656
2015-03-31,36.33154296875
2015-04-01,36.154720306396484
2015-04-02,36.0110969543457
2015-04-06,36.298370361328125
2015-04-07,36.298370361328125
2015-04-08,36.42511749267578
2015-04-09,36.50114822387695
2015-04-10,36.763099670410156
2015-04-13,36.39976501464844
2015-04-14,36.10403060913086
2015-04-15,37.16866683959961
2015-04-16,36.7208366394043
2015-04-17,36.332183837890625
2015-04-20,36.60255813598633
2015-04-21,36.68703842163086
2015-04-22,36.79689407348633
2015-04-23,36.66170120239258
2015-04-24,36.39976501464844
2015-04-27,36.84758377075195
2015-04-28,37.599571228027344
2015-04-29,37.793907165527344
2015-04-30,36.85603332519531
2015-05-01,37.48972702026367
2015-05-04,37.67562484741211
2015-05-05,37.1095085144043
2015-05-06,36.551856994628906
2015-05-07,36.73774719238281
2015-05-08,37.185546875
2015-05-11,37.04191589355469
2015-05-12,36.81378173828125
2015-05-13,36.99966812133789
2015-05-14,37.49818420410156
2015-05-15,37.3038444519043
2015-05-18,37.37989044189453
2015-05-19,37.44747543334961
2015-05-20,37.422149658203125
2015-05-21,37.41368865966797
2015-05-22,37.11796188354492
2015-05-26,36.61099624633789
2015-05-27,37.29539489746094
2015-05-28,37.05882263183594
2015-05-29,36.74620056152344
2015-06-01,36.99966812133789
2015-06-02,36.92362594604492
2015-06-03,37.151763916015625
2015-06-04,36.98277282714844
2015-06-05,37.01656723022461
2015-06-08,36.416664123535156
2015-06-09,36.39131546020508
2015-06-10,37.126407623291016
2015-06-11,37.41368865966797
2015-06-12,37.464393615722656
2015-06-15,36.94052505493164
2015-06-16,37.71784591674805
2015-06-17,37.94599151611328
2015-06-18,36.11248779296875
2015-06-19,35.140811920166016
2015-06-22,35.05632019042969
2015-06-23,35.24221420288086
2015-06-24,34.81129837036133
2015-06-25,34.693016052246094
2015-06-26,34.63386535644531
2015-06-29,34.15224075317383
2015-06-30,34.05085372924805
2015-07-01,34.00015640258789
2015-07-02,34.10152816772461
2015-07-06,34.050655364990234
2015-07-07,34.05914306640625
2015-07-08,33.7283821105957
2015-07-09,34.076107025146484
2015-07-10,34.2287483215332
2015-07-13,34.60190963745117
2015-07-14,34.5849609375
2015-07-15,34.59342956542969
2015-07-16,34.73760986328125
2015-07-17,34.26267623901367
2015-07-20,33.86408233642578
2015-07-21,33.55876922607422
2015-07-22,33.43156433105469
2015-07-23,33.07536697387695
2015-07-24,33.07536697387695
2015-07-27,32.6598014831543
2015-07-28,33.312828063964844
2015-07-29,33.74534225463867
2015-07-30,33.626617431640625
2015-07-31,33.87256622314453
2015-08-03,33.67750930786133
2015-08-04,33.635093688964844
2015-08-05,33.61813735961914
2015-08-06,33.34674835205078
2015-08-07,33.55029296875
2015-08-10,33.830162048339844
2015-08-11,33.21953201293945
2015-08-12,33.312828063964844
2015-08-13,33.33827209472656
2015-08-14,33.423072814941406
2015-08-17,33.68597412109375
2015-08-18,33.779273986816406
2015-08-19,33.524837493896484
2015-08-20,32.76156997680664
2015-08-21,31.845624923706055
2015-08-24,30.59895896911621
2015-08-25,30.064655303955078
2015-08-26,31.30286407470703
2015-08-27,31.226526260375977
2015-08-28,31.769304275512695
2015-08-31,31.455520629882812
2015-09-01,30.539587020874023
2015-09-02,31.167158126831055
2015-09-03,31.294376373291016
2015-09-04,30.760082244873047
2015-09-08,31.95587730407715
2015-09-09,31.455520629882812
2015-09-10,31.89650535583496
2015-09-11,32.159420013427734
2015-09-14,31.854108810424805
2015-09-15,32.218788146972656
2015-09-16,32.45625305175781
2015-09-17,31.158687591552734
2015-09-18,30.85337257385254
2015-09-21,31.235008239746094
2015-09-22,30.692237854003906
2015-09-23,30.52261734008789
2015-09-24,30.581987380981445
2015-09-25,30.57349967956543
2015-09-28,30.056169509887695
2015-09-29,30.11554527282715
2015-09-30,30.63286781311035
2015-10-01,30.734649658203125
2015-10-02,31.2858943939209
2015-10-05,31.879554748535156
2015-10-06,31.998294830322266
2015-10-07,31.938922882080078
2015-10-08,32.13398742675781
2015-10-09,32.44049835205078
2015-10-12,32.38943099975586
2015-10-13,32.20210647583008
2015-10-14,31.72529411315918
2015-10-15,31.972211837768555
2015-10-16,31.81894302368164
2015-10-19,31.393224716186523
2015-10-20,31.384708404541016
2015-10-21,31.180341720581055
2015-10-22,32.17655944824219
2015-10-23,32.41496658325195
2015-10-26,32.67041015625
2015-10-27,32.644859313964844
2015-10-28,33.104644775390625
2015-10-29,33.087623596191406
2015-10-30,33.070594787597656
2015-11-02,33.84540557861328
2015-11-03,34.22857666015625
2015-11-04,34.466976165771484
2015-11-05,34.356285095214844
2015-11-06,34.586181640625
2015-11-09,34.1434211730957
2015-11-10,33.990169525146484
2015-11-11,33.24088668823242
2015-11-12,32.89177703857422
2015-11-13,31.75933837890625
2015-11-16,32.45752716064453
2015-11-17,32.46605682373047
2015-11-18,32.95138168334961
2015-11-19,33.223846435546875
2015-11-20,33.49631881713867
2015-11-23,33.32601547241211
2015-11-24,33.59849166870117
2015-11-25,33.42820739746094
2015-11-27,33.36008071899414
2015-11-30,33.18126678466797
2015-12-01,33.402645111083984
2015-12-02,32.95138168334961
2015-12-03,32.193580627441406
2015-12-04,33.343048095703125
2015-12-07,33.053550720214844
2015-12-08,32.97692108154297
2015-12-09,32.849212646484375
2015-12-10,32.51713562011719
2015-12-11,31.68272590637207
2015-12-14,32.057342529296875
2015-12-15,32.53417205810547
2015-12-16,33.13019561767578
2015-12-17,31.444305419921875
2015-12-18,30.950469970703125
2015-12-21,31.010066986083984
2015-12-22,31.154821395874023
2015-12-23,31.444305419921875
2015-12-24,31.512422561645508
2015-12-28,31.325115203857422
2015-12-29,31.53797149658203
2015-12-30,31.435789108276367
2015-12-31,31.103717803955078
2016-01-04,30.565082550048828
2016-01-05,30.471044540405273
2016-01-06,30.62494659423828
2016-01-07,29.958066940307617
2016-01-08,29.624629974365234
2016-01-11,29.872568130493164
2016-01-12,30.240201950073242
2016-01-13,29.137304306030273
2016-01-14,29.74432945251465
2016-01-15,29.17149543762207
2016-01-19,29.53913688659668
2016-01-20,29.01760482788086
2016-01-21,29.17149543762207
2016-01-22,29.752872467041016
2016-01-25,29.359590530395508
2016-01-26,30.120502471923828
2016-01-27,29.846923828125
2016-01-28,30.206008911132812
2016-01-29,31.043874740600586
2016-02-01,31.052425384521484
2016-02-02,30.223112106323242
2016-02-03,30.513797760009766
2016-02-04,31.163578033447266
2016-02-05,30.522350311279297
2016-02-08,30.445398330688477
2016-02-09,29.99226188659668
2016-02-10,30.094871520996094
2016-02-11,29.787076950073242
2016-02-12,30.385557174682617
2016-02-16,30.522350311279297
2016-02-17,31.317468643188477
2016-02-18,31.317468643188477
2016-02-19,31.445709228515625
2016-02-22,31.72785186767578
2016-02-23,31.24906349182129
2016-02-24,31.317468643188477
2016-02-25,31.88174057006836
2016-02-26,31.5996036529541
2016-02-29,31.445709228515625
2016-03-01,32.480224609375
2016-03-02,32.283573150634766
2016-03-03,32.39472198486328
2016-03-04,32.39472198486328
2016-03-07,32.79656219482422
2016-03-08,32.61701202392578
2016-03-09,32.89914321899414
2016-03-10,32.531517028808594
2016-03-11,33.300987243652344
2016-03-14,33.087249755859375
2016-03-15,33.1214485168457
2016-03-16,34.38678741455078
2016-03-17,34.7202262878418
2016-03-18,35.464046478271484
2016-03-21,35.57521057128906
2016-03-22,35.378570556640625
2016-03-23,34.83993911743164
2016-03-24,35.02803039550781
2016-03-28,34.728782653808594
2016-03-29,34.797176361083984
2016-03-30,35.02803039550781
2016-03-31,34.97673797607422
2016-04-01,35.19047546386719
2016-04-04,35.113525390625
2016-04-05,34.6518440246582
2016-04-06,34.83993911743164
2016-04-07,34.173065185546875
2016-04-08,34.5064811706543
2016-04-11,34.532135009765625
2016-04-12,34.686614990234375
2016-04-13,35.45035934448242
2016-04-14,35.39030456542969
2016-04-15,35.201507568359375
2016-04-18,35.39030456542969
2016-04-19,35.235843658447266
2016-04-20,35.27014923095703
2016-04-21,35.17577362060547
2016-04-22,34.92689514160156
2016-04-25,34.99555587768555
2016-04-26,34.88397216796875
2016-04-27,35.05562210083008
2016-04-28,34.60938262939453
2016-04-29,34.20602798461914
2016-05-02,34.58363723754883
2016-05-03,34.05156707763672
2016-05-04,33.71688461303711
2016-05-05,33.6654052734375
2016-05-06,33.81986618041992
2016-05-09,33.77695083618164
2016-05-10,34.34334182739258
2016-05-11,34.02584457397461
2016-05-12,34.171722412109375
2016-05-13,33.99149703979492
2016-05-16,34.30044937133789
2016-05-17,33.982913970947266
2016-05-18,33.87137222290039
2016-05-19,33.330726623535156
2016-05-20,33.81986618041992
2016-05-23,33.62248611450195
2016-05-24,34.24037170410156
2016-05-25,34.437747955322266
2016-05-26,34.28328323364258
2016-05-27,34.386253356933594
2016-05-31,34.49781036376953
2016-06-01,34.54930114746094
2016-06-02,33.17626190185547
2016-06-03,33.5538444519043
2016-06-06,33.84562683105469
2016-06-07,33.57959747314453
2016-06-08,33.70830535888672
2016-06-09,33.51093292236328
2016-06-10,33.244903564453125
2016-06-13,33.141937255859375
2016-06-14,33.32215118408203
2016-06-15,32.98746109008789
2016-06-16,33.159095764160156
2016-06-17,34.05156707763672
2016-06-20,34.0944938659668
2016-06-21,34.317604064941406
2016-06-22,34.33477020263672
2016-06-23,35.03844451904297
2016-06-24,33.6654052734375
2016-06-27,33.02177810668945
2016-06-28,33.57959747314453
2016-06-29,34.79817199707031
2016-06-30,35.1242561340332
2016-07-01,35.19316864013672
2016-07-05,34.796966552734375
2016-07-06,34.90894317626953
2016-07-07,34.90894317626953
2016-07-08,35.201778411865234
2016-07-11,35.124271392822266
2016-07-12,35.67549514770508
2016-07-13,35.7099494934082
2016-07-14,35.89082717895508
2016-07-15,35.976959228515625
2016-07-18,35.86499786376953
2016-07-19,35.38266372680664
2016-07-20,35.52907943725586
2016-07-21,35.37405014038086
2016-07-22,35.38266372680664
2016-07-25,35.45157241821289
2016-07-26,35.26206588745117
2016-07-27,35.25346374511719
2016-07-28,35.47740936279297
2016-07-29,35.34822463989258
2016-08-01,35.442955017089844
2016-08-02,35.06398391723633
2016-08-03,35.06398391723633
2016-08-04,35.22762680053711
2016-08-05,35.42573928833008
2016-08-08,35.45157241821289
2016-08-09,35.39988327026367
2016-08-10,35.391273498535156
2016-08-11,35.554931640625
2016-08-12,35.391273498535156
2016-08-15,35.649662017822266
2016-08-16,35.58937072753906
2016-08-17,35.49463653564453
2016-08-18,35.43434524536133
2016-08-19,35.58937072753906
2016-08-22,35.503238677978516
2016-08-23,35.744415283203125
2016-08-24,35.37405014038086
2016-08-25,35.39988327026367
2016-08-26,35.537689208984375
2016-08-29,35.58076477050781
2016-08-30,35.58076477050781
2016-08-31,35.503238677978516
2016-09-01,35.45157241821289
2016-09-02,35.52907943725586
2016-09-06,35.52907943725586
2016-09-07,35.52907943725586
2016-09-08,35.07258224487305
2016-09-09,34.478275299072266
2016-09-12,35.03813552856445
2016-09-13,34.607486724853516
2016-09-14,34.66777420043945
2016-09-15,35.19316864013672
2016-09-16,33.52223205566406
2016-09-19,33.789241790771484
2016-09-20,33.65142822265625
2016-09-21,34.03040313720703
2016-09-22,34.03040313720703
2016-09-23,33.789241790771484
2016-09-26,33.61697769165039
2016-09-27,33.84952163696289
2016-09-28,33.970115661621094
2016-09-29,33.694480895996094
2016-09-30,33.832305908203125
2016-10-03,33.58252716064453
2016-10-04,33.479156494140625
2016-10-05,33.720333099365234
2016-10-06,33.479156494140625
2016-10-07,33.47051239013672
2016-10-10,33.39269256591797
2016-10-11,32.865272521972656
2016-10-12,32.89985656738281
2016-10-13,32.88254928588867
2016-10-14,33.211124420166016
2016-10-17,33.10736846923828
2016-10-18,33.21977233886719
2016-10-19,33.15925216674805
2016-10-20,32.934444427490234
2016-10-21,32.79608917236328
2016-10-24,33.09006881713867
2016-10-25,33.167903900146484
2016-10-26,33.12465286254883
2016-10-27,33.04684066772461
2016-10-28,33.00360870361328
2016-10-31,33.21977233886719
2016-11-01,33.25434494018555
2016-11-02,32.88254928588867
2016-11-03,33.12465286254883
2016-11-04,33.09872055053711
2016-11-07,33.79909133911133
2016-11-08,33.83367156982422
2016-11-09,34.19681930541992
2016-11-10,34.22276306152344
2016-11-11,34.11035919189453
2016-11-14,33.980655670166016
2016-11-15,33.868255615234375
2016-11-16,34.32652282714844
2016-11-17,34.80207824707031
2016-11-18,34.46487045288086
2016-11-21,34.490806579589844
2016-11-22,34.663734436035156
2016-11-23,34.67237091064453
2016-11-25,34.81936264038086
2016-11-28,34.8453254699707
2016-11-29,35.06147384643555
2016-11-30,34.75020217895508
2016-12-01,33.461875915527344
2016-12-02,33.288944244384766
2016-12-05,33.6953239440918
2016-12-06,34.127655029296875
2016-12-07,34.86259078979492
2016-12-08,34.8885383605957
2016-12-09,35.03554153442383
2016-12-12,35.02688217163086
2016-12-13,35.243045806884766
2016-12-14,35.346805572509766
2016-12-15,35.329505920410156
2016-12-16,33.807735443115234
2016-12-19,33.634796142578125
2016-12-20,33.72127151489258
2016-12-21,33.57429122924805
2016-12-22,33.68667221069336
2016-12-23,33.53104019165039
2016-12-27,33.56563186645508
2016-12-28,33.4445686340332
2016-12-29,33.45322036743164
2016-12-30,33.24571228027344
2017-01-03,33.46272277832031
2017-01-04,33.62763977050781
2017-01-05,33.54083251953125
2017-01-06,33.37590789794922
2017-01-09,33.87936782836914
2017-01-10,33.55820846557617
2017-01-11,33.94882583618164
2017-01-12,34.02695083618164
2017-01-13,34.07902145385742
2017-01-17,33.94013214111328
2017-01-18,34.01826477050781
2017-01-19,34.03562545776367
2017-01-20,34.60852813720703
2017-01-23,34.443599700927734
2017-01-24,34.80815887451172
2017-01-25,34.8515625
2017-01-26,34.8342170715332
2017-01-27,34.92101287841797
2017-01-30,34.92101287841797
2017-01-31,34.816856384277344
2017-02-01,34.58248519897461
2017-02-02,34.70401382446289
2017-02-03,35.0946159362793
2017-02-06,34.80815887451172
2017-02-07,34.78213119506836
2017-02-08,34.73873519897461
2017-02-09,34.92101287841797
2017-02-10,35.407108306884766
2017-02-13,35.66752624511719
2017-02-14,35.67619705200195
2017-02-15,35.94529724121094
2017-02-16,36.10153579711914
2017-02-17,36.509517669677734
2017-02-21,36.69181442260742
2017-02-22,36.90012741088867
2017-02-23,37.290740966796875
2017-02-24,37.473026275634766
2017-02-27,37.0650634765625
2017-02-28,36.969581604003906
2017-03-01,37.25602722167969
2017-03-02,37.22999572753906
2017-03-03,37.0563850402832
2017-03-06,36.95222091674805
2017-03-07,36.97824478149414
2017-03-08,36.98694610595703
2017-03-09,36.83937072753906
2017-03-10,37.04770278930664
2017-03-13,36.96088790893555
2017-03-14,37.1431884765625
2017-03-15,37.36888122558594
2017-03-16,39.69520950317383
2017-03-17,39.63444519042969
2017-03-20,39.26117706298828
2017-03-21,38.92264938354492
2017-03-22,38.879249572753906
2017-03-23,39.018150329589844
2017-03-24,38.75773620605469
2017-03-27,38.92264938354492
2017-03-28,38.792449951171875
2017-03-29,38.644866943359375
2017-03-30,38.78376388549805
2017-03-31,38.72300338745117
2017-04-03,38.72300338745117
2017-04-04,38.70565414428711
2017-04-05,38.61885070800781
2017-04-06,38.34974670410156
2017-04-07,38.44524002075195
2017-04-10,38.35805892944336
2017-04-11,38.50626754760742
2017-04-12,38.51496887207031
2017-04-13,38.35805892944336
2017-04-17,38.610877990722656
2017-04-18,38.81137466430664
2017-04-19,38.52369689941406
2017-04-20,38.82010269165039
2017-04-21,38.7329216003418
2017-04-24,39.0903434753418
2017-04-25,38.985740661621094
2017-04-26,38.9595832824707
2017-04-27,39.029335021972656
2017-04-28,39.194950103759766
2017-05-01,39.27341842651367
2017-05-02,39.343170166015625
2017-05-03,39.13392639160156
2017-05-04,39.63957214355469
2017-05-05,39.7354621887207
2017-05-08,39.718040466308594
2017-05-09,39.64828109741211
2017-05-10,39.69187545776367
2017-05-11,39.36930847167969
2017-05-12,39.29957580566406
2017-05-15,39.50880813598633
2017-05-16,39.48263931274414
2017-05-17,38.558563232421875
2017-05-18,38.50626754760742
2017-05-19,38.62831115722656
2017-05-22,38.90727233886719
2017-05-23,38.84626007080078
2017-05-24,39.08163070678711
2017-05-25,39.40419006347656
2017-05-26,39.45649337768555
2017-05-30,39.59597396850586
2017-05-31,39.569820404052734
2017-06-01,39.91853713989258
2017-06-02,39.80520248413086
2017-06-05,40.031864166259766
2017-06-06,39.761619567871094
2017-06-07,39.57855224609375
2017-06-08,39.59597396850586
2017-06-09,39.25598907470703
2017-06-12,39.09907150268555
2017-06-13,39.212406158447266
2017-06-14,39.06419372558594
2017-06-15,38.950862884521484
2017-06-16,39.308284759521484
2017-06-19,39.86623001098633
2017-06-20,39.96213912963867
2017-06-21,40.389305114746094
2017-06-22,43.85023498535156
2017-06-23,44.416900634765625
2017-06-26,44.33842468261719
2017-06-27,44.24253463745117
2017-06-28,44.34714126586914
2017-06-29,43.76304626464844
2017-06-30,43.71074676513672
2017-07-03,43.03076934814453
2017-07-05,43.11793518066406
2017-07-06,42.586158752441406
2017-07-07,43.02205276489258
2017-07-10,43.257423400878906
2017-07-11,43.48408889770508
2017-07-12,43.98099899291992
2017-07-13,43.89382553100586
2017-07-14,44.07691192626953
2017-07-17,44.138153076171875
2017-07-18,44.14691162109375
2017-07-19,44.62818908691406
2017-07-20,44.741943359375
2017-07-21,44.45317077636719
2017-07-24,44.41815948486328
2017-07-25,44.77694320678711
2017-07-26,44.77694320678711
2017-07-27,44.14691162109375
2017-07-28,44.01564407348633
2017-07-31,43.691856384277344
2017-08-01,43.89312744140625
2017-08-02,43.551856994628906
2017-08-03,43.95438766479492
2017-08-04,43.71812057495117
2017-08-07,43.43810272216797
2017-08-08,42.9655647277832
2017-08-09,42.930572509765625
2017-08-10,42.09049987792969
2017-08-11,42.213008880615234
2017-08-14,42.746788024902344
2017-08-15,42.72929763793945
2017-08-16,43.096824645996094
2017-08-17,42.48427200317383
2017-08-18,42.545536041259766
2017-08-21,42.790557861328125
2017-08-22,43.10558319091797
2017-08-23,42.93931198120117
2017-08-24,43.0443115234375
2017-08-25,43.08808135986328
2017-08-28,43.08808135986328
2017-08-29,43.2718391418457
2017-08-30,43.5781135559082
2017-08-31,44.041893005371094
2017-09-01,44.295654296875
2017-09-05,44.56693649291992
2017-09-06,44.63693618774414
2017-09-07,45.26698303222656
2017-09-08,45.13572311401367
2017-09-11,45.93203353881836
2017-09-12,46.17705535888672
2017-09-13,46.20330047607422
2017-09-14,46.194557189941406
2017-09-15,42.650543212890625
2017-09-18,42.29177474975586
2017-09-19,42.038002014160156
2017-09-20,41.976741790771484
2017-09-21,41.976741790771484
2017-09-22,42.14300537109375
2017-09-25,41.976741790771484
2017-09-26,41.93299865722656
2017-09-27,42.14300537109375
2017-09-28,42.072998046875
2017-09-29,42.309261322021484
2017-10-02,42.70304870605469
2017-10-03,42.606788635253906
2017-10-04,42.790557861328125
2017-10-05,42.79929733276367
2017-10-06,42.353023529052734
2017-10-09,42.318023681640625
2017-10-10,42.3531608581543
2017-10-11,42.41465759277344
2017-10-12,42.370723724365234
2017-10-13,42.70456314086914
2017-10-16,42.9241943359375
2017-10-17,43.2140998840332
2017-10-18,43.556732177734375
2017-10-19,43.35466003417969
2017-10-20,43.26681900024414
2017-10-23,43.31951904296875
2017-10-24,43.90813064575195
2017-10-25,43.66215896606445
2017-10-26,44.0574836730957
2017-10-27,44.69878005981445
2017-10-30,44.52308654785156
2017-10-31,44.716365814208984
2017-11-01,44.48794937133789
2017-11-02,44.17169189453125
2017-11-03,44.083831787109375
2017-11-06,44.277095794677734
2017-11-07,44.356178283691406
2017-11-08,44.40010452270508
2017-11-09,43.258033752441406
2017-11-10,43.328304290771484
2017-11-13,43.398590087890625
2017-11-14,43.2228889465332
2017-11-15,42.88905334472656
2017-11-16,43.2228889465332
2017-11-17,42.994476318359375
2017-11-20,43.064754486083984
2017-11-21,42.72213363647461
2017-11-22,42.6782112121582
2017-11-24,43.055965423583984
2017-11-27,42.941768646240234
2017-11-28,43.055965423583984
2017-11-29,42.62549591064453
2017-11-30,43.09990310668945
2017-12-01,43.58306884765625
2017-12-04,42.52007293701172
2017-12-05,42.15988540649414
2017-12-06,42.53764724731445
2017-12-07,42.62549591064453
2017-12-08,43.57429504394531
2017-12-11,44.33860397338867
2017-12-12,44.26831817626953
2017-12-13,43.96962356567383
2017-12-14,44.092620849609375
2017-12-15,42.43222427368164
2017-12-18,41.91389465332031
2017-12-19,42.01054000854492
2017-12-20,42.08082580566406
2017-12-21,41.53614807128906
2017-12-22,41.60643005371094
2017-12-26,41.66791534423828
2017-12-27,41.623992919921875
2017-12-28,41.74697494506836
2017-12-29,41.53614807128906
2018-01-02,40.96510696411133
2018-01-03,41.91389465332031
2018-01-04,42.32679748535156
2018-01-05,42.58157730102539
2018-01-08,43.029605865478516
2018-01-09,43.267738342285156
2018-01-10,43.03843688964844
2018-01-11,43.17073059082031
2018-01-12,43.66460418701172
2018-01-16,43.73515701293945
2018-01-17,44.33487319946289
2018-01-18,44.29960250854492
2018-01-19,44.608280181884766
2018-01-22,44.72292709350586
2018-01-23,45.08453369140625
2018-01-24,45.37556457519531
2018-01-25,45.50785827636719
2018-01-26,46.5220832824707
2018-01-29,45.80770492553711
2018-01-30,44.943416595458984
2018-01-31,45.499027252197266
2018-02-01,45.53432083129883
2018-02-02,44.21140670776367
2018-02-05,42.41225814819336
2018-02-06,43.56760025024414
2018-02-07,43.10015869140625
2018-02-08,41.30984115600586
2018-02-09,42.094764709472656
2018-02-12,42.465179443359375
2018-02-13,42.76504135131836
2018-02-14,43.611698150634766
2018-02-15,44.66119384765625
2018-02-16,44.72292709350586
2018-02-20,43.99974822998047
2018-02-21,43.59404754638672
2018-02-22,43.73515701293945
2018-02-23,44.5377197265625
2018-02-26,45.128623962402344
2018-02-27,44.74056625366211
2018-02-28,44.687660217285156
2018-03-01,43.84098815917969
2018-03-02,44.37897872924805
2018-03-05,45.23445129394531
2018-03-06,45.419654846191406
2018-03-07,45.613685607910156
2018-03-08,45.975284576416016
2018-03-09,46.716102600097656
2018-03-12,46.65436935424805
2018-03-13,46.37215042114258
2018-03-14,46.142845153808594
2018-03-15,46.18693542480469
2018-03-16,46.09874725341797
2018-03-19,45.816532135009766
2018-03-20,41.495033264160156
2018-03-21,41.468597412109375
2018-03-22,40.472007751464844
2018-03-23,39.50187683105469
2018-03-26,40.992340087890625
2018-03-27,40.02222442626953
2018-03-28,39.66945266723633
2018-03-29,40.34852600097656
2018-04-02,39.695892333984375
2018-04-03,39.59006118774414
2018-04-04,40.136863708496094
2018-04-05,40.53374481201172
2018-04-06,39.53715133666992
2018-04-09,39.598899841308594
2018-04-10,40.4102668762207
2018-04-11,40.22507095336914
2018-04-12,40.463191986083984
2018-04-13,40.63956832885742
2018-04-16,40.78126525878906
2018-04-17,41.321468353271484
2018-04-18,41.693416595458984
2018-04-19,41.46316146850586
2018-04-20,40.940673828125
2018-04-23,40.55986404418945
2018-04-24,40.32075881958008
2018-04-25,40.51559066772461
2018-04-26,40.701568603515625
2018-04-27,40.32075881958008
2018-04-30,40.44474792480469
2018-05-01,40.69269943237305
2018-05-02,40.30303955078125
2018-05-03,39.904541015625
2018-05-04,40.480159759521484
2018-05-07,40.798973083496094
2018-05-08,40.6838493347168
2018-05-09,41.25062942504883
2018-05-10,41.560577392578125
2018-05-11,41.46316146850586
2018-05-14,41.46316146850586
2018-05-15,41.45432662963867
2018-05-16,41.383460998535156
2018-05-17,41.21519470214844
2018-05-18,41.02036666870117
2018-05-21,41.80854415893555
2018-05-22,41.064632415771484
2018-05-23,41.534019470214844
2018-05-24,41.14435577392578
2018-05-25,41.62257766723633
2018-05-29,40.96723937988281
2018-05-30,41.66684341430664
2018-05-31,41.37461853027344
2018-06-01,41.93252182006836
2018-06-04,41.905967712402344
2018-06-05,41.73769760131836
2018-06-06,42.28676986694336
2018-06-07,42.22477340698242
2018-06-08,42.66755294799805
2018-06-11,42.676422119140625
2018-06-12,42.906673431396484
2018-06-13,42.74726486206055
2018-06-14,40.64842224121094
2018-06-15,40.98495101928711
2018-06-18,41.19750213623047
2018-06-19,40.9760856628418
2018-06-20,37.920814514160156
2018-06-21,38.16878128051758
2018-06-22,39.05436325073242
2018-06-25,39.21377182006836
2018-06-26,39.32890319824219
2018-06-27,38.478736877441406
2018-06-28,38.82411575317383
2018-06-29,39.018943786621094
2018-07-02,39.807132720947266
2018-07-03,39.60342788696289
2018-07-05,40.2144889831543
2018-07-06,40.736968994140625
2018-07-09,41.383460998535156
2018-07-10,41.61370849609375
2018-07-11,42.18933868408203
2018-07-12,42.64100646972656
2018-07-13,43.06608200073242
2018-07-16,43.08385467529297
2018-07-17,43.47505187988281
2018-07-18,43.2438850402832
2018-07-19,43.066078186035156
2018-07-20,43.137203216552734
2018-07-23,43.27056121826172
2018-07-24,43.27056121826172
2018-07-25,43.519493103027344
2018-07-26,43.448360443115234
2018-07-27,43.23500061035156
2018-07-30,42.434837341308594
2018-07-31,42.39039611816406
2018-08-01,42.09699630737305
2018-08-02,42.585994720458984
2018-08-03,43.092750549316406
2018-08-06,43.27056121826172
2018-08-07,43.10163497924805
2018-08-08,43.02162170410156
2018-08-09,43.154991149902344
2018-08-10,42.95939636230469
2018-08-13,42.683780670166016
2018-08-14,42.879364013671875
2018-08-15,42.53263473510742
2018-08-16,42.7637939453125
2018-08-17,42.99494934082031
2018-08-20,43.04829406738281
2018-08-21,43.03940963745117
2018-08-22,43.38613510131836
2018-08-23,43.52838134765625
2018-08-24,43.795108795166016
2018-08-27,43.85735321044922
2018-08-28,43.2438850402832
2018-08-29,43.46615982055664
2018-08-30,43.01273727416992
2018-08-31,43.1905403137207
2018-09-04,43.1905403137207
2018-09-05,42.710453033447266
2018-09-06,42.41706466674805
2018-09-07,42.5059700012207
2018-09-10,43.43947982788086
2018-09-11,43.49281692504883
2018-09-12,43.86623001098633
2018-09-13,43.52838134765625
2018-09-14,43.786216735839844
2018-09-17,43.7239875793457
2018-09-18,43.59061813354492
2018-09-19,43.94624710083008
2018-09-20,44.83530807495117
2018-09-21,45.43097686767578
2018-09-24,45.555450439453125
2018-09-25,45.98219680786133
2018-09-26,45.90218734741211
2018-09-27,45.95552062988281
2018-09-28,45.83995819091797
2018-10-01,46.05331802368164
2018-10-02,44.65748596191406
2018-10-03,44.23073959350586
2018-10-04,43.981807708740234
2018-10-05,43.875118255615234
2018-10-08,43.884010314941406
2018-10-09,43.448360443115234
2018-10-10,42.14146041870117
2018-10-11,41.59023666381836
2018-10-12,42.12367630004883
2018-10-15,42.061180114746094
2018-10-16,43.05202102661133
2018-10-17,42.721736907958984
2018-10-18,42.29328536987305
2018-10-19,42.48073196411133
2018-10-22,42.79315185546875
2018-10-23,42.83778762817383
2018-10-24,41.739845275878906
2018-10-25,42.81100082397461
2018-10-26,42.23973083496094
2018-10-29,41.971923828125
2018-10-30,43.35551452636719
2018-10-31,43.596534729003906
2018-11-01,43.37337875366211
2018-11-02,43.587608337402344
2018-11-05,43.75720977783203
2018-11-06,43.96250534057617
2018-11-07,44.864078521728516
2018-11-08,45.01581954956055
2018-11-09,45.17650604248047
2018-11-12,43.93572998046875
2018-11-13,44.19459915161133
2018-11-14,43.596534729003906
2018-11-15,45.19436264038086
2018-11-16,45.6763801574707
2018-11-19,44.23030471801758
2018-11-20,43.14128875732422
2018-11-21,43.40016174316406
2018-11-23,43.47154998779297
2018-11-26,43.078792572021484
2018-11-27,42.346832275390625
2018-11-28,43.01631546020508
2018-11-29,42.757450103759766
2018-11-30,43.52512741088867
2018-12-03,44.48023986816406
2018-12-04,43.51619338989258
2018-12-06,41.66843032836914
2018-12-07,41.061439514160156
2018-12-10,41.65949249267578
2018-12-11,41.472042083740234
2018-12-12,42.23973083496094
2018-12-13,42.15937423706055
2018-12-14,41.597007751464844
2018-12-17,40.82041549682617
2018-12-18,40.92753219604492
2018-12-19,41.4631233215332
2018-12-20,41.27568435668945
2018-12-21,39.27615737915039
2018-12-24,38.1068000793457
2018-12-26,39.80280685424805
2018-12-27,40.14201736450195
2018-12-28,40.00811767578125
2018-12-31,40.30268859863281
2019-01-02,40.36517333984375
2019-01-03,39.97240447998047
2019-01-04,41.6952018737793
2019-01-07,42.35576248168945
2019-01-08,42.73960876464844
2019-01-09,42.65033721923828
2019-01-10,42.686031341552734
2019-01-11,43.1055793762207
2019-01-14,43.00737762451172
2019-01-15,43.35689163208008
2019-01-16,43.07011795043945
2019-01-17,43.53612518310547
2019-01-18,44.15448760986328
2019-01-22,43.85874557495117
2019-01-23,44.12760543823242
2019-01-24,44.09174728393555
2019-01-25,44.62945556640625
2019-01-28,44.3785400390625
2019-01-29,44.459190368652344
2019-01-30,45.13133239746094
2019-01-31,45.01481628417969
2019-02-01,45.53459548950195
2019-02-04,45.73176193237305
2019-02-05,45.91995620727539
2019-02-06,45.93788528442383
2019-02-07,45.005855560302734
2019-02-08,45.73176193237305
2019-02-11,45.91098403930664
2019-02-12,45.902034759521484
2019-02-13,46.081260681152344
2019-02-14,46.135032653808594
2019-02-15,46.350120544433594
2019-02-19,46.618961334228516
2019-02-20,46.39493179321289
2019-02-21,46.69963073730469
2019-02-22,47.03120422363281
2019-02-25,47.102909088134766
2019-02-26,47.13874816894531
2019-02-27,46.941593170166016
2019-02-28,46.717552185058594
2019-03-01,47.05809020996094
2019-03-04,46.63689041137695
2019-03-05,46.92366409301758
2019-03-06,46.914710998535156
2019-03-07,47.12082290649414
2019-03-08,47.291107177734375
2019-03-11,47.1925163269043
2019-03-12,47.317989349365234
2019-03-13,47.550994873046875
2019-03-14,47.54203414916992
2019-03-15,47.44343948364258
2019-03-18,47.90945816040039
2019-03-19,48.42924118041992
2019-03-20,47.174583435058594
2019-03-21,48.42924118041992
2019-03-22,47.291107177734375
2019-03-25,47.264217376708984
2019-03-26,47.748138427734375
2019-03-27,47.326934814453125
2019-03-28,47.667484283447266
2019-03-29,48.13349533081055
2019-04-01,48.91317367553711
2019-04-02,48.5278205871582
2019-04-03,48.4471549987793
2019-04-04,48.232078552246094
2019-04-05,48.33067321777344
2019-04-08,48.142459869384766
2019-04-09,48.24104690551758
2019-04-10,48.5831184387207
2019-04-11,48.42108154296875
2019-04-12,49.060211181640625
2019-04-15,49.177242279052734
2019-04-16,49.141231536865234
2019-04-17,49.04220962524414
2019-04-18,49.078216552734375
2019-04-22,49.16823959350586
2019-04-23,49.45629119873047
2019-04-24,49.67233657836914
2019-04-25,49.519309997558594
2019-04-26,49.879390716552734
2019-04-29,49.58232498168945
2019-04-30,49.807369232177734
2019-05-01,49.40229034423828
2019-05-02,49.15023422241211
2019-05-03,49.32127380371094
2019-05-06,49.375282287597656
2019-05-07,48.610130310058594
2019-05-08,48.60111999511719
2019-05-09,48.835166931152344
2019-05-10,49.19523620605469
2019-05-13,48.09701919555664
2019-05-14,48.727149963378906
2019-05-15,49.114234924316406
2019-05-16,49.18624496459961
2019-05-17,49.060211181640625
2019-05-20,48.30405044555664
2019-05-21,48.763160705566406
2019-05-22,48.790164947509766
2019-05-23,47.781944274902344
2019-05-24,47.50289535522461
2019-05-28,46.58469772338867
2019-05-29,46.530696868896484
2019-05-30,46.55769729614258
2019-05-31,45.54948806762695
2019-06-03,45.22541809082031
2019-06-04,46.827754974365234
2019-06-05,46.89976119995117
2019-06-06,47.34084701538086
2019-06-07,47.9439811706543
2019-06-10,48.619117736816406
2019-06-11,48.55611038208008
2019-06-12,48.26803970336914
2019-06-13,48.46609115600586
2019-06-14,47.96199035644531
2019-06-17,47.82695388793945
2019-06-18,47.619911193847656
2019-06-19,47.421878814697266
2019-06-20,51.30168533325195
2019-06-21,50.51850891113281
2019-06-24,51.07663345336914
2019-06-25,50.473514556884766
2019-06-26,51.004638671875
2019-06-27,51.10364532470703
2019-06-28,51.28368377685547
2019-07-01,52.219879150390625
2019-07-02,52.62495422363281
2019-07-03,52.98503494262695
2019-07-05,53.36312484741211
2019-07-08,53.588157653808594
2019-07-09,53.65116500854492
2019-07-10,54.146270751953125
2019-07-11,54.00224685668945
2019-07-12,53.84021759033203
2019-07-15,53.588157653808594
2019-07-16,52.973548889160156
2019-07-17,52.413169860839844
2019-07-18,52.530662536621094
2019-07-19,52.0064582824707
2019-07-22,52.060672760009766
2019-07-23,51.925113677978516
2019-07-24,52.521636962890625
2019-07-25,52.684322357177734
2019-07-26,52.87413024902344
2019-07-29,52.47644805908203
2019-07-30,51.96125793457031
2019-07-31,50.88568878173828
2019-08-01,50.50608825683594
2019-08-02,50.46994400024414
2019-08-05,48.58997344970703
2019-08-06,48.770729064941406
2019-08-07,48.21035385131836
2019-08-08,49.394386291503906
2019-08-09,48.71651077270508
2019-08-12,48.1290168762207
2019-08-13,48.77976608276367
2019-08-14,47.28845977783203
2019-08-15,47.532493591308594
2019-08-16,48.436317443847656
2019-08-19,48.689388275146484
2019-08-20,47.884986877441406
2019-08-21,48.119972229003906
2019-08-22,48.07477951049805
2019-08-23,46.61962127685547
2019-08-26,47.116722106933594
2019-08-27,47.351715087890625
2019-08-28,46.95403289794922
2019-08-29,47.14384460449219
2019-08-30,47.0534553527832
2019-09-03,46.89980697631836
2019-09-04,47.875946044921875
2019-09-05,48.66227722167969
2019-09-06,48.04766845703125
2019-09-09,49.294952392578125
2019-09-10,50.135528564453125
2019-09-11,50.87666702270508
2019-09-12,48.70746612548828
2019-09-13,48.58094024658203
2019-09-16,48.029598236083984
2019-09-17,47.785560607910156
2019-09-18,47.50537109375
2019-09-19,48.23747253417969
2019-09-20,48.32786560058594
2019-09-23,48.82497024536133
2019-09-24,48.21938705444336
2019-09-25,48.66227722167969
2019-09-26,48.770729064941406
2019-09-27,48.88823318481445
2019-09-30,49.73782730102539
2019-10-01,48.62612533569336
2019-10-02,48.03863525390625
2019-10-03,48.68035888671875
2019-10-04,49.837257385253906
2019-10-07,49.52995300292969
2019-10-08,48.852081298828125
2019-10-09,49.5057487487793
2019-10-10,50.37728500366211
2019-10-11,51.6483039855957
2019-10-14,51.25791931152344
2019-10-15,51.15806579589844
2019-10-16,50.731361389160156
2019-10-17,49.98690414428711
2019-10-18,49.523895263671875
2019-10-21,50.05045700073242
2019-10-22,49.12445068359375
2019-10-23,49.142601013183594
2019-10-24,49.260623931884766
2019-10-25,49.17890930175781
2019-10-28,49.6056022644043
2019-10-29,49.7508659362793
2019-10-30,49.7962532043457
2019-10-31,49.46942901611328
2019-11-01,49.93244552612305
2019-11-04,50.340972900390625
2019-11-05,50.54070281982422
2019-11-06,50.56794738769531
2019-11-07,50.8221435546875
2019-11-08,51.28514862060547
2019-11-11,51.23068618774414
2019-11-12,51.37593460083008
2019-11-13,51.03094482421875
2019-11-14,50.9220085144043
2019-11-15,51.22160339355469
2019-11-18,51.012794494628906
2019-11-19,51.085426330566406
2019-11-20,51.058189392089844
2019-11-21,51.049110412597656
2019-11-22,51.19435501098633
2019-11-25,51.34870910644531
2019-11-26,51.303314208984375
2019-11-27,51.39409255981445
2019-11-29,50.967403411865234
2019-12-02,50.32282257080078
2019-12-03,49.560218811035156
2019-12-04,49.396793365478516
2019-12-05,49.64192199707031
2019-12-06,49.77811050415039
2019-12-09,50.213863372802734
2019-12-10,50.676883697509766
2019-12-11,51.121734619140625
2019-12-12,51.26699447631836
2019-12-13,49.48759078979492
2019-12-16,49.015506744384766
2019-12-17,47.971458435058594
2019-12-18,48.47077941894531
2019-12-19,48.33460235595703
2019-12-20,48.661434173583984
2019-12-23,48.76128387451172
2019-12-24,48.51616287231445
2019-12-26,48.63419723510742
2019-12-27,48.53432846069336
2019-12-30,47.844356536865234
2019-12-31,48.09854507446289
2020-01-02,48.979190826416016
2020-01-03,48.80668258666992
2020-01-06,49.060882568359375
2020-01-07,49.16983413696289
2020-01-08,49.36133575439453
2020-01-09,49.589317321777344
2020-01-10,49.65314865112305
2020-01-13,49.771690368652344
2020-01-14,50.045257568359375
2020-01-15,49.93583679199219
2020-01-16,50.54681396484375
2020-01-17,50.27323532104492
2020-01-21,50.35530090332031
2020-01-22,49.89935302734375
2020-01-23,50.136444091796875
2020-01-24,49.30662155151367
2020-01-27,48.048187255859375
2020-01-28,48.7503547668457
2020-01-29,48.51325988769531
2020-01-30,48.61356735229492
2020-01-31,47.829341888427734
2020-02-03,48.41295623779297
2020-02-04,49.279258728027344
2020-02-05,49.91758728027344
2020-02-06,49.89023208618164
2020-02-07,49.89935302734375
2020-02-10,50.145565032958984
2020-02-11,50.29147720336914
2020-02-12,50.820377349853516
2020-02-13,50.43736267089844
2020-02-14,50.583282470703125
2020-02-18,50.56504440307617
2020-02-19,50.55592346191406
2020-02-20,50.619754791259766
2020-02-21,49.862876892089844
2020-02-24,48.01171112060547
2020-02-25,46.47059631347656
2020-02-26,47.46457290649414
2020-02-27,46.30644607543945
2020-02-28,45.10274124145508
2020-03-02,46.4158821105957
2020-03-03,44.54648208618164
2020-03-04,46.08759689331055
2020-03-05,43.77135467529297
2020-03-06,43.196861267089844
2020-03-09,41.95668029785156
2020-03-10,44.300270080566406
2020-03-11,40.78031921386719
2020-03-12,36.29376220703125
2020-03-13,43.70753860473633
2020-03-16,38.95651626586914
2020-03-17,42.73179244995117
2020-03-18,43.10568618774414
2020-03-19,41.09949493408203
2020-03-20,41.628387451171875
2020-03-23,40.29701232910156
2020-03-24,43.62546157836914
2020-03-25,41.89284896850586
2020-03-26,46.03288650512695
2020-03-27,45.44015121459961
2020-03-30,45.9234619140625
2020-03-31,44.072288513183594
2020-04-01,44.41881561279297
2020-04-02,45.41278839111328
2020-04-03,45.04802703857422
2020-04-06,46.95390701293945
2020-04-07,46.288211822509766
2020-04-08,47.76336669921875
2020-04-09,48.725406646728516
2020-04-13,48.53300476074219
2020-04-14,49.476715087890625
2020-04-15,48.70708084106445
2020-04-16,49.201847076416016
2020-04-17,50.0447883605957
2020-04-20,49.394256591796875
2020-04-21,47.012054443359375
2020-04-22,47.891639709472656
2020-04-23,47.616756439208984
2020-04-24,48.569644927978516
2020-04-27,48.89949417114258
2020-04-28,48.74373245239258
2020-04-29,49.36677551269531
2020-04-30,48.53300476074219
2020-05-01,47.45183181762695
2020-05-04,47.41518020629883
2020-05-05,47.6900634765625
2020-05-06,47.5159797668457
2020-05-07,48.193992614746094
2020-05-08,49.08272933959961
2020-05-11,49.04608917236328
2020-05-12,47.891639709472656
2020-05-13,47.32355880737305
2020-05-14,48.47801971435547
2020-05-15,48.48717498779297
2020-05-18,48.69791793823242
2020-05-19,47.95576095581055
2020-05-20,48.46886444091797
2020-05-21,47.8458137512207
2020-05-22,48.21230697631836
2020-05-26,48.35891342163086
2020-05-27,48.74373245239258
2020-05-28,49.12854766845703
2020-05-29,49.26598358154297
2020-06-01,48.615455627441406
2020-06-02,48.81702423095703
2020-06-03,49.00944137573242
2020-06-04,48.42304229736328
2020-06-05,49.45839309692383
2020-06-08,50.48457717895508
2020-06-09,49.64163589477539
2020-06-10,49.577491760253906
2020-06-11,47.012054443359375
2020-06-12,47.5159797668457
2020-06-15,48.7895393371582
2020-06-16,50.017295837402344
2020-06-17,47.2044563293457
2020-06-18,49.19268798828125
2020-06-19,49.84320068359375
2020-06-22,50.50289535522461
2020-06-23,50.5670280456543
2020-06-24,49.879852294921875
2020-06-25,49.96232223510742
2020-06-26,49.64163589477539
2020-06-29,50.173065185546875
2020-06-30,50.640342712402344
2020-07-01,50.84191131591797
2020-07-02,51.25421142578125
2020-07-06,51.85893249511719
2020-07-07,51.59321212768555
2020-07-08,51.913909912109375
2020-07-09,52.71102523803711
2020-07-10,52.5827522277832
2020-07-13,52.23459243774414
2020-07-14,52.63023376464844
2020-07-15,52.0965690612793
2020-07-16,51.36049270629883
2020-07-17,50.51398849487305
2020-07-20,50.97404479980469
2020-07-21,51.443294525146484
2020-07-22,51.53529739379883
2020-07-23,51.3052864074707
2020-07-24,51.20407485961914
2020-07-27,50.9188346862793
2020-07-28,50.928043365478516
2020-07-29,51.25007247924805
2020-07-30,50.836029052734375
2020-07-31,51.020050048828125
2020-08-03,51.5077018737793
2020-08-04,51.52610397338867
2020-08-05,51.06604766845703
2020-08-06,50.863624572753906
2020-08-07,50.817626953125
2020-08-10,50.550785064697266
2020-08-11,49.9343147277832
2020-08-12,49.84230041503906
2020-08-13,49.70428466796875
2020-08-14,49.86991500854492
2020-08-17,49.67668533325195
2020-08-18,50.77161407470703
2020-08-19,51.71012496948242
2020-08-20,50.84521484375
2020-08-21,50.78081130981445
2020-08-24,51.53529739379883
2020-08-25,51.60892105102539
2020-08-26,52.897064208984375
2020-08-27,52.61183547973633
2020-08-28,53.25590133666992
2020-08-31,52.64863204956055
2020-09-01,53.05349349975586
2020-09-02,54.31404113769531
2020-09-03,52.53823471069336
2020-09-04,51.277671813964844
2020-09-08,50.90043258666992
2020-09-09,52.40021514892578
2020-09-10,52.74985122680664
2020-09-11,52.44621658325195
2020-09-14,54.70968246459961
2020-09-15,56.07143783569336
2020-09-16,55.60218811035156
2020-09-17,55.372161865234375
2020-09-18,54.97650909423828
2020-09-21,55.961036682128906
2020-09-22,55.77701187133789
2020-09-23,54.24962615966797
2020-09-24,54.562469482421875
2020-09-25,55.022525787353516
2020-09-28,54.820091247558594
2020-09-29,54.71887969970703
2020-09-30,54.93050765991211
2020-10-01,54.912113189697266
2020-10-02,54.13002014160156
2020-10-05,54.80168914794922
2020-10-06,54.75569152832031
2020-10-07,55.97515106201172
2020-10-08,56.25230026245117
2020-10-09,56.49249267578125
2020-10-12,56.77887725830078
2020-10-13,56.326202392578125
2020-10-14,56.31696319580078
2020-10-15,55.910491943359375
2020-10-16,55.697998046875
2020-10-19,55.07902908325195
2020-10-20,55.19912338256836
2020-10-21,55.125213623046875
2020-10-22,55.143699645996094
2020-10-23,55.337711334228516
2020-10-26,53.111263275146484
2020-10-27,52.73249435424805
2020-10-28,51.355979919433594
2020-10-29,51.75321960449219
2020-10-30,51.836368560791016
2020-11-02,52.150474548339844
2020-11-03,52.47380828857422
2020-11-04,52.18742370605469
2020-11-05,52.34447479248047
2020-11-06,52.47380828857422
2020-11-09,52.51076889038086
2020-11-10,52.35370635986328
2020-11-11,52.843345642089844
2020-11-12,52.150474548339844
2020-11-13,52.575435638427734
2020-11-16,52.79716110229492
2020-11-17,52.76944351196289
2020-11-18,51.965702056884766
2020-11-19,52.150474548339844
2020-11-20,51.45759582519531
2020-11-23,51.808650970458984
2020-11-24,53.18516540527344
2020-11-25,53.037349700927734
2020-11-27,53.360694885253906
2020-11-30,53.32374954223633
2020-12-01,54.26605224609375
2020-12-02,54.58015823364258
2020-12-03,54.75568389892578
2020-12-04,55.39312744140625
2020-12-07,55.24531936645508
2020-12-08,54.533958435058594
2020-12-09,55.180641174316406
2020-12-10,54.94969177246094
2020-12-11,55.993629455566406
2020-12-14,56.132198333740234
2020-12-15,57.148414611816406
2020-12-16,57.99834060668945
2020-12-17,58.765132904052734
2020-12-18,60.10468292236328
2020-12-21,59.56886672973633
2020-12-22,60.187843322753906
2020-12-23,60.32640838623047
2020-12-24,60.012306213378906
2020-12-28,59.929161071777344
2020-12-29,59.55038070678711
2020-12-30,59.49495315551758
2020-12-31,59.76287841796875
2021-01-04,58.894466400146484
2021-01-05,58.164634704589844
2021-01-06,58.02552795410156
2021-01-07,58.48921203613281
2021-01-08,58.776695251464844
2021-01-11,58.452117919921875
2021-01-12,57.886417388916016
2021-01-13,57.552581787109375
2021-01-14,57.12598419189453
2021-01-15,57.292903900146484
2021-01-19,56.83850860595703
2021-01-20,57.08888626098633
2021-01-21,56.764305114746094
2021-01-22,55.976051330566406
2021-01-25,56.476829528808594
2021-01-26,57.31145095825195
2021-01-27,58.00697708129883
2021-01-28,56.77357864379883
2021-01-29,56.04095458984375
2021-02-01,57.04251480102539
2021-02-02,57.840049743652344
2021-02-03,57.65457534790039
2021-02-04,58.74887466430664
2021-02-05,58.980716705322266
2021-02-08,58.52631378173828
2021-02-09,59.0456428527832
2021-02-10,58.67469024658203
2021-02-11,58.14609909057617
2021-02-12,58.49848937988281
2021-02-16,57.626766204833984
2021-02-17,57.580387115478516
2021-02-18,57.56184005737305
2021-02-19,56.69011306762695
2021-02-22,59.76898193359375
2021-02-23,59.81534957885742
2021-02-24,60.00082015991211
2021-02-25,60.557247161865234
2021-02-26,59.82463073730469
2021-03-01,61.364070892333984
2021-03-02,61.818477630615234
2021-03-03,62.05031204223633
2021-03-04,60.84473419189453
2021-03-05,64.8880844116211
2021-03-08,66.91900634765625
2021-03-09,67.36414337158203
2021-03-10,66.88192749023438
2021-03-11,62.514015197753906
2021-03-12,62.28216552734375
2021-03-15,62.810752868652344
2021-03-16,61.994667053222656
2021-03-17,61.410430908203125
2021-03-18,61.892662048339844
2021-03-19,61.44752502441406
2021-03-22,61.50315856933594
2021-03-23,62.38416290283203
2021-03-24,61.97612380981445
2021-03-25,63.64539337158203
2021-03-26,65.14771270751953
2021-03-29,65.96381378173828
2021-03-30,65.42594146728516
2021-03-31,65.07353973388672
2021-04-01,66.59443664550781
2021-04-05,68.77374267578125
2021-04-06,68.88504028320312
2021-04-07,68.98748779296875
2021-04-08,70.11444091796875
2021-04-09,70.39385986328125
2021-04-12,70.89683532714844
2021-04-13,71.4090805053711
2021-04-14,71.54878997802734
2021-04-15,72.91790771484375
2021-04-16,73.53262329101562
2021-04-19,73.34635162353516
2021-04-20,73.802734375
2021-04-21,71.39976501464844
2021-04-22,69.73258209228516
2021-04-23,69.82572174072266
2021-04-26,69.38798522949219
2021-04-27,70.05858612060547
2021-04-28,69.63945770263672
2021-04-29,70.66397094726562
2021-04-30,70.58946990966797
2021-05-03,72.02378845214844
2021-05-04,73.14144897460938
2021-05-05,73.75615692138672
2021-05-06,74.2684326171875
2021-05-07,74.88314056396484
2021-05-10,74.65029907226562
2021-05-11,72.35907745361328
2021-05-12,71.48358917236328
2021-05-13,72.77820587158203
2021-05-14,73.47673797607422
2021-05-17,73.65371704101562
2021-05-18,73.29048156738281
2021-05-19,73.33705139160156
2021-05-20,73.31842041015625
2021-05-21,73.60713195800781
2021-05-24,73.9331283569336
2021-05-25,73.42085266113281
2021-05-26,73.82135772705078
2021-05-27,73.5605697631836
2021-05-28,73.33705139160156
2021-06-01,74.11009216308594
2021-06-02,74.76205444335938
2021-06-03,75.52576446533203
2021-06-04,77.2022705078125
2021-06-07,78.18022918701172
2021-06-08,78.80424499511719
2021-06-09,78.72042083740234
2021-06-10,76.65276336669922
2021-06-11,77.21159362792969
2021-06-14,76.9508056640625
2021-06-15,76.03805541992188
2021-06-16,71.79094696044922
2021-06-17,72.23800659179688
2021-06-18,70.99927520751953
2021-06-21,72.63851928710938
2021-06-22,73.28115844726562
2021-06-23,72.7409439086914
2021-06-24,72.40565490722656
2021-06-25,73.07625579833984
2021-06-28,73.11351013183594
2021-06-29,72.7409439086914
2021-06-30,72.49880981445312
2021-07-01,74.0821304321289
2021-07-02,76.20569610595703
2021-07-06,77.37924194335938
2021-07-07,80.18269348144531
2021-07-08,79.71701049804688
2021-07-09,81.73809051513672
2021-07-12,81.1047592163086
2021-07-13,81.09547424316406
2021-07-14,82.5257339477539
2021-07-15,80.61869049072266
2021-07-16,81.78722381591797
2021-07-19,81.31047821044922
2021-07-20,82.88095092773438
2021-07-21,83.84383392333984
2021-07-22,84.77864837646484
2021-07-23,81.97417449951172
2021-07-26,82.13308715820312
2021-07-27,82.07701873779297
2021-07-28,81.49742889404297
2021-07-29,81.91808319091797
2021-07-30,81.46002960205078
2021-08-02,81.89005279541016
2021-08-03,83.89056396484375
2021-08-04,84.18035125732422
2021-08-05,83.60076141357422
2021-08-06,83.68489837646484
2021-08-09,84.04013061523438
2021-08-10,83.79708862304688
2021-08-11,83.78773498535156
2021-08-12,83.95600891113281
2021-08-13,84.48884582519531
2021-08-16,84.9001693725586
2021-08-17,85.02169036865234
2021-08-18,83.1427001953125
2021-08-19,82.9277114868164
2021-08-20,83.1427001953125
2021-08-23,83.31096649169922
2021-08-24,82.77811431884766
2021-08-25,82.84358978271484
2021-08-26,82.9370346069336
2021-08-27,83.52597045898438
2021-08-30,83.61945343017578
2021-08-31,83.3203353881836
2021-09-01,84.08687591552734
2021-09-02,83.9466552734375
2021-09-03,84.13362121582031
2021-09-07,82.9370346069336
2021-09-08,83.63815307617188
2021-09-09,83.70359802246094
2021-09-10,83.83448028564453
2021-09-13,83.09596252441406
2021-09-14,80.7589111328125
2021-09-15,82.01156616210938
2021-09-16,81.56285858154297
2021-09-17,80.7589111328125
2021-09-20,80.55326080322266
2021-09-21,81.25437927246094
2021-09-22,82.67529296875
2021-09-23,83.59142303466797
2021-09-24,84.07752990722656
2021-09-27,85.1058349609375
2021-09-28,84.5916748046875
2021-09-29,85.3021469116211
2021-09-30,81.45069122314453
2021-10-01,83.89056396484375
2021-10-04,83.44185638427734
2021-10-05,85.52649688720703
2021-10-06,85.38627624511719
2021-10-07,86.29304504394531
2021-10-08,88.54441833496094
2021-10-11,89.38867950439453
2021-10-12,89.65132904052734
2021-10-13,90.42993927001953
2021-10-14,89.37930297851562
2021-10-15,89.42619323730469
2021-10-18,90.53312683105469
2021-10-19,91.04904174804688
2021-10-20,90.65507507324219
2021-10-21,90.33614349365234
2021-10-22,92.16535186767578
2021-10-25,91.82765197753906
2021-10-26,90.9740219116211
2021-10-27,90.08283996582031
2021-10-28,90.27047729492188
2021-10-29,89.9984130859375
2021-11-01,88.53502655029297
2021-11-02,89.93276977539062
2021-11-03,90.19541931152344
2021-11-04,89.7076187133789
2021-11-05,89.0697250366211
2021-11-08,89.2479476928711
2021-11-09,88.73201751708984
2021-11-10,88.01909637451172
2021-11-11,88.21607971191406
2021-11-12,87.7470703125
2021-11-15,88.19732666015625
2021-11-16,89.68885040283203
2021-11-17,89.42619323730469
2021-11-18,88.79769134521484
2021-11-19,88.15042877197266
2021-11-22,88.75080108642578
2021-11-23,87.18421173095703
2021-11-24,87.7845687866211
2021-11-26,86.61199188232422
2021-11-29,87.18421173095703
2021-11-30,85.12045288085938
2021-12-01,84.19178009033203
2021-12-02,84.41690063476562
2021-12-03,82.7752914428711
2021-12-06,83.43191528320312
2021-12-07,84.47318267822266
2021-12-08,83.43191528320312
2021-12-09,83.27245330810547
2021-12-10,96.27410125732422
2021-12-13,94.64187622070312
2021-12-14,93.70380401611328
2021-12-15,97.2309341430664
2021-12-16,96.82756042480469
2021-12-17,90.63631439208984
2021-12-20,85.9647216796875
2021-12-21,85.84276580810547
2021-12-22,84.29496765136719
2021-12-23,84.16361999511719
2021-12-27,83.99475860595703
2021-12-28,83.1598892211914
2021-12-29,82.74714660644531
2021-12-30,82.55953216552734
2021-12-31,81.8090591430664
2022-01-03,82.45633697509766
2022-01-04,83.33812713623047
2022-01-05,81.10551452636719
2022-01-06,81.29381561279297
2022-01-07,82.39546203613281
2022-01-10,84.0619888305664
2022-01-11,83.30876922607422
2022-01-12,83.14869689941406
2022-01-13,82.65908813476562
2022-01-14,82.5649185180664
2022-01-18,80.55000305175781
2022-01-19,78.50682067871094
2022-01-20,77.88540649414062
2022-01-21,77.41464233398438
2022-01-24,77.6029281616211
2022-01-25,76.33184051513672
2022-01-26,74.93830871582031
2022-01-27,75.11723327636719
2022-01-28,75.77630615234375
2022-01-31,76.41658020019531
2022-02-01,76.3035888671875
2022-02-02,77.67826080322266
2022-02-03,77.15100860595703
2022-02-04,77.3110580444336
2022-02-07,76.02112579345703
2022-02-08,76.06822204589844
2022-02-09,78.57272338867188
2022-02-10,77.06624603271484
2022-02-11,75.0889892578125
2022-02-14,74.33573150634766
2022-02-15,75.10780334472656
2022-02-16,74.56172180175781
2022-02-17,71.11563873291016
2022-02-18,70.21173095703125
2022-02-22,69.78804016113281
2022-02-23,68.2344741821289
2022-02-24,70.43769836425781
2022-02-25,71.8876953125
2022-02-28,71.5299072265625
2022-03-01,71.56757354736328
2022-03-02,73.70487976074219
2022-03-03,73.6766586303711
2022-03-04,72.0195083618164
2022-03-07,69.97635650634766
2022-03-08,69.04421997070312
2022-03-09,71.65230560302734
2022-03-10,72.1701889038086
2022-03-11,73.27178192138672
2022-03-14,72.56564331054688
2022-03-15,75.88931274414062
2022-03-16,75.28670501708984
2022-03-17,75.88931274414062
2022-03-18,76.90618896484375
2022-03-21,76.22826385498047
2022-03-22,77.01918029785156
2022-03-23,75.69158172607422
2022-03-24,77.4334487915039
2022-03-25,76.95325469970703
2022-03-28,78.71395874023438
2022-03-29,79.3636474609375
2022-03-30,78.48800659179688
2022-03-31,77.89481353759766
2022-04-01,77.21690368652344
2022-04-04,79.15650177001953
2022-04-05,78.0925521850586
2022-04-06,77.32048034667969
2022-04-07,77.07471466064453
2022-04-08,76.5075912475586
2022-04-11,75.39218139648438
2022-04-12,74.98572540283203
2022-04-13,75.38272857666016
2022-04-14,75.09915924072266
2022-04-18,73.93651580810547
2022-04-19,75.20315551757812
2022-04-20,75.8931655883789
2022-04-21,75.12751770019531
2022-04-22,72.03660583496094
2022-04-25,72.7644271850586
2022-04-26,70.42967224121094
2022-04-27,70.66600036621094
2022-04-28,71.97042846679688
2022-04-29,69.3804702758789
2022-05-02,69.94760131835938
2022-05-03,69.2764892578125
2022-05-04,71.09135437011719
2022-05-05,68.8133316040039
2022-05-06,68.52030944824219
2022-05-09,67.6223373413086
2022-05-10,68.55811309814453
2022-05-11,67.14025115966797
2022-05-12,66.856689453125
2022-05-13,67.27259826660156
2022-05-16,65.89254760742188
2022-05-17,67.94371032714844
2022-05-18,64.55975341796875
2022-05-19,63.36875534057617
2022-05-20,64.8716812133789
2022-05-23,66.2044906616211
2022-05-24,65.24977111816406
2022-05-25,66.00597381591797
2022-05-26,67.73577117919922
2022-05-27,68.79441833496094
2022-05-31,67.98151397705078
2022-06-01,67.6790542602539
2022-06-02,69.13471221923828
2022-06-03,67.85863494873047
2022-06-06,68.97401428222656
2022-06-07,68.70935821533203
2022-06-08,67.47107696533203
2022-06-09,65.42937469482422
2022-06-10,63.46329116821289
2022-06-13,60.54249572753906
2022-06-14,66.84722900390625
2022-06-15,65.88308715820312
2022-06-16,64.94729614257812
2022-06-17,64.01153564453125
2022-06-21,63.97370529174805
2022-06-22,62.88668441772461
2022-06-23,63.92642593383789
2022-06-24,66.82832336425781
2022-06-27,66.55420684814453
2022-06-28,64.82442474365234
2022-06-29,65.41991424560547
2022-06-30,66.04379272460938
2022-07-01,66.989013671875
2022-07-05,68.04768371582031
2022-07-06,67.73577117919922
2022-07-07,67.89645385742188
2022-07-08,67.93425750732422
2022-07-11,67.95326232910156
2022-07-12,66.85186004638672
2022-07-13,66.4910659790039
2022-07-14,65.94036865234375
2022-07-15,67.16517639160156
2022-07-18,66.66197967529297
2022-07-19,68.58938598632812
2022-07-20,68.92169952392578
2022-07-21,70.77315521240234
2022-07-22,71.11495971679688
2022-07-25,71.07698059082031
2022-07-26,70.28892517089844
2022-07-27,72.03594207763672
2022-07-28,73.14681243896484
2022-07-29,73.9063949584961
2022-08-01,73.526611328125
2022-08-02,72.49169158935547
2022-08-03,73.46014404296875
2022-08-04,73.4886474609375
2022-08-05,73.44115447998047
2022-08-08,72.60563659667969
2022-08-09,72.89044952392578
2022-08-10,73.62155151367188
2022-08-11,73.26077270507812
2022-08-12,75.15018463134766
2022-08-15,75.11219787597656
2022-08-16,75.5014877319336
2022-08-17,75.24515533447266
2022-08-18,75.31161499023438
2022-08-19,74.6849594116211
2022-08-22,72.59612274169922
2022-08-23,72.54867553710938
2022-08-24,72.32078552246094
2022-08-25,73.0044174194336
2022-08-26,70.87759399414062
2022-08-29,70.44084167480469
2022-08-30,70.39337158203125
2022-08-31,70.40286254882812
2022-09-01,71.4947509765625
2022-09-02,70.90607452392578
2022-09-06,70.09903717041016
2022-09-07,70.72569274902344
2022-09-08,70.87759399414062
2022-09-09,72.07393646240234
2022-09-12,73.18479919433594
2022-09-13,72.19735717773438
2022-09-14,68.4754409790039
2022-09-15,66.69046020507812
2022-09-16,65.35171508789062
2022-09-19,65.5795669555664
2022-09-20,64.6680908203125
2022-09-21,63.37682342529297
2022-09-22,62.69321060180664
2022-09-23,61.288002014160156
2022-09-26,60.24359130859375
2022-09-27,59.2656364440918
2022-09-28,59.882781982421875
2022-09-29,58.297183990478516
2022-09-30,57.983856201171875
2022-10-03,59.89228439331055
2022-10-04,62.370399475097656
2022-10-05,63.27238082885742
2022-10-06,62.000091552734375
2022-10-07,60.091670989990234
2022-10-10,59.408050537109375
2022-10-11,59.56074523925781
2022-10-12,60.868202209472656
2022-10-13,62.22336196899414
2022-10-14,61.37400436401367
2022-10-17,63.96028137207031
2022-10-18,63.9698371887207
2022-10-19,63.27315902709961
2022-10-20,66.0884780883789
2022-10-21,69.38097381591797
2022-10-24,69.59093475341797
2022-10-25,69.80087280273438
2022-10-26,71.40418243408203
2022-10-27,71.71913146972656
2022-10-28,73.8282470703125
2022-10-31,74.50581359863281
2022-11-01,73.58963775634766
2022-11-02,71.69049835205078
2022-11-03,71.6045913696289
2022-11-04,72.53031158447266
2022-11-07,73.23650360107422
2022-11-08,72.186767578125
2022-11-09,72.2058334350586
2022-11-10,73.64690399169922
2022-11-11,74.19087219238281
2022-11-14,74.94481658935547
2022-11-15,75.56514739990234
2022-11-16,76.24272155761719
2022-11-17,75.58422088623047
2022-11-18,76.09003448486328
2022-11-21,76.17591094970703
2022-11-22,78.37090301513672
2022-11-23,78.79082489013672
2022-11-25,78.94351959228516
2022-11-28,77.67424774169922
2022-11-29,77.15889739990234
2022-11-30,79.2393569946289
2022-12-01,80.27005767822266
2022-12-02,79.54475402832031
2022-12-05,75.80369567871094
2022-12-06,75.30747985839844
2022-12-07,75.18339538574219
2022-12-08,76.41450500488281
2022-12-09,76.21410369873047
2022-12-12,77.56925964355469
2022-12-13,76.88212585449219
2022-12-14,78.08460998535156
2022-12-15,76.41450500488281
2022-12-16,75.94686889648438
2022-12-19,76.82486724853516
2022-12-20,77.24478149414062
2022-12-21,77.77922821044922
2022-12-22,76.81533813476562
2022-12-23,77.15889739990234
2022-12-27,77.282958984375
2022-12-28,76.6626205444336
2022-12-29,77.68378448486328
2022-12-30,78.00824737548828
2023-01-03,79.89787292480469
2023-01-04,80.62317657470703
2023-01-05,80.4609375
2023-01-06,81.7492904663086
2023-01-09,82.78386688232422
2023-01-10,82.86048889160156
2023-01-11,84.87213897705078
2023-01-12,85.04456329345703
2023-01-13,85.44688415527344
2023-01-17,84.87213897705078
2023-01-18,83.06165313720703
2023-01-19,82.32406616210938
2023-01-20,83.57894134521484
2023-01-23,85.2265853881836
2023-01-24,85.92586517333984
2023-01-25,85.86837768554688
2023-01-26,86.05039978027344
2023-01-27,85.2457275390625
2023-01-30,83.67472839355469
2023-01-31,84.73802185058594
2023-02-01,86.2611312866211
2023-02-02,85.61930847167969
2023-02-03,85.84923553466797
2023-02-06,84.80509185791016
2023-02-07,84.04832458496094
2023-02-08,83.04249572753906
2023-02-09,83.00418853759766
2023-02-10,83.47357177734375
2023-02-13,85.65763854980469
2023-02-14,85.3415298461914
2023-02-15,84.6230697631836
2023-02-16,84.0291748046875
2023-02-17,83.6076889038086
2023-02-21,82.5731201171875
2023-02-22,82.68807220458984
2023-02-23,84.85297393798828
2023-02-24,84.92959594726562
2023-02-27,84.25907135009766
2023-02-28,83.7226333618164
2023-03-01,82.70722198486328
2023-03-02,83.31071472167969
2023-03-03,85.49478912353516
2023-03-06,85.96415710449219
2023-03-07,84.64222717285156
2023-03-08,84.76676940917969
2023-03-09,83.21492004394531
2023-03-10,80.53272247314453
2023-03-13,81.35653686523438
2023-03-14,81.00212860107422
2023-03-15,79.48860931396484
2023-03-16,81.25118255615234
2023-03-17,81.67266845703125
2023-03-20,83.30113220214844
2023-03-21,83.89505767822266
2023-03-22,84.20159149169922
2023-03-23,84.08663940429688
2023-03-24,84.30696868896484
2023-03-27,86.34734344482422
2023-03-28,86.06954193115234
2023-03-29,86.80714416503906
2023-03-30,86.70178985595703
2023-03-31,89.01036071777344
2023-04-03,89.96829223632812
2023-04-04,90.04491424560547
2023-04-05,90.8974838256836
2023-04-06,91.88414764404297
2023-04-10,90.19114685058594
2023-04-11,90.39314270019531
2023-04-12,90.32579803466797
2023-04-13,91.91300964355469
2023-04-14,92.06690979003906
2023-04-17,91.95148468017578
2023-04-18,92.7979736328125
2023-04-19,92.16310119628906
2023-04-20,91.22039794921875
2023-04-21,91.5282211303711
2023-04-24,91.80717468261719
2023-04-25,90.47972106933594
2023-04-26,90.14305114746094
2023-04-27,91.42241668701172
2023-04-28,91.11459350585938
2023-05-01,91.25889587402344
2023-05-02,91.19155883789062
2023-05-03,91.17230224609375
2023-05-04,91.35507202148438
2023-05-05,93.2789535522461
2023-05-08,93.1058120727539
2023-05-09,92.48054504394531
2023-05-10,93.80801391601562
2023-05-11,93.7310562133789
2023-05-12,94.12544250488281
2023-05-15,93.55791473388672
2023-05-16,94.51023864746094
2023-05-17,95.97237396240234
2023-05-18,98.44454956054688
2023-05-19,98.92550659179688
2023-05-22,97.89623260498047
2023-05-23,94.7891845703125
2023-05-24,94.57756805419922
2023-05-25,100.32034301757812
2023-05-26,100.11833190917969
2023-05-30,101.1475830078125
2023-05-31,101.90752410888672
2023-06-01,101.95561218261719
2023-06-02,101.85942077636719
2023-06-05,102.85984802246094
2023-06-06,103.02336120605469
2023-06-07,101.24378967285156
2023-06-08,103.3888931274414
2023-06-09,105.66868591308594
2023-06-12,111.99822235107422
2023-06-13,112.23872375488281
2023-06-14,117.61593627929688
2023-06-15,121.73301696777344
2023-06-16,120.68451690673828
2023-06-20,117.39469146728516
2023-06-21,117.45240020751953
2023-06-22,115.9902572631836
2023-06-23,114.12410736083984
2023-06-26,112.33489990234375
2023-06-27,113.35456848144531
2023-06-28,112.09442901611328
2023-06-29,113.29684448242188
2023-06-30,114.55697631835938
2023-07-03,112.69081115722656
2023-07-05,111.5461196899414
2023-07-06,111.0555191040039
2023-07-07,110.24751281738281
2023-07-10,110.0262680053711
2023-07-11,110.8950424194336
2023-07-12,111.99549102783203
2023-07-13,113.37589263916016
2023-07-14,115.13275909423828
2023-07-17,114.76595306396484
2023-07-18,116.58071899414062
2023-07-19,114.57289123535156
2023-07-20,111.8603515625
2023-07-21,113.56896209716797
2023-07-24,113.9743881225586
2023-07-25,113.85855102539062
2023-07-26,111.4935302734375
2023-07-27,112.36231994628906
2023-07-28,111.966552734375
2023-07-31,113.16352844238281
2023-08-01,113.81993103027344
2023-08-02,111.69624328613281
2023-08-03,110.57648468017578
2023-08-04,110.47030639648438
2023-08-07,112.07271575927734
2023-08-08,111.23290252685547
2023-08-09,109.17677307128906
2023-08-10,109.07060241699219
2023-08-11,109.13817596435547
2023-08-14,111.56110382080078
2023-08-15,113.2214584350586
2023-08-16,111.33907318115234
2023-08-17,110.8950424194336
2023-08-18,112.42024230957031
2023-08-21,112.54572296142578
2023-08-22,112.49745178222656
2023-08-23,113.75236511230469
2023-08-24,108.99337768554688
2023-08-25,112.03410339355469
2023-08-28,112.78704833984375
2023-08-29,116.46489715576172
2023-08-30,116.9186019897461
2023-08-31,116.21391296386719
2023-09-01,116.73517608642578
2023-09-05,119.67938995361328
2023-09-06,120.0172348022461
2023-09-07,120.75086975097656
2023-09-08,121.93821716308594
2023-09-11,122.31468963623047
2023-09-12,105.80785369873047
2023-09-13,107.96048736572266
2023-09-14,109.71736145019531
2023-09-15,109.95870208740234
2023-09-18,108.31764221191406
2023-09-19,108.85823059082031
2023-09-20,108.95475769042969
2023-09-21,105.63409423828125
2023-09-22,105.24796295166016
2023-09-25,104.54330444335938
2023-09-26,101.24192810058594
2023-09-27,100.99093627929688
2023-09-28,102.46786499023438
2023-09-29,102.245849609375
2023-10-02,103.00843048095703
2023-10-03,100.8944091796875
2023-10-04,103.36561584472656
2023-10-05,104.591552734375
2023-10-06,106.14570617675781
2023-10-09,106.49321746826172
2023-10-10,105.90438079833984
2023-10-11,106.2240982055664
2023-10-12,105.71060943603516
2023-10-13,104.87740325927734
2023-10-16,105.32307434082031
2023-10-17,105.64279174804688
2023-10-18,104.87740325927734
2023-10-19,104.96460723876953
2023-10-20,98.67680358886719
2023-10-23,100.43040466308594
2023-10-24,99.9847183227539
2023-10-25,98.2698974609375
2023-10-26,97.27197265625
2023-10-27,97.84357452392578
2023-10-30,98.4830322265625
2023-10-31,100.17850494384766
2023-11-01,102.45528411865234
2023-11-02,103.5403823852539
2023-11-03,104.68362426757812
2023-11-06,105.71060943603516
2023-11-07,105.59435272216797
2023-11-08,108.83029174804688
2023-11-09,108.6849594116211
2023-11-10,109.5472412109375
2023-11-13,110.59358978271484
2023-11-14,112.48281860351562
2023-11-15,110.50637817382812
2023-11-16,111.09737396240234
2023-11-17,111.76588439941406
2023-11-20,113.27727508544922
2023-11-21,112.46346282958984
2023-11-22,112.61847686767578
2023-11-24,112.62815856933594
2023-11-27,112.84130096435547
2023-11-28,112.61847686767578
2023-11-29,112.58940124511719
2023-11-30,112.58940124511719
2023-12-01,113.50980377197266
2023-12-04,112.17279052734375
2023-12-05,110.96173858642578
2023-12-06,108.53962707519531
2023-12-07,109.35345458984375
2023-12-08,110.0704116821289
2023-12-11,111.54305267333984
2023-12-12,97.66920471191406
2023-12-13,99.78128051757812
2023-12-14,97.18478393554688
2023-12-15,100.10100555419922
2023-12-18,101.72864532470703
2023-12-19,102.93971252441406
2023-12-20,100.90514373779297
2023-12-21,102.5618667602539
2023-12-22,102.89127349853516
2023-12-26,102.88158416748047
2023-12-27,102.63937377929688
2023-12-28,102.93971252441406
2023-12-29,102.14527130126953
2024-01-02,100.81795501708984
2024-01-03,99.26779174804688
2024-01-04,99.39372253417969
2024-01-05,99.52938842773438
2024-01-08,101.39923858642578
2024-01-09,100.4013442993164
2024-01-10,101.07243347167969
2024-01-11,101.89913940429688
2024-01-12,103.67900848388672
2024-01-16,103.64981842041016
2024-01-17,103.5136489868164
2024-01-18,105.721435546875
2024-01-19,106.66486358642578
2024-01-22,107.08308410644531
2024-01-23,108.76569366455078
2024-01-24,111.17772674560547
2024-01-25,111.84881591796875
2024-01-26,111.49868774414062
2024-01-29,110.6330795288086
2024-01-30,111.0318374633789
2024-01-31,108.63924407958984
2024-02-01,112.36429595947266
2024-02-02,112.61717224121094
2024-02-05,113.20074462890625
2024-02-06,112.14061737060547
2024-02-07,114.05662536621094
2024-02-08,113.4827880859375
2024-02-09,113.44389343261719
2024-02-12,112.66580200195312
2024-02-13,110.56500244140625
2024-02-14,111.12909698486328
2024-02-15,109.68965911865234
2024-02-16,108.25993347167969
2024-02-20,105.47828674316406
2024-02-21,105.19625091552734
2024-02-22,107.96815490722656
2024-02-23,108.88240814208984
2024-02-26,107.92925262451172
2024-02-27,108.32801055908203
2024-02-28,108.61980438232422
2024-02-29,108.61980438232422
2024-03-01,110.6622543334961
2024-03-04,110.93457794189453
2024-03-05,107.90007019042969
2024-03-06,109.1936264038086
2024-03-07,111.40142059326172
2024-03-08,109.33952331542969
2024-03-11,111.00267791748047
2024-03-12,124.04521179199219
2024-03-13,122.08055877685547
2024-03-14,122.09028625488281
2024-03-15,122.10001373291016
2024-03-18,124.29808044433594
2024-03-19,125.6500015258789
2024-03-20,125.69864654541016
2024-03-21,125.47492218017578
2024-03-22,124.28836059570312
2024-03-25,122.6252212524414
2024-03-26,123.00453186035156
2024-03-27,121.83740997314453
2024-03-28,122.16809844970703
2024-04-01,122.04164123535156
2024-04-02,120.93287658691406
2024-04-03,122.78082275390625
2024-04-04,120.78700256347656
2024-04-05,121.47755432128906
2024-04-08,120.942626953125
2024-04-09,120.2400894165039
2024-04-10,118.79598999023438
2024-04-11,120.24983978271484
2024-04-12,118.1715316772461
2024-04-15,116.97137451171875
2024-04-16,117.69341278076172
2024-04-17,115.79072570800781
2024-04-18,113.18550872802734
2024-04-19,112.09268188476562
2024-04-22,111.75117492675781
2024-04-23,112.2975845336914
2024-04-24,112.54151153564453
2024-04-25,112.1024398803711
2024-04-26,114.36614227294922
2024-04-29,113.66362762451172
2024-04-30,110.99010467529297
2024-05-01,111.8487548828125
2024-05-02,112.17074584960938
2024-05-03,112.99036407470703
2024-05-06,115.4687271118164
2024-05-07,115.06868743896484
2024-05-08,114.54178619384766
2024-05-09,113.80998229980469
2024-05-10,113.8392562866211
2024-05-13,113.5465316772461
2024-05-14,117.9373550415039
2024-05-15,118.67890930175781
2024-05-16,119.19605255126953
2024-05-17,120.50353240966797
2024-05-20,121.49878692626953
2024-05-21,121.60612487792969
2024-05-22,121.57684326171875
2024-05-23,121.07921600341797
2024-05-24,119.92786407470703
2024-05-28,121.46952056884766
2024-05-29,120.73770904541016
2024-05-30,114.24906158447266
2024-05-31,114.34663391113281
2024-06-03,116.38591766357422
2024-06-04,117.1567611694336
2024-06-05,119.65463256835938
2024-06-06,120.50353240966797
2024-06-07,122.86483001708984
2024-06-10,121.47927856445312
2024-06-11,120.87431335449219
2024-06-12,136.9739990234375
2024-06-13,136.4568328857422
2024-06-14,134.77859497070312
2024-06-17,137.8814239501953
2024-06-18,141.13063049316406
2024-06-20,139.4425811767578
2024-06-21,138.06680297851562
2024-06-24,136.49586486816406
2024-06-25,135.79331970214844
2024-06-26,134.87612915039062
2024-06-27,136.77883911132812
2024-06-28,137.77407836914062
2024-07-01,139.6182403564453
2024-07-02,139.80361938476562
2024-07-03,140.87692260742188
2024-07-05,141.31600952148438
2024-07-08,141.5111541748047
2024-07-09,137.26669311523438
2024-07-10,138.62298583984375
2024-07-11,139.68954467773438
2024-07-12,141.65631103515625
2024-07-15,139.99285888671875
2024-07-16,139.5427703857422
2024-07-17,136.26478576660156
2024-07-18,135.06124877929688
2024-07-19,135.57986450195312
2024-07-22,137.15524291992188
2024-07-23,140.03201293945312
2024-07-24,135.78533935546875
2024-07-25,134.85577392578125
2024-07-26,136.02017211914062
2024-07-29,135.33523559570312
2024-07-30,132.75201416015625
2024-07-31,136.4507293701172
2024-08-01,134.55242919921875
2024-08-02,130.41342163085938
2024-08-05,125.1100082397461
2024-08-06,125.45248413085938
2024-08-07,123.1921615600586
2024-08-08,126.18635559082031
2024-08-09,129.21966552734375
2024-08-12,129.72848510742188
2024-08-13,131.37234497070312
2024-08-14,132.68353271484375
2024-08-15,133.98492431640625
2024-08-16,134.51332092285156
2024-08-19,134.95364379882812
2024-08-20,136.1767578125
2024-08-21,137.18458557128906
2024-08-22,135.11016845703125
2024-08-23,136.19630432128906
2024-08-26,135.91256713867188
2024-08-27,135.5015869140625
2024-08-28,134.9145050048828
2024-08-29,136.4213409423828
2024-08-30,138.2511444091797
2024-09-03,136.4996337890625
2024-09-04,137.72276306152344
2024-09-05,139.5427703857422
2024-09-06,138.75994873046875
2024-09-09,136.8812713623047
2024-09-10,152.53713989257812
2024-09-11,153.79937744140625
2024-09-12,157.90904235839844
2024-09-13,158.54507446289062
2024-09-16,166.66656494140625
2024-09-17,163.86805725097656
2024-09-18,160.99130249023438
2024-09-19,163.98550415039062
2024-09-20,164.38670349121094
2024-09-23,162.3807373046875
2024-09-24,162.2340087890625
2024-09-25,162.7036895751953
2024-09-26,164.48455810546875
2024-09-27,165.1107635498047
2024-09-30,166.73504638671875
2024-10-01,163.56472778320312
2024-10-02,164.1029052734375
2024-10-03,163.2711944580078
2024-10-04,167.1851348876953
2024-10-07,166.31431579589844
2024-10-08,170.61965942382812
2024-10-09,174.45535278320312
2024-10-10,172.02325439453125
2024-10-11,172.3762969970703
2024-10-14,172.71951293945312
2024-10-15,170.7287139892578
2024-10-16,171.3955841064453
2024-10-17,172.28802490234375
2024-10-18,171.317138671875
2024-10-21,170.4050750732422
2024-10-22,171.9251708984375
2024-10-23,169.7578582763672
2024-10-24,171.01312255859375
2024-10-25,170.1697235107422
2024-10-28,169.09095764160156
2024-10-29,170.0814666748047
2024-10-30,171.18963623046875
2024-10-31,164.59939575195312
2024-11-01,166.7373046875
2024-11-04,166.3156280517578
2024-11-05,168.46331787109375
2024-11-06,177.74069213867188
2024-11-07,182.77162170410156
2024-11-08,185.5960235595703
2024-11-11,185.47833251953125
2024-11-12,185.91966247558594
2024-11-13,185.9686737060547
2024-11-14,183.43850708007812
2024-11-15,180.19239807128906
2024-11-18,182.14398193359375
2024-11-19,185.2527618408203
2024-11-20,187.0670623779297
2024-11-21,188.71461486816406
2024-11-22,188.5773162841797
2024-11-25,184.3603515625
2024-11-26,186.69439697265625
2024-11-27,179.17247009277344
2024-11-29,181.2711639404297
2024-12-02,177.9073944091797
2024-12-03,179.3588104248047
2024-12-04,184.55648803710938
2024-12-05,182.64414978027344
2024-12-06,187.98890686035156
2024-12-09,186.77285766601562
2024-12-10,174.30825805664062
2024-12-11,175.13201904296875
2024-12-12,171.9349822998047
2024-12-13,170.04225158691406
2024-12-16,167.9239501953125
2024-12-17,166.4333038330078
2024-12-18,162.21630859375
2024-12-19,165.53103637695312
2024-12-20,166.38427734375
2024-12-23,165.87429809570312
2024-12-24,168.10049438476562
2024-12-26,168.36524963378906
2024-12-27,165.69776916503906
2024-12-30,163.68736267089844
2024-12-31,163.4225616455078
2025-01-02,162.8243408203125
2025-01-03,163.10874938964844
2025-01-06,162.49090576171875
2025-01-07,158.9015655517578
2025-01-08,159.99014282226562
2025-01-10,151.88938903808594
2025-01-13,151.31918334960938
2025-01-14,153.66879272460938
2025-01-15,155.635009765625
2025-01-16,156.84420776367188
2025-01-17,158.3090362548828
2025-01-21,169.654052734375
2025-01-22,181.10719299316406
2025-01-23,183.3191680908203
2025-01-24,180.4976806640625
2025-01-27,155.60549926757812
2025-01-28,161.22885131835938
2025-01-29,159.28231811523438
2025-01-30,167.5010528564453
2025-01-31,167.1864471435547
2025-02-03,165.75112915039062
2025-02-04,165.05311584472656
2025-02-05,168.75941467285156
2025-02-06,169.43775939941406
2025-02-07,171.51211547851562
2025-02-10,175.89674377441406
2025-02-11,174.1959991455078
2025-02-12,169.30996704101562
2025-02-13,170.9222412109375
2025-02-14,171.21719360351562
2025-02-18,176.76187133789062
2025-02-19,178.45281982421875
2025-02-20,173.0260772705078
2025-02-21,164.9744873046875
2025-02-24,167.08815002441406
2025-02-25,165.692138671875
2025-02-26,169.55572509765625
2025-02-27,161.97601318359375
2025-02-28,163.25404357910156
2025-03-03,159.28231811523438
2025-03-04,154.80918884277344
2025-03-05,158.83006286621094
2025-03-06,148.38954162597656
2025-03-07,152.53823852539062
2025-03-10,146.2758331298828
2025-03-11,141.74374389648438
2025-03-12,148.3403778076172
2025-03-13,145.1649627685547
2025-03-14,146.7477569580078
2025-03-17,151.40765380859375
2025-03-18,146.92469787597656
2025-03-19,149.87400817871094
2025-03-20,150.1394500732422
2025-03-21,149.65774536132812
2025-03-24,152.25311279296875
2025-03-25,151.32901000976562
2025-03-26,145.30259704589844
2025-03-27,143.3167266845703
2025-03-28,138.4897003173828
2025-03-31,137.44760131835938
2025-04-01,139.54161071777344
2025-04-02,143.39537048339844
2025-04-03,134.91119384765625
2025-04-04,126.10259246826172
2025-04-07,125.01134490966797
2025-04-08,122.39629364013672
2025-04-09,137.32962036132812
2025-04-10,131.5677032470703
2025-04-11,130.5810546875
2025-04-14,132.84043884277344
2025-04-15,132.14981079101562
2025-04-16,128.025634765625
2025-04-17,126.90090942382812
2025-04-21,121.17842102050781
2025-04-22,125.53935241699219
2025-04-23,129.64376831054688
2025-04-24,135.67205810546875
2025-04-25,136.6389923095703
2025-04-28,138.2669219970703
2025-04-29,138.9082489013672
2025-04-30,138.83917236328125
2025-05-01,143.54544067382812
2025-05-02,148.7153778076172
2025-05-05,147.2946319580078
2025-05-06,145.7258758544922
2025-05-07,147.37355041503906
2025-05-08,148.2911376953125
2025-05-09,148.33059692382812
2025-05-12,155.11863708496094
2025-05-13,160.1011505126953
2025-05-14,160.7720489501953
2025-05-15,157.26950073242188
2025-05-16,158.34494018554688
2025-05-19,157.50628662109375
2025-05-20,158.16732788085938
2025-05-21,155.07916259765625
2025-05-22,155.20742797851562
2025-05-23,153.88536071777344
2025-05-27,159.74595642089844
2025-05-28,161.6600341796875
2025-05-29,160.72271728515625
2025-05-30,163.3175811767578
2025-06-02,164.3436737060547
2025-06-03,166.8793182373047
2025-06-04,165.85324096679688
2025-06-05,168.8525848388672
2025-06-06,171.694091796875
2025-06-09,174.7822723388672
2025-06-10,175.10784912109375
2025-06-11,174.02255249023438
2025-06-12,197.188720703125
2025-06-13,212.34344482421875
2025-06-16,208.2784881591797
2025-06-17,205.39752197265625
2025-06-18,208.0515594482422
2025-06-20,202.42774963378906
2025-06-23,204.2727508544922
2025-06-24,212.3927764892578
2025-06-25,207.90357971191406
2025-06-26,209.9755096435547
2025-06-27,207.42999267578125
2025-06-30,215.70785522460938
2025-07-01,216.033447265625
2025-07-02,226.90615844726562
2025-07-03,234.14805603027344
2025-07-07,229.15567016601562
2025-07-08,231.36573791503906
2025-07-09,232.6582489013672
2025-07-10,232.3517303466797
2025-07-11,227.96176147460938
2025-07-14,226.69619750976562
2025-07-15,232.31219482421875
2025-07-16,238.5807342529297
2025-07-17,245.94677734375
2025-07-18,242.68397521972656
2025-07-21,240.7954864501953
2025-07-22,235.4266815185547
2025-07-23,239.17398071289062
2025-07-24,240.09349060058594
2025-07-25,242.35768127441406
2025-07-28,244.91848754882812
2025-07-29,247.16290283203125
2025-07-30,247.77593994140625
2025-07-31,250.9102020263672
2025-08-01,241.66558837890625
2025-08-04,249.68418884277344
2025-08-05,252.78880310058594
2025-08-06,253.5402069091797
2025-08-07,246.57955932617188
2025-08-08,247.23214721679688
2025-08-11,249.83248901367188
2025-08-12,250.99920654296875
2025-08-13,241.4282684326172
2025-08-14,242.19949340820312
2025-08-15,245.48207092285156
2025-08-18,246.26319885253906
2025-08-19,231.9759979248047
2025-08-20,232.41104125976562
2025-08-21,230.532470703125
2025-08-22,233.706298828125
2025-08-25,232.7571258544922
2025-08-26,231.5706329345703
2025-08-27,233.15260314941406
2025-08-28,237.61178588867188
2025-08-29,223.58169555664062
2025-09-02,222.76104736328125
2025-09-03,220.931884765625
2025-09-04,220.4869842529297
2025-09-05,230.17652893066406
2025-09-08,235.7925262451172
2025-09-09,238.78836059570312
2025-09-10,324.6299743652344
2025-09-11,304.3906555175781
2025-09-12,288.8873291015625
2025-09-15,298.7351379394531
2025-09-16,303.19427490234375
2025-09-17,298.0133361816406
2025-09-18,293.2773132324219
2025-09-19,305.1816711425781
2025-09-22,324.4519958496094
2025-09-23,310.2933654785156
2025-09-24,304.98388671875
2025-09-25,288.0469055175781
2025-09-26,280.2655944824219
2025-09-29,279.57354736328125
2025-09-30,278.07061767578125
2025-10-01,285.7530822753906
2025-10-02,285.525634765625
2025-10-03,282.9154357910156
2025-10-06,288.30401611328125
2025-10-07,281.0368347167969
2025-10-08,285.3773498535156
2025-10-09,294.12298583984375
2025-10-10,290.1612243652344
2025-10-13,305.0674743652344
2025-10-14,296.1435241699219
2025-10-15,300.7193603515625
2025-10-16,310.009765625
2025-10-17,288.5270080566406
2025-10-20,274.531982421875
2025-10-21,272.5213928222656
2025-10-22,270.05517578125
2025-10-23,277.3943786621094
2025-10-24,280.6231994628906
2025-10-27,278.711669921875
2025-10-28,278.1471252441406
2025-10-29,272.6699523925781
2025-10-30,254.43582153320312
2025-10-31,260.1011657714844
2025-11-03,255.38665771484375
2025-11-04,245.7991180419922
2025-11-05,247.91867065429688
2025-11-06,241.4708709716797
2025-11-07,236.97422790527344
2025-11-10,238.5292510986328
2025-11-11,233.8939666748047
2025-11-12,224.82147216796875
2025-11-13,215.491455078125
2025-11-14,220.7210235595703
2025-11-17,217.75958251953125
2025-11-18,218.38356018066406
2025-11-19,223.37542724609375
2025-11-20,208.6772003173828
2025-11-21,196.8611602783203
2025-11-24,198.36663818359375
2025-11-25,195.14768981933594
2025-11-26,203.00193786621094
2025-11-28,200.02069091796875
2025-12-01,199.0203399658203
2025-12-02,199.17881774902344
2025-12-03,205.74546813964844
2025-12-04,212.2824249267578
2025-12-05,215.50135803222656
2025-12-08,218.43309020996094
2025-12-09,219.41363525390625
2025-12-10,220.87948608398438
2025-12-11,196.95030212402344
2025-12-12,188.15513610839844
2025-12-15,183.1533660888672
2025-12-16,186.84774780273438
2025-12-17,176.75509643554688
2025-12-18,178.3101043701172
2025-12-19,190.13601684570312
2025-12-22,196.48480224609375
2025-12-23,193.4738311767578
2025-12-24,195.60330200195312
2025-12-26,196.09852600097656
2025-12-29,193.51345825195312
2025-12-30,195.3259735107422
2025-12-31,193.04794311523438
2026-01-02,193.84030151367188
2026-01-05,190.75009155273438
2026-01-06,191.89903259277344
2026-01-07,190.99771118164062
2026-01-08,187.8381805419922
2026-01-09,197.14321899414062
2026-01-12,203.26048278808594
2026-01-13,200.88705444335938
2026-01-14,192.26727294921875
2026-01-15,188.53334045410156
2026-01-16,189.76473999023438
2026-01-20,178.6721954345703
2026-01-21,172.67410278320312
2026-01-22,176.9442596435547
2026-01-23,175.9313507080078
2026-01-26,181.17474365234375
2026-01-27,173.68701171875
2026-01-28,171.60157775878906
2026-01-29,167.83786010742188
2026-01-30,163.43858337402344
2026-02-02,158.94993591308594
2026-02-03,153.59732055664062
2026-02-04,145.65280151367188
2026-02-05,135.53347778320312
2026-02-06,141.8295135498047
2026-02-09,155.50399780273438
2026-02-10,158.78111267089844
2026-02-11,156.07005310058594
2026-02-12,155.39476013183594
2026-02-13,159.02938842773438
2026-02-17,152.9021759033203
2026-02-18,155.08692932128906
2026-02-19,155.454345703125
2026-02-20,147.0530242919922
2026-02-23,140.32997131347656
2026-02-24,145.12648010253906
2026-02-25,146.8643341064453
2026-02-26,149.26754760742188
2026-02-27,144.3916015625
2026-03-02,148.21490478515625
2026-03-03,147.97657775878906
2026-03-04,151.31326293945312
2026-03-05,153.7164764404297
2026-03-06,151.89918518066406
2026-03-09,150.50888061523438
2026-03-10,148.36386108398438
2026-03-11,161.98870849609375
2026-03-12,158.0561981201172
2026-03-13,154.03427124023438
2026-03-16,154.8883056640625
2026-03-17,153.6171875
2026-03-18,151.83958435058594
2026-03-19,154.44143676757812
2026-03-20,148.6419219970703
2026-03-23,153.2696075439453
2026-03-24,146.06988525390625
2026-03-25,145.00732421875
2026-03-26,141.81956481933594
2026-03-27,138.69142150878906
2026-03-30,137.83738708496094
2026-03-31,146.08975219726562
2026-04-01,144.22279357910156
2026-04-02,145.3648223876953
2026-04-06,144.53062438964844
2026-04-07,142.1770782470703
2026-04-08,142.66368103027344
2026-04-09,137.38204956054688
2026-04-10,137.6112518310547
2026-04-13,155.08047485351562
2026-04-14,162.4348907470703
2026-04-15,169.22128295898438
2026-04-16,177.72171020507812
2026-04-17,174.4530792236328
2026-04-20,176.96435546875
2026-04-21,180.54190063476562
2026-04-22,186.84996032714844
2026-04-23,175.66885375976562
2026-04-24,172.67926025390625
2026-04-27,172.36036682128906
2026-04-28,165.3846435546875
2026-04-29,163.26202392578125
2026-04-30,160.83047485351562
2026-05-01,171.23428344726562
2026-05-04,179.66494750976562
2026-05-05,184.70741271972656
2026-05-06,193.35731506347656
2026-05-07,193.91537475585938
2026-05-08,195.27066040039062
2026-05-11,193.16796875
2026-05-12,186.18228149414062
2026-05-13,189.10211181640625
2026-05-14,194.9318389892578
2026-05-15,192.2810516357422
2026-05-18,185.96304321289062
2026-05-19,180.83090209960938
2026-05-20,187.50767517089844
2026-05-21,189.11209106445312
2026-05-22,191.41407775878906
2026-05-26,192.3906707763672
2026-05-27,190.2979736328125
2026-05-28,202.99378967285156
2026-05-29,224.9972381591797
2026-06-01,247.28968811035156
2026-06-02,243.73207092285156
2026-06-03,229.53146362304688
2026-06-04,235.5206298828125
2026-06-05,212.93917846679688
2026-06-08,211.0856475830078
2026-06-09,205.0964813232422
2026-06-10,200.56224060058594
2026-06-11,183.4617462158203
2026-06-12,183.49163818359375
2026-06-15,191.97213745117188
2026-06-16,187.6770782470703
2026-06-17,182.8937225341797
2026-06-18,183.6510772705078
2026-06-22,174.4630584716797
2026-06-23,164.58740234375
2026-06-24,156.98385620117188
2026-06-25,151.9314422607422
2026-06-26,148.0150604248047
2026-06-29,147.2477264404297
2026-06-30,146.04193115234375
2026-07-01,142.00596618652344
2026-07-02,139.78370666503906
2026-07-06,143.2615966796875
2026-07-07,141.1090850830078
2026-07-08,140.00294494628906
2026-07-09,143.72000122070312
2026-07-10,140.63999938964844
2026-07-13,131.5399932861328
2026-07-14,127.94000244140625
2026-07-15,132.49000549316406
2026-07-16,124.20999908447266
2026-07-17,126.41000366210938
2026-07-20,121.37999725341797
2026-07-21,127.05000305175781
2026-07-22,125.83999633789062
2026-07-23,120.04000091552734
2026-07-24,114.98999786376953
2026-07-27,119.9000015258789
2026-07-28,119.95999908447266
2026-07-29,117.73999786376953
2026-07-30,127.55999755859375
2026-07-31,129.8699951171875
2026-08-03,141.85000610351562
2026-08-04,145.74000549316406
2026-08-05,144.38999938964844
2026-08-06,143.47000122070312
2026-08-07,147.02000427246094
2026-08-10,151.0500030517578
2026-08-11,145.47999572753906
2026-08-12,153.27999877929688
2026-08-13,156.22000122070312
2026-08-14,150.52000427246094
2026-08-17,146.64999389648438
2026-08-18,142.7899932861328
2026-08-19,143.80999755859375
2026-08-20,142.07000732421875
2026-08-21,146.47000122070312
2026-08-24,142.4499969482422
2026-08-25,144.75999450683594
2026-08-26,148.8699951171875
2026-08-27,151.94000244140625
2026-08-28,150.85000610351562
2026-08-31,149.1199951171875
2026-09-01,141.32000732421875
2026-09-02,145.75
2026-09-03,154.0399932861328
2026-09-04,158.77999877929688
2026-09-08,162.52000427246094
2026-09-09,161.6300048828125
2026-09-10,152.94000244140625
2026-09-11,150.27999877929688
2026-09-14,144.7899932861328
2026-09-15,140.35000610351562
2026-09-16,143.16000366210938
2026-09-17,150.58999633789062
2026-09-18,147.61000061035156
2026-09-21,148.55999755859375
2026-09-22,149.1999969482422
2026-09-23,144.55999755859375
2026-09-24,139.5399932861328
2026-09-25,137.10000610351562
2026-09-28,132.60000610351562
2026-09-29,137.7899932861328
