date,value
2004-01-30,8.919021606445312
2004-02-02,8.984089851379395
2004-02-03,8.94793701171875
2004-02-04,8.848538398742676
2004-02-05,8.872031211853027
2004-02-06,9.025651931762695
2004-02-09,9.040111541748047
2004-02-10,9.061799049377441
2004-02-11,9.163009643554688
2004-02-12,9.152167320251465
2004-02-13,9.058186531066895
2004-02-17,9.188312530517578
2004-02-18,9.126864433288574
2004-02-19,9.090717315673828
2004-02-20,9.03650188446045
2004-02-23,8.962397575378418
2004-02-24,8.946136474609375
2004-02-25,9.025651931762695
2004-02-26,9.076261520385742
2004-02-27,9.157584190368652
2004-03-01,9.253376960754395
2004-03-02,9.2172269821167
2004-03-03,9.193731307983398
2004-03-04,9.253376960754395
2004-03-05,9.302172660827637
2004-03-08,9.17204761505127
2004-03-09,9.097947120666504
2004-03-10,8.93709659576416
2004-03-11,8.841307640075684
2004-03-12,8.949752807617188
2004-03-15,8.837695121765137
2004-03-16,8.868413925170898
2004-03-17,9.007580757141113
2004-03-18,8.946136474609375
2004-03-19,8.919021606445312
2004-03-22,8.774441719055176
2004-03-23,8.797930717468262
2004-03-24,8.73648738861084
2004-03-25,8.891913414001465
2004-03-26,8.931675910949707
2004-03-29,9.005775451660156
2004-03-30,9.094328880310059
2004-03-31,9.134093284606934
2004-04-01,9.152167320251465
2004-04-02,9.244341850280762
2004-04-05,9.253376960754395
2004-04-06,9.226263046264648
2004-04-07,9.200958251953125
2004-04-08,9.193731307983398
2004-04-12,9.193731307983398
2004-04-13,9.047340393066406
2004-04-14,9.009387969970703
2004-04-15,9.002161979675293
2004-04-16,9.040111541748047
2004-04-19,9.005775451660156
2004-04-20,8.949752807617188
2004-04-21,8.989506721496582
2004-04-22,9.141324043273926
2004-04-23,9.128669738769531
2004-04-26,9.117826461791992
2004-04-27,9.094328880310059
2004-04-28,8.969629287719727
2004-04-29,8.812394142150879
2004-04-30,8.745519638061523
2004-05-03,8.801548957824707
2004-05-04,8.844925880432129
2004-05-05,8.884683609008789
2004-05-06,8.76359748840332
2004-05-07,8.655162811279297
2004-05-10,8.469006538391113
2004-05-11,8.577444076538086
2004-05-12,8.606358528137207
2004-05-13,8.613588333129883
2004-05-14,8.62804889678955
2004-05-17,8.481658935546875
2004-05-18,8.555754661560059
2004-05-19,8.608170509338379
2004-05-20,8.5485258102417
2004-05-21,8.590096473693848
2004-05-24,8.662388801574707
2004-05-25,8.819622039794922
2004-05-26,8.862998962402344
2004-05-27,8.906371116638184
2004-05-28,8.971437454223633
2004-06-01,8.955167770385742
2004-06-02,9.000356674194336
2004-06-03,8.920829772949219
2004-06-04,8.97504997253418
2004-06-07,9.069032669067383
2004-06-08,9.083487510681152
2004-06-09,9.013002395629883
2004-06-10,9.009387969970703
2004-06-14,8.919021606445312
2004-06-15,8.976858139038086
2004-06-16,8.976858139038086
2004-06-17,8.991315841674805
2004-06-18,9.022041320800781
2004-06-21,9.018424034118652
2004-06-22,9.058186531066895
2004-06-23,9.123246192932129
2004-06-24,9.181081771850586
2004-06-25,9.148551940917969
2004-06-28,9.164816856384277
2004-06-29,9.164816856384277
2004-06-30,9.150362014770508
2004-07-01,9.117826461791992
2004-07-02,9.083487510681152
2004-07-06,8.978662490844727
2004-07-07,8.97504997253418
2004-07-08,8.90095329284668
2004-07-09,8.884683609008789
2004-07-12,8.90095329284668
2004-07-13,8.90095329284668
2004-07-14,8.873841285705566
2004-07-15,8.919021606445312
2004-07-16,8.870227813720703
2004-07-19,8.862998962402344
2004-07-20,8.906371116638184
2004-07-21,8.756365776062012
2004-07-22,8.741910934448242
2004-07-23,8.691305160522461
2004-07-26,8.59913444519043
2004-07-27,8.649737358093262
2004-07-28,8.584671974182129
2004-07-29,8.778055191040039
2004-07-30,8.796127319335938
2004-08-02,8.796127319335938
2004-08-03,8.73648738861084
2004-08-04,8.70576286315918
2004-08-05,8.568408966064453
2004-08-06,8.412982940673828
2004-08-09,8.427438735961914
2004-08-10,8.499728202819824
2004-08-11,8.470813751220703
2004-08-12,8.382253646850586
2004-08-13,8.365987777709961
2004-08-16,8.422019958496094
2004-08-17,8.56660270690918
2004-08-18,8.682269096374512
2004-08-19,8.62804889678955
2004-08-20,8.73648738861084
2004-08-23,8.712990760803223
2004-08-24,8.698533058166504
2004-08-25,8.776248931884766
2004-08-26,8.794320106506348
2004-08-27,8.835887908935547
2004-08-30,8.778055191040039
2004-08-31,8.740100860595703
2004-09-01,8.832275390625
2004-09-02,8.924448013305664
2004-09-03,8.906371116638184
2004-09-07,8.962397575378418
2004-09-08,8.920829772949219
2004-09-09,8.956975936889648
2004-09-10,9.005775451660156
2004-09-13,9.032885551452637
2004-09-14,9.052763938903809
2004-09-15,8.996739387512207
2004-09-16,9.05095386505127
2004-09-17,9.079875946044922
2004-09-20,9.056379318237305
2004-09-21,9.125056266784668
2004-09-22,9.038304328918457
2004-09-23,9.025651931762695
2004-09-24,9.034692764282227
2004-09-27,8.991315841674805
2004-09-28,9.027462005615234
2004-09-29,9.059988021850586
2004-09-30,9.10878849029541
2004-10-01,9.253376960754395
2004-10-04,9.323862075805664
2004-10-05,9.278677940368652
2004-10-06,9.314821243286133
2004-10-07,9.253376960754395
2004-10-08,9.186507225036621
2004-10-11,9.181081771850586
2004-10-12,9.139513969421387
2004-10-13,9.090717315673828
2004-10-14,9.05095386505127
2004-10-15,9.092525482177734
2004-10-18,9.117826461791992
2004-10-19,9.119636535644531
2004-10-20,9.092525482177734
2004-10-21,9.184694290161133
2004-10-22,9.119636535644531
2004-10-25,9.1431303024292
2004-10-26,9.244341850280762
2004-10-27,9.34373950958252
2004-10-28,9.370848655700684
2004-10-29,9.37626838684082
2004-11-01,9.394344329833984
2004-11-02,9.403375625610352
2004-11-03,9.506397247314453
2004-11-04,9.654596328735352
2004-11-05,9.687128067016602
2004-11-08,9.66905689239502
2004-11-09,9.696166038513184
2004-11-10,9.71242904663086
2004-11-11,9.799177169799805
2004-11-12,9.913037300109863
2004-11-15,9.91665267944336
2004-11-16,9.878701210021973
2004-11-17,9.903998374938965
2004-11-18,9.952802658081055
2004-11-19,9.862434387207031
2004-11-22,9.94918441772461
2004-11-23,9.990755081176758
2004-11-24,10.064851760864258
2004-11-26,10.10641860961914
2004-11-29,10.077505111694336
2004-11-30,10.059429168701172
2004-12-01,10.176902770996094
2004-12-02,10.133525848388672
2004-12-03,10.160639762878418
2004-12-06,10.157027244567871
2004-12-07,10.035932540893555
2004-12-08,10.048583984375
2004-12-09,10.120878219604492
2004-12-10,10.146178245544434
2004-12-13,10.21847152709961
2004-12-14,10.28714656829834
2004-12-15,10.33594799041748
2004-12-16,10.281726837158203
2004-12-17,10.303413391113281
2004-12-20,10.281726837158203
2004-12-21,10.361252784729004
2004-12-22,10.399202346801758
2004-12-23,10.406432151794434
2004-12-27,10.34813117980957
2004-12-28,10.417579650878906
2004-12-29,10.455961227416992
2004-12-30,10.476068496704102
2004-12-31,10.481545448303223
2005-01-03,10.313403129577637
2005-01-04,10.139777183532715
2005-01-05,10.037428855895996
2005-01-06,10.095913887023926
2005-01-07,10.084945678710938
2005-01-10,10.095913887023926
2005-01-11,10.046571731567383
2005-01-12,10.09226131439209
2005-01-13,10.130638122558594
2005-01-14,10.145256996154785
2005-01-18,10.238471031188965
2005-01-19,10.167193412780762
2005-01-20,10.101394653320312
2005-01-21,10.057535171508789
2005-01-24,9.967982292175293
2005-01-25,9.988085746765137
2005-01-26,10.06484603881836
2005-01-27,10.09957218170166
2005-01-28,10.055706977844238
2005-01-31,10.181815147399902
2005-02-01,10.245782852172852
2005-02-02,10.309749603271484
2005-02-03,10.284163475036621
2005-02-04,10.439512252807617
2005-02-07,10.426717758178711
2005-02-08,10.434032440185547
2005-02-09,10.317059516906738
2005-02-10,10.371888160705566
2005-02-11,10.485204696655273
2005-02-14,10.485204696655273
2005-02-15,10.529068946838379
2005-02-16,10.53637981414795
2005-02-17,10.488859176635742
2005-02-18,10.499822616577148
2005-02-22,10.331679344177246
2005-02-23,10.395650863647461
2005-02-24,10.474242210388184
2005-02-25,10.596692085266113
2005-02-28,10.560134887695312
2005-03-01,10.62044906616211
2005-03-02,10.622276306152344
2005-03-03,10.644207954406738
2005-03-04,10.763008117675781
2005-03-07,10.814180374145508
2005-03-08,10.746553421020508
2005-03-09,10.618619918823242
2005-03-10,10.580242156982422
2005-03-11,10.57841682434082
2005-03-14,10.618619918823242
2005-03-15,10.596692085266113
2005-03-16,10.488859176635742
2005-03-17,10.541860580444336
2005-03-18,10.466926574707031
2005-03-21,10.455961227416992
2005-03-22,10.399301528930664
2005-03-23,10.335336685180664
2005-03-24,10.377372741699219
2005-03-28,10.357269287109375
2005-03-29,10.236645698547363
2005-03-30,10.375543594360352
2005-03-31,10.439512252807617
2005-04-01,10.435851097106934
2005-04-04,10.40661334991455
2005-04-05,10.44316577911377
2005-04-06,10.466926574707031
2005-04-07,10.519927978515625
2005-04-08,10.428544998168945
2005-04-11,10.428544998168945
2005-04-12,10.466926574707031
2005-04-13,10.324371337890625
2005-04-14,10.170848846435547
2005-04-15,9.95335578918457
2005-04-18,10.017328262329102
2005-04-19,10.136125564575195
2005-04-20,9.988085746765137
2005-04-21,10.167193412780762
2005-04-22,10.114187240600586
2005-04-25,10.227502822875977
2005-04-26,10.1123628616333
2005-04-27,10.110541343688965
2005-04-28,9.984432220458984
2005-04-29,10.055706977844238
2005-05-02,10.097746849060059
2005-05-03,10.081292152404785
2005-05-04,10.205574989318848
2005-05-05,10.220195770263672
2005-05-06,10.256746292114258
2005-05-09,10.33899211883545
2005-05-10,10.24760913848877
2005-05-11,10.282336235046387
2005-05-12,10.154398918151855
2005-05-13,10.083125114440918
2005-05-16,10.170848846435547
2005-05-17,10.282336235046387
2005-05-18,10.415751457214355
2005-05-19,10.470585823059082
2005-05-20,10.46509838104248
2005-05-23,10.530896186828613
2005-05-24,10.527240753173828
2005-05-25,10.474242210388184
2005-05-26,10.530896186828613
2005-05-27,10.58755111694336
2005-05-31,10.598520278930664
2005-06-01,10.671621322631836
2005-06-02,10.713659286499023
2005-06-03,10.68807315826416
2005-06-06,10.706352233886719
2005-06-07,10.70086669921875
2005-06-08,10.68259048461914
2005-06-09,10.75203800201416
2005-06-10,10.719143867492676
2005-06-13,10.753866195678711
2005-06-14,10.828800201416016
2005-06-15,10.869009971618652
2005-06-16,10.931151390075684
2005-06-17,10.985981941223145
2005-06-20,10.973186492919922
2005-06-21,10.931151390075684
2005-06-22,10.956737518310547
2005-06-23,10.889113426208496
2005-06-24,10.777627944946289
2005-06-27,10.805042266845703
2005-06-28,10.900078773498535
2005-06-29,10.936631202697754
2005-06-30,10.91652774810791
2005-07-01,10.934804916381836
2005-07-05,11.057254791259766
2005-07-06,11.029838562011719
2005-07-07,11.057254791259766
2005-07-08,11.192502975463867
2005-07-11,11.267435073852539
2005-07-12,11.294849395751953
2005-07-13,11.27474594116211
2005-07-14,11.24915885925293
2005-07-15,11.267435073852539
2005-07-18,11.24732780456543
2005-07-19,11.362472534179688
2005-07-20,11.43375015258789
2005-07-21,11.314949035644531
2005-07-22,11.408161163330078
2005-07-25,11.360641479492188
2005-07-26,11.399026870727539
2005-07-27,11.422789573669434
2005-07-28,11.526960372924805
2005-07-29,11.481268882751465
2005-08-01,11.50502872467041
2005-08-02,11.578137397766113
2005-08-03,11.550721168518066
2005-08-04,11.486757278442383
2005-08-05,11.34053897857666
2005-08-08,11.287540435791016
2005-08-09,11.338711738586426
2005-08-10,11.356990814208984
2005-08-11,11.406338691711426
2005-08-12,11.40450668334961
2005-08-15,11.43375015258789
2005-08-16,11.287540435791016
2005-08-17,11.28936767578125
2005-08-18,11.267435073852539
2005-08-19,11.303985595703125
2005-08-22,11.287540435791016
2005-08-23,11.293021202087402
2005-08-24,11.28388786315918
2005-08-25,11.303985595703125
2005-08-26,11.243677139282227
2005-08-29,11.302159309387207
2005-08-30,11.234540939331055
2005-08-31,11.439237594604492
2005-09-01,11.437403678894043
2005-09-02,11.38805866241455
2005-09-06,11.514167785644531
2005-09-07,11.570826530456543
2005-09-08,11.499543190002441
2005-09-09,11.627480506896973
2005-09-12,11.620171546936035
2005-09-13,11.528787612915039
2005-09-14,11.51051139831543
2005-09-15,11.50502872467041
2005-09-16,11.552547454833984
2005-09-19,11.483099937438965
2005-09-20,11.378920555114746
2005-09-21,11.27474594116211
2005-09-22,11.294849395751953
2005-09-23,11.338711738586426
2005-09-26,11.382576942443848
2005-09-27,11.38805866241455
2005-09-28,11.408161163330078
2005-09-29,11.506857872009277
2005-09-30,11.614689826965332
2005-10-03,11.642099380493164
2005-10-04,11.51051139831543
2005-10-05,11.265608787536621
2005-10-06,11.135848999023438
2005-10-07,11.203466415405273
2005-10-10,11.09381103515625
2005-10-11,11.042634963989258
2005-10-12,10.909220695495605
2005-10-13,10.83793830871582
2005-10-14,10.984149932861328
2005-10-17,11.042634963989258
2005-10-18,10.876317977905273
2005-10-19,11.026187896728516
2005-10-20,10.887286186218262
2005-10-21,10.985981941223145
2005-10-24,11.181541442871094
2005-10-25,11.148641586303711
2005-10-26,11.09381103515625
2005-10-27,10.872662544250488
2005-10-28,11.048116683959961
2005-10-31,11.212605476379395
2005-11-01,11.24732780456543
2005-11-02,11.397199630737305
2005-11-03,11.439237594604492
2005-11-04,11.430097579956055
2005-11-07,11.430097579956055
2005-11-08,11.377097129821777
2005-11-09,11.402684211730957
2005-11-10,11.472134590148926
2005-11-11,11.503202438354492
2005-11-14,11.534272193908691
2005-11-15,11.483099937438965
2005-11-16,11.528787612915039
2005-11-17,11.667691230773926
2005-11-18,11.715211868286133
2005-11-21,11.797454833984375
2005-11-22,11.861420631408691
2005-11-23,11.91076946258545
2005-11-25,11.932700157165527
2005-11-28,11.77552318572998
2005-11-29,11.812074661254883
2005-11-30,11.790144920349121
2005-12-01,11.993013381958008
2005-12-02,11.976564407348633
2005-12-05,11.941831588745117
2005-12-06,11.940009117126465
2005-12-07,11.896143913269043
2005-12-08,11.93818473815918
2005-12-09,11.98022174835205
2005-12-12,11.998494148254395
2005-12-13,12.044185638427734
2005-12-14,12.09536361694336
2005-12-15,12.071602821350098
2005-12-16,12.025911331176758
2005-12-19,11.881525993347168
2005-12-20,11.932700157165527
2005-12-21,12.007634162902832
2005-12-22,12.084393501281738
2005-12-23,12.104499816894531
2005-12-27,11.983041763305664
2005-12-28,12.031106948852539
2005-12-29,11.979344367980957
2005-12-30,11.944218635559082
2006-01-03,12.132781982421875
2006-01-04,12.240008354187012
2006-01-05,12.219670295715332
2006-01-06,12.350927352905273
2006-01-09,12.44890022277832
2006-01-10,12.489569664001465
2006-01-11,12.52285099029541
2006-01-12,12.452598571777344
2006-01-13,12.450753211975098
2006-01-17,12.41008186340332
2006-01-18,12.380499839782715
2006-01-19,12.52285099029541
2006-01-20,12.354619979858398
2006-01-23,12.374958992004395
2006-01-24,12.459997177124023
2006-01-25,12.397139549255371
2006-01-26,12.533940315246582
2006-01-27,12.591253280639648
2006-01-30,12.613435745239258
2006-01-31,12.591253280639648
2006-02-01,12.624527931213379
2006-02-02,12.484027862548828
2006-02-03,12.437810897827148
2006-02-06,12.506217002868652
2006-02-07,12.33983039855957
2006-02-08,12.417476654052734
2006-02-09,12.347223281860352
2006-02-10,12.336134910583496
2006-02-13,12.280674934387207
2006-02-14,12.33983039855957
2006-02-15,12.384200096130371
2006-02-16,12.50067138671875
2006-02-17,12.51175594329834
2006-02-21,12.508061408996582
2006-02-22,12.58200740814209
2006-02-23,12.56167221069336
2006-02-24,12.594949722290039
2006-02-27,12.576459884643555
2006-02-28,12.491418838500977
2006-03-01,12.62822437286377
2006-03-02,12.631924629211426
2006-03-03,12.570916175842285
2006-03-06,12.467390060424805
2006-03-07,12.360166549682617
2006-03-08,12.365713119506836
2006-03-09,12.317647933959961
2006-03-10,12.421174049377441
2006-03-13,12.469237327575684
2006-03-14,12.611586570739746
2006-03-15,12.698474884033203
2006-03-16,12.720657348632812
2006-03-17,12.77426528930664
2006-03-20,12.709566116333008
2006-03-21,12.615286827087402
2006-03-22,12.687382698059082
2006-03-23,12.71325969696045
2006-03-24,12.761326789855957
2006-03-27,12.755780220031738
2006-03-28,12.74284553527832
2006-03-29,12.89997673034668
2006-03-30,12.887035369873047
2006-03-31,12.881489753723145
2006-04-03,12.855607986450195
2006-04-04,12.903674125671387
2006-04-05,12.99610710144043
2006-04-06,13.00165843963623
2006-04-07,12.86115550994873
2006-04-10,12.86855411529541
2006-04-11,12.707718849182129
2006-04-12,12.728047370910645
2006-04-13,12.766873359680176
2006-04-17,12.77426528930664
2006-04-18,13.012747764587402
2006-04-19,13.101483345031738
2006-04-20,13.090385437011719
2006-04-21,13.07005500793457
2006-04-24,13.0460205078125
2006-04-25,13.021989822387695
2006-04-26,12.97207260131836
2006-04-27,12.92585563659668
2006-04-28,12.99610710144043
2006-05-01,12.985013961791992
2006-05-02,13.044169425964355
2006-05-03,13.0460205078125
2006-05-04,13.090385437011719
2006-05-05,13.223496437072754
2006-05-08,13.266020774841309
2006-05-09,13.238279342651367
2006-05-10,13.256763458251953
2006-05-11,13.095939636230469
2006-05-12,12.848217010498047
2006-05-15,12.794608116149902
2006-05-16,12.757630348205566
2006-05-17,12.496966361999512
2006-05-18,12.40638256072998
2006-05-19,12.458148956298828
2006-05-22,12.352770805358887
2006-05-23,12.284375190734863
2006-05-24,12.26773452758789
2006-05-25,12.445207595825195
2006-05-26,12.537640571594238
2006-05-30,12.341682434082031
2006-05-31,12.533940315246582
2006-06-01,12.67813777923584
2006-06-02,12.691081047058105
2006-06-05,12.432266235351562
2006-06-06,12.352770805358887
2006-06-07,12.245551109313965
2006-06-08,12.219670295715332
2006-06-09,12.221519470214844
2006-06-12,11.923881530761719
2006-06-13,11.742712020874023
2006-06-14,11.827752113342285
2006-06-15,12.191943168640137
2006-06-16,12.136478424072266
2006-06-19,11.970099449157715
2006-06-20,11.946066856384277
2006-06-21,12.156820297241211
2006-06-22,12.093957901000977
2006-06-23,12.156820297241211
2006-06-26,12.20488166809082
2006-06-27,12.086566925048828
2006-06-28,12.127237319946289
2006-06-29,12.447057723999023
2006-06-30,12.467390060424805
2006-07-03,12.587553024291992
2006-07-05,12.441509246826172
2006-07-06,12.450753211975098
2006-07-07,12.32689094543457
2006-07-10,12.295465469360352
2006-07-11,12.334284782409668
2006-07-12,12.230759620666504
2006-07-13,11.997828483581543
2006-07-14,11.91833782196045
2006-07-17,11.87027359008789
2006-07-18,11.859180450439453
2006-07-19,12.10875129699707
2006-07-20,11.90909481048584
2006-07-21,11.729772567749023
2006-07-24,12.003375053405762
2006-07-25,12.103204727172852
2006-07-26,12.10875129699707
2006-07-27,12.027410507202148
2006-07-28,12.164209365844727
2006-07-31,12.203033447265625
2006-08-01,12.119840621948242
2006-08-02,12.206725120544434
2006-08-03,12.273273468017578
2006-08-04,12.23445987701416
2006-08-07,12.1808500289917
2006-08-08,12.086566925048828
2006-08-09,11.999680519104004
2006-08-10,12.036653518676758
2006-08-11,11.971945762634277
2006-08-14,11.979344367980957
2006-08-15,12.184544563293457
2006-08-16,12.360166549682617
2006-08-17,12.358321189880371
2006-08-18,12.398990631103516
2006-08-21,12.33983039855957
2006-08-22,12.35647201538086
2006-08-23,12.251096725463867
2006-08-24,12.238154411315918
2006-08-25,12.240008354187012
2006-08-28,12.341682434082031
2006-08-29,12.386051177978516
2006-08-30,12.398990631103516
2006-08-31,12.445207595825195
2006-09-01,12.506217002868652
2006-09-05,12.539488792419434
2006-09-06,12.35647201538086
2006-09-07,12.295465469360352
2006-09-08,12.330589294433594
2006-09-11,12.321343421936035
2006-09-12,12.508061408996582
2006-09-13,12.604188919067383
2006-09-14,12.56536865234375
2006-09-15,12.58570384979248
2006-09-18,12.60604190826416
2006-09-19,12.556127548217773
2006-09-20,12.607889175415039
2006-09-21,12.539488792419434
2006-09-22,12.45629596710205
2006-09-25,12.578312873840332
2006-09-26,12.66149616241455
2006-09-27,12.676290512084961
2006-09-28,12.685532569885254
2006-09-29,12.650412559509277
2006-10-02,12.589405059814453
2006-10-03,12.578312873840332
2006-10-04,12.728047370910645
2006-10-05,12.842665672302246
2006-10-06,12.770572662353516
2006-10-09,12.826026916503906
2006-10-10,12.87409496307373
2006-10-11,12.837122917175293
2006-10-12,12.97762393951416
2006-10-13,13.027535438537598
2006-10-16,13.129209518432617
2006-10-17,13.038625717163086
2006-10-18,13.027535438537598
2006-10-19,13.066352844238281
2006-10-20,12.997955322265625
2006-10-23,13.051566123962402
2006-10-24,13.094088554382324
2006-10-25,13.131057739257812
2006-10-26,13.240134239196777
2006-10-27,13.112574577331543
2006-10-30,13.136608123779297
2006-10-31,13.114420890808105
2006-11-01,12.99610710144043
2006-11-02,12.986865997314453
2006-11-03,12.97762393951416
2006-11-06,13.108875274658203
2006-11-07,13.169882774353027
2006-11-08,13.21979808807373
2006-11-09,13.188371658325195
2006-11-10,13.217951774597168
2006-11-13,13.243830680847168
2006-11-14,13.384330749511719
2006-11-15,13.437934875488281
2006-11-16,13.437934875488281
2006-11-17,13.450876235961914
2006-11-20,13.46567153930664
2006-11-21,13.539613723754883
2006-11-22,13.611712455749512
2006-11-24,13.591376304626465
2006-11-27,13.363991737365723
2006-11-28,13.395416259765625
2006-11-29,13.556256294250488
2006-11-30,13.639448165893555
2006-12-01,13.591376304626465
2006-12-04,13.744817733764648
2006-12-05,13.779943466186523
2006-12-06,13.77070140838623
2006-12-07,13.728182792663574
2006-12-08,13.750365257263184
2006-12-11,13.73002815246582
2006-12-12,13.693055152893066
2006-12-13,13.700450897216797
2006-12-14,13.772547721862793
2006-12-15,13.742965698242188
2006-12-18,13.648686408996582
2006-12-19,13.659775733947754
2006-12-20,13.663477897644043
2006-12-21,13.582132339477539
2006-12-22,13.505884170532227
2006-12-26,13.569584846496582
2006-12-27,13.676371574401855
2006-12-28,13.63140869140625
2006-12-29,13.607049942016602
2007-01-03,13.586447715759277
2007-01-04,13.571456909179688
2007-01-05,13.487150192260742
2007-01-08,13.4965181350708
2007-01-09,13.533984184265137
2007-01-10,13.623913764953613
2007-01-11,13.715712547302246
2007-01-12,13.803764343261719
2007-01-16,13.800023078918457
2007-01-17,13.822507858276367
2007-01-18,13.74194049835205
2007-01-19,13.79627513885498
2007-01-22,13.764416694641113
2007-01-23,13.84123420715332
2007-01-24,13.972375869750977
2007-01-25,13.83748722076416
2007-01-26,13.848730087280273
2007-01-29,13.861845016479492
2007-01-30,13.96300983428955
2007-01-31,14.064183235168457
2007-02-01,14.17658805847168
2007-02-02,14.244029998779297
2007-02-05,14.244029998779297
2007-02-06,14.320841789245605
2007-02-07,14.390166282653809
2007-02-08,14.36581039428711
2007-02-09,14.25527286529541
2007-02-12,14.15786075592041
2007-02-13,14.313346862792969
2007-02-14,14.40889835357666
2007-02-15,14.461363792419434
2007-02-16,14.459480285644531
2007-02-20,14.549408912658691
2007-02-21,14.566266059875488
2007-02-22,14.573765754699707
2007-02-23,14.543790817260742
2007-02-26,14.511943817138672
2007-02-27,13.979878425598145
2007-02-28,14.092277526855469
2007-03-01,14.049193382263184
2007-03-02,13.809389114379883
2007-03-05,13.605179786682129
2007-03-06,13.829999923706055
2007-03-07,13.839365005493164
2007-03-08,13.979878425598145
2007-03-09,14.004228591918945
2007-03-12,14.043573379516602
2007-03-13,13.758804321289062
2007-03-14,13.811254501342773
2007-03-15,13.92180061340332
2007-03-16,13.848730087280273
2007-03-19,14.022963523864746
2007-03-20,14.111019134521484
2007-03-21,14.34707260131836
2007-03-22,14.352128028869629
2007-03-23,14.385862350463867
2007-03-26,14.359626770019531
2007-03-27,14.299664497375488
2007-03-28,14.175987243652344
2007-03-29,14.215335845947266
2007-03-30,14.220958709716797
2007-04-02,14.286551475524902
2007-04-03,14.39897632598877
2007-04-04,14.406479835510254
2007-04-05,14.419595718383789
2007-04-09,14.468315124511719
2007-04-10,14.505794525146484
2007-04-11,14.41023063659668
2007-04-12,14.515165328979492
2007-04-13,14.548885345458984
2007-04-16,14.659448623657227
2007-04-17,14.681937217712402
2007-04-18,14.691308975219727
2007-04-19,14.638845443725586
2007-04-20,14.768132209777832
2007-04-23,14.811235427856445
2007-04-24,14.814977645874023
2007-04-25,14.944280624389648
2007-04-26,14.957398414611816
2007-04-27,14.925545692443848
2007-04-30,14.730663299560547
2007-05-01,14.77000617980957
2007-05-02,14.927419662475586
2007-05-03,14.970518112182617
2007-05-04,15.000499725341797
2007-05-07,15.01548957824707
2007-05-08,14.966773986816406
2007-05-09,15.092321395874023
2007-05-10,14.910553932189941
2007-05-11,15.045475006103516
2007-05-14,14.981764793395996
2007-05-15,14.91430377960205
2007-05-16,14.976136207580566
2007-05-17,14.949902534484863
2007-05-18,15.056716918945312
2007-05-21,15.142912864685059
2007-05-22,15.16165542602539
2007-05-23,15.127924919128418
2007-05-24,14.933037757873535
2007-05-25,15.043597221374512
2007-05-29,15.116684913635254
2007-05-30,15.315317153930664
2007-05-31,15.367781639099121
2007-06-01,15.442744255065918
2007-06-04,15.487713813781738
2007-06-05,15.42587661743164
2007-06-06,15.214125633239746
2007-06-07,14.906804084777832
2007-06-08,15.099814414978027
2007-06-11,15.127924919128418
2007-06-12,14.944280624389648
2007-06-13,15.157906532287598
2007-06-14,15.245983123779297
2007-06-15,15.34529972076416
2007-06-18,15.29470157623291
2007-06-19,15.305947303771973
2007-06-20,15.152290344238281
2007-06-21,15.251594543457031
2007-06-22,15.129799842834473
2007-06-25,15.0023775100708
2007-06-26,14.891819953918457
2007-06-27,15.07358169555664
2007-06-28,15.084821701049805
2007-06-29,15.094200134277344
2007-07-02,15.266593933105469
2007-07-03,15.300323486328125
2007-07-05,15.356548309326172
2007-07-06,15.485846519470215
2007-07-09,15.47834587097168
2007-07-10,15.255352020263672
2007-07-11,15.347174644470215
2007-07-12,15.56079387664795
2007-07-13,15.620760917663574
2007-07-16,15.564538955688477
2007-07-17,15.562661170959473
2007-07-18,15.528935432434082
2007-07-19,15.570158004760742
2007-07-20,15.399637222290039
2007-07-23,15.395893096923828
2007-07-24,15.090445518493652
2007-07-25,14.993002891540527
2007-07-26,14.672569274902344
2007-07-27,14.35400104522705
2007-07-30,14.597616195678711
2007-07-31,14.395230293273926
2007-08-01,14.458942413330078
2007-08-02,14.578877449035645
2007-08-03,14.217216491699219
2007-08-06,14.320277214050293
2007-08-07,14.458942413330078
2007-08-08,14.700678825378418
2007-08-09,14.292169570922852
2007-08-10,14.318408012390137
2007-08-13,14.35400104522705
2007-08-14,14.039192199707031
2007-08-15,13.773101806640625
2007-08-16,13.6943998336792
2007-08-17,14.02420711517334
2007-08-20,14.10665512084961
2007-08-21,14.187231063842773
2007-08-22,14.393359184265137
2007-08-23,14.359626770019531
2007-08-24,14.552641868591309
2007-08-27,14.389615058898926
2007-08-28,14.041064262390137
2007-08-29,14.331522941589355
2007-08-30,14.324024200439453
2007-08-31,14.50204086303711
2007-09-04,14.681937217712402
2007-09-05,14.52453327178955
2007-09-06,14.565759658813477
2007-09-07,14.329643249511719
2007-09-10,14.198472023010254
2007-09-11,14.39148235321045
2007-09-12,14.395230293273926
2007-09-13,14.415848731994629
2007-09-14,14.494550704956055
2007-09-17,14.374621391296387
2007-09-18,14.799991607666016
2007-09-19,14.916183471679688
2007-09-20,14.790626525878906
2007-09-21,14.82248306274414
2007-09-24,14.7568941116333
2007-09-25,14.768132209777832
2007-09-26,14.850586891174316
2007-09-27,14.95177936553955
2007-09-28,14.923666954040527
2007-10-01,15.137293815612793
2007-10-02,15.201008796691895
2007-10-03,15.142912864685059
2007-10-04,15.135424613952637
2007-10-05,15.334053993225098
2007-10-08,15.266593933105469
2007-10-09,15.399637222290039
2007-10-10,15.407139778137207
2007-10-11,15.279709815979004
2007-10-12,15.341544151306152
2007-10-15,15.195387840270996
2007-10-16,15.086701393127441
2007-10-17,15.124174118041992
2007-10-18,15.116684913635254
2007-10-19,14.6688232421875
2007-10-22,14.82435131072998
2007-10-23,14.953652381896973
2007-10-24,14.925545692443848
2007-10-25,14.923666954040527
2007-10-26,15.011744499206543
2007-10-29,15.071712493896484
2007-10-30,14.987388610839844
2007-10-31,15.189760208129883
2007-11-01,14.848713874816895
2007-11-02,14.835599899291992
2007-11-05,14.695056915283203
2007-11-06,14.891819953918457
2007-11-07,14.54327392578125
2007-11-08,14.541394233703613
2007-11-09,14.314653396606445
2007-11-12,14.04294490814209
2007-11-13,14.47207260131836
2007-11-14,14.428961753845215
2007-11-15,14.23969554901123
2007-11-16,14.22845458984375
2007-11-19,13.949249267578125
2007-11-20,13.951115608215332
2007-11-21,13.75436019897461
2007-11-23,13.932381629943848
2007-11-26,13.692522048950195
2007-11-27,13.8705415725708
2007-11-28,14.26968765258789
2007-11-29,14.339012145996094
2007-11-30,14.421467781066895
2007-12-03,14.383994102478027
2007-12-04,14.305286407470703
2007-12-05,14.488924026489258
2007-12-06,14.738151550292969
2007-12-07,14.792500495910645
2007-12-10,14.933037757873535
2007-12-11,14.447705268859863
2007-12-12,14.537646293640137
2007-12-13,14.473931312561035
2007-12-14,14.316527366638184
2007-12-17,14.097285270690918
2007-12-18,14.177864074707031
2007-12-19,14.1909761428833
2007-12-20,14.372920989990234
2007-12-21,14.517257690429688
2007-12-24,14.674887657165527
2007-12-26,14.684380531311035
2007-12-27,14.496370315551758
2007-12-28,14.435593605041504
2007-12-31,14.359624862670898
2008-01-02,14.213390350341797
2008-01-03,14.164008140563965
2008-01-04,13.727206230163574
2008-01-07,13.674025535583496
2008-01-08,13.330277442932129
2008-01-09,13.438523292541504
2008-01-10,13.575270652770996
2008-01-11,13.411944389343262
2008-01-14,13.54488468170166
2008-01-15,13.182146072387695
2008-01-16,13.111872673034668
2008-01-17,12.703547477722168
2008-01-18,12.686458587646484
2008-01-22,12.59339714050293
2008-01-23,12.918157577514648
2008-01-24,13.064390182495117
2008-01-25,12.948541641235352
2008-01-28,13.2125244140625
2008-01-29,13.31697940826416
2008-01-30,13.17264461517334
2008-01-31,13.40244197845459
2008-02-01,13.79177474975586
2008-02-04,13.660727500915527
2008-02-05,13.305590629577637
2008-02-06,13.109971046447754
2008-02-07,13.233413696289062
2008-02-08,13.208725929260254
2008-02-11,13.320778846740723
2008-02-12,13.35876178741455
2008-02-13,13.525890350341797
2008-02-14,13.345467567443848
2008-02-15,13.335972785949707
2008-02-19,13.37205696105957
2008-02-20,13.501204490661621
2008-02-21,13.294189453125
2008-02-22,13.423330307006836
2008-02-25,13.660727500915527
2008-02-26,13.774683952331543
2008-02-27,13.70821475982666
2008-02-28,13.563875198364258
2008-02-29,13.201132774353027
2008-03-03,13.178343772888184
2008-03-04,13.108065605163574
2008-03-05,13.206829071044922
2008-03-06,12.853580474853516
2008-03-07,12.749129295349121
2008-03-10,12.458558082580566
2008-03-11,12.939045906066895
2008-03-12,12.815187454223633
2008-03-13,12.908271789550781
2008-03-14,12.689810752868652
2008-03-17,12.387763977050781
2008-03-18,12.913973808288574
2008-03-19,12.558733940124512
2008-03-20,12.733506202697754
2008-03-24,13.119136810302734
2008-03-25,13.217921257019043
2008-03-26,13.060246467590332
2008-03-27,12.91777229309082
2008-03-28,12.834182739257812
2008-03-31,12.885480880737305
2008-04-01,13.367995262145996
2008-04-02,13.440184593200684
2008-04-03,13.500969886779785
2008-04-04,13.573158264160156
2008-04-07,13.554157257080078
2008-04-08,13.538965225219727
2008-04-09,13.369892120361328
2008-04-10,13.48007583618164
2008-04-11,13.25020694732666
2008-04-14,13.216017723083496
2008-04-15,13.252120971679688
2008-04-16,13.605453491210938
2008-04-17,13.578856468200684
2008-04-18,13.808716773986816
2008-04-21,13.822015762329102
2008-04-22,13.668140411376953
2008-04-23,13.69473934173584
2008-04-24,13.751729011535645
2008-04-25,13.909396171569824
2008-04-28,13.934090614318848
2008-04-29,13.848611831665039
2008-04-30,13.763128280639648
2008-05-01,13.966390609741211
2008-05-02,14.0062837600708
2008-05-05,13.996784210205078
2008-05-06,14.150659561157227
2008-05-07,13.951190948486328
2008-05-08,14.019580841064453
2008-05-09,14.01578140258789
2008-05-12,14.173450469970703
2008-05-13,14.270339965820312
2008-05-14,14.321627616882324
2008-05-15,14.505899429321289
2008-05-16,14.566691398620605
2008-05-19,14.52109146118164
2008-05-20,14.45080280303955
2008-05-21,14.211441993713379
2008-05-22,14.228543281555176
2008-05-23,14.051877975463867
2008-05-27,14.150659561157227
2008-05-28,14.291231155395508
2008-05-29,14.312132835388184
2008-05-30,14.38621711730957
2008-06-02,14.30073070526123
2008-06-03,14.24753475189209
2008-06-04,14.241842269897461
2008-06-05,14.553388595581055
2008-06-06,14.179155349731445
2008-06-09,14.200053215026855
2008-06-10,14.049975395202637
2008-06-11,13.77452564239502
2008-06-12,13.816316604614258
2008-06-13,14.055672645568848
2008-06-16,14.163949012756348
2008-06-17,14.105062484741211
2008-06-18,13.983489036560059
2008-06-19,14.017683982849121
2008-06-20,13.761225700378418
2008-06-23,13.766919136047363
2008-06-24,13.626352310180664
2008-06-25,13.70803165435791
2008-06-26,13.307201385498047
2008-06-27,13.292006492614746
2008-06-30,13.273009300231934
2008-07-01,13.318601608276367
2008-07-02,13.01085090637207
2008-07-03,12.809490203857422
2008-07-07,12.651813507080078
2008-07-08,12.898771286010742
2008-07-09,12.649918556213379
2008-07-10,12.765798568725586
2008-07-11,12.670814514160156
2008-07-14,12.554936408996582
2008-07-15,12.395358085632324
2008-07-16,12.68031120300293
2008-07-17,12.879776954650879
2008-07-18,12.81138801574707
2008-07-21,12.904472351074219
2008-07-22,12.988057136535645
2008-07-23,13.001360893249512
2008-07-24,12.60052490234375
2008-07-25,12.642318725585938
2008-07-28,12.496041297912598
2008-07-29,12.73160457611084
2008-07-30,12.951964378356934
2008-07-31,12.750601768493652
2008-08-01,12.710704803466797
2008-08-04,12.467545509338379
2008-08-05,12.74679946899414
2008-08-06,12.874075889587402
2008-08-07,12.686010360717773
2008-08-08,12.898771286010742
2008-08-11,13.014656066894531
2008-08-12,12.91777229309082
2008-08-13,12.940567016601562
2008-08-14,13.05264663696289
2008-08-15,13.069747924804688
2008-08-18,12.898771286010742
2008-08-19,12.7828950881958
2008-08-20,12.874075889587402
2008-08-21,12.841781616210938
2008-08-22,13.031746864318848
2008-08-25,12.710704803466797
2008-08-26,12.767698287963867
2008-08-27,12.89117431640625
2008-08-28,13.084939956665039
2008-08-29,12.957658767700195
2008-09-02,12.79619312286377
2008-09-03,12.699309349060059
2008-09-04,12.33836555480957
2008-09-05,12.437155723571777
2008-09-08,12.57582950592041
2008-09-09,12.021124839782715
2008-09-10,12.201595306396484
2008-09-11,12.29088020324707
2008-09-12,12.450450897216797
2008-09-15,11.90904426574707
2008-09-16,12.135102272033691
2008-09-17,11.578497886657715
2008-09-18,12.038223266601562
2008-09-19,12.50363826751709
2008-09-22,12.004029273986816
2008-09-23,11.8349609375
2008-09-24,11.781763076782227
2008-09-25,11.903346061706543
2008-09-26,11.796964645385742
2008-09-29,10.860424041748047
2008-09-30,11.27645206451416
2008-10-01,11.173871040344238
2008-10-02,10.510884284973145
2008-10-03,10.300020217895508
2008-10-06,9.851696014404297
2008-10-07,9.27800178527832
2008-10-08,9.186816215515137
2008-10-09,8.533326148986816
2008-10-10,8.44404125213623
2008-10-13,9.33688735961914
2008-10-14,9.221009254455566
2008-10-15,8.25217342376709
2008-10-16,8.660606384277344
2008-10-17,8.639708518981934
2008-10-20,9.082331657409668
2008-10-21,8.797380447387695
2008-10-22,8.223681449890137
2008-10-23,8.045105934143066
2008-10-24,7.762061595916748
2008-10-27,7.456212520599365
2008-10-28,8.227483749389648
2008-10-29,8.271173477172852
2008-10-30,8.605512619018555
2008-10-31,8.797380447387695
2008-11-03,8.791681289672852
2008-11-04,9.13552188873291
2008-11-05,8.668204307556152
2008-11-06,8.20278263092041
2008-11-07,8.411749839782715
2008-11-10,8.254077911376953
2008-11-11,8.022317886352539
2008-11-12,7.573991298675537
2008-11-13,8.126799583435059
2008-11-14,7.743063926696777
2008-11-17,7.570193290710449
2008-11-18,7.558797836303711
2008-11-19,7.036386966705322
2008-11-20,6.45318603515625
2008-11-21,6.85971736907959
2008-11-24,7.372628211975098
2008-11-25,7.5359978675842285
2008-11-26,7.914032459259033
2008-11-28,7.993818759918213
2008-12-01,7.203554630279541
2008-12-02,7.48280668258667
2008-12-03,7.676573753356934
2008-12-04,7.423919200897217
2008-12-05,7.720269203186035
2008-12-08,8.0584135055542
2008-12-09,7.9406328201293945
2008-12-10,8.147693634033203
2008-12-11,7.81334924697876
2008-12-12,7.959624767303467
2008-12-15,7.8019537925720215
2008-12-16,8.254077911376953
2008-12-17,8.320562362670898
2008-12-18,8.140092849731445
2008-12-19,8.166690826416016
2008-12-22,7.969124794006348
2008-12-23,7.9102373123168945
2008-12-24,7.95121431350708
2008-12-26,8.038613319396973
2008-12-29,7.96869421005249
2008-12-30,8.207581520080566
2008-12-31,8.39208698272705
2009-01-02,8.658162117004395
2009-01-05,8.70671558380127
2009-01-06,8.850438117980957
2009-01-07,8.555227279663086
2009-01-08,8.619317054748535
2009-01-09,8.399853706359863
2009-01-12,8.137660026550293
2009-01-13,8.203694343566895
2009-01-14,7.8890700340271
2009-01-15,7.992000102996826
2009-01-16,8.10853099822998
2009-01-20,7.624930381774902
2009-01-21,7.958983421325684
2009-01-22,7.774477958679199
2009-01-23,7.8599324226379395
2009-01-26,7.914311408996582
2009-01-27,8.028901100158691
2009-01-28,8.322160720825195
2009-01-29,8.021132469177246
2009-01-30,7.815263271331787
2009-02-02,7.778361797332764
2009-02-03,7.90071964263916
2009-02-04,7.906543254852295
2009-02-05,8.038613319396973
2009-02-06,8.30856990814209
2009-02-09,8.326051712036133
2009-02-10,7.945385932922363
2009-02-11,7.958983421325684
2009-02-12,8.028901100158691
2009-02-13,7.958983421325684
2009-02-17,7.582205772399902
2009-02-18,7.512284278869629
2009-02-19,7.3996381759643555
2009-02-20,7.358852863311768
2009-02-23,7.06364631652832
2009-02-24,7.343315601348877
2009-02-25,7.279225826263428
2009-02-26,7.164639949798584
2009-02-27,7.069474697113037
2009-03-02,6.638311386108398
2009-03-03,6.589757442474365
2009-03-04,6.830585956573486
2009-03-05,6.508188247680664
2009-03-06,6.494592189788818
2009-03-09,6.422731399536133
2009-03-10,6.851952075958252
2009-03-11,6.886909484863281
2009-03-12,7.182118892669678
2009-03-13,7.220959663391113
2009-03-16,7.137448787689209
2009-03-17,7.3996381759643555
2009-03-18,7.622988700866699
2009-03-19,7.576380729675293
2009-03-20,7.347203254699707
2009-03-23,7.90761661529541
2009-03-24,7.701568126678467
2009-03-25,7.7890424728393555
2009-03-26,8.055349349975586
2009-03-27,7.860964775085449
2009-03-30,7.590766906738281
2009-03-31,7.668520450592041
2009-04-01,7.7890424728393555
2009-04-02,8.096170425415039
2009-04-03,8.253621101379395
2009-04-06,8.154485702514648
2009-04-07,7.894007682800293
2009-04-08,8.032024383544922
2009-04-09,8.420795440673828
2009-04-13,8.407186508178711
2009-04-14,8.228352546691895
2009-04-15,8.344985008239746
2009-04-16,8.558808326721191
2009-04-17,8.648225784301758
2009-04-20,8.214741706848145
2009-04-21,8.434401512145996
2009-04-22,8.436347007751465
2009-04-23,8.498549461364746
2009-04-24,8.671553611755371
2009-04-27,8.543257713317871
2009-04-28,8.531597137451172
2009-04-29,8.745417594909668
2009-04-30,8.760971069335938
2009-05-01,8.799845695495605
2009-05-04,9.163349151611328
2009-05-05,9.134190559387207
2009-05-06,9.202223777770996
2009-05-07,8.972848892211914
2009-05-08,9.27220344543457
2009-05-11,9.07198715209961
2009-05-12,8.996175765991211
2009-05-13,8.630730628967285
2009-05-14,8.747364044189453
2009-05-15,8.659889221191406
2009-05-18,8.98451042175293
2009-05-19,9.013672828674316
2009-05-20,8.963127136230469
2009-05-21,8.76291275024414
2009-05-22,8.737642288208008
2009-05-26,9.035054206848145
2009-05-27,8.893150329589844
2009-05-28,8.988399505615234
2009-05-29,9.145852088928223
2009-06-01,9.468535423278809
2009-06-02,9.468535423278809
2009-06-03,9.276090621948242
2009-06-04,9.421882629394531
2009-06-05,9.386890411376953
2009-06-08,9.334406852722168
2009-06-09,9.427714347839355
2009-06-10,9.419937133789062
2009-06-11,9.503523826599121
2009-06-12,9.452981948852539
2009-06-15,9.202223777770996
2009-06-16,9.027277946472168
2009-06-17,9.000060081481934
2009-06-18,9.058380126953125
2009-06-19,9.087539672851562
2009-06-22,8.749305725097656
2009-06-23,8.741528511047363
2009-06-24,8.85427474975586
2009-06-25,9.070043563842773
2009-06-26,9.052546501159668
2009-06-29,9.145852088928223
2009-06-30,9.099202156066895
2009-07-01,9.167235374450684
2009-07-02,8.885377883911133
2009-07-06,8.813455581665039
2009-07-07,8.609345436096191
2009-07-08,8.570470809936523
2009-07-09,8.630730628967285
2009-07-10,8.622958183288574
2009-07-13,8.815401077270508
2009-07-14,8.893150329589844
2009-07-15,9.173069953918457
2009-07-16,9.295531272888184
2009-07-17,9.274147033691406
2009-07-20,9.43354320526123
2009-07-21,9.452981948852539
2009-07-22,9.486032485961914
2009-07-23,9.750391960144043
2009-07-24,9.832037925720215
2009-07-27,9.874797821044922
2009-07-28,9.830089569091797
2009-07-29,9.748451232910156
2009-07-30,9.894240379333496
2009-07-31,9.913680076599121
2009-08-03,10.135274887084961
2009-08-04,10.207198143005371
2009-08-05,10.179987907409668
2009-08-06,10.096400260925293
2009-08-07,10.32188892364502
2009-08-10,10.28300952911377
2009-08-11,10.139165878295898
2009-08-12,10.286896705627441
2009-08-13,10.395755767822266
2009-08-14,10.267459869384766
2009-08-17,9.944778442382812
2009-08-18,10.076960563659668
2009-08-19,10.154715538024902
2009-08-20,10.26551628112793
2009-08-21,10.491008758544922
2009-08-24,10.4346342086792
2009-08-25,10.489059448242188
2009-08-26,10.485175132751465
2009-08-27,10.522109985351562
2009-08-28,10.545431137084961
2009-08-31,10.405471801757812
2009-09-01,10.154715538024902
2009-09-02,10.090564727783203
2009-09-03,10.214975357055664
2009-09-04,10.38020133972168
2009-09-08,10.53182601928711
2009-09-09,10.658174514770508
2009-09-10,10.800079345703125
2009-09-11,10.80591106414795
2009-09-14,10.92642879486084
2009-09-15,11.043058395385742
2009-09-16,11.258827209472656
2009-09-17,11.188851356506348
2009-09-18,11.190788269042969
2009-09-21,11.165517807006836
2009-09-22,11.245222091674805
2009-09-23,11.103321075439453
2009-09-24,10.908931732177734
2009-09-25,10.842842102050781
2009-09-28,11.083882331848145
2009-09-29,11.093596458435059
2009-09-30,11.060552597045898
2009-10-01,10.683446884155273
2009-10-02,10.584304809570312
2009-10-05,10.829235076904297
2009-10-06,10.988631248474121
2009-10-07,10.988631248474121
2009-10-08,11.151914596557617
2009-10-09,11.227728843688965
2009-10-12,11.284098625183105
2009-10-13,11.245222091674805
2009-10-14,11.462929725646973
2009-10-15,11.494035720825195
2009-10-16,11.396844863891602
2009-10-19,11.527080535888672
2009-10-20,11.42599868774414
2009-10-21,11.309367179870605
2009-10-22,11.416279792785645
2009-10-23,11.2413330078125
2009-10-26,11.109151840209961
2009-10-27,10.98085880279541
2009-10-28,10.630961418151855
2009-10-29,10.922541618347168
2009-10-30,10.570699691772461
2009-11-02,10.619300842285156
2009-11-03,10.733987808227539
2009-11-04,10.710659980773926
2009-11-05,10.963361740112305
2009-11-06,10.955584526062012
2009-11-09,11.235502243041992
2009-11-10,11.223835945129395
2009-11-11,11.293816566467285
2009-11-12,11.140254974365234
2009-11-13,11.23161506652832
2009-11-16,11.42405891418457
2009-11-17,11.404618263244629
2009-11-18,11.354079246520996
2009-11-19,11.134421348571777
2009-11-20,11.089715003967285
2009-11-23,11.19467830657959
2009-11-24,11.184964179992676
2009-11-25,11.287982940673828
2009-11-27,11.05666732788086
2009-11-30,11.107207298278809
2009-12-01,11.268548965454102
2009-12-02,11.34435749053955
2009-12-03,11.223835945129395
2009-12-04,11.340468406677246
2009-12-07,11.340468406677246
2009-12-08,11.23355484008789
2009-12-09,11.258827209472656
2009-12-10,11.324918746948242
2009-12-11,11.414336204528809
2009-12-14,11.585392951965332
2009-12-15,11.544576644897461
2009-12-16,11.635936737060547
2009-12-17,11.497923851013184
2009-12-18,11.575675964355469
2009-12-21,11.719523429870605
2009-12-22,11.822540283203125
2009-12-23,11.908074378967285
2009-12-24,11.978269577026367
2009-12-28,11.968442916870117
2009-12-29,11.931081771850586
2009-12-30,11.92911434173584
2009-12-31,11.787548065185547
2010-01-04,12.007763862609863
2010-01-05,12.064785957336426
2010-01-06,12.13950252532959
2010-01-07,12.198486328125
2010-01-08,12.245674133300781
2010-01-11,12.25354290008545
2010-01-12,12.086413383483887
2010-01-13,12.2260160446167
2010-01-14,12.247641563415527
2010-01-15,12.096244812011719
2010-01-19,12.241743087768555
2010-01-20,12.129670143127441
2010-01-21,11.940913200378418
2010-01-22,11.65580940246582
2010-01-25,11.716763496398926
2010-01-26,11.65580940246582
2010-01-27,11.689234733581543
2010-01-28,11.551602363586426
2010-01-29,11.366777420043945
2010-02-01,11.5850248336792
2010-02-02,11.777715682983398
2010-02-03,11.697101593017578
2010-02-04,11.268463134765625
2010-02-05,11.284188270568848
2010-02-08,11.23306941986084
2010-02-09,11.39430046081543
2010-02-10,11.380538940429688
2010-02-11,11.545701026916504
2010-02-12,11.569293975830078
2010-02-16,11.789514541625977
2010-02-17,11.864230155944824
2010-02-18,11.944844245910645
2010-02-19,11.999900817871094
2010-02-22,11.99596118927002
2010-02-23,11.803274154663086
2010-02-24,11.909452438354492
2010-02-25,11.925183296203613
2010-02-26,11.966470718383789
2010-03-01,12.174893379211426
2010-03-02,12.235845565795898
2010-03-03,12.247641563415527
2010-03-04,12.277135848999023
2010-03-05,12.4639310836792
2010-03-08,12.479659080505371
2010-03-09,12.487524032592773
2010-03-10,12.593703269958496
2010-03-11,12.638925552368164
2010-03-12,12.652689933776855
2010-03-15,12.607467651367188
2010-03-16,12.756898880004883
2010-03-17,12.843411445617676
2010-03-18,12.77852725982666
2010-03-19,12.660552978515625
2010-03-22,12.800153732299805
2010-03-23,12.904382705688477
2010-03-24,12.835548400878906
2010-03-25,12.73132610321045
2010-03-26,12.741157531738281
2010-03-29,12.84538459777832
2010-03-30,12.865050315856934
2010-03-31,12.806051254272461
2010-04-01,12.94371223449707
2010-04-05,13.140359878540039
2010-04-06,13.195425033569336
2010-04-07,13.069567680358887
2010-04-08,13.097098350524902
2010-04-09,13.197391510009766
2010-04-12,13.226893424987793
2010-04-13,13.244588851928711
2010-04-14,13.433380126953125
2010-04-15,13.411748886108398
2010-04-16,13.205260276794434
2010-04-19,13.158060073852539
2010-04-20,13.358648300170898
2010-04-21,13.382246971130371
2010-04-22,13.563166618347168
2010-04-23,13.696892738342285
2010-04-26,13.659526824951172
2010-04-27,13.266221046447754
2010-04-28,13.313416481018066
2010-04-29,13.535640716552734
2010-04-30,13.270157814025879
2010-05-03,13.484508514404297
2010-05-04,13.089235305786133
2010-05-05,12.951581001281738
2010-05-06,12.520907402038574
2010-05-07,12.220027923583984
2010-05-10,12.874884605407715
2010-05-11,12.84931468963623
2010-05-12,13.132498741149902
2010-05-13,12.985004425048828
2010-05-14,12.672331809997559
2010-05-17,12.684127807617188
2010-05-18,12.479608535766602
2010-05-19,12.367520332336426
2010-05-20,11.838521003723145
2010-05-21,12.070571899414062
2010-05-24,11.913250923156738
2010-05-25,11.958478927612305
2010-05-26,11.972244262695312
2010-05-27,12.454048156738281
2010-05-28,12.302621841430664
2010-06-01,11.989944458007812
2010-06-02,12.349820137023926
2010-06-03,12.454048156738281
2010-06-04,11.92701530456543
2010-06-07,11.681198120117188
2010-06-08,11.779525756835938
2010-06-09,11.795257568359375
2010-06-10,12.212162017822266
2010-06-11,12.328186988830566
2010-06-14,12.361618995666504
2010-06-15,12.686097145080566
2010-06-16,12.64479923248291
2010-06-17,12.646767616271973
2010-06-18,12.625137329101562
2010-06-21,12.558276176452637
2010-06-22,12.28688907623291
2010-06-23,12.267223358154297
2010-06-24,12.037141799926758
2010-06-25,12.157095909118652
2010-06-28,12.10203742980957
2010-06-29,11.632036209106445
2010-06-30,11.53961181640625
2010-07-01,11.488476753234863
2010-07-02,11.401954650878906
2010-07-06,11.405881881713867
2010-07-07,11.820821762084961
2010-07-08,11.928980827331543
2010-07-09,12.054839134216309
2010-07-12,12.009608268737793
2010-07-13,12.259355545043945
2010-07-14,12.235759735107422
2010-07-15,12.233790397644043
2010-07-16,11.836557388305664
2010-07-19,11.921113014221191
2010-07-20,12.109903335571289
2010-07-21,11.921113014221191
2010-07-22,12.237726211547852
2010-07-23,12.398982048034668
2010-07-26,12.609404563903809
2010-07-27,12.499273300170898
2010-07-28,12.369484901428223
2010-07-29,12.298687934875488
2010-07-30,12.338021278381348
2010-08-02,12.613338470458984
2010-08-03,12.509106636047363
2010-08-04,12.642833709716797
2010-08-05,12.599570274353027
2010-08-06,12.556302070617676
2010-08-09,12.654633522033691
2010-08-10,12.518942832946777
2010-08-11,12.115801811218262
2010-08-12,12.052876472473145
2010-08-13,12.011575698852539
2010-08-16,12.009608268737793
2010-08-17,12.223959922790527
2010-08-18,12.255425453186035
2010-08-19,12.050905227661133
2010-08-20,12.048937797546387
2010-08-23,11.958478927612305
2010-08-24,11.763794898986816
2010-08-25,11.822786331176758
2010-08-26,11.753960609436035
2010-08-27,11.993876457214355
2010-08-30,11.791324615478516
2010-08-31,11.779525756835938
2010-09-01,12.192496299743652
2010-09-02,12.361618995666504
2010-09-03,12.534671783447266
2010-09-07,12.351786613464355
2010-09-08,12.442246437072754
2010-09-09,12.465845108032227
2010-09-10,12.516976356506348
2010-09-13,12.705763816833496
2010-09-14,12.69593334197998
2010-09-15,12.743124961853027
2010-09-16,12.713629722595215
2010-09-17,12.729357719421387
2010-09-20,12.957478523254395
2010-09-21,12.876851081848145
2010-09-22,12.774589538574219
2010-09-23,12.688066482543945
2010-09-24,12.994843482971191
2010-09-27,12.953547477722168
2010-09-28,13.05383586883545
2010-09-29,13.051872253417969
2010-09-30,13.040071487426758
2010-10-01,13.081364631652832
2010-10-04,12.955510139465332
2010-10-05,13.248522758483887
2010-10-06,13.148229598999023
2010-10-07,13.160029411315918
2010-10-08,13.26819133758545
2010-10-11,13.297688484191895
2010-10-12,13.354714393615723
2010-10-13,13.460908889770508
2010-10-14,13.376346588134766
2010-10-15,13.421579360961914
2010-10-18,13.464845657348633
2010-10-19,13.230823516845703
2010-10-20,13.378316879272461
2010-10-21,13.396016120910645
2010-10-22,13.464845657348633
2010-10-25,13.527774810791016
2010-10-26,13.5100736618042
2010-10-27,13.523838996887207
2010-10-28,13.504175186157227
2010-10-29,13.573001861572266
2010-11-01,13.56710147857666
2010-11-02,13.696892738342285
2010-11-03,13.720492362976074
2010-11-04,13.98400592803955
2010-11-05,14.054803848266602
2010-11-08,14.056767463684082
2010-11-09,13.919113159179688
2010-11-10,14.0115385055542
2010-11-11,14.009571075439453
2010-11-12,13.787355422973633
2010-11-15,13.789322853088379
2010-11-16,13.557270050048828
2010-11-17,13.618231773376465
2010-11-18,13.818815231323242
2010-11-19,13.903379440307617
2010-11-22,13.978104591369629
2010-11-23,13.78342056274414
2010-11-24,14.052833557128906
2010-11-26,13.985970497131348
2010-11-29,13.938772201538086
2010-11-30,13.864049911499023
2010-12-01,14.166894912719727
2010-12-02,14.371415138244629
2010-12-03,14.454008102416992
2010-12-06,14.463844299316406
2010-12-07,14.455970764160156
2010-12-08,14.442207336425781
2010-12-09,14.493337631225586
2010-12-10,14.611334800720215
2010-12-13,14.571995735168457
2010-12-14,14.568063735961914
2010-12-15,14.505136489868164
2010-12-16,14.62509822845459
2010-12-17,14.680155754089355
2010-12-20,14.723424911499023
2010-12-21,14.837479591369629
2010-12-22,14.87484359741211
2010-12-23,14.833544731140137
2010-12-27,14.836739540100098
2010-12-28,14.816832542419434
2010-12-29,14.862598419189453
2010-12-30,14.862598419189453
2010-12-31,14.814840316772461
2011-01-03,14.993915557861328
2011-01-04,14.880499839782715
2011-01-05,14.956111907958984
2011-01-06,14.914331436157227
2011-01-07,14.892444610595703
2011-01-10,14.920296669006348
2011-01-11,14.993915557861328
2011-01-12,15.111298561096191
2011-01-13,15.111298561096191
2011-01-14,15.2087984085083
2011-01-18,15.292359352111816
2011-01-19,15.043654441833496
2011-01-20,14.960091590881348
2011-01-21,14.950141906738281
2011-01-24,15.059576034545898
2011-01-25,15.049620628356934
2011-01-26,15.212775230407715
2011-01-27,15.28838062286377
2011-01-28,15.017789840698242
2011-01-31,15.135177612304688
2011-02-01,15.377908706665039
2011-02-02,15.342098236083984
2011-02-03,15.431632041931152
2011-02-04,15.507248878479004
2011-02-07,15.602744102478027
2011-02-08,15.656466484069824
2011-02-09,15.59876537322998
2011-02-10,15.67436695098877
2011-02-11,15.791754722595215
2011-02-14,15.869351387023926
2011-02-15,15.787775993347168
2011-02-16,15.921086311340332
2011-02-17,15.998680114746094
2011-02-18,16.000667572021484
2011-02-22,15.5848388671875
2011-02-23,15.419696807861328
2011-02-24,15.435611724853516
2011-02-25,15.716148376464844
2011-02-28,15.759923934936523
2011-03-01,15.447548866271973
2011-03-02,15.549023628234863
2011-03-03,15.849453926086426
2011-03-04,15.751965522766113
2011-03-07,15.570913314819336
2011-03-08,15.71217155456543
2011-03-09,15.670390129089355
2011-03-10,15.369948387145996
2011-03-11,15.50922966003418
2011-03-14,15.427659034729004
2011-03-15,15.28042221069336
2011-03-16,15.089417457580566
2011-03-17,15.240629196166992
2011-03-18,15.31424331665039
2011-03-21,15.580859184265137
2011-03-22,15.501277923583984
2011-03-23,15.532118797302246
2011-03-24,15.697295188903809
2011-03-25,15.794797897338867
2011-03-28,15.725152015686035
2011-03-29,15.858479499816895
2011-03-30,16.011714935302734
2011-03-31,16.02962303161621
2011-04-01,16.12116241455078
2011-04-04,16.141067504882812
2011-04-05,16.176881790161133
2011-04-06,16.17091178894043
2011-04-07,16.105241775512695
2011-04-08,16.01767921447754
2011-04-11,15.918176651000977
2011-04-12,15.768927574157715
2011-04-13,15.836589813232422
2011-04-14,15.832612991333008
2011-04-15,15.961967468261719
2011-04-18,15.751015663146973
2011-04-19,15.838571548461914
2011-04-20,16.11519432067871
2011-04-21,16.232601165771484
2011-04-25,16.202754974365234
2011-04-26,16.334096908569336
2011-04-27,16.403745651245117
2011-04-28,16.435592651367188
2011-04-29,16.463449478149414
2011-05-02,16.411710739135742
2011-05-03,16.25449562072754
2011-05-04,16.11519432067871
2011-05-05,16.075393676757812
2011-05-06,16.151016235351562
2011-05-09,16.26643943786621
2011-05-10,16.459468841552734
2011-05-11,16.276382446289062
2011-05-12,16.352005004882812
2011-05-13,16.218677520751953
2011-05-16,16.105241775512695
2011-05-17,16.035585403442383
2011-05-18,16.25847625732422
2011-05-19,16.28434944152832
2011-05-20,16.200763702392578
2011-05-23,15.961967468261719
2011-05-24,15.926142692565918
2011-05-25,16.023645401000977
2011-05-26,16.151016235351562
2011-05-27,16.242555618286133
2011-05-31,16.393796920776367
2011-06-01,16.01767921447754
2011-06-02,16.013702392578125
2011-06-03,15.802755355834961
2011-06-06,15.573904991149902
2011-06-07,15.609725952148438
2011-06-08,15.46246337890625
2011-06-09,15.561964988708496
2011-06-10,15.323160171508789
2011-06-13,15.26943588256836
2011-06-14,15.51619815826416
2011-06-15,15.261473655700684
2011-06-16,15.215702056884766
2011-06-17,15.25152587890625
2011-06-20,15.355009078979492
2011-06-21,15.657491683959961
2011-06-22,15.579879760742188
2011-06-23,15.597790718078613
2011-06-24,15.430624961853027
2011-06-27,15.522163391113281
2011-06-28,15.756989479064941
2011-06-29,15.888330459594727
2011-06-30,16.003761291503906
2011-07-01,16.2684268951416
2011-07-05,16.25847625732422
2011-07-06,16.278369903564453
2011-07-07,16.46742820739746
2011-07-08,16.334096908569336
2011-07-11,15.959980010986328
2011-07-12,15.866433143615723
2011-07-13,15.932106971740723
2011-07-14,15.75500202178955
2011-07-15,15.902262687683105
2011-07-18,15.707239151000977
2011-07-19,16.009721755981445
2011-07-20,15.977882385253906
2011-07-21,16.129127502441406
2011-07-22,16.194795608520508
2011-07-25,16.075393676757812
2011-07-26,15.997785568237305
2011-07-27,15.573904991149902
2011-07-28,15.506247520446777
2011-07-29,15.45450496673584
2011-08-01,15.345054626464844
2011-08-02,14.84555721282959
2011-08-03,14.941083908081055
2011-08-04,14.037607192993164
2011-08-05,13.882389068603516
2011-08-08,12.789867401123047
2011-08-09,13.550055503845215
2011-08-10,13.084392547607422
2011-08-11,13.76298713684082
2011-08-12,13.864477157592773
2011-08-15,14.208756446838379
2011-08-16,14.013731002807617
2011-08-17,13.9580078125
2011-08-18,13.21374225616455
2011-08-19,12.959017753601074
2011-08-22,12.96897029876709
2011-08-23,13.46845817565918
2011-08-24,13.657517433166504
2011-08-25,13.376923561096191
2011-08-26,13.685375213623047
2011-08-29,14.206765174865723
2011-08-30,14.290337562561035
2011-08-31,14.37790584564209
2011-09-01,14.162981033325195
2011-09-02,13.755026817321777
2011-09-06,13.667465209960938
2011-09-07,14.13512134552002
2011-09-08,13.9580078125
2011-09-09,13.577914237976074
2011-09-12,13.639606475830078
2011-09-13,13.832640647888184
2011-09-14,14.073427200317383
2011-09-15,14.246560096740723
2011-09-16,14.276412010192871
2011-09-19,14.123185157775879
2011-09-20,14.009748458862305
2011-09-21,13.57194709777832
2011-09-22,13.086382865905762
2011-09-23,13.181901931762695
2011-09-26,13.476424217224121
2011-09-27,13.67542839050293
2011-09-28,13.287369728088379
2011-09-29,13.321205139160156
2011-09-30,12.955039024353027
2011-10-03,12.411761283874512
2011-10-04,12.807779312133789
2011-10-05,13.092351913452148
2011-10-06,13.406774520874023
2011-10-07,13.217720031738281
2011-10-10,13.677417755126953
2011-10-11,13.693339347839355
2011-10-12,13.850544929504395
2011-10-13,13.884381294250488
2011-10-14,14.133129119873047
2011-10-17,13.798806190490723
2011-10-18,14.12716007232666
2011-10-19,13.912240982055664
2011-10-20,13.979896545410156
2011-10-21,14.292330741882324
2011-10-24,14.662483215332031
2011-10-25,14.28437328338623
2011-10-26,14.459494590759277
2011-10-27,15.014710426330566
2011-10-28,15.030631065368652
2011-10-31,14.650537490844727
2011-11-01,14.242584228515625
2011-11-02,14.503277778625488
2011-11-03,14.791834831237793
2011-11-04,14.803767204284668
2011-11-07,14.803767204284668
2011-11-08,14.931126594543457
2011-11-09,14.318203926086426
2011-11-10,14.39979362487793
2011-11-11,14.730135917663574
2011-11-14,14.562978744506836
2011-11-15,14.682381629943848
2011-11-16,14.46944808959961
2011-11-17,14.186861991882324
2011-11-18,14.168949127197266
2011-11-21,13.908257484436035
2011-11-22,13.862491607666016
2011-11-23,13.500303268432617
2011-11-25,13.472442626953125
2011-11-28,13.916215896606445
2011-11-29,13.93612003326416
2011-11-30,14.56098461151123
2011-12-01,14.549047470092773
2011-12-02,14.549047470092773
2011-12-05,14.708248138427734
2011-12-06,14.682381629943848
2011-12-07,14.646553039550781
2011-12-08,14.300296783447266
2011-12-09,14.576905250549316
2011-12-12,14.3500394821167
2011-12-13,14.10129165649414
2011-12-14,13.888361930847168
2011-12-15,13.967961311340332
2011-12-16,14.073427200317383
2011-12-19,13.870448112487793
2011-12-20,14.33212661743164
2011-12-21,14.33212661743164
2011-12-22,14.527155876159668
2011-12-23,14.62517261505127
2011-12-27,14.643322944641113
2011-12-28,14.415431022644043
2011-12-29,14.582817077636719
2011-12-30,14.508196830749512
2012-01-03,14.691722869873047
2012-01-04,14.675580978393555
2012-01-05,14.788521766662598
2012-01-06,14.77440357208252
2012-01-09,14.824821472167969
2012-01-10,15.010359764099121
2012-01-11,15.0204439163208
2012-01-12,15.103126525878906
2012-01-13,15.002290725708008
2012-01-17,15.0224609375
2012-01-18,15.2684965133667
2012-01-19,15.37941837310791
2012-01-20,15.333032608032227
2012-01-23,15.359249114990234
2012-01-24,15.413697242736816
2012-01-25,15.625454902648926
2012-01-26,15.510498046875
2012-01-27,15.568989753723145
2012-01-30,15.468152046203613
2012-01-31,15.476219177246094
2012-02-01,15.720244407653809
2012-02-02,15.756540298461914
2012-02-03,16.018712997436523
2012-02-06,16.004592895507812
2012-02-07,16.028799057006836
2012-02-08,16.06308364868164
2012-02-09,16.131643295288086
2012-02-10,15.978374481201172
2012-02-13,16.103418350219727
2012-02-14,16.101398468017578
2012-02-15,16.046951293945312
2012-02-16,16.25265121459961
2012-02-17,16.248624801635742
2012-02-21,16.165939331054688
2012-02-22,16.11551856994629
2012-02-23,16.230470657348633
2012-02-24,16.260713577270508
2012-02-27,16.264753341674805
2012-02-28,16.24256706237793
2012-02-29,16.145761489868164
2012-03-01,16.286937713623047
2012-03-02,16.18610191345215
2012-03-05,16.08123016357422
2012-03-06,15.786800384521484
2012-03-07,15.944101333618164
2012-03-08,16.123577117919922
2012-03-09,16.236522674560547
2012-03-12,16.18610191345215
2012-03-13,16.4744930267334
2012-03-14,16.385757446289062
2012-03-15,16.524904251098633
2012-03-16,16.514820098876953
2012-03-19,16.561208724975586
2012-03-20,16.458354949951172
2012-03-21,16.470455169677734
2012-03-22,16.320802688598633
2012-03-23,16.395423889160156
2012-03-26,16.61728858947754
2012-03-27,16.550729751586914
2012-03-28,16.435760498046875
2012-03-29,16.413576126098633
2012-03-30,16.453914642333984
2012-04-02,16.578968048095703
2012-04-03,16.56484031677246
2012-04-04,16.336936950683594
2012-04-05,16.304662704467773
2012-04-09,16.092885971069336
2012-04-10,15.7399320602417
2012-04-11,15.9174222946167
2012-04-12,16.1816349029541
2012-04-13,16.012216567993164
2012-04-16,15.977926254272461
2012-04-17,16.22600746154785
2012-04-18,16.165504455566406
2012-04-19,16.104991912841797
2012-04-20,16.117090225219727
2012-04-23,15.955737113952637
2012-04-24,15.965827941894531
2012-04-25,16.23206329345703
2012-04-26,16.37122344970703
2012-04-27,16.43172836303711
2012-04-30,16.35105323791504
2012-05-01,16.457950592041016
2012-05-02,16.44786834716797
2012-05-03,16.248193740844727
2012-05-04,15.977926254272461
2012-05-07,15.992037773132324
2012-05-08,15.903305053710938
2012-05-09,15.848852157592773
2012-05-10,15.875068664550781
2012-05-11,15.867000579833984
2012-05-14,15.661271095275879
2012-05-15,15.558409690856934
2012-05-16,15.445465087890625
2012-05-17,15.04410171508789
2012-05-18,14.846439361572266
2012-05-21,15.23973560333252
2012-05-22,15.261929512023926
2012-05-23,15.338577270507812
2012-05-24,15.350668907165527
2012-05-25,15.354704856872559
2012-05-29,15.558409690856934
2012-05-30,15.249821662902832
2012-05-31,15.189311027526855
2012-06-01,14.713323593139648
2012-06-04,14.640719413757324
2012-06-05,14.834342002868652
2012-06-06,15.181248664855957
2012-06-07,15.106621742248535
2012-06-08,15.237722396850586
2012-06-11,14.951321601867676
2012-06-12,15.116710662841797
2012-06-13,14.943255424499512
2012-06-14,15.07032585144043
2012-06-15,15.241752624511719
2012-06-18,15.358736038208008
2012-06-19,15.540261268615723
2012-06-20,15.516057014465332
2012-06-21,15.096540451049805
2012-06-22,15.213516235351562
2012-06-25,14.941244125366211
2012-06-26,15.032002449035645
2012-06-27,15.140911102294922
2012-06-28,15.132844924926758
2012-06-29,15.570508003234863
2012-07-02,15.62496280670166
2012-07-03,15.78228759765625
2012-07-05,15.758078575134277
2012-07-06,15.570508003234863
2012-07-09,15.485804557800293
2012-07-10,15.29419994354248
2012-07-11,15.272010803222656
2012-07-12,15.221589088439941
2012-07-13,15.445465087890625
2012-07-16,15.38294792175293
2012-07-17,15.499914169311523
2012-07-18,15.616899490356445
2012-07-19,15.659257888793945
2012-07-20,15.489838600158691
2012-07-23,15.31235122680664
2012-07-24,15.110655784606934
2012-07-25,15.118724822998047
2012-07-26,15.38294792175293
2012-07-27,15.709681510925293
2012-07-30,15.657238960266113
2012-07-31,15.576562881469727
2012-08-01,15.471683502197266
2012-08-02,15.358736038208008
2012-08-03,15.687485694885254
2012-08-06,15.754059791564941
2012-08-07,15.919437408447266
2012-08-08,15.921455383300781
2012-08-09,15.963809967041016
2012-08-10,15.977926254272461
2012-08-13,15.953717231750488
2012-08-14,15.93960952758789
2012-08-15,16.018264770507812
2012-08-16,16.167522430419922
2012-08-17,16.21591567993164
2012-08-20,16.177597045898438
2012-08-21,16.16952896118164
2012-08-22,16.145326614379883
2012-08-23,16.014230728149414
2012-08-24,16.078773498535156
2012-08-27,16.050533294677734
2012-08-28,16.06869125366211
2012-08-29,16.10095977783203
2012-08-30,15.969858169555664
2012-08-31,16.052553176879883
2012-09-04,16.086837768554688
2012-09-05,16.06869125366211
2012-09-06,16.40349578857422
2012-09-07,16.498289108276367
2012-09-10,16.42770004272461
2012-09-11,16.47408676147461
2012-09-12,16.544679641723633
2012-09-13,16.73224639892578
2012-09-14,16.891582489013672
2012-09-17,16.754430770874023
2012-09-18,16.675777435302734
2012-09-19,16.734270095825195
2012-09-20,16.63543701171875
2012-09-21,16.639476776123047
2012-09-24,16.580982208251953
2012-09-25,16.349042892456055
2012-09-26,16.244163513183594
2012-09-27,16.40953826904297
2012-09-28,16.36920928955078
2012-10-01,16.373249053955078
2012-10-02,16.42366600036621
2012-10-03,16.451904296875
2012-10-04,16.589052200317383
2012-10-05,16.591068267822266
2012-10-08,16.556777954101562
2012-10-09,16.367191314697266
2012-10-10,16.260292053222656
2012-10-11,16.332902908325195
2012-10-12,16.260292053222656
2012-10-15,16.37122344970703
2012-10-16,16.542661666870117
2012-10-17,16.633420944213867
2012-10-18,16.625356674194336
2012-10-19,16.377277374267578
2012-10-22,16.336936950683594
2012-10-23,16.175586700439453
2012-10-24,16.113067626953125
2012-10-25,16.15944480895996
2012-10-26,16.135244369506836
2012-10-31,16.1816349029541
2012-11-01,16.466020584106445
2012-11-02,16.298612594604492
2012-11-05,16.377277374267578
2012-11-06,16.52853775024414
2012-11-07,16.19575309753418
2012-11-08,15.988015174865723
2012-11-09,15.998095512390137
2012-11-12,15.971879959106445
2012-11-13,15.941618919372559
2012-11-14,15.735897064208984
2012-11-15,15.665308952331543
2012-11-16,15.766146659851074
2012-11-19,16.05457305908203
2012-11-20,16.09894371032715
2012-11-21,16.145326614379883
2012-11-23,16.32282066345215
2012-11-26,16.28651237487793
2012-11-27,16.2280216217041
2012-11-28,16.342988967895508
2012-11-29,16.411563873291016
2012-11-30,16.441814422607422
2012-12-03,16.35105323791504
2012-12-04,16.365177154541016
2012-12-05,16.415599822998047
2012-12-06,16.48013687133789
2012-12-07,16.522485733032227
2012-12-10,16.58501625061035
2012-12-11,16.675777435302734
2012-12-12,16.669727325439453
2012-12-13,16.580982208251953
2012-12-14,16.548721313476562
2012-12-17,16.72014617919922
2012-12-18,16.939990997314453
2012-12-19,16.88351821899414
2012-12-20,16.992429733276367
2012-12-21,16.85931396484375
2012-12-24,16.81513786315918
2012-12-26,16.6965274810791
2012-12-27,16.698570251464844
2012-12-28,16.539047241210938
2012-12-31,16.860139846801758
2013-01-02,17.242582321166992
2013-01-03,17.2446231842041
2013-01-04,17.36119270324707
2013-01-07,17.316204071044922
2013-01-08,17.27938461303711
2013-01-09,17.363239288330078
2013-01-10,17.426633834838867
2013-01-11,17.42868423461914
2013-01-14,17.436859130859375
2013-01-15,17.512535095214844
2013-01-16,17.48594093322754
2013-01-17,17.647512435913086
2013-01-18,17.69659423828125
2013-01-22,17.827482223510742
2013-01-23,17.804988861083984
2013-01-24,17.899059295654297
2013-01-25,18.052448272705078
2013-01-28,17.99313735961914
2013-01-29,18.032001495361328
2013-01-30,17.96450424194336
2013-01-31,17.968599319458008
2013-02-01,18.119943618774414
2013-02-04,17.946109771728516
2013-02-05,18.10153579711914
2013-02-06,18.162891387939453
2013-02-07,18.121984481811523
2013-02-08,18.228330612182617
2013-02-11,18.21811294555664
2013-02-12,18.263097763061523
2013-02-13,18.27741241455078
2013-02-14,18.306049346923828
2013-02-15,18.28968620300293
2013-02-19,18.402172088623047
2013-02-20,18.103574752807617
2013-02-21,17.923606872558594
2013-02-22,18.119943618774414
2013-02-25,17.792720794677734
2013-02-26,17.89702606201172
2013-02-27,18.185382843017578
2013-02-28,18.18742561340332
2013-03-01,18.236507415771484
2013-03-04,18.336727142333984
2013-03-05,18.531017303466797
2013-03-06,18.545331954956055
2013-03-07,18.565786361694336
2013-03-08,18.70485496520996
2013-03-11,18.753936767578125
2013-03-12,18.723255157470703
2013-03-13,18.79279136657715
2013-03-14,18.909366607666016
2013-03-15,18.841869354248047
2013-03-18,18.753936767578125
2013-03-19,18.68440055847168
2013-03-20,18.874431610107422
2013-03-21,18.714876174926758
2013-03-22,18.790565490722656
2013-03-25,18.721012115478516
2013-03-26,18.862154006958008
2013-03-27,18.87852668762207
2013-03-28,19.00126075744629
2013-04-01,18.82533836364746
2013-04-02,18.819198608398438
2013-04-03,18.565549850463867
2013-04-04,18.676010131835938
2013-04-05,18.624868392944336
2013-04-08,18.770109176635742
2013-04-09,18.821247100830078
2013-04-10,19.064666748046875
2013-04-11,19.162857055664062
2013-04-12,19.10558319091797
2013-04-15,18.56760025024414
2013-04-16,18.890796661376953
2013-04-17,18.596235275268555
2013-04-18,18.504182815551758
2013-04-19,18.74555778503418
2013-04-22,18.802837371826172
2013-04-23,19.042165756225586
2013-04-24,19.097394943237305
2013-04-25,19.228313446044922
2013-04-26,19.130128860473633
2013-04-29,19.234451293945312
2013-04-30,19.330595016479492
2013-05-01,19.11989974975586
2013-05-02,19.310142517089844
2013-05-03,19.51878547668457
2013-05-06,19.59650993347168
2013-05-07,19.715164184570312
2013-05-08,19.80925750732422
2013-05-09,19.741758346557617
2013-05-10,19.88289451599121
2013-05-13,19.83584976196289
2013-05-14,20.060855865478516
2013-05-15,20.17745018005371
2013-05-16,20.046539306640625
2013-05-17,20.261323928833008
2013-05-20,20.238828659057617
2013-05-21,20.27359962463379
2013-05-22,19.987218856811523
2013-05-23,19.950403213500977
2013-05-24,19.86857032775879
2013-05-28,19.98516845703125
2013-05-29,19.829710006713867
2013-05-30,19.934038162231445
2013-05-31,19.688566207885742
2013-06-03,19.67015838623047
2013-06-04,19.551513671875
2013-06-05,19.28763771057129
2013-06-06,19.49832534790039
2013-06-07,19.754024505615234
2013-06-10,19.74584197998047
2013-06-11,19.522871017456055
2013-06-12,19.334684371948242
2013-06-13,19.692659378051758
2013-06-14,19.614917755126953
2013-06-17,19.76017189025879
2013-06-18,19.909488677978516
2013-06-19,19.633338928222656
2013-06-20,19.109668731689453
2013-06-21,19.11171531677246
2013-06-24,18.890796661376953
2013-06-25,19.11171531677246
2013-06-26,19.297866821289062
2013-06-27,19.522871017456055
2013-06-28,19.461515426635742
2013-07-01,19.619020462036133
2013-07-02,19.56174087524414
2013-07-03,19.563785552978516
2013-07-05,19.768339157104492
2013-07-08,19.848119735717773
2013-07-09,19.98516845703125
2013-07-10,20.021991729736328
2013-07-11,20.314512252807617
2013-07-12,20.382017135620117
2013-07-15,20.43109703063965
2013-07-16,20.294057846069336
2013-07-17,20.361557006835938
2013-07-18,20.510883331298828
2013-07-19,20.551795959472656
2013-07-22,20.600894927978516
2013-07-23,20.527252197265625
2013-07-24,20.396337509155273
2013-07-25,20.527252197265625
2013-07-26,20.494525909423828
2013-07-29,20.418832778930664
2013-07-30,20.506793975830078
2013-07-31,20.574295043945312
2013-08-01,20.93840789794922
2013-08-02,20.94658660888672
2013-08-05,20.930217742919922
2013-08-06,20.784990310668945
2013-08-07,20.64384651184082
2013-08-08,20.789079666137695
2013-08-09,20.782947540283203
2013-08-12,20.7727108001709
2013-08-13,20.77884864807129
2013-08-14,20.62543487548828
2013-08-15,20.31655502319336
2013-08-16,20.244966506958008
2013-08-19,20.093585968017578
2013-08-20,20.322690963745117
2013-08-21,20.185632705688477
2013-08-22,20.416786193847656
2013-08-23,20.453603744506836
2013-08-26,20.418832778930664
2013-08-27,20.040401458740234
2013-08-28,20.071090698242188
2013-08-29,20.17336654663086
2013-08-30,20.03835678100586
2013-09-03,20.126325607299805
2013-09-04,20.322690963745117
2013-09-05,20.382017135620117
2013-09-06,20.3942928314209
2013-09-09,20.672481536865234
2013-09-10,20.864765167236328
2013-09-11,20.922042846679688
2013-09-12,20.823854446411133
2013-09-13,20.875
2013-09-16,21.02227783203125
2013-09-17,21.134780883789062
2013-09-18,21.351608276367188
2013-09-19,21.329103469848633
2013-09-20,21.14706039428711
2013-09-23,21.01613426208496
2013-09-24,21.048873901367188
2013-09-25,21.012042999267578
2013-09-26,21.09796142578125
2013-09-27,21.001813888549805
2013-09-30,20.962953567504883
2013-10-01,21.177734375
2013-10-02,21.165464401245117
2013-10-03,21.001813888549805
2013-10-04,21.187965393066406
2013-10-07,20.962953567504883
2013-10-08,20.623394012451172
2013-10-09,20.6049747467041
2013-10-10,21.032503128051758
2013-10-11,21.167509078979492
2013-10-14,21.247289657592773
2013-10-15,21.044775009155273
2013-10-16,21.355703353881836
2013-10-17,21.54390525817871
2013-10-18,21.689132690429688
2013-10-21,21.65435218811035
2013-10-22,21.781177520751953
2013-10-23,21.65435218811035
2013-10-24,21.71367835998535
2013-10-25,21.78527069091797
2013-10-28,21.770952224731445
2013-10-29,21.899822235107422
2013-10-30,21.719812393188477
2013-10-31,21.66458511352539
2013-11-01,21.699357986450195
2013-11-04,21.846633911132812
2013-11-05,21.732086181640625
2013-11-06,21.73822593688965
2013-11-07,21.384336471557617
2013-11-08,21.672765731811523
2013-11-11,21.736173629760742
2013-11-12,21.703449249267578
2013-11-13,21.920272827148438
2013-11-14,21.99186897277832
2013-11-15,22.120744705200195
2013-11-18,21.944826126098633
2013-11-19,21.822092056274414
2013-11-20,21.768909454345703
2013-11-21,22.014375686645508
2013-11-22,22.07573890686035
2013-11-25,22.06960678100586
2013-11-26,22.10028648376465
2013-11-27,22.1637020111084
2013-11-29,22.110511779785156
2013-12-02,22.065513610839844
2013-12-03,22.01028823852539
2013-12-04,21.979595184326172
2013-12-05,21.944826126098633
2013-12-06,22.135055541992188
2013-12-09,22.180065155029297
2013-12-10,22.120744705200195
2013-12-11,21.81390953063965
2013-12-12,21.80982208251953
2013-12-13,21.848684310913086
2013-12-16,21.99595832824707
2013-12-17,21.989824295043945
2013-12-18,22.257797241210938
2013-12-19,22.182117462158203
2013-12-20,22.370304107666016
2013-12-23,22.499174118041992
2013-12-24,22.5869197845459
2013-12-26,22.646940231323242
2013-12-27,22.615886688232422
2013-12-30,22.657291412353516
2013-12-31,22.769039154052734
2014-01-02,22.53931999206543
2014-01-03,22.5476016998291
2014-01-06,22.4523983001709
2014-01-07,22.63037872314453
2014-01-08,22.711091995239258
2014-01-09,22.742141723632812
2014-01-10,22.839401245117188
2014-01-13,22.53725814819336
2014-01-14,22.829055786132812
2014-01-15,22.89321517944336
2014-01-16,22.864242553710938
2014-01-17,22.79801368713379
2014-01-21,22.876659393310547
2014-01-22,22.990482330322266
2014-01-23,22.769039154052734
2014-01-24,22.197843551635742
2014-01-27,22.071603775024414
2014-01-28,22.2764835357666
2014-01-29,22.07988929748535
2014-01-30,22.336505889892578
2014-01-31,22.224754333496094
2014-02-03,21.647354125976562
2014-02-04,21.86672592163086
2014-02-05,21.81291389465332
2014-02-06,22.13368797302246
2014-02-07,22.400663375854492
2014-02-10,22.46068572998047
2014-02-11,22.65522003173828
2014-02-12,22.744203567504883
2014-02-13,22.90562629699707
2014-02-14,22.9946231842041
2014-02-18,23.141550064086914
2014-02-19,23.064983367919922
2014-02-20,23.263668060302734
2014-02-21,23.286420822143555
2014-02-24,23.404390335083008
2014-02-25,23.41059684753418
2014-02-26,23.476821899414062
2014-02-27,23.565805435180664
2014-02-28,23.572019577026367
2014-03-03,23.406457901000977
2014-03-04,23.77069854736328
2014-03-05,23.731374740600586
2014-03-06,23.752071380615234
2014-03-07,23.737581253051758
2014-03-10,23.6630859375
2014-03-11,23.55132484436035
2014-03-12,23.547189712524414
2014-03-13,23.267797470092773
2014-03-14,23.311254501342773
2014-03-17,23.468549728393555
2014-03-18,23.68377113342285
2014-03-19,23.534767150878906
2014-03-20,23.613414764404297
2014-03-21,23.536834716796875
2014-03-24,23.344375610351562
2014-03-25,23.37211036682129
2014-03-26,23.127853393554688
2014-03-27,23.113361358642578
2014-03-28,23.241703033447266
2014-03-31,23.510801315307617
2014-04-01,23.750913619995117
2014-04-02,23.819225311279297
2014-04-03,23.697101593017578
2014-04-04,23.388669967651367
2014-04-07,22.99744987487793
2014-04-08,23.150619506835938
2014-04-09,23.41351318359375
2014-04-10,22.869110107421875
2014-04-11,22.571029663085938
2014-04-14,22.728349685668945
2014-04-15,22.873241424560547
2014-04-16,23.136133193969727
2014-04-17,23.198226928710938
2014-04-21,23.258256912231445
2014-04-22,23.411441802978516
2014-04-23,23.351408004760742
2014-04-24,23.32450294494629
2014-04-25,23.06161117553711
2014-04-28,23.049190521240234
2014-04-29,23.169252395629883
2014-04-30,23.310007095336914
2014-05-01,23.353485107421875
2014-05-02,23.37003517150879
2014-05-05,23.39695167541504
2014-05-06,23.204442977905273
2014-05-07,23.291379928588867
2014-05-08,23.21478843688965
2014-05-09,23.268611907958984
2014-05-12,23.562549591064453
2014-05-13,23.519073486328125
2014-05-14,23.399019241333008
2014-05-15,23.189956665039062
2014-05-16,23.314151763916016
2014-05-19,23.42179298400879
2014-05-20,23.20029640197754
2014-05-21,23.34313201904297
2014-05-22,23.45905303955078
2014-05-23,23.587387084960938
2014-05-27,23.746776580810547
2014-05-28,23.719863891601562
2014-05-29,23.835784912109375
2014-05-30,23.85234260559082
2014-06-02,23.906158447265625
2014-06-03,23.924793243408203
2014-06-04,24.017948150634766
2014-06-05,24.198036193847656
2014-06-06,24.326366424560547
2014-06-09,24.344995498657227
2014-06-10,24.270484924316406
2014-06-11,24.18975257873535
2014-06-12,24.026220321655273
2014-06-13,24.121440887451172
2014-06-16,24.140071868896484
2014-06-17,24.247713088989258
2014-06-18,24.40088653564453
2014-06-19,24.40088653564453
2014-06-20,24.500240325927734
2014-06-23,24.48575782775879
2014-06-24,24.34914207458496
2014-06-25,24.436080932617188
2014-06-26,24.429868698120117
2014-06-27,24.508525848388672
2014-06-30,24.56441879272461
2014-07-01,24.730012893676758
2014-07-02,24.674121856689453
2014-07-03,24.80453109741211
2014-07-07,24.62651824951172
2014-07-08,24.47747230529785
2014-07-09,24.57890510559082
2014-07-10,24.45677375793457
2014-07-11,24.45884132385254
2014-07-14,24.554075241088867
2014-07-15,24.47747230529785
2014-07-16,24.520957946777344
2014-07-17,24.206308364868164
2014-07-18,24.489898681640625
2014-07-21,24.419517517089844
2014-07-22,24.56234359741211
2014-07-23,24.56027603149414
2014-07-24,24.63272476196289
2014-07-25,24.51887321472168
2014-07-28,24.508525848388672
2014-07-29,24.411237716674805
2014-07-30,24.411237716674805
2014-07-31,23.955839157104492
2014-08-01,23.891664505004883
2014-08-04,24.0676212310791
2014-08-05,23.88960075378418
2014-08-06,23.868900299072266
2014-08-07,23.72193717956543
2014-08-08,24.005523681640625
2014-08-11,24.098674774169922
2014-08-12,24.03450584411621
2014-08-13,24.208375930786133
2014-08-14,24.330509185791016
2014-08-15,24.332582473754883
2014-08-18,24.572696685791016
2014-08-19,24.692747116088867
2014-08-20,24.80038833618164
2014-08-21,24.819019317626953
2014-08-22,24.816951751708984
2014-08-25,24.934940338134766
2014-08-26,24.968061447143555
2014-08-27,24.978412628173828
2014-08-28,24.970130920410156
2014-08-29,25.0819091796875
2014-09-02,25.119169235229492
2014-09-03,25.110889434814453
2014-09-04,25.05707550048828
2014-09-05,25.179203033447266
2014-09-08,25.135730743408203
2014-09-09,24.930805206298828
2014-09-10,24.986690521240234
2014-09-11,25.026020050048828
2014-09-12,24.82730484008789
2014-09-15,24.705167770385742
2014-09-16,24.864564895629883
2014-09-17,24.86663246154785
2014-09-18,24.95771026611328
2014-09-19,24.88733673095703
2014-09-22,24.61409568786621
2014-09-23,24.4484920501709
2014-09-24,24.62859344482422
2014-09-25,24.280826568603516
2014-09-26,24.45470428466797
2014-09-29,24.434005737304688
2014-09-30,24.282896041870117
2014-10-01,23.941354751586914
2014-10-02,23.959985733032227
2014-10-03,24.202165603637695
2014-10-06,24.15456199645996
2014-10-07,23.77161407470703
2014-10-08,24.140071868896484
2014-10-09,23.610153198242188
2014-10-10,23.218931198120117
2014-10-13,22.792516708374023
2014-10-14,22.96847152709961
2014-10-15,22.92913818359375
2014-10-16,23.09266471862793
2014-10-17,23.34726905822754
2014-10-20,23.616363525390625
2014-10-21,24.152488708496094
2014-10-22,23.88339614868164
2014-10-23,24.216659545898438
2014-10-24,24.415372848510742
2014-10-27,24.384323120117188
2014-10-28,24.748647689819336
2014-10-29,24.63893699645996
2014-10-30,24.78383445739746
2014-10-31,25.10881805419922
2014-11-03,25.133663177490234
2014-11-04,24.997045516967773
2014-11-05,25.152294158935547
2014-11-06,25.319961547851562
2014-11-07,25.31789207458496
2014-11-10,25.37791633605957
2014-11-11,25.388269424438477
2014-11-12,25.419313430786133
2014-11-13,25.371707916259766
2014-11-14,25.379987716674805
2014-11-17,25.379987716674805
2014-11-18,25.551788330078125
2014-11-19,25.518678665161133
2014-11-20,25.624252319335938
2014-11-21,25.773283004760742
2014-11-24,25.88298797607422
2014-11-25,25.83951759338379
2014-11-26,25.88713264465332
2014-11-28,25.820890426635742
2014-12-01,25.541446685791016
2014-12-02,25.667720794677734
2014-12-03,25.851943969726562
2014-12-04,25.822961807250977
2014-12-05,25.86642837524414
2014-12-08,25.655296325683594
2014-12-09,25.698768615722656
2014-12-10,25.264068603515625
2014-12-11,25.39861488342285
2014-12-12,25.013601303100586
2014-12-15,24.876985549926758
2014-12-16,24.730012893676758
2014-12-17,25.27855682373047
2014-12-18,25.783632278442383
2014-12-19,25.914039611816406
2014-12-22,26.027029037475586
2014-12-23,26.12555503845215
2014-12-24,26.138134002685547
2014-12-26,26.213600158691406
2014-12-29,26.27438735961914
2014-12-30,26.12555503845215
2014-12-31,25.90125846862793
2015-01-02,25.90544891357422
2015-01-05,25.448463439941406
2015-01-06,25.171762466430664
2015-01-07,25.492481231689453
2015-01-08,25.949472427368164
2015-01-09,25.762903213500977
2015-01-12,25.534414291381836
2015-01-13,25.4987735748291
2015-01-14,25.358327865600586
2015-01-15,25.096302032470703
2015-01-16,25.463138580322266
2015-01-20,25.414920806884766
2015-01-21,25.605688095092773
2015-01-22,25.976713180541992
2015-01-23,25.861417770385742
2015-01-26,26.041706085205078
2015-01-27,25.857227325439453
2015-01-28,25.538602828979492
2015-01-29,25.74403190612793
2015-01-30,25.381385803222656
2015-02-02,25.63713264465332
2015-02-03,26.047998428344727
2015-02-04,25.93269920349121
2015-02-05,26.25133514404297
2015-02-06,26.140222549438477
2015-02-09,26.014453887939453
2015-02-10,26.3016414642334
2015-02-11,26.284870147705078
2015-02-12,26.56157112121582
2015-02-13,26.699928283691406
2015-02-17,26.73137092590332
2015-02-18,26.825708389282227
2015-02-19,26.819412231445312
2015-02-20,27.001787185668945
2015-02-23,26.98711395263672
2015-02-24,27.010168075561523
2015-02-25,27.062580108642578
2015-02-26,26.966150283813477
2015-02-27,26.91164207458496
2015-03-02,27.102405548095703
2015-03-03,26.993396759033203
2015-03-04,26.842472076416016
2015-03-05,26.955669403076172
2015-03-06,26.576244354248047
2015-03-09,26.645423889160156
2015-03-10,26.282772064208984
2015-03-11,26.328887939453125
2015-03-12,26.676868438720703
2015-03-13,26.521747589111328
2015-03-16,26.8613338470459
2015-03-17,26.82779884338379
2015-03-18,27.148523330688477
2015-03-19,27.07514762878418
2015-03-20,27.307842254638672
2015-03-23,27.253332138061523
2015-03-24,27.11707878112793
2015-03-25,26.701305389404297
2015-03-26,26.657270431518555
2015-03-27,26.833402633666992
2015-03-30,27.168865203857422
2015-03-31,27.823036193847656
2015-04-01,26.896299362182617
2015-04-02,27.047264099121094
2015-04-06,27.219186782836914
2015-04-07,27.11016082763672
2015-04-08,27.273698806762695
2015-04-09,27.347084045410156
2015-04-10,27.401599884033203
2015-04-13,27.265308380126953
2015-04-14,27.294668197631836
2015-04-15,27.439340591430664
2015-04-16,27.391117095947266
2015-04-17,27.108057022094727
2015-04-20,27.2841854095459
2015-04-21,27.288372039794922
2015-04-22,27.363861083984375
2015-04-23,27.462400436401367
2015-04-24,27.386917114257812
2015-04-27,27.206607818603516
2015-04-28,27.2003173828125
2015-04-29,27.103872299194336
2015-04-30,26.877431869506836
2015-05-01,27.204519271850586
2015-05-04,27.28208351135254
2015-05-05,26.936138153076172
2015-05-06,26.88162612915039
2015-05-07,26.97597312927246
2015-05-08,27.244346618652344
2015-05-11,27.18144416809082
2015-05-12,27.108057022094727
2015-05-13,27.082897186279297
2015-05-14,27.315631866455078
2015-05-15,27.363861083984375
2015-05-18,27.516923904418945
2015-05-19,27.462400436401367
2015-05-20,27.470788955688477
2015-05-21,27.533693313598633
2015-05-22,27.493852615356445
2015-05-26,27.19822120666504
2015-05-27,27.418376922607422
2015-05-28,27.355472564697266
2015-05-29,27.179349899291992
2015-06-01,27.242258071899414
2015-06-02,27.233863830566406
2015-06-03,27.2841854095459
2015-06-04,27.045164108276367
2015-06-05,27.082897186279297
2015-06-08,26.902585983276367
2015-06-09,26.87114143371582
2015-06-10,27.14371109008789
2015-06-11,27.248546600341797
2015-06-12,27.103872299194336
2015-06-15,26.948715209960938
2015-06-16,27.09967803955078
2015-06-17,27.18564224243164
2015-06-18,27.464500427246094
2015-06-19,27.407896041870117
2015-06-22,27.531593322753906
2015-06-23,27.50853157043457
2015-06-24,27.267414093017578
2015-06-25,27.18144416809082
2015-06-26,27.17515754699707
2015-06-29,26.58389663696289
2015-06-30,26.718080520629883
2015-07-01,26.837594985961914
2015-07-02,26.822914123535156
2015-07-06,26.71597671508789
2015-07-07,26.902585983276367
2015-07-08,26.397287368774414
2015-07-09,26.46856689453125
2015-07-10,26.766307830810547
2015-07-13,27.047264099121094
2015-07-14,27.160484313964844
2015-07-15,27.032583236694336
2015-07-16,27.166772842407227
2015-07-17,27.02838706970215
2015-07-20,26.990646362304688
2015-07-21,26.860654830932617
2015-07-22,26.906780242919922
2015-07-23,26.81033706665039
2015-07-24,26.56922149658203
2015-07-27,26.344865798950195
2015-07-28,26.665666580200195
2015-07-29,26.900487899780273
2015-07-30,26.971782684326172
2015-07-31,27.030479431152344
2015-08-03,26.904682159423828
2015-08-04,26.894201278686523
2015-08-05,26.98016357421875
2015-08-06,26.741140365600586
2015-08-07,26.71597671508789
2015-08-10,27.089191436767578
2015-08-11,26.864849090576172
2015-08-12,26.90887451171875
2015-08-13,26.900487899780273
2015-08-14,27.02210235595703
2015-08-17,27.217092514038086
2015-08-18,27.160484313964844
2015-08-19,26.94242286682129
2015-08-20,26.334386825561523
2015-08-21,25.5921630859375
2015-08-24,24.577363967895508
2015-08-25,24.3425350189209
2015-08-26,25.109920501708984
2015-08-27,25.789247512817383
2015-08-28,25.820697784423828
2015-08-31,25.638282775878906
2015-09-01,24.908641815185547
2015-09-02,25.311199188232422
2015-09-03,25.416038513183594
2015-09-04,25.074283599853516
2015-09-08,25.70957374572754
2015-09-09,25.37200927734375
2015-09-10,25.45796775817871
2015-09-11,25.548126220703125
2015-09-14,25.441194534301758
2015-09-15,25.75151252746582
2015-09-16,25.99891471862793
2015-09-17,25.99262809753418
2015-09-18,25.57957649230957
2015-09-21,25.62571144104004
2015-09-22,25.20846939086914
2015-09-23,25.128026962280273
2015-09-24,25.011621475219727
2015-09-25,24.990459442138672
2015-09-28,24.224252700805664
2015-09-29,24.177692413330078
2015-09-30,24.694137573242188
2015-10-01,24.715301513671875
2015-10-02,25.104747772216797
2015-10-05,25.534423828125
2015-10-06,25.373554229736328
2015-10-07,25.65083122253418
2015-10-08,25.92387580871582
2015-10-09,25.947153091430664
2015-10-12,25.930225372314453
2015-10-13,25.68893051147461
2015-10-14,25.591562271118164
2015-10-15,25.917512893676758
2015-10-16,25.925983428955078
2015-10-19,25.911170959472656
2015-10-20,25.9408016204834
2015-10-21,25.68045997619629
2015-10-22,26.000070571899414
2015-10-23,26.086843490600586
2015-10-26,26.019113540649414
2015-10-27,25.90270233154297
2015-10-28,26.254058837890625
2015-10-29,26.173633575439453
2015-10-30,26.16939353942871
2015-11-02,26.49323081970215
2015-11-03,26.472061157226562
2015-11-04,26.410682678222656
2015-11-05,26.37047004699707
2015-11-06,26.342947006225586
2015-11-09,26.06779670715332
2015-11-10,26.16939353942871
2015-11-11,26.021236419677734
2015-11-12,25.600034713745117
2015-11-13,25.32276153564453
2015-11-16,25.669872283935547
2015-11-17,25.62331199645996
2015-11-18,26.02546501159668
2015-11-19,25.99795150756836
2015-11-20,26.09531593322754
2015-11-23,26.13976287841797
2015-11-24,26.224424362182617
2015-11-25,26.28580093383789
2015-11-27,26.33025360107422
2015-11-30,26.247709274291992
2015-12-01,26.497461318969727
2015-12-02,26.1588077545166
2015-12-03,25.773590087890625
2015-12-04,26.192670822143555
2015-12-07,25.959848403930664
2015-12-08,25.83074188232422
2015-12-09,25.585216522216797
2015-12-10,25.629661560058594
2015-12-11,25.130151748657227
2015-12-14,25.064537048339844
2015-12-15,25.373554229736328
2015-12-16,25.746076583862305
2015-12-17,25.333341598510742
2015-12-18,24.98198890686035
2015-12-21,25.170368194580078
2015-12-22,25.38837242126465
2015-12-23,25.78385353088379
2015-12-24,25.760448455810547
2015-12-28,25.698760986328125
2015-12-29,25.922134399414062
2015-12-30,25.70939064025879
2015-12-31,25.551965713500977
2016-01-04,25.217975616455078
2016-01-05,25.243499755859375
2016-01-06,24.777606964111328
2016-01-07,24.220230102539062
2016-01-08,23.907499313354492
2016-01-11,23.79262924194336
2016-01-12,23.901124954223633
2016-01-13,23.233129501342773
2016-01-14,23.484149932861328
2016-01-15,23.062936782836914
2016-01-19,22.911880493164062
2016-01-20,22.733192443847656
2016-01-21,22.82253646850586
2016-01-22,23.318218231201172
2016-01-25,22.899127960205078
2016-01-26,23.30971336364746
2016-01-27,23.060806274414062
2016-01-28,22.99911117553711
2016-01-29,23.6075382232666
2016-02-01,23.690513610839844
2016-02-02,23.137392044067383
2016-02-03,23.322473526000977
2016-02-04,23.458621978759766
2016-02-05,22.952306747436523
2016-02-08,22.37579345703125
2016-02-09,22.34174919128418
2016-02-10,22.448123931884766
2016-02-11,22.10561180114746
2016-02-12,22.607677459716797
2016-02-16,23.109739303588867
2016-02-17,23.54159927368164
2016-02-18,23.465009689331055
2016-02-19,23.469270706176758
2016-02-22,23.87134552001953
2016-02-23,23.592653274536133
2016-02-24,23.73944091796875
2016-02-25,24.024517059326172
2016-02-26,24.115991592407227
2016-02-29,23.930906295776367
2016-03-01,24.494661331176758
2016-03-02,24.666975021362305
2016-03-03,24.898862838745117
2016-03-04,24.954179763793945
2016-03-07,25.052040100097656
2016-03-08,24.637197494506836
2016-03-09,24.771221160888672
2016-03-10,24.78611183166504
2016-03-11,25.307323455810547
2016-03-14,25.249881744384766
2016-03-15,25.05838966369629
2016-03-16,25.29295539855957
2016-03-17,25.48700523376465
2016-03-18,25.61495590209961
2016-03-21,25.608562469482422
2016-03-22,25.63201904296875
2016-03-23,25.367599487304688
2016-03-24,25.331340789794922
2016-03-28,25.418771743774414
2016-03-29,25.717313766479492
2016-03-30,25.783411026000977
2016-03-31,25.85166358947754
2016-04-01,25.956146240234375
2016-04-04,25.77701759338379
2016-04-05,25.497669219970703
2016-04-06,25.785554885864258
2016-04-07,25.48061752319336
2016-04-08,25.570175170898438
2016-04-11,25.49980926513672
2016-04-12,25.698116302490234
2016-04-13,26.043577194213867
2016-04-14,25.94974708557129
2016-04-15,25.99666404724121
2016-04-18,26.15020179748535
2016-04-19,26.25255584716797
2016-04-20,26.278154373168945
2016-04-21,26.116085052490234
2016-04-22,26.239770889282227
2016-04-25,26.139543533325195
2016-04-26,26.31439971923828
2016-04-27,26.48499298095703
2016-04-28,26.16939353942871
2016-04-29,25.98600196838379
2016-05-02,26.1843204498291
2016-05-03,25.894309997558594
2016-05-04,25.717313766479492
2016-05-05,25.687463760375977
2016-05-06,25.76209831237793
2016-05-09,25.804746627807617
2016-05-10,26.12674331665039
2016-05-11,25.86231803894043
2016-05-12,25.830331802368164
2016-05-13,25.63841438293457
2016-05-16,25.879383087158203
2016-05-17,25.693857192993164
2016-05-18,25.63841438293457
2016-05-19,25.555248260498047
2016-05-20,25.785554885864258
2016-05-23,25.76209831237793
2016-05-24,26.124618530273438
2016-05-25,26.271747589111328
2016-05-26,26.28241539001465
2016-05-27,26.4210262298584
2016-05-31,26.463672637939453
2016-06-01,26.529783248901367
2016-06-02,26.69183921813965
2016-06-03,26.57029151916504
2016-06-06,26.71530532836914
2016-06-07,26.84751319885254
2016-06-08,26.93706703186035
2016-06-09,26.877363204956055
2016-06-10,26.478595733642578
2016-06-13,26.23122787475586
2016-06-14,26.153959274291992
2016-06-15,26.19034194946289
2016-06-16,26.186063766479492
2016-06-17,26.20961570739746
2016-06-20,26.470767974853516
2016-06-21,26.515718460083008
2016-06-22,26.481473922729492
2016-06-23,26.888187408447266
2016-06-24,25.760086059570312
2016-06-27,25.047264099121094
2016-06-28,25.56314468383789
2016-06-29,26.042648315429688
2016-06-30,26.464344024658203
2016-07-01,26.52642822265625
2016-07-05,26.18820571899414
2016-07-06,26.34019660949707
2016-07-07,26.378726959228516
2016-07-08,26.90102195739746
2016-07-11,27.00592041015625
2016-07-12,27.294906616210938
2016-07-13,27.262792587280273
2016-07-14,27.34841537475586
2016-07-15,27.32486915588379
2016-07-18,27.38266944885254
2016-07-19,27.301321029663086
2016-07-20,27.474716186523438
2016-07-21,27.38052749633789
2016-07-22,27.571044921875
2016-07-25,27.52181053161621
2016-07-26,27.675926208496094
2016-07-27,27.51538848876953
2016-07-28,27.630979537963867
2016-07-29,27.673791885375977
2016-08-01,27.543214797973633
2016-08-02,27.256370544433594
2016-08-03,27.401935577392578
2016-08-04,27.40835189819336
2016-08-05,27.637393951416016
2016-08-08,27.65024185180664
2016-08-09,27.605295181274414
2016-08-10,27.532512664794922
2016-08-11,27.710180282592773
2016-08-12,27.693056106567383
2016-08-15,27.86001968383789
2016-08-16,27.635263442993164
2016-08-17,27.62883949279785
2016-08-18,27.804372787475586
2016-08-19,27.832195281982422
2016-08-22,27.870723724365234
2016-08-23,27.96919822692871
2016-08-24,27.770122528076172
2016-08-25,27.780820846557617
2016-08-26,27.70589828491211
2016-08-29,27.86858367919922
2016-08-30,27.808652877807617
2016-08-31,27.70375633239746
2016-09-01,27.733728408813477
2016-09-02,27.915678024291992
2016-09-06,27.95848846435547
2016-09-07,28.041973114013672
2016-09-08,27.902835845947266
2016-09-09,27.12151336669922
2016-09-12,27.523948669433594
2016-09-13,27.06586265563965
2016-09-14,27.031612396240234
2016-09-15,27.318452835083008
2016-09-16,27.187868118286133
2016-09-19,27.269214630126953
2016-09-20,27.17637062072754
2016-09-21,27.573970794677734
2016-09-22,27.801780700683594
2016-09-23,27.68357276916504
2016-09-26,27.509498596191406
2016-09-27,27.631996154785156
2016-09-28,27.834016799926758
2016-09-29,27.591156005859375
2016-09-30,27.8189754486084
2016-10-03,27.68787384033203
2016-10-04,27.503042221069336
2016-10-05,27.634145736694336
2016-10-06,27.61910057067871
2016-10-07,27.455764770507812
2016-10-10,27.580415725708008
2016-10-11,27.1591739654541
2016-10-12,27.193565368652344
2016-10-13,27.086105346679688
2016-10-14,27.045272827148438
2016-10-17,26.97004508972168
2016-10-18,27.157033920288086
2016-10-19,27.281675338745117
2016-10-20,27.21291160583496
2016-10-21,27.195716857910156
2016-10-24,27.305316925048828
2016-10-25,27.09685516357422
2016-10-26,27.019472122192383
2016-10-27,26.80457305908203
2016-10-28,26.8647403717041
2016-10-31,26.96575164794922
2016-11-01,26.7443790435791
2016-11-02,26.477890014648438
2016-11-03,26.4005184173584
2016-11-04,26.419857025146484
2016-11-07,26.985095977783203
2016-11-08,27.10329818725586
2016-11-09,27.344003677368164
2016-11-10,27.419227600097656
2016-11-11,27.47294807434082
2016-11-14,27.72441291809082
2016-11-15,27.94147491455078
2016-11-16,27.874853134155273
2016-11-17,28.074729919433594
2016-11-18,28.016698837280273
2016-11-21,28.235919952392578
2016-11-22,28.34337615966797
2016-11-23,28.425045013427734
2016-11-25,28.504566192626953
2016-11-28,28.293943405151367
2016-11-29,28.306842803955078
2016-11-30,28.23162078857422
2016-12-01,27.99735450744629
2016-12-02,28.036039352416992
2016-12-05,28.317583084106445
2016-12-06,28.491674423217773
2016-12-07,28.872066497802734
2016-12-08,29.050451278686523
2016-12-09,29.05476188659668
2016-12-12,28.89356231689453
2016-12-13,29.001028060913086
2016-12-14,28.691545486450195
2016-12-15,28.78180694580078
2016-12-16,28.67219352722168
2016-12-19,28.72808265686035
2016-12-20,28.85057830810547
2016-12-21,28.792552947998047
2016-12-22,28.636634826660156
2016-12-23,28.710050582885742
2016-12-27,28.800756454467773
2016-12-28,28.487613677978516
2016-12-29,28.515687942504883
2016-12-30,28.427141189575195
2017-01-03,28.660388946533203
2017-01-04,29.031829833984375
2017-01-05,28.92169952392578
2017-01-06,28.997291564941406
2017-01-09,28.841793060302734
2017-01-10,28.9044246673584
2017-01-11,28.982168197631836
2017-01-12,28.934654235839844
2017-01-13,29.018878936767578
2017-01-17,28.91305923461914
2017-01-18,29.0512752532959
2017-01-19,28.874176025390625
2017-01-20,29.003768920898438
2017-01-23,28.926029205322266
2017-01-24,29.273712158203125
2017-01-25,29.526390075683594
2017-01-26,29.418420791625977
2017-01-27,29.35362434387207
2017-01-30,29.19597816467285
2017-01-31,29.267242431640625
2017-02-01,29.217573165893555
2017-02-02,29.28883171081543
2017-02-03,29.522069931030273
2017-02-06,29.433530807495117
2017-02-07,29.403295516967773
2017-02-08,29.487516403198242
2017-02-09,29.70996856689453
2017-02-10,29.848182678222656
2017-02-13,29.951845169067383
2017-02-14,30.02527618408203
2017-02-15,30.14620018005371
2017-02-16,30.061983108520508
2017-02-17,30.122455596923828
2017-02-21,30.32330322265625
2017-02-22,30.241235733032227
2017-02-23,30.15916633605957
2017-02-24,30.241235733032227
2017-02-27,30.325456619262695
2017-02-28,30.15916633605957
2017-03-01,30.513328552246094
2017-03-02,30.260662078857422
2017-03-03,30.26930046081543
2017-03-06,30.11813735961914
2017-03-07,29.973432540893555
2017-03-08,29.910808563232422
2017-03-09,29.876251220703125
2017-03-10,30.04039192199707
2017-03-13,30.11598014831543
2017-03-14,29.979923248291016
2017-03-15,30.32978057861328
2017-03-16,30.26930046081543
2017-03-17,30.275798797607422
2017-03-20,30.182918548583984
2017-03-21,29.70132064819336
2017-03-22,29.802827835083008
2017-03-23,29.811464309692383
2017-03-24,29.83521842956543
2017-03-27,29.77906608581543
2017-03-28,30.001508712768555
2017-03-29,30.118738174438477
2017-03-30,30.179412841796875
2017-03-31,30.170738220214844
2017-04-03,30.045063018798828
2017-04-04,29.980056762695312
2017-04-05,29.86089324951172
2017-04-06,30.05373764038086
2017-04-07,30.02773094177246
2017-04-10,30.099231719970703
2017-04-11,30.127408981323242
2017-04-12,29.89771842956543
2017-04-13,29.711366653442383
2017-04-17,29.986553192138672
2017-04-18,29.912883758544922
2017-04-19,29.96923828125
2017-04-20,30.23141098022461
2017-04-21,30.13823699951172
2017-04-24,30.484922409057617
2017-04-25,30.651777267456055
2017-04-26,30.653942108154297
2017-04-27,30.688602447509766
2017-04-28,30.523929595947266
2017-05-01,30.556434631347656
2017-05-02,30.549930572509766
2017-05-03,30.417755126953125
2017-05-04,30.448089599609375
2017-05-05,30.66911506652832
2017-05-08,30.595430374145508
2017-05-09,30.57810401916504
2017-05-10,30.72760009765625
2017-05-11,30.57160186767578
2017-05-12,30.42426300048828
2017-05-15,30.662599563598633
2017-05-16,30.60625457763672
2017-05-17,30.07106590270996
2017-05-18,30.157737731933594
2017-05-19,30.41126823425293
2017-05-22,30.6192626953125
2017-05-23,30.62576675415039
2017-05-24,30.68644142150879
2017-05-25,30.857624053955078
2017-05-26,30.822948455810547
2017-05-30,30.76445198059082
2017-05-31,30.801279067993164
2017-06-01,31.165306091308594
2017-06-02,31.199979782104492
2017-06-05,31.106807708740234
2017-06-06,30.996295928955078
2017-06-07,31.04395866394043
2017-06-08,31.095962524414062
2017-06-09,31.074291229248047
2017-06-12,31.087303161621094
2017-06-13,31.319149017333984
2017-06-14,31.2108154296875
2017-06-15,31.141475677490234
2017-06-16,31.141475677490234
2017-06-19,31.319149017333984
2017-06-20,31.030973434448242
2017-06-21,30.994131088256836
2017-06-22,31.015790939331055
2017-06-23,31.120365142822266
2017-06-26,31.21385383605957
2017-06-27,30.905139923095703
2017-06-28,31.192106246948242
2017-06-29,30.92687225341797
2017-06-30,30.9834041595459
2017-07-03,31.10948944091797
2017-07-05,31.083410263061523
2017-07-06,30.755138397216797
2017-07-07,31.022525787353516
2017-07-10,31.029048919677734
2017-07-11,31.033405303955078
2017-07-12,31.268192291259766
2017-07-13,31.316024780273438
2017-07-14,31.45515251159668
2017-07-17,31.52037239074707
2017-07-18,31.45515251159668
2017-07-19,31.666038513183594
2017-07-20,31.6334228515625
2017-07-21,31.639938354492188
2017-07-24,31.657331466674805
2017-07-25,31.766033172607422
2017-07-26,31.700820922851562
2017-07-27,31.592119216918945
2017-07-28,31.566030502319336
2017-07-31,31.542116165161133
2017-08-01,31.61603355407715
2017-08-02,31.46820068359375
2017-08-03,31.36820411682129
2017-08-04,31.422544479370117
2017-08-07,31.47037696838379
2017-08-08,31.34427833557129
2017-08-09,31.261674880981445
2017-08-10,30.79426383972168
2017-08-11,30.844266891479492
2017-08-14,31.16165542602539
2017-08-15,31.083410263061523
2017-08-16,31.20296859741211
2017-08-17,30.726871490478516
2017-08-18,30.650787353515625
2017-08-21,30.68556022644043
2017-08-22,30.989919662475586
2017-08-23,30.944271087646484
2017-08-24,30.95079231262207
2017-08-25,31.046464920043945
2017-08-28,31.029048919677734
2017-08-29,30.96166229248047
2017-08-30,31.131227493286133
2017-08-31,31.350799560546875
2017-09-01,31.487760543823242
2017-09-05,31.2225341796875
2017-09-06,31.276885986328125
2017-09-07,31.255142211914062
2017-09-08,31.276885986328125
2017-09-11,31.598642349243164
2017-09-12,31.735597610473633
2017-09-13,31.666038513183594
2017-09-14,31.631244659423828
2017-09-15,31.698631286621094
2017-09-18,31.768207550048828
2017-09-19,31.71601676940918
2017-09-20,31.72255516052246
2017-09-21,31.6551513671875
2017-09-22,31.72906494140625
2017-09-25,31.70516014099121
2017-09-26,31.744298934936523
2017-09-27,31.90092658996582
2017-09-28,31.93800926208496
2017-09-29,32.06890869140625
2017-10-02,32.210716247558594
2017-10-03,32.25215530395508
2017-10-04,32.35688018798828
2017-10-05,32.47249984741211
2017-10-06,32.41360855102539
2017-10-09,32.31107711791992
2017-10-10,32.37215042114258
2017-10-11,32.37651062011719
2017-10-12,32.42014694213867
2017-10-13,32.47686004638672
2017-10-16,32.49431228637695
2017-10-17,32.487762451171875
2017-10-18,32.50959014892578
2017-10-19,32.546661376953125
2017-10-20,32.7735481262207
2017-10-23,32.660118103027344
2017-10-24,32.68846893310547
2017-10-25,32.41796875
2017-10-26,32.52048873901367
2017-10-27,32.57285690307617
2017-10-30,32.39395523071289
2017-10-31,32.53358840942383
2017-11-01,32.49431228637695
2017-11-02,32.42232131958008
2017-11-03,32.487762451171875
2017-11-06,32.63393020629883
2017-11-07,32.53794860839844
2017-11-08,32.61647415161133
2017-11-09,32.47904968261719
2017-11-10,32.49431228637695
2017-11-13,32.561946868896484
2017-11-14,32.58158493041992
2017-11-15,32.41360855102539
2017-11-16,32.68193054199219
2017-11-17,32.79100799560547
2017-11-20,32.876094818115234
2017-11-21,33.022254943847656
2017-11-22,33.01134490966797
2017-11-24,33.06806182861328
2017-11-27,32.989524841308594
2017-11-28,33.329856872558594
2017-11-29,33.36476135253906
2017-11-30,33.55891799926758
2017-12-01,33.478206634521484
2017-12-04,33.46293258666992
2017-12-05,33.264400482177734
2017-12-06,33.17059326171875
2017-12-07,33.4018440246582
2017-12-08,33.61127471923828
2017-12-11,33.62217712402344
2017-12-12,33.565452575683594
2017-12-13,33.54363250732422
2017-12-14,33.3494873046875
2017-12-15,33.64616775512695
2017-12-18,33.929779052734375
2017-12-19,33.805423736572266
2017-12-20,33.781429290771484
2017-12-21,33.859867095947266
2017-12-22,33.894927978515625
2017-12-26,33.943111419677734
2017-12-27,33.95406723022461
2017-12-28,34.083309173583984
2017-12-29,33.908058166503906
2018-01-02,34.135894775390625
2018-01-03,34.319908142089844
2018-01-04,34.42945861816406
2018-01-05,34.60033416748047
2018-01-08,34.75368881225586
2018-01-09,34.736148834228516
2018-01-10,34.613468170166016
2018-01-11,34.98589324951172
2018-01-12,35.17649459838867
2018-01-16,34.88292694091797
2018-01-17,35.18307113647461
2018-01-18,35.08884811401367
2018-01-19,35.36050796508789
2018-01-22,35.57520294189453
2018-01-23,35.70664596557617
2018-01-24,35.68254089355469
2018-01-25,35.660640716552734
2018-01-26,35.96295928955078
2018-01-29,35.669395446777344
2018-01-30,35.34737014770508
2018-01-31,35.35173416137695
2018-02-01,35.321083068847656
2018-02-02,34.589378356933594
2018-02-05,33.34724426269531
2018-02-06,33.80729675292969
2018-02-07,33.71965408325195
2018-02-08,32.58487319946289
2018-02-09,32.97262191772461
2018-02-12,33.373512268066406
2018-02-13,33.487449645996094
2018-02-14,34.04169845581055
2018-02-15,34.40974426269531
2018-02-16,34.39220428466797
2018-02-20,34.214759826660156
2018-02-21,34.03512191772461
2018-02-22,33.99131393432617
2018-02-23,34.49956512451172
2018-02-26,34.66823959350586
2018-02-27,34.241058349609375
2018-02-28,33.93215560913086
2018-03-01,33.63422393798828
2018-03-02,33.92338943481445
2018-03-05,34.365928649902344
2018-03-06,34.617862701416016
2018-03-07,34.62660217285156
2018-03-08,34.73396682739258
2018-03-09,35.27069091796875
2018-03-12,35.25535202026367
2018-03-13,35.09104919433594
2018-03-14,34.935508728027344
2018-03-15,34.81283187866211
2018-03-16,34.972755432128906
2018-03-19,34.613468170166016
2018-03-20,34.68138122558594
2018-03-21,34.73396682739258
2018-03-22,33.92404556274414
2018-03-23,33.26689147949219
2018-03-26,34.04712677001953
2018-03-27,33.5702018737793
2018-03-28,33.436126708984375
2018-03-29,33.893280029296875
2018-04-02,33.12404251098633
2018-04-03,33.47128677368164
2018-04-04,33.86250686645508
2018-04-05,34.088897705078125
2018-04-06,33.35481643676758
2018-04-09,33.416343688964844
2018-04-10,33.9394416809082
2018-04-11,33.80536651611328
2018-04-12,33.98998260498047
2018-04-13,33.87131118774414
2018-04-16,34.18999099731445
2018-04-17,34.5152702331543
2018-04-18,34.62737274169922
2018-04-19,34.37461853027344
2018-04-20,34.15702819824219
2018-04-23,34.16141128540039
2018-04-24,33.783390045166016
2018-04-25,33.81195831298828
2018-04-26,34.04493713378906
2018-04-27,34.102081298828125
2018-04-30,33.82734298706055
2018-05-01,33.85371780395508
2018-05-02,33.651519775390625
2018-05-03,33.6075553894043
2018-05-04,33.9789924621582
2018-05-07,34.09327697753906
2018-05-08,34.146026611328125
2018-05-09,34.42736053466797
2018-05-10,34.68890380859375
2018-05-11,34.660335540771484
2018-05-14,34.61199188232422
2018-05-15,34.462520599365234
2018-05-16,34.62297821044922
2018-05-17,34.65592956542969
2018-05-18,34.64496612548828
2018-05-21,34.85594177246094
2018-05-22,34.699893951416016
2018-05-23,34.783409118652344
2018-05-24,34.76363754272461
2018-05-25,34.675716400146484
2018-05-29,34.3526496887207
2018-05-30,34.772430419921875
2018-05-31,34.4427375793457
2018-06-01,34.772430419921875
2018-06-04,34.899898529052734
2018-06-05,35.014190673828125
2018-06-06,35.286720275878906
2018-06-07,35.20539855957031
2018-06-08,35.36804962158203
2018-06-11,35.42738723754883
2018-06-12,35.59442138671875
2018-06-13,35.436187744140625
2018-06-14,35.568050384521484
2018-06-15,35.579044342041016
2018-06-18,35.629600524902344
2018-06-19,35.462562561035156
2018-06-20,35.61420822143555
2018-06-21,35.3438720703125
2018-06-22,35.34628677368164
2018-06-25,34.84783935546875
2018-06-26,34.898563385009766
2018-06-27,34.52583312988281
2018-06-28,34.71771240234375
2018-06-29,34.7684440612793
2018-07-02,34.79269790649414
2018-07-03,34.78388595581055
2018-07-05,35.05957794189453
2018-07-06,35.370548248291016
2018-07-09,35.648468017578125
2018-07-10,35.696983337402344
2018-07-11,35.46318817138672
2018-07-12,35.716835021972656
2018-07-13,35.70579528808594
2018-07-16,35.569061279296875
2018-07-17,35.73227310180664
2018-07-18,35.82490539550781
2018-07-19,35.85578918457031
2018-07-20,35.72344970703125
2018-07-23,35.765357971191406
2018-07-24,35.577884674072266
2018-07-25,35.86460494995117
2018-07-26,36.01457977294922
2018-07-27,35.648468017578125
2018-07-30,35.394805908203125
2018-07-31,35.648468017578125
2018-08-01,35.454368591308594
2018-08-02,35.68815231323242
2018-08-03,35.75874328613281
2018-08-06,35.89107131958008
2018-08-07,35.970481872558594
2018-08-08,35.89107131958008
2018-08-09,35.92194747924805
2018-08-10,35.699188232421875
2018-08-13,35.51613235473633
2018-08-14,35.79182052612305
2018-08-15,35.43231201171875
2018-08-16,35.70579528808594
2018-08-17,35.89988708496094
2018-08-20,36.05870056152344
2018-08-21,36.226318359375
2018-08-22,36.15353012084961
2018-08-23,36.080753326416016
2018-08-24,36.36967849731445
2018-08-27,36.565975189208984
2018-08-28,36.592437744140625
2018-08-29,36.73359680175781
2018-08-30,36.495391845703125
2018-08-31,36.535091400146484
2018-09-04,36.517452239990234
2018-09-05,36.42040252685547
2018-09-06,36.30129623413086
2018-09-07,36.157936096191406
2018-09-10,36.33438491821289
2018-09-11,36.422603607177734
2018-09-12,36.464508056640625
2018-09-13,36.592437744140625
2018-09-14,36.70051956176758
2018-09-17,36.39835739135742
2018-09-18,36.5858268737793
2018-09-19,36.50200653076172
2018-09-20,36.70712661743164
2018-09-21,36.711544036865234
2018-09-24,36.517452239990234
2018-09-25,36.497596740722656
2018-09-26,36.30350875854492
2018-09-27,36.30792236328125
2018-09-28,36.37992477416992
2018-10-01,36.29352569580078
2018-10-02,36.12955093383789
2018-10-03,36.19824981689453
2018-10-04,35.823787689208984
2018-10-05,35.6132926940918
2018-10-08,35.482566833496094
2018-10-09,35.3318977355957
2018-10-10,34.230682373046875
2018-10-11,33.546024322509766
2018-10-12,33.88725280761719
2018-10-15,33.9271240234375
2018-10-16,34.67161178588867
2018-10-17,34.551971435546875
2018-10-18,34.086666107177734
2018-10-19,33.891685485839844
2018-10-22,33.754302978515625
2018-10-23,33.50392532348633
2018-10-24,32.486907958984375
2018-10-25,32.91232681274414
2018-10-26,32.3428840637207
2018-10-29,32.28084945678711
2018-10-30,32.93891525268555
2018-10-31,33.339969635009766
2018-11-01,33.88059616088867
2018-11-02,33.76316452026367
2018-11-05,33.938209533691406
2018-11-06,34.139827728271484
2018-11-07,34.67161178588867
2018-11-08,34.56968688964844
2018-11-09,34.226253509521484
2018-11-12,33.63466262817383
2018-11-13,33.645729064941406
2018-11-14,33.43967819213867
2018-11-15,33.798622131347656
2018-11-16,33.885032653808594
2018-11-19,33.27348709106445
2018-11-20,32.75058364868164
2018-11-21,33.05412292480469
2018-11-23,33.00981521606445
2018-11-26,33.5172233581543
2018-11-27,33.40421676635742
2018-11-28,34.064510345458984
2018-11-29,33.96479415893555
2018-11-30,34.119895935058594
2018-12-03,34.54753494262695
2018-12-04,33.441890716552734
2018-12-06,33.39979553222656
2018-12-07,32.630943298339844
2018-12-10,32.57997131347656
2018-12-11,32.524574279785156
2018-12-12,32.739498138427734
2018-12-13,32.52014923095703
2018-12-14,32.08808517456055
2018-12-17,31.32808494567871
2018-12-18,31.31256866455078
2018-12-19,30.829553604125977
2018-12-20,30.299991607666016
2018-12-21,29.69953155517578
2018-12-24,28.937833786010742
2018-12-26,30.28306007385254
2018-12-27,30.545856475830078
2018-12-28,30.463455200195312
2018-12-31,30.775249481201172
2019-01-02,30.683956146240234
2019-01-03,30.073699951171875
2019-01-04,31.06035041809082
2019-01-07,31.472370147705078
2019-01-08,31.84654426574707
2019-01-09,32.127166748046875
2019-01-10,32.31870651245117
2019-01-11,32.332061767578125
2019-01-14,32.11602783203125
2019-01-15,32.43675231933594
2019-01-16,32.54587173461914
2019-01-17,32.85100173950195
2019-01-18,33.35212707519531
2019-01-22,32.89332580566406
2019-01-23,32.891082763671875
2019-01-24,33.08040237426758
2019-01-25,33.474605560302734
2019-01-28,33.34321212768555
2019-01-29,33.34321212768555
2019-01-30,33.77751159667969
2019-01-31,33.99800491333008
2019-02-01,34.129398345947266
2019-02-04,34.32761764526367
2019-02-05,34.45903015136719
2019-02-06,34.43230056762695
2019-02-07,34.26304244995117
2019-02-08,34.35211944580078
2019-02-11,34.45457458496094
2019-02-12,34.84210968017578
2019-02-13,34.966835021972656
2019-02-14,34.90892791748047
2019-02-15,35.28308868408203
2019-02-19,35.361026763916016
2019-02-20,35.44790267944336
2019-02-21,35.30759048461914
2019-02-22,35.5280876159668
2019-02-25,35.53253173828125
2019-02-26,35.42116928100586
2019-02-27,35.5102653503418
2019-02-28,35.44566345214844
2019-03-01,35.68620300292969
2019-03-04,35.454586029052734
2019-03-05,35.3654899597168
2019-03-06,35.018062591552734
2019-03-07,34.80424118041992
2019-03-08,34.706233978271484
2019-03-11,35.18508529663086
2019-03-12,35.32763671875
2019-03-13,35.516937255859375
2019-03-14,35.45012664794922
2019-03-15,35.57484436035156
2019-03-18,35.768611907958984
2019-03-19,35.7107048034668
2019-03-20,35.49466323852539
2019-03-21,36.04478073120117
2019-03-22,35.30537414550781
2019-03-25,35.3009033203125
2019-03-26,35.59267044067383
2019-03-27,35.46348571777344
2019-03-28,35.681617736816406
2019-03-29,35.92521286010742
2019-04-01,36.34089279174805
2019-04-02,36.35206985473633
2019-04-03,36.48391342163086
2019-04-04,36.51968002319336
2019-04-05,36.79233169555664
2019-04-08,36.799041748046875
2019-04-09,36.528621673583984
2019-04-10,36.736473083496094
2019-04-11,36.82361602783203
2019-04-12,37.1208610534668
2019-04-15,37.060516357421875
2019-04-16,36.98676681518555
2019-04-17,36.705162048339844
2019-04-18,36.80797576904297
2019-04-22,36.79233169555664
2019-04-23,37.187904357910156
2019-04-24,37.19237518310547
2019-04-25,36.91524124145508
2019-04-26,37.16108322143555
2019-04-29,37.13203430175781
2019-04-30,37.25941467285156
2019-05-01,36.85491180419922
2019-05-02,36.942054748535156
2019-05-03,37.26165771484375
2019-05-06,37.11191177368164
2019-05-07,36.49285125732422
2019-05-08,36.47945022583008
2019-05-09,36.4526252746582
2019-05-10,36.58896255493164
2019-05-13,35.65479278564453
2019-05-14,36.03025436401367
2019-05-15,36.175506591796875
2019-05-16,36.454864501953125
2019-05-17,36.21797561645508
2019-05-20,35.94980239868164
2019-05-21,36.36323165893555
2019-05-22,36.200096130371094
2019-05-23,35.697261810302734
2019-05-24,35.78888702392578
2019-05-28,35.48494338989258
2019-05-29,35.19887924194336
2019-05-30,35.315093994140625
2019-05-31,35.00221252441406
2019-06-03,35.08714294433594
2019-06-04,35.84474563598633
2019-06-05,36.18892288208008
2019-06-06,36.38558578491211
2019-06-07,36.591190338134766
2019-06-10,36.76997375488281
2019-06-11,36.6783561706543
2019-06-12,36.649314880371094
2019-06-13,36.841487884521484
2019-06-14,36.72752380371094
2019-06-17,36.70964050292969
2019-06-18,37.05604934692383
2019-06-19,37.27730941772461
2019-06-20,37.53877258300781
2019-06-21,37.38456344604492
2019-06-24,37.21695327758789
2019-06-25,36.901832580566406
2019-06-26,36.80350875854492
2019-06-27,37.115455627441406
2019-06-28,37.48773956298828
2019-07-01,37.75236129760742
2019-07-02,37.75236129760742
2019-07-03,38.090999603271484
2019-07-05,38.077545166015625
2019-07-08,37.860015869140625
2019-07-09,37.99232482910156
2019-07-10,38.023719787597656
2019-07-11,38.0573616027832
2019-07-12,38.31974411010742
2019-07-15,38.261436462402344
2019-07-16,38.15603256225586
2019-07-17,37.91830825805664
2019-07-18,38.07081604003906
2019-07-19,37.84430694580078
2019-07-22,37.87122344970703
2019-07-23,38.16500473022461
2019-07-24,38.46551513671875
2019-07-25,38.17845916748047
2019-07-26,38.425148010253906
2019-07-29,38.2816162109375
2019-07-30,38.32872009277344
2019-07-31,37.9788703918457
2019-08-01,37.49895477294922
2019-08-02,37.12890625
2019-08-05,36.05021286010742
2019-08-06,36.51892852783203
2019-08-07,36.662437438964844
2019-08-08,37.40922927856445
2019-08-09,37.093017578125
2019-08-12,36.61983108520508
2019-08-13,37.07957077026367
2019-08-14,35.987422943115234
2019-08-15,36.041236877441406
2019-08-16,36.583953857421875
2019-08-19,36.971927642822266
2019-08-20,36.73868942260742
2019-08-21,37.05939483642578
2019-08-22,37.03247833251953
2019-08-23,36.10851287841797
2019-08-26,36.393333435058594
2019-08-27,36.234107971191406
2019-08-28,36.465110778808594
2019-08-29,36.94501876831055
2019-08-30,36.93156051635742
2019-09-03,36.718509674072266
2019-09-04,37.12667465209961
2019-09-05,37.557247161865234
2019-09-06,37.6178092956543
2019-09-09,37.58864974975586
2019-09-10,37.6290168762207
2019-09-11,37.900367736816406
2019-09-12,37.983360290527344
2019-09-13,37.95419692993164
2019-09-16,38.07501220703125
2019-09-17,38.20323944091797
2019-09-18,38.12898635864258
2019-09-19,38.032264709472656
2019-09-20,37.8680305480957
2019-09-23,37.92428207397461
2019-09-24,37.65880584716797
2019-09-25,37.86127853393555
2019-09-26,37.78704071044922
2019-09-27,37.53056716918945
2019-09-30,37.7060546875
2019-10-01,37.18635177612305
2019-10-02,36.56092071533203
2019-10-03,36.873634338378906
2019-10-04,37.28532791137695
2019-10-07,37.12112045288086
2019-10-08,36.47542953491211
2019-10-09,36.80839157104492
2019-10-10,37.00861358642578
2019-10-11,37.50806427001953
2019-10-14,37.42708969116211
2019-10-15,37.71728515625
2019-10-16,37.622806549072266
2019-10-17,37.77578353881836
2019-10-18,37.746543884277344
2019-10-21,38.009765625
2019-10-22,37.8522834777832
2019-10-23,37.962528228759766
2019-10-24,38.036766052246094
2019-10-25,38.14701461791992
2019-10-28,38.261749267578125
2019-10-29,38.302242279052734
2019-10-30,38.34273147583008
2019-10-31,38.12450408935547
2019-11-01,38.54070281982422
2019-11-04,38.66669464111328
2019-11-05,38.572200775146484
2019-11-06,38.45747375488281
2019-11-07,38.509212493896484
2019-11-08,38.58345031738281
2019-11-11,38.53171920776367
2019-11-12,38.547454833984375
2019-11-13,38.60595703125
2019-11-14,38.69144821166992
2019-11-15,38.968170166015625
2019-11-18,39.008670806884766
2019-11-19,39.089664459228516
2019-11-20,39.01991653442383
2019-11-21,38.83318328857422
2019-11-22,38.927669525146484
2019-11-25,39.32587432861328
2019-11-26,39.42036056518555
2019-11-27,39.57560729980469
2019-11-29,39.35287857055664
2019-12-02,38.98391342163086
2019-12-03,38.73195266723633
2019-12-04,38.98615264892578
2019-12-05,39.0716552734375
2019-12-06,39.36188507080078
2019-12-09,39.22013854980469
2019-12-10,39.19090270996094
2019-12-11,39.26738739013672
2019-12-12,39.5531005859375
2019-12-13,39.48336410522461
2019-12-16,39.769081115722656
2019-12-17,39.715087890625
2019-12-18,39.77806854248047
2019-12-19,39.9513053894043
2019-12-20,40.21003723144531
2019-12-23,40.17403793334961
2019-12-24,40.22855758666992
2019-12-26,40.33941650390625
2019-12-27,40.276065826416016
2019-12-30,40.13128662109375
2019-12-31,40.310001373291016
2020-01-02,40.45479202270508
2020-01-03,40.27381134033203
2020-01-06,40.33036804199219
2020-01-07,40.319061279296875
2020-01-08,40.39143753051758
2020-01-09,40.65160369873047
2020-01-10,40.588279724121094
2020-01-13,40.88236618041992
2020-01-14,40.93212890625
2020-01-15,41.05882263183594
2020-01-16,41.48414611816406
2020-01-17,41.52486801147461
2020-01-21,41.43212127685547
2020-01-22,41.452484130859375
2020-01-23,41.61762237548828
2020-01-24,41.22171401977539
2020-01-27,40.60184860229492
2020-01-28,40.96607971191406
2020-01-29,40.80545425415039
2020-01-30,40.877845764160156
2020-01-31,40.210472106933594
2020-02-03,40.53171920776367
2020-02-04,41.10181427001953
2020-02-05,41.46379089355469
2020-02-06,41.46379089355469
2020-02-07,41.167423248291016
2020-02-10,41.384605407714844
2020-02-11,41.678707122802734
2020-02-12,41.92303466796875
2020-02-13,41.9886474609375
2020-02-14,42.05651092529297
2020-02-18,41.97053527832031
2020-02-19,42.11759567260742
2020-02-20,42.14021682739258
2020-02-21,41.66738510131836
2020-02-24,40.45479202270508
2020-02-25,39.1358757019043
2020-02-26,38.708290100097656
2020-02-27,37.14728927612305
2020-02-28,36.68350601196289
2020-03-02,38.068050384521484
2020-03-03,37.262664794921875
2020-03-04,38.63815689086914
2020-03-05,37.41650390625
2020-03-06,36.52967071533203
2020-03-09,33.305870056152344
2020-03-10,34.84878921508789
2020-03-11,32.94570541381836
2020-03-12,29.635225296020508
2020-03-13,31.695186614990234
2020-03-16,27.768526077270508
2020-03-17,29.553373336791992
2020-03-18,27.07505226135254
2020-03-19,27.593456268310547
2020-03-20,26.352020263671875
2020-03-23,25.549409866333008
2020-03-24,28.33013153076172
2020-03-25,29.098636627197266
2020-03-26,30.690210342407227
2020-03-27,29.828487396240234
2020-03-30,30.615184783935547
2020-03-31,29.93307876586914
2020-04-01,28.487016677856445
2020-04-02,28.807605743408203
2020-04-03,28.271013259887695
2020-04-06,30.47876739501953
2020-04-07,30.774341583251953
2020-04-08,32.163570404052734
2020-04-09,32.99573516845703
2020-04-13,32.25678253173828
2020-04-14,33.17308044433594
2020-04-15,32.211307525634766
2020-04-16,32.23859405517578
2020-04-17,33.4163703918457
2020-04-20,32.75927734375
2020-04-21,31.847522735595703
2020-04-22,32.634212493896484
2020-04-23,32.679683685302734
2020-04-24,33.09577941894531
2020-04-27,33.97114562988281
2020-04-28,34.10528564453125
2020-04-29,35.11254119873047
2020-04-30,34.193973541259766
2020-05-01,33.161712646484375
2020-05-04,33.3663330078125
2020-05-05,33.686946868896484
2020-05-06,33.393619537353516
2020-05-07,34.04617691040039
2020-05-08,34.79193878173828
2020-05-11,34.67144012451172
2020-05-12,33.79607391357422
2020-05-13,32.9593620300293
2020-05-14,33.370887756347656
2020-05-15,33.53459548950195
2020-05-18,34.928367614746094
2020-05-19,34.65325927734375
2020-05-20,35.24440002441406
2020-05-21,35.03977584838867
2020-05-22,35.20575714111328
2020-05-26,35.96061706542969
2020-05-27,36.54268264770508
2020-05-28,36.49040603637695
2020-05-29,36.679107666015625
2020-06-01,37.083824157714844
2020-06-02,37.51582717895508
2020-06-03,38.30023956298828
2020-06-04,38.09788513183594
2020-06-05,39.136959075927734
2020-06-08,39.88500213623047
2020-06-09,39.041481018066406
2020-06-10,38.52989196777344
2020-06-11,36.133419036865234
2020-06-12,36.70866394042969
2020-06-15,37.25434494018555
2020-06-16,37.941001892089844
2020-06-17,37.74092483520508
2020-06-18,37.788673400878906
2020-06-19,37.48398971557617
2020-06-22,37.7022705078125
2020-06-23,37.68862533569336
2020-06-24,36.53586959838867
2020-06-25,36.99247741699219
2020-06-26,36.29158020019531
2020-06-29,36.83266830444336
2020-06-30,37.421688079833984
2020-07-01,37.531272888183594
2020-07-02,37.67283248901367
2020-07-06,38.127159118652344
2020-07-07,37.69567108154297
2020-07-08,37.96278762817383
2020-07-09,37.65911865234375
2020-07-10,37.99474334716797
2020-07-13,37.53584671020508
2020-07-14,38.15226745605469
2020-07-15,38.828067779541016
2020-07-16,38.74129867553711
2020-07-17,39.04723358154297
2020-07-20,39.152259826660156
2020-07-21,39.34403610229492
2020-07-22,39.61571502685547
2020-07-23,39.460472106933594
2020-07-24,39.09973907470703
2020-07-27,39.43992614746094
2020-07-28,39.11344909667969
2020-07-29,39.8463134765625
2020-07-30,39.720733642578125
2020-07-31,39.79151916503906
2020-08-03,40.08374786376953
2020-08-04,40.24812698364258
2020-08-05,40.483272552490234
2020-08-06,40.37140655517578
2020-08-07,40.4376220703125
2020-08-10,40.58144760131836
2020-08-11,40.30748748779297
2020-08-12,40.617977142333984
2020-08-13,40.638526916503906
2020-08-14,40.60885238647461
2020-08-17,40.784645080566406
2020-08-18,40.700172424316406
2020-08-19,40.44218063354492
2020-08-20,40.378257751464844
2020-08-21,40.332603454589844
2020-08-24,40.691043853759766
2020-08-25,40.73213195800781
2020-08-26,40.80976104736328
2020-08-27,40.90107345581055
2020-08-28,41.19559860229492
2020-08-31,41.058616638183594
2020-09-01,41.57231140136719
2020-09-02,42.2366828918457
2020-09-03,40.89195251464844
2020-09-04,40.46729278564453
2020-09-08,39.554073333740234
2020-09-09,40.19104766845703
2020-09-10,39.613433837890625
2020-09-11,39.64540100097656
2020-09-14,40.34859085083008
2020-09-15,40.501548767089844
2020-09-16,40.64765548706055
2020-09-17,40.34859085083008
2020-09-18,40.02667236328125
2020-09-21,39.371429443359375
2020-09-22,39.8006477355957
2020-09-23,38.86915588378906
2020-09-24,38.898841857910156
2020-09-25,39.62837219238281
2020-09-28,40.3916015625
2020-09-29,40.16010284423828
2020-09-30,40.39848327636719
2020-10-01,40.767486572265625
2020-10-02,40.82707977294922
2020-10-05,41.50779342651367
2020-10-06,41.14795684814453
2020-10-07,41.828678131103516
2020-10-08,42.355831146240234
2020-10-09,42.532318115234375
2020-10-12,42.866947174072266
2020-10-13,42.71796798706055
2020-10-14,42.530029296875
2020-10-15,42.65608215332031
2020-10-16,42.60565948486328
2020-10-19,42.0785026550293
2020-10-20,42.222900390625
2020-10-21,42.09912872314453
2020-10-22,42.48188781738281
2020-10-23,42.860076904296875
2020-10-26,41.97764587402344
2020-10-27,41.700321197509766
2020-10-28,40.460365295410156
2020-10-29,40.80875015258789
2020-10-30,40.370967864990234
2020-11-02,41.051700592041016
2020-11-03,41.95931625366211
2020-11-04,42.42229461669922
2020-11-05,43.28866958618164
2020-11-06,43.350563049316406
2020-11-09,43.8776969909668
2020-11-10,43.87540817260742
2020-11-11,44.18711853027344
2020-11-12,43.65309524536133
2020-11-13,44.42090606689453
2020-11-16,45.140586853027344
2020-11-17,45.092464447021484
2020-11-18,44.55384063720703
2020-11-19,44.89993667602539
2020-11-20,44.80366516113281
2020-11-23,45.26664733886719
2020-11-24,45.786930084228516
2020-11-25,45.8029670715332
2020-11-27,45.984039306640625
2020-11-30,45.766300201416016
2020-12-01,46.08030700683594
2020-12-02,46.01612854003906
2020-12-03,46.31637191772461
2020-12-04,46.90312576293945
2020-12-07,46.864166259765625
2020-12-08,47.02918243408203
2020-12-09,46.58682632446289
2020-12-10,46.79998779296875
2020-12-11,46.62580108642578
2020-12-14,46.45161056518555
2020-12-15,47.15523910522461
2020-12-16,47.212547302246094
2020-12-17,47.72135925292969
2020-12-18,47.67781066894531
2020-12-21,47.425697326660156
2020-12-22,47.540283203125
2020-12-23,47.57925796508789
2020-12-24,47.67757034301758
2020-12-28,47.392066955566406
2020-12-29,47.18255615234375
2020-12-30,47.5071907043457
2020-12-31,47.60619354248047
2021-01-04,46.9085693359375
2021-01-05,47.35523223876953
2021-01-06,48.14265060424805
2021-01-07,48.83335876464844
2021-01-08,49.05440139770508
2021-01-11,48.92546081542969
2021-01-12,49.36060333251953
2021-01-13,49.21786117553711
2021-01-14,49.24317932128906
2021-01-15,48.923152923583984
2021-01-19,49.17641830444336
2021-01-20,49.639190673828125
2021-01-21,49.33067321777344
2021-01-22,49.240882873535156
2021-01-25,49.21323776245117
2021-01-26,48.706729888916016
2021-01-27,47.479576110839844
2021-01-28,48.0873908996582
2021-01-29,47.38056182861328
2021-02-01,48.2163200378418
2021-02-02,48.980712890625
2021-02-03,49.0152473449707
2021-02-04,49.65530776977539
2021-02-05,50.150325775146484
2021-02-08,50.57164764404297
2021-02-09,50.737430572509766
2021-02-10,50.96305847167969
2021-02-11,51.135738372802734
2021-02-12,51.47418212890625
2021-02-16,51.39130783081055
2021-02-17,51.154144287109375
2021-02-18,50.91701126098633
2021-02-19,51.460365295410156
2021-02-22,50.86175537109375
2021-02-23,50.87787628173828
2021-02-24,51.36367416381836
2021-02-25,49.903961181640625
2021-02-26,49.91087341308594
2021-03-01,51.11961364746094
2021-03-02,50.62921142578125
2021-03-03,49.74740982055664
2021-03-04,48.6675910949707
2021-03-05,49.581634521484375
2021-03-08,49.494140625
2021-03-09,50.08584976196289
2021-03-10,50.49107360839844
2021-03-11,51.26466369628906
2021-03-12,51.50642395019531
2021-03-15,52.00833511352539
2021-03-16,51.52253723144531
2021-03-17,51.81263732910156
2021-03-18,50.91701126098633
2021-03-19,51.02981185913086
2021-03-22,51.290000915527344
2021-03-23,50.530208587646484
2021-03-24,50.00066375732422
2021-03-25,50.471954345703125
2021-03-26,51.22932815551758
2021-03-29,50.755958557128906
2021-03-30,50.906063079833984
2021-03-31,51.1092529296875
2021-04-01,51.845848083496094
2021-04-05,52.19914627075195
2021-04-06,52.45313262939453
2021-04-07,52.12525177001953
2021-04-08,52.3977165222168
2021-04-09,52.58707046508789
2021-04-12,52.6263313293457
2021-04-13,52.77180099487305
2021-04-14,52.746395111083984
2021-04-15,53.24284744262695
2021-04-16,53.34213638305664
2021-04-19,52.947288513183594
2021-04-20,52.494720458984375
2021-04-21,53.17357635498047
2021-04-22,52.95652389526367
2021-04-23,53.67696762084961
2021-04-26,53.98175048828125
2021-04-27,53.97483444213867
2021-04-28,53.900936126708984
2021-04-29,54.044097900390625
2021-04-30,53.577667236328125
2021-05-03,53.57304382324219
2021-05-04,53.256710052490234
2021-05-05,53.136634826660156
2021-05-06,53.07659912109375
2021-05-07,53.78086853027344
2021-05-10,53.325984954833984
2021-05-11,52.905723571777344
2021-05-12,51.545677185058594
2021-05-13,52.08829879760742
2021-05-14,53.062747955322266
2021-05-17,52.9495964050293
2021-05-18,52.628639221191406
2021-05-19,52.48316955566406
2021-05-20,53.06043243408203
2021-05-21,53.125091552734375
2021-05-24,53.60999298095703
2021-05-25,53.390621185302734
2021-05-26,53.70004653930664
2021-05-27,53.866302490234375
2021-05-28,54.00947189331055
2021-06-01,54.17803192138672
2021-06-02,54.15955352783203
2021-06-03,53.928646087646484
2021-06-04,54.291168212890625
2021-06-07,54.2957878112793
2021-06-08,54.51746368408203
2021-06-09,54.279624938964844
2021-06-10,54.436649322509766
2021-06-11,54.67679214477539
2021-06-14,54.614444732666016
2021-06-15,54.471275329589844
2021-06-16,54.1918830871582
2021-06-17,53.979454040527344
2021-06-18,53.286720275878906
2021-06-21,54.15724563598633
2021-06-22,54.44126510620117
2021-06-23,54.4343376159668
2021-06-24,54.8238639831543
2021-06-25,55.17587661743164
2021-06-28,55.09946060180664
2021-06-29,55.07860565185547
2021-06-30,54.96745300292969
2021-07-01,55.24072265625
2021-07-02,55.37736129760742
2021-07-06,55.157352447509766
2021-07-07,55.18513870239258
2021-07-08,54.643226623535156
2021-07-09,55.432945251464844
2021-07-12,55.46535873413086
2021-07-13,54.849342346191406
2021-07-14,54.55753707885742
2021-07-15,54.40237808227539
2021-07-16,54.045738220214844
2021-07-19,53.23749542236328
2021-07-20,54.441749572753906
2021-07-21,54.98598098754883
2021-07-22,54.9072380065918
2021-07-23,55.43062973022461
2021-07-26,55.435264587402344
2021-07-27,55.236087799072266
2021-07-28,55.4792594909668
2021-07-29,55.87295913696289
2021-07-30,55.690006256103516
2021-08-02,55.66685104370117
2021-08-03,56.03043746948242
2021-08-04,55.708534240722656
2021-08-05,56.187923431396484
2021-08-06,56.20412063598633
2021-08-09,56.157814025878906
2021-08-10,56.22959899902344
2021-08-11,56.47972106933594
2021-08-12,56.54224395751953
2021-08-13,56.54224395751953
2021-08-16,56.41487503051758
2021-08-17,56.00033187866211
2021-08-18,55.488529205322266
2021-08-19,55.386627197265625
2021-08-20,55.82432174682617
2021-08-23,56.317604064941406
2021-08-24,56.778465270996094
2021-08-25,57.1351203918457
2021-08-26,56.74141311645508
2021-08-27,57.40143585205078
2021-08-30,57.345863342285156
2021-08-31,57.37364959716797
2021-09-01,57.494075775146484
2021-09-02,57.85072326660156
2021-09-03,57.76502990722656
2021-09-07,57.24627685546875
2021-09-08,57.09805679321289
2021-09-09,57.0308952331543
2021-09-10,56.68584060668945
2021-09-13,56.729835510253906
2021-09-14,56.35002899169922
2021-09-15,56.827110290527344
2021-09-16,56.901214599609375
2021-09-17,56.426448822021484
2021-09-20,55.507049560546875
2021-09-21,55.483890533447266
2021-09-22,56.18329620361328
2021-09-23,56.84794998168945
2021-09-24,56.83610153198242
2021-09-27,56.71305465698242
2021-09-28,55.56147384643555
2021-09-29,55.58700942993164
2021-09-30,54.96942901611328
2021-10-01,55.66595458984375
2021-10-04,55.020511627197266
2021-10-05,55.491817474365234
2021-10-06,55.740234375
2021-10-07,56.26262664794922
2021-10-08,56.05367660522461
2021-10-11,55.735599517822266
2021-10-12,56.007240295410156
2021-10-13,56.37175369262695
2021-10-14,57.31438446044922
2021-10-15,57.469940185546875
2021-10-18,57.68817901611328
2021-10-19,57.980712890625
2021-10-20,58.35219955444336
2021-10-21,58.58668899536133
2021-10-22,58.66331481933594
2021-10-25,58.821197509765625
2021-10-26,58.616878509521484
2021-10-27,57.81589126586914
2021-10-28,58.56580352783203
2021-10-29,58.59134292602539
2021-11-01,58.997642517089844
2021-11-02,59.1369514465332
2021-11-03,59.392333984375
2021-11-04,59.44108963012695
2021-11-05,59.71505355834961
2021-11-08,60.06563949584961
2021-11-09,60.14690017700195
2021-11-10,59.40394592285156
2021-11-11,59.682552337646484
2021-11-12,60.11903762817383
2021-11-15,60.17477035522461
2021-11-16,60.64375686645508
2021-11-17,60.181732177734375
2021-11-18,59.87758255004883
2021-11-19,59.636112213134766
2021-11-22,59.21588134765625
2021-11-23,59.248390197753906
2021-11-24,59.543251037597656
2021-11-26,58.15485382080078
2021-11-29,58.69581985473633
2021-11-30,57.12863540649414
2021-12-01,55.93527603149414
2021-12-02,57.325992584228516
2021-12-03,56.62482452392578
2021-12-06,57.207584381103516
2021-12-07,58.528648376464844
2021-12-08,58.96745300292969
2021-12-09,58.0921516418457
2021-12-10,58.27326202392578
2021-12-13,57.83909225463867
2021-12-14,57.21455001831055
2021-12-15,58.0968132019043
2021-12-16,57.50941467285156
2021-12-17,57.3747444152832
2021-12-20,56.5667839050293
2021-12-21,57.92267608642578
2021-12-22,58.34291076660156
2021-12-23,58.66796112060547
2021-12-27,59.381004333496094
2021-12-28,59.285457611083984
2021-12-29,59.44392395019531
2021-12-30,59.40896987915039
2021-12-31,59.36701583862305
2022-01-03,59.04544448852539
2022-01-04,59.00117874145508
2022-01-05,57.52381896972656
2022-01-06,57.670623779296875
2022-01-07,57.32574462890625
2022-01-10,57.134674072265625
2022-01-11,57.78014373779297
2022-01-12,57.775482177734375
2022-01-13,57.05310821533203
2022-01-14,56.89232635498047
2022-01-18,55.68526077270508
2022-01-19,55.072425842285156
2022-01-20,54.39665985107422
2022-01-21,53.443607330322266
2022-01-24,54.077415466308594
2022-01-25,53.077754974365234
2022-01-26,52.66530227661133
2022-01-27,52.182952880859375
2022-01-28,53.250186920166016
2022-01-31,54.68793869018555
2022-02-01,55.17263412475586
2022-02-02,55.41030502319336
2022-02-03,54.33840560913086
2022-02-04,54.63200759887695
2022-02-07,54.706581115722656
2022-02-08,55.305450439453125
2022-02-09,56.51483154296875
2022-02-10,55.61070251464844
2022-02-11,54.627349853515625
2022-02-14,54.18228530883789
2022-02-15,55.23087692260742
2022-02-16,55.30078887939453
2022-02-17,53.99819564819336
2022-02-18,53.58108901977539
2022-02-22,52.95193099975586
2022-02-23,51.86836624145508
2022-02-24,52.97057342529297
2022-02-25,54.333744049072266
2022-02-28,54.15665054321289
2022-03-01,53.17329406738281
2022-03-02,54.2824821472168
2022-03-03,53.86071014404297
2022-03-04,53.34339904785156
2022-03-07,51.55379867553711
2022-03-08,51.34873962402344
2022-03-09,52.686275482177734
2022-03-10,52.52549743652344
2022-03-11,51.71923828125
2022-03-14,51.23221969604492
2022-03-15,52.12702941894531
2022-03-16,53.48554611206055
2022-03-17,54.31509780883789
2022-03-18,54.9582405090332
2022-03-21,54.795127868652344
2022-03-22,55.366031646728516
2022-03-23,54.64604949951172
2022-03-24,55.370704650878906
2022-03-25,55.522647857666016
2022-03-28,55.831214904785156
2022-03-29,56.9041748046875
2022-03-30,56.338470458984375
2022-03-31,55.59745407104492
2022-04-01,55.915374755859375
2022-04-04,56.19822311401367
2022-04-05,55.42213439941406
2022-04-06,54.93357467651367
2022-04-07,54.982662200927734
2022-04-08,54.989681243896484
2022-04-11,54.430992126464844
2022-04-12,54.22294235229492
2022-04-13,55.024742126464844
2022-04-14,54.445011138916016
2022-04-18,54.21125411987305
2022-04-19,55.314598083496094
2022-04-20,55.50862503051758
2022-04-21,54.452030181884766
2022-04-22,53.00739669799805
2022-04-25,53.236480712890625
2022-04-26,51.868980407714844
2022-04-27,51.89470291137695
2022-04-28,52.8577880859375
2022-04-29,51.13731002807617
2022-05-02,51.3757438659668
2022-05-03,51.68197250366211
2022-05-04,53.100894927978516
2022-05-05,51.21445846557617
2022-05-06,50.55057144165039
2022-05-09,48.52621841430664
2022-05-10,48.49348831176758
2022-05-11,47.7501335144043
2022-05-12,48.06804656982422
2022-05-13,49.55242919921875
2022-05-16,49.143341064453125
2022-05-17,50.132144927978516
2022-05-18,48.229339599609375
2022-05-19,48.467777252197266
2022-05-20,48.55893325805664
2022-05-23,49.09425735473633
2022-05-24,48.470115661621094
2022-05-25,49.11529541015625
2022-05-26,50.244354248046875
2022-05-27,51.62352752685547
2022-05-31,50.95264434814453
2022-06-01,50.44304656982422
2022-06-02,51.57911682128906
2022-06-03,50.91758728027344
2022-06-06,51.0765380859375
2022-06-07,51.74040985107422
2022-06-08,51.00172805786133
2022-06-09,49.748783111572266
2022-06-10,48.280765533447266
2022-06-13,46.0319938659668
2022-06-14,45.859012603759766
2022-06-15,46.39900207519531
2022-06-16,44.49852752685547
2022-06-17,44.7486572265625
2022-06-21,45.627586364746094
2022-06-22,45.669677734375
2022-06-23,46.169090270996094
2022-06-24,47.65562057495117
2022-06-27,47.64155960083008
2022-06-28,46.84669876098633
2022-06-29,46.551265716552734
2022-06-30,46.18315505981445
2022-07-01,46.79745864868164
2022-07-05,46.86076736450195
2022-07-06,46.827945709228516
2022-07-07,47.64155960083008
2022-07-08,47.491493225097656
2022-07-11,46.938133239746094
2022-07-12,46.59816360473633
2022-07-13,46.33320999145508
2022-07-14,45.92055130004883
2022-07-15,46.83497619628906
2022-07-18,46.7083625793457
2022-07-19,48.075313568115234
2022-07-20,48.57004165649414
2022-07-21,48.97098159790039
2022-07-22,48.4715576171875
2022-07-25,48.57707977294922
2022-07-26,48.08235168457031
2022-07-27,49.23827362060547
2022-07-28,50.09877395629883
2022-07-29,50.59584045410156
2022-08-01,50.46454620361328
2022-08-02,50.32854461669922
2022-08-03,50.84203338623047
2022-08-04,50.757625579833984
2022-08-05,50.98740768432617
2022-08-08,51.24062728881836
2022-08-09,50.856101989746094
2022-08-10,52.176151275634766
2022-08-11,52.302764892578125
2022-08-12,53.19374465942383
2022-08-15,53.2476806640625
2022-08-16,53.32270431518555
2022-08-17,52.70137023925781
2022-08-18,52.83970642089844
2022-08-19,52.0401611328125
2022-08-22,50.95458221435547
2022-08-23,50.91706848144531
2022-08-24,51.23124694824219
2022-08-25,52.04485321044922
2022-08-26,50.32620620727539
2022-08-29,49.98153305053711
2022-08-30,49.43523025512695
2022-08-31,49.10931396484375
2022-09-01,48.86312484741211
2022-09-02,48.553627014160156
2022-09-06,48.4363899230957
2022-09-07,49.52198028564453
2022-09-08,50.004981994628906
2022-09-09,50.844383239746094
2022-09-12,51.29456329345703
2022-09-13,49.30391311645508
2022-09-14,49.30861282348633
2022-09-15,48.80450439453125
2022-09-16,48.124549865722656
2022-09-19,48.502044677734375
2022-09-20,47.67203140258789
2022-09-21,46.94986343383789
2022-09-22,46.04716491699219
2022-09-23,45.2690544128418
2022-09-26,44.56747817993164
2022-09-27,44.45211410522461
2022-09-28,45.55393600463867
2022-09-29,44.62868118286133
2022-09-30,44.25669479370117
2022-10-03,45.57512664794922
2022-10-04,47.22550964355469
2022-10-05,46.975948333740234
2022-10-06,46.50273132324219
2022-10-07,45.2431640625
2022-10-10,44.84528350830078
2022-10-11,44.53921127319336
2022-10-12,44.26611328125
2022-10-13,45.19607162475586
2022-10-14,43.924739837646484
2022-10-17,45.1207389831543
2022-10-18,45.81290817260742
2022-10-19,45.13486099243164
2022-10-20,44.675777435302734
2022-10-21,45.593955993652344
2022-10-24,45.991844177246094
2022-10-25,47.117210388183594
2022-10-26,47.13840103149414
2022-10-27,47.23256301879883
2022-10-28,48.226104736328125
2022-10-31,48.02598571777344
2022-11-01,48.19549560546875
2022-11-02,46.84646224975586
2022-11-03,46.768768310546875
2022-11-04,47.300838470458984
2022-11-07,47.57630157470703
2022-11-08,47.88236618041992
2022-11-09,46.92180252075195
2022-11-10,49.72110366821289
2022-11-11,50.16606521606445
2022-11-14,49.579837799072266
2022-11-15,50.156646728515625
2022-11-16,49.5539436340332
2022-11-17,49.07600784301758
2022-11-18,49.422096252441406
2022-11-21,49.306724548339844
2022-11-22,49.94476318359375
2022-11-23,50.217864990234375
2022-11-25,50.347354888916016
2022-11-28,49.450347900390625
2022-11-29,49.55158996582031
2022-11-30,50.97830581665039
2022-12-01,51.15018081665039
2022-12-02,51.053646087646484
2022-12-05,49.88589859008789
2022-12-06,49.26906967163086
2022-12-07,49.23139953613281
2022-12-08,49.610450744628906
2022-12-09,49.23846435546875
2022-12-12,50.01068115234375
2022-12-13,50.427398681640625
2022-12-14,50.076602935791016
2022-12-15,48.90414810180664
2022-12-16,48.2896728515625
2022-12-19,47.7811279296875
2022-12-20,47.86824035644531
2022-12-21,48.60279083251953
2022-12-22,47.99703598022461
2022-12-23,48.2881965637207
2022-12-27,48.23374938964844
2022-12-28,47.56147003173828
2022-12-29,48.489410400390625
2022-12-30,48.24557876586914
2023-01-03,48.02306365966797
2023-01-04,48.72376251220703
2023-01-05,48.082244873046875
2023-01-06,49.187721252441406
2023-01-09,49.35578918457031
2023-01-10,49.75821304321289
2023-01-11,50.50151443481445
2023-01-12,50.66484832763672
2023-01-13,50.821083068847656
2023-01-17,50.8258171081543
2023-01-18,50.082523345947266
2023-01-19,49.530967712402344
2023-01-20,50.45417022705078
2023-01-23,51.11934280395508
2023-01-24,51.008087158203125
2023-01-25,51.100406646728516
2023-01-26,51.66379928588867
2023-01-27,51.85791778564453
2023-01-30,51.19746017456055
2023-01-31,52.08279037475586
2023-02-01,52.707733154296875
2023-02-02,53.49363327026367
2023-02-03,52.69115447998047
2023-02-06,52.38815689086914
2023-02-07,52.90656661987305
2023-02-08,52.46153259277344
2023-02-09,51.8886833190918
2023-02-10,52.004676818847656
2023-02-13,52.56095886230469
2023-02-14,52.61540985107422
2023-02-15,53.10541534423828
2023-02-16,52.52781677246094
2023-02-17,52.21062088012695
2023-02-21,50.99862289428711
2023-02-22,50.97967529296875
2023-02-23,51.169063568115234
2023-02-24,50.6979866027832
2023-02-27,50.83528518676758
2023-02-28,50.67668914794922
2023-03-01,50.55122375488281
2023-03-02,51.0128288269043
2023-03-03,51.70640563964844
2023-03-06,51.4602165222168
2023-03-07,50.6979866027832
2023-03-08,50.816341400146484
2023-03-09,49.59252166748047
2023-03-10,48.2881965637207
2023-03-13,47.892879486083984
2023-03-14,48.56988525390625
2023-03-15,47.765052795410156
2023-03-16,48.43968963623047
2023-03-17,47.573307037353516
2023-03-20,48.153263092041016
2023-03-21,48.898929595947266
2023-03-22,47.71533966064453
2023-03-23,47.57038879394531
2023-03-24,47.888797760009766
2023-03-27,48.1953125
2023-03-28,48.27135467529297
2023-03-29,49.02696990966797
2023-03-30,49.28596878051758
2023-03-31,50.11761474609375
2023-04-03,50.03682327270508
2023-04-04,49.48556900024414
2023-04-05,49.16477966308594
2023-04-06,49.20993423461914
2023-04-10,49.56398010253906
2023-04-11,49.93939971923828
2023-04-12,49.71842575073242
2023-04-13,50.1152458190918
2023-04-14,49.865745544433594
2023-04-17,50.22929382324219
2023-04-18,50.26493453979492
2023-04-19,50.226924896240234
2023-04-20,49.97505187988281
2023-04-21,49.95604705810547
2023-04-24,50.03919982910156
2023-04-25,49.04122543334961
2023-04-26,48.59925842285156
2023-04-27,49.31209945678711
2023-04-28,49.73029708862305
2023-05-01,49.692291259765625
2023-05-02,48.931915283203125
2023-05-03,48.70856857299805
2023-05-04,48.366397857666016
2023-05-05,49.1600227355957
2023-05-08,49.1243896484375
2023-05-09,48.97469711303711
2023-05-10,49.088748931884766
2023-05-11,48.8440055847168
2023-05-12,48.82737350463867
2023-05-15,49.1600227355957
2023-05-16,48.36164474487305
2023-05-17,48.939048767089844
2023-05-18,49.40001678466797
2023-05-19,49.238441467285156
2023-05-22,49.4760627746582
2023-05-23,48.867767333984375
2023-05-24,48.37115478515625
2023-05-25,48.33787536621094
2023-05-26,48.82499313354492
2023-05-30,48.80598068237305
2023-05-31,48.42104721069336
2023-06-01,48.863014221191406
2023-06-02,49.90614318847656
2023-06-05,49.77070236206055
2023-06-06,50.19366455078125
2023-06-07,50.45503234863281
2023-06-08,50.47641372680664
2023-06-09,50.412261962890625
2023-06-12,50.80194854736328
2023-06-13,51.3246955871582
2023-06-14,51.23915100097656
2023-06-15,51.85457992553711
2023-06-16,51.72151565551758
2023-06-20,51.289058685302734
2023-06-21,51.23440170288086
2023-06-22,51.049068450927734
2023-06-23,50.59921646118164
2023-06-26,50.911678314208984
2023-06-27,51.651084899902344
2023-06-28,51.67970657348633
2023-06-29,52.013633728027344
2023-06-30,52.51213073730469
2023-07-03,52.68864059448242
2023-07-05,52.43342208862305
2023-07-06,51.97308349609375
2023-07-07,52.19968032836914
2023-07-10,52.745887756347656
2023-07-11,53.404197692871094
2023-07-12,53.66179275512695
2023-07-13,54.029109954833984
2023-07-14,53.647483825683594
2023-07-17,53.93846893310547
2023-07-18,54.27717208862305
2023-07-19,54.436981201171875
2023-07-20,54.136444091796875
2023-07-21,54.2032356262207
2023-07-24,54.21992874145508
2023-07-25,54.382118225097656
2023-07-26,54.41073989868164
2023-07-27,53.79297637939453
2023-07-28,54.112586975097656
2023-07-31,54.363037109375
2023-08-01,54.17938232421875
2023-08-02,53.564002990722656
2023-08-03,53.366031646728516
2023-08-04,53.029720306396484
2023-08-07,53.4208869934082
2023-08-08,53.017791748046875
2023-08-09,52.82697677612305
2023-08-10,52.69340896606445
2023-08-11,52.648094177246094
2023-08-14,52.69102478027344
2023-08-15,51.99932098388672
2023-08-16,51.59383773803711
2023-08-17,51.07148361206055
2023-08-18,51.216983795166016
2023-08-21,51.21220779418945
2023-08-22,51.10726547241211
2023-08-23,51.586692810058594
2023-08-24,51.02616882324219
2023-08-25,51.30523681640625
2023-08-28,51.658241271972656
2023-08-29,52.33802032470703
2023-08-30,52.57653045654297
2023-08-31,52.4000358581543
2023-09-01,52.66001892089844
2023-09-05,52.08757400512695
2023-09-06,52.030338287353516
2023-09-07,51.80612564086914
2023-09-08,51.744110107421875
2023-09-11,51.84906005859375
2023-09-12,51.74887466430664
2023-09-13,51.46981430053711
2023-09-14,51.977848052978516
2023-09-15,51.53182601928711
2023-09-18,51.41256332397461
2023-09-19,51.295692443847656
2023-09-20,51.08341598510742
2023-09-21,50.12537384033203
2023-09-22,50.03441619873047
2023-09-25,50.17087173461914
2023-09-26,49.457496643066406
2023-09-27,49.6226692199707
2023-09-28,49.998504638671875
2023-09-29,49.85009002685547
2023-10-02,49.26598358154297
2023-10-03,48.581329345703125
2023-10-04,48.96675109863281
2023-10-05,48.84944534301758
2023-10-06,49.41439437866211
2023-10-09,49.80699920654297
2023-10-10,50.19959259033203
2023-10-11,50.33843231201172
2023-10-12,49.684906005859375
2023-10-13,49.462276458740234
2023-10-16,50.08708190917969
2023-10-17,50.328861236572266
2023-10-18,49.412010192871094
2023-10-19,48.74172592163086
2023-10-20,48.08580017089844
2023-10-23,47.788963317871094
2023-10-24,48.0905876159668
2023-10-25,47.4083366394043
2023-10-26,47.303009033203125
2023-10-27,46.83858871459961
2023-10-30,47.02052688598633
2023-10-31,47.49690628051758
2023-11-01,47.69081115722656
2023-11-02,48.82072067260742
2023-11-03,49.744754791259766
2023-11-06,49.36412811279297
2023-11-07,49.4550895690918
2023-11-08,49.3521614074707
2023-11-09,48.945194244384766
2023-11-10,49.5245246887207
2023-11-13,49.428768157958984
2023-11-14,51.006324768066406
2023-11-15,51.159542083740234
2023-11-16,50.95365905761719
2023-11-17,51.243324279785156
2023-11-20,51.47313690185547
2023-11-21,51.389347076416016
2023-11-22,51.619163513183594
2023-11-24,51.83222198486328
2023-11-27,51.712520599365234
2023-11-28,51.626338958740234
2023-11-29,51.86812973022461
2023-11-30,52.248756408691406
2023-12-01,53.108150482177734
2023-12-04,53.05549621582031
2023-12-05,52.59586715698242
2023-12-06,52.5479850769043
2023-12-07,52.75864791870117
2023-12-08,52.96452331542969
2023-12-11,53.48399353027344
2023-12-12,53.63002014160156
2023-12-13,54.77189636230469
2023-12-14,55.54511642456055
2023-12-15,55.150123596191406
2023-12-18,55.21475601196289
2023-12-19,55.70790100097656
2023-12-20,54.747955322265625
2023-12-21,55.489837646484375
2023-12-22,55.72564697265625
2023-12-26,56.0890007019043
2023-12-27,56.23337936401367
2023-12-28,56.29594039916992
2023-12-29,55.980716705322266
2024-01-02,55.6630859375
2024-01-03,54.78717803955078
2024-01-04,54.7919921875
2024-01-05,54.8930549621582
2024-01-08,55.59089660644531
2024-01-09,55.306949615478516
2024-01-10,55.48261260986328
2024-01-11,55.29972839355469
2024-01-12,55.20828628540039
2024-01-16,54.808841705322266
2024-01-17,54.34923553466797
2024-01-18,54.66686248779297
2024-01-19,55.08556365966797
2024-01-22,55.50907516479492
2024-01-23,55.451332092285156
2024-01-24,55.07594299316406
2024-01-25,55.55720520019531
2024-01-26,55.51388931274414
2024-01-29,55.97109603881836
2024-01-30,55.91815185546875
2024-01-31,55.14813232421875
2024-02-01,55.85318374633789
2024-02-02,55.86281204223633
2024-02-05,55.30935287475586
2024-02-06,55.77859115600586
2024-02-07,56.03365707397461
2024-02-08,56.25263595581055
2024-02-09,56.401824951171875
2024-02-12,56.65208053588867
2024-02-13,55.614959716796875
2024-02-14,56.36091995239258
2024-02-15,57.00100326538086
2024-02-16,56.702613830566406
2024-02-20,56.46920394897461
2024-02-21,56.52695846557617
2024-02-22,57.19832229614258
2024-02-23,57.31141662597656
2024-02-26,57.20313262939453
2024-02-27,57.48707580566406
2024-02-28,57.559268951416016
2024-02-29,57.88652038574219
2024-03-01,58.27875518798828
2024-03-04,58.48811340332031
2024-03-05,58.00202941894531
2024-03-06,58.49051284790039
2024-03-07,59.01268005371094
2024-03-08,58.81536865234375
2024-03-11,58.861087799072266
2024-03-12,59.01268005371094
2024-03-13,58.945308685302734
2024-03-14,58.37982177734375
2024-03-15,58.317256927490234
2024-03-18,58.432762145996094
2024-03-19,58.7696418762207
2024-03-20,59.31828689575195
2024-03-21,59.7492790222168
2024-03-22,59.39414596557617
2024-03-25,59.389312744140625
2024-03-26,59.36757278442383
2024-03-27,60.22761917114258
2024-03-28,60.36290740966797
2024-04-01,59.97154235839844
2024-04-02,59.39414596557617
2024-04-03,59.60432815551758
2024-04-04,58.89165115356445
2024-04-05,59.40622329711914
2024-04-08,59.630897521972656
2024-04-09,59.76619338989258
2024-04-10,58.87715148925781
2024-04-11,58.872314453125
2024-04-12,57.966365814208984
2024-04-15,57.29234313964844
2024-04-16,57.01210021972656
2024-04-17,56.85989761352539
2024-04-18,56.801918029785156
2024-04-19,56.770511627197266
2024-04-22,57.22952651977539
2024-04-23,57.71269607543945
2024-04-24,57.8576545715332
2024-04-25,57.9373779296875
2024-04-26,58.07508087158203
2024-04-29,58.42780303955078
2024-04-30,57.512184143066406
2024-05-01,57.41313171386719
2024-05-02,57.89389419555664
2024-05-03,58.251441955566406
2024-05-06,58.8602409362793
2024-05-07,58.94237518310547
2024-05-08,58.8481559753418
2024-05-09,59.28784942626953
2024-05-10,59.36757278442383
2024-05-13,59.241947174072266
2024-05-14,59.481117248535156
2024-05-15,60.15031433105469
2024-05-16,59.9691162109375
2024-05-17,60.085086822509766
2024-05-20,60.123741149902344
2024-05-21,60.07059097290039
2024-05-22,59.908729553222656
2024-05-23,59.075252532958984
2024-05-24,59.575340270996094
2024-05-28,59.07041931152344
2024-05-29,58.307010650634766
2024-05-30,58.57999801635742
2024-05-31,59.0921630859375
2024-06-03,58.68146896362305
2024-06-04,58.52443313598633
2024-06-05,58.932716369628906
2024-06-06,58.77326965332031
2024-06-07,58.48094940185547
2024-06-10,58.7466926574707
2024-06-11,58.56791305541992
2024-06-12,58.98828125
2024-06-13,58.824005126953125
2024-06-14,58.3891487121582
2024-06-17,58.7466926574707
2024-06-18,58.96412658691406
2024-06-20,58.9520378112793
2024-06-21,58.88680648803711
2024-06-24,59.179134368896484
2024-06-25,58.915794372558594
2024-06-26,58.52926254272461
2024-06-27,58.75212860107422
2024-06-28,58.71333312988281
2024-07-01,58.26225280761719
2024-07-02,58.529022216796875
2024-07-03,58.58238220214844
2024-07-05,58.60905075073242
2024-07-08,58.72303009033203
2024-07-09,58.577518463134766
2024-07-10,59.05043411254883
2024-07-11,59.76828384399414
2024-07-12,60.31879425048828
2024-07-15,60.396400451660156
2024-07-16,61.46105194091797
2024-07-17,60.87173080444336
2024-07-18,60.48128128051758
2024-07-19,60.17085647583008
2024-07-22,60.825653076171875
2024-07-23,60.54676055908203
2024-07-24,59.61307144165039
2024-07-25,59.690670013427734
2024-07-26,60.408531188964844
2024-07-29,60.46915054321289
2024-07-30,60.670440673828125
2024-07-31,61.08515167236328
2024-08-01,60.19753646850586
2024-08-02,59.089237213134766
2024-08-05,57.68021011352539
2024-08-06,58.41746520996094
2024-08-07,57.99306106567383
2024-08-08,59.188663482666016
2024-08-09,59.33417510986328
2024-08-12,59.05770492553711
2024-08-13,59.72220993041992
2024-08-14,59.877410888671875
2024-08-15,60.71652603149414
2024-08-16,60.908111572265625
2024-08-19,61.37131881713867
2024-08-20,61.0754508972168
2024-08-21,61.65748596191406
2024-08-22,61.44407272338867
2024-08-23,62.21528244018555
2024-08-26,62.125545501708984
2024-08-27,62.125545501708984
2024-08-28,61.87333297729492
2024-08-29,62.11341857910156
2024-08-30,62.617862701416016
2024-09-03,61.56775665283203
2024-09-04,61.44407272338867
2024-09-05,61.09969711303711
2024-09-06,60.393978118896484
2024-09-09,61.0560417175293
2024-09-10,61.1312255859375
2024-09-11,61.332515716552734
2024-09-12,61.75691604614258
2024-09-13,62.355934143066406
2024-09-16,62.743961334228516
2024-09-17,62.904022216796875
2024-09-18,62.69546127319336
2024-09-19,63.53214645385742
2024-09-20,63.44968795776367
2024-09-23,63.786781311035156
2024-09-24,63.895931243896484
2024-09-25,63.51517105102539
2024-09-26,63.86004638671875
2024-09-27,64.0474853515625
2024-09-30,64.21542358398438
2024-10-01,63.877098083496094
2024-10-02,63.87466049194336
2024-10-03,63.648311614990234
2024-10-04,64.2056884765625
2024-10-07,63.687255859375
2024-10-08,63.91117477416992
2024-10-09,64.33955383300781
2024-10-10,64.14483642578125
2024-10-11,64.90179443359375
2024-10-14,65.41537475585938
2024-10-15,65.20604705810547
2024-10-16,65.65390014648438
2024-10-17,65.54923248291016
2024-10-18,65.79507446289062
2024-10-21,65.3326187133789
2024-10-22,64.9310073852539
2024-10-23,64.7314224243164
2024-10-24,64.78739929199219
2024-10-25,64.52696228027344
2024-10-28,64.9139633178711
2024-10-29,64.75819396972656
2024-10-30,64.70220184326172
2024-10-31,63.94281005859375
2024-11-01,63.92820358276367
2024-11-04,63.91117477416992
2024-11-05,64.91154479980469
2024-11-06,66.61775207519531
2024-11-07,66.8343734741211
2024-11-08,67.34793853759766
2024-11-11,67.82501220703125
2024-11-12,67.36495971679688
2024-11-13,67.30899810791016
2024-11-14,66.68102264404297
2024-11-15,66.2818603515625
2024-11-18,66.62748718261719
2024-11-19,66.83679962158203
2024-11-20,67.05829620361328
2024-11-21,67.97589874267578
2024-11-22,68.5989990234375
2024-11-25,69.11499786376953
2024-11-26,69.13204193115234
2024-11-27,69.10283660888672
2024-11-29,69.278076171875
2024-12-02,69.02494812011719
2024-12-03,68.90324401855469
2024-12-04,69.20992279052734
2024-12-05,68.8740463256836
2024-12-06,68.98843383789062
2024-12-09,68.25823974609375
2024-12-10,67.58404541015625
2024-12-11,67.82501220703125
2024-12-12,67.54508972167969
2024-12-13,67.27978515625
2024-12-16,67.13375854492188
2024-12-17,66.57880401611328
2024-12-18,64.32738494873047
2024-12-19,64.18621063232422
2024-12-20,65.2109146118164
2024-12-23,65.19697570800781
2024-12-24,65.75665283203125
2024-12-26,65.76887512207031
2024-12-27,65.20675659179688
2024-12-30,64.5591049194336
2024-12-31,64.55178833007812
2025-01-02,64.45646667480469
2025-01-03,65.27030181884766
2025-01-06,65.31917572021484
2025-01-07,64.92082214355469
2025-01-08,65.10411071777344
2025-01-10,64.23162841796875
2025-01-13,64.5444564819336
2025-01-14,65.18475341796875
2025-01-15,65.85195922851562
2025-01-16,66.58270263671875
2025-01-17,66.91995239257812
2025-01-21,67.79000854492188
2025-01-22,67.6189193725586
2025-01-23,67.8046646118164
2025-01-24,67.77778625488281
2025-01-27,67.17902374267578
2025-01-28,67.18146514892578
2025-01-29,67.03482818603516
2025-01-30,67.87065124511719
2025-01-31,67.357421875
2025-02-03,67.115478515625
2025-02-04,67.2621078491211
2025-02-05,67.76312255859375
2025-02-06,67.72889709472656
2025-02-07,67.52849578857422
2025-02-10,67.92930603027344
2025-02-11,67.55538177490234
2025-02-12,67.21566772460938
2025-02-13,67.57006072998047
2025-02-14,67.3769760131836
2025-02-18,67.83644104003906
2025-02-19,67.83154296875
2025-02-20,67.39408874511719
2025-02-21,66.09146118164062
2025-02-24,65.98638153076172
2025-02-25,65.85684967041016
2025-02-26,65.85440063476562
2025-02-27,65.20187377929688
2025-02-28,66.11101531982422
2025-03-03,65.2140884399414
2025-03-04,64.26583862304688
2025-03-05,64.95503234863281
2025-03-06,63.77461242675781
2025-03-07,64.24384307861328
2025-03-10,62.93389892578125
2025-03-11,62.408447265625
2025-03-12,62.30091857910156
2025-03-13,61.555511474609375
2025-03-14,62.88501739501953
2025-03-17,63.816162109375
2025-03-18,63.339595794677734
2025-03-19,64.03367614746094
2025-03-20,63.86259078979492
2025-03-21,63.627967834472656
2025-03-24,64.83283233642578
2025-03-25,64.72286224365234
2025-03-26,64.36115264892578
2025-03-27,64.0535659790039
2025-03-28,63.118282318115234
2025-03-31,63.48650360107422
2025-04-01,63.695167541503906
2025-04-02,64.29167938232422
2025-04-03,61.169151306152344
2025-04-04,57.511474609375
2025-04-07,57.0401496887207
2025-04-08,56.102413177490234
2025-04-09,60.55790710449219
2025-04-10,58.817440032958984
2025-04-11,59.80427932739258
2025-04-14,60.594722747802734
2025-04-15,60.454803466796875
2025-04-16,59.81900405883789
2025-04-17,60.322242736816406
2025-04-21,58.93281936645508
2025-04-22,60.53826904296875
2025-04-23,61.21089172363281
2025-04-24,62.364646911621094
2025-04-25,62.286094665527344
2025-04-28,62.497215270996094
2025-04-29,62.88998031616211
2025-04-30,62.86543273925781
2025-05-01,63.05936813354492
2025-05-02,64.0118408203125
2025-05-05,63.906272888183594
2025-05-06,63.550323486328125
2025-05-07,63.92345428466797
2025-05-08,64.42914581298828
2025-05-09,64.4856185913086
2025-05-12,66.07878875732422
2025-05-13,66.34882354736328
2025-05-14,66.07388305664062
2025-05-15,66.57221221923828
2025-05-16,67.33074951171875
2025-05-19,67.3651123046875
2025-05-20,67.1122817993164
2025-05-21,65.6860122680664
2025-05-22,65.60746765136719
2025-05-23,65.42581176757812
2025-05-27,66.53047943115234
2025-05-28,65.98551940917969
2025-05-29,66.21134948730469
2025-05-30,66.31937408447266
2025-06-02,66.4666519165039
2025-06-03,67.12699890136719
2025-06-04,66.8888931274414
2025-06-05,66.80296325683594
2025-06-06,67.27428436279297
2025-06-09,67.11964416503906
2025-06-10,67.3233871459961
2025-06-11,67.10982513427734
2025-06-12,67.33320617675781
2025-06-13,66.53047943115234
2025-06-16,67.19818878173828
2025-06-17,66.66304016113281
2025-06-18,66.80296325683594
2025-06-20,66.8888931274414
2025-06-23,67.55660247802734
2025-06-24,68.19239044189453
2025-06-25,67.70143127441406
2025-06-26,68.18992614746094
2025-06-27,68.50414276123047
2025-06-30,68.95782470703125
2025-07-01,69.35211181640625
2025-07-02,69.6059341430664
2025-07-03,69.89424133300781
2025-07-07,69.54925537109375
2025-07-08,69.50736236572266
2025-07-09,69.81786346435547
2025-07-10,70.01253509521484
2025-07-11,69.54925537109375
2025-07-14,69.82032012939453
2025-07-15,68.95782470703125
2025-07-16,69.2165756225586
2025-07-17,69.8425064086914
2025-07-18,70.16777801513672
2025-07-21,69.79075622558594
2025-07-22,70.45857238769531
2025-07-23,70.9341812133789
2025-07-24,70.83313751220703
2025-07-25,71.40731811523438
2025-07-28,71.05738067626953
2025-07-29,70.93909454345703
2025-07-30,70.67788696289062
2025-07-31,70.47581481933594
2025-08-01,69.47779083251953
2025-08-04,70.53002166748047
2025-08-05,70.15054321289062
2025-08-06,70.07660675048828
2025-08-07,70.07413482666016
2025-08-08,69.87207794189453
2025-08-11,69.5985336303711
2025-08-12,70.43145751953125
2025-08-13,71.07710266113281
2025-08-14,70.55220794677734
2025-08-15,70.42899322509766
2025-08-18,70.48320770263672
2025-08-19,70.66310119628906
2025-08-20,70.57685089111328
2025-08-21,70.3082504272461
2025-08-22,71.63895416259766
2025-08-25,71.12638854980469
2025-08-26,71.19786071777344
2025-08-27,71.57733917236328
2025-08-28,71.69810485839844
2025-08-29,71.44673919677734
2025-09-02,71.01056671142578
2025-09-03,70.88735961914062
2025-09-04,71.39006805419922
2025-09-05,71.318603515625
2025-09-08,71.45906829833984
2025-09-09,71.3949966430664
2025-09-10,71.39253234863281
2025-09-11,72.3683853149414
2025-09-12,71.90756225585938
2025-09-15,71.74739074707031
2025-09-16,71.48863983154297
2025-09-17,71.50096130371094
2025-09-18,71.98641204833984
2025-09-19,71.8287124633789
2025-09-22,71.99380493164062
2025-09-23,72.03324890136719
2025-09-24,71.75970458984375
2025-09-25,71.29643249511719
2025-09-26,72.06034851074219
2025-09-29,72.49658966064453
2025-09-30,72.64248657226562
2025-10-01,72.57324981689453
2025-10-02,72.8378677368164
2025-10-03,73.00601959228516
2025-10-06,73.0802230834961
2025-10-07,72.63013458251953
2025-10-08,73.04559326171875
2025-10-09,72.4792709350586
2025-10-10,70.79515075683594
2025-10-13,71.61619567871094
2025-10-14,72.18251037597656
2025-10-15,72.32100677490234
2025-10-16,71.40351867675781
2025-10-17,71.50984954833984
2025-10-20,72.2690658569336
2025-10-21,72.58808135986328
2025-10-22,72.07865142822266
2025-10-23,72.5806655883789
2025-10-24,72.9071044921875
2025-10-27,73.2582778930664
2025-10-28,72.55347442626953
2025-10-29,72.04402923583984
2025-10-30,71.62361145019531
2025-10-31,71.94263458251953
2025-11-03,71.72006225585938
2025-11-04,71.00287628173828
2025-11-05,71.35652160644531
2025-11-06,70.80998992919922
2025-11-07,71.49747467041016
2025-11-10,72.03413391113281
2025-11-11,72.2369155883789
2025-11-12,72.24433898925781
2025-11-13,71.02513885498047
2025-11-14,70.95835876464844
2025-11-17,69.91228485107422
2025-11-18,69.90733337402344
2025-11-19,69.80593872070312
2025-11-20,68.75985717773438
2025-11-21,69.85540008544922
2025-11-24,69.99883270263672
2025-11-25,71.22297668457031
2025-11-26,71.77941131591797
2025-11-28,72.24928283691406
2025-12-01,71.73490142822266
2025-12-02,71.7052230834961
2025-12-03,72.26412200927734
2025-12-04,72.42982482910156
2025-12-05,72.4792709350586
2025-12-08,72.1701431274414
2025-12-09,72.04154968261719
2025-12-10,73.02086639404297
2025-12-11,73.53030395507812
2025-12-12,72.79335021972656
2025-12-15,72.763671875
2025-12-16,72.31358337402344
2025-12-17,71.94015502929688
2025-12-18,72.16272735595703
2025-12-19,72.44464874267578
2025-12-22,73.05988311767578
2025-12-23,72.88359832763672
2025-12-24,73.0722885131836
2025-12-26,73.11946868896484
2025-12-29,72.87615203857422
2025-12-30,72.7247085571289
2025-12-31,72.05435943603516
2026-01-02,72.65270233154297
2026-01-05,73.5117416381836
2026-01-06,74.3310546875
2026-01-07,73.42732238769531
2026-01-08,73.74015045166016
2026-01-09,74.1498031616211
2026-01-12,74.27643585205078
2026-01-13,74.3385009765625
2026-01-14,74.51228332519531
2026-01-15,74.79779815673828
2026-01-16,74.57435607910156
2026-01-20,73.29077911376953
2026-01-21,74.35090637207031
2026-01-22,74.52967071533203
2026-01-23,74.14236450195312
2026-01-26,74.42042541503906
2026-01-27,74.53462982177734
2026-01-28,74.34842681884766
2026-01-29,74.23421478271484
2026-01-30,73.5117416381836
2026-02-02,73.83697509765625
2026-02-03,73.66319274902344
2026-02-04,73.99835968017578
2026-02-05,72.96553802490234
2026-02-06,74.76800537109375
2026-02-09,74.991455078125
2026-02-10,75.01876831054688
2026-02-11,75.16276550292969
2026-02-12,74.07284545898438
2026-02-13,75.01380920410156
2026-02-17,74.94428253173828
2026-02-18,75.40359497070312
2026-02-19,75.25214385986328
2026-02-20,75.55255889892578
2026-02-23,74.55448913574219
2026-02-24,75.36139678955078
2026-02-25,75.607177734375
2026-02-26,76.23532104492188
2026-02-27,76.02180480957031
2026-03-02,75.95973205566406
2026-03-03,74.92442321777344
2026-03-04,75.24717712402344
2026-03-05,74.58924865722656
2026-03-06,73.66070556640625
2026-03-09,73.9710464477539
2026-03-10,73.3255386352539
2026-03-11,73.0425033569336
2026-03-12,71.7862319946289
2026-03-13,71.75147247314453
2026-03-16,72.44416046142578
2026-03-17,72.91588592529297
2026-03-18,71.98484802246094
2026-03-19,72.02208709716797
2026-03-20,70.79312896728516
2026-03-23,71.63973999023438
2026-03-24,71.88801574707031
2026-03-25,72.20829772949219
2026-03-26,71.3318862915039
2026-03-27,70.47883605957031
2026-03-30,70.01032257080078
2026-03-31,71.56787872314453
2026-04-01,72.02144622802734
2026-04-02,72.26068115234375
2026-04-06,72.61456298828125
2026-04-07,72.539794921875
2026-04-08,74.37647247314453
2026-04-09,74.32413482666016
2026-04-10,73.94036102294922
2026-04-13,74.74031829833984
2026-04-14,75.23873901367188
2026-04-15,75.23873901367188
2026-04-16,75.4505615234375
2026-04-17,76.52714538574219
2026-04-20,76.86607360839844
2026-04-21,76.40752410888672
2026-04-22,76.35768127441406
2026-04-23,76.55705261230469
2026-04-24,76.48727416992188
2026-04-27,76.3377456665039
2026-04-28,75.7695541381836
2026-04-29,75.63996124267578
2026-04-30,77.06543731689453
2026-05-01,76.9856948852539
2026-05-04,76.83616638183594
2026-05-05,77.4542007446289
2026-05-06,77.95262145996094
2026-05-07,77.14518737792969
2026-05-08,76.90594482421875
2026-05-11,77.22492980957031
2026-05-12,76.97572326660156
2026-05-13,76.79629516601562
2026-05-14,77.27477264404297
2026-05-15,76.28790283203125
2026-05-18,76.37762451171875
2026-05-19,75.95894622802734
2026-05-20,76.81622314453125
2026-05-21,77.16512298583984
2026-05-22,77.83300018310547
2026-05-26,78.31147766113281
2026-05-27,78.12208557128906
2026-05-28,78.55072784423828
2026-05-29,78.71022033691406
2026-06-01,78.93949127197266
2026-06-02,79.65721893310547
2026-06-03,79.29835510253906
2026-06-04,79.92636108398438
2026-06-05,78.28157806396484
2026-06-08,78.25167083740234
2026-06-09,78.58062744140625
2026-06-10,77.36448669433594
2026-06-11,78.79993438720703
2026-06-12,79.56749725341797
2026-06-15,80.55436706542969
2026-06-16,80.3948745727539
2026-06-17,79.28838348388672
2026-06-18,79.84661102294922
2026-06-22,80.19550323486328
2026-06-23,79.51765441894531
2026-06-24,79.8665542602539
2026-06-25,80.35499572753906
2026-06-26,79.98999786376953
2026-06-29,80.47000122070312
2026-06-30,80.56999969482422
2026-07-01,80.4000015258789
2026-07-02,80.51000213623047
2026-07-06,80.91000366210938
2026-07-07,80.61000061035156
2026-07-08,80.13999938964844
2026-07-09,80.77999877929688
2026-07-10,80.94000244140625
2026-07-13,80.83999633789062
2026-07-14,80.83999633789062
2026-07-15,80.44999694824219
2026-07-16,80.61000061035156
2026-07-17,80.23999786376953
2026-07-20,79.91999816894531
2026-07-21,80.47000122070312
2026-07-22,80.48999786376953
2026-07-23,80.31999969482422
2026-07-24,80.55000305175781
2026-07-27,81.01000213623047
2026-07-28,81.3499984741211
2026-07-29,80.62000274658203
2026-07-30,80.98999786376953
2026-07-31,80.94999694824219
2026-08-03,81.77999877929688
2026-08-04,82.88999938964844
2026-08-05,82.55999755859375
2026-08-06,82.13999938964844
2026-08-07,82.69000244140625
2026-08-10,82.7300033569336
2026-08-11,83.08999633789062
2026-08-12,83.56999969482422
2026-08-13,84.23999786376953
2026-08-14,84.45999908447266
2026-08-17,84.05999755859375
2026-08-18,83.11000061035156
2026-08-19,83.06999969482422
2026-08-20,82.52999877929688
2026-08-21,82.97000122070312
2026-08-24,82.80000305175781
2026-08-25,82.79000091552734
2026-08-26,83.12000274658203
2026-08-27,83.08999633789062
2026-08-28,82.5
2026-08-31,82.05999755859375
2026-09-01,81.30000305175781
2026-09-02,81.62000274658203
2026-09-03,82.44999694824219
2026-09-04,82.27999877929688
2026-09-08,81.80999755859375
2026-09-09,81.13999938964844
2026-09-10,80.4000015258789
2026-09-11,81.02999877929688
2026-09-14,80.61000061035156
2026-09-15,80.05000305175781
2026-09-16,79.54000091552734
2026-09-17,80.1500015258789
2026-09-18,80.0
2026-09-21,80.55999755859375
2026-09-22,80.4800033569336
2026-09-23,79.93000030517578
2026-09-24,79.69999694824219
2026-09-25,79.98999786376953
2026-09-28,79.0
2026-09-29,79.04000091552734
