date,value
1998-12-22,5.661899566650391
1998-12-23,5.779778480529785
1998-12-24,5.749357223510742
1998-12-28,5.718935966491699
1998-12-29,5.775973796844482
1998-12-30,5.6885175704956055
1998-12-31,5.680911540985107
1999-01-04,5.677109718322754
1999-01-05,5.646690845489502
1999-01-06,5.83301305770874
1999-01-07,5.806396484375
1999-01-08,5.83301305770874
1999-01-11,5.722740650177002
1999-01-12,5.635283470153809
1999-01-13,5.551624298095703
1999-01-14,5.445155620574951
1999-01-15,5.528815746307373
1999-01-19,5.528815746307373
1999-01-20,5.483184814453125
1999-01-21,5.528815746307373
1999-01-22,5.498392105102539
1999-01-25,5.490789413452148
1999-01-26,5.437551498413086
1999-01-27,5.338685989379883
1999-01-28,5.308267116546631
1999-01-29,5.308267116546631
1999-02-01,5.255034923553467
1999-02-02,5.262635707855225
1999-02-03,5.384316921234131
1999-02-04,5.414738178253174
1999-02-05,5.566839218139648
1999-02-08,5.642884254455566
1999-02-09,5.536418437957764
1999-02-10,5.551624298095703
1999-02-11,5.5059967041015625
1999-02-12,5.3919219970703125
1999-02-16,5.353896617889404
1999-02-17,5.3006591796875
1999-02-18,5.31587553024292
1999-02-19,5.285451889038086
1999-02-22,5.338685989379883
1999-02-23,5.293057918548584
1999-02-24,5.270245552062988
1999-02-25,5.29686164855957
1999-02-26,5.262635707855225
1999-03-01,5.209403038024902
1999-03-02,5.156167030334473
1999-03-03,5.270245552062988
1999-03-04,5.4603657722473145
1999-03-05,5.5630364418029785
1999-03-08,5.642884254455566
1999-03-09,5.582047939300537
1999-03-10,5.9014573097229
1999-03-11,5.985107421875
1999-03-12,5.9622955322265625
1999-03-15,5.916666030883789
1999-03-16,5.886246204376221
1999-03-17,6.038345813751221
1999-03-18,6.114394664764404
1999-03-19,6.052417755126953
1999-03-22,6.090583324432373
1999-03-23,5.983729839324951
1999-03-24,5.953202247619629
1999-03-25,5.968467712402344
1999-03-26,6.04478645324707
1999-03-29,6.2126994132995605
1999-03-30,6.098212242126465
1999-03-31,6.006624221801758
1999-04-01,5.998995304107666
1999-04-05,6.144007682800293
1999-04-06,6.082951068878174
1999-04-07,6.0218892097473145
1999-04-08,6.082951068878174
1999-04-09,6.1974358558654785
1999-04-12,6.243228912353516
1999-04-13,6.235597133636475
1999-04-14,6.159270286560059
1999-04-15,6.42640495300293
1999-04-16,6.628661632537842
1999-04-19,6.708802223205566
1999-04-20,6.6019439697265625
1999-04-21,6.502727508544922
1999-04-22,6.617210865020752
1999-04-23,6.53325891494751
1999-04-26,6.38823938369751
1999-04-27,6.590499401092529
1999-04-28,6.808018207550049
1999-04-29,7.014090061187744
1999-04-30,6.895791053771973
1999-05-03,7.067516803741455
1999-05-04,7.075146198272705
1999-05-05,6.9721150398254395
1999-05-06,6.953032493591309
1999-05-07,6.995007514953613
1999-05-10,6.914873123168945
1999-05-11,6.937769412994385
1999-05-12,6.808018207550049
1999-05-13,6.842364311218262
1999-05-14,6.792756080627441
1999-05-17,6.766040802001953
1999-05-18,6.609580039978027
1999-05-19,6.70116662979126
1999-05-20,6.7774882316589355
1999-05-21,6.884342670440674
1999-05-24,6.720249176025391
1999-05-25,6.693537712097168
1999-05-26,6.884342670440674
1999-05-27,6.6782684326171875
1999-05-28,6.746963024139404
1999-06-01,6.708802223205566
1999-06-02,6.785120487213135
1999-06-03,6.808018207550049
1999-06-04,6.914873123168945
1999-06-07,6.995007514953613
1999-06-08,6.884342670440674
1999-06-09,6.899607181549072
1999-06-10,6.937769412994385
1999-06-11,6.9911956787109375
1999-06-14,7.052250385284424
1999-06-15,7.140028476715088
1999-06-16,7.067516803741455
1999-06-17,7.075146198272705
1999-06-18,7.087975978851318
1999-06-21,6.923050403594971
1999-06-22,6.850174427032471
1999-06-23,6.90386962890625
1999-06-24,6.788806438446045
1999-06-25,6.735110282897949
1999-06-28,6.692920684814453
1999-06-29,6.784975528717041
1999-06-30,6.884696006774902
1999-07-01,6.938393592834473
1999-07-02,6.9614057540893555
1999-07-06,7.091811180114746
1999-07-07,7.072633743286133
1999-07-08,7.118659496307373
1999-07-09,7.1148271560668945
1999-07-12,7.18769645690918
1999-07-13,7.118659496307373
1999-07-14,7.130164623260498
1999-07-15,7.195367336273193
1999-07-16,7.1493401527404785
1999-07-19,7.122491359710693
1999-07-20,6.934556484222412
1999-07-21,7.011266708374023
1999-07-22,6.907709121704102
1999-07-23,6.942226409912109
1999-07-26,6.811820030212402
1999-07-27,6.811820030212402
1999-07-28,6.911545753479004
1999-07-29,6.86935567855835
1999-07-30,7.015107154846191
1999-08-02,6.861682891845703
1999-08-03,6.9498982429504395
1999-08-04,7.045788764953613
1999-08-05,7.168520927429199
1999-08-06,7.157013893127441
1999-08-09,7.329611778259277
1999-08-10,7.2874250411987305
1999-08-11,7.3334503173828125
1999-08-12,7.348789691925049
1999-08-13,7.325778961181641
1999-08-16,7.252902507781982
1999-08-17,7.30659818649292
1999-08-18,7.252902507781982
1999-08-19,7.302762508392334
1999-08-20,7.325778961181641
1999-08-23,7.364129066467285
1999-08-24,7.3181023597717285
1999-08-25,7.283584117889404
1999-08-26,7.095645427703857
1999-08-27,7.091811180114746
1999-08-30,6.995923042297363
1999-08-31,7.091811180114746
1999-09-01,7.072633743286133
1999-09-02,6.995923042297363
1999-09-03,7.080305576324463
1999-09-07,7.210712909698486
1999-09-08,7.2337260246276855
1999-09-09,7.3948163986206055
1999-09-10,7.37180757522583
1999-09-13,7.256737232208252
1999-09-14,7.1761908531188965
1999-09-15,7.072633743286133
1999-09-16,7.068795680999756
1999-09-17,7.135528564453125
1999-09-20,7.027651309967041
1999-09-21,6.796474933624268
1999-09-22,6.8041839599609375
1999-09-23,6.727125644683838
1999-09-24,6.657773971557617
1999-09-27,6.71941614151001
1999-09-28,6.611538410186768
1999-09-29,6.700159072875977
1999-09-30,6.765653133392334
1999-10-01,6.742534160614014
1999-10-04,6.665480136871338
1999-10-05,6.519068717956543
1999-10-06,6.634657859802246
1999-10-07,6.511364936828613
1999-10-08,6.43815803527832
1999-10-11,6.53447961807251
1999-10-12,6.569158554077148
1999-10-13,6.611538410186768
1999-10-14,6.588424205780029
1999-10-15,6.492101192474365
1999-10-18,6.503655910491943
1999-10-19,6.522923946380615
1999-10-20,6.657773971557617
1999-10-21,6.688597202301025
1999-10-22,6.800328254699707
1999-10-25,6.688597202301025
1999-10-26,6.53447961807251
1999-10-27,6.588424205780029
1999-10-28,6.619243144989014
1999-10-29,6.665480136871338
1999-11-01,6.661630153656006
1999-11-02,6.599982261657715
1999-11-03,6.565306186676025
1999-11-04,6.461276531219482
1999-11-05,6.303304672241211
1999-11-08,6.54218864440918
1999-11-09,6.68088960647583
1999-11-10,6.82729959487915
1999-11-11,6.82729959487915
1999-11-12,6.87353515625
1999-11-15,6.912062644958496
1999-11-16,7.027651309967041
1999-11-17,7.150940418243408
1999-11-18,7.150940418243408
1999-11-19,6.989123344421387
1999-11-22,6.877388000488281
1999-11-23,6.734830379486084
1999-11-24,6.819594383239746
1999-11-26,6.71941614151001
1999-11-29,6.665480136871338
1999-11-30,6.653919696807861
1999-12-01,6.784921646118164
1999-12-02,6.71941614151001
1999-12-03,6.688597202301025
1999-12-06,6.684747695922852
1999-12-07,6.557600975036621
1999-12-08,6.626952648162842
1999-12-09,6.68088960647583
1999-12-10,6.488245964050293
1999-12-13,6.526775360107422
1999-12-14,6.511364936828613
1999-12-15,6.642360687255859
1999-12-16,6.707861423492432
1999-12-17,6.677412033081055
1999-12-20,6.530569076538086
1999-12-21,6.5498881340026855
1999-12-22,6.515111923217773
1999-12-23,6.700595855712891
1999-12-27,6.654223918914795
1999-12-28,6.661951541900635
1999-12-29,6.731507778167725
1999-12-30,6.677412033081055
1999-12-31,6.700595855712891
2000-01-03,6.569212436676025
2000-01-04,6.445554256439209
2000-01-05,6.6155829429626465
2000-01-06,6.870620250701904
2000-01-07,6.944044589996338
2000-01-10,6.88607931137085
2000-01-11,6.893808364868164
2000-01-12,6.862893104553223
2000-01-13,6.982686519622803
2000-01-14,6.940176010131836
2000-01-18,7.025193691253662
2000-01-19,7.002005577087402
2000-01-20,7.002005577087402
2000-01-21,7.195216178894043
2000-01-24,6.940176010131836
2000-01-25,6.924724578857422
2000-01-26,6.816522598266602
2000-01-27,6.677412033081055
2000-01-28,6.600128173828125
2000-01-31,6.754694938659668
2000-02-01,6.7392377853393555
2000-02-02,6.781749248504639
2000-02-03,6.700595855712891
2000-02-04,6.507383346557617
2000-02-07,6.580806732177734
2000-02-08,6.522841453552246
2000-02-09,6.306441783905029
2000-02-10,6.437829971313477
2000-02-11,6.360542297363281
2000-02-14,6.461010932922363
2000-02-15,6.731507778167725
2000-02-16,6.762423515319824
2000-02-17,6.754694938659668
2000-02-18,6.557618618011475
2000-02-22,6.49965763092041
2000-02-23,6.329632759094238
2000-02-24,6.260072231292725
2000-02-25,6.136415958404541
2000-02-28,6.321897983551025
2000-02-29,6.468741416931152
2000-03-01,6.631040573120117
2000-03-02,6.754694938659668
2000-03-03,6.64649772644043
2000-03-06,6.607856750488281
2000-03-07,7.063835620880127
2000-03-08,6.947912216186523
2000-03-09,6.955633163452148
2000-03-10,6.862893104553223
2000-03-13,6.762423515319824
2000-03-14,6.847439765930176
2000-03-15,6.816522598266602
2000-03-16,7.110207557678223
2000-03-17,6.893640995025635
2000-03-20,6.785080432891846
2000-03-21,7.002201080322266
2000-03-22,6.947922706604004
2000-03-23,6.9401679039001465
2000-03-24,6.955678939819336
2000-03-27,6.97893762588501
2000-03-28,6.947922706604004
2000-03-29,7.312377452850342
2000-03-30,7.312377452850342
2000-03-31,7.273604869842529
2000-04-03,7.397677421569824
2000-04-04,7.304622173309326
2000-04-05,7.087503910064697
2000-04-06,7.273604869842529
2000-04-07,7.161169052124023
2000-04-10,7.056481838226318
2000-04-11,7.18055534362793
2000-04-12,7.242589950561523
2000-04-13,7.227077007293701
2000-04-14,7.071993827819824
2000-04-17,6.901395320892334
2000-04-18,6.936291217803955
2000-04-19,7.087503910064697
2000-04-20,7.099134922027588
2000-04-24,7.1766767501831055
2000-04-25,7.1883063316345215
2000-04-26,7.281363487243652
2000-04-27,7.382166385650635
2000-04-28,7.165043830871582
2000-05-01,7.281363487243652
2000-05-02,7.386045455932617
2000-05-03,7.196060657501221
2000-05-04,7.382166385650635
2000-05-05,7.459713459014893
2000-05-08,7.552764415740967
2000-05-09,7.556640148162842
2000-05-10,7.5799031257629395
2000-05-11,7.816411972045898
2000-05-12,7.843552112579346
2000-05-15,8.006397247314453
2000-05-16,7.851309776306152
2000-05-17,7.890081405639648
2000-05-18,7.878442287445068
2000-05-19,7.893955230712891
2000-05-22,7.828042030334473
2000-05-23,7.797030448913574
2000-05-24,7.804781436920166
2000-05-25,7.661325454711914
2000-05-26,7.665201187133789
2000-05-30,7.773764133453369
2000-05-31,8.006397247314453
2000-06-01,7.9327263832092285
2000-06-02,7.661325454711914
2000-06-05,7.552764415740967
2000-06-06,7.84743070602417
2000-06-07,7.7466254234313965
2000-06-08,7.785395622253418
2000-06-09,7.7349934577941895
2000-06-12,7.909460544586182
2000-06-13,7.909460544586182
2000-06-14,7.897836685180664
2000-06-15,7.785395622253418
2000-06-16,7.9165449142456055
2000-06-19,7.850316524505615
2000-06-20,7.807456970214844
2000-06-21,7.9477128982543945
2000-06-22,7.737332344055176
2000-06-23,7.834737300872803
2000-06-26,7.772401809692383
2000-06-27,7.7178568840026855
2000-06-28,7.65162467956543
2000-06-29,7.667210578918457
2000-06-30,7.565916061401367
2000-07-03,7.612666606903076
2000-07-05,7.297094345092773
2000-07-06,7.371115684509277
2000-07-07,7.406179428100586
2000-07-10,7.441242694854736
2000-07-11,7.706165313720703
2000-07-12,7.604877471923828
2000-07-13,7.48799467086792
2000-07-14,7.480203628540039
2000-07-17,7.382801055908203
2000-07-18,7.449033737182617
2000-07-19,7.4295549392700195
2000-07-20,7.355534076690674
2000-07-21,7.215280532836914
2000-07-24,7.141254425048828
2000-07-25,7.075024604797363
2000-07-26,7.133465766906738
2000-07-27,7.378910064697266
2000-07-28,7.324365615844727
2000-07-31,7.277613639831543
2000-08-01,7.413969993591309
2000-08-02,7.554225921630859
2000-08-03,7.449033737182617
2000-08-04,7.480203628540039
2000-08-07,7.577600955963135
2000-08-08,7.593184947967529
2000-08-09,7.729544162750244
2000-08-10,7.7996673583984375
2000-08-11,7.791877746582031
2000-08-14,7.900964260101318
2000-08-15,7.869797229766846
2000-08-16,7.978883743286133
2000-08-17,8.165886878967285
2000-08-18,8.072385787963867
2000-08-21,8.103551864624023
2000-08-22,8.080178260803223
2000-08-23,8.290557861328125
2000-08-24,8.111342430114746
2000-08-25,8.134722709655762
2000-08-28,8.165886878967285
2000-08-29,8.173680305480957
2000-08-30,8.103551864624023
2000-08-31,8.072385787963867
2000-09-01,8.15419864654541
2000-09-05,8.15419864654541
2000-09-06,8.333416938781738
2000-09-07,8.294456481933594
2000-09-08,8.19705581665039
2000-09-11,8.458084106445312
2000-09-12,8.446393966674805
2000-09-13,8.30614185333252
2000-09-14,8.28276538848877
2000-09-15,8.498568534851074
2000-09-18,8.514214515686035
2000-09-19,8.287278175354004
2000-09-20,8.12293815612793
2000-09-21,8.060336112976074
2000-09-22,8.009468078613281
2000-09-25,7.888171672821045
2000-09-26,8.075984001159668
2000-09-27,8.228583335876465
2000-09-28,8.197281837463379
2000-09-29,8.20510482788086
2000-10-02,8.3733549118042
2000-10-03,8.369443893432617
2000-10-04,8.12293815612793
2000-10-05,8.111197471618652
2000-10-06,8.075984001159668
2000-10-09,8.201190948486328
2000-10-10,8.385091781616211
2000-10-11,8.463347434997559
2000-10-12,8.592470169067383
2000-10-13,8.263799667358398
2000-10-16,8.185544967651367
2000-10-17,8.189456939697266
2000-10-18,8.0798978805542
2000-10-19,8.119025230407715
2000-10-20,8.279450416564941
2000-10-23,8.146410942077637
2000-10-24,8.009468078613281
2000-10-25,7.813825607299805
2000-10-26,7.8490400314331055
2000-10-27,7.7942633628845215
2000-10-30,7.927298545837402
2000-10-31,7.9820756912231445
2000-11-01,8.240320205688477
2000-11-02,7.950771808624268
2000-11-03,7.9194746017456055
2000-11-06,7.950771808624268
2000-11-07,8.013378143310547
2000-11-08,8.091634750366211
2000-11-09,8.005552291870117
2000-11-10,8.029031753540039
2000-11-13,7.966423034667969
2000-11-14,8.013378143310547
2000-11-15,8.169890403747559
2000-11-16,8.201190948486328
2000-11-17,8.134675025939941
2000-11-20,8.095545768737793
2000-11-21,8.279450416564941
2000-11-22,8.146410942077637
2000-11-24,8.263799667358398
2000-11-27,8.197281837463379
2000-11-28,8.189456939697266
2000-11-29,7.829479694366455
2000-11-30,7.563408374786377
2000-12-01,7.731659412384033
2000-12-04,7.864699840545654
2000-12-05,7.700361728668213
2000-12-06,7.637756824493408
2000-12-07,7.7629594802856445
2000-12-08,7.759049415588379
2000-12-11,7.782525062561035
2000-12-12,7.8725152015686035
2000-12-13,7.888171672821045
2000-12-14,7.645576000213623
2000-12-15,7.735154628753662
2000-12-18,7.974545001983643
2000-12-19,8.111899375915527
2000-12-20,7.872503280639648
2000-12-21,7.931376934051514
2000-12-22,8.037331581115723
2000-12-26,8.374842643737793
2000-12-27,8.36699104309082
2000-12-28,8.504348754882812
2000-12-29,8.335596084594727
2001-01-02,8.355218887329102
2001-01-03,8.100126266479492
2001-01-04,7.848962783813477
2001-01-05,8.017712593078613
2001-01-08,7.9902424812316895
2001-01-09,7.829339504241943
2001-01-10,7.880354881286621
2001-01-11,7.966694355010986
2001-01-12,7.915677547454834
2001-01-16,7.911752223968506
2001-01-17,7.872503280639648
2001-01-18,7.7233781814575195
2001-01-19,7.688055515289307
2001-01-22,7.770471096038818
2001-01-23,7.892126560211182
2001-01-24,7.884277820587158
2001-01-25,8.119746208190918
2001-01-26,7.982390880584717
2001-01-29,7.916774272918701
2001-01-30,7.984591007232666
2001-01-31,8.069992065429688
2001-02-01,7.967010498046875
2001-02-02,8.100126266479492
2001-02-05,8.263388633728027
2001-02-06,8.316130638122559
2001-02-07,8.338735580444336
2001-02-08,8.38394832611084
2001-02-09,8.519577026367188
2001-02-12,8.40655517578125
2001-02-13,8.388968467712402
2001-02-14,8.328690528869629
2001-02-15,8.220683097839355
2001-02-16,8.293526649475098
2001-02-20,8.245803833007812
2001-02-21,8.19054889678955
2001-02-22,8.150360107421875
2001-02-23,8.047382354736328
2001-02-26,8.135289192199707
2001-02-27,8.085054397583008
2001-02-28,7.97203254699707
2001-03-01,8.062448501586914
2001-03-02,8.245803833007812
2001-03-05,8.291015625
2001-03-06,8.333714485168457
2001-03-07,8.512039184570312
2001-03-08,8.59743595123291
2001-03-09,8.557251930236816
2001-03-12,8.273430824279785
2001-03-13,8.175477027893066
2001-03-14,8.052406311035156
2001-03-15,8.057433128356934
2001-03-16,7.923151969909668
2001-03-19,8.023921966552734
2001-03-20,8.094465255737305
2001-03-21,7.862686634063721
2001-03-22,7.630911827087402
2001-03-23,7.69137716293335
2001-03-26,7.792148113250732
2001-03-27,7.834971904754639
2001-03-28,7.721606731414795
2001-03-29,7.557853698730469
2001-03-30,7.734203338623047
2001-04-02,7.590601444244385
2001-04-03,7.3815016746521
2001-04-04,7.512507915496826
2001-04-05,7.709012985229492
2001-04-06,7.719086647033691
2001-04-09,7.900468826293945
2001-04-10,8.036520004272461
2001-04-11,7.892917156219482
2001-04-12,7.976052761077881
2001-04-16,8.132246971130371
2001-04-17,8.175076484680176
2001-04-18,8.132246971130371
2001-04-19,7.99116849899292
2001-04-20,8.076825141906738
2001-04-23,8.290966033935547
2001-04-24,8.306082725524902
2001-04-25,8.424483299255371
2001-04-26,8.590760231018066
2001-04-27,8.532815933227539
2001-04-30,8.532815933227539
2001-05-01,8.47739315032959
2001-05-02,8.147367477416992
2001-05-03,8.1070556640625
2001-05-04,8.235536575317383
2001-05-07,8.25821304321289
2001-05-08,8.250663757324219
2001-05-09,8.39677906036377
2001-05-10,8.33631420135498
2001-05-11,8.255697250366211
2001-05-14,8.384178161621094
2001-05-15,8.459758758544922
2001-05-16,8.53029727935791
2001-05-17,8.55801010131836
2001-05-18,8.7368803024292
2001-05-21,8.716720581054688
2001-05-22,8.628555297851562
2001-05-23,8.497547149658203
2001-05-24,8.482429504394531
2001-05-25,8.40937614440918
2001-05-29,8.39677906036377
2001-05-30,8.36402702331543
2001-05-31,8.452202796936035
2001-06-01,8.414414405822754
2001-06-04,8.527776718139648
2001-06-05,8.552969932556152
2001-06-06,8.33631420135498
2001-06-07,8.238059043884277
2001-06-08,8.260733604431152
2001-06-11,8.28341007232666
2001-06-12,8.346390724182129
2001-06-13,8.306082725524902
2001-06-14,8.137290954589844
2001-06-15,8.198286056518555
2001-06-18,8.107169151306152
2001-06-19,8.099578857421875
2001-06-20,7.947710037231445
2001-06-21,7.828746318817139
2001-06-22,7.980612754821777
2001-06-25,7.886963367462158
2001-06-26,7.935054779052734
2001-06-27,7.745222091674805
2001-06-28,7.580696105957031
2001-06-29,7.681943893432617
2001-07-02,7.661692142486572
2001-07-03,7.6515703201293945
2001-07-05,7.719907283782959
2001-07-06,7.692061424255371
2001-07-09,7.583226680755615
2001-07-10,7.593355655670166
2001-07-11,7.4921040534973145
2001-07-12,7.481983184814453
2001-07-13,7.509823799133301
2001-07-16,7.385803699493408
2001-07-17,7.352893829345703
2001-07-18,7.27443265914917
2001-07-19,7.350367069244385
2001-07-20,7.507292747497559
2001-07-23,7.421233654022217
2001-07-24,7.155470371246338
2001-07-25,7.487046241760254
2001-07-26,7.638911247253418
2001-07-27,7.674347877502441
2001-07-30,7.681943893432617
2001-07-31,7.593355655670166
2001-08-01,7.565507888793945
2001-08-02,7.560449600219727
2001-08-03,7.4465460777282715
2001-08-06,7.436423301696777
2001-08-07,7.436423301696777
2001-08-08,7.284554958343506
2001-08-09,7.3275885581970215
2001-08-10,7.335175514221191
2001-08-13,7.370614051818848
2001-08-14,7.411113262176514
2001-08-15,7.5224785804748535
2001-08-16,7.4794511795043945
2001-08-17,7.423763275146484
2001-08-20,7.370614051818848
2001-08-21,7.36555290222168
2001-08-22,7.370614051818848
2001-08-23,7.436423301696777
2001-08-24,7.497169494628906
2001-08-27,7.487046241760254
2001-08-28,7.408583641052246
2001-08-29,7.378209114074707
2001-08-30,7.271900177001953
2001-08-31,7.271900177001953
2001-09-04,7.314929008483887
2001-09-05,7.340238571166992
2001-09-06,7.289618015289307
2001-09-07,7.284554958343506
2001-09-10,7.307336330413818
2001-09-17,7.1579999923706055
2001-09-18,6.811238765716553
2001-09-19,6.565720558166504
2001-09-20,6.380947113037109
2001-09-21,6.38374662399292
2001-09-24,6.215752124786377
2001-09-25,6.147026538848877
2001-09-26,6.103758335113525
2001-09-27,6.345566272735596
2001-09-28,6.572103500366211
2001-10-01,6.480471134185791
2001-10-02,6.623007774353027
2001-10-03,6.714641094207764
2001-10-04,6.8724565505981445
2001-10-05,6.923360824584961
2001-10-08,6.936089515686035
2001-10-09,6.948816299438477
2001-10-10,7.25680685043335
2001-10-11,7.254256248474121
2001-10-12,7.205899238586426
2001-10-15,7.073540687561035
2001-10-16,7.157535076141357
2001-10-17,7.1219000816345215
2001-10-18,6.834274768829346
2001-10-19,6.859726428985596
2001-10-22,6.943725109100342
2001-10-23,6.918269634246826
2001-10-24,6.821547508239746
2001-10-25,6.994631767272949
2001-10-26,7.129536151885986
2001-10-29,7.063358306884766
2001-10-30,6.826641082763672
2001-10-31,6.836818695068359
2001-11-01,6.9411773681640625
2001-11-02,6.752823829650879
2001-11-05,6.712098598480225
2001-11-06,6.671371936798096
2001-11-07,6.699373722076416
2001-11-08,6.829184055328369
2001-11-09,6.961540699005127
2001-11-12,6.943725109100342
2001-11-13,6.999723434448242
2001-11-14,6.658645153045654
2001-11-15,6.322656631469727
2001-11-16,6.439743518829346
2001-11-19,6.424474239349365
2001-11-20,6.661190986633301
2001-11-21,6.574649333953857
2001-11-23,6.635736465454102
2001-11-26,6.526285648345947
2001-11-27,6.531376361846924
2001-11-28,6.378654956817627
2001-11-29,6.488107681274414
2001-11-30,6.455016613006592
2001-12-03,6.541558265686035
2001-12-04,6.633189678192139
2001-12-05,6.770640850067139
2001-12-06,6.56955623626709
2001-12-07,6.612823963165283
2001-12-10,6.52119779586792
2001-12-11,6.4142889976501465
2001-12-12,6.429561138153076
2001-12-13,6.325202941894531
2001-12-14,6.388837814331055
2001-12-17,6.373565673828125
2001-12-18,6.457562446594238
2001-12-19,6.605192184448242
2001-12-20,6.574649333953857
2001-12-21,6.619626998901367
2001-12-24,6.729531288146973
2001-12-26,6.847099304199219
2001-12-27,6.870100975036621
2001-12-28,6.900773525238037
2001-12-31,6.824100494384766
2002-01-02,6.772982120513916
2002-01-03,6.732085704803467
2002-01-04,6.762758731842041
2002-01-07,6.760204792022705
2002-01-08,6.701418399810791
2002-01-09,6.709083080291748
2002-01-10,6.657966613769531
2002-01-11,6.53017520904541
2002-01-14,6.45094633102417
2002-01-15,6.555736541748047
2002-01-16,6.420270919799805
2002-01-17,6.417721748352051
2002-01-18,6.364045143127441
2002-01-22,6.31804084777832
2002-01-23,6.496950626373291
2002-01-24,6.586408615112305
2002-01-25,6.657966613769531
2002-01-28,6.555736541748047
2002-01-29,6.376826763153076
2002-01-30,6.427940845489502
2002-01-31,6.581292152404785
2002-02-01,6.617076396942139
2002-02-04,6.440721035003662
2002-02-05,6.397272109985352
2002-02-06,6.440721035003662
2002-02-07,6.366604804992676
2002-02-08,6.438170433044434
2002-02-11,6.522508144378662
2002-02-12,6.4918389320373535
2002-02-13,6.53017520904541
2002-02-14,6.583848476409912
2002-02-15,6.588961124420166
2002-02-19,6.53017520904541
2002-02-20,6.509730815887451
2002-02-21,6.586408615112305
2002-02-22,6.767871379852295
2002-02-25,6.864994525909424
2002-02-26,6.8292107582092285
2002-02-27,6.824100494384766
2002-02-28,6.806207180023193
2002-03-01,6.903327941894531
2002-03-04,7.0541276931762695
2002-03-05,7.056680202484131
2002-03-06,7.192139148712158
2002-03-07,7.245814323425293
2002-03-08,7.212587356567383
2002-03-11,7.289263725280762
2002-03-12,7.353158950805664
2002-03-13,7.30460262298584
2002-03-14,7.3020405769348145
2002-03-15,7.3548712730407715
2002-03-18,7.411287784576416
2002-03-19,7.501039505004883
2002-03-20,7.421545505523682
2002-03-21,7.462577819824219
2002-03-22,7.288194179534912
2002-03-25,7.2215166091918945
2002-03-26,7.280496597290039
2002-03-27,7.449752330780029
2002-03-28,7.408722400665283
2002-04-01,7.4600138664245605
2002-04-02,7.552332878112793
2002-04-03,7.3882036209106445
2002-04-04,7.254854679107666
2002-04-05,7.172787189483643
2002-04-08,7.283064842224121
2002-04-09,7.177919864654541
2002-04-10,7.259984493255615
2002-04-11,7.185614109039307
2002-04-12,6.949686050415039
2002-04-15,7.085602283477783
2002-04-16,7.218951225280762
2002-04-17,7.308704853057861
2002-04-18,7.344609260559082
2002-04-19,7.3779497146606445
2002-04-22,7.306143760681152
2002-04-23,7.288194179534912
2002-04-24,7.157405376434326
2002-04-25,7.208693981170654
2002-04-26,7.129196643829346
2002-04-29,7.083037376403809
2002-04-30,7.142017364501953
2002-05-01,7.185614109039307
2002-05-02,7.239469051361084
2002-05-03,7.265114784240723
2002-05-06,7.016363143920898
2002-05-07,6.983021259307861
2002-05-08,7.129196643829346
2002-05-09,7.065088272094727
2002-05-10,7.059953689575195
2002-05-13,7.195874214172363
2002-05-14,7.216386795043945
2002-05-15,7.095858097076416
2002-05-16,7.177919864654541
2002-05-17,7.1189398765563965
2002-05-20,7.070215702056885
2002-05-21,7.075344085693359
2002-05-22,7.193306922912598
2002-05-23,7.254854679107666
2002-05-24,7.175355911254883
2002-05-28,7.1189398765563965
2002-05-29,7.052262306213379
2002-05-30,6.91634464263916
2002-05-31,7.016363143920898
2002-06-03,6.7958173751831055
2002-06-04,6.7958173751831055
2002-06-05,6.770175457000732
2002-06-06,6.698367118835449
2002-06-07,6.767608642578125
2002-06-10,6.641944885253906
2002-06-11,6.541937351226807
2002-06-12,6.6342573165893555
2002-06-13,6.626562595367432
2002-06-14,6.618868827819824
2002-06-17,6.790689468383789
2002-06-18,6.757351398468018
2002-06-19,6.690676212310791
2002-06-20,6.677850723266602
2002-06-21,6.6355414390563965
2002-06-24,6.694876194000244
2002-06-25,6.666500091552734
2002-06-26,6.669081211090088
2002-06-27,6.7026143074035645
2002-06-28,6.7593770027160645
2002-07-01,6.694876194000244
2002-07-02,6.563300609588623
2002-07-03,6.604586124420166
2002-07-05,6.7593770027160645
2002-07-08,6.676820755004883
2002-07-09,6.594263076782227
2002-07-10,6.313050746917725
2002-07-11,6.19179630279541
2002-07-12,6.080860137939453
2002-07-15,5.946702480316162
2002-07-16,5.856408596038818
2002-07-17,5.920905113220215
2002-07-18,5.882206916809082
2002-07-19,5.5210161209106445
2002-07-22,5.183047294616699
2002-07-23,5.108231544494629
2002-07-24,5.446199893951416
2002-07-25,5.422981262207031
2002-07-26,5.495221138000488
2002-07-29,5.812546253204346
2002-07-30,5.722249507904053
2002-07-31,5.8228678703308105
2002-08-01,5.479737281799316
2002-08-02,5.417823314666748
2002-08-05,5.216590881347656
2002-08-06,5.40492057800293
2002-08-07,5.482320785522461
2002-08-08,5.714513301849365
2002-08-09,5.817709922790527
2002-08-12,5.804807662963867
2002-08-13,5.717092037200928
2002-08-14,5.941546440124512
2002-08-15,6.109240531921387
2002-08-16,6.011200904846191
2002-08-19,6.060221195220947
2002-08-20,5.908006191253662
2002-08-21,5.920905113220215
2002-08-22,6.088597774505615
2002-08-23,5.990564346313477
2002-08-26,6.070540904998779
2002-08-27,6.0679612159729
2002-08-28,5.923485279083252
2002-08-29,5.871886730194092
2002-08-30,5.910583972930908
2002-09-03,5.675814151763916
2002-09-04,5.6629133224487305
2002-09-05,5.673234462738037
2002-09-06,5.766109466552734
2002-09-09,5.758370399475098
2002-09-10,5.882206916809082
2002-09-11,5.8512468338012695
2002-09-12,5.7067718505859375
2002-09-13,5.7686896324157715
2002-09-16,5.809967994689941
2002-09-17,5.621634006500244
2002-09-18,5.63711404800415
2002-09-19,5.47715950012207
2002-09-20,5.517368316650391
2002-09-23,5.4862380027771
2002-09-24,5.328005790710449
2002-09-25,5.473267078399658
2002-09-26,5.704132556915283
2002-09-27,5.597780227661133
2002-09-30,5.488830089569092
2002-10-01,5.662626266479492
2002-10-02,5.600374698638916
2002-10-03,5.636688709259033
2002-10-04,5.540709972381592
2002-10-07,5.470674991607666
2002-10-08,5.411013126373291
2002-10-09,5.304661750793457
2002-10-10,5.42917013168335
2002-10-11,5.519959926605225
2002-10-14,5.673003673553467
2002-10-15,5.844203948974609
2002-10-16,5.753416061401367
2002-10-17,5.875334739685059
2002-10-18,5.870148658752441
2002-10-21,5.898679733276367
2002-10-22,5.732663631439209
2002-10-23,5.826046943664551
2002-10-24,5.73007345199585
2002-10-25,5.641876220703125
2002-10-28,5.631498336791992
2002-10-29,5.468080043792725
2002-10-30,5.649657249450684
2002-10-31,5.589996814727783
2002-11-01,5.737853050231934
2002-11-04,5.641876220703125
2002-11-05,5.758608818054199
2002-11-06,5.810484886169434
2002-11-07,5.701539516448975
2002-11-08,5.667815685272217
2002-11-11,5.597780227661133
2002-11-12,5.579622268676758
2002-11-13,5.455111503601074
2002-11-14,5.631498336791992
2002-11-15,5.675597667694092
2002-11-18,5.680789470672607
2002-11-19,5.680789470672607
2002-11-20,5.792325973510742
2002-11-21,5.836422920227051
2002-11-22,5.711911678314209
2002-11-25,5.758608818054199
2002-11-26,5.649657249450684
2002-11-27,5.750823974609375
2002-11-29,5.820860862731934
2002-12-02,5.83901834487915
2002-12-03,5.896084308624268
2002-12-04,5.844203948974609
2002-12-05,5.883115291595459
2002-12-06,5.940183639526367
2002-12-09,5.836422920227051
2002-12-10,5.927211761474609
2002-12-11,5.896084308624268
2002-12-12,5.947963237762451
2002-12-13,5.932400226593018
2002-12-16,6.033567428588867
2002-12-17,5.971309661865234
2002-12-18,5.922025203704834
2002-12-19,5.862364292144775
2002-12-20,5.981260776519775
2002-12-23,6.007331848144531
2002-12-24,5.9786505699157715
2002-12-26,5.910862445831299
2002-12-27,5.7830986976623535
2002-12-30,5.811779975891113
2002-12-31,5.822208881378174
2003-01-02,5.944756984710693
2003-01-03,5.934326648712158
2003-01-06,5.983865737915039
2003-01-07,5.7883172035217285
2003-01-08,5.733560562133789
2003-01-09,5.80656623840332
2003-01-10,5.759635925292969
2003-01-13,5.738776206970215
2003-01-14,5.762240409851074
2003-01-15,5.780494689941406
2003-01-16,5.837857246398926
2003-01-17,5.7935285568237305
2003-01-21,5.657947540283203
2003-01-22,5.642301559448242
2003-01-23,5.657947540283203
2003-01-24,5.5588698387146
2003-01-27,5.3841776847839355
2003-01-28,5.475435256958008
2003-01-29,5.652734756469727
2003-01-30,5.564084053039551
2003-01-31,5.6761980056762695
2003-02-03,5.720524787902832
2003-02-04,5.759635925292969
2003-02-05,5.717916965484619
2003-02-06,5.694451808929443
2003-02-07,5.642301559448242
2003-02-10,5.715305805206299
2003-02-11,5.678803443908691
2003-02-12,5.579725742340088
2003-02-13,5.553654193878174
2003-02-14,5.597978115081787
2003-02-18,5.689234733581543
2003-02-19,5.684019088745117
2003-02-20,5.670983791351318
2003-02-21,5.79613733291626
2003-02-24,5.845676422119141
2003-02-25,5.814389705657959
2003-02-26,5.830031871795654
2003-02-27,5.79613733291626
2003-02-28,5.8430681228637695
2003-03-03,5.863925457000732
2003-03-04,5.835244655609131
2003-03-05,5.887394428253174
2003-03-06,5.892608642578125
2003-03-07,5.892608642578125
2003-03-10,5.832640647888184
2003-03-11,5.7752790451049805
2003-03-12,5.684019088745117
2003-03-13,5.707487106323242
2003-03-14,5.684019088745117
2003-03-17,5.7570271492004395
2003-03-18,5.866534233093262
2003-03-19,5.874355316162109
2003-03-20,5.931718826293945
2003-03-21,5.865930080413818
2003-03-24,5.779435634613037
2003-03-25,5.8318586349487305
2003-03-26,5.8449625968933105
2003-03-27,5.8921380043029785
2003-03-28,5.9445624351501465
2003-03-31,5.850203037261963
2003-04-01,5.960289478302002
2003-04-02,5.947183609008789
2003-04-03,5.837100505828857
2003-04-04,5.868552207946777
2003-04-07,5.823992729187012
2003-04-08,5.7532267570495605
2003-04-09,5.750604152679443
2003-04-10,5.82923698425293
2003-04-11,5.795163631439209
2003-04-14,5.823992729187012
2003-04-15,5.808267116546631
2003-04-16,5.729633331298828
2003-04-17,5.8449625968933105
2003-04-21,5.842343807220459
2003-04-22,5.923591613769531
2003-04-23,5.923591613769531
2003-04-24,5.902622699737549
2003-04-25,5.82923698425293
2003-04-28,5.855447292327881
2003-04-29,5.774193286895752
2003-04-30,5.800405025482178
2003-05-01,5.82923698425293
2003-05-02,5.920970916748047
2003-05-05,5.957667827606201
2003-05-06,5.949801921844482
2003-05-07,5.989120960235596
2003-05-08,5.996981143951416
2003-05-09,6.036300182342529
2003-05-12,6.065133571624756
2003-05-13,6.133279323577881
2003-05-14,6.159488677978516
2003-05-15,6.162109375
2003-05-16,6.183081150054932
2003-05-19,6.120173931121826
2003-05-20,6.096583366394043
2003-05-21,6.277439594268799
2003-05-22,6.264328479766846
2003-05-23,6.321995735168457
2003-05-27,6.447802543640137
2003-05-28,6.3717942237854
2003-05-29,6.311507701873779
2003-05-30,6.416355133056641
2003-06-02,6.4504289627075195
2003-06-03,6.497604846954346
2003-06-04,6.539538383483887
2003-06-05,6.505468845367432
2003-06-06,6.492364406585693
2003-06-09,6.481881618499756
2003-06-10,6.5211968421936035
2003-06-11,6.709909439086914
2003-06-12,6.649627685546875
2003-06-13,6.539538383483887
2003-06-16,6.531681537628174
2003-06-17,6.468773365020752
2003-06-18,6.4294610023498535
2003-06-19,6.463531017303467
2003-06-20,6.439299583435059
2003-06-23,6.420866966247559
2003-06-24,6.415597438812256
2003-06-25,6.426135063171387
2003-06-26,6.397164344787598
2003-06-27,6.373459339141846
2003-06-30,6.333953380584717
2003-07-01,6.328686237335205
2003-07-02,6.320786952972412
2003-07-03,6.3102521896362305
2003-07-07,6.268115520477295
2003-07-08,6.257579803466797
2003-07-09,6.320786952972412
2003-07-10,6.225974082946777
2003-07-11,6.244410991668701
2003-07-14,6.189104080200195
2003-07-15,6.136431694030762
2003-07-16,6.078492641448975
2003-07-17,6.117997646331787
2003-07-18,6.257579803466797
2003-07-21,6.2233405113220215
2003-07-22,6.207539081573486
2003-07-23,6.173300266265869
2003-07-24,6.115360260009766
2003-07-25,6.170669078826904
2003-07-28,6.144329071044922
2003-07-29,6.057419776916504
2003-07-30,6.065321445465088
2003-07-31,6.11009407043457
2003-08-01,6.0942912101745605
2003-08-04,6.031087875366211
2003-08-05,6.004749298095703
2003-08-06,6.11009407043457
2003-08-07,6.262848854064941
2003-08-08,6.281282424926758
2003-08-11,6.3102521896362305
2003-08-12,6.355023384094238
2003-08-13,6.349758625030518
2003-08-14,6.373459339141846
2003-08-15,6.394529342651367
2003-08-18,6.394529342651367
2003-08-19,6.365557670593262
2003-08-20,6.394529342651367
2003-08-21,6.455104351043701
2003-08-22,6.355023384094238
2003-08-25,6.355023384094238
2003-08-26,6.360292434692383
2003-08-27,6.386628150939941
2003-08-28,6.491977214813232
2003-08-29,6.499876022338867
2003-09-02,6.542019367218018
2003-09-03,6.544649124145508
2003-09-04,6.534111499786377
2003-09-05,6.505146503448486
2003-09-08,6.594691276550293
2003-09-09,6.523577690124512
2003-09-10,6.455104351043701
2003-09-11,6.441936492919922
2003-09-12,6.449836254119873
2003-09-15,6.407697677612305
2003-09-16,6.418232440948486
2003-09-17,6.333953380584717
2003-09-18,6.360292434692383
2003-09-19,6.418788433074951
2003-09-22,6.381732940673828
2003-09-23,6.418788433074951
2003-09-24,6.450552940368652
2003-09-25,6.392319202423096
2003-09-26,6.334086894989014
2003-09-29,6.365849494934082
2003-09-30,6.365849494934082
2003-10-01,6.45849609375
2003-10-02,6.500844478607178
2003-10-03,6.537903785705566
2003-10-06,6.577605247497559
2003-10-07,6.609367370605469
2003-10-08,6.564367771148682
2003-10-09,6.543194770812988
2003-10-10,6.5908403396606445
2003-10-13,6.617311000823975
2003-10-14,6.5908403396606445
2003-10-15,6.495547771453857
2003-10-16,6.564367771148682
2003-10-17,6.519373893737793
2003-10-20,6.516726970672607
2003-10-21,6.537903785705566
2003-10-22,6.450552940368652
2003-10-23,6.43996524810791
2003-10-24,6.437317371368408
2003-10-27,6.410848140716553
2003-10-28,6.429376602172852
2003-10-29,6.416143417358398
2003-10-30,6.328795433044434
2003-10-31,6.426731109619141
2003-11-03,6.387024879455566
2003-11-04,6.365849494934082
2003-11-05,6.38438081741333
2003-11-06,6.392319202423096
2003-11-07,6.408202171325684
2003-11-10,6.397613048553467
2003-11-11,6.394969940185547
2003-11-12,6.432020664215088
2003-11-13,6.490256309509277
2003-11-14,6.503489971160889
2003-11-17,6.437317371368408
2003-11-18,6.392319202423096
2003-11-19,6.408202171325684
2003-11-20,6.392319202423096
2003-11-21,6.3446760177612305
2003-11-24,6.379086494445801
2003-11-25,6.416143417358398
2003-11-26,6.477018356323242
2003-11-28,6.477018356323242
2003-12-01,6.543194770812988
2003-12-02,6.588189601898193
2003-12-03,6.551135063171387
2003-12-04,6.709951400756836
2003-12-05,6.757593154907227
2003-12-08,6.831710338592529
2003-12-09,6.837000846862793
2003-12-10,6.842297077178955
2003-12-11,6.876706123352051
2003-12-12,6.953465938568115
2003-12-15,6.866118907928467
2003-12-16,6.969350337982178
2003-12-17,7.035520553588867
2003-12-18,7.223454475402832
2003-12-19,7.210692882537842
2003-12-22,7.218670845031738
2003-12-23,7.16815185546875
2003-12-24,7.245258331298828
2003-12-26,7.2745041847229
2003-12-29,7.3595871925354
2003-12-30,7.375537872314453
2003-12-31,7.325018882751465
2004-01-02,7.322364807128906
2004-01-05,7.463278293609619
2004-01-06,7.4553046226501465
2004-01-07,7.378198146820068
2004-01-08,7.399467468261719
2004-01-09,7.436688423156738
2004-01-12,7.4579620361328125
2004-01-13,7.4606218338012695
2004-01-14,7.442008018493652
2004-01-15,7.317045211791992
2004-01-16,7.386171340942383
2004-01-20,7.57228946685791
2004-01-21,7.617488861083984
2004-01-22,7.580264091491699
2004-01-23,7.646737098693848
2004-01-26,7.691939353942871
2004-01-27,7.675981044769287
2004-01-28,7.566973686218262
2004-01-29,7.5616536140441895
2004-01-30,7.489869117736816
2004-02-02,7.532407760620117
2004-02-03,7.503162860870361
2004-02-04,7.449986457824707
2004-02-05,7.383513450622559
2004-02-06,7.434031009674072
2004-02-09,7.524431228637695
2004-02-10,7.62546443939209
2004-02-11,7.729158401489258
2004-02-12,7.753093242645264
2004-02-13,7.7344770431518555
2004-02-17,7.800948619842529
2004-02-18,7.7185235023498535
2004-02-19,7.7105488777160645
2004-02-20,7.707888603210449
2004-02-23,7.769038200378418
2004-02-24,7.782338619232178
2004-02-25,7.819558620452881
2004-02-26,7.846148490905762
2004-02-27,7.883371829986572
2004-03-01,8.03492259979248
2004-03-02,7.965793132781982
2004-03-03,7.955159664154053
2004-03-04,7.931231498718262
2004-03-05,8.000359535217285
2004-03-08,8.03492259979248
2004-03-09,7.981742858886719
2004-03-10,7.843488693237305
2004-03-11,7.668008804321289
2004-03-12,7.779674053192139
2004-03-15,7.795629978179932
2004-03-16,7.792970180511475
2004-03-17,7.901978015899658
2004-03-18,7.981742858886719
2004-03-19,7.818070888519287
2004-03-22,7.743306636810303
2004-03-23,7.689908027648926
2004-03-24,7.5270256996154785
2004-03-25,7.497657299041748
2004-03-26,7.583097457885742
2004-03-29,7.623151779174805
2004-03-30,7.761995792388916
2004-03-31,7.83409309387207
2004-04-01,7.743306636810303
2004-04-02,7.778017044067383
2004-04-05,7.818070888519287
2004-04-06,7.818070888519287
2004-04-07,7.818070888519287
2004-04-08,7.887492656707764
2004-04-12,8.037019729614258
2004-04-13,7.96759557723999
2004-04-14,7.983615875244141
2004-04-15,8.090420722961426
2004-04-16,8.154502868652344
2004-04-19,8.135811805725098
2004-04-20,7.9702677726745605
2004-04-21,7.943564414978027
2004-04-22,8.101099967956543
2004-04-23,8.037019729614258
2004-04-26,8.082408905029297
2004-04-27,8.250626564025879
2004-04-28,8.13314151763916
2004-04-29,7.938225269317627
2004-04-30,7.96759557723999
2004-05-03,8.151829719543457
2004-05-04,8.15717601776123
2004-05-05,8.183870315551758
2004-05-06,8.14382266998291
2004-05-07,7.946234226226807
2004-05-10,7.716604232788086
2004-05-11,7.8501105308532715
2004-05-12,7.898172855377197
2004-05-13,7.876812934875488
2004-05-14,7.9702677726745605
2004-05-17,7.9702677726745605
2004-05-18,7.852778911590576
2004-05-19,7.818070888519287
2004-05-20,7.810059070587158
2004-05-21,7.772677421569824
2004-05-24,7.948901176452637
2004-05-25,8.082408905029297
2004-05-26,8.015653610229492
2004-05-27,7.903508186340332
2004-05-28,7.943564414978027
2004-06-01,8.0530366897583
2004-06-02,8.037019729614258
2004-06-03,7.964927673339844
2004-06-04,7.924874782562256
2004-06-07,8.07172966003418
2004-06-08,8.037019729614258
2004-06-09,7.972935676574707
2004-06-10,8.074397087097168
2004-06-14,8.012989044189453
2004-06-15,8.127802848815918
2004-06-16,8.285338401794434
2004-06-17,8.346748352050781
2004-06-18,8.369270324707031
2004-06-21,8.350502014160156
2004-06-22,8.40679931640625
2004-06-23,8.548881530761719
2004-06-24,8.497944831848145
2004-06-25,8.44969367980957
2004-06-28,8.329058647155762
2004-06-29,8.374628067016602
2004-06-30,8.438968658447266
2004-07-01,8.44969367980957
2004-07-02,8.48185920715332
2004-07-06,8.503305435180664
2004-07-07,8.554241180419922
2004-07-08,8.511348724365234
2004-07-09,8.559601783752441
2004-07-12,8.511348724365234
2004-07-13,8.489899635314941
2004-07-14,8.591765403747559
2004-07-15,8.648064613342285
2004-07-16,8.752617835998535
2004-07-19,8.723126411437988
2004-07-20,8.696317672729492
2004-07-21,8.540834426879883
2004-07-22,8.567642211914062
2004-07-23,8.535470962524414
2004-07-26,8.460416793823242
2004-07-27,8.546195983886719
2004-07-28,8.605169296264648
2004-07-29,8.666833877563477
2004-07-30,8.699000358581543
2004-08-02,8.688282012939453
2004-08-03,8.792821884155273
2004-08-04,8.58908748626709
2004-08-05,8.460416793823242
2004-08-06,8.291523933410645
2004-08-09,8.42556095123291
2004-08-10,8.393394470214844
2004-08-11,8.350502014160156
2004-08-12,8.24327564239502
2004-08-13,8.34514045715332
2004-08-16,8.396075248718262
2004-08-17,8.203063011169434
2004-08-18,8.310290336608887
2004-08-19,8.3371000289917
2004-08-20,8.422881126403809
2004-08-23,8.31833267211914
2004-08-24,8.296887397766113
2004-08-25,8.350502014160156
2004-08-26,8.409479141235352
2004-08-27,8.463090896606445
2004-08-30,8.42556095123291
2004-08-31,8.564964294433594
2004-09-01,8.715082168579102
2004-09-02,8.784786224365234
2004-09-03,8.803545951843262
2004-09-07,8.792821884155273
2004-09-08,8.80086898803711
2004-09-09,8.926861763000488
2004-09-10,8.878605842590332
2004-09-13,8.940267562866211
2004-09-14,8.980473518371582
2004-09-15,8.950990676879883
2004-09-16,8.977795600891113
2004-09-17,9.129322052001953
2004-09-20,9.132015228271484
2004-09-21,9.35809326171875
2004-09-22,9.298882484436035
2004-09-23,9.212757110595703
2004-09-24,9.317721366882324
2004-09-27,9.312338829040527
2004-09-28,9.471132278442383
2004-09-29,9.34463882446289
2004-09-30,9.40116024017334
2004-10-01,9.535727500915527
2004-10-04,9.524964332580566
2004-10-05,9.627238273620605
2004-10-06,9.804871559143066
2004-10-07,9.729512214660645
2004-10-08,9.740276336669922
2004-10-11,9.656843185424805
2004-10-12,9.546492576599121
2004-10-13,9.34732723236084
2004-10-14,9.422691345214844
2004-10-15,9.463054656982422
2004-10-18,9.336562156677246
2004-10-19,9.309651374816895
2004-10-20,9.514199256896973
2004-10-21,9.568026542663574
2004-10-22,9.549185752868652
2004-10-25,9.55726146697998
2004-10-26,9.662226676940918
2004-10-27,9.495360374450684
2004-10-28,9.32848834991455
2004-10-29,9.457674026489258
2004-11-01,9.40116024017334
2004-11-02,9.261202812194824
2004-11-03,9.44691276550293
2004-11-04,9.559948921203613
2004-11-05,9.616473197937012
2004-11-08,9.457674026489258
2004-11-09,9.371552467346191
2004-11-10,9.481901168823242
2004-11-11,9.463054656982422
2004-11-12,9.662226676940918
2004-11-15,9.452289581298828
2004-11-16,9.452289581298828
2004-11-17,9.600325584411621
2004-11-18,9.675681114196777
2004-11-19,9.791417121887207
2004-11-22,9.947515487670898
2004-11-23,10.009421348571777
2004-11-24,10.092853546142578
2004-11-26,10.135912895202637
2004-11-29,10.082090377807617
2004-11-30,10.095547676086426
2004-12-01,9.853320121765137
2004-12-02,9.592249870300293
2004-12-03,9.68644905090332
2004-12-06,9.691827774047852
2004-12-07,9.489974975585938
2004-12-08,9.55456829071045
2004-12-09,9.635310173034668
2004-12-10,9.568026542663574
2004-12-13,9.737587928771973
2004-12-14,9.767193794250488
2004-12-15,9.839861869812012
2004-12-16,9.740276336669922
2004-12-17,9.737846374511719
2004-12-20,9.856698036193848
2004-12-21,9.940437316894531
2004-12-22,9.805376052856445
2004-12-23,9.862103462219238
2004-12-27,9.689226150512695
2004-12-28,9.756755828857422
2004-12-29,9.829684257507324
2004-12-30,9.786468505859375
2004-12-31,9.810778617858887
2005-01-03,9.448817253112793
2005-01-04,9.40019702911377
2005-01-05,9.359678268432617
2005-01-06,9.521749496459961
2005-01-07,9.446113586425781
2005-01-10,9.516350746154785
2005-01-11,9.529858589172363
2005-01-12,9.69732666015625
2005-01-13,9.76215648651123
2005-01-14,9.848596572875977
2005-01-18,9.945838928222656
2005-01-19,9.910725593566895
2005-01-20,9.810778617858887
2005-01-21,9.832390785217285
2005-01-24,9.91882610321045
2005-01-25,9.959345817565918
2005-01-26,10.056589126586914
2005-01-27,10.145732879638672
2005-01-28,10.024173736572266
2005-01-31,10.143026351928711
2005-02-01,10.315905570983887
2005-02-02,10.45907211303711
2005-02-03,10.510388374328613
2005-02-04,10.548208236694336
2005-02-07,10.477977752685547
2005-02-08,10.553614616394043
2005-02-09,10.534706115722656
2005-02-10,10.82373332977295
2005-02-11,10.918274879455566
2005-02-14,10.931780815124512
2005-02-15,10.956093788146973
2005-02-16,11.264026641845703
2005-02-17,11.112761497497559
2005-02-18,11.358575820922852
2005-02-22,11.277528762817383
2005-02-23,11.420695304870605
2005-02-24,11.6448974609375
2005-02-25,11.931225776672363
2005-02-28,11.844785690307617
2005-03-01,11.615184783935547
2005-03-02,11.785362243652344
2005-03-03,11.979841232299805
2005-03-04,12.133810043334961
2005-03-07,12.050079345703125
2005-03-08,12.03657341003418
2005-03-09,11.704320907592773
2005-03-10,11.466618537902832
2005-03-11,11.561159133911133
2005-03-14,11.6448974609375
2005-03-15,11.482828140258789
2005-03-16,11.520644187927246
2005-03-17,11.720529556274414
2005-03-18,11.865252494812012
2005-03-21,11.762269020080566
2005-03-22,11.621337890625
2005-03-23,11.399106979370117
2005-03-24,11.390971183776855
2005-03-28,11.404523849487305
2005-03-29,11.220230102539062
2005-03-30,11.388265609741211
2005-03-31,11.618624687194824
2005-04-01,11.905909538269043
2005-04-04,11.80291748046875
2005-04-05,11.653858184814453
2005-04-06,11.838150978088379
2005-04-07,11.792081832885742
2005-04-08,11.57797908782959
2005-04-11,11.664709091186523
2005-04-12,11.480405807495117
2005-04-13,11.198545455932617
2005-04-14,11.193131446838379
2005-04-15,10.767623901367188
2005-04-18,10.962760925292969
2005-04-19,11.220230102539062
2005-04-20,10.989856719970703
2005-04-21,11.369291305541992
2005-04-22,11.393682479858398
2005-04-25,11.553584098815918
2005-04-26,11.363869667053223
2005-04-27,11.071162223815918
2005-04-28,10.8489351272583
2005-04-29,10.989856719970703
2005-05-02,11.187712669372559
2005-05-03,10.924814224243164
2005-05-04,11.052196502685547
2005-05-05,11.171453475952148
2005-05-06,11.138919830322266
2005-05-09,11.287984848022461
2005-05-10,11.0982666015625
2005-05-11,11.166028022766113
2005-05-12,10.678189277648926
2005-05-13,10.515575408935547
2005-05-16,10.46950626373291
2005-05-17,10.65650463104248
2005-05-18,10.6348295211792
2005-05-19,10.827252388000488
2005-05-20,10.745946884155273
2005-05-23,10.924814224243164
2005-05-24,10.970890998840332
2005-05-25,11.138919830322266
2005-05-26,11.195834159851074
2005-05-27,11.382843971252441
2005-05-31,11.296113014221191
2005-06-01,11.510222434997559
2005-06-02,11.488539695739746
2005-06-03,11.553584098815918
2005-06-06,11.588815689086914
2005-06-07,11.477694511413574
2005-06-08,11.510222434997559
2005-06-09,11.843572616577148
2005-06-10,11.830022811889648
2005-06-13,11.876099586486816
2005-06-14,11.949275016784668
2005-06-15,12.092912673950195
2005-06-16,12.263656616210938
2005-06-17,12.462386131286621
2005-06-20,12.475983619689941
2005-06-21,12.212265968322754
2005-06-22,12.28295612335205
2005-06-23,12.293829917907715
2005-06-24,12.217710494995117
2005-06-27,12.405304908752441
2005-06-28,12.174213409423828
2005-06-29,12.163339614868164
2005-06-30,12.084494590759277
2005-07-01,12.353644371032715
2005-07-05,12.72338581085205
2005-07-06,12.495013236999512
2005-07-07,12.655416488647461
2005-07-08,12.571142196655273
2005-07-11,12.663570404052734
2005-07-12,12.77775764465332
2005-07-13,12.704349517822266
2005-07-14,12.39986801147461
2005-07-15,12.334610939025879
2005-07-18,12.28295612335205
2005-07-19,12.546673774719238
2005-07-20,12.560259819030762
2005-07-21,12.437920570373535
2005-07-22,12.883790969848633
2005-07-25,13.003409385681152
2005-07-26,12.973505020141602
2005-07-27,13.038751602172852
2005-07-28,13.076805114746094
2005-07-29,12.940876007080078
2005-08-01,13.076805114746094
2005-08-02,13.294312477111816
2005-08-03,13.229053497314453
2005-08-04,13.256242752075195
2005-08-05,13.155653953552246
2005-08-08,13.345961570739746
2005-08-09,13.31605339050293
2005-08-10,13.533549308776855
2005-08-11,13.664031982421875
2005-08-12,13.639575958251953
2005-08-15,13.50636100769043
2005-08-16,13.210025787353516
2005-08-17,12.90553092956543
2005-08-18,12.878350257873535
2005-08-19,13.098556518554688
2005-08-22,13.131179809570312
2005-08-23,13.106714248657227
2005-08-24,13.23177433013916
2005-08-25,13.196432113647461
2005-08-26,13.04689884185791
2005-08-29,13.152931213378906
2005-08-30,13.397608757019043
2005-08-31,13.767352104187012
2005-09-01,14.126221656799316
2005-09-02,13.851631164550781
2005-09-06,13.949501991271973
2005-09-07,13.971247673034668
2005-09-08,13.990281105041504
2005-09-09,14.35458755493164
2005-09-12,14.060973167419434
2005-09-13,13.94134521484375
2005-09-14,14.115341186523438
2005-09-15,14.115341186523438
2005-09-16,14.253844261169434
2005-09-19,14.630093574523926
2005-09-20,14.491044998168945
2005-09-21,14.695527076721191
2005-09-22,14.586474418640137
2005-09-23,14.330183982849121
2005-09-26,14.591930389404297
2005-09-27,14.602831840515137
2005-09-28,14.722793579101562
2005-09-29,14.864567756652832
2005-09-30,14.632831573486328
2005-10-03,14.594654083251953
2005-10-04,14.06844711303711
2005-10-05,13.528611183166504
2005-10-06,13.206891059875488
2005-10-07,13.504071235656738
2005-10-10,13.299599647521973
2005-10-11,13.618578910827637
2005-10-12,13.356844902038574
2005-10-13,12.99422836303711
2005-10-14,13.179624557495117
2005-10-17,13.343212127685547
2005-10-18,12.724306106567383
2005-10-19,13.010591506958008
2005-10-20,12.418951988220215
2005-10-21,12.547094345092773
2005-10-24,12.99422836303711
2005-10-25,13.26414680480957
2005-10-26,13.18508529663086
2005-10-27,12.811555862426758
2005-10-28,13.160542488098145
2005-10-31,13.310497283935547
2005-11-01,13.392287254333496
2005-11-02,13.654031753540039
2005-11-03,13.913043975830078
2005-11-04,13.495895385742188
2005-11-07,13.261420249938965
2005-11-08,13.373204231262207
2005-11-09,13.25051212310791
2005-11-10,12.838823318481445
2005-11-11,12.942422866821289
2005-11-14,13.010591506958008
2005-11-15,13.032397270202637
2005-11-16,13.370479583740234
2005-11-17,13.365023612976074
2005-11-18,13.370479583740234
2005-11-21,13.703095436096191
2005-11-22,13.921219825744629
2005-11-23,13.869416236877441
2005-11-25,13.904863357543945
2005-11-28,13.435908317565918
2005-11-29,13.457719802856445
2005-11-30,13.509526252746582
2005-12-01,13.937578201293945
2005-12-02,13.951214790344238
2005-12-05,14.049361228942871
2005-12-06,14.109347343444824
2005-12-07,14.057538986206055
2005-12-08,14.305647850036621
2005-12-09,14.12843132019043
2005-12-12,14.311100959777832
2005-12-13,14.251120567321777
2005-12-14,14.422884941101074
2005-12-15,14.308379173278809
2005-12-16,13.960390090942383
2005-12-19,13.845586776733398
2005-12-20,14.034194946289062
2005-12-21,14.064261436462402
2005-12-22,14.047861099243164
2005-12-23,14.009594917297363
2005-12-27,13.596826553344727
2005-12-28,13.801836013793945
2005-12-29,13.695234298706055
2005-12-30,13.752631187438965
2006-01-03,14.405959129333496
2006-01-04,14.446969985961914
2006-01-05,14.263816833496094
2006-01-06,14.613714218139648
2006-01-09,14.597308158874512
2006-01-10,14.755860328674316
2006-01-11,14.818733215332031
2006-01-12,14.712127685546875
2006-01-13,14.887075424194336
2006-01-17,15.215106010437012
2006-01-18,15.08935832977295
2006-01-19,15.351780891418457
2006-01-20,15.420120239257812
2006-01-23,15.589600563049316
2006-01-24,15.496662139892578
2006-01-25,15.171366691589355
2006-01-26,15.220565795898438
2006-01-27,15.485725402832031
2006-01-30,15.84109115600586
2006-01-31,15.761800765991211
2006-02-01,15.38731861114502
2006-02-02,15.234244346618652
2006-02-03,15.094828605651855
2006-02-06,15.390056610107422
2006-02-07,14.747663497924805
2006-02-08,14.750391006469727
2006-02-09,14.414162635803223
2006-02-10,14.362232208251953
2006-02-13,14.304824829101562
2006-02-14,14.143539428710938
2006-02-15,14.066998481750488
2006-02-16,14.389564514160156
2006-02-17,14.49070930480957
2006-02-21,14.774996757507324
2006-02-22,14.498909950256348
2006-02-23,14.482505798339844
2006-02-24,14.660188674926758
2006-02-27,14.405959129333496
2006-02-28,14.307557106018066
2006-03-01,14.550838470458984
2006-03-02,14.794130325317383
2006-03-03,14.796869277954102
2006-03-06,14.282954216003418
2006-03-07,14.072465896606445
2006-03-08,14.072465896606445
2006-03-09,13.971333503723145
2006-03-10,14.047861099243164
2006-03-13,14.323959350585938
2006-03-14,14.589112281799316
2006-03-15,14.665653228759766
2006-03-16,14.898004531860352
2006-03-17,14.7091064453125
2006-03-20,14.382844924926758
2006-03-21,14.358169555664062
2006-03-22,14.454136848449707
2006-03-23,14.667983055114746
2006-03-24,14.766678810119629
2006-03-27,14.843449592590332
2006-03-28,14.958600044250488
2006-03-29,15.13406753540039
2006-03-30,15.125845909118652
2006-03-31,14.914731979370117
2006-04-03,14.99698543548584
2006-04-04,15.194378852844238
2006-04-05,15.443883895874023
2006-04-06,15.476783752441406
2006-04-07,15.175195693969727
2006-04-10,15.463067054748535
2006-04-11,15.353403091430664
2006-04-12,15.251957893371582
2006-04-13,15.301310539245605
2006-04-17,15.58370304107666
2006-04-18,15.96479320526123
2006-04-19,16.21153450012207
2006-04-20,16.044301986694336
2006-04-21,16.3787899017334
2006-04-24,16.129301071166992
2006-04-25,15.92092514038086
2006-04-26,15.668696403503418
2006-04-27,15.490489959716797
2006-04-28,15.665949821472168
2006-05-01,15.923670768737793
2006-05-02,16.277347564697266
2006-05-03,16.025110244750977
2006-05-04,15.951082229614258
2006-05-05,16.137529373168945
2006-05-08,16.06624412536621
2006-05-09,16.16219711303711
2006-05-10,16.312990188598633
2006-05-11,16.101879119873047
2006-05-12,15.556283950805664
2006-05-15,15.230025291442871
2006-05-16,15.28486156463623
2006-05-17,14.895540237426758
2006-05-18,14.714593887329102
2006-05-19,14.810544967651367
2006-05-22,14.725557327270508
2006-05-23,14.728304862976074
2006-05-24,14.54734992980957
2006-05-25,15.05729866027832
2006-05-26,15.106650352478027
2006-05-30,14.86812973022461
2006-05-31,15.230025291442871
2006-06-01,15.271158218383789
2006-06-02,15.498701095581055
2006-06-05,15.010686874389648
2006-06-06,14.99698543548584
2006-06-07,14.421236991882324
2006-06-08,14.624106407165527
2006-06-09,14.47606372833252
2006-06-12,14.179964065551758
2006-06-13,13.76048469543457
2006-06-14,14.11416244506836
2006-06-15,14.651531219482422
2006-06-16,14.612177848815918
2006-06-19,14.061810493469238
2006-06-20,13.995771408081055
2006-06-21,14.309476852416992
2006-06-22,14.370010375976562
2006-06-23,14.689229965209961
2006-06-26,14.851587295532227
2006-06-27,14.879112243652344
2006-06-28,15.135027885437012
2006-06-29,15.56431770324707
2006-06-30,15.616595268249512
2006-07-03,15.784456253051758
2006-07-05,15.856000900268555
2006-07-06,15.814717292785645
2006-07-07,15.600085258483887
2006-07-10,15.646865844726562
2006-07-11,15.933058738708496
2006-07-12,15.878020286560059
2006-07-13,15.726666450500488
2006-07-14,15.911040306091309
2006-07-17,15.396448135375977
2006-07-18,15.415714263916016
2006-07-19,15.575315475463867
2006-07-20,15.198323249816895
2006-07-21,14.99193000793457
2006-07-24,15.443232536315918
2006-07-25,15.712909698486328
2006-07-26,16.02937126159668
2006-07-27,15.891782760620117
2006-07-28,15.897278785705566
2006-07-31,16.13944435119629
2006-08-01,16.158708572387695
2006-08-02,16.191728591918945
2006-08-03,16.051382064819336
2006-08-04,15.916546821594238
2006-08-07,16.08440589904785
2006-08-08,15.990845680236816
2006-08-09,16.12568473815918
2006-08-10,15.993595123291016
2006-08-11,16.00184440612793
2006-08-14,15.671634674072266
2006-08-15,15.751428604125977
2006-08-16,15.68539047241211
2006-08-17,15.575315475463867
2006-08-18,15.817482948303223
2006-08-21,15.922052383422852
2006-08-22,16.02937126159668
2006-08-23,15.693643569946289
2006-08-24,15.897278785705566
2006-08-25,16.021114349365234
2006-08-28,15.789962768554688
2006-08-29,15.690896034240723
2006-08-30,15.426718711853027
2006-08-31,15.319397926330566
2006-09-01,15.547812461853027
2006-09-05,15.751428604125977
2006-09-06,15.217575073242188
2006-09-07,15.231344223022461
2006-09-08,14.846087455749512
2006-09-11,14.386529922485352
2006-09-12,14.295721054077148
2006-09-13,14.592918395996094
2006-09-14,14.268203735351562
2006-09-15,14.317073822021484
2006-09-18,14.662227630615234
2006-09-19,14.441328048706055
2006-09-20,14.054756164550781
2006-09-21,14.23423957824707
2006-09-22,14.173495292663574
2006-09-25,14.192813873291016
2006-09-26,14.504839897155762
2006-09-27,14.745068550109863
2006-09-28,14.698128700256348
2006-09-29,14.758875846862793
2006-10-02,14.590433120727539
2006-10-03,14.054756164550781
2006-10-04,14.261853218078613
2006-10-05,14.535219192504883
2006-10-06,14.549018859863281
2006-10-09,14.33088207244873
2006-10-10,14.59871768951416
2006-10-11,14.366769790649414
2006-10-12,14.703648567199707
2006-10-13,14.90522289276123
2006-10-16,15.255900382995605
2006-10-17,15.090229034423828
2006-10-18,14.993587493896484
2006-10-19,15.302845001220703
2006-10-20,15.10402774810791
2006-10-23,15.131631851196289
2006-10-24,15.407766342163086
2006-10-25,15.6728515625
2006-10-26,15.636951446533203
2006-10-27,15.509943962097168
2006-10-30,15.23105239868164
2006-10-31,15.388445854187012
2006-11-01,15.23105239868164
2006-11-02,15.291794776916504
2006-11-03,15.628664016723633
2006-11-06,15.741874694824219
2006-11-07,15.620386123657227
2006-11-08,15.882699012756348
2006-11-09,16.015247344970703
2006-11-10,15.863375663757324
2006-11-13,15.835763931274414
2006-11-14,15.929640769958496
2006-11-15,16.07875633239746
2006-11-16,15.636951446533203
2006-11-17,15.766733169555664
2006-11-20,15.725312232971191
2006-11-21,16.015247344970703
2006-11-22,15.921356201171875
2006-11-24,15.888223648071289
2006-11-27,15.816437721252441
2006-11-28,16.070470809936523
2006-11-29,16.581302642822266
2006-11-30,16.708314895629883
2006-12-01,16.766305923461914
2006-12-04,16.74146270751953
2006-12-05,16.807720184326172
2006-12-06,16.760778427124023
2006-12-07,16.661376953125
2006-12-08,16.642047882080078
2006-12-11,16.60062599182129
2006-12-12,16.6392879486084
2006-12-13,16.807720184326172
2006-12-14,17.05071258544922
2006-12-15,16.8967227935791
2006-12-18,16.4093017578125
2006-12-19,16.689014434814453
2006-12-20,16.461917877197266
2006-12-21,16.384363174438477
2006-12-22,16.226512908935547
2006-12-26,16.245895385742188
2006-12-27,16.436988830566406
2006-12-28,16.400991439819336
2006-12-29,16.237586975097656
2007-01-03,15.669836044311523
2007-01-04,15.384586334228516
2007-01-05,15.487048149108887
2007-01-08,15.487048149108887
2007-01-09,15.354119300842285
2007-01-10,15.057779312133789
2007-01-11,14.971924781799316
2007-01-12,15.354119300842285
2007-01-16,15.196247100830078
2007-01-17,15.36519718170166
2007-01-18,15.25164794921875
2007-01-19,15.669836044311523
2007-01-22,15.561823844909668
2007-01-23,15.966174125671387
2007-01-24,16.03541374206543
2007-01-25,15.705843925476074
2007-01-26,15.744610786437988
2007-01-29,15.667076110839844
2007-01-30,15.98556137084961
2007-01-31,16.088041305541992
2007-02-01,16.146194458007812
2007-02-02,16.237586975097656
2007-02-05,16.220970153808594
2007-02-06,16.17112159729004
2007-02-07,16.074186325073242
2007-02-08,16.237586975097656
2007-02-09,16.17112159729004
2007-02-12,15.94678783416748
2007-02-13,16.179424285888672
2007-02-14,16.18219566345215
2007-02-15,16.060333251953125
2007-02-16,16.0631103515625
2007-02-20,15.88309383392334
2007-02-21,16.057571411132812
2007-02-22,16.201581954956055
2007-02-23,16.243131637573242
2007-02-26,16.340063095092773
2007-02-27,15.68921947479248
2007-02-28,15.758461952209473
2007-03-01,15.708612442016602
2007-03-02,15.523052215576172
2007-03-05,15.343034744262695
2007-03-06,15.633835792541504
2007-03-07,15.827703475952148
2007-03-08,15.966174125671387
2007-03-09,15.896937370300293
2007-03-12,15.874780654907227
2007-03-13,15.661532402038574
2007-03-14,15.841547012329102
2007-03-15,15.838778495788574
2007-03-16,15.668448448181152
2007-03-19,15.918522834777832
2007-03-20,16.032451629638672
2007-03-21,16.321428298950195
2007-03-22,16.649288177490234
2007-03-23,16.73264503479004
2007-03-26,16.849349975585938
2007-03-27,16.87990951538086
2007-03-28,16.877132415771484
2007-03-29,16.98271942138672
2007-03-30,16.749319076538086
2007-04-02,16.913259506225586
2007-04-03,17.01883888244629
2007-04-04,17.04662322998047
2007-04-05,17.15777587890625
2007-04-09,17.093860626220703
2007-04-10,17.35227394104004
2007-04-11,17.24668312072754
2007-04-12,17.51066017150879
2007-04-13,17.518993377685547
2007-04-16,17.621795654296875
2007-04-17,17.521770477294922
2007-04-18,17.460636138916016
2007-04-19,17.216123580932617
2007-04-20,17.53288459777832
2007-04-23,17.55233383178711
2007-04-24,17.499534606933594
2007-04-25,17.827417373657227
2007-04-26,17.821863174438477
2007-04-27,17.81907844543457
2007-04-30,17.6079044342041
2007-05-01,17.685701370239258
2007-05-02,17.832971572875977
2007-05-03,17.977453231811523
2007-05-04,17.963558197021484
2007-05-07,18.01081085205078
2007-05-08,18.013582229614258
2007-05-09,18.005233764648438
2007-05-10,17.71349334716797
2007-05-11,18.119163513183594
2007-05-14,18.124723434448242
2007-05-15,18.185850143432617
2007-05-16,18.255311965942383
2007-05-17,18.547061920166016
2007-05-18,18.847150802612305
2007-05-21,19.005537033081055
2007-05-22,18.827701568603516
2007-05-23,18.86660385131836
2007-05-24,18.522062301635742
2007-05-25,18.811031341552734
2007-05-29,18.685997009277344
2007-05-30,19.077775955200195
2007-05-31,18.97774887084961
2007-06-01,19.1500186920166
2007-06-04,19.450115203857422
2007-06-05,19.380632400512695
2007-06-06,19.133350372314453
2007-06-07,18.794361114501953
2007-06-08,18.872163772583008
2007-06-11,19.016647338867188
2007-06-12,18.783248901367188
2007-06-13,19.158353805541992
2007-06-14,19.48067283630371
2007-06-15,19.77968406677246
2007-06-18,19.80196762084961
2007-06-19,19.824264526367188
2007-06-20,19.247432708740234
2007-06-21,19.631986618041992
2007-06-22,19.436914443969727
2007-06-25,19.280872344970703
2007-06-26,18.865657806396484
2007-06-27,19.158262252807617
2007-06-28,19.158262252807617
2007-06-29,19.225130081176758
2007-07-02,19.565107345581055
2007-07-03,19.71558380126953
2007-07-05,19.6682071685791
2007-07-06,19.93573760986328
2007-07-09,20.122440338134766
2007-07-10,19.944087982177734
2007-07-11,20.019325256347656
2007-07-12,20.40667724609375
2007-07-13,20.607318878173828
2007-07-16,20.342588424682617
2007-07-17,20.07785415649414
2007-07-18,20.532081604003906
2007-07-19,20.718782424926758
2007-07-20,20.621252059936523
2007-07-23,20.70484733581543
2007-07-24,20.105716705322266
2007-07-25,20.426189422607422
2007-07-26,19.657079696655273
2007-07-27,19.088586807250977
2007-07-30,19.41741943359375
2007-07-31,19.227922439575195
2007-08-01,19.177757263183594
2007-08-02,19.046794891357422
2007-08-03,18.42536163330078
2007-08-06,18.531267166137695
2007-08-07,18.965972900390625
2007-08-08,19.32544708251953
2007-08-09,18.77091407775879
2007-08-10,18.871225357055664
2007-08-13,18.893522262573242
2007-08-14,18.768125534057617
2007-08-15,18.25259017944336
2007-08-16,18.14112091064453
2007-08-17,18.809921264648438
2007-08-20,18.768125534057617
2007-08-21,18.503398895263672
2007-08-22,18.7263240814209
2007-08-23,18.893522262573242
2007-08-24,19.297588348388672
2007-08-27,19.060728073120117
2007-08-28,18.600923538208008
2007-08-29,19.21677589416504
2007-08-30,19.205629348754883
2007-08-31,19.459217071533203
2007-09-04,19.81311798095703
2007-09-05,19.707233428955078
2007-09-06,20.008188247680664
2007-09-07,19.57904624938965
2007-09-10,19.54839324951172
2007-09-11,19.882783889770508
2007-09-12,20.022117614746094
2007-09-13,20.147523880004883
2007-09-14,20.2032470703125
2007-09-17,20.24505615234375
2007-09-18,20.858118057250977
2007-09-19,21.039247512817383
2007-09-20,21.025312423706055
2007-09-21,21.150489807128906
2007-09-24,21.111371994018555
2007-09-25,20.764915466308594
2007-09-26,20.823593139648438
2007-09-27,21.0946102142334
2007-09-28,20.89902687072754
2007-10-01,21.262243270874023
2007-10-02,20.929759979248047
2007-10-03,20.80683135986328
2007-10-04,20.885046005249023
2007-10-05,20.985641479492188
2007-10-08,20.77329444885254
2007-10-09,21.192398071289062
2007-10-10,21.46620750427246
2007-10-11,21.36003875732422
2007-10-12,21.561203002929688
2007-10-15,21.73722267150879
2007-10-16,21.793107986450195
2007-10-17,21.653404235839844
2007-10-18,21.821041107177734
2007-10-19,20.78725814819336
2007-10-22,20.549779891967773
2007-10-23,20.8431453704834
2007-10-24,20.980052947998047
2007-10-25,21.17842674255371
2007-10-26,21.499738693237305
2007-10-29,21.60311508178711
2007-10-30,20.86829948425293
2007-10-31,21.429880142211914
2007-11-01,20.80123519897461
2007-11-02,21.192398071289062
2007-11-05,21.02196502685547
2007-11-06,21.723257064819336
2007-11-07,20.829174041748047
2007-11-08,21.192398071289062
2007-11-09,20.80123519897461
2007-11-12,19.795408248901367
2007-11-13,20.493900299072266
2007-11-14,20.463167190551758
2007-11-15,19.781429290771484
2007-11-16,20.301116943359375
2007-11-19,19.963029861450195
2007-11-20,20.605653762817383
2007-11-21,20.15862464904785
2007-11-23,20.68947982788086
2007-11-26,19.974212646484375
2007-11-27,19.753494262695312
2007-11-28,20.242433547973633
2007-11-29,20.46595573425293
2007-11-30,20.527433395385742
2007-12-03,20.605653762817383
2007-12-04,20.396114349365234
2007-12-05,20.845945358276367
2007-12-06,21.41592025756836
2007-12-07,21.28460121154785
2007-12-10,21.499738693237305
2007-12-11,20.9688777923584
2007-12-12,21.653404235839844
2007-12-13,21.706493377685547
2007-12-14,21.36003875732422
2007-12-17,20.97725486755371
2007-12-18,21.17842674255371
2007-12-19,21.38238525390625
2007-12-20,21.653404235839844
2007-12-21,22.21336555480957
2007-12-24,22.314197540283203
2007-12-26,22.563507080078125
2007-12-27,22.325403213500977
2007-12-28,22.51308250427246
2007-12-31,22.227359771728516
2008-01-02,22.269384384155273
2008-01-03,22.53270149230957
2008-01-04,21.70914649963379
2008-01-07,21.625110626220703
2008-01-08,21.2469539642334
2008-01-09,21.527070999145508
2008-01-10,21.437437057495117
2008-01-11,21.176923751831055
2008-01-14,21.597108840942383
2008-01-15,20.70353126525879
2008-01-16,20.01442527770996
2008-01-17,19.25811195373535
2008-01-18,19.300132751464844
2008-01-22,18.753902435302734
2008-01-23,18.927579879760742
2008-01-24,19.59425926208496
2008-01-25,19.244110107421875
2008-01-28,19.681100845336914
2008-01-29,19.902395248413086
2008-01-30,19.65308380126953
2008-01-31,19.496217727661133
2008-02-01,19.986421585083008
2008-02-04,20.00042152404785
2008-02-05,19.174072265625
2008-02-06,18.910768508911133
2008-02-07,19.2833309173584
2008-02-08,19.566246032714844
2008-02-11,20.07046127319336
2008-02-12,20.05925750732422
2008-02-13,20.54665756225586
2008-02-14,20.370180130004883
2008-02-15,20.406606674194336
2008-02-19,21.078886032104492
2008-02-20,21.330995559692383
2008-02-21,20.745542526245117
2008-02-22,20.98084259033203
2008-02-25,21.58030128479004
2008-02-26,21.94724464416504
2008-02-27,21.661531448364258
2008-02-28,22.034088134765625
2008-02-29,21.3029727935791
2008-03-03,21.569093704223633
2008-03-04,21.148916244506836
2008-03-05,21.68113136291504
2008-03-06,21.2469539642334
2008-03-07,20.66150665283203
2008-03-10,20.406606674194336
2008-03-11,21.45704460144043
2008-03-12,20.98084259033203
2008-03-13,21.330995559692383
2008-03-14,20.941627502441406
2008-03-17,20.21051788330078
2008-03-18,21.0928897857666
2008-03-19,19.80434799194336
2008-03-20,19.89227294921875
2008-03-24,20.240623474121094
2008-03-25,20.442893981933594
2008-03-26,20.886747360229492
2008-03-27,20.676054000854492
2008-03-28,20.619876861572266
2008-03-31,20.805273056030273
2008-04-01,21.195768356323242
2008-04-02,21.49073600769043
2008-04-03,21.54130744934082
2008-04-04,21.718286514282227
2008-04-07,21.833463668823242
2008-04-08,22.0806827545166
2008-04-09,22.122817993164062
2008-04-10,22.0806827545166
2008-04-11,21.77166175842285
2008-04-14,22.271699905395508
2008-04-15,22.389698028564453
2008-04-16,23.148195266723633
2008-04-17,23.1285343170166
2008-04-18,23.482486724853516
2008-04-21,23.74936866760254
2008-04-22,23.760604858398438
2008-04-23,23.5752010345459
2008-04-24,22.957162857055664
2008-04-25,23.28303337097168
2008-04-28,23.32236671447754
2008-04-29,22.797027587890625
2008-04-30,22.965593338012695
2008-05-01,22.462736129760742
2008-05-02,22.886926651000977
2008-05-05,23.218421936035156
2008-05-06,23.833648681640625
2008-05-07,23.389785766601562
2008-05-08,23.858938217163086
2008-05-09,23.813976287841797
2008-05-12,23.68195343017578
2008-05-13,24.069618225097656
2008-05-14,23.794309616088867
2008-05-15,24.10895538330078
2008-05-16,24.98824691772461
2008-05-19,25.142763137817383
2008-05-20,25.392776489257812
2008-05-21,25.016334533691406
2008-05-22,24.651140213012695
2008-05-23,24.232563018798828
2008-05-27,24.07524871826172
2008-05-28,24.583707809448242
2008-05-29,23.91231346130371
2008-05-30,24.159515380859375
2008-06-02,24.302797317504883
2008-06-03,23.780290603637695
2008-06-04,23.426300048828125
2008-06-05,24.648334503173828
2008-06-06,24.165128707885742
2008-06-09,24.875885009765625
2008-06-10,24.26346206665039
2008-06-11,24.41236114501953
2008-06-12,24.041536331176758
2008-06-13,24.328083038330078
2008-06-16,24.415163040161133
2008-06-17,24.819692611694336
2008-06-18,24.915203094482422
2008-06-19,24.31685447692871
2008-06-20,24.152910232543945
2008-06-23,25.107751846313477
2008-06-24,24.631736755371094
2008-06-25,24.538789749145508
2008-06-26,24.361345291137695
2008-06-27,24.575410842895508
2008-06-30,24.921865463256836
2008-07-01,25.026077270507812
2008-07-02,24.27121353149414
2008-07-03,23.913497924804688
2008-07-07,23.313535690307617
2008-07-08,22.927656173706055
2008-07-09,22.491079330444336
2008-07-10,23.1811580657959
2008-07-11,23.040328979492188
2008-07-14,23.19242286682129
2008-07-15,22.215044021606445
2008-07-16,21.643259048461914
2008-07-17,21.288358688354492
2008-07-18,21.660167694091797
2008-07-21,22.307987213134766
2008-07-22,21.567218780517578
2008-07-23,20.784170150756836
2008-07-24,20.73348045349121
2008-07-25,20.789812088012695
2008-07-28,20.871496200561523
2008-07-29,20.62363052368164
2008-07-30,21.851688385009766
2008-07-31,20.95598602294922
2008-08-01,20.95318031311035
2008-08-04,19.967344284057617
2008-08-05,20.11662483215332
2008-08-06,20.57574462890625
2008-08-07,20.33632469177246
2008-08-08,19.992694854736328
2008-08-11,19.98424530029297
2008-08-12,19.99550437927246
2008-08-13,20.702489852905273
2008-08-14,20.32223892211914
2008-08-15,19.941991806030273
2008-08-18,19.688491821289062
2008-08-19,20.395475387573242
2008-08-20,20.98415756225586
2008-08-21,21.510873794555664
2008-08-22,21.017955780029297
2008-08-25,20.744741439819336
2008-08-26,21.16724395751953
2008-08-27,21.502418518066406
2008-08-28,21.12498664855957
2008-08-29,21.026405334472656
2008-09-02,19.871578216552734
2008-09-03,19.7955265045166
2008-09-04,19.350494384765625
2008-09-05,19.27161979675293
2008-09-08,19.139245986938477
2008-09-09,17.815410614013672
2008-09-10,18.516756057739258
2008-09-11,18.78152847290039
2008-09-12,19.415281295776367
2008-09-15,17.928071975708008
2008-09-16,18.685754776000977
2008-09-17,18.294235229492188
2008-09-18,18.84067153930664
2008-09-19,20.133453369140625
2008-09-22,19.780237197875977
2008-09-23,19.12748908996582
2008-09-24,19.183998107910156
2008-09-25,19.653076171875
2008-09-26,19.13031768798828
2008-09-29,16.855594635009766
2008-09-30,17.886993408203125
2008-10-01,17.593103408813477
2008-10-02,16.589969635009766
2008-10-03,16.392162322998047
2008-10-06,15.510528564453125
2008-10-07,14.659984588623047
2008-10-08,14.936902046203613
2008-10-09,12.786514282226562
2008-10-10,12.263745307922363
2008-10-13,14.28415584564209
2008-10-14,14.301112174987793
2008-10-15,12.235485076904297
2008-10-16,12.701736450195312
2008-10-17,12.981489181518555
2008-10-20,14.49325942993164
2008-10-21,13.834861755371094
2008-10-22,12.489808082580566
2008-10-23,13.153861045837402
2008-10-24,12.334385871887207
2008-10-27,11.54601001739502
2008-10-28,13.306448936462402
2008-10-29,13.60032844543457
2008-10-30,14.227643013000488
2008-10-31,14.524341583251953
2008-11-03,14.075055122375488
2008-11-04,14.982122421264648
2008-11-05,14.312418937683105
2008-11-06,13.450562477111816
2008-11-07,14.086355209350586
2008-11-10,14.134392738342285
2008-11-11,13.727485656738281
2008-11-12,12.602835655212402
2008-11-13,14.083525657653809
2008-11-14,13.498600959777832
2008-11-17,13.218849182128906
2008-11-18,13.589021682739258
2008-11-19,12.885411262512207
2008-11-20,11.2916898727417
2008-11-21,12.551974296569824
2008-11-24,13.459038734436035
2008-11-25,13.67380142211914
2008-11-26,14.439570426940918
2008-11-28,14.207859992980957
2008-12-01,12.696086883544922
2008-12-02,13.125595092773438
2008-12-03,13.134077072143555
2008-12-04,12.224185943603516
2008-12-05,12.478504180908203
2008-12-08,13.032353401184082
2008-12-09,13.162330627441406
2008-12-10,13.843334197998047
2008-12-11,13.778347969055176
2008-12-12,13.642709732055664
2008-12-15,13.56358814239502
2008-12-16,13.984631538391113
2008-12-17,13.894206047058105
2008-12-18,13.086043357849121
2008-12-19,13.065868377685547
2008-12-22,12.676738739013672
2008-12-23,12.705145835876465
2008-12-24,12.65685749053955
2008-12-26,12.827280044555664
2008-12-29,13.108479499816895
2008-12-30,13.426604270935059
2008-12-31,13.568628311157227
2009-01-02,14.244643211364746
2009-01-05,14.579806327819824
2009-01-06,14.738875389099121
2009-01-07,14.113983154296875
2009-01-08,14.295770645141602
2009-01-09,13.815740585327148
2009-01-12,13.270383834838867
2009-01-13,13.602707862854004
2009-01-14,12.952254295349121
2009-01-15,13.114158630371094
2009-01-16,13.219257354736328
2009-01-20,12.514835357666016
2009-01-21,13.355597496032715
2009-01-22,12.989181518554688
2009-01-23,13.36695384979248
2009-01-26,13.614070892333984
2009-01-27,13.63679313659668
2009-01-28,14.008885383605957
2009-01-29,13.514656066894531
2009-01-30,13.327193260192871
2009-02-02,13.114158630371094
2009-02-03,13.341390609741211
2009-02-04,13.4663667678833
2009-02-05,13.795852661132812
2009-02-06,14.051491737365723
2009-02-09,14.10262393951416
2009-02-10,13.446489334106445
2009-02-11,13.293102264404297
2009-02-12,13.315834045410156
2009-02-13,13.347075462341309
2009-02-17,12.423938751220703
2009-02-18,12.352931022644043
2009-02-19,12.355772018432617
2009-02-20,12.037644386291504
2009-02-23,11.47524356842041
2009-02-24,12.014918327331543
2009-02-25,11.943913459777832
2009-02-26,11.97231674194336
2009-02-27,11.682594299316406
2009-03-02,10.827634811401367
2009-03-03,10.881595611572266
2009-03-04,11.401397705078125
2009-03-05,10.898639678955078
2009-03-06,11.017937660217285
2009-03-09,11.037820816040039
2009-03-10,11.597380638122559
2009-03-11,11.549097061157227
2009-03-12,11.895622253417969
2009-03-13,11.787687301635742
2009-03-16,11.938233375549316
2009-03-17,12.350091934204102
2009-03-18,12.475069046020508
2009-03-19,12.776150703430176
2009-03-20,12.276527404785156
2009-03-23,13.287199974060059
2009-03-24,13.035951614379883
2009-03-25,12.973146438598633
2009-03-26,13.084493637084961
2009-03-27,12.696209907531738
2009-03-30,12.22513484954834
2009-03-31,12.122350692749023
2009-04-01,12.379303932189941
2009-04-02,12.887492179870605
2009-04-03,13.138739585876465
2009-04-06,12.87321949005127
2009-04-07,12.487788200378418
2009-04-08,12.647674560546875
2009-04-09,13.01882266998291
2009-04-13,12.876073837280273
2009-04-14,12.841817855834961
2009-04-15,12.858946800231934
2009-04-16,12.918898582458496
2009-04-17,13.070219039916992
2009-04-20,12.43640422821045
2009-04-21,12.681937217712402
2009-04-22,12.547749519348145
2009-04-23,12.781858444213867
2009-04-24,13.153017044067383
2009-04-27,12.904626846313477
2009-04-28,12.933177947998047
2009-04-29,13.290055274963379
2009-04-30,13.070219039916992
2009-05-01,13.492755889892578
2009-05-04,14.03235149383545
2009-05-05,13.843923568725586
2009-05-06,14.380661964416504
2009-05-07,14.195085525512695
2009-05-08,14.800350189208984
2009-05-11,14.349261283874512
2009-05-12,14.440618515014648
2009-05-13,13.963835716247559
2009-05-14,14.003808975219727
2009-05-15,13.704026222229004
2009-05-18,14.177959442138672
2009-05-19,14.246479988098145
2009-05-20,14.295011520385742
2009-05-21,13.872469902038574
2009-05-22,13.878181457519531
2009-05-26,14.17225456237793
2009-05-27,14.01807975769043
2009-05-28,14.483441352844238
2009-05-29,14.754672050476074
2009-06-01,15.297121047973633
2009-06-02,15.257153511047363
2009-06-03,14.66901969909668
2009-06-04,15.000197410583496
2009-06-05,14.877435684204102
2009-06-08,14.84317684173584
2009-06-09,14.988788604736328
2009-06-10,15.122961044311523
2009-06-11,15.425600051879883
2009-06-12,15.277139663696289
2009-06-15,14.871722221374512
2009-06-16,14.554821968078613
2009-06-17,14.317852020263672
2009-06-18,14.2636079788208
2009-06-19,14.121274948120117
2009-06-22,13.41535472869873
2009-06-23,13.495709419250488
2009-06-24,13.550226211547852
2009-06-25,13.834319114685059
2009-06-26,13.7424898147583
2009-06-29,13.871621131896973
2009-06-30,13.788403511047363
2009-07-01,13.799880981445312
2009-07-02,13.246052742004395
2009-07-06,13.11117935180664
2009-07-07,12.775437355041504
2009-07-08,12.778307914733887
2009-07-09,12.910309791564941
2009-07-10,12.81847858428955
2009-07-13,13.013612747192383
2009-07-14,13.188663482666016
2009-07-15,13.656405448913574
2009-07-16,13.822836875915527
2009-07-17,13.903188705444336
2009-07-20,14.141359329223633
2009-07-21,14.264751434326172
2009-07-22,14.135626792907715
2009-07-23,14.537372589111328
2009-07-24,14.689456939697266
2009-07-27,14.738240242004395
2009-07-28,14.523019790649414
2009-07-29,14.187277793884277
2009-07-30,14.385281562805176
2009-07-31,14.525882720947266
2009-08-03,14.898931503295898
2009-08-04,14.873114585876465
2009-08-05,14.723894119262695
2009-08-06,14.603368759155273
2009-08-07,14.58615493774414
2009-08-10,14.649287223815918
2009-08-11,14.436934471130371
2009-08-12,14.591889381408691
2009-08-13,14.769806861877441
2009-08-14,14.551722526550293
2009-08-17,14.081099510192871
2009-08-18,14.221714973449707
2009-08-19,14.485713958740234
2009-08-20,14.609105110168457
2009-08-21,15.022326469421387
2009-08-24,15.214592933654785
2009-08-25,14.982156753540039
2009-08-26,15.051025390625
2009-08-27,15.005105018615723
2009-08-28,14.973546028137207
2009-08-31,14.68371868133545
2009-09-01,14.428321838378906
2009-09-02,14.3221435546875
2009-09-03,14.422586441040039
2009-09-04,14.623459815979004
2009-09-08,15.02519702911377
2009-09-09,15.059627532958984
2009-09-10,15.320773124694824
2009-09-11,15.381027221679688
2009-09-14,15.495816230773926
2009-09-15,15.65076732635498
2009-09-16,16.03816795349121
2009-09-17,15.960684776306152
2009-09-18,15.904770851135254
2009-09-21,15.769304275512695
2009-09-22,16.01717758178711
2009-09-23,15.68282699584961
2009-09-24,15.45801067352295
2009-09-25,15.437830924987793
2009-09-28,15.685712814331055
2009-09-29,15.642478942871094
2009-09-30,15.541593551635742
2009-10-01,15.057363510131836
2009-10-02,14.979534149169922
2009-10-05,15.311006546020508
2009-10-06,15.674179077148438
2009-10-07,15.795241355895996
2009-10-08,16.201648712158203
2009-10-09,16.18723487854004
2009-10-12,16.406293869018555
2009-10-13,16.432241439819336
2009-10-14,16.706069946289062
2009-10-15,17.054824829101562
2009-10-16,17.002941131591797
2009-10-19,17.224882125854492
2009-10-20,17.1153564453125
2009-10-21,17.069236755371094
2009-10-22,17.13553237915039
2009-10-23,16.804059982299805
2009-10-26,16.527355194091797
2009-10-27,16.674354553222656
2009-10-28,16.123830795288086
2009-10-29,16.553295135498047
2009-10-30,15.92495346069336
2009-11-02,16.025833129882812
2009-11-03,16.233354568481445
2009-11-04,16.218950271606445
2009-11-05,16.495647430419922
2009-11-06,16.45241355895996
2009-11-09,16.766590118408203
2009-11-10,16.778121948242188
2009-11-11,16.772350311279297
2009-11-12,16.403413772583008
2009-11-13,16.507179260253906
2009-11-16,16.939531326293945
2009-11-17,16.91069984436035
2009-11-18,16.844417572021484
2009-11-19,16.466827392578125
2009-11-20,16.314062118530273
2009-11-23,16.524478912353516
2009-11-24,16.61958885192871
2009-11-25,16.74929428100586
2009-11-27,16.435115814208984
2009-11-30,16.377473831176758
2009-12-01,16.593650817871094
2009-12-02,16.495647430419922
2009-12-03,16.230472564697266
2009-12-04,16.1122989654541
2009-12-07,16.074827194213867
2009-12-08,15.801011085510254
2009-12-09,15.801011085510254
2009-12-10,15.9970064163208
2009-12-11,16.005653381347656
2009-12-14,16.169944763183594
2009-12-15,16.22182846069336
2009-12-16,16.32559585571289
2009-12-17,16.18723487854004
2009-12-18,16.272445678710938
2009-12-21,16.46660614013672
2009-12-22,16.54485321044922
2009-12-23,16.675268173217773
2009-12-24,16.75351333618164
2009-12-28,16.78249740600586
2009-12-29,16.6723690032959
2009-12-30,16.654987335205078
2009-12-31,16.52166748046875
2010-01-04,17.043315887451172
2010-01-05,17.182418823242188
2010-01-06,17.388185501098633
2010-01-07,17.36210060119629
2010-01-08,17.475122451782227
2010-01-11,17.451932907104492
2010-01-12,17.199806213378906
2010-01-13,17.26356315612793
2010-01-14,17.312837600708008
2010-01-15,17.173730850219727
2010-01-19,17.33022117614746
2010-01-20,17.060705184936523
2010-01-21,16.712940216064453
2010-01-22,16.31591033935547
2010-01-25,16.42313575744629
2010-01-26,16.318809509277344
2010-01-27,16.25505828857422
2010-01-28,16.084074020385742
2010-01-29,15.794262886047363
2010-02-01,16.31591033935547
2010-02-02,16.530366897583008
2010-02-03,16.388362884521484
2010-02-04,15.716018676757812
2010-02-05,15.718910217285156
2010-02-08,15.574017524719238
2010-02-09,15.901498794555664
2010-02-10,15.8348388671875
2010-02-11,16.104352951049805
2010-02-12,16.110149383544922
2010-02-16,16.48979377746582
2010-02-17,16.46660614013672
2010-02-18,16.559341430664062
2010-02-19,16.62310218811035
2010-02-22,16.3941593170166
2010-02-23,16.12174415588379
2010-02-24,16.223176956176758
2010-02-25,16.231868743896484
2010-02-26,16.26954460144043
2010-03-01,16.420242309570312
2010-03-02,16.55644989013672
2010-03-03,16.6289005279541
2010-03-04,16.541959762573242
2010-03-05,16.85205078125
2010-03-08,16.825969696044922
2010-03-09,16.825969696044922
2010-03-10,16.973766326904297
2010-03-11,16.944786071777344
2010-03-12,16.95347785949707
2010-03-15,16.779598236083984
2010-03-16,16.930288314819336
2010-03-17,17.11577033996582
2010-03-18,16.860740661621094
2010-03-19,16.658042907714844
2010-03-22,16.61441993713379
2010-03-23,16.678401947021484
2010-03-24,16.58242416381836
2010-03-25,16.303247451782227
2010-03-26,16.309062957763672
2010-03-29,16.626054763793945
2010-03-30,16.652223587036133
2010-03-31,16.72783660888672
2010-04-01,17.024473190307617
2010-04-05,17.326923370361328
2010-04-06,17.326923370361328
2010-04-07,17.15534210205078
2010-04-08,17.21640968322754
2010-04-09,17.399627685546875
2010-04-12,17.440338134765625
2010-04-13,17.379274368286133
2010-04-14,17.545032501220703
2010-04-15,17.542131423950195
2010-04-16,17.245492935180664
2010-04-19,17.268760681152344
2010-04-20,17.606107711791992
2010-04-21,17.588661193847656
2010-04-22,17.632282257080078
2010-04-23,18.056875228881836
2010-04-26,17.995803833007812
2010-04-27,17.44325065612793
2010-04-28,17.62064552307129
2010-04-29,17.64100456237793
2010-04-30,17.422893524169922
2010-05-03,17.62064552307129
2010-05-04,17.14952278137207
2010-05-05,16.879066467285156
2010-05-06,16.303247451782227
2010-05-07,15.992070198059082
2010-05-10,16.675487518310547
2010-05-11,16.564979553222656
2010-05-12,16.79473304748535
2010-05-13,16.687124252319336
2010-05-14,16.3555908203125
2010-05-17,16.186920166015625
2010-05-18,16.061870574951172
2010-05-19,15.87864875793457
2010-05-20,15.16905689239502
2010-05-21,15.433703422546387
2010-05-24,15.081809997558594
2010-05-25,15.116703987121582
2010-05-26,15.084718704223633
2010-05-27,15.724516868591309
2010-05-28,15.427879333496094
2010-06-01,14.695018768310547
2010-06-02,15.331913948059082
2010-06-03,15.538399696350098
2010-06-04,14.991656303405762
2010-06-07,14.860790252685547
2010-06-08,15.107977867126465
2010-06-09,14.950942039489746
2010-06-10,15.701253890991211
2010-06-11,15.797221183776855
2010-06-14,15.715789794921875
2010-06-15,16.175283432006836
2010-06-16,16.163654327392578
2010-06-17,16.146198272705078
2010-06-18,16.246112823486328
2010-06-21,16.211057662963867
2010-06-22,15.737783432006836
2010-06-23,15.618006706237793
2010-06-24,15.290807723999023
2010-06-25,15.334625244140625
2010-06-28,15.127203941345215
2010-06-29,14.627639770507812
2010-06-30,14.51370620727539
2010-07-01,14.4611177444458
2010-07-02,14.426063537597656
2010-07-06,14.566291809082031
2010-07-07,15.08045768737793
2010-07-08,15.293723106384277
2010-07-09,15.372607231140137
2010-07-12,15.331704139709473
2010-07-13,15.515754699707031
2010-07-14,15.498230934143066
2010-07-15,15.48069953918457
2010-07-16,15.112600326538086
2010-07-19,15.209005355834961
2010-07-20,15.55665397644043
2010-07-21,15.302492141723633
2010-07-22,15.641378402709961
2010-07-23,15.711499214172363
2010-07-26,15.848801612854004
2010-07-27,15.772845268249512
2010-07-28,15.737783432006836
2010-07-29,15.761157989501953
2010-07-30,15.729022979736328
2010-08-02,16.278255462646484
2010-08-03,16.272409439086914
2010-08-04,16.398021697998047
2010-08-05,16.45061492919922
2010-08-06,16.254886627197266
2010-08-09,16.32207489013672
2010-08-10,16.187686920166016
2010-08-11,15.705648422241211
2010-08-12,15.612168312072754
2010-08-13,15.5858736038208
2010-08-16,15.582955360412598
2010-08-17,15.842963218688965
2010-08-18,15.691047668457031
2010-08-19,15.436873435974121
2010-08-20,15.246978759765625
2010-08-23,15.252828598022461
2010-08-24,15.016185760498047
2010-08-25,14.969446182250977
2010-08-26,14.835058212280273
2010-08-27,15.22068977355957
2010-08-30,14.998661994934082
2010-08-31,14.957762718200684
2010-09-01,15.515754699707031
2010-09-02,15.644299507141113
2010-09-03,15.834193229675293
2010-09-07,15.597555160522461
2010-09-08,15.731943130493164
2010-09-09,15.764076232910156
2010-09-10,15.927677154541016
2010-09-13,16.05622100830078
2010-09-14,16.00071907043457
2010-09-15,15.968578338623047
2010-09-16,15.895536422729492
2010-09-17,15.816004753112793
2010-09-20,16.083084106445312
2010-09-21,16.09482192993164
2010-09-22,15.977428436279297
2010-09-23,15.877635955810547
2010-09-24,16.221019744873047
2010-09-27,16.159395217895508
2010-09-28,16.27384376525879
2010-09-29,16.447011947631836
2010-09-30,16.45287322998047
2010-10-01,16.672990798950195
2010-10-04,16.46461296081543
2010-10-05,16.852012634277344
2010-10-06,17.00169563293457
2010-10-07,16.91658592224121
2010-10-08,17.127887725830078
2010-10-11,17.174850463867188
2010-10-12,17.1484432220459
2010-10-13,17.35681915283203
2010-10-14,17.330402374267578
2010-10-15,17.377357482910156
2010-10-18,17.424320220947266
2010-10-19,17.0780029296875
2010-10-20,17.298114776611328
2010-10-21,17.2893123626709
2010-10-22,17.403770446777344
2010-10-25,17.450735092163086
2010-10-26,17.48595428466797
2010-10-27,17.412572860717773
2010-10-28,17.374422073364258
2010-10-29,17.38616180419922
2010-11-01,17.406707763671875
2010-11-02,17.59747314453125
2010-11-03,17.635629653930664
2010-11-04,18.196186065673828
2010-11-05,18.287174224853516
2010-11-08,18.342927932739258
2010-11-09,18.307708740234375
2010-11-10,18.542503356933594
2010-11-11,18.747940063476562
2010-11-12,18.472064971923828
2010-11-15,18.378154754638672
2010-11-16,18.03476905822754
2010-11-17,18.108142852783203
2010-11-18,18.507280349731445
2010-11-19,18.66283416748047
2010-11-22,18.6041316986084
2010-11-23,18.240211486816406
2010-11-24,18.56891441345215
2010-11-26,18.345870971679688
2010-11-29,18.469131469726562
2010-11-30,18.40456771850586
2010-12-01,18.9504451751709
2010-12-02,19.232192993164062
2010-12-03,19.317306518554688
2010-12-06,19.38187599182129
2010-12-07,19.308504104614258
2010-12-08,19.217525482177734
2010-12-09,19.26154899597168
2010-12-10,19.340782165527344
2010-12-13,19.505138397216797
2010-12-14,19.414155960083008
2010-12-15,19.308504104614258
2010-12-16,19.41709327697754
2010-12-17,19.423871994018555
2010-12-20,19.550634384155273
2010-12-21,19.748149871826172
2010-12-22,19.815940856933594
2010-12-23,19.871959686279297
2010-12-27,19.801212310791016
2010-12-28,19.874906539916992
2010-12-29,20.072416305541992
2010-12-30,20.090099334716797
2010-12-31,20.119585037231445
2011-01-03,20.269929885864258
2011-01-04,20.095998764038086
2011-01-05,20.175594329833984
2011-01-06,19.983980178833008
2011-01-07,20.128433227539062
2011-01-10,20.0488338470459
2011-01-11,20.381942749023438
2011-01-12,20.662004470825195
2011-01-13,20.603042602539062
2011-01-14,20.827089309692383
2011-01-18,20.956798553466797
2011-01-19,20.703277587890625
2011-01-20,20.55586814880371
2011-01-21,20.66495132446289
2011-01-24,20.741596221923828
2011-01-25,20.682636260986328
2011-01-26,21.177894592285156
2011-01-27,21.054079055786133
2011-01-28,20.962696075439453
2011-01-31,21.564069747924805
2011-02-01,21.914873123168945
2011-02-02,21.89718246459961
2011-02-03,21.908977508544922
2011-02-04,21.85296058654785
2011-02-07,21.97972869873047
2011-02-08,21.906023025512695
2011-02-09,21.628917694091797
2011-02-10,21.850021362304688
2011-02-11,21.847064971923828
2011-02-14,22.327579498291016
2011-02-15,22.094694137573242
2011-02-16,22.389490127563477
2011-02-17,22.610570907592773
2011-02-18,22.704912185668945
2011-02-22,22.483814239501953
2011-02-23,22.94074821472168
2011-02-24,22.616477966308594
2011-02-25,22.976125717163086
2011-02-28,23.15299415588379
2011-03-01,22.719655990600586
2011-03-02,22.849361419677734
2011-03-03,23.241439819335938
2011-03-04,23.094039916992188
2011-03-07,22.93190574645996
2011-03-08,22.74323844909668
2011-03-09,22.58699607849121
2011-03-10,21.764522552490234
2011-03-11,22.14185905456543
2011-03-14,22.262720108032227
2011-03-15,22.094694137573242
2011-03-16,21.74094009399414
2011-03-17,22.40423011779785
2011-03-18,22.29922103881836
2011-03-21,22.976566314697266
2011-03-22,22.92629051208496
2011-03-23,22.98545265197754
2011-03-24,23.068256378173828
2011-03-25,23.275312423706055
2011-03-28,23.219118118286133
2011-03-29,23.503074645996094
2011-03-30,23.66574478149414
2011-03-31,23.58884620666504
2011-04-01,23.659835815429688
2011-04-04,23.674625396728516
2011-04-05,23.7456111907959
2011-04-06,23.49715232849121
2011-04-07,23.49715232849121
2011-04-08,23.579975128173828
2011-04-11,23.1155948638916
2011-04-12,22.399784088134766
2011-04-13,22.491477966308594
2011-04-14,22.645278930664062
2011-04-15,22.83163833618164
2011-04-18,22.491477966308594
2011-04-19,22.7192325592041
2011-04-20,23.25461196899414
2011-04-21,23.361093521118164
2011-04-25,23.23982810974121
2011-04-26,23.470531463623047
2011-04-27,23.45870018005371
2011-04-28,23.455738067626953
2011-04-29,23.804771423339844
2011-05-02,23.488279342651367
2011-05-03,22.899660110473633
2011-05-04,22.49444007873535
2011-05-05,22.0271053314209
2011-05-06,22.124711990356445
2011-05-09,22.51218605041504
2011-05-10,22.618663787841797
2011-05-11,21.964990615844727
2011-05-12,21.93244743347168
2011-05-13,21.825960159301758
2011-05-16,21.660322189331055
2011-05-17,21.660322189331055
2011-05-18,22.09808921813965
2011-05-19,22.10104751586914
2011-05-20,22.074424743652344
2011-05-23,21.731325149536133
2011-05-24,22.038921356201172
2011-05-25,22.411609649658203
2011-05-26,22.524030685424805
2011-05-27,22.5802059173584
2011-05-31,22.80797576904297
2011-06-01,22.263731002807617
2011-06-02,22.254854202270508
2011-06-03,22.260770797729492
2011-06-06,21.757930755615234
2011-06-07,21.757930755615234
2011-06-08,21.823007583618164
2011-06-09,22.11878776550293
2011-06-10,21.68990135192871
2011-06-13,21.34679412841797
2011-06-14,21.80230140686035
2011-06-15,21.302427291870117
2011-06-16,21.3349609375
2011-06-17,21.280038833618164
2011-06-20,21.33940887451172
2011-06-21,21.76395034790039
2011-06-22,21.701601028442383
2011-06-23,21.464101791381836
2011-06-24,21.05738639831543
2011-06-27,21.170188903808594
2011-06-28,21.787696838378906
2011-06-29,22.04300880432129
2011-06-30,22.369585037231445
2011-07-01,22.580354690551758
2011-07-05,22.719886779785156
2011-07-06,22.678319931030273
2011-07-07,23.019737243652344
2011-07-08,22.826765060424805
2011-07-11,22.286441802978516
2011-07-12,22.20332145690918
2011-07-13,22.369585037231445
2011-07-14,22.221134185791016
2011-07-15,22.81785011291504
2011-07-18,22.74066734313965
2011-07-19,23.156299591064453
2011-07-20,23.096921920776367
2011-07-21,23.5511474609375
2011-07-22,23.669893264770508
2011-07-25,23.57488441467285
2011-07-26,23.462081909179688
2011-07-27,23.019737243652344
2011-07-28,22.92473793029785
2011-07-29,22.69614028930664
2011-08-01,22.66347885131836
2011-08-02,22.0311336517334
2011-08-03,21.906442642211914
2011-08-04,20.40425682067871
2011-08-05,20.20831871032715
2011-08-08,18.489404678344727
2011-08-09,19.430498123168945
2011-08-10,18.759567260742188
2011-08-11,19.733320236206055
2011-08-12,19.878786087036133
2011-08-15,20.549724578857422
2011-08-16,20.20831871032715
2011-08-17,20.288475036621094
2011-08-18,19.11284637451172
2011-08-19,18.774415969848633
2011-08-22,18.623003005981445
2011-08-23,19.46316146850586
2011-08-24,19.578943252563477
2011-08-25,19.166290283203125
2011-08-26,19.537372589111328
2011-08-29,20.107383728027344
2011-08-30,20.22612953186035
2011-08-31,20.377538681030273
2011-09-01,20.223155975341797
2011-09-02,19.659109115600586
2011-09-06,19.445348739624023
2011-09-07,20.157855987548828
2011-09-08,19.92332649230957
2011-09-09,19.264259338378906
2011-09-12,19.356287002563477
2011-09-13,19.40972137451172
2011-09-14,19.65019989013672
2011-09-15,20.039100646972656
2011-09-16,19.99558448791504
2011-09-19,19.67966651916504
2011-09-20,19.557462692260742
2011-09-21,18.743810653686523
2011-09-22,17.685766220092773
2011-09-23,17.495019912719727
2011-09-26,18.132827758789062
2011-09-27,18.398090362548828
2011-09-28,17.79604721069336
2011-09-29,17.965923309326172
2011-09-30,17.43839454650879
2011-10-03,16.84528923034668
2011-10-04,17.396671295166016
2011-10-05,18.037460327148438
2011-10-06,18.377225875854492
2011-10-07,18.15070915222168
2011-10-10,18.97330665588379
2011-10-11,19.012054443359375
2011-10-12,19.113388061523438
2011-10-13,19.086557388305664
2011-10-14,19.849544525146484
2011-10-17,19.488916397094727
2011-10-18,20.114803314208984
2011-10-19,19.906179428100586
2011-10-20,20.061155319213867
2011-10-21,20.430728912353516
2011-10-24,20.698963165283203
2011-10-25,20.266803741455078
2011-10-26,20.704931259155273
2011-10-27,21.622888565063477
2011-10-28,21.768936157226562
2011-10-31,20.77644920349121
2011-11-01,20.105863571166992
2011-11-02,20.71088409423828
2011-11-03,21.25630760192871
2011-11-04,21.238420486450195
2011-11-07,21.354658126831055
2011-11-08,21.703369140625
2011-11-09,20.743663787841797
2011-11-10,21.104297637939453
2011-11-11,21.536462783813477
2011-11-14,21.253314971923828
2011-11-15,21.22947883605957
2011-11-16,20.910572052001953
2011-11-17,20.4337100982666
2011-11-18,20.311508178710938
2011-11-21,19.94790267944336
2011-11-22,19.760141372680664
2011-11-23,19.161073684692383
2011-11-25,19.02397346496582
2011-11-28,19.736299514770508
2011-11-29,20.019432067871094
2011-11-30,21.122188568115234
2011-12-01,21.005952835083008
2011-12-02,20.98807144165039
2011-12-05,21.247358322143555
2011-12-06,21.2443790435791
2011-12-07,21.041709899902344
2011-12-08,20.454574584960938
2011-12-09,20.919523239135742
2011-12-12,20.430728912353516
2011-12-13,20.239988327026367
2011-12-14,19.67072296142578
2011-12-15,19.58726692199707
2011-12-16,19.795886993408203
2011-12-19,19.44869041442871
2011-12-20,20.24782943725586
2011-12-21,20.472307205200195
2011-12-22,20.711750030517578
2011-12-23,20.831464767456055
2011-12-27,20.885345458984375
2011-12-28,20.487274169921875
2011-12-29,20.699779510498047
2011-12-30,20.690793991088867
2012-01-03,21.26546287536621
2012-01-04,21.31035614013672
2012-01-05,21.208593368530273
2012-01-06,21.082889556884766
2012-01-09,21.18463897705078
2012-01-10,21.373214721679688
2012-01-11,21.085874557495117
2012-01-12,20.88833999633789
2012-01-13,20.783584594726562
2012-01-17,20.930238723754883
2012-01-18,21.27444076538086
2012-01-19,21.361238479614258
2012-01-20,21.364233016967773
2012-01-23,21.534835815429688
2012-01-24,21.471981048583984
2012-01-25,21.735368728637695
2012-01-26,21.43905258178711
2012-01-27,21.394153594970703
2012-01-30,21.29239845275879
2012-01-31,21.157711029052734
2012-02-01,21.24151039123535
2012-02-02,21.40314292907715
2012-02-03,21.780256271362305
2012-02-06,22.0406551361084
2012-02-07,22.154390335083008
2012-02-08,22.079565048217773
2012-02-09,22.082561492919922
2012-02-10,21.861066818237305
2012-02-13,22.034671783447266
2012-02-14,22.073579788208008
2012-02-15,22.037654876708984
2012-02-16,22.32498550415039
2012-02-17,22.408798217773438
2012-02-21,22.561452865600586
2012-02-22,22.612323760986328
2012-02-23,22.726055145263672
2012-02-24,22.81584930419922
2012-02-27,22.74401092529297
2012-02-28,22.669193267822266
2012-02-29,22.41179847717285
2012-03-01,22.627286911010742
2012-03-02,22.36988639831543
2012-03-05,22.226224899291992
2012-03-06,21.86407470703125
2012-03-07,22.046640396118164
2012-03-08,22.226224899291992
2012-03-09,22.20527458190918
2012-03-12,22.082561492919922
2012-03-13,22.34894561767578
2012-03-14,22.13343620300293
2012-03-15,22.169349670410156
2012-03-16,22.474323272705078
2012-03-19,22.576478958129883
2012-03-20,22.236961364746094
2012-03-21,21.97255516052246
2012-03-22,21.47679328918457
2012-03-23,21.711153030395508
2012-03-26,21.87339973449707
2012-03-27,21.6540584564209
2012-03-28,21.383657455444336
2012-03-29,21.383657455444336
2012-03-30,21.557920455932617
2012-04-02,21.76824188232422
2012-04-03,21.578956604003906
2012-04-04,21.302532196044922
2012-04-05,21.182344436645508
2012-04-09,20.914941787719727
2012-04-10,20.503307342529297
2012-04-11,20.50932502746582
2012-04-12,20.95699691772461
2012-04-13,20.641521453857422
2012-04-16,20.503307342529297
2012-04-17,20.83681869506836
2012-04-18,20.794757843017578
2012-04-19,20.767724990844727
2012-04-20,20.71964454650879
2012-04-23,20.698612213134766
2012-04-24,20.85184669494629
2012-04-25,21.059154510498047
2012-04-26,21.281494140625
2012-04-27,21.272480010986328
2012-04-30,21.404687881469727
2012-05-01,21.711153030395508
2012-05-02,21.356609344482422
2012-05-03,21.002063751220703
2012-05-04,20.521337509155273
2012-05-07,20.461246490478516
2012-05-08,20.395153045654297
2012-05-09,20.29599380493164
2012-05-10,20.383121490478516
2012-05-11,20.232887268066406
2012-05-14,19.89638328552246
2012-05-15,19.565879821777344
2012-05-16,19.4547119140625
2012-05-17,19.331520080566406
2012-05-18,19.21133804321289
2012-05-21,19.653013229370117
2012-05-22,19.60493278503418
2012-05-23,19.677045822143555
2012-05-24,19.662029266357422
2012-05-25,19.568885803222656
2012-05-29,19.89638328552246
2012-05-30,19.286453247070312
2012-05-31,19.11819076538086
2012-06-01,18.640460968017578
2012-06-04,18.625442504882812
2012-06-05,18.784683227539062
2012-06-06,19.364572525024414
2012-06-07,19.3765811920166
2012-06-08,19.379596710205078
2012-06-11,19.115192413330078
2012-06-12,19.38559913635254
2012-06-13,19.13922882080078
2012-06-14,19.439687728881836
2012-06-15,19.811342239379883
2012-06-18,19.633209228515625
2012-06-19,19.917001724243164
2012-06-20,19.8385066986084
2012-06-21,19.02637481689453
2012-06-22,19.15317726135254
2012-06-25,18.724462509155273
2012-06-26,18.926738739013672
2012-06-27,19.319225311279297
2012-06-28,19.45206642150879
2012-06-29,20.03777313232422
2012-07-02,20.046825408935547
2012-07-03,20.526866912841797
2012-07-05,20.258159637451172
2012-07-06,20.013622283935547
2012-07-09,19.923046112060547
2012-07-10,19.612079620361328
2012-07-11,19.87775421142578
2012-07-12,19.811342239379883
2012-07-13,20.158533096313477
2012-07-16,20.224950790405273
2012-07-17,20.478565216064453
2012-07-18,20.656692504882812
2012-07-19,20.7200870513916
2012-07-20,20.768386840820312
2012-07-23,20.56913185119629
2012-07-24,20.24004554748535
2012-07-25,20.255146026611328
2012-07-26,20.8317928314209
2012-07-27,21.200132369995117
2012-07-30,21.2605037689209
2012-07-31,21.028039932250977
2012-08-01,21.13068389892578
2012-08-02,20.777450561523438
2012-08-03,21.26654624938965
2012-08-06,21.32390594482422
2012-08-07,21.643930435180664
2012-08-08,21.662050247192383
2012-08-09,21.809986114501953
2012-08-10,21.849233627319336
2012-08-13,21.767719268798828
2012-08-14,21.728471755981445
2012-08-15,21.725448608398438
2012-08-16,21.91867446899414
2012-08-17,21.90961456298828
2012-08-20,21.83412742614746
2012-08-21,21.764699935913086
2012-08-22,21.846210479736328
2012-08-23,21.60468101501465
2012-08-24,21.73148536682129
2012-08-27,21.740537643432617
2012-08-28,21.755638122558594
2012-08-29,21.610721588134766
2012-08-30,21.381263732910156
2012-08-31,21.595623016357422
2012-09-04,21.429582595825195
2012-09-05,21.348058700561523
2012-09-06,21.79791259765625
2012-09-07,22.175296783447266
2012-09-10,22.078685760498047
2012-09-11,22.314184188842773
2012-09-12,22.450031280517578
2012-09-13,22.815343856811523
2012-09-14,23.11725616455078
2012-09-17,22.942148208618164
2012-09-18,22.77911376953125
2012-09-19,22.558717727661133
2012-09-20,22.62212371826172
2012-09-21,22.647592544555664
2012-09-24,22.5323543548584
2012-09-25,22.286712646484375
2012-09-26,22.074430465698242
2012-09-27,22.374662399291992
2012-09-28,22.268516540527344
2012-10-01,22.380733489990234
2012-10-02,22.420141220092773
2012-10-03,22.144174575805664
2012-10-04,22.365570068359375
2012-10-05,22.314006805419922
2012-10-08,22.350404739379883
2012-10-09,22.380733489990234
2012-10-10,21.96222496032715
2012-10-11,22.125988006591797
2012-10-12,22.004676818847656
2012-10-15,22.116886138916016
2012-10-16,22.468669891357422
2012-10-17,22.750701904296875
2012-10-18,22.747669219970703
2012-10-19,22.389822006225586
2012-10-22,22.277616500854492
2012-10-23,21.759035110473633
2012-10-24,21.592243194580078
2012-10-25,21.795427322387695
2012-10-26,21.822723388671875
2012-10-31,21.81665802001953
2012-11-01,21.910669326782227
2012-11-02,21.549781799316406
2012-11-05,21.713542938232422
2012-11-06,22.06230354309082
2012-11-07,21.48610496520996
2012-11-08,21.09792709350586
2012-11-09,21.091861724853516
2012-11-12,21.13432502746582
2012-11-13,21.04637336730957
2012-11-14,20.791637420654297
2012-11-15,20.818925857543945
2012-11-16,20.90081214904785
2012-11-19,21.382991790771484
2012-11-20,21.29808235168457
2012-11-21,21.41331672668457
2012-11-23,21.716585159301758
2012-11-26,21.50429916381836
2012-11-27,21.32537078857422
2012-11-28,21.519458770751953
2012-11-29,21.56798553466797
2012-11-30,21.549781799316406
2012-12-03,21.43151092529297
2012-12-04,21.352672576904297
2012-12-05,21.50126075744629
2012-12-06,21.571016311645508
2012-12-07,21.701414108276367
2012-12-10,21.677154541015625
2012-12-11,21.804527282714844
2012-12-12,21.883373260498047
2012-12-13,21.680192947387695
2012-12-14,21.59830093383789
2012-12-17,21.795427322387695
2012-12-18,22.195730209350586
2012-12-19,22.044103622436523
2012-12-20,22.192703247070312
2012-12-21,21.96744728088379
2012-12-24,21.799800872802734
2012-12-26,21.70226287841797
2012-12-27,21.662635803222656
2012-12-28,21.284677505493164
2012-12-31,21.76932716369629
2013-01-02,22.25092315673828
2013-01-03,22.244827270507812
2013-01-04,22.491716384887695
2013-01-07,22.31797218322754
2013-01-08,22.244827270507812
2013-01-09,22.2082462310791
2013-01-10,22.4094181060791
2013-01-11,22.436847686767578
2013-01-14,22.439905166625977
2013-01-15,22.540477752685547
2013-01-16,22.641071319580078
2013-01-17,22.784332275390625
2013-01-18,23.009883880615234
2013-01-22,23.22934341430664
2013-01-23,23.150096893310547
2013-01-24,23.21715545654297
2013-01-25,23.43661880493164
2013-01-28,23.396989822387695
2013-01-29,23.77495765686035
2013-01-30,23.656082153320312
2013-01-31,23.576826095581055
2013-02-01,23.796287536621094
2013-02-04,23.57073211669922
2013-02-05,23.77495765686035
2013-02-06,23.79020118713379
2013-02-07,23.729236602783203
2013-02-08,23.951740264892578
2013-02-11,23.832868576049805
2013-02-12,23.89687728881836
2013-02-13,23.98222541809082
2013-02-14,24.189495086669922
2013-02-15,23.912118911743164
2013-02-19,24.189495086669922
2013-02-20,23.68350601196289
2013-02-21,23.518922805786133
2013-02-22,23.765811920166016
2013-02-25,23.14400863647461
2013-02-26,23.37260627746582
2013-02-27,23.729236602783203
2013-02-28,23.680471420288086
2013-03-01,23.710947036743164
2013-03-04,23.659133911132812
2013-03-05,23.8115291595459
2013-03-06,23.838964462280273
2013-03-07,23.96088409423828
2013-03-08,24.076719284057617
2013-03-11,24.088899612426758
2013-03-12,24.116344451904297
2013-03-13,24.061473846435547
2013-03-14,24.39065933227539
2013-03-15,24.371376037597656
2013-03-18,24.175424575805664
2013-03-19,23.909061431884766
2013-03-20,24.043773651123047
2013-03-21,23.921300888061523
2013-03-22,24.111129760742188
2013-03-25,24.019275665283203
2013-03-26,24.27340316772461
2013-03-27,24.353012084960938
2013-03-28,24.2825870513916
2013-04-01,24.233604431152344
2013-04-02,24.0958251953125
2013-04-03,23.645753860473633
2013-04-04,23.61512565612793
2013-04-05,23.667179107666016
2013-04-08,23.82639503479004
2013-04-09,24.02846336364746
2013-04-10,24.157060623168945
2013-04-11,24.261146545410156
2013-04-12,23.881500244140625
2013-04-15,22.907875061035156
2013-04-16,23.189552307128906
2013-04-17,22.681306838989258
2013-04-18,22.87419319152832
2013-04-19,22.828264236450195
2013-04-22,23.073205947875977
2013-04-23,23.339576721191406
2013-04-24,23.65187644958496
2013-04-25,23.670244216918945
2013-04-26,23.63044548034668
2013-04-29,23.869251251220703
2013-04-30,23.96415901184082
2013-05-01,23.59062957763672
2013-05-02,23.899873733520508
2013-05-03,24.331573486328125
2013-05-06,24.496912002563477
2013-05-07,24.686738967895508
2013-05-08,24.726537704467773
2013-05-09,24.705102920532227
2013-05-10,24.576513290405273
2013-05-13,24.573455810546875
2013-05-14,24.9224910736084
2013-05-15,24.852067947387695
2013-05-16,24.72960090637207
2013-05-17,25.1429386138916
2013-05-20,25.498090744018555
2013-05-21,25.446043014526367
2013-05-22,25.15212059020996
2013-05-23,25.164363861083984
2013-05-24,25.01738929748535
2013-05-28,25.28072166442871
2013-05-29,25.22559928894043
2013-05-30,25.167428970336914
2013-05-31,24.646934509277344
2013-06-03,24.885753631591797
2013-06-04,24.689790725708008
2013-06-05,24.401996612548828
2013-06-06,24.585693359375
2013-06-07,24.894935607910156
2013-06-10,24.824520111083984
2013-06-11,24.447917938232422
2013-06-12,24.297897338867188
2013-06-13,24.705102920532227
2013-06-14,24.466285705566406
2013-06-17,24.818391799926758
2013-06-18,24.95923614501953
2013-06-19,24.72960090637207
2013-06-20,24.007034301757812
2013-06-21,24.048255920410156
2013-06-24,23.691390991210938
2013-06-25,23.99595832824707
2013-06-26,24.14362335205078
2013-06-27,24.189767837524414
2013-06-28,24.088245391845703
2013-07-01,24.260530471801758
2013-07-02,24.312822341918945
2013-07-03,24.297447204589844
2013-07-05,24.59893226623535
2013-07-08,24.75890350341797
2013-07-09,25.01116943359375
2013-07-10,24.85734748840332
2013-07-11,25.057323455810547
2013-07-12,25.198827743530273
2013-07-15,25.17730712890625
2013-07-16,25.023475646972656
2013-07-17,25.134231567382812
2013-07-18,25.401880264282227
2013-07-19,25.75566864013672
2013-07-22,25.672588348388672
2013-07-23,25.71566390991211
2013-07-24,25.429567337036133
2013-07-25,25.5987606048584
2013-07-26,25.53415870666504
2013-07-29,25.321884155273438
2013-07-30,25.27266502380371
2013-07-31,25.355731964111328
2013-08-01,25.767974853515625
2013-08-02,25.654144287109375
2013-08-05,25.592605590820312
2013-08-06,25.435705184936523
2013-08-07,25.346494674682617
2013-08-08,25.484933853149414
2013-08-09,25.408029556274414
2013-08-12,25.300357818603516
2013-08-13,25.346494674682617
2013-08-14,25.22959327697754
2013-08-15,25.091163635253906
2013-08-16,24.98963165283203
2013-08-19,24.5927791595459
2013-08-20,24.74351692199707
2013-08-21,24.608156204223633
2013-08-22,24.97425079345703
2013-08-23,25.152681350708008
2013-08-26,25.10961151123047
2013-08-27,24.952722549438477
2013-08-28,25.368030548095703
2013-08-29,25.103456497192383
2013-08-30,25.094234466552734
2013-09-03,25.278818130493164
2013-09-04,25.414175033569336
2013-09-05,25.50031852722168
2013-09-06,25.497243881225586
2013-09-09,25.783344268798828
2013-09-10,25.792577743530273
2013-09-11,25.989469528198242
2013-09-12,25.835649490356445
2013-09-13,25.826414108276367
2013-09-16,25.82025909423828
2013-09-17,25.937171936035156
2013-09-18,26.250965118408203
2013-09-19,26.18635368347168
2013-09-20,25.97402572631836
2013-09-23,25.847314834594727
2013-09-24,25.872037887573242
2013-09-25,25.8658504486084
2013-09-26,25.912212371826172
2013-09-27,25.82257843017578
2013-09-30,25.624788284301758
2013-10-01,25.788591384887695
2013-10-02,25.847314834594727
2013-10-03,25.621694564819336
2013-10-04,25.88129997253418
2013-10-07,25.668052673339844
2013-10-08,25.392976760864258
2013-10-09,25.303361892700195
2013-10-10,25.773136138916016
2013-10-11,26.051288604736328
2013-10-14,26.227449417114258
2013-10-15,26.131649017333984
2013-10-16,26.524169921875
2013-10-17,26.579805374145508
2013-10-18,26.87032127380371
2013-10-21,26.74979591369629
2013-10-22,26.89813232421875
2013-10-23,26.477807998657227
2013-10-24,26.604522705078125
2013-10-25,26.765241622924805
2013-10-28,26.7868709564209
2013-10-29,26.97540855407715
2013-10-30,26.793046951293945
2013-10-31,26.700340270996094
2013-11-01,26.604522705078125
2013-11-04,26.935230255126953
2013-11-05,26.69107437133789
2013-11-06,26.771425247192383
2013-11-07,26.357276916503906
2013-11-08,26.74979591369629
2013-11-11,26.799238204956055
2013-11-12,26.55198860168457
2013-11-13,26.78377914428711
2013-11-14,26.944507598876953
2013-11-15,27.092853546142578
2013-11-18,26.885772705078125
2013-11-19,26.932138442993164
2013-11-20,26.867225646972656
2013-11-21,27.12376594543457
2013-11-22,27.269033432006836
2013-11-25,27.021757125854492
2013-11-26,26.95376968383789
2013-11-27,26.771425247192383
2013-11-29,26.715787887573242
2013-12-02,26.734333038330078
2013-12-03,26.799238204956055
2013-12-04,26.712697982788086
2013-12-05,26.62307357788086
2013-12-06,26.706514358520508
2013-12-09,26.74359893798828
2013-12-10,26.66324806213379
2013-12-11,26.286182403564453
2013-12-12,26.397459030151367
2013-12-13,26.3109130859375
2013-12-16,26.539628982543945
2013-12-17,26.38817596435547
2013-12-18,26.7868709564209
2013-12-19,26.86414337158203
2013-12-20,26.91164779663086
2013-12-23,26.939599990844727
2013-12-24,27.088640213012695
2013-12-26,27.281156539916992
2013-12-27,27.4146728515625
2013-12-30,27.219057083129883
2013-12-31,27.482988357543945
2014-01-02,27.09174156188965
2014-01-03,26.992374420166016
2014-01-06,27.029644012451172
2014-01-07,27.23457908630371
2014-01-08,27.045164108276367
2014-01-09,26.96133041381836
2014-01-10,26.98306655883789
2014-01-13,26.445890426635742
2014-01-14,26.790557861328125
2014-01-15,26.712932586669922
2014-01-16,26.75018310546875
2014-01-17,26.706714630126953
2014-01-21,26.927173614501953
2014-01-22,27.05137062072754
2014-01-23,26.743974685668945
2014-01-24,26.185068130493164
2014-01-27,26.091909408569336
2014-01-28,26.290639877319336
2014-01-29,26.144697189331055
2014-01-30,26.228532791137695
2014-01-31,25.89007568359375
2014-02-03,25.427431106567383
2014-02-04,25.688257217407227
2014-02-05,25.436737060546875
2014-02-06,25.815555572509766
2014-02-07,26.095016479492188
2014-02-10,25.967714309692383
2014-02-11,26.306163787841797
2014-02-12,26.244056701660156
2014-02-13,26.368263244628906
2014-02-14,26.712932586669922
2014-02-18,26.834022521972656
2014-02-19,26.8681697845459
2014-02-20,27.045164108276367
2014-02-21,26.830917358398438
2014-02-24,27.23457908630371
2014-02-25,27.222152709960938
2014-02-26,27.05137062072754
2014-02-27,27.07932472229004
2014-02-28,27.215957641601562
2014-03-03,27.04204559326172
2014-03-04,27.337045669555664
2014-03-05,27.082429885864258
2014-03-06,27.278045654296875
2014-03-07,27.330839157104492
2014-03-10,27.374311447143555
2014-03-11,27.063796997070312
2014-03-12,27.0669002532959
2014-03-13,26.796764373779297
2014-03-14,26.82160186767578
2014-03-17,26.964435577392578
2014-03-18,27.191102981567383
2014-03-19,26.986169815063477
2014-03-20,27.09174156188965
2014-03-21,27.165681838989258
2014-03-24,27.109533309936523
2014-03-25,27.352928161621094
2014-03-26,27.224987030029297
2014-03-27,27.4465274810791
2014-03-28,27.78976821899414
2014-03-31,27.78976821899414
2014-04-01,27.955142974853516
2014-04-02,28.054996490478516
2014-04-03,28.235971450805664
2014-04-04,28.13300132751465
2014-04-07,27.661832809448242
2014-04-08,27.93954086303711
2014-04-09,28.067480087280273
2014-04-10,27.67742919921875
2014-04-11,27.599414825439453
2014-04-14,27.97699546813965
2014-04-15,28.35142707824707
2014-04-16,28.691547393798828
2014-04-17,28.953649520874023
2014-04-21,29.150222778320312
2014-04-22,29.103425979614258
2014-04-23,29.256319046020508
2014-04-24,29.265676498413086
2014-04-25,29.090946197509766
2014-04-28,29.140872955322266
2014-04-29,29.275043487548828
2014-04-30,29.25008201599121
2014-05-01,29.184553146362305
2014-05-02,29.243833541870117
2014-05-05,29.381126403808594
2014-05-06,29.424823760986328
2014-05-07,29.680683135986328
2014-05-08,29.256319046020508
2014-05-09,29.228240966796875
2014-05-12,29.434179306030273
2014-05-13,29.54340362548828
2014-05-14,29.555883407592773
2014-05-15,29.218873977661133
2014-05-16,29.14399528503418
2014-05-19,29.234477996826172
2014-05-20,29.150222778320312
2014-05-21,29.465375900268555
2014-05-22,29.43731117248535
2014-05-23,29.37801170349121
2014-05-27,29.459142684936523
2014-05-28,29.509063720703125
2014-05-29,29.761817932128906
2014-05-30,29.73998260498047
2014-06-02,29.702543258666992
2014-06-03,29.80550193786621
2014-06-04,29.78990936279297
2014-06-05,29.961519241333008
2014-06-06,30.208024978637695
2014-06-09,30.254823684692383
2014-06-10,30.204912185668945
2014-06-11,30.32036018371582
2014-06-12,30.42021369934082
2014-06-13,30.710405349731445
2014-06-16,30.89450454711914
2014-06-17,30.87265968322754
2014-06-18,31.1066837310791
2014-06-19,31.328235626220703
2014-06-20,31.639835357666016
2014-06-23,31.752685546875
2014-06-24,31.08497428894043
2014-06-25,31.320087432861328
2014-06-26,31.35456085205078
2014-06-27,31.35456085205078
2014-06-30,31.379638671875
2014-07-01,31.39846420288086
2014-07-02,31.351428985595703
2014-07-03,31.470550537109375
2014-07-07,31.229177474975586
2014-07-08,31.179004669189453
2014-07-09,31.38591766357422
2014-07-10,31.08497428894043
2014-07-11,30.846729278564453
2014-07-14,31.113191604614258
2014-07-15,30.97838592529297
2014-07-16,31.4486141204834
2014-07-17,30.940765380859375
2014-07-18,31.031686782836914
2014-07-21,31.078704833984375
2014-07-22,31.30127716064453
2014-07-23,31.501895904541016
2014-07-24,31.530115127563477
2014-07-25,31.298137664794922
2014-07-28,31.222900390625
2014-07-29,31.144521713256836
2014-07-30,30.95956802368164
2014-07-31,30.291851043701172
2014-08-01,30.047334671020508
2014-08-04,30.552047729492188
2014-08-05,29.88432502746582
2014-08-06,29.97209930419922
2014-08-07,29.784013748168945
2014-08-08,30.282451629638672
2014-08-11,30.285581588745117
2014-08-12,30.063013076782227
2014-08-13,30.16019630432129
2014-08-14,29.987770080566406
2014-08-15,30.210351943969727
2014-08-18,30.291851043701172
2014-08-19,30.523845672607422
2014-08-20,30.589672088623047
2014-08-21,30.614748001098633
2014-08-22,30.410980224609375
2014-08-25,30.680570602416992
2014-08-26,30.83732032775879
2014-08-27,30.774614334106445
2014-08-28,30.780893325805664
2014-08-29,30.953306198120117
2014-09-02,30.56144905090332
2014-09-03,30.642961502075195
2014-09-04,30.229158401489258
2014-09-05,30.432920455932617
2014-09-08,29.959556579589844
2014-09-09,29.827898025512695
2014-09-10,29.755800247192383
2014-09-11,29.774614334106445
2014-09-12,29.329469680786133
2014-09-15,29.536352157592773
2014-09-16,29.89373016357422
2014-09-17,29.73072052001953
2014-09-18,29.57712745666504
2014-09-19,29.5528564453125
2014-09-22,29.118024826049805
2014-09-23,29.03295135498047
2014-09-24,29.05815887451172
2014-09-25,28.61387062072754
2014-09-26,28.982528686523438
2014-09-29,28.916362762451172
2014-09-30,28.55400276184082
2014-10-01,27.971073150634766
2014-10-02,27.826122283935547
2014-10-03,27.782014846801758
2014-10-06,27.813522338867188
2014-10-07,27.4511661529541
2014-10-08,27.7189998626709
2014-10-09,26.701242446899414
2014-10-10,26.326269149780273
2014-10-13,25.51331901550293
2014-10-14,25.191925048828125
2014-10-15,25.384140014648438
2014-10-16,25.837865829467773
2014-10-17,26.058435440063477
2014-10-20,26.28530502319336
2014-10-21,27.08565330505371
2014-10-22,26.572052001953125
2014-10-23,27.066743850708008
2014-10-24,26.972209930419922
2014-10-27,26.405048370361328
2014-10-28,27.006879806518555
2014-10-29,27.095104217529297
2014-10-30,26.997421264648438
2014-10-31,27.54568862915039
2014-11-03,27.11086082458496
2014-11-04,26.553136825561523
2014-11-05,27.01947784423828
2014-11-06,27.359786987304688
2014-11-07,27.662273406982422
2014-11-10,27.41334342956543
2014-11-11,27.495281219482422
2014-11-12,27.25265121459961
2014-11-13,26.890291213989258
2014-11-14,27.1644344329834
2014-11-17,27.022628784179688
2014-11-18,27.044687271118164
2014-11-19,27.186485290527344
2014-11-20,27.52678871154785
2014-11-21,27.8859920501709
2014-11-24,27.67173194885254
2014-11-25,27.221139907836914
2014-11-26,26.877689361572266
2014-11-28,25.15096664428711
2014-12-01,25.23918914794922
2014-12-02,25.51331901550293
2014-12-03,25.825267791748047
2014-12-04,25.60155487060547
2014-12-05,25.295907974243164
2014-12-08,24.271839141845703
2014-12-09,24.536531448364258
2014-12-10,23.780302047729492
2014-12-11,23.764541625976562
2014-12-12,23.32340431213379
2014-12-15,23.115453720092773
2014-12-16,23.320255279541016
2014-12-17,24.2876033782959
2014-12-18,24.75394630432129
2014-12-19,25.54498863220215
2014-12-22,25.285003662109375
2014-12-23,25.59254264831543
2014-12-24,25.405492782592773
2014-12-26,25.399147033691406
2014-12-29,25.491092681884766
2014-12-30,25.288177490234375
2014-12-31,25.09794807434082
2015-01-02,25.215255737304688
2015-01-05,24.172143936157227
2015-01-06,23.817047119140625
2015-01-07,23.867774963378906
2015-01-08,24.403589248657227
2015-01-09,24.21019744873047
2015-01-12,23.512676239013672
2015-01-13,23.325611114501953
2015-01-14,23.39854621887207
2015-01-15,23.100502014160156
2015-01-16,23.8519287109375
2015-01-20,23.880456924438477
2015-01-21,24.36555290222168
2015-01-22,24.47968101501465
2015-01-23,24.30531120300293
2015-01-26,24.65406608581543
2015-01-27,24.638216018676758
2015-01-28,23.66803550720215
2015-01-29,23.747291564941406
2015-01-30,23.953378677368164
2015-02-02,24.685775756835938
2015-02-03,25.361093521118164
2015-02-04,24.94258689880371
2015-02-05,25.30084800720215
2015-02-06,25.307199478149414
2015-02-09,25.33256721496582
2015-02-10,25.31987762451172
2015-02-11,25.14232635498047
2015-02-12,25.472064971923828
2015-02-13,26.011070251464844
2015-02-17,26.09031867980957
2015-02-18,25.77960968017578
2015-02-19,25.65913200378418
2015-02-20,25.53547477722168
2015-02-23,25.430850982666016
2015-02-24,25.500600814819336
2015-02-25,25.64010238647461
2015-02-26,25.164522171020508
2015-02-27,25.053558349609375
2015-03-02,24.879180908203125
2015-03-03,24.971126556396484
2015-03-04,24.93624496459961
2015-03-05,24.7872314453125
2015-03-06,24.343366622924805
2015-03-09,24.168983459472656
2015-03-10,23.832908630371094
2015-03-11,23.902650833129883
2015-03-12,23.75046730041504
2015-03-13,23.66169548034668
2015-03-16,23.981918334960938
2015-03-17,23.88997459411621
2015-03-18,24.584318161010742
2015-03-19,24.194345474243164
2015-03-20,24.550260543823242
2015-03-23,24.464075088500977
2015-03-24,24.301273345947266
2015-03-25,24.617294311523438
2015-03-26,24.58856201171875
2015-03-27,24.387468338012695
2015-03-30,24.91097068786621
2015-03-31,24.764127731323242
2015-04-01,24.757747650146484
2015-04-02,24.80881690979004
2015-04-06,25.255706787109375
2015-04-07,25.27166748046875
2015-04-08,25.067378997802734
2015-04-09,25.469568252563477
2015-04-10,25.581298828125
2015-04-13,25.325929641723633
2015-04-14,25.78240203857422
2015-04-15,26.398469924926758
2015-04-16,26.33782386779785
2015-04-17,26.14629554748535
2015-04-20,26.245250701904297
2015-04-21,25.967548370361328
2015-04-22,26.139917373657227
2015-04-23,26.318660736083984
2015-04-24,26.168643951416016
2015-04-27,26.139917373657227
2015-04-28,26.270790100097656
2015-04-29,26.475072860717773
2015-04-30,26.392087936401367
2015-05-01,26.452730178833008
2015-05-04,26.385705947875977
2015-05-05,26.060110092163086
2015-05-06,25.957962036132812
2015-05-07,25.677064895629883
2015-05-08,26.09841537475586
2015-05-11,25.606842041015625
2015-05-12,25.72494125366211
2015-05-13,25.65791130065918
2015-05-14,25.648332595825195
2015-05-15,25.75047492980957
2015-05-18,25.772825241088867
2015-05-19,25.405736923217773
2015-05-20,25.453615188598633
2015-05-21,25.693016052246094
2015-05-22,25.60045051574707
2015-05-26,25.1950626373291
2015-05-27,25.150373458862305
2015-05-28,25.051416397094727
2015-05-29,25.02268409729004
2015-06-01,24.95883560180664
2015-06-02,25.13121795654297
2015-06-03,24.95883560180664
2015-06-04,24.620485305786133
2015-06-05,24.79286003112793
2015-06-08,24.65240478515625
2015-06-09,24.649211883544922
2015-06-10,24.95246696472168
2015-06-11,24.840736389160156
2015-06-12,24.563026428222656
2015-06-15,24.505571365356445
2015-06-16,24.69709587097168
2015-06-17,24.63644790649414
2015-06-18,24.620485305786133
2015-06-19,24.392019271850586
2015-06-22,24.690847396850586
2015-06-23,24.771188735961914
2015-06-24,24.616952896118164
2015-06-25,24.36631965637207
2015-06-26,24.446640014648438
2015-06-29,23.98393440246582
2015-06-30,24.15102767944336
2015-07-01,23.842546463012695
2015-07-02,23.948593139648438
2015-07-06,23.633686065673828
2015-07-07,23.848974227905273
2015-07-08,23.366985321044922
2015-07-09,23.48587417602539
2015-07-10,23.614402770996094
2015-07-13,23.781496047973633
2015-07-14,23.95178985595703
2015-07-15,23.530860900878906
2015-07-16,23.562992095947266
2015-07-17,23.277015686035156
2015-07-20,22.96854019165039
2015-07-21,22.978179931640625
2015-07-22,22.791810989379883
2015-07-23,22.77252960205078
2015-07-24,22.33552360534668
2015-07-27,22.014192581176758
2015-07-28,22.643997192382812
2015-07-29,22.952468872070312
2015-07-30,22.791810989379883
2015-07-31,22.293746948242188
2015-08-03,21.82460594177246
2015-08-04,21.75070571899414
2015-08-05,21.586830139160156
2015-08-06,21.930648803710938
2015-08-07,21.53862190246582
2015-08-10,22.226266860961914
2015-08-11,22.268043518066406
2015-08-12,22.672910690307617
2015-08-13,22.32909393310547
2015-08-14,22.280885696411133
2015-08-17,22.32909393310547
2015-08-18,22.245542526245117
2015-08-19,21.631813049316406
2015-08-20,21.143394470214844
2015-08-21,20.40433692932129
2015-08-24,19.30860710144043
2015-08-25,19.029056549072266
2015-08-26,19.684558868408203
2015-08-27,20.658185958862305
2015-08-28,21.12732696533203
2015-08-31,21.345827102661133
2015-09-01,20.593923568725586
2015-09-02,20.78350257873535
2015-09-03,20.84134292602539
2015-09-04,20.497522354125977
2015-09-08,20.81885528564453
2015-09-09,20.426828384399414
2015-09-10,20.545717239379883
2015-09-11,20.36256217956543
2015-09-14,20.185836791992188
2015-09-15,20.4107666015625
2015-09-16,20.989151000976562
2015-09-17,20.97630500793457
2015-09-18,20.425365447998047
2015-09-21,20.541898727416992
2015-09-22,20.32501792907715
2015-09-23,20.062824249267578
2015-09-24,20.150226593017578
2015-09-25,20.189071655273438
2015-09-28,19.383060455322266
2015-09-29,19.353927612304688
2015-09-30,19.810338973999023
2015-10-01,19.84918785095215
2015-10-02,20.668134689331055
2015-10-05,21.292877197265625
2015-10-06,21.765478134155273
2015-10-07,22.040620803833008
2015-10-08,22.461423873901367
2015-10-09,22.315763473510742
2015-10-12,22.027671813964844
2015-10-13,21.79784393310547
2015-10-14,21.985597610473633
2015-10-15,22.38050651550293
2015-10-16,22.40964126586914
2015-10-19,21.966171264648438
2015-10-20,22.027671813964844
2015-10-21,21.755769729614258
2015-10-22,22.14743995666504
2015-10-23,22.09564971923828
2015-10-26,21.55507469177246
2015-10-27,21.296119689941406
2015-10-28,21.768712997436523
2015-10-29,21.87877655029297
2015-10-30,22.021203994750977
2015-11-02,22.535884857177734
2015-11-03,23.112064361572266
2015-11-04,22.904897689819336
2015-11-05,22.710676193237305
2015-11-06,22.594152450561523
2015-11-09,22.370805740356445
2015-11-10,22.419347763061523
2015-11-11,21.943513870239258
2015-11-12,21.445016860961914
2015-11-13,21.357624053955078
2015-11-16,22.06975555419922
2015-11-17,21.826982498168945
2015-11-18,22.186290740966797
2015-11-19,21.88848114013672
2015-11-20,21.655426025390625
2015-11-23,21.810794830322266
2015-11-24,22.27691650390625
2015-11-25,22.09564971923828
2015-11-27,21.93703842163086
2015-11-30,22.01796531677246
2015-12-01,22.192760467529297
2015-12-02,21.506519317626953
2015-12-03,21.07600212097168
2015-12-04,20.943283081054688
2015-12-07,20.14699363708496
2015-12-08,19.939821243286133
2015-12-09,20.202016830444336
2015-12-10,20.331497192382812
2015-12-11,19.570804595947266
2015-12-14,19.674386978149414
2015-12-15,20.169645309448242
2015-12-16,20.03692626953125
2015-12-17,19.544912338256836
2015-12-18,19.202594757080078
2015-12-21,19.222198486328125
2015-12-22,19.447572708129883
2015-12-23,20.293540954589844
2015-12-24,20.110624313354492
2015-12-28,19.74480628967285
2015-12-29,19.881996154785156
2015-12-30,19.614151000976562
2015-12-31,19.70233726501465
2016-01-04,19.695812225341797
2016-01-05,19.770938873291016
2016-01-06,19.0098876953125
2016-01-07,18.546072006225586
2016-01-08,18.307634353637695
2016-01-11,17.915678024291992
2016-01-12,17.958141326904297
2016-01-13,17.52698516845703
2016-01-14,18.2814998626709
2016-01-15,17.752357482910156
2016-01-19,17.370201110839844
2016-01-20,16.90966033935547
2016-01-21,17.435531616210938
2016-01-22,18.206382751464844
2016-01-25,17.35713005065918
2016-01-26,18.013668060302734
2016-01-27,17.92873764038086
2016-01-28,18.474212646484375
2016-01-29,19.013151168823242
2016-02-01,18.69632339477539
2016-02-02,18.072460174560547
2016-02-03,18.715919494628906
2016-02-04,18.706119537353516
2016-02-05,18.271696090698242
2016-02-08,18.17698097229004
2016-02-09,17.73929786682129
2016-02-10,17.66743278503418
2016-02-11,17.59231185913086
2016-02-12,18.056127548217773
2016-02-16,18.23577308654785
2016-02-17,18.83350944519043
2016-02-18,18.59833335876465
2016-02-19,18.55586814880371
2016-02-22,19.029483795166016
2016-02-23,18.379486083984375
2016-02-24,18.5656681060791
2016-02-25,18.582002639770508
2016-02-26,18.693056106567383
2016-02-29,18.480745315551758
2016-03-01,18.96415901184082
2016-03-02,19.42797088623047
2016-03-03,19.72194480895996
2016-03-04,19.911392211914062
2016-03-07,20.37847328186035
2016-03-08,19.52269172668457
2016-03-09,19.839527130126953
2016-03-10,19.85586166381836
2016-03-11,20.368669509887695
2016-03-14,20.234745025634766
2016-03-15,20.195558547973633
2016-03-16,20.5450496673584
2016-03-17,20.825952529907227
2016-03-18,20.885820388793945
2016-03-21,20.813451766967773
2016-03-22,20.698314666748047
2016-03-23,20.244346618652344
2016-03-24,20.34303092956543
2016-03-28,20.234474182128906
2016-03-29,20.329875946044922
2016-03-30,20.369348526000977
2016-03-31,20.359485626220703
2016-04-01,20.086444854736328
2016-04-04,19.93840980529785
2016-04-05,19.80353355407715
2016-04-06,20.23118782043457
2016-04-07,20.11275863647461
2016-04-08,20.517383575439453
2016-04-11,20.431854248046875
2016-04-12,21.04043197631836
2016-04-13,21.139123916625977
2016-04-14,21.1884708404541
2016-04-15,20.902267456054688
2016-04-18,21.2476806640625
2016-04-19,21.672039031982422
2016-04-20,21.866130828857422
2016-04-21,21.737836837768555
2016-04-22,22.05363655090332
2016-04-25,21.806915283203125
2016-04-26,22.155611038208008
2016-04-27,22.576690673828125
2016-04-28,22.241147994995117
2016-04-29,22.204959869384766
2016-05-02,22.18194007873535
2016-05-03,21.65888023376465
2016-05-04,21.34636878967285
2016-05-05,21.520719528198242
2016-05-06,21.471372604370117
2016-05-09,21.158864974975586
2016-05-10,21.53058624267578
2016-05-11,21.596385955810547
2016-05-12,21.655590057373047
2016-05-13,21.379261016845703
2016-05-16,21.741121292114258
2016-05-17,21.84310531616211
2016-05-18,21.63257598876953
2016-05-19,21.63585662841797
2016-05-20,21.7641544342041
2016-05-23,21.708227157592773
2016-05-24,21.816776275634766
2016-05-25,22.162199020385742
2016-05-26,22.070093154907227
2016-05-27,22.083248138427734
2016-05-31,21.997709274291992
2016-06-01,22.004295349121094
2016-06-02,21.974689483642578
2016-06-03,21.8891658782959
2016-06-06,22.372730255126953
2016-06-07,22.87933921813965
2016-06-08,22.826696395874023
2016-06-09,22.652345657348633
2016-06-10,22.162199020385742
2016-06-13,22.096405029296875
2016-06-14,22.083248138427734
2016-06-15,22.03061866760254
2016-06-16,21.92534637451172
2016-06-17,22.14919090270996
2016-06-20,22.341243743896484
2016-06-21,22.606142044067383
2016-06-22,22.480316162109375
2016-06-23,22.85118293762207
2016-06-24,22.11277198791504
2016-06-27,21.40414810180664
2016-06-28,22.00017547607422
2016-06-29,22.417400360107422
2016-06-30,22.596210479736328
2016-07-01,22.71541976928711
2016-07-05,22.25846290588379
2016-07-06,22.35448455810547
2016-07-07,22.12601089477539
2016-07-08,22.42070960998535
2016-07-11,22.463747024536133
2016-07-12,23.02005386352539
2016-07-13,22.82137107849121
2016-07-14,22.937273025512695
2016-07-15,22.924028396606445
2016-07-18,22.940580368041992
2016-07-19,22.811443328857422
2016-07-20,22.778324127197266
2016-07-21,22.553159713745117
2016-07-22,22.622697830200195
2016-07-25,22.17236328125
2016-07-26,22.30150604248047
2016-07-27,22.08296775817871
2016-07-28,22.086273193359375
2016-07-29,22.31144142150879
2016-08-01,21.576337814331055
2016-08-02,21.771696090698242
2016-08-03,22.192232131958008
2016-08-04,22.15912437438965
2016-08-05,22.36110496520996
2016-08-08,22.659116744995117
2016-08-09,22.539915084838867
2016-08-10,22.29488754272461
2016-08-11,22.622697830200195
2016-08-12,22.74852180480957
2016-08-15,22.930648803710938
2016-08-16,22.967071533203125
2016-08-17,23.036609649658203
2016-08-18,23.5101318359375
2016-08-19,23.314760208129883
2016-08-22,23.04654312133789
2016-08-23,23.20879364013672
2016-08-24,23.116077423095703
2016-08-25,23.053171157836914
2016-08-26,22.973697662353516
2016-08-29,23.12932777404785
2016-08-30,23.049854278564453
2016-08-31,22.68560791015625
2016-09-01,22.619386672973633
2016-09-02,22.87436294555664
2016-09-06,23.218730926513672
2016-09-07,23.351184844970703
2016-09-08,23.788272857666016
2016-09-09,23.07965087890625
2016-09-12,23.308130264282227
2016-09-13,22.642560958862305
2016-09-14,22.374351501464844
2016-09-15,22.65250587463379
2016-09-16,22.469614028930664
2016-09-19,22.456289291381836
2016-09-20,22.293058395385742
2016-09-21,22.80940818786621
2016-09-22,22.836055755615234
2016-09-23,22.53290367126465
2016-09-26,22.432968139648438
2016-09-27,22.283056259155273
2016-09-28,23.24580955505371
2016-09-29,23.205833435058594
2016-09-30,23.522308349609375
2016-10-03,23.50564956665039
2016-10-04,23.265790939331055
2016-10-05,23.62224769592285
2016-10-06,23.65888786315918
2016-10-07,23.522308349609375
2016-10-10,23.892086029052734
2016-10-11,23.618906021118164
2016-10-12,23.518980026245117
2016-10-13,23.38905143737793
2016-10-14,23.25246810913086
2016-10-17,23.13920021057129
2016-10-18,23.232465744018555
2016-10-19,23.56227684020996
2016-10-20,23.5356388092041
2016-10-21,23.38239097595215
2016-10-24,23.31243324279785
2016-10-25,23.205833435058594
2016-10-26,23.259130477905273
2016-10-27,23.172513961791992
2016-10-28,23.10921859741211
2016-10-31,22.85938262939453
2016-11-01,22.862707138061523
2016-11-02,22.609529495239258
2016-11-03,22.699474334716797
2016-11-04,22.57621192932129
2016-11-07,23.062580108642578
2016-11-08,23.092573165893555
2016-11-09,23.46900177001953
2016-11-10,23.568944931030273
2016-11-11,23.13920021057129
2016-11-14,23.269126892089844
2016-11-15,23.925392150878906
2016-11-16,23.758831024169922
2016-11-17,23.598922729492188
2016-11-18,23.69552993774414
2016-11-21,24.258520126342773
2016-11-22,24.245195388793945
2016-11-23,24.345142364501953
2016-11-25,24.22520637512207
2016-11-28,23.888748168945312
2016-11-29,23.59560203552246
2016-11-30,24.79486083984375
2016-12-01,24.85481834411621
2016-12-02,24.92812156677246
2016-12-05,25.147966384887695
2016-12-06,25.101341247558594
2016-12-07,25.301218032836914
2016-12-08,25.437801361083984
2016-12-09,25.51774787902832
2016-12-12,25.637678146362305
2016-12-13,25.927507400512695
2016-12-14,25.407819747924805
2016-12-15,25.464458465576172
2016-12-16,25.622528076171875
2016-12-19,25.505306243896484
2016-12-20,25.448383331298828
2016-12-21,25.488563537597656
2016-12-22,25.592376708984375
2016-12-23,25.568941116333008
2016-12-27,25.625864028930664
2016-12-28,25.347911834716797
2016-12-29,25.297677993774414
2016-12-30,25.2239933013916
2017-01-03,25.5086612701416
2017-01-04,25.4550838470459
2017-01-05,25.391448974609375
2017-01-06,25.41489601135254
2017-01-09,25.046510696411133
2017-01-10,24.818784713745117
2017-01-11,25.086685180664062
2017-01-12,24.98287582397461
2017-01-13,24.90920066833496
2017-01-17,25.063249588012695
2017-01-18,25.006317138671875
2017-01-19,24.869014739990234
2017-01-20,24.962785720825195
2017-01-23,24.698223114013672
2017-01-24,24.969478607177734
2017-01-25,25.1000919342041
2017-01-26,25.120189666748047
2017-01-27,24.858964920043945
2017-01-30,24.40351104736328
2017-01-31,24.41356086730957
2017-02-01,24.232723236083984
2017-02-02,24.37002182006836
2017-02-03,24.58100700378418
2017-02-06,24.373376846313477
2017-02-07,24.0284481048584
2017-02-08,24.085372924804688
2017-02-09,24.356632232666016
2017-02-10,24.54081916809082
2017-02-13,24.58770751953125
2017-02-14,24.668075561523438
2017-02-15,24.57096290588379
2017-02-16,24.236074447631836
2017-02-17,24.102113723754883
2017-02-21,24.266210556030273
2017-02-22,23.897829055786133
2017-02-23,23.998302459716797
2017-02-24,23.7739200592041
2017-02-27,23.97820472717285
2017-02-28,23.90452766418457
2017-03-01,24.3834228515625
2017-03-02,24.15234375
2017-03-03,24.10881805419922
2017-03-06,24.162403106689453
2017-03-07,23.948070526123047
2017-03-08,23.325166702270508
2017-03-09,23.479219436645508
2017-03-10,23.44572639465332
2017-03-13,23.449081420898438
2017-03-14,23.18450927734375
2017-03-15,23.700241088867188
2017-03-16,23.53280258178711
2017-03-17,23.515621185302734
2017-03-20,23.481924057006836
2017-03-21,23.31683921813965
2017-03-22,23.28315544128418
2017-03-23,23.188827514648438
2017-03-24,23.09786033630371
2017-03-27,22.990049362182617
2017-03-28,23.31683921813965
2017-03-29,23.636905670166016
2017-03-30,23.630163192749023
2017-03-31,23.54930877685547
2017-04-03,23.50888442993164
2017-04-04,23.68069839477539
2017-04-05,23.606582641601562
2017-04-06,23.795251846313477
2017-04-07,23.704282760620117
2017-04-10,23.882841110229492
2017-04-11,23.886207580566406
2017-04-12,23.78514862060547
2017-04-13,23.35053825378418
2017-04-17,23.401073455810547
2017-04-18,23.18208122253418
2017-04-19,22.841815948486328
2017-04-20,22.9529972076416
2017-04-21,22.838449478149414
2017-04-24,22.973215103149414
2017-04-25,23.168607711791992
2017-04-26,23.091123580932617
2017-04-27,22.838449478149414
2017-04-28,22.855297088623047
2017-05-01,22.791278839111328
2017-05-02,22.676738739013672
2017-05-03,22.740745544433594
2017-05-04,22.3229923248291
2017-05-05,22.676738739013672
2017-05-08,22.838449478149414
2017-05-09,22.649784088134766
2017-05-10,22.94962501525879
2017-05-11,22.902462005615234
2017-05-12,22.824974060058594
2017-05-15,23.00353240966797
2017-05-16,22.888986587524414
2017-05-17,22.66326141357422
2017-05-18,22.656526565551758
2017-05-19,22.936145782470703
2017-05-22,22.885610580444336
2017-05-23,22.939516067504883
2017-05-24,22.818241119384766
2017-05-25,22.403844833374023
2017-05-26,22.440906524658203
2017-05-30,22.141069412231445
2017-05-31,22.046733856201172
2017-06-01,22.18486785888672
2017-06-02,21.92881965637207
2017-06-05,21.96924591064453
2017-06-06,22.22866439819336
2017-06-07,21.915340423583984
2017-06-08,21.851329803466797
2017-06-09,22.376901626586914
2017-06-12,22.535240173339844
2017-06-13,22.70368766784668
2017-06-14,22.29267120361328
2017-06-15,22.12421989440918
2017-06-16,22.49024200439453
2017-06-19,22.347766876220703
2017-06-20,22.06282615661621
2017-06-21,21.706642150878906
2017-06-22,21.693077087402344
2017-06-23,21.838937759399414
2017-06-26,21.79144287109375
2017-06-27,21.757524490356445
2017-06-28,21.876249313354492
2017-06-29,21.923738479614258
2017-06-30,22.022113800048828
2017-07-03,22.44614028930664
2017-07-05,21.991588592529297
2017-07-06,21.74734878540039
2017-07-07,21.713430404663086
2017-07-10,21.7846622467041
2017-07-11,21.903392791748047
2017-07-12,21.96445083618164
2017-07-13,22.052642822265625
2017-07-14,22.18494415283203
2017-07-17,22.15780258178711
2017-07-18,22.052642822265625
2017-07-19,22.374906539916992
2017-07-20,22.307058334350586
2017-07-21,22.086566925048828
2017-07-24,22.04585838317871
2017-07-25,22.32401466369629
2017-07-26,22.347766876220703
2017-07-27,22.575042724609375
2017-07-28,22.547903060913086
2017-07-31,22.598785400390625
2017-08-01,22.595394134521484
2017-08-02,22.51059341430664
2017-08-03,22.19511604309082
2017-08-04,22.266355514526367
2017-08-07,22.09674644470215
2017-08-08,22.04585838317871
2017-08-09,22.066213607788086
2017-08-10,21.832149505615234
2017-08-11,21.68968391418457
2017-08-14,21.625232696533203
2017-08-15,21.543819427490234
2017-08-16,21.33689308166504
2017-08-17,21.034990310668945
2017-08-18,21.14014434814453
2017-08-21,21.03159523010254
2017-08-22,21.170679092407227
2017-08-23,21.262266159057617
2017-08-24,21.275835037231445
2017-08-25,21.370819091796875
2017-08-28,21.275835037231445
2017-08-29,21.24870491027832
2017-08-30,21.258869171142578
2017-08-31,21.36063575744629
2017-09-01,21.567564010620117
2017-09-05,21.68628692626953
2017-09-06,22.03907585144043
2017-09-07,22.07978630065918
2017-09-08,21.845720291137695
2017-09-11,22.052642822265625
2017-09-12,22.188337326049805
2017-09-13,22.46649742126465
2017-09-14,22.575042724609375
2017-09-15,22.628313064575195
2017-09-18,22.724550247192383
2017-09-19,22.81734275817871
2017-09-20,22.972000122070312
2017-09-21,22.978879928588867
2017-09-22,23.095727920532227
2017-09-25,23.42910385131836
2017-09-26,23.418794631958008
2017-09-27,23.518461227416992
2017-09-28,23.539079666137695
2017-09-29,23.5356502532959
2017-10-02,23.528772354125977
2017-10-03,23.504714965820312
2017-10-04,23.487529754638672
2017-10-05,23.594074249267578
2017-10-06,23.39473533630371
2017-10-09,23.44285011291504
2017-10-10,23.463472366333008
2017-10-11,23.518461227416992
2017-10-12,23.43254280090332
2017-10-13,23.418794631958008
2017-10-16,23.47034454345703
2017-10-17,23.484092712402344
2017-10-18,23.31912612915039
2017-10-19,23.246946334838867
2017-10-20,23.2916259765625
2017-10-23,23.171344757080078
2017-10-24,23.216014862060547
2017-10-25,23.054485321044922
2017-10-26,23.102602005004883
2017-10-27,23.14383888244629
2017-10-30,23.264131546020508
2017-10-31,23.33974266052246
2017-11-01,23.604379653930664
2017-11-02,23.5356502532959
2017-11-03,23.604379653930664
2017-11-06,24.143970489501953
2017-11-07,24.1130428314209
2017-11-08,23.996187210083008
2017-11-09,24.068359375
2017-11-10,23.94120216369629
2017-11-13,23.80372428894043
2017-11-14,23.418794631958008
2017-11-15,23.154159545898438
2017-11-16,23.061359405517578
2017-11-17,23.174776077270508
2017-11-20,23.119789123535156
2017-11-21,23.171344757080078
2017-11-22,23.264131546020508
2017-11-24,23.329435348510742
2017-11-27,23.0922908782959
2017-11-28,23.271007537841797
2017-11-29,23.39817237854004
2017-11-30,23.748735427856445
2017-12-01,23.948068618774414
2017-12-04,23.937759399414062
2017-12-05,23.834646224975586
2017-12-06,23.525341033935547
2017-12-07,23.594074249267578
2017-12-08,23.81059455871582
2017-12-11,23.98244285583496
2017-12-12,23.91714096069336
2017-12-13,23.882770538330078
2017-12-14,23.79684829711914
2017-12-15,23.7753963470459
2017-12-18,23.95876693725586
2017-12-19,23.993358612060547
2017-12-20,24.332420349121094
2017-12-21,24.847923278808594
2017-12-22,24.89981460571289
2017-12-26,25.11777687072754
2017-12-27,25.034744262695312
2017-12-28,25.072797775268555
2017-12-29,25.000150680541992
2018-01-02,25.411855697631836
2018-01-03,25.79243278503418
2018-01-04,25.9481201171875
2018-01-05,25.937746047973633
2018-01-08,26.093425750732422
2018-01-09,26.027692794799805
2018-01-10,25.996562957763672
2018-01-11,26.529367446899414
2018-01-12,26.78537940979004
2018-01-16,26.44632911682129
2018-01-17,26.678129196166992
2018-01-18,26.460161209106445
2018-01-19,26.425573348999023
2018-01-22,26.996417999267578
2018-01-23,26.95490837097168
2018-01-24,26.882247924804688
2018-01-25,26.671207427978516
2018-01-26,26.816524505615234
2018-01-29,26.41172981262207
2018-01-30,25.878925323486328
2018-01-31,25.89622688293457
2018-02-01,26.162622451782227
2018-02-02,25.0693416595459
2018-02-05,24.017576217651367
2018-02-06,24.20786476135254
2018-02-07,23.80307388305664
2018-02-08,23.083446502685547
2018-02-09,23.0661563873291
2018-02-12,23.44326400756836
2018-02-13,23.346391677856445
2018-02-14,23.685447692871094
2018-02-15,23.626630783081055
2018-02-16,23.56781768798828
2018-02-20,23.439804077148438
2018-02-21,23.04538917541504
2018-02-22,23.297950744628906
2018-02-23,23.80307388305664
2018-02-26,23.94492530822754
2018-02-27,23.633544921875
2018-02-28,23.09036636352539
2018-03-01,23.055770874023438
2018-03-02,23.163026809692383
2018-03-05,23.408672332763672
2018-03-06,23.422502517700195
2018-03-07,23.246057510375977
2018-03-08,23.2391357421875
2018-03-09,23.681987762451172
2018-03-12,23.675065994262695
2018-03-13,23.50554084777832
2018-03-14,23.36714744567871
2018-03-15,23.246057510375977
2018-03-16,23.4533748626709
2018-03-19,23.091001510620117
2018-03-20,23.2861270904541
2018-03-21,23.895898818969727
2018-03-22,23.408082962036133
2018-03-23,23.26521873474121
2018-03-26,23.683347702026367
2018-03-27,23.460351943969727
2018-03-28,23.003890991210938
2018-03-29,23.488224029541016
2018-04-02,23.01782989501953
2018-04-03,23.50912857055664
2018-04-04,23.477773666381836
2018-04-05,23.89937973022461
2018-04-06,23.467317581176758
2018-04-09,23.57880973815918
2018-04-10,24.359325408935547
2018-04-11,24.613676071166992
2018-04-12,24.610197067260742
2018-04-13,24.881969451904297
2018-04-16,25.136333465576172
2018-04-17,25.23390007019043
2018-04-18,25.631118774414062
2018-04-19,25.6624755859375
2018-04-20,25.5405216217041
2018-04-23,25.697317123413086
2018-04-24,25.422048568725586
2018-04-25,25.624143600463867
2018-04-26,25.996986389160156
2018-04-27,25.721708297729492
2018-04-30,25.71822738647461
2018-05-01,25.561433792114258
2018-05-02,25.66596031188965
2018-05-03,25.60672378540039
2018-05-04,25.732160568237305
2018-05-07,25.767013549804688
2018-05-08,25.969099044799805
2018-05-09,26.49873161315918
2018-05-10,26.697338104248047
2018-05-11,26.73567008972168
2018-05-14,26.920337677001953
2018-05-15,26.927309036254883
2018-05-16,27.02138900756836
2018-05-17,27.42905616760254
2018-05-18,27.216508865356445
2018-05-21,27.495264053344727
2018-05-22,27.129405975341797
2018-05-23,27.125917434692383
2018-05-24,26.679922103881836
2018-05-25,25.986522674560547
2018-05-29,25.90637969970703
2018-05-30,26.690364837646484
2018-05-31,26.488277435302734
2018-06-01,26.61372184753418
2018-06-04,26.383743286132812
2018-06-05,26.321025848388672
2018-06-06,26.446460723876953
2018-06-07,26.847166061401367
2018-06-08,26.794898986816406
2018-06-11,26.934276580810547
2018-06-12,26.728710174560547
2018-06-13,26.627647399902344
2018-06-14,26.58931541442871
2018-06-15,26.01822853088379
2018-06-18,26.277820587158203
2018-06-19,26.21818733215332
2018-06-20,26.333948135375977
2018-06-21,25.846349716186523
2018-06-22,26.36200523376465
2018-06-25,25.83230972290039
2018-06-26,26.158550262451172
2018-06-27,26.509340286254883
2018-06-28,26.474262237548828
2018-06-29,26.63913917541504
2018-07-02,26.246248245239258
2018-07-03,26.41111183166504
2018-07-05,26.383058547973633
2018-07-06,26.544424057006836
2018-07-09,26.940811157226562
2018-07-10,27.140769958496094
2018-07-11,26.565475463867188
2018-07-12,26.611068725585938
2018-07-13,26.751386642456055
2018-07-16,26.442686080932617
2018-07-17,26.33745765686035
2018-07-18,26.354984283447266
2018-07-19,26.36200523376465
2018-07-20,26.270795822143555
2018-07-23,26.155038833618164
2018-07-24,26.484785079956055
2018-07-25,26.705785751342773
2018-07-26,26.996938705444336
2018-07-27,26.881175994873047
2018-07-30,27.10218048095703
2018-07-31,27.053070068359375
2018-08-01,26.677717208862305
2018-08-02,26.53040313720703
2018-08-03,26.393579483032227
2018-08-06,26.49179458618164
2018-08-07,26.68824005126953
2018-08-08,26.495311737060547
2018-08-09,26.249753952026367
2018-08-10,26.41111183166504
2018-08-13,26.074359893798828
2018-08-14,26.13750457763672
2018-08-15,25.22544288635254
2018-08-16,25.407854080200195
2018-08-17,25.470996856689453
2018-08-20,25.642885208129883
2018-08-21,25.772674560546875
2018-08-22,26.081371307373047
2018-08-23,25.958595275878906
2018-08-24,26.148021697998047
2018-08-27,26.340953826904297
2018-08-28,26.22871208190918
2018-08-29,26.390071868896484
2018-08-30,26.316410064697266
2018-08-31,26.11294937133789
2018-09-04,26.056821823120117
2018-09-05,26.02173614501953
2018-09-06,25.541152954101562
2018-09-07,25.537643432617188
2018-09-10,25.527116775512695
2018-09-11,25.769176483154297
2018-09-12,25.9024715423584
2018-09-13,25.912988662719727
2018-09-14,26.0498104095459
2018-09-17,26.091899871826172
2018-09-18,26.263792037963867
2018-09-19,26.344467163085938
2018-09-20,26.35148811340332
2018-09-21,26.525609970092773
2018-09-24,26.914140701293945
2018-09-25,27.08721160888672
2018-09-26,26.825838088989258
2018-09-27,26.825838088989258
2018-09-28,26.75166893005371
2018-10-01,27.122529983520508
2018-10-02,27.15078353881836
2018-10-03,27.369766235351562
2018-10-04,27.256742477416992
2018-10-05,27.25321388244629
2018-10-08,27.23201560974121
2018-10-09,27.475727081298828
2018-10-10,26.613914489746094
2018-10-11,25.713241577148438
2018-10-12,25.783885955810547
2018-10-15,25.568429946899414
2018-10-16,25.78034782409668
2018-10-17,25.617874145507812
2018-10-18,25.490720748901367
2018-10-19,25.264680862426758
2018-10-22,24.985639572143555
2018-10-23,24.33222198486328
2018-10-24,23.371503829956055
2018-10-25,23.65760040283203
2018-10-26,23.48099136352539
2018-10-29,23.04302406311035
2018-10-30,23.576366424560547
2018-10-31,23.721176147460938
2018-11-01,23.922502517700195
2018-11-02,23.862455368041992
2018-11-05,24.261573791503906
2018-11-06,24.374603271484375
2018-11-07,24.773725509643555
2018-11-08,24.23685073852539
2018-11-09,24.19447135925293
2018-11-12,23.69291877746582
2018-11-13,23.14898681640625
2018-11-14,23.110136032104492
2018-11-15,23.44920539855957
2018-11-16,23.728239059448242
2018-11-19,23.721176147460938
2018-11-20,22.94412612915039
2018-11-21,23.30439567565918
2018-11-23,22.57326316833496
2018-11-26,22.912336349487305
2018-11-27,22.848764419555664
2018-11-28,23.240819931030273
2018-11-29,23.392696380615234
2018-11-30,23.350309371948242
2018-12-03,23.86952018737793
2018-12-04,23.184307098388672
2018-12-06,22.756927490234375
2018-12-07,22.629777908325195
2018-12-10,22.27657127380371
2018-12-11,22.28363800048828
2018-12-12,22.371932983398438
2018-12-13,22.442577362060547
2018-12-14,21.930431365966797
2018-12-17,21.531314849853516
2018-12-18,21.02269744873047
2018-12-19,20.77545738220215
2018-12-20,20.199729919433594
2018-12-21,20.003650665283203
2018-12-24,19.194374084472656
2018-12-26,20.388687133789062
2018-12-27,20.495635986328125
2018-12-28,20.33877182006836
2018-12-31,20.445716857910156
2019-01-02,20.848575592041016
2019-01-03,20.641799926757812
2019-01-04,21.344125747680664
2019-01-07,21.66141128540039
2019-01-08,21.828975677490234
2019-01-09,22.174785614013672
2019-01-10,22.23895835876465
2019-01-11,22.1070499420166
2019-01-14,22.05357551574707
2019-01-15,22.13200569152832
2019-01-16,22.103485107421875
2019-01-17,22.30669403076172
2019-01-18,22.759458541870117
2019-01-22,22.263916015625
2019-01-23,22.035749435424805
2019-01-24,22.15339469909668
2019-01-25,22.435033798217773
2019-01-28,22.210432052612305
2019-01-29,22.278167724609375
2019-01-30,22.591903686523438
2019-01-31,22.738067626953125
2019-02-01,23.133787155151367
2019-02-04,23.187265396118164
2019-02-05,23.222915649414062
2019-02-06,23.051799774169922
2019-02-07,22.5419864654541
2019-02-08,22.438602447509766
2019-02-11,22.54555320739746
2019-02-12,22.83075714111328
2019-02-13,23.115966796875
2019-02-14,23.197965621948242
2019-02-15,23.57229995727539
2019-02-19,23.643598556518555
2019-02-20,23.743417739868164
2019-02-21,23.3762149810791
2019-02-22,23.443952560424805
2019-02-25,23.48316764831543
2019-02-26,23.40830421447754
2019-02-27,23.497426986694336
2019-02-28,23.26213264465332
2019-03-01,23.689945220947266
2019-03-04,23.73272132873535
2019-03-05,23.654294967651367
2019-03-06,23.354827880859375
2019-03-07,23.215787887573242
2019-03-08,22.78084945678711
2019-03-11,23.137359619140625
2019-03-12,23.28708267211914
2019-03-13,23.522388458251953
2019-03-14,23.54734230041504
2019-03-15,23.538000106811523
2019-03-18,23.86496353149414
2019-03-19,23.800291061401367
2019-03-20,24.008689880371094
2019-03-21,24.177560806274414
2019-03-22,23.523630142211914
2019-03-25,23.534408569335938
2019-03-26,23.872156143188477
2019-03-27,23.703275680541992
2019-03-28,23.793102264404297
2019-03-29,23.757171630859375
2019-04-01,24.069772720336914
2019-04-02,23.904489517211914
2019-04-03,23.674535751342773
2019-04-04,23.872156143188477
2019-04-05,24.292537689208984
2019-04-08,24.40032958984375
2019-04-09,24.102108001708984
2019-04-10,24.191930770874023
2019-04-11,24.209896087646484
2019-04-12,24.274574279785156
2019-04-15,24.130855560302734
2019-04-16,24.288942337036133
2019-04-17,24.256608963012695
2019-04-18,24.141633987426758
2019-04-22,24.651844024658203
2019-04-23,24.61231803894043
2019-04-24,24.181154251098633
2019-04-25,24.105693817138672
2019-04-26,23.793102264404297
2019-04-29,23.771549224853516
2019-04-30,23.753582000732422
2019-05-01,23.279298782348633
2019-05-02,22.873279571533203
2019-05-03,23.085275650024414
2019-05-06,23.10683822631836
2019-05-07,22.905628204345703
2019-05-08,22.905628204345703
2019-05-09,22.905628204345703
2019-05-10,23.013418197631836
2019-05-13,22.618179321289062
2019-05-14,22.894847869873047
2019-05-15,23.013418197631836
2019-05-16,23.1391658782959
2019-05-17,22.905628204345703
2019-05-20,22.916406631469727
2019-05-21,23.18228530883789
2019-05-22,22.822982788085938
2019-05-23,22.05766487121582
2019-05-24,22.140304565429688
2019-05-28,21.91035270690918
2019-05-29,21.770225524902344
2019-05-30,21.493562698364258
2019-05-31,21.116287231445312
2019-06-03,21.385770797729492
2019-06-04,21.755855560302734
2019-06-05,21.515113830566406
2019-06-06,21.9139461517334
2019-06-07,22.01455307006836
2019-06-10,22.0792236328125
2019-06-11,22.12234115600586
2019-06-12,21.80974578857422
2019-06-13,22.064851760864258
2019-06-14,21.92112922668457
2019-06-17,22.10437774658203
2019-06-18,22.4097843170166
2019-06-19,22.38463592529297
2019-06-20,22.880470275878906
2019-06-21,23.045812606811523
2019-06-24,22.83913803100586
2019-06-25,22.65785026550293
2019-06-26,23.00592613220215
2019-06-27,22.835508346557617
2019-06-28,23.100200653076172
2019-07-01,23.121952056884766
2019-07-02,22.75211524963379
2019-07-03,22.84276008605957
2019-07-05,22.875396728515625
2019-07-08,22.90802764892578
2019-07-09,22.926156997680664
2019-07-10,23.219852447509766
2019-07-11,23.26698112487793
2019-07-12,23.36488914489746
2019-07-15,23.154584884643555
2019-07-16,22.90802764892578
2019-07-17,22.6469669342041
2019-07-18,22.650598526000977
2019-07-19,22.755739212036133
2019-07-22,22.860891342163086
2019-07-23,22.922534942626953
2019-07-24,23.02043342590332
2019-07-25,22.759370803833008
2019-07-26,22.643342971801758
2019-07-29,22.552696228027344
2019-07-30,22.80650520324707
2019-07-31,22.733989715576172
2019-08-01,22.219118118286133
2019-08-02,21.90005111694336
2019-08-05,21.24739646911621
2019-08-06,21.222017288208008
2019-08-07,21.062475204467773
2019-08-08,21.667991638183594
2019-08-09,21.428688049316406
2019-08-12,21.174882888793945
2019-08-13,21.37067413330078
2019-08-14,20.53310775756836
2019-08-15,20.406204223632812
2019-08-16,20.674514770507812
2019-08-19,21.13136863708496
2019-08-20,20.95370101928711
2019-08-21,21.087858200073242
2019-08-22,20.993589401245117
2019-08-23,20.290178298950195
2019-08-26,20.377195358276367
2019-08-27,20.250288009643555
2019-08-28,20.540359497070312
2019-08-29,20.8413028717041
2019-08-30,20.8413028717041
2019-09-03,20.73978042602539
2019-09-04,21.029844284057617
2019-09-05,21.29090690612793
2019-09-06,21.403308868408203
2019-09-09,21.831157684326172
2019-09-10,22.08858871459961
2019-09-11,22.1103458404541
2019-09-12,21.972562789916992
2019-09-13,22.146602630615234
2019-09-16,22.8898983001709
2019-09-17,22.570823669433594
2019-09-18,22.462051391601562
2019-09-19,22.40403938293457
2019-09-20,22.422325134277344
2019-09-23,22.429651260375977
2019-09-24,22.07472801208496
2019-09-25,22.111318588256836
2019-09-26,21.822254180908203
2019-09-27,21.8185977935791
2019-09-30,21.6612606048584
2019-10-01,21.15998077392578
2019-10-02,20.640399932861328
2019-10-03,20.86359977722168
2019-10-04,20.99532127380371
2019-10-07,20.808712005615234
2019-10-08,20.45379066467285
2019-10-09,20.640399932861328
2019-10-10,20.900188446044922
2019-10-11,21.181930541992188
2019-10-14,21.17095947265625
2019-10-15,21.258769989013672
2019-10-16,20.962392807006836
2019-10-17,20.977027893066406
2019-10-18,20.867259979248047
2019-10-21,21.240474700927734
2019-10-22,21.514904022216797
2019-10-23,21.69419288635254
2019-10-24,21.60271453857422
2019-10-25,21.778352737426758
2019-10-28,21.65394401550293
2019-10-29,21.741762161254883
2019-10-30,21.29901695251465
2019-10-31,21.207548141479492
2019-11-01,21.690534591674805
2019-11-04,22.3967227935791
2019-11-05,22.425992965698242
2019-11-06,21.968618392944336
2019-11-07,22.29792594909668
2019-11-08,22.206449508666992
2019-11-11,22.082046508789062
2019-11-12,21.968618392944336
2019-11-13,21.87348175048828
2019-11-14,21.814931869506836
2019-11-15,21.98325538635254
2019-11-18,21.71614646911621
2019-11-19,21.394153594970703
2019-11-20,21.610034942626953
2019-11-21,21.964956283569336
2019-11-22,21.891780853271484
2019-11-25,21.913728713989258
2019-11-26,21.712486267089844
2019-11-27,21.76737403869629
2019-11-29,21.54783058166504
2019-12-02,21.54783058166504
2019-12-03,21.22584342956543
2019-12-04,21.544166564941406
2019-12-05,21.441722869873047
2019-12-06,21.85152816772461
2019-12-09,21.825918197631836
2019-12-10,21.86982536315918
2019-12-11,21.833234786987305
2019-12-12,22.2357234954834
2019-12-13,22.067411422729492
2019-12-16,22.363784790039062
2019-12-17,22.378421783447266
2019-12-18,22.462583541870117
2019-12-19,22.455265045166016
2019-12-20,22.67066764831543
2019-12-23,22.903430938720703
2019-12-24,22.89234733581543
2019-12-26,22.88495635986328
2019-12-27,22.788894653320312
2019-12-30,22.716981887817383
2019-12-31,22.846357345581055
2020-01-02,23.051834106445312
2020-01-03,22.98334312438965
2020-01-06,23.162181854248047
2020-01-07,23.10129737854004
2020-01-08,22.720779418945312
2020-01-09,22.88821029663086
2020-01-10,22.75883674621582
2020-01-13,22.766443252563477
2020-01-14,22.77025032043457
2020-01-15,22.602819442749023
2020-01-16,22.640869140625
2020-01-17,22.496273040771484
2020-01-21,22.092926025390625
2020-01-22,21.87983512878418
2020-01-23,21.796117782592773
2020-01-24,21.54497718811035
2020-01-27,20.947561264038086
2020-01-28,21.042694091796875
2020-01-29,20.821989059448242
2020-01-30,20.989418029785156
2020-01-31,20.334928512573242
2020-02-03,20.068561553955078
2020-02-04,20.14086151123047
2020-02-05,20.89809226989746
2020-02-06,20.685007095336914
2020-02-07,20.5404109954834
2020-02-10,20.437665939331055
2020-02-11,20.665977478027344
2020-02-12,20.94375991821289
2020-02-13,20.87906837463379
2020-02-14,20.768718719482422
2020-02-18,20.597492218017578
2020-02-19,20.871458053588867
2020-02-20,20.848623275756836
2020-02-21,20.601295471191406
2020-02-24,19.649991989135742
2020-02-25,18.782411575317383
2020-02-26,18.215436935424805
2020-02-27,17.241308212280273
2020-02-28,17.22608757019043
2020-03-02,17.922433853149414
2020-03-03,17.374486923217773
2020-03-04,17.785451889038086
2020-03-05,17.134761810302734
2020-03-06,16.172054290771484
2020-03-09,12.914809226989746
2020-03-10,13.527446746826172
2020-03-11,12.812067985534668
2020-03-12,11.213889122009277
2020-03-13,12.248899459838867
2020-03-16,10.582228660583496
2020-03-17,10.65452766418457
2020-03-18,9.124841690063477
2020-03-19,9.745087623596191
2020-03-20,9.840215682983398
2020-03-23,9.169525146484375
2020-03-24,10.640071868896484
2020-03-25,11.141923904418945
2020-03-26,11.822731971740723
2020-03-27,11.021326065063477
2020-03-30,11.13414478302002
2020-03-31,11.305317878723145
2020-04-01,10.745110511779785
2020-04-02,11.729362487792969
2020-04-03,11.604874610900879
2020-04-06,12.219548225402832
2020-04-07,12.480199813842773
2020-04-08,13.312732696533203
2020-04-09,13.192131042480469
2020-04-13,13.149336814880371
2020-04-14,13.0870943069458
2020-04-15,12.472418785095215
2020-04-16,11.939444541931152
2020-04-17,13.207694053649902
2020-04-20,12.795318603515625
2020-04-21,12.56967830657959
2020-04-22,13.017066955566406
2020-04-23,13.43722152709961
2020-04-24,13.468343734741211
2020-04-27,13.760120391845703
2020-04-28,14.075239181518555
2020-04-29,15.11784553527832
2020-04-30,14.783280372619629
2020-05-01,13.946852684020996
2020-05-04,14.429259300231934
2020-05-05,14.44092845916748
2020-05-06,14.06357192993164
2020-05-07,14.429259300231934
2020-05-08,15.086727142333984
2020-05-11,14.82218074798584
2020-05-12,14.561532020568848
2020-05-13,13.900169372558594
2020-05-14,14.055787086486816
2020-05-15,14.001323699951172
2020-05-18,15.14508056640625
2020-05-19,14.72103214263916
2020-05-20,15.30847454071045
2020-05-21,15.063383102416992
2020-05-22,14.970015525817871
2020-05-26,15.386281967163086
2020-05-27,15.584692001342773
2020-05-28,15.148968696594238
2020-05-29,15.07894515991211
2020-06-01,15.343484878540039
2020-06-02,15.771424293518066
2020-06-03,16.234373092651367
2020-06-04,16.238265991210938
2020-06-05,17.444271087646484
2020-06-08,18.230117797851562
2020-06-09,17.545419692993164
2020-06-10,16.6817684173584
2020-06-11,15.11007022857666
2020-06-12,15.491316795349121
2020-06-15,15.538004875183105
2020-06-16,15.985391616821289
2020-06-17,15.44074821472168
2020-06-18,15.63137149810791
2020-06-19,15.394062042236328
2020-06-22,15.465380668640137
2020-06-23,15.481136322021484
2020-06-24,14.622171401977539
2020-06-25,14.90192699432373
2020-06-26,14.385761260986328
2020-06-29,14.578825950622559
2020-06-30,14.913743019104004
2020-07-01,14.551249504089355
2020-07-02,14.71279525756836
2020-07-06,14.75614070892334
2020-07-07,14.287250518798828
2020-07-08,14.275431632995605
2020-07-09,13.570134162902832
2020-07-10,14.003555297851562
2020-07-13,13.928689956665039
2020-07-14,14.417283058166504
2020-07-15,14.728558540344238
2020-07-16,14.661574363708496
2020-07-17,14.456683158874512
2020-07-20,14.216327667236328
2020-07-21,15.075295448303223
2020-07-22,14.890110969543457
2020-07-23,14.862526893615723
2020-07-24,14.779781341552734
2020-07-27,14.79554557800293
2020-07-28,14.543368339538574
2020-07-29,14.846765518188477
2020-07-30,14.2636137008667
2020-07-31,14.196626663208008
2020-08-03,14.247852325439453
2020-08-04,14.594590187072754
2020-08-05,14.748261451721191
2020-08-06,14.630049705505371
2020-08-07,14.649755477905273
2020-08-10,15.102883338928223
2020-08-11,15.051661491394043
2020-08-12,15.201386451721191
2020-08-13,14.905869483947754
2020-08-14,15.04771614074707
2020-08-17,14.961031913757324
2020-08-18,14.771904945373535
2020-08-19,14.602469444274902
2020-08-20,14.287250518798828
2020-08-21,14.196626663208008
2020-08-24,14.586711883544922
2020-08-25,14.381819725036621
2020-08-26,14.078417778015137
2020-08-27,14.106005668640137
2020-08-28,14.358173370361328
2020-08-31,14.04689884185791
2020-09-01,13.952335357666016
2020-09-02,13.88535213470459
2020-09-03,13.782902717590332
2020-09-04,13.73956298828125
2020-09-08,13.239156723022461
2020-09-09,13.329780578613281
2020-09-10,12.84118938446045
2020-09-11,12.853012084960938
2020-09-14,12.951516151428223
2020-09-15,12.856948852539062
2020-09-16,13.37312126159668
2020-09-17,13.392821311950684
2020-09-18,13.243094444274902
2020-09-21,12.804139137268066
2020-09-22,12.671972274780273
2020-09-23,12.099252700805664
2020-09-24,12.095248222351074
2020-09-25,12.087235450744629
2020-09-28,12.371597290039062
2020-09-29,12.031168937683105
2020-09-30,11.995118141174316
2020-10-01,11.626657485961914
2020-10-02,11.73879623413086
2020-10-05,12.091240882873535
2020-10-06,11.911014556884766
2020-10-07,12.07922649383545
2020-10-08,12.5317964553833
2020-10-09,12.33154296875
2020-10-12,12.363584518432617
2020-10-13,12.171341896057129
2020-10-14,12.223408699035645
2020-10-15,12.371597290039062
2020-10-16,12.091240882873535
2020-10-19,11.834918975830078
2020-10-20,11.975095748901367
2020-10-21,11.746805191040039
2020-10-22,12.231419563293457
2020-10-23,12.171341896057129
2020-10-26,11.734792709350586
2020-10-27,11.582597732543945
2020-10-28,11.097989082336426
2020-10-29,11.438419342041016
2020-10-30,11.502495765686035
2020-11-02,11.894994735717773
2020-11-03,11.826910018920898
2020-11-04,11.842927932739258
2020-11-05,11.842927932739258
2020-11-06,11.586604118347168
2020-11-09,13.240691184997559
2020-11-10,13.669231414794922
2020-11-11,13.529052734375
2020-11-12,13.09250259399414
2020-11-13,13.56910514831543
2020-11-16,14.46222972869873
2020-11-17,14.610414505004883
2020-11-18,14.185880661010742
2020-11-19,14.418173789978027
2020-11-20,14.342081069946289
2020-11-23,15.355354309082031
2020-11-24,16.14434814453125
2020-11-25,15.76787281036377
2020-11-27,15.583641052246094
2020-11-30,14.722559928894043
2020-12-01,14.790644645690918
2020-12-02,15.271247863769531
2020-12-03,15.431452751159668
2020-12-04,16.272512435913086
2020-12-07,15.892036437988281
2020-12-08,16.12833023071289
2020-12-09,16.16437530517578
2020-12-10,16.660999298095703
2020-12-11,16.468759536743164
2020-12-14,15.892036437988281
2020-12-15,16.204423904418945
2020-12-16,16.124324798583984
2020-12-17,16.048229217529297
2020-12-18,15.779890060424805
2020-12-21,15.475491523742676
2020-12-22,15.215744972229004
2020-12-23,15.552606582641602
2020-12-24,15.471430778503418
2020-12-28,15.374027252197266
2020-12-29,15.272565841674805
2020-12-30,15.5120210647583
2020-12-31,15.382145881652832
2021-01-04,15.406496047973633
2021-01-05,16.09645652770996
2021-01-06,16.587553024291992
2021-01-07,16.831073760986328
2021-01-08,16.810779571533203
2021-01-11,17.074588775634766
2021-01-12,17.67120361328125
2021-01-13,17.533214569091797
2021-01-14,18.05271339416504
2021-01-15,17.350570678710938
2021-01-19,17.699613571166992
2021-01-20,17.764551162719727
2021-01-21,17.163877487182617
2021-01-22,17.074588775634766
2021-01-25,16.900068283081055
2021-01-26,16.538850784301758
2021-01-27,16.315624237060547
2021-01-28,16.506380081176758
2021-01-29,15.958470344543457
2021-02-01,16.072111129760742
2021-02-02,16.246633529663086
2021-02-03,16.940649032592773
2021-02-04,17.127349853515625
2021-02-05,17.273456573486328
2021-02-08,17.995899200439453
2021-02-09,17.80513572692871
2021-02-10,18.14606475830078
2021-02-11,17.866018295288086
2021-02-12,18.129823684692383
2021-02-16,18.584392547607422
2021-02-17,18.860380172729492
2021-02-18,18.434221267700195
2021-02-19,18.742677688598633
2021-02-22,19.39205551147461
2021-02-23,19.71268653869629
2021-02-24,20.410770416259766
2021-02-25,20.017086029052734
2021-02-26,19.54222297668457
2021-03-01,20.04954719543457
2021-03-02,19.93996810913086
2021-03-03,20.232189178466797
2021-03-04,20.715166091918945
2021-03-05,21.490360260009766
2021-03-08,21.53094482421875
2021-03-09,21.15349578857422
2021-03-10,21.689231872558594
2021-03-11,21.69734764099121
2021-03-12,21.74199867248535
2021-03-15,21.494417190551758
2021-03-16,20.88157081604004
2021-03-17,21.043912887573242
2021-03-18,20.0982608795166
2021-03-19,20.102313995361328
2021-03-22,19.90953826904297
2021-03-23,19.618316650390625
2021-03-24,20.110515594482422
2021-03-25,20.18434715270996
2021-03-26,20.684755325317383
2021-03-29,20.43865394592285
2021-03-30,20.262277603149414
2021-03-31,20.122827529907227
2021-04-01,20.635534286499023
2021-04-05,20.143329620361328
2021-04-06,20.090011596679688
2021-04-07,20.15973472595215
2021-04-08,19.897233963012695
2021-04-09,19.765981674194336
2021-04-12,19.61011505126953
2021-04-13,19.6306209564209
2021-04-14,20.1761417388916
2021-04-15,20.0120792388916
2021-04-16,19.852113723754883
2021-04-19,19.831607818603516
2021-04-20,19.30658531188965
2021-04-21,19.552690505981445
2021-04-22,19.3229923248291
2021-04-23,19.499370574951172
2021-04-26,19.6306209564209
2021-04-27,19.86851692199707
2021-04-28,20.553497314453125
2021-04-29,20.783193588256836
2021-04-30,20.258176803588867
2021-05-03,20.816001892089844
2021-05-04,20.828311920166016
2021-05-05,21.500980377197266
2021-05-06,21.611730575561523
2021-05-07,21.997289657592773
2021-05-10,22.005495071411133
2021-05-11,21.43946075439453
2021-05-12,21.54200553894043
2021-05-13,21.27949333190918
2021-05-14,21.93986701965332
2021-05-17,22.448471069335938
2021-05-18,21.92755889892578
2021-05-19,21.382036209106445
2021-05-20,21.349224090576172
2021-05-21,21.394344329833984
2021-05-24,21.607629776000977
2021-05-25,21.16875457763672
2021-05-26,21.357425689697266
2021-05-27,21.373838424682617
2021-05-28,21.41485023498535
2021-06-01,22.239288330078125
2021-06-02,22.653554916381836
2021-06-03,22.715087890625
2021-06-04,22.866846084594727
2021-06-07,22.768402099609375
2021-06-08,22.96528434753418
2021-06-09,22.82172393798828
2021-06-10,22.79301643371582
2021-06-11,22.715087890625
2021-06-14,22.61664390563965
2021-06-15,23.047313690185547
2021-06-16,22.924266815185547
2021-06-17,22.144954681396484
2021-06-18,21.488679885864258
2021-06-21,22.404417037963867
2021-06-22,22.5535888671875
2021-06-23,22.61573600769043
2021-06-24,22.81049156188965
2021-06-25,22.9306583404541
2021-06-28,22.155797958374023
2021-06-29,22.048065185546875
2021-06-30,22.321542739868164
2021-07-01,22.711040496826172
2021-07-02,22.661319732666016
2021-07-06,21.92375946044922
2021-07-07,21.567411422729492
2021-07-08,21.443103790283203
2021-07-09,21.89889907836914
2021-07-12,21.865747451782227
2021-07-13,21.70000457763672
2021-07-14,21.05360221862793
2021-07-15,20.75940704345703
2021-07-16,20.1710205078125
2021-07-19,19.458322525024414
2021-07-20,19.719364166259766
2021-07-21,20.407207489013672
2021-07-22,20.179304122924805
2021-07-23,20.104724884033203
2021-07-26,20.601953506469727
2021-07-27,20.41134262084961
2021-07-28,20.597806930541992
2021-07-29,20.796703338623047
2021-07-30,20.465213775634766
2021-08-02,20.311904907226562
2021-08-03,20.659961700439453
2021-08-04,20.1005802154541
2021-08-05,20.32847785949707
2021-08-06,20.514938354492188
2021-08-09,20.224885940551758
2021-08-10,20.581235885620117
2021-08-11,20.74283790588379
2021-08-12,20.72211265563965
2021-08-13,20.47764015197754
2021-08-16,20.1005802154541
2021-08-17,19.89339828491211
2021-08-18,19.479040145874023
2021-08-19,18.973520278930664
2021-08-20,19.014955520629883
2021-08-23,19.727651596069336
2021-08-24,20.054996490478516
2021-08-25,20.208311080932617
2021-08-26,19.90167999267578
2021-08-27,20.432064056396484
2021-08-30,20.19173812866211
2021-08-31,20.054996490478516
2021-09-01,19.76080322265625
2021-09-02,20.262178421020508
2021-09-03,20.14615821838379
2021-09-07,20.025989532470703
2021-09-08,19.769092559814453
2021-09-09,19.810527801513672
2021-09-10,19.802236557006836
2021-09-13,20.369915008544922
2021-09-14,20.075714111328125
2021-09-15,20.825706481933594
2021-09-16,20.589521408081055
2021-09-17,20.43621253967285
2021-09-20,19.812152862548828
2021-09-21,19.85828399658203
2021-09-22,20.470596313476562
2021-09-23,21.187761306762695
2021-09-24,21.347135543823242
2021-09-27,22.10623550415039
2021-09-28,22.181726455688477
2021-09-29,22.181726455688477
2021-09-30,21.846208572387695
2021-10-01,22.58014678955078
2021-10-04,22.9492130279541
2021-10-05,23.083419799804688
2021-10-06,22.840173721313477
2021-10-07,23.016319274902344
2021-10-08,23.725093841552734
2021-10-11,23.637020111083984
2021-10-12,23.657989501953125
2021-10-13,23.637020111083984
2021-10-14,23.9263973236084
2021-10-15,24.043832778930664
2021-10-18,24.060609817504883
2021-10-19,24.333213806152344
2021-10-20,24.53032684326172
2021-10-21,24.07737922668457
2021-10-22,24.303855895996094
2021-10-25,24.660341262817383
2021-10-26,24.802934646606445
2021-10-27,24.0899658203125
2021-10-28,24.261920928955078
2021-10-29,24.102550506591797
2021-11-01,24.517742156982422
2021-11-02,24.287078857421875
2021-11-03,24.085771560668945
2021-11-04,24.11931800842285
2021-11-05,24.43386459350586
2021-11-08,24.656147003173828
2021-11-09,24.756797790527344
2021-11-10,24.102550506591797
2021-11-11,24.19481086730957
2021-11-12,24.136098861694336
2021-11-15,24.3374080657959
2021-11-16,24.375152587890625
2021-11-17,24.001888275146484
2021-11-18,23.85930061340332
2021-11-19,22.92824363708496
2021-11-22,23.335058212280273
2021-11-23,24.05221939086914
2021-11-24,24.287078857421875
2021-11-26,23.309892654418945
2021-11-29,23.4440975189209
2021-11-30,22.894697189331055
2021-12-01,22.651437759399414
2021-12-02,23.309892654418945
2021-12-03,23.125362396240234
2021-12-06,23.469266891479492
2021-12-07,24.018667221069336
2021-12-08,24.01447296142578
2021-12-09,23.829940795898438
2021-12-10,24.006084442138672
2021-12-13,23.339252471923828
2021-12-14,23.242786407470703
2021-12-15,23.129552841186523
2021-12-16,23.27634048461914
2021-12-17,22.80242347717285
2021-12-20,22.51992416381836
2021-12-21,23.161407470703125
2021-12-22,23.31009292602539
2021-12-23,23.322839736938477
2021-12-27,23.83262825012207
2021-12-28,23.81563377380371
2021-12-29,23.662700653076172
2021-12-30,23.51825523376465
2021-12-31,23.57773208618164
2022-01-03,24.30843162536621
2022-01-04,25.149578094482422
2022-01-05,25.145328521728516
2022-01-06,25.706100463867188
2022-01-07,26.058704376220703
2022-01-10,25.977981567382812
2022-01-11,26.861621856689453
2022-01-12,26.912599563598633
2022-01-13,26.776655197143555
2022-01-14,27.405393600463867
2022-01-18,27.51584815979004
2022-01-19,27.31618309020996
2022-01-20,27.065534591674805
2022-01-21,26.530258178710938
2022-01-24,26.70868492126465
2022-01-25,27.74525260925293
2022-01-26,27.698524475097656
2022-01-27,28.000154495239258
2022-01-28,27.881195068359375
2022-01-31,28.00439453125
2022-02-01,29.00273323059082
2022-02-02,29.09619903564453
2022-02-03,28.820051193237305
2022-02-04,29.270374298095703
2022-02-07,29.644214630126953
2022-02-08,29.00698471069336
2022-02-09,29.249134063720703
2022-02-10,29.066455841064453
2022-02-11,29.911861419677734
2022-02-14,29.206649780273438
2022-02-15,28.90077781677246
2022-02-16,29.13442611694336
2022-02-17,29.08770179748535
2022-02-18,28.909276962280273
2022-02-22,28.441967010498047
2022-02-23,28.735097885131836
2022-02-24,28.509937286376953
2022-02-25,29.261877059936523
2022-02-28,29.984081268310547
2022-03-01,30.285701751708984
2022-03-02,30.978164672851562
2022-03-03,31.063129425048828
2022-03-04,31.959518432617188
2022-03-07,32.43106460571289
2022-03-08,32.94085693359375
2022-03-09,31.934017181396484
2022-03-10,32.91111755371094
2022-03-11,32.647727966308594
2022-03-14,31.670629501342773
2022-03-15,30.510862350463867
2022-03-16,30.370662689208984
2022-03-17,31.415725708007812
2022-03-18,31.38599395751953
2022-03-21,32.65121078491211
2022-03-22,32.41103744506836
2022-03-23,32.96859359741211
2022-03-24,33.050086975097656
2022-03-25,33.774898529052734
2022-03-28,32.938568115234375
2022-03-29,32.85279083251953
2022-03-30,33.234500885009766
2022-03-31,32.78417205810547
2022-04-01,33.050086975097656
2022-04-04,33.092979431152344
2022-04-05,32.57402038574219
2022-04-06,32.76701736450195
2022-04-07,33.19590759277344
2022-04-08,34.109432220458984
2022-04-11,33.08439254760742
2022-04-12,33.63336181640625
2022-04-13,34.13516616821289
2022-04-14,34.24667739868164
2022-04-18,34.74848175048828
2022-04-19,34.46540832519531
2022-04-20,34.598358154296875
2022-04-21,33.500404357910156
2022-04-22,32.68123245239258
2022-04-25,31.60043716430664
2022-04-26,31.643325805664062
2022-04-27,32.10652542114258
2022-04-28,33.080101013183594
2022-04-29,32.23091125488281
2022-05-02,32.74556350708008
2022-05-03,33.66339111328125
2022-05-04,35.061561584472656
2022-05-05,34.53403091430664
2022-05-06,35.5633544921875
2022-05-09,32.621192932128906
2022-05-10,32.91712188720703
2022-05-11,33.35887908935547
2022-05-12,33.500404357910156
2022-05-13,34.64554214477539
2022-05-16,35.55907440185547
2022-05-17,35.97080993652344
2022-05-18,35.0486946105957
2022-05-19,34.920021057128906
2022-05-20,35.07014465332031
2022-05-23,35.99654006958008
2022-05-24,36.1337776184082
2022-05-25,36.880043029785156
2022-05-26,37.28749084472656
2022-05-27,37.969425201416016
2022-05-31,37.39900207519531
2022-06-01,38.00802230834961
2022-06-02,37.887939453125
2022-06-03,38.389732360839844
2022-06-06,38.34684371948242
2022-06-07,39.491973876953125
2022-06-08,39.577754974365234
2022-06-09,38.70281982421875
2022-06-10,38.0466194152832
2022-06-13,36.06087112426758
2022-06-14,36.129493713378906
2022-06-15,35.331764221191406
2022-06-16,33.34171676635742
2022-06-17,31.518949508666992
2022-06-21,33.151824951171875
2022-06-22,31.82471466064453
2022-06-23,30.645055770874023
2022-06-24,31.04837989807129
2022-06-27,31.959152221679688
2022-06-28,32.82221603393555
2022-06-29,31.681589126586914
2022-06-30,31.013702392578125
2022-07-01,31.477745056152344
2022-07-05,30.228700637817383
2022-07-06,29.712604522705078
2022-07-07,30.783838272094727
2022-07-08,30.77082061767578
2022-07-11,30.47591209411621
2022-07-12,29.881744384765625
2022-07-13,29.83404541015625
2022-07-14,29.27022933959961
2022-07-15,29.747295379638672
2022-07-18,30.428205490112305
2022-07-19,31.364986419677734
2022-07-20,31.6685733795166
2022-07-21,31.113449096679688
2022-07-22,30.857561111450195
2022-07-25,31.989521026611328
2022-07-26,31.698936462402344
2022-07-27,32.41453552246094
2022-07-28,32.59669494628906
2022-07-29,34.010536193847656
2022-08-01,33.307952880859375
2022-08-02,33.22988510131836
2022-08-03,32.27574920654297
2022-08-04,31.078750610351562
2022-08-05,31.694602966308594
2022-08-08,31.85940170288086
2022-08-09,32.41886901855469
2022-08-10,32.65306854248047
2022-08-11,33.776344299316406
2022-08-12,34.032222747802734
2022-08-15,33.368675231933594
2022-08-16,33.29059982299805
2022-08-17,33.56817626953125
2022-08-18,34.47026443481445
2022-08-19,34.461585998535156
2022-08-22,34.39653396606445
2022-08-23,35.63690185546875
2022-08-24,36.07493591308594
2022-08-25,36.35251235961914
2022-08-26,35.92748260498047
2022-08-29,36.469608306884766
2022-08-30,35.23356628417969
2022-08-31,34.91264343261719
2022-09-01,34.05390930175781
2022-09-02,34.67843246459961
2022-09-06,34.35750198364258
2022-09-07,33.958499908447266
2022-09-08,34.10596466064453
2022-09-09,34.95600128173828
2022-09-12,35.59787368774414
2022-09-13,34.70011901855469
2022-09-14,35.680274963378906
2022-09-15,34.76084518432617
2022-09-16,34.01921844482422
2022-09-19,34.03937911987305
2022-09-20,33.80263137817383
2022-09-21,33.307212829589844
2022-09-22,33.188838958740234
2022-09-23,30.90025520324707
2022-09-26,30.14177703857422
2022-09-27,30.4793643951416
2022-09-28,31.82971954345703
2022-09-29,31.82971954345703
2022-09-30,31.57542610168457
2022-10-03,33.359825134277344
2022-10-04,34.79347610473633
2022-10-05,35.51249313354492
2022-10-06,36.143829345703125
2022-10-07,35.86323547363281
2022-10-10,35.126678466796875
2022-10-11,34.846092224121094
2022-10-12,35.126678466796875
2022-10-13,36.560333251953125
2022-10-14,35.19683074951172
2022-10-17,35.635250091552734
2022-10-18,35.94654083251953
2022-10-19,37.00752639770508
2022-10-20,37.042598724365234
2022-10-21,38.11235427856445
2022-10-24,38.29212188720703
2022-10-25,38.331581115722656
2022-10-26,38.853294372558594
2022-10-27,38.993595123291016
2022-10-28,39.12950897216797
2022-10-31,39.45832061767578
2022-11-01,39.83976745605469
2022-11-02,38.87960433959961
2022-11-03,39.59862518310547
2022-11-04,40.08089065551758
2022-11-07,40.769222259521484
2022-11-08,40.80868148803711
2022-11-09,38.8138427734375
2022-11-10,39.67753982543945
2022-11-11,40.83060073852539
2022-11-14,40.817447662353516
2022-11-15,41.24710464477539
2022-11-16,40.40532302856445
2022-11-17,40.493011474609375
2022-11-18,40.17295837402344
2022-11-21,39.629310607910156
2022-11-22,40.870059967041016
2022-11-23,40.42725372314453
2022-11-25,40.2781867980957
2022-11-28,39.173343658447266
2022-11-29,39.765228271484375
2022-11-30,39.962520599365234
2022-12-01,39.830989837646484
2022-12-02,39.59424591064453
2022-12-05,38.41926193237305
2022-12-06,37.406494140625
2022-12-07,37.318817138671875
2022-12-08,37.1522102355957
2022-12-09,36.249046325683594
2022-12-12,37.20043182373047
2022-12-13,37.90629959106445
2022-12-14,37.67393493652344
2022-12-15,37.44595718383789
2022-12-16,36.9856071472168
2022-12-19,36.981178283691406
2022-12-20,37.539283752441406
2022-12-21,38.25241470336914
2022-12-22,37.3709716796875
2022-12-23,38.56248092651367
2022-12-27,38.97441864013672
2022-12-28,38.10181427001953
2022-12-29,38.500465393066406
2022-12-30,38.74407958984375
2023-01-03,37.38426208496094
2023-01-04,37.379825592041016
2023-01-05,38.06195068359375
2023-01-06,38.78394317626953
2023-01-09,38.64663314819336
2023-01-10,38.921268463134766
2023-01-11,39.04084777832031
2023-01-12,39.785003662109375
2023-01-13,39.84257507324219
2023-01-17,39.926734924316406
2023-01-18,39.195884704589844
2023-01-19,39.6831169128418
2023-01-20,40.07734298706055
2023-01-23,40.130489349365234
2023-01-24,39.9754638671875
2023-01-25,39.979888916015625
2023-01-26,41.242279052734375
2023-01-27,40.409549713134766
2023-01-30,39.483802795410156
2023-01-31,39.83372497558594
2023-02-01,39.049713134765625
2023-02-02,38.159400939941406
2023-02-03,38.07524108886719
2023-02-06,37.902496337890625
2023-02-07,39.13386917114258
2023-02-08,38.78394317626953
2023-02-09,38.45174026489258
2023-02-10,39.957740783691406
2023-02-13,39.85587692260742
2023-02-14,39.8691520690918
2023-02-15,39.19145202636719
2023-02-16,38.80609893798828
2023-02-17,37.42411804199219
2023-02-21,37.23809051513672
2023-02-22,36.99003601074219
2023-02-23,37.54813766479492
2023-02-24,37.49942398071289
2023-02-27,37.61015701293945
2023-02-28,37.069759368896484
2023-03-01,37.800621032714844
2023-03-02,38.132816314697266
2023-03-03,38.65107345581055
2023-03-06,38.668785095214844
2023-03-07,37.995513916015625
2023-03-08,37.6057243347168
2023-03-09,37.07419204711914
2023-03-10,36.60025405883789
2023-03-13,35.85610580444336
2023-03-14,36.210453033447266
2023-03-15,34.26594924926758
2023-03-16,34.63801574707031
2023-03-17,34.09320068359375
2023-03-20,34.775733947753906
2023-03-21,35.97968292236328
2023-03-22,35.214351654052734
2023-03-23,34.726497650146484
2023-03-24,34.86076736450195
2023-03-27,35.60372543334961
2023-03-28,36.154232025146484
2023-03-29,36.65549850463867
2023-03-30,36.816627502441406
2023-03-31,37.071746826171875
2023-04-03,38.7501106262207
2023-04-04,38.04743194580078
2023-04-05,38.62030792236328
2023-04-06,38.03400802612305
2023-04-10,38.338340759277344
2023-04-11,38.70087814331055
2023-04-12,38.727725982666016
2023-04-13,38.96940994262695
2023-04-14,39.0410270690918
2023-04-17,38.58002471923828
2023-04-18,38.73219680786133
2023-04-19,38.59792709350586
2023-04-20,38.257781982421875
2023-04-21,38.03400802612305
2023-04-24,38.61583709716797
2023-04-25,37.890785217285156
2023-04-26,37.385032653808594
2023-04-27,37.51930236816406
2023-04-28,38.101139068603516
2023-05-01,37.67147445678711
2023-05-02,36.033390045166016
2023-05-03,35.35309600830078
2023-05-04,34.95923614501953
2023-05-05,35.908077239990234
2023-05-08,35.908077239990234
2023-05-09,35.92150115966797
2023-05-10,35.51421356201172
2023-05-11,35.089027404785156
2023-05-12,35.14273452758789
2023-05-15,35.32175827026367
2023-05-16,34.453495025634766
2023-05-17,35.115882873535156
2023-05-18,35.37099075317383
2023-05-19,35.644004821777344
2023-05-22,35.496315002441406
2023-05-23,35.876747131347656
2023-05-24,36.033390045166016
2023-05-25,35.39337158203125
2023-05-26,35.254634857177734
2023-05-30,34.8921012878418
2023-05-31,34.2789421081543
2023-06-01,34.70412826538086
2023-06-02,35.7603759765625
2023-06-05,35.523170471191406
2023-06-06,35.809608459472656
2023-06-07,36.75844192504883
2023-06-08,36.6017951965332
2023-06-09,36.400390625
2023-06-12,36.051292419433594
2023-06-13,36.22136688232422
2023-06-14,35.849884033203125
2023-06-15,36.243743896484375
2023-06-16,36.19003677368164
2023-06-20,35.38003158569336
2023-06-21,35.659976959228516
2023-06-22,35.18136978149414
2023-06-23,34.92852783203125
2023-06-26,35.556121826171875
2023-06-27,35.63739013671875
2023-06-28,35.99859619140625
2023-06-29,36.41399002075195
2023-06-30,36.64876937866211
2023-07-03,36.734554290771484
2023-07-05,36.531375885009766
2023-07-06,35.70962905883789
2023-07-07,36.47719955444336
2023-07-10,36.76164245605469
2023-07-11,37.56983947753906
2023-07-12,37.91749954223633
2023-07-13,37.77301788330078
2023-07-14,36.77518844604492
2023-07-17,36.702945709228516
2023-07-18,37.07318115234375
2023-07-19,37.2899055480957
2023-07-20,37.72787094116211
2023-07-21,38.061988830566406
2023-07-24,38.67603302001953
2023-07-25,38.879207611083984
2023-07-26,38.89274597167969
2023-07-27,38.6444206237793
2023-07-28,38.761817932128906
2023-07-31,39.49777603149414
2023-08-01,39.312652587890625
2023-08-02,38.797935485839844
2023-08-03,39.190757751464844
2023-08-04,39.24492263793945
2023-08-07,39.290077209472656
2023-08-08,39.484222412109375
2023-08-09,39.98087692260742
2023-08-10,39.97637176513672
2023-08-11,40.59041976928711
2023-08-14,40.41884231567383
2023-08-15,39.57904052734375
2023-08-16,39.235897064208984
2023-08-17,39.70545959472656
2023-08-18,40.0982780456543
2023-08-21,39.84543228149414
2023-08-22,39.53840637207031
2023-08-23,39.439083099365234
2023-08-24,39.16817855834961
2023-08-25,39.54743576049805
2023-08-28,39.81382751464844
2023-08-29,39.922183990478516
2023-08-30,40.120849609375
2023-08-31,40.14794158935547
2023-09-01,40.96968078613281
2023-09-05,41.1864013671875
2023-09-06,41.204463958740234
2023-09-07,41.16382598876953
2023-09-08,41.5611572265625
2023-09-11,41.01483154296875
2023-09-12,41.981056213378906
2023-09-13,41.66499710083008
2023-09-14,42.15263748168945
2023-09-15,41.543094635009766
2023-09-18,41.8951301574707
2023-09-19,41.50397872924805
2023-09-20,41.117366790771484
2023-09-21,40.55337142944336
2023-09-22,40.62159729003906
2023-09-25,41.131011962890625
2023-09-26,40.894500732421875
2023-09-27,41.91333770751953
2023-09-28,41.95882034301758
2023-09-29,41.11281967163086
2023-10-02,40.294105529785156
2023-10-03,40.266815185546875
2023-10-04,39.00236511230469
2023-10-05,38.76130294799805
2023-10-06,38.9932746887207
2023-10-09,40.294105529785156
2023-10-10,40.34414291381836
2023-10-11,39.825626373291016
2023-10-12,39.87111282348633
2023-10-13,40.74894332885742
2023-10-16,41.021854400634766
2023-10-17,41.449398040771484
2023-10-18,41.82691955566406
2023-10-19,41.7541389465332
2023-10-20,41.0536994934082
2023-10-23,40.389625549316406
2023-10-24,39.82107925415039
2023-10-25,39.74831008911133
2023-10-26,39.43901443481445
2023-10-27,38.492942810058594
2023-10-30,38.62030792236328
2023-10-31,38.747657775878906
2023-11-01,38.65669631958008
2023-11-02,39.825626373291016
2023-11-03,39.42536926269531
2023-11-06,38.97962951660156
2023-11-07,38.11543655395508
2023-11-08,37.637855529785156
2023-11-09,37.52415084838867
2023-11-10,37.938053131103516
2023-11-13,38.21095275878906
2023-11-14,38.55207824707031
2023-11-15,38.479305267333984
2023-11-16,37.728824615478516
2023-11-17,38.52024459838867
2023-11-20,38.574825286865234
2023-11-21,38.488407135009766
2023-11-22,38.470211029052734
2023-11-24,38.62940216064453
2023-11-27,38.492942810058594
2023-11-28,38.50204849243164
2023-11-29,38.21550369262695
2023-11-30,38.470211029052734
2023-12-01,38.67033386230469
2023-12-04,38.492942810058594
2023-12-05,37.819786071777344
2023-12-06,37.25579833984375
2023-12-07,37.00108337402344
2023-12-08,37.401336669921875
2023-12-11,37.44682312011719
2023-12-12,36.932857513427734
2023-12-13,37.44682312011719
2023-12-14,38.54753494262695
2023-12-15,38.34286117553711
2023-12-18,38.656028747558594
2023-12-19,39.11982727050781
2023-12-20,38.75706100463867
2023-12-21,38.908599853515625
2023-12-22,39.023399353027344
2023-12-26,39.35861587524414
2023-12-27,39.18411636352539
2023-12-28,38.58715057373047
2023-12-29,38.49990463256836
2024-01-02,38.913185119628906
2024-01-03,39.54689407348633
2024-01-04,38.85349655151367
2024-01-05,38.8856315612793
2024-01-08,38.43560791015625
2024-01-09,37.82028579711914
2024-01-10,37.44831466674805
2024-01-11,37.54475784301758
2024-01-12,37.96721649169922
2024-01-16,37.062583923339844
2024-01-17,36.754913330078125
2024-01-18,36.69522476196289
2024-01-19,36.814605712890625
2024-01-22,36.95237350463867
2024-01-23,37.03044128417969
2024-01-24,37.558528900146484
2024-01-25,38.40346145629883
2024-01-26,38.688175201416016
2024-01-29,38.6330680847168
2024-01-30,39.0325813293457
2024-01-31,38.30244827270508
2024-02-01,38.297855377197266
2024-02-02,38.35294723510742
2024-02-05,38.25652313232422
2024-02-06,38.38050842285156
2024-02-07,38.458580017089844
2024-02-08,38.85349655151367
2024-02-09,38.25652313232422
2024-02-12,38.678993225097656
2024-02-13,38.28866958618164
2024-02-14,38.251930236816406
2024-02-15,39.317298889160156
2024-02-16,39.294334411621094
2024-02-20,38.93614959716797
2024-02-21,39.666290283203125
2024-02-22,39.73516845703125
2024-02-23,39.47342300415039
2024-02-26,39.611183166503906
2024-02-27,39.4412727355957
2024-02-28,39.36321258544922
2024-02-29,39.556068420410156
2024-03-01,40.01528549194336
2024-03-04,39.588226318359375
2024-03-05,39.88211441040039
2024-03-06,40.006103515625
2024-03-07,40.34592056274414
2024-03-08,40.4882698059082
2024-03-11,40.90614700317383
2024-03-12,40.841861724853516
2024-03-13,41.493934631347656
2024-03-14,41.92099380493164
2024-03-15,42.044979095458984
2024-03-18,42.190330505371094
2024-03-19,42.67176818847656
2024-03-20,42.611595153808594
2024-03-21,42.866188049316406
2024-03-22,42.77361297607422
2024-03-25,43.171722412109375
2024-03-26,42.83842086791992
2024-03-27,43.236534118652344
2024-03-28,43.704078674316406
2024-04-01,44.02811813354492
2024-04-02,44.64380645751953
2024-04-03,44.94932556152344
2024-04-04,44.921546936035156
2024-04-05,45.40298080444336
2024-04-08,45.115970611572266
2024-04-09,45.129859924316406
2024-04-10,45.26874923706055
2024-04-11,45.23634338378906
2024-04-12,44.50029754638672
2024-04-15,44.08367156982422
2024-04-16,43.6994514465332
2024-04-17,43.574462890625
2024-04-18,43.44021224975586
2024-04-19,43.963314056396484
2024-04-22,44.25032424926758
2024-04-23,44.49566650390625
2024-04-24,44.52806854248047
2024-04-25,44.73175811767578
2024-04-26,44.31975555419922
2024-04-29,44.62065124511719
2024-04-30,43.29207992553711
2024-05-01,42.60233688354492
2024-05-02,42.84768295288086
2024-05-03,42.85231018066406
2024-05-06,43.19023513793945
2024-05-07,43.148582458496094
2024-05-08,43.097652435302734
2024-05-09,43.676300048828125
2024-05-10,43.43558120727539
2024-05-13,43.31985092163086
2024-05-14,43.37540054321289
2024-05-15,43.47262191772461
2024-05-16,43.35226058959961
2024-05-17,43.958683013916016
2024-05-20,43.67167282104492
2024-05-21,43.4587287902832
2024-05-22,42.62547302246094
2024-05-23,42.23662567138672
2024-05-24,42.296810150146484
2024-05-28,42.7319450378418
2024-05-29,41.977394104003906
2024-05-30,42.09775924682617
2024-05-31,43.14394760131836
2024-06-03,42.014427185058594
2024-06-04,41.611690521240234
2024-06-05,41.6070556640625
2024-06-06,41.82463455200195
2024-06-07,41.657981872558594
2024-06-10,41.9727668762207
2024-06-11,41.88943862915039
2024-06-12,41.44040298461914
2024-06-13,41.060813903808594
2024-06-14,40.75529479980469
2024-06-17,40.861759185791016
2024-06-18,41.03303909301758
2024-06-20,41.78759765625
2024-06-21,41.546878814697266
2024-06-24,42.59447479248047
2024-06-25,42.69246292114258
2024-06-26,42.272499084472656
2024-06-27,42.37050247192383
2024-06-28,42.5338134765625
2024-07-01,42.557151794433594
2024-07-02,42.524478912353516
2024-07-03,42.71113967895508
2024-07-05,42.04384231567383
2024-07-08,41.787193298339844
2024-07-09,41.41856384277344
2024-07-10,41.69853973388672
2024-07-11,42.132503509521484
2024-07-12,42.23983383178711
2024-07-15,42.87912368774414
2024-07-16,43.07044982910156
2024-07-17,43.49974822998047
2024-07-18,43.57908248901367
2024-07-19,43.10311508178711
2024-07-22,42.83245849609375
2024-07-23,42.15117645263672
2024-07-24,42.15583801269531
2024-07-25,42.8837890625
2024-07-26,43.01911544799805
2024-07-29,42.650474548339844
2024-07-30,43.31309127807617
2024-07-31,43.49508285522461
2024-08-01,42.342498779296875
2024-08-02,41.25056838989258
2024-08-05,40.34062576293945
2024-08-06,40.587947845458984
2024-08-07,40.75126647949219
2024-08-08,41.6285400390625
2024-08-09,41.721866607666016
2024-08-12,41.92718505859375
2024-08-13,41.521217346191406
2024-08-14,41.763858795166016
2024-08-15,42.26316833496094
2024-08-16,42.21650314331055
2024-08-19,42.50114822387695
2024-08-20,41.3812255859375
2024-08-21,41.45122146606445
2024-08-22,41.55854797363281
2024-08-23,42.179168701171875
2024-08-26,42.557151794433594
2024-08-27,42.16050338745117
2024-08-28,41.889854431152344
2024-08-29,42.435821533203125
2024-08-30,42.59447479248047
2024-09-03,41.535213470458984
2024-09-04,40.96125030517578
2024-09-05,40.64393997192383
2024-09-06,40.13530731201172
2024-09-09,40.424617767333984
2024-09-10,39.72933578491211
2024-09-11,39.36069107055664
2024-09-12,39.71533966064453
2024-09-13,39.93931579589844
2024-09-16,40.39662551879883
2024-09-17,40.94258117675781
2024-09-18,41.02191162109375
2024-09-19,41.51188278198242
2024-09-20,41.41856384277344
2024-09-23,41.92998504638672
2024-09-24,41.826473236083984
2024-09-25,41.00782012939453
2024-09-26,40.203277587890625
2024-09-27,41.021934509277344
2024-09-30,41.30893325805664
2024-10-01,42.249908447265625
2024-10-02,42.68275833129883
2024-10-03,43.43553924560547
2024-10-04,43.84016418457031
2024-10-07,43.995426177978516
2024-10-08,42.84742736816406
2024-10-09,43.106197357177734
2024-10-10,43.39790725708008
2024-10-11,43.66608428955078
2024-10-14,43.64726638793945
2024-10-15,42.24049758911133
2024-10-16,42.442806243896484
2024-10-17,42.64512252807617
2024-10-18,42.503971099853516
2024-10-21,42.3769416809082
2024-10-22,42.47574234008789
2024-10-23,42.25461196899414
2024-10-24,42.249908447265625
2024-10-25,42.23579406738281
2024-10-28,41.967620849609375
2024-10-29,41.32775115966797
2024-10-30,41.421844482421875
2024-10-31,41.68061828613281
2024-11-01,41.417144775390625
2024-11-04,42.141693115234375
2024-11-05,42.42399597167969
2024-11-06,44.018951416015625
2024-11-07,43.81663513183594
2024-11-08,44.108341217041016
2024-11-11,44.35770034790039
2024-11-12,44.12245559692383
2024-11-13,44.465911865234375
2024-11-14,44.635284423828125
2024-11-15,44.569419860839844
2024-11-18,45.162235260009766
2024-11-19,44.87523651123047
2024-11-20,45.326904296875
2024-11-21,45.693885803222656
2024-11-22,45.764461517333984
2024-11-25,44.861122131347656
2024-11-26,44.79996109008789
2024-11-27,44.75291442871094
2024-11-29,44.9458122253418
2024-12-02,44.470611572265625
2024-12-03,44.465911865234375
2024-12-04,43.39319610595703
2024-12-05,43.56257247924805
2024-12-06,42.82390213012695
2024-12-09,42.75333023071289
2024-12-10,42.46162796020508
2024-12-11,42.532203674316406
2024-12-12,42.188743591308594
2024-12-13,41.97703170776367
2024-12-16,41.05486297607422
2024-12-17,40.74905014038086
2024-12-18,39.54460144042969
2024-12-19,39.20113754272461
2024-12-20,39.58694076538086
2024-12-23,39.81941223144531
2024-12-24,40.15626907348633
2024-12-26,40.123050689697266
2024-12-27,40.118309020996094
2024-12-30,40.11356735229492
2024-12-31,40.640193939208984
2025-01-02,41.11463165283203
2025-01-03,41.49892044067383
2025-01-06,41.309146881103516
2025-01-07,41.72190475463867
2025-01-08,41.76460647583008
2025-01-10,41.93539810180664
2025-01-13,42.81785583496094
2025-01-14,43.278053283691406
2025-01-15,43.91854476928711
2025-01-16,44.236419677734375
2025-01-17,44.5780029296875
2025-01-21,44.35028076171875
2025-01-22,43.54374313354492
2025-01-23,43.74300003051758
2025-01-24,43.32075500488281
2025-01-27,42.87003707885742
2025-01-28,42.4620246887207
2025-01-29,42.55691146850586
2025-01-30,42.77515411376953
2025-01-31,41.57957077026367
2025-02-03,41.840518951416016
2025-02-04,42.71821594238281
2025-02-05,42.80836486816406
2025-02-06,42.02080154418945
2025-02-07,42.016056060791016
2025-02-10,42.94120788574219
2025-02-11,43.28753662109375
2025-02-12,42.2437858581543
2025-02-13,42.5616569519043
2025-02-14,42.732452392578125
2025-02-18,43.31601333618164
2025-02-19,43.6576042175293
2025-02-20,44.05612564086914
2025-02-21,43.140472412109375
2025-02-24,43.14995574951172
2025-02-25,42.52845001220703
2025-02-26,42.28647994995117
2025-02-27,42.51420974731445
2025-02-28,43.173683166503906
2025-03-03,41.664974212646484
2025-03-04,41.26170349121094
2025-03-05,40.6591682434082
2025-03-06,40.78252410888672
2025-03-07,41.47993850708008
2025-03-10,41.788330078125
2025-03-11,41.45622253417969
2025-03-12,41.645992279052734
2025-03-13,41.36133575439453
2025-03-14,42.58538055419922
2025-03-17,43.26382827758789
2025-03-18,43.334983825683594
2025-03-19,44.041900634765625
2025-03-20,44.20320510864258
2025-03-21,43.89481735229492
2025-03-24,44.394954681396484
2025-03-25,44.57664489746094
2025-03-26,44.83961868286133
2025-03-27,44.40452194213867
2025-03-28,44.19413757324219
2025-03-31,44.68183517456055
2025-04-01,44.94480514526367
2025-04-02,45.00696563720703
2025-04-03,41.47354507446289
2025-04-04,37.658016204833984
2025-04-07,37.41416549682617
2025-04-08,36.54874038696289
2025-04-09,39.37930679321289
2025-04-10,36.80693054199219
2025-04-11,37.72016906738281
2025-04-14,37.85404586791992
2025-04-15,37.79667663574219
2025-04-16,38.10746383666992
2025-04-17,38.96810531616211
2025-04-21,37.949684143066406
2025-04-22,38.91550827026367
2025-04-23,38.84379577636719
2025-04-24,39.46536636352539
2025-04-25,39.393646240234375
2025-04-28,39.67097091674805
2025-04-29,39.55621337890625
2025-04-30,38.489967346191406
2025-05-01,38.6334114074707
2025-05-02,39.19761657714844
2025-05-05,38.489967346191406
2025-05-06,38.499534606933594
2025-05-07,38.51388168334961
2025-05-08,39.02070236206055
2025-05-09,39.41277313232422
2025-05-12,40.44076919555664
2025-05-13,41.009742736816406
2025-05-14,40.76111602783203
2025-05-15,40.93324661254883
2025-05-16,40.87108612060547
2025-05-19,40.34035873413086
2025-05-20,39.9674072265625
2025-05-21,39.23108673095703
2025-05-22,39.07807922363281
2025-05-23,39.202392578125
2025-05-27,39.5418701171875
2025-05-28,39.039825439453125
2025-05-29,39.33149719238281
2025-05-30,38.982452392578125
2025-06-02,39.494056701660156
2025-06-03,39.96263122558594
2025-06-04,39.18326187133789
2025-06-05,39.14501953125
2025-06-06,39.88134765625
2025-06-09,39.957847595214844
2025-06-10,40.67027282714844
2025-06-11,41.25838088989258
2025-06-12,41.40182113647461
2025-06-13,42.123802185058594
2025-06-16,41.999488830566406
2025-06-17,42.391563415527344
2025-06-18,42.1142463684082
2025-06-20,42.54456329345703
2025-06-23,41.468685150146484
2025-06-24,40.92881774902344
2025-06-25,40.750465393066406
2025-06-26,41.33371353149414
2025-06-27,41.11680603027344
2025-06-30,40.88060760498047
2025-07-01,41.19392776489258
2025-07-02,41.902503967285156
2025-07-03,41.950706481933594
2025-07-07,41.545806884765625
2025-07-08,42.66410827636719
2025-07-09,42.44719696044922
2025-07-10,42.7701530456543
2025-07-11,42.96296310424805
2025-07-14,42.49058151245117
2025-07-15,41.8784065246582
2025-07-16,41.516883850097656
2025-07-17,41.772361755371094
2025-07-18,41.434940338134766
2025-07-21,41.00593948364258
2025-07-22,41.19874954223633
2025-07-23,41.844669342041016
2025-07-24,42.14352035522461
2025-07-25,41.98445510864258
2025-07-28,42.46165466308594
2025-07-29,42.876197814941406
2025-07-30,42.26402282714844
2025-07-31,42.037471771240234
2025-08-01,41.256591796875
2025-08-04,41.165008544921875
2025-08-05,41.21803283691406
2025-08-06,40.83723068237305
2025-08-07,40.678165435791016
2025-08-08,40.938453674316406
2025-08-11,40.610679626464844
2025-08-12,40.80830764770508
2025-08-13,41.28069305419922
2025-08-14,41.242130279541016
2025-08-15,41.242130279541016
2025-08-18,40.996299743652344
2025-08-19,41.01076126098633
2025-08-20,41.352996826171875
2025-08-21,41.63739013671875
2025-08-22,42.485755920410156
2025-08-25,42.596622467041016
2025-08-26,42.529136657714844
2025-08-27,43.00634765625
2025-08-28,43.334129333496094
2025-08-29,43.570316314697266
2025-09-02,43.63297653198242
2025-09-03,42.65446472167969
2025-09-04,42.938865661621094
2025-09-05,42.109779357910156
2025-09-08,42.013370513916016
2025-09-09,42.2158203125
2025-09-10,42.95332336425781
2025-09-11,42.96296310424805
2025-09-12,42.70748519897461
2025-09-15,42.56288528442383
2025-09-16,43.27627944946289
2025-09-17,43.377506256103516
2025-09-18,43.24253463745117
2025-09-19,42.66893005371094
2025-09-22,42.61982345581055
2025-09-23,43.35389709472656
2025-09-24,43.91781997680664
2025-09-25,44.31159210205078
2025-09-26,44.719947814941406
2025-09-29,43.898372650146484
2025-09-30,43.431678771972656
2025-10-01,43.431678771972656
2025-10-02,42.99415969848633
2025-10-03,43.22264099121094
2025-10-06,43.43653869628906
2025-10-07,43.504600524902344
2025-10-08,43.25181198120117
2025-10-09,42.66358184814453
2025-10-10,41.42878341674805
2025-10-13,41.992706298828125
2025-10-14,41.98784637451172
2025-10-15,41.96354293823242
2025-10-16,41.45795440673828
2025-10-17,41.79825210571289
2025-10-20,42.240638732910156
2025-10-21,42.14341354370117
2025-10-22,42.68302536010742
2025-10-23,43.25181198120117
2025-10-24,42.81428527832031
2025-10-27,42.91637420654297
2025-10-28,42.4691276550293
2025-10-29,42.78511428833008
2025-10-30,42.53232192993164
2025-10-31,42.84345245361328
2025-11-03,42.84831237792969
2025-11-04,42.386478424072266
2025-11-05,42.498291015625
2025-11-06,42.91150665283203
2025-11-07,43.528907775878906
2025-11-10,43.92267990112305
2025-11-11,44.4963264465332
2025-11-12,43.87406921386719
2025-11-13,43.98588180541992
2025-11-14,44.734535217285156
2025-11-17,43.91781997680664
2025-11-18,44.26784133911133
2025-11-19,43.69419860839844
2025-11-20,43.19832992553711
2025-11-21,43.47056579589844
2025-11-24,43.349037170410156
2025-11-25,43.07679748535156
2025-11-26,43.40250778198242
2025-11-28,43.97129440307617
2025-12-01,44.394229888916016
2025-12-02,43.820587158203125
2025-12-03,44.64216613769531
2025-12-04,44.831764221191406
2025-12-05,44.64702224731445
2025-12-08,44.160888671875
2025-12-09,44.43312454223633
2025-12-10,44.89982223510742
2025-12-11,44.68592071533203
2025-12-12,44.248390197753906
2025-12-15,43.9372673034668
2025-12-16,42.595523834228516
2025-12-17,43.538631439208984
2025-12-18,42.906654357910156
2025-12-19,42.906654357910156
2025-12-22,43.35084533691406
2025-12-23,43.63521194458008
2025-12-24,43.50774002075195
2025-12-26,43.341041564941406
2025-12-29,43.75287628173828
2025-12-30,44.086273193359375
2025-12-31,43.84112548828125
2026-01-02,44.76286315917969
2026-01-05,45.978763580322266
2026-01-06,44.7530517578125
2026-01-07,44.252967834472656
2026-01-08,45.64537048339844
2026-01-09,45.763038635253906
2026-01-12,45.439453125
2026-01-13,46.08662414550781
2026-01-14,47.12602615356445
2026-01-15,46.68477249145508
2026-01-16,46.763214111328125
2026-01-20,46.674964904785156
2026-01-21,47.802616119384766
2026-01-22,47.959510803222656
2026-01-23,48.234066009521484
2026-01-26,48.263484954833984
2026-01-27,48.70473861694336
2026-01-28,49.077354431152344
2026-01-29,49.52841567993164
2026-01-30,50.057918548583984
2026-02-02,49.077354431152344
2026-02-03,50.665870666503906
2026-02-04,51.80332946777344
2026-02-05,51.195377349853516
2026-02-06,52.21516799926758
2026-02-09,52.59758758544922
2026-02-10,52.538753509521484
2026-02-11,53.91154861450195
2026-02-12,52.93098449707031
2026-02-13,53.29378890991211
2026-02-17,52.70545196533203
2026-02-18,53.715431213378906
2026-02-19,54.107662200927734
2026-02-20,53.81349182128906
2026-02-23,54.0782470703125
2026-02-24,54.02921676635742
2026-02-25,53.80368423461914
2026-02-26,53.980186462402344
2026-02-27,54.83327865600586
2026-03-02,55.931514739990234
2026-03-03,55.4216194152832
2026-03-04,55.0980339050293
2026-03-05,55.38239288330078
2026-03-06,55.47064971923828
2026-03-09,55.22550582885742
2026-03-10,54.519500732421875
2026-03-11,55.872684478759766
2026-03-12,56.39237976074219
2026-03-13,56.57868957519531
2026-03-16,56.774803161621094
2026-03-17,57.37294387817383
2026-03-18,57.29450225830078
2026-03-19,58.2064323425293
2026-03-20,58.15740203857422
2026-03-23,58.85321807861328
2026-03-24,60.047454833984375
2026-03-25,59.78097152709961
2026-03-26,60.71859359741211
2026-03-27,61.745052337646484
2026-03-30,61.152862548828125
2026-03-31,60.461978912353516
2026-04-01,58.201812744140625
2026-04-02,58.47816848754883
2026-04-06,58.902565002441406
2026-04-07,59.376312255859375
2026-04-08,57.29379653930664
2026-04-09,56.58317947387695
2026-04-10,56.19825744628906
2026-04-13,56.36604690551758
2026-04-14,55.221153259277344
2026-04-15,55.03363037109375
2026-04-16,55.84294891357422
2026-04-17,54.30327224731445
2026-04-20,54.35261535644531
2026-04-21,55.14219665527344
2026-04-22,55.803466796875
2026-04-23,56.237735748291016
2026-04-24,56.12916946411133
2026-04-27,56.03047180175781
2026-04-28,56.95822525024414
2026-04-29,58.26102828979492
2026-04-30,58.872955322265625
2026-05-01,58.0833740234375
2026-05-04,58.6163444519043
2026-05-05,58.67556381225586
2026-05-06,56.257476806640625
2026-05-07,55.221153259277344
2026-05-08,54.97441482543945
2026-05-11,56.425262451171875
2026-05-12,56.82005310058594
2026-05-13,56.8792724609375
2026-05-14,57.31353759765625
2026-05-15,58.665687561035156
2026-05-18,59.79084396362305
2026-05-19,60.49159240722656
2026-05-20,59.02100372314453
2026-05-21,58.35973358154297
2026-05-22,58.71504211425781
2026-05-26,57.09640121459961
2026-05-27,56.24760818481445
2026-05-28,56.208126068115234
2026-05-29,55.55672836303711
2026-06-01,56.553565979003906
2026-06-02,57.20497131347656
2026-06-03,57.94519805908203
2026-06-04,57.98468017578125
2026-06-05,56.91874694824219
2026-06-08,57.570152282714844
2026-06-09,56.64239501953125
2026-06-10,57.49119567871094
2026-06-11,56.375911712646484
2026-06-12,56.80031204223633
2026-06-15,54.82636642456055
2026-06-16,54.63883972167969
2026-06-17,53.957828521728516
2026-06-18,53.06955337524414
2026-06-22,53.74056625366211
2026-06-23,54.13819885253906
2026-06-24,53.25345993041992
2026-06-25,53.7703857421875
2026-06-26,53.52186584472656
2026-06-29,53.26340103149414
2026-06-30,52.79617691040039
2026-07-01,52.49795150756836
2026-07-02,52.9055290222168
2026-07-06,52.81605911254883
2026-07-07,54.317134857177734
2026-07-08,55.271461486816406
2026-07-09,54.49607467651367
2026-07-10,54.754539489746094
2026-07-13,56.40473175048828
2026-07-14,56.613487243652344
2026-07-15,56.16614532470703
2026-07-16,56.683074951171875
2026-07-17,57.339176177978516
2026-07-20,57.59763717651367
2026-07-21,58.154327392578125
2026-07-22,58.85019302368164
2026-07-23,59.02912902832031
2026-07-24,59.2677116394043
2026-07-27,58.01515579223633
2026-07-28,57.22982406616211
2026-07-29,58.303443908691406
2026-07-30,58.611610412597656
2026-07-31,59.198123931884766
2026-08-03,58.4426155090332
2026-08-04,58.17420959472656
2026-08-05,56.97136306762695
2026-08-06,57.81633758544922
2026-08-07,57.16023635864258
2026-08-10,59.82440185546875
2026-08-11,60.569969177246094
2026-08-12,60.669376373291016
2026-08-13,60.69920349121094
2026-08-14,61.5441780090332
2026-08-17,62.21022415161133
2026-08-18,63.3037223815918
2026-08-19,63.204315185546875
2026-08-20,63.37330627441406
2026-08-21,63.26395797729492
2026-08-24,62.737091064453125
2026-08-25,61.693294525146484
2026-08-26,62.06110763549805
2026-08-27,61.92193603515625
2026-08-28,62.30963134765625
2026-08-31,63.58206558227539
2026-09-01,64.38727569580078
2026-09-02,64.71533203125
2026-09-03,64.23816680908203
2026-09-04,63.68147277832031
2026-09-08,64.38727569580078
2026-09-09,64.92408752441406
2026-09-10,64.54633331298828
2026-09-11,64.75509643554688
2026-09-14,64.14869689941406
2026-09-15,65.5404281616211
2026-09-16,63.65165328979492
2026-09-17,64.0989990234375
2026-09-18,63.929996490478516
2026-09-21,62.459999084472656
2026-09-22,61.779998779296875
2026-09-23,62.369998931884766
2026-09-24,62.599998474121094
2026-09-25,62.040000915527344
2026-09-28,62.099998474121094
2026-09-29,61.540000915527344
