date,value
1998-12-22,11.08525276184082
1998-12-23,11.248709678649902
1998-12-24,11.323002815246582
1998-12-28,11.174410820007324
1998-12-29,11.293286323547363
1998-12-30,11.248709678649902
1998-12-31,11.144696235656738
1999-01-04,11.144696235656738
1999-01-05,11.248709678649902
1999-01-06,11.605339050292969
1999-01-07,11.783658027648926
1999-01-08,11.857952117919922
1999-01-11,11.679636001586914
1999-01-12,11.352720260620117
1999-01-13,11.204132080078125
1999-01-14,10.921799659729004
1999-01-15,11.233847618103027
1999-01-19,11.174410820007324
1999-01-20,11.256141662597656
1999-01-21,11.055534362792969
1999-01-22,10.981245040893555
1999-01-25,11.070395469665527
1999-01-26,11.07781982421875
1999-01-27,10.936655044555664
1999-01-28,11.10011100769043
1999-01-29,11.337862968444824
1999-02-01,11.144696235656738
1999-02-02,11.0258150100708
1999-02-03,11.107536315917969
1999-02-04,10.847494125366211
1999-02-05,10.758340835571289
1999-02-08,10.728622436523438
1999-02-09,10.580023765563965
1999-02-10,10.669181823730469
1999-02-11,11.10011100769043
1999-02-12,10.936655044555664
1999-02-16,11.10011100769043
1999-02-17,11.144696235656738
1999-02-18,11.256141662597656
1999-02-19,11.293286323547363
1999-02-22,11.620199203491211
1999-02-23,11.76879596710205
1999-02-24,11.3824462890625
1999-02-25,11.308149337768555
1999-02-26,11.516181945800781
1999-03-01,11.560757637023926
1999-03-02,11.590476036071777
1999-03-03,11.479037284851074
1999-03-04,11.73907470703125
1999-03-05,12.036264419555664
1999-03-08,11.954533576965332
1999-03-09,12.05112075805664
1999-03-10,12.274020195007324
1999-03-11,12.333457946777344
1999-03-12,12.35574722290039
1999-03-15,12.392900466918945
1999-03-16,12.214582443237305
1999-03-17,12.110562324523926
1999-03-18,12.392900466918945
1999-03-19,12.157605171203613
1999-03-22,12.187408447265625
1999-03-23,11.770232200622559
1999-03-24,11.740436553955078
1999-03-25,12.008618354797363
1999-03-26,11.90433120727539
1999-03-29,12.172511100769043
1999-03-30,12.030970573425293
1999-03-31,11.889425277709961
1999-04-01,11.919230461120605
1999-04-05,12.157605171203613
1999-04-06,12.068211555480957
1999-04-07,12.39598560333252
1999-04-08,12.61948013305664
1999-04-09,12.589690208435059
1999-04-12,12.813165664672852
1999-04-13,12.798270225524902
1999-04-14,12.634380340576172
1999-04-15,12.515192985534668
1999-04-16,12.455592155456543
1999-04-19,12.455592155456543
1999-04-20,12.61948013305664
1999-04-21,12.813165664672852
1999-04-22,12.947257041931152
1999-04-23,12.902555465698242
1999-04-26,12.708868026733398
1999-04-27,12.93235969543457
1999-04-28,12.85786247253418
1999-04-29,12.902555465698242
1999-04-30,12.723769187927246
1999-05-03,12.872764587402344
1999-05-04,12.470492362976074
1999-05-05,12.544991493225098
1999-05-06,12.33639907836914
1999-05-07,12.574785232543945
1999-05-10,12.5300874710083
1999-05-11,12.679078102111816
1999-05-12,12.85786247253418
1999-05-13,12.977059364318848
1999-05-14,12.574785232543945
1999-05-17,12.33639907836914
1999-05-18,12.366190910339355
1999-05-19,12.455592155456543
1999-05-20,12.291704177856445
1999-05-21,12.261900901794434
1999-05-24,11.993721961975098
1999-05-25,11.680842399597168
1999-05-26,12.060769081115723
1999-05-27,11.770232200622559
1999-05-28,11.956472396850586
1999-06-01,11.785135269165039
1999-06-02,11.710638046264648
1999-06-03,11.703190803527832
1999-06-04,11.919230461120605
1999-06-07,12.142711639404297
1999-06-08,11.92667293548584
1999-06-09,11.89687728881836
1999-06-10,11.67339038848877
1999-06-11,11.695741653442383
1999-06-14,11.636144638061523
1999-06-15,11.695741653442383
1999-06-16,12.001166343688965
1999-06-17,12.232105255126953
1999-06-18,12.251106262207031
1999-06-21,12.32581615447998
1999-06-22,12.19134521484375
1999-06-23,12.071823120117188
1999-06-24,11.87760066986084
1999-06-25,11.907479286193848
1999-06-28,12.183881759643555
1999-06-29,12.221229553222656
1999-06-30,12.475218772888184
1999-07-01,12.6096830368042
1999-07-02,12.6096830368042
1999-07-06,12.714263916015625
1999-07-07,12.669445991516113
1999-07-08,12.624622344970703
1999-07-09,12.639555931091309
1999-07-12,12.534977912902832
1999-07-13,12.400508880615234
1999-07-14,12.430392265319824
1999-07-15,12.542449951171875
1999-07-16,12.6096830368042
1999-07-19,12.520038604736328
1999-07-20,12.363167762756348
1999-07-21,12.221229553222656
1999-07-22,12.236174583435059
1999-07-23,12.101703643798828
1999-07-26,12.146527290344238
1999-07-27,12.31086540222168
1999-07-28,12.16146469116211
1999-07-29,11.982184410095215
1999-07-30,11.713258743286133
1999-08-02,11.653496742248535
1999-08-03,11.504091262817383
1999-08-04,11.354687690734863
1999-08-05,11.399517059326172
1999-08-06,11.100703239440918
1999-08-09,11.130582809448242
1999-08-10,10.936360359191895
1999-08-11,11.145520210266113
1999-08-12,11.1978178024292
1999-08-13,11.563855171203613
1999-08-16,11.51902961730957
1999-08-17,11.937365531921387
1999-08-18,11.810368537902832
1999-08-19,11.653496742248535
1999-08-20,11.817841529846191
1999-08-23,12.131583213806152
1999-08-24,12.16146469116211
1999-08-25,12.064352989196777
1999-08-26,11.787960052490234
1999-08-27,11.593730926513672
1999-08-30,11.21275520324707
1999-08-31,11.1978178024292
1999-09-01,11.250110626220703
1999-09-02,11.033468246459961
1999-09-03,11.593730926513672
1999-09-07,11.279986381530762
1999-09-08,11.205283164978027
1999-09-09,11.070820808410645
1999-09-10,11.152992248535156
1999-09-13,11.048410415649414
1999-09-14,10.846713066101074
1999-09-15,10.794427871704102
1999-09-16,10.757072448730469
1999-09-17,10.987930297851562
1999-09-20,10.860511779785156
1999-09-21,10.688115119934082
1999-09-22,10.680620193481445
1999-09-23,10.598177909851074
1999-09-24,10.67313289642334
1999-09-27,10.493244171142578
1999-09-28,10.478252410888672
1999-09-29,10.403298377990723
1999-09-30,10.613164901733398
1999-10-01,10.433281898498535
1999-10-04,10.830526351928711
1999-10-05,10.875497817993164
1999-10-06,11.062874794006348
1999-10-07,10.9579439163208
1999-10-08,11.15282154083252
1999-10-11,11.032889366149902
1999-10-12,10.823028564453125
1999-10-13,10.500738143920898
1999-10-14,10.485746383666992
1999-10-15,10.013550758361816
1999-10-18,10.335843086242676
1999-10-19,10.553202629089355
1999-10-20,10.740585327148438
1999-10-21,10.793046951293945
1999-10-22,11.242756843566895
1999-10-25,11.145323753356934
1999-10-26,10.972933769226074
1999-10-27,11.512588500976562
1999-10-28,12.329565048217773
1999-10-29,12.262102127075195
1999-11-01,12.11219596862793
1999-11-02,12.097207069396973
1999-11-03,12.044739723205566
1999-11-04,12.187153816223145
1999-11-05,12.486952781677246
1999-11-08,12.419502258300781
1999-11-09,12.17965316772461
1999-11-10,11.992279052734375
1999-11-11,11.924818992614746
1999-11-12,12.44198226928711
1999-11-15,12.434491157531738
1999-11-16,12.771778106689453
1999-11-17,12.501947402954102
1999-11-18,12.46448040008545
1999-11-19,12.277098655700684
1999-11-22,12.232118606567383
1999-11-23,12.037243843078613
1999-11-24,11.894840240478516
1999-11-26,11.812396049499512
1999-11-29,11.527575492858887
1999-11-30,11.722460746765137
1999-12-01,11.632503509521484
1999-12-02,11.68497085571289
1999-12-03,11.962298393249512
1999-12-06,11.640007019042969
1999-12-07,11.617523193359375
1999-12-08,11.340194702148438
1999-12-09,11.505095481872559
1999-12-10,11.7074613571167
1999-12-13,11.572548866271973
1999-12-14,11.2952241897583
1999-12-15,11.265246391296387
1999-12-16,11.017905235290527
1999-12-17,11.103474617004395
1999-12-20,11.013213157653809
1999-12-21,11.223844528198242
1999-12-22,11.223844528198242
1999-12-23,11.404389381408691
1999-12-27,11.314120292663574
1999-12-28,11.268983840942383
1999-12-29,11.381819725036621
1999-12-30,11.434483528137207
1999-12-31,11.442001342773438
2000-01-03,11.013213157653809
2000-01-04,10.531756401062012
2000-01-05,10.449006080627441
2000-01-06,10.907896041870117
2000-01-07,11.088438034057617
2000-01-10,10.892845153808594
2000-01-11,10.71230411529541
2000-01-12,10.922934532165527
2000-01-13,11.253935813903809
2000-01-14,11.517230987548828
2000-01-18,11.13357162475586
2000-01-19,11.09596061706543
2000-01-20,10.892845153808594
2000-01-21,10.757437705993652
2000-01-24,10.561849594116211
2000-01-25,10.674688339233398
2000-01-26,11.073385238647461
2000-01-27,11.193758964538574
2000-01-28,10.802573204040527
2000-01-31,11.103474617004395
2000-02-01,11.163664817810059
2000-02-02,11.050823211669922
2000-02-03,10.983121871948242
2000-02-04,10.870285987854004
2000-02-07,10.757437705993652
2000-02-08,10.87780475616455
2000-02-09,10.622034072875977
2000-02-10,10.32864761352539
2000-02-11,10.351211547851562
2000-02-14,10.441484451293945
2000-02-15,10.45653247833252
2000-02-16,10.238372802734375
2000-02-17,10.110493659973145
2000-02-18,9.749398231506348
2000-02-22,9.83967113494873
2000-02-23,9.802056312561035
2000-02-24,9.59894847869873
2000-02-25,9.53876781463623
2000-02-28,9.847196578979492
2000-02-29,9.914896965026855
2000-03-01,10.05030632019043
2000-03-02,9.990126609802246
2000-03-03,10.08039665222168
2000-03-06,9.982605934143066
2000-03-07,9.681690216064453
2000-03-08,9.568854331970215
2000-03-09,9.621514320373535
2000-03-10,9.651604652404785
2000-03-13,9.749398231506348
2000-03-14,9.711783409118652
2000-03-15,10.306077003479004
2000-03-16,11.193758964538574
2000-03-17,11.197080612182617
2000-03-20,10.985666275024414
2000-03-21,11.385830879211426
2000-03-22,11.483986854553223
2000-03-23,11.884153366088867
2000-03-24,12.020055770874023
2000-03-27,11.62744140625
2000-03-28,11.718043327331543
2000-03-29,11.62744140625
2000-03-30,11.650094985961914
2000-03-31,11.725598335266113
2000-04-03,12.291865348815918
2000-04-04,11.80109691619873
2000-04-05,11.71049690246582
2000-04-06,11.838850975036621
2000-04-07,11.597245216369629
2000-04-10,11.929449081420898
2000-04-11,12.080456733703613
2000-04-12,12.133309364318848
2000-04-13,11.816200256347656
2000-04-14,10.857316017150879
2000-04-17,10.947921752929688
2000-04-18,11.385830879211426
2000-04-19,11.234830856323242
2000-04-20,11.446237564086914
2000-04-24,11.718043327331543
2000-04-25,12.080456733703613
2000-04-26,11.838850975036621
2000-04-27,11.597245216369629
2000-04-28,11.838850975036621
2000-05-01,11.574589729309082
2000-05-02,11.461337089538574
2000-05-03,11.257479667663574
2000-05-04,11.083819389343262
2000-05-05,11.159330368041992
2000-05-08,11.378280639648438
2000-05-09,11.348081588745117
2000-05-10,11.046069145202637
2000-05-11,11.378280639648438
2000-05-12,11.506631851196289
2000-05-15,12.020055770874023
2000-05-16,11.952103614807129
2000-05-17,11.748246192932129
2000-05-18,11.89925479888916
2000-05-19,11.687846183776855
2000-05-22,11.838850975036621
2000-05-23,11.914355278015137
2000-05-24,12.065364837646484
2000-05-25,11.763351440429688
2000-05-26,11.718043327331543
2000-05-30,11.959650993347168
2000-05-31,12.103113174438477
2000-06-01,12.503278732299805
2000-06-02,13.01669979095459
2000-06-05,12.722233772277832
2000-06-06,12.442870140075684
2000-06-07,12.624077796936035
2000-06-08,12.412676811218262
2000-06-09,12.201263427734375
2000-06-12,12.306970596313477
2000-06-13,12.291865348815918
2000-06-14,12.503278732299805
2000-06-15,12.20881175994873
2000-06-16,11.63731861114502
2000-06-19,11.94036865234375
2000-06-20,11.788839340209961
2000-06-21,11.697925567626953
2000-06-22,11.690346717834473
2000-06-23,11.607006072998047
2000-06-26,11.788839340209961
2000-06-27,11.902488708496094
2000-06-28,11.811566352844238
2000-06-29,11.803997993469238
2000-06-30,11.516093254089355
2000-07-03,11.728229522705078
2000-07-05,11.857027053833008
2000-07-06,11.947944641113281
2000-07-07,12.152509689331055
2000-07-10,12.182806968688965
2000-07-11,12.24342155456543
2000-07-12,12.417682647705078
2000-07-13,12.296468734741211
2000-07-14,12.50102424621582
2000-07-17,12.266153335571289
2000-07-18,12.288884162902832
2000-07-19,12.24342155456543
2000-07-20,12.554056167602539
2000-07-21,12.516180992126465
2000-07-24,12.591938972473145
2000-07-25,12.614668846130371
2000-07-26,12.554056167602539
2000-07-27,12.591938972473145
2000-07-28,12.319189071655273
2000-07-31,12.531326293945312
2000-08-01,12.614668846130371
2000-08-02,12.599514961242676
2000-08-03,12.93287181854248
2000-08-04,13.432917594909668
2000-08-07,13.470797538757324
2000-08-08,13.470797538757324
2000-08-09,13.379878044128418
2000-08-10,13.304121017456055
2000-08-11,13.508678436279297
2000-08-14,13.682939529418945
2000-08-15,13.432917594909668
2000-08-16,13.273810386657715
2000-08-17,13.448071479797363
2000-08-18,13.349570274353027
2000-08-21,13.455645561218262
2000-08-22,13.599597930908203
2000-08-23,13.425337791442871
2000-08-24,13.402607917785645
2000-08-25,13.220771789550781
2000-08-28,13.470797538757324
2000-08-29,13.334425926208496
2000-08-30,13.455645561218262
2000-08-31,13.804156303405762
2000-09-01,13.576864242553711
2000-09-05,13.743544578552246
2000-09-06,13.84961986541748
2000-09-07,13.735965728759766
2000-09-08,14.046606063842773
2000-09-11,14.326935768127441
2000-09-12,14.30419635772705
2000-09-13,14.213276863098145
2000-09-14,14.160245895385742
2000-09-15,13.929469108581543
2000-09-18,13.465912818908691
2000-09-19,13.754690170288086
2000-09-20,13.557111740112305
2000-09-21,13.405120849609375
2000-09-22,13.663498878479004
2000-09-25,13.883878707885742
2000-09-26,13.792689323425293
2000-09-27,13.800291061401367
2000-09-28,14.149848937988281
2000-09-29,14.104251861572266
2000-10-02,14.301833152770996
2000-10-03,14.28663444519043
2000-10-04,14.104251861572266
2000-10-05,14.241044998168945
2000-10-06,13.64830493927002
2000-10-09,13.435518264770508
2000-10-10,13.047947883605957
2000-10-11,13.070749282836914
2000-10-12,12.31082534790039
2000-10-13,12.94917106628418
2000-10-16,13.063155174255371
2000-10-17,12.705992698669434
2000-10-18,12.561602592468262
2000-10-19,13.15434741973877
2000-10-20,13.207540512084961
2000-10-23,12.98715591430664
2000-10-24,13.313932418823242
2000-10-25,13.389921188354492
2000-10-26,12.956768035888672
2000-10-27,13.38232421875
2000-10-30,13.868678092956543
2000-10-31,13.982672691345215
2000-11-01,13.921875
2000-11-02,13.990265846252441
2000-11-03,13.952265739440918
2000-11-06,14.142254829406738
2000-11-07,14.096654891967773
2000-11-08,13.8458833694458
2000-11-09,13.944668769836426
2000-11-10,13.792689323425293
2000-11-13,13.465912818908691
2000-11-14,13.541911125183105
2000-11-15,13.435518264770508
2000-11-16,13.389921188354492
2000-11-17,13.283531188964844
2000-11-20,12.888365745544434
2000-11-21,12.918766021728516
2000-11-22,12.607198715209961
2000-11-24,12.698387145996094
2000-11-27,12.873170852661133
2000-11-28,13.00996208190918
2000-11-29,13.329131126403809
2000-11-30,13.26833724975586
2000-12-01,13.192346572875977
2000-12-04,13.131552696228027
2000-12-05,13.678698539733887
2000-12-06,13.617901802062988
2000-12-07,13.64830493927002
2000-12-08,14.043458938598633
2000-12-11,14.157452583312988
2000-12-12,13.990265846252441
2000-12-13,13.9978609085083
2000-12-14,13.59510612487793
2000-12-15,13.53859806060791
2000-12-18,13.935227394104004
2000-12-19,13.782685279846191
2000-12-20,13.653011322021484
2000-12-21,13.973365783691406
2000-12-22,14.0877685546875
2000-12-26,14.33946704864502
2000-12-27,14.430997848510742
2000-12-28,14.57593059539795
2000-12-29,14.400487899780273
2001-01-02,13.996244430541992
2001-01-03,14.751354217529297
2001-01-04,14.492020606994629
2001-01-05,14.186930656433105
2001-01-08,14.042011260986328
2001-01-09,13.805559158325195
2001-01-10,14.034388542175293
2001-01-11,14.06489086151123
2001-01-12,13.797931671142578
2001-01-16,14.042011260986328
2001-01-17,14.06489086151123
2001-01-18,13.85894775390625
2001-01-19,13.75979232788086
2001-01-22,14.003868103027344
2001-01-23,14.141164779663086
2001-01-24,14.225066184997559
2001-01-25,14.354729652404785
2001-01-26,14.408124923706055
2001-01-29,14.420023918151855
2001-01-30,14.546936988830566
2001-01-31,14.366323471069336
2001-02-01,14.38585090637207
2001-02-02,14.424906730651855
2001-02-05,14.522541046142578
2001-02-06,14.239410400390625
2001-02-07,14.205236434936523
2001-02-08,14.166178703308105
2001-02-09,14.224763870239258
2001-02-12,14.424906730651855
2001-02-13,14.34192180633545
2001-02-14,14.175950050354004
2001-02-15,14.175950050354004
2001-02-16,14.180824279785156
2001-02-20,13.658510208129883
2001-02-21,13.253331184387207
2001-02-22,13.346080780029297
2001-02-23,13.282629013061523
2001-02-26,13.575514793395996
2001-02-27,13.72196102142334
2001-02-28,13.399781227111816
2001-03-01,13.414426803588867
2001-03-02,13.43394947052002
2001-03-05,13.36561107635498
2001-03-06,13.404659271240234
2001-03-07,13.68779182434082
2001-03-08,13.74148941040039
2001-03-09,13.42419147491455
2001-03-12,12.765181541442871
2001-03-13,13.106890678405762
2001-03-14,12.501587867736816
2001-03-15,12.877460479736328
2001-03-16,12.709465026855469
2001-03-19,12.856398582458496
2001-03-20,12.498867988586426
2001-03-21,12.13644027709961
2001-03-22,11.822990417480469
2001-03-23,12.322550773620605
2001-03-26,12.51845645904541
2001-03-27,12.87109375
2001-03-28,12.802525520324707
2001-03-29,12.77314281463623
2001-03-30,12.998429298400879
2001-04-02,13.057202339172363
2001-04-03,12.616411209106445
2001-04-04,12.30786418914795
2001-04-05,12.758448600769043
2001-04-06,12.474380493164062
2001-04-09,12.46948528289795
2001-04-10,12.831911087036133
2001-04-11,12.939659118652344
2001-04-12,13.037611961364746
2001-04-16,12.944555282592773
2001-04-17,13.052306175231934
2001-04-18,13.600850105285645
2001-04-19,13.674310684204102
2001-04-20,13.439224243164062
2001-04-23,13.272699356079102
2001-04-24,13.204133987426758
2001-04-25,13.346174240112305
2001-04-26,13.400035858154297
2001-04-27,13.68899917602539
2001-04-30,13.468609809875488
2001-05-01,13.581256866455078
2001-05-02,13.68899917602539
2001-05-03,13.693902015686035
2001-05-04,13.860422134399414
2001-05-07,13.772261619567871
2001-05-08,13.630231857299805
2001-05-09,13.615545272827148
2001-05-10,13.620433807373047
2001-05-11,13.493094444274902
2001-05-14,13.60574722290039
2001-05-15,13.68899917602539
2001-05-16,14.0563325881958
2001-05-17,13.982864379882812
2001-05-18,13.904498100280762
2001-05-21,14.100409507751465
2001-05-22,14.242440223693848
2001-05-23,14.183673858642578
2001-05-24,14.237542152404785
2001-05-25,14.046527862548828
2001-05-29,14.0563325881958
2001-05-30,13.938788414001465
2001-05-31,14.0612211227417
2001-06-01,14.036741256713867
2001-06-04,14.14938735961914
2001-06-05,14.213051795959473
2001-06-06,14.105307579040527
2001-06-07,14.012248992919922
2001-06-08,13.928994178771973
2001-06-11,13.796764373779297
2001-06-12,13.840828895568848
2001-06-13,13.728185653686523
2001-06-14,13.48819351196289
2001-06-15,13.557511329650879
2001-06-18,13.5919189453125
2001-06-19,13.714818000793457
2001-06-20,13.788548469543457
2001-06-21,14.344024658203125
2001-06-22,14.157230377197266
2001-06-25,14.044170379638672
2001-06-26,13.86720085144043
2001-06-27,13.872114181518555
2001-06-28,14.054000854492188
2001-06-29,13.96059799194336
2001-07-02,14.13265609741211
2001-07-03,14.12281322479248
2001-07-05,14.034335136413574
2001-07-06,13.749231338500977
2001-07-09,13.793456077575684
2001-07-10,13.459196090698242
2001-07-11,13.43462085723877
2001-07-12,13.670568466186523
2001-07-13,13.83279037475586
2001-07-16,13.636160850524902
2001-07-17,13.916359901428223
2001-07-18,13.837706565856934
2001-07-19,13.744309425354004
2001-07-20,13.680404663085938
2001-07-23,13.606666564941406
2001-07-24,13.429702758789062
2001-07-25,13.532931327819824
2001-07-26,13.641081809997559
2001-07-27,13.71972942352295
2001-07-30,13.675487518310547
2001-07-31,13.827873229980469
2001-08-01,13.886859893798828
2001-08-02,13.86720085144043
2001-08-03,13.92618465423584
2001-08-06,13.72464370727539
2001-08-07,13.872114181518555
2001-08-08,13.5919189453125
2001-08-09,13.655828475952148
2001-08-10,13.66566276550293
2001-08-13,13.650914192199707
2001-08-14,13.655828475952148
2001-08-15,13.601750373840332
2001-08-16,13.562420845031738
2001-08-17,13.360884666442871
2001-08-20,13.493605613708496
2001-08-21,13.326472282409668
2001-08-22,13.385464668273926
2001-08-23,13.390377044677734
2001-08-24,13.424789428710938
2001-08-27,13.29206657409668
2001-08-28,13.080686569213867
2001-08-29,12.962715148925781
2001-08-30,12.874223709106445
2001-08-31,12.91355037689209
2001-09-04,12.859477996826172
2001-09-05,12.780832290649414
2001-09-06,12.48589038848877
2001-09-07,12.240107536315918
2001-09-10,12.264678001403809
2001-09-17,11.723949432373047
2001-09-18,11.576480865478516
2001-09-19,11.49291706085205
2001-09-20,10.986600875854492
2001-09-21,10.813285827636719
2001-09-24,11.376173973083496
2001-09-25,11.55886173248291
2001-09-26,11.672426223754883
2001-09-27,11.864989280700684
2001-09-28,12.185934066772461
2001-10-01,12.151373863220215
2001-10-02,12.319245338439941
2001-10-03,12.516753196716309
2001-10-04,12.417993545532227
2001-10-05,12.077303886413574
2001-10-08,11.805740356445312
2001-10-09,11.904492378234863
2001-10-10,12.092123031616211
2001-10-11,12.284680366516113
2001-10-12,12.092123031616211
2001-10-15,12.14643383026123
2001-10-16,12.343938827514648
2001-10-17,12.220499038696289
2001-10-18,12.205687522888184
2001-10-19,12.008180618286133
2001-10-22,12.299498558044434
2001-10-23,12.329124450683594
2001-10-24,12.284680366516113
2001-10-25,12.447627067565918
2001-10-26,12.590811729431152
2001-10-29,12.14643383026123
2001-10-30,12.121746063232422
2001-10-31,12.0131196975708
2001-11-01,12.210615158081055
2001-11-02,12.274813652038574
2001-11-05,12.541441917419434
2001-11-06,12.694504737854004
2001-11-07,12.74388313293457
2001-11-08,12.783379554748535
2001-11-09,12.69943618774414
2001-11-12,12.640192031860352
2001-11-13,12.980884552001953
2001-11-14,12.956193923950195
2001-11-15,12.877199172973633
2001-11-16,12.81300163269043
2001-11-19,13.074699401855469
2001-11-20,13.000635147094727
2001-11-21,12.88707160949707
2001-11-23,13.084567070007324
2001-11-26,13.15369701385498
2001-11-27,13.183327674865723
2001-11-28,12.788320541381836
2001-11-29,12.926569938659668
2001-11-30,12.79326057434082
2001-12-03,12.615500450134277
2001-12-04,12.788320541381836
2001-12-05,12.966065406799316
2001-12-06,13.13394832611084
2001-12-07,13.045069694519043
2001-12-10,12.83769702911377
2001-12-11,12.911754608154297
2001-12-12,12.862385749816895
2001-12-13,12.659944534301758
2001-12-14,12.590811729431152
2001-12-17,12.763629913330078
2001-12-18,12.882126808166504
2001-12-19,13.13394832611084
2001-12-20,13.079639434814453
2001-12-21,12.987892150878906
2001-12-24,12.977975845336914
2001-12-26,13.03748893737793
2001-12-27,13.027560234069824
2001-12-28,13.166423797607422
2001-12-31,13.042441368103027
2002-01-02,13.027560234069824
2002-01-03,13.116827964782715
2002-01-04,13.29040241241455
2002-01-07,13.255685806274414
2002-01-08,13.072199821472168
2002-01-09,13.141624450683594
2002-01-10,13.092033386230469
2002-01-11,13.017642974853516
2002-01-14,12.91846752166748
2002-01-15,13.201133728027344
2002-01-16,13.03748893737793
2002-01-17,13.16146183013916
2002-01-18,13.111865043640137
2002-01-22,13.067238807678223
2002-01-23,13.126748085021973
2002-01-24,13.141624450683594
2002-01-25,13.225930213928223
2002-01-28,13.092033386230469
2002-01-29,12.521737098693848
2002-01-30,12.680426597595215
2002-01-31,12.893672943115234
2002-02-01,12.734983444213867
2002-02-04,12.273778915405273
2002-02-05,12.273778915405273
2002-02-06,12.10021686553955
2002-02-07,12.214277267456055
2002-02-08,12.536605834960938
2002-02-11,12.645709037780762
2002-02-12,12.501895904541016
2002-02-13,12.754812240600586
2002-02-14,12.730013847351074
2002-02-15,12.531658172607422
2002-02-19,12.189476013183594
2002-02-20,12.41759204864502
2002-02-21,12.273778915405273
2002-02-22,12.199394226074219
2002-02-25,12.511817932128906
2002-02-26,12.501895904541016
2002-02-27,12.630838394165039
2002-02-28,12.670514106750488
2002-03-01,12.844074249267578
2002-03-04,13.280475616455078
2002-03-05,13.29040241241455
2002-03-06,13.513559341430664
2002-03-07,13.39454174041748
2002-03-08,13.454051971435547
2002-03-11,13.533394813537598
2002-03-12,13.53835678100586
2002-03-13,13.414375305175781
2002-03-14,13.44908332824707
2002-03-15,13.732698440551758
2002-03-18,13.70284652709961
2002-03-19,13.697867393493652
2002-03-20,13.483919143676758
2002-03-21,13.488890647888184
2002-03-22,13.483919143676758
2002-03-25,13.26996898651123
2002-03-26,13.434162139892578
2002-03-27,13.608308792114258
2002-03-28,13.508793830871582
2002-04-01,13.483919143676758
2002-04-02,13.533673286437988
2002-04-03,13.334650993347168
2002-04-04,13.454068183898926
2002-04-05,13.518746376037598
2002-04-08,13.558555603027344
2002-04-09,13.643136024475098
2002-04-10,13.692890167236328
2002-04-11,13.354551315307617
2002-04-12,13.523726463317871
2002-04-15,13.349581718444824
2002-04-16,13.623241424560547
2002-04-17,13.658066749572754
2002-04-18,13.658066749572754
2002-04-19,13.633185386657715
2002-04-22,13.449087142944336
2002-04-23,13.384405136108398
2002-04-24,13.299824714660645
2002-04-25,13.175433158874512
2002-04-26,13.125673294067383
2002-04-29,13.011231422424316
2002-04-30,13.16547679901123
2002-05-01,13.25504207611084
2002-05-02,13.384405136108398
2002-05-03,13.319716453552246
2002-05-06,13.011231422424316
2002-05-07,12.95152759552002
2002-05-08,13.334650993347168
2002-05-09,13.175433158874512
2002-05-10,13.006258964538574
2002-05-13,13.24010944366455
2002-05-14,13.44411563873291
2002-05-15,13.379433631896973
2002-05-16,13.538655281066895
2002-05-17,13.598359107971191
2002-05-20,13.364503860473633
2002-05-21,13.24010944366455
2002-05-22,13.264994621276855
2002-05-23,13.409283638000488
2002-05-24,13.319716453552246
2002-05-28,13.18040657043457
2002-05-29,13.175433158874512
2002-05-30,13.120699882507324
2002-05-31,13.125673294067383
2002-06-03,12.866944313049316
2002-06-04,12.782356262207031
2002-06-05,12.90674877166748
2002-06-06,12.628110885620117
2002-06-07,12.66792106628418
2002-06-10,12.737574577331543
2002-06-11,12.513666152954102
2002-06-12,12.583333015441895
2002-06-13,12.289772033691406
2002-06-14,12.404207229614258
2002-06-17,12.961478233337402
2002-06-18,12.986357688903809
2002-06-19,12.86197280883789
2002-06-20,12.60323715209961
2002-06-21,12.4642915725708
2002-06-24,12.499288558959961
2002-06-25,12.379339218139648
2002-06-26,12.144445419311523
2002-06-27,12.404325485229492
2002-06-28,12.564249992370605
2002-07-01,12.304372787475586
2002-07-02,12.134454727172852
2002-07-03,11.999505996704102
2002-07-05,12.459295272827148
2002-07-08,12.394330024719238
2002-07-09,12.069478988647461
2002-07-10,11.684656143188477
2002-07-11,11.844582557678223
2002-07-12,11.669657707214355
2002-07-15,11.669657707214355
2002-07-16,11.43476676940918
2002-07-17,11.364800453186035
2002-07-18,10.969979286193848
2002-07-19,10.735084533691406
2002-07-22,10.370258331298828
2002-07-23,9.780526161193848
2002-07-24,10.370258331298828
2002-07-25,10.295291900634766
2002-07-26,10.610147476196289
2002-07-29,11.31982135772705
2002-07-30,11.344810485839844
2002-07-31,11.519729614257812
2002-08-01,11.234862327575684
2002-08-02,10.949991226196289
2002-08-05,10.52018928527832
2002-08-06,10.865022659301758
2002-08-07,11.00496768951416
2002-08-08,11.579697608947754
2002-08-09,11.679657936096191
2002-08-12,11.549717903137207
2002-08-13,11.27484130859375
2002-08-14,11.72463607788086
2002-08-15,11.869565963745117
2002-08-16,11.784605026245117
2002-08-19,12.084471702575684
2002-08-20,11.91954231262207
2002-08-21,11.944535255432129
2002-08-22,12.084471702575684
2002-08-23,11.829586029052734
2002-08-26,12.004510879516602
2002-08-27,11.894560813903809
2002-08-28,11.6996488571167
2002-08-29,11.709646224975586
2002-08-30,11.734633445739746
2002-09-03,11.159893989562988
2002-09-04,11.369796752929688
2002-09-05,11.199873924255371
2002-09-06,11.369796752929688
2002-09-09,11.549717903137207
2002-09-10,11.479747772216797
2002-09-11,11.414775848388672
2002-09-12,11.094925880432129
2002-09-13,11.179885864257812
2002-09-16,11.154895782470703
2002-09-17,10.915005683898926
2002-09-18,10.825052261352539
2002-09-19,10.450221061706543
2002-09-20,10.400978088378906
2002-09-23,10.406006813049316
2002-09-24,10.205016136169434
2002-09-25,10.406006813049316
2002-09-26,10.707476615905762
2002-09-27,10.375856399536133
2002-09-30,10.385906219482422
2002-10-01,10.828068733215332
2002-10-02,10.395955085754395
2002-10-03,9.978909492492676
2002-10-04,9.702550888061523
2002-10-07,9.396055221557617
2002-10-08,9.75782299041748
2002-10-09,9.345807075500488
2002-10-10,9.83822250366211
2002-10-11,10.355754852294922
2002-10-14,10.43112564086914
2002-10-15,11.179801940917969
2002-10-16,10.978812217712402
2002-10-17,11.305414199829102
2002-10-18,11.295363426208496
2002-10-21,11.481270790100098
2002-10-22,11.375753402709961
2002-10-23,11.380779266357422
2002-10-24,11.174771308898926
2002-10-25,11.456146240234375
2002-10-28,11.426000595092773
2002-10-29,11.300382614135742
2002-10-30,11.426000595092773
2002-10-31,11.33555793762207
2002-11-01,11.496345520019531
2002-11-04,11.591812133789062
2002-11-05,11.632012367248535
2002-11-06,11.657135963439941
2002-11-07,11.235064506530762
2002-11-08,11.174771308898926
2002-11-11,11.054183959960938
2002-11-12,11.169746398925781
2002-11-13,11.114474296569824
2002-11-14,11.451126098632812
2002-11-15,11.556641578674316
2002-11-18,11.355663299560547
2002-11-19,11.360684394836426
2002-11-20,11.647079467773438
2002-11-21,11.923439979553223
2002-11-22,11.843047142028809
2002-11-25,11.822946548461914
2002-11-26,11.501364707946777
2002-11-27,11.85811996459961
2002-11-29,11.7576322555542
2002-12-02,11.7576322555542
2002-12-03,11.586790084838867
2002-12-04,11.586790084838867
2002-12-05,11.3858060836792
2002-12-06,11.476244926452637
2002-12-09,11.255165100097656
2002-12-10,11.426000595092773
2002-12-11,11.436051368713379
2002-12-12,11.3858060836792
2002-12-13,11.255165100097656
2002-12-16,11.576743125915527
2002-12-17,11.521467208862305
2002-12-18,11.305414199829102
2002-12-19,11.204915046691895
2002-12-20,11.44906234741211
2002-12-23,11.423798561096191
2002-12-24,11.322693824768066
2002-12-26,11.287311553955078
2002-12-27,11.08006477355957
2002-12-30,11.160944938659668
2002-12-31,11.120505332946777
2003-01-02,11.524882316589355
2003-01-03,11.514774322509766
2003-01-06,11.90399169921875
2003-01-07,11.77256965637207
2003-01-08,11.651252746582031
2003-01-09,11.883774757385254
2003-01-10,11.878717422485352
2003-01-13,11.914103507995605
2003-01-14,12.005086898803711
2003-01-15,11.828176498413086
2003-01-16,11.71191120147705
2003-01-17,11.676530838012695
2003-01-21,11.484440803527832
2003-01-22,11.302475929260254
2003-01-23,11.474336624145508
2003-01-24,11.03457260131836
2003-01-27,10.867762565612793
2003-01-28,11.024466514587402
2003-01-29,11.044684410095215
2003-01-30,10.766668319702148
2003-01-31,10.978968620300293
2003-02-03,11.004243850708008
2003-02-04,10.741393089294434
2003-02-05,10.640302658081055
2003-02-06,10.513932228088379
2003-02-07,10.443161964416504
2003-02-10,10.513932228088379
2003-02-11,10.367339134216309
2003-02-12,10.235920906066895
2003-02-13,10.311739921569824
2003-02-14,10.544257164001465
2003-02-18,10.711067199707031
2003-02-19,10.68579387664795
2003-02-20,10.584699630737305
2003-02-21,10.741393089294434
2003-02-24,10.458328247070312
2003-02-25,10.55942153930664
2003-02-26,10.4381103515625
2003-02-27,10.589753150939941
2003-02-28,10.640302658081055
2003-03-03,10.524040222167969
2003-03-04,10.37239933013916
2003-03-05,10.518985748291016
2003-03-06,10.37239933013916
2003-03-07,10.463384628295898
2003-03-10,10.08427619934082
2003-03-11,9.917465209960938
2003-03-12,9.932626724243164
2003-03-13,10.357233047485352
2003-03-14,10.402727127075195
2003-03-17,10.721176147460938
2003-03-18,10.781832695007324
2003-03-19,10.938530921936035
2003-03-20,10.953696250915527
2003-03-21,11.231438636779785
2003-03-24,10.840466499328613
2003-03-25,10.921704292297363
2003-03-26,10.870928764343262
2003-03-27,10.804924964904785
2003-03-28,10.79477310180664
2003-03-31,10.540897369384766
2003-04-01,10.820157051086426
2003-04-02,11.104501724243164
2003-04-03,11.053725242614746
2003-04-04,11.165427207946777
2003-04-07,11.206048965454102
2003-04-08,11.206048965454102
2003-04-09,11.048646926879883
2003-04-10,11.140043258666992
2003-04-11,11.134965896606445
2003-04-14,11.358375549316406
2003-04-15,11.55131721496582
2003-04-16,11.393913269042969
2003-04-17,11.597012519836426
2003-04-21,11.55639362335205
2003-04-22,11.911821365356445
2003-04-23,11.998136520385742
2003-04-24,11.749343872070312
2003-04-25,11.622401237487793
2003-04-28,11.8255033493042
2003-04-29,11.840733528137207
2003-04-30,11.866124153137207
2003-05-01,11.861043930053711
2003-05-02,12.048913955688477
2003-05-05,11.998136520385742
2003-05-06,12.089529991149902
2003-05-07,12.0133695602417
2003-05-08,11.876276969909668
2003-05-09,11.952439308166504
2003-05-12,12.089529991149902
2003-05-13,12.053988456726074
2003-05-14,12.048913955688477
2003-05-15,12.170769691467285
2003-05-16,12.201237678527832
2003-05-19,11.871203422546387
2003-05-20,11.881359100341797
2003-05-21,11.906747817993164
2003-05-22,11.942291259765625
2003-05-23,11.98798942565918
2003-05-27,12.206313133239746
2003-05-28,12.353564262390137
2003-05-29,12.221549987792969
2003-05-30,12.470345497131348
2003-06-02,12.582049369812012
2003-06-03,12.653136253356934
2003-06-04,12.835922241210938
2003-06-05,12.917166709899902
2003-06-06,12.907004356384277
2003-06-09,12.637898445129395
2003-06-10,12.744531631469727
2003-06-11,12.937479019165039
2003-06-12,12.91208553314209
2003-06-13,12.866392135620117
2003-06-16,13.181194305419922
2003-06-17,13.176115036010742
2003-06-18,13.04918384552002
2003-06-19,12.739452362060547
2003-06-20,12.778221130371094
2003-06-23,12.579277038574219
2003-06-24,12.650693893432617
2003-06-25,12.569075584411621
2003-06-26,12.67619800567627
2003-06-27,12.569075584411621
2003-06-30,12.523167610168457
2003-07-01,12.671098709106445
2003-07-02,12.829231262207031
2003-07-03,12.768013954162598
2003-07-07,12.987361907958984
2003-07-08,13.074085235595703
2003-07-09,13.05367660522461
2003-07-10,12.864943504333496
2003-07-11,13.043479919433594
2003-07-14,13.288330078125
2003-07-15,13.216920852661133
2003-07-16,13.150602340698242
2003-07-17,12.931253433227539
2003-07-18,13.089383125305176
2003-07-21,12.936354637145996
2003-07-22,13.06387996673584
2003-07-23,13.023077011108398
2003-07-24,12.966963768005371
2003-07-25,13.27302360534668
2003-07-28,13.222009658813477
2003-07-29,13.079184532165527
2003-07-30,13.084295272827148
2003-07-31,13.068982124328613
2003-08-01,12.813923835754395
2003-08-04,12.829231262207031
2003-08-05,12.620092391967773
2003-08-06,12.793526649475098
2003-08-07,12.854741096496582
2003-08-08,12.9159517288208
2003-08-11,12.890446662902832
2003-08-12,13.043479919433594
2003-08-13,12.946556091308594
2003-08-14,13.068982124328613
2003-08-15,13.05878734588623
2003-08-18,13.074085235595703
2003-08-19,13.05878734588623
2003-08-20,13.028175354003906
2003-08-21,13.028175354003906
2003-08-22,12.778221130371094
2003-08-25,12.82413101196289
2003-08-26,12.849638938903809
2003-08-27,12.79863166809082
2003-08-28,12.854741096496582
2003-08-29,12.9159517288208
2003-09-02,13.145503044128418
2003-09-03,13.17100715637207
2003-09-04,13.114895820617676
2003-09-05,13.05367660522461
2003-09-08,13.181204795837402
2003-09-09,13.114895820617676
2003-09-10,12.90064811706543
2003-09-11,12.956762313842773
2003-09-12,12.97715950012207
2003-09-15,12.97715950012207
2003-09-16,13.13019847869873
2003-09-17,13.150602340698242
2003-09-18,13.466869354248047
2003-09-19,13.445840835571289
2003-09-22,13.250972747802734
2003-09-23,13.343277931213379
2003-09-24,13.112521171569824
2003-09-25,13.050982475280762
2003-09-26,12.9791841506958
2003-09-29,13.117645263671875
2003-09-30,13.03046703338623
2003-10-01,13.358667373657227
2003-10-02,13.384306907653809
2003-10-03,13.48686408996582
2003-10-06,13.548402786254883
2003-10-07,13.630450248718262
2003-10-08,13.609936714172363
2003-10-09,13.64583683013916
2003-10-10,13.64583683013916
2003-10-13,13.861210823059082
2003-10-14,13.943263053894043
2003-10-15,13.907367706298828
2003-10-16,13.922757148742676
2003-10-17,13.799678802490234
2003-10-20,13.804816246032715
2003-10-21,13.799678802490234
2003-10-22,13.604812622070312
2003-10-23,13.69711685180664
2003-10-24,13.68173599243164
2003-10-27,13.68173599243164
2003-10-28,13.856096267700195
2003-10-29,13.87660026550293
2003-10-30,13.897109031677246
2003-10-31,13.933014869689941
2003-11-03,14.08172607421875
2003-11-04,14.009930610656738
2003-11-05,13.979159355163574
2003-11-06,14.045833587646484
2003-11-07,13.897109031677246
2003-11-10,13.91249942779541
2003-11-11,13.86634635925293
2003-11-12,13.974040031433105
2003-11-13,13.92788028717041
2003-11-14,13.748398780822754
2003-11-17,13.712507247924805
2003-11-18,13.553525924682617
2003-11-19,13.656103134155273
2003-11-20,13.538148880004883
2003-11-21,13.615065574645996
2003-11-24,13.743273735046387
2003-11-25,13.820189476013184
2003-11-26,13.902242660522461
2003-11-28,13.881729125976562
2003-12-01,14.040706634521484
2003-12-02,13.999675750732422
2003-12-03,13.974040031433105
2003-12-04,14.009930610656738
2003-12-05,13.897109031677246
2003-12-08,14.025311470031738
2003-12-09,13.902242660522461
2003-12-10,13.825316429138184
2003-12-11,13.984292030334473
2003-12-12,14.025311470031738
2003-12-15,13.989423751831055
2003-12-16,14.112491607666016
2003-12-17,14.061214447021484
2003-12-18,14.18428897857666
2003-12-19,14.227619171142578
2003-12-22,14.304997444152832
2003-12-23,14.32563591003418
2003-12-24,14.32563591003418
2003-12-26,14.320477485656738
2003-12-29,14.516507148742676
2003-12-30,14.547462463378906
2003-12-31,14.511343002319336
2004-01-02,14.490711212158203
2004-01-05,14.609354019165039
2004-01-06,14.604203224182129
2004-01-07,14.61452579498291
2004-01-08,14.666112899780273
2004-01-09,14.61452579498291
2004-01-12,14.676422119140625
2004-01-13,14.604203224182129
2004-01-14,14.71770191192627
2004-01-15,14.841506958007812
2004-01-16,14.887937545776367
2004-01-20,14.86729621887207
2004-01-21,15.089122772216797
2004-01-22,15.089122772216797
2004-01-23,15.016897201538086
2004-01-26,15.223243713378906
2004-01-27,15.120067596435547
2004-01-28,14.851820945739746
2004-01-29,14.975627899169922
2004-01-30,14.985945701599121
2004-02-02,15.073636054992676
2004-02-03,15.089122772216797
2004-02-04,14.965312957763672
2004-02-05,14.960149765014648
2004-02-06,15.212929725646973
2004-02-09,15.151030540466309
2004-02-10,15.197443962097168
2004-02-11,15.429588317871094
2004-02-12,15.403804779052734
2004-02-13,15.372849464416504
2004-02-17,15.486334800720215
2004-02-18,15.403804779052734
2004-02-19,15.398634910583496
2004-02-20,15.357368469238281
2004-02-23,15.357368469238281
2004-02-24,15.29546070098877
2004-02-25,15.362525939941406
2004-02-26,15.378005027770996
2004-02-27,15.41411304473877
2004-03-01,15.522448539733887
2004-03-02,15.445062637329102
2004-03-03,15.537922859191895
2004-03-04,15.579195976257324
2004-03-05,15.713318824768066
2004-03-08,15.630782127380371
2004-03-09,15.527595520019531
2004-03-10,15.279989242553711
2004-03-11,15.032373428344727
2004-03-12,15.254192352294922
2004-03-15,15.032373428344727
2004-03-16,15.17165756225586
2004-03-17,15.347041130065918
2004-03-18,15.352208137512207
2004-03-19,15.18327522277832
2004-03-22,14.986355781555176
2004-03-23,14.981181144714355
2004-03-24,14.867177963256836
2004-03-25,15.022632598876953
2004-03-26,15.012273788452148
2004-03-29,15.204007148742676
2004-03-30,15.307653427124023
2004-03-31,15.235098838806152
2004-04-01,15.395733833312988
2004-04-02,15.338746070861816
2004-04-05,15.380193710327148
2004-04-06,15.369827270507812
2004-04-07,15.328373908996582
2004-04-08,15.302467346191406
2004-04-12,15.395733833312988
2004-04-13,15.069272994995117
2004-04-14,14.887908935546875
2004-04-15,14.799808502197266
2004-04-16,14.96045207977295
2004-04-19,14.93454360961914
2004-04-20,14.659895896911621
2004-04-21,14.654715538024902
2004-04-22,14.908636093139648
2004-04-23,14.830904960632324
2004-04-26,14.799808502197266
2004-04-27,14.836082458496094
2004-04-28,14.623618125915527
2004-04-29,14.576974868774414
2004-04-30,14.571798324584961
2004-05-03,14.670259475708008
2004-05-04,14.716900825500488
2004-05-05,14.701349258422852
2004-05-06,14.540704727172852
2004-05-07,14.229783058166504
2004-05-10,14.110599517822266
2004-05-11,14.183146476745605
2004-05-12,14.343791007995605
2004-05-13,14.369702339172363
2004-05-14,14.380059242248535
2004-05-17,14.193512916564941
2004-05-18,14.307515144348145
2004-05-19,14.317877769470215
2004-05-20,14.369702339172363
2004-05-21,14.457796096801758
2004-05-24,14.478527069091797
2004-05-25,14.685805320739746
2004-05-26,14.773900032043457
2004-05-27,14.810174942016602
2004-05-28,14.820541381835938
2004-06-01,14.763534545898438
2004-06-02,14.836082458496094
2004-06-03,14.716900825500488
2004-06-04,14.841267585754395
2004-06-07,15.05372142791748
2004-06-08,15.032999038696289
2004-06-09,14.87753963470459
2004-06-10,14.950091361999512
2004-06-14,14.742807388305664
2004-06-15,14.799808502197266
2004-06-16,14.825711250305176
2004-06-17,14.836082458496094
2004-06-18,14.854839324951172
2004-06-21,14.807957649230957
2004-06-22,14.880875587463379
2004-06-23,14.917337417602539
2004-06-24,14.948585510253906
2004-06-25,14.896500587463379
2004-06-28,14.88608455657959
2004-06-29,14.823589324951172
2004-06-30,14.88608455657959
2004-07-01,14.781912803649902
2004-07-02,14.823589324951172
2004-07-06,14.719405174255371
2004-07-07,14.6881685256958
2004-07-08,14.578788757324219
2004-07-09,14.578788757324219
2004-07-12,14.646490097045898
2004-07-13,14.662111282348633
2004-07-14,14.594404220581055
2004-07-15,14.458977699279785
2004-07-16,14.464197158813477
2004-07-19,14.485023498535156
2004-07-20,14.557940483093262
2004-07-21,14.412100791931152
2004-07-22,14.427730560302734
2004-07-23,14.354809761047363
2004-07-26,14.360024452209473
2004-07-27,14.479815483093262
2004-07-28,14.526688575744629
2004-07-29,14.589191436767578
2004-07-30,14.568365097045898
2004-08-02,14.656904220581055
2004-08-03,14.568365097045898
2004-08-04,14.604828834533691
2004-08-05,14.365226745605469
2004-08-06,14.240218162536621
2004-08-09,14.22459602355957
2004-08-10,14.422521591186523
2004-08-11,14.464197158813477
2004-08-12,14.313141822814941
2004-08-13,14.328767776489258
2004-08-16,14.547527313232422
2004-08-17,14.630867958068848
2004-08-18,14.807957649230957
2004-08-19,14.745451927185059
2004-08-20,14.896500587463379
2004-08-23,14.844412803649902
2004-08-24,14.87045955657959
2004-08-25,15.000669479370117
2004-08-26,15.037130355834961
2004-08-27,15.052757263183594
2004-08-30,14.964211463928223
2004-08-31,15.042348861694336
2004-09-01,14.985045433044434
2004-09-02,15.151723861694336
2004-09-03,15.146520614624023
2004-09-07,15.328805923461914
2004-09-08,15.214226722717285
2004-09-09,15.198610305786133
2004-09-10,15.271517753601074
2004-09-13,15.22984790802002
2004-09-14,15.250687599182129
2004-09-15,15.19338607788086
2004-09-16,15.271517753601074
2004-09-17,15.307132720947266
2004-09-20,15.150032043457031
2004-09-21,15.275710105895996
2004-09-22,14.99816608428955
2004-09-23,14.846287727355957
2004-09-24,14.903902053833008
2004-09-27,14.830575942993164
2004-09-28,14.888189315795898
2004-09-29,14.940559387207031
2004-09-30,14.903902053833008
2004-10-01,15.155264854431152
2004-10-04,15.176209449768066
2004-10-05,15.092426300048828
2004-10-06,15.202391624450684
2004-10-07,15.160504341125488
2004-10-08,15.108132362365723
2004-10-11,15.150032043457031
2004-10-12,15.13955307006836
2004-10-13,15.04004955291748
2004-10-14,14.67347526550293
2004-10-15,14.69442367553711
2004-10-18,14.757265090942383
2004-10-19,14.51114273071289
2004-10-20,14.437819480895996
2004-10-21,14.427348136901855
2004-10-22,14.348794937133789
2004-10-25,14.343561172485352
2004-10-26,14.663000106811523
2004-10-27,14.88294792175293
2004-10-28,14.961503028869629
2004-10-29,14.982439041137695
2004-11-01,15.029582023620605
2004-11-02,15.092426300048828
2004-11-03,15.181443214416504
2004-11-04,15.438054084777832
2004-11-05,15.406625747680664
2004-11-08,15.385683059692383
2004-11-09,15.36997127532959
2004-11-10,15.411855697631836
2004-11-11,15.55849552154541
2004-11-12,15.621337890625
2004-11-15,15.66845989227295
2004-11-16,15.537549018859863
2004-11-17,15.574207305908203
2004-11-18,15.537549018859863
2004-11-19,15.33854866027832
2004-11-22,15.427573204040527
2004-11-23,15.464228630065918
2004-11-24,15.527070999145508
2004-11-26,15.537549018859863
2004-11-29,15.464228630065918
2004-11-30,15.448518753051758
2004-12-01,15.752250671386719
2004-12-02,15.726069450378418
2004-12-03,15.720839500427246
2004-12-06,15.710365295410156
2004-12-07,15.57944107055664
2004-12-08,15.621337890625
2004-12-09,15.705123901367188
2004-12-10,15.731308937072754
2004-12-13,15.836042404174805
2004-12-14,15.888407707214355
2004-12-15,15.972203254699707
2004-12-16,15.862234115600586
2004-12-17,15.813228607177734
2004-12-20,15.78687858581543
2004-12-21,15.992383003234863
2004-12-22,16.081954956054688
2004-12-23,16.113567352294922
2004-12-27,16.029264450073242
2004-12-28,16.103038787841797
2004-12-29,16.066152572631836
2004-12-30,16.087223052978516
2004-12-31,16.087223052978516
2005-01-03,16.029264450073242
2005-01-04,15.87646198272705
2005-01-05,15.850109100341797
2005-01-06,15.929149627685547
2005-01-07,15.844831466674805
2005-01-10,15.86064338684082
2005-01-11,15.792146682739258
2005-01-12,15.77107048034668
2005-01-13,15.618256568908691
2005-01-14,15.670949935913086
2005-01-18,15.918612480163574
2005-01-19,15.760533332824707
2005-01-20,15.64460277557373
2005-01-21,15.565559387207031
2005-01-24,15.570832252502441
2005-01-25,15.581374168395996
2005-01-26,15.655135154724121
2005-01-27,15.576101303100586
2005-01-28,15.555013656616211
2005-01-31,15.73945140838623
2005-02-01,15.908071517944336
2005-02-02,15.908071517944336
2005-02-03,15.834301948547363
2005-02-04,16.02398681640625
2005-02-07,16.039796829223633
2005-02-08,15.976570129394531
2005-02-09,15.934418678283691
2005-02-10,15.981842994689941
2005-02-11,16.108306884765625
2005-02-14,16.081954956054688
2005-02-15,16.118844985961914
2005-02-16,16.0081844329834
2005-02-17,15.865918159484863
2005-02-18,15.697299003601074
2005-02-22,15.465449333190918
2005-02-23,15.607718467712402
2005-02-24,15.62879467010498
2005-02-25,15.78687858581543
2005-02-28,15.634064674377441
2005-03-01,15.78687858581543
2005-03-02,15.73945140838623
2005-03-03,15.713099479675293
2005-03-04,15.913342475891113
2005-03-07,15.913342475891113
2005-03-08,15.886999130249023
2005-03-09,15.692031860351562
2005-03-10,15.781607627868652
2005-03-11,15.64460277557373
2005-03-14,15.728922843933105
2005-03-15,15.623522758483887
2005-03-16,15.465449333190918
2005-03-17,15.423295021057129
2005-03-18,15.346481323242188
2005-03-21,15.208756446838379
2005-03-22,14.927989959716797
2005-03-23,14.959774017333984
2005-03-24,14.88560676574707
2005-03-28,14.991561889648438
2005-03-29,14.938591957092285
2005-03-30,15.123993873596191
2005-03-31,15.039237022399902
2005-04-01,14.83262825012207
2005-04-04,14.938591957092285
2005-04-05,14.980965614318848
2005-04-06,15.081618309020996
2005-04-07,15.139884948730469
2005-04-08,15.002145767211914
2005-04-11,15.033935546875
2005-04-12,15.240531921386719
2005-04-13,15.018040657043457
2005-04-14,14.848531723022461
2005-04-15,14.689603805541992
2005-04-18,14.811452865600586
2005-04-19,14.83262825012207
2005-04-20,14.647231101989746
2005-04-21,14.731988906860352
2005-04-22,14.694913864135742
2005-04-25,14.88031005859375
2005-04-26,14.795557022094727
2005-04-27,15.002145767211914
2005-04-28,14.837928771972656
2005-04-29,15.065719604492188
2005-05-02,15.102795600891113
2005-05-03,15.118695259094238
2005-05-04,15.410045623779297
2005-05-05,15.341190338134766
2005-05-06,15.229942321777344
2005-05-09,15.36237621307373
2005-05-10,15.161075592041016
2005-05-11,15.229942321777344
2005-05-12,15.086908340454102
2005-05-13,14.954477310180664
2005-05-16,15.21934700012207
2005-05-17,15.314702033996582
2005-05-18,15.494808197021484
2005-05-19,15.510699272155762
2005-05-20,15.494808197021484
2005-05-23,15.515997886657715
2005-05-24,15.463024139404297
2005-05-25,15.410045623779297
2005-05-26,15.510699272155762
2005-05-27,15.537188529968262
2005-05-31,15.510699272155762
2005-06-01,15.632542610168457
2005-06-02,15.59015941619873
2005-06-03,15.510699272155762
2005-06-06,15.547780990600586
2005-06-07,15.537188529968262
2005-06-08,15.547780990600586
2005-06-09,15.595460891723633
2005-06-10,15.547780990600586
2005-06-13,15.547780990600586
2005-06-14,15.59015941619873
2005-06-15,15.627239227294922
2005-06-16,15.70669937133789
2005-06-17,15.789305686950684
2005-06-20,15.751998901367188
2005-06-21,15.810615539550781
2005-06-22,15.789305686950684
2005-06-23,15.645427703857422
2005-06-24,15.618781089782715
2005-06-27,15.613447189331055
2005-06-28,15.73067855834961
2005-06-29,15.805290222167969
2005-06-30,15.704032897949219
2005-07-01,15.720025062561035
2005-07-05,15.847920417785645
2005-07-06,15.73067855834961
2005-07-07,15.762655258178711
2005-07-08,15.922526359558105
2005-07-11,15.991802215576172
2005-07-12,15.991802215576172
2005-07-13,16.061067581176758
2005-07-14,16.141008377075195
2005-07-15,16.183629989624023
2005-07-18,16.013111114501953
2005-07-19,16.007781982421875
2005-07-20,16.06639862060547
2005-07-21,15.981136322021484
2005-07-22,16.06639862060547
2005-07-25,16.002460479736328
2005-07-26,16.02376365661621
2005-07-27,16.045085906982422
2005-07-28,16.093042373657227
2005-07-29,15.949166297912598
2005-08-01,15.949166297912598
2005-08-02,16.06639862060547
2005-08-03,16.087711334228516
2005-08-04,15.975807189941406
2005-08-05,15.794631004333496
2005-08-08,15.73067855834961
2005-08-09,15.831924438476562
2005-08-10,15.81594181060791
2005-08-11,15.874561309814453
2005-08-12,15.831924438476562
2005-08-15,15.906537055969238
2005-08-16,15.799952507019043
2005-08-17,15.837258338928223
2005-08-18,15.8265962600708
2005-08-19,15.85324478149414
2005-08-22,15.895877838134766
2005-08-23,15.794631004333496
2005-08-24,15.613447189331055
2005-08-25,15.693382263183594
2005-08-26,15.52819538116455
2005-08-29,15.650747299194336
2005-08-30,15.512199401855469
2005-08-31,15.688056945800781
2005-09-01,15.72535514831543
2005-09-02,15.714704513549805
2005-09-06,15.906537055969238
2005-09-07,15.869234085083008
2005-09-08,15.778646469116211
2005-09-09,15.917189598083496
2005-09-12,15.965149879455566
2005-09-13,15.831924438476562
2005-09-14,15.81594181060791
2005-09-15,15.8265962600708
2005-09-16,16.052791595458984
2005-09-19,15.90806770324707
2005-09-20,15.822309494018555
2005-09-21,15.55967903137207
2005-09-22,15.677600860595703
2005-09-23,15.731193542480469
2005-09-26,15.645442008972168
2005-09-27,15.69903564453125
2005-09-28,15.570394515991211
2005-09-29,15.859832763671875
2005-09-30,15.822309494018555
2005-10-03,15.784796714782715
2005-10-04,15.586472511291504
2005-10-05,15.522164344787598
2005-10-06,15.565032958984375
2005-10-07,15.618644714355469
2005-10-10,15.452485084533691
2005-10-11,15.404244422912598
2005-10-12,15.334563255310059
2005-10-13,15.409605979919434
2005-10-14,15.58111572265625
2005-10-17,15.597201347351074
2005-10-18,15.473920822143555
2005-10-19,15.784796714782715
2005-10-20,15.645442008972168
2005-10-21,15.736562728881836
2005-10-24,16.04742431640625
2005-10-25,15.95630931854248
2005-10-26,16.063507080078125
2005-10-27,15.972381591796875
2005-10-28,16.245737075805664
2005-10-31,16.304698944091797
2005-11-01,16.245737075805664
2005-11-02,16.379743576049805
2005-11-03,16.390457153320312
2005-11-04,16.417261123657227
2005-11-07,16.55661964416504
2005-11-08,16.508378982543945
2005-11-09,16.55126190185547
2005-11-10,16.883567810058594
2005-11-11,16.942520141601562
2005-11-14,16.9532413482666
2005-11-15,16.797801971435547
2005-11-16,16.70669174194336
2005-11-17,16.905010223388672
2005-11-18,16.990772247314453
2005-11-21,17.071170806884766
2005-11-22,17.22124481201172
2005-11-23,17.355226516723633
2005-11-25,17.39275550842285
2005-11-28,17.312358856201172
2005-11-29,17.301639556884766
2005-11-30,17.081876754760742
2005-12-01,17.17300033569336
2005-12-02,17.210519790649414
2005-12-05,17.178367614746094
2005-12-06,17.12476348876953
2005-12-07,16.98539924621582
2005-12-08,16.974689483642578
2005-12-09,17.097957611083984
2005-12-12,17.022918701171875
2005-12-13,17.24267578125
2005-12-14,17.30699348449707
2005-12-15,17.210519790649414
2005-12-16,17.25259017944336
2005-12-19,17.10154914855957
2005-12-20,17.177074432373047
2005-12-21,17.225624084472656
2005-12-22,17.344308853149414
2005-12-23,17.365882873535156
2005-12-27,17.23101806640625
2005-12-28,17.193252563476562
2005-12-29,17.177074432373047
2005-12-30,17.085363388061523
2006-01-03,17.37128257751465
2006-01-04,17.3550968170166
2006-01-05,17.414443969726562
2006-01-06,17.516944885253906
2006-01-09,17.56549835205078
2006-01-10,17.581687927246094
2006-01-11,17.678783416748047
2006-01-12,17.554706573486328
2006-01-13,17.543920516967773
2006-01-17,17.360488891601562
2006-01-18,17.311939239501953
2006-01-19,17.257993698120117
2006-01-20,16.89653778076172
2006-01-23,16.9397029876709
2006-01-24,17.015230178833008
2006-01-25,17.047595977783203
2006-01-26,17.338916778564453
2006-01-27,17.3550968170166
2006-01-30,17.3011474609375
2006-01-31,17.236417770385742
2006-02-01,17.225624084472656
2006-02-02,17.106937408447266
2006-02-03,17.03680992126465
2006-02-06,17.085363388061523
2006-02-07,16.972064971923828
2006-02-08,17.07996368408203
2006-02-09,17.123123168945312
2006-02-10,17.220232009887695
2006-02-13,17.15549087524414
2006-02-14,17.360488891601562
2006-02-15,17.462993621826172
2006-02-16,17.56549835205078
2006-02-17,17.495359420776367
2006-02-21,17.441417694091797
2006-02-22,17.7705078125
2006-02-23,17.705766677856445
2006-02-24,17.7435245513916
2006-02-27,17.775888442993164
2006-02-28,17.603260040283203
2006-03-01,17.694971084594727
2006-03-02,17.58707046508789
2006-03-03,17.543920516967773
2006-03-06,17.48996925354004
2006-03-07,17.549312591552734
2006-03-08,17.560096740722656
2006-03-09,17.452207565307617
2006-03-10,17.608646392822266
2006-03-13,17.61404800415039
2006-03-14,17.81905174255371
2006-03-15,17.840627670288086
2006-03-16,17.899967193603516
2006-03-17,17.952587127685547
2006-03-20,17.96343994140625
2006-03-21,17.78445816040039
2006-03-22,17.92546272277832
2006-03-23,17.838685989379883
2006-03-24,17.833267211914062
2006-03-27,17.822418212890625
2006-03-28,17.67597198486328
2006-03-29,17.75733184814453
2006-03-30,17.648860931396484
2006-03-31,17.654277801513672
2006-04-03,17.681396484375
2006-04-04,17.871231079101562
2006-04-05,17.90376853942871
2006-04-06,17.838685989379883
2006-04-07,17.670555114746094
2006-04-10,17.703092575073242
2006-04-11,17.55122947692871
2006-04-12,17.589191436767578
2006-04-13,17.616310119628906
2006-04-17,17.600048065185547
2006-04-18,17.92546272277832
2006-04-19,17.947166442871094
2006-04-20,17.985126495361328
2006-04-21,17.96343994140625
2006-04-24,17.968854904174805
2006-04-25,17.860387802124023
2006-04-26,17.96343994140625
2006-04-27,18.245466232299805
2006-04-28,18.419031143188477
2006-05-01,18.131561279296875
2006-05-02,18.245466232299805
2006-05-03,18.229204177856445
2006-05-04,18.267168045043945
2006-05-05,18.52750587463379
2006-05-08,18.451568603515625
2006-05-09,18.484107971191406
2006-05-10,18.49496078491211
2006-05-11,18.19123077392578
2006-05-12,18.00682258605957
2006-05-15,18.131561279296875
2006-05-16,18.109874725341797
2006-05-17,17.746484756469727
2006-05-18,17.589191436767578
2006-05-19,17.681396484375
2006-05-22,17.63801383972168
2006-05-23,17.55122947692871
2006-05-24,17.562074661254883
2006-05-25,17.719362258911133
2006-05-26,17.865808486938477
2006-05-30,17.600048065185547
2006-05-31,17.72478485107422
2006-06-01,17.93088722229004
2006-06-02,18.033937454223633
2006-06-05,17.741050720214844
2006-06-06,17.697669982910156
2006-06-07,17.75733184814453
2006-06-08,17.78987693786621
2006-06-09,17.73021697998047
2006-06-12,17.534954071044922
2006-06-13,17.193262100219727
2006-06-14,17.0902099609375
2006-06-15,17.469867706298828
2006-06-16,17.359127044677734
2006-06-19,17.239103317260742
2006-06-20,17.288192749023438
2006-06-21,17.430051803588867
2006-06-22,17.364578247070312
2006-06-23,17.250015258789062
2006-06-26,17.402769088745117
2006-06-27,17.23365592956543
2006-06-28,17.32638931274414
2006-06-29,17.69190788269043
2006-06-30,17.64280891418457
2006-07-03,17.85011100769043
2006-07-05,17.68099021911621
2006-07-06,17.73554801940918
2006-07-07,17.64826202392578
2006-07-10,17.76828384399414
2006-07-11,17.77373695373535
2006-07-12,17.599166870117188
2006-07-13,17.320938110351562
2006-07-14,17.250015258789062
2006-07-17,17.28274917602539
2006-07-18,17.320938110351562
2006-07-19,17.779190063476562
2006-07-20,17.708276748657227
2006-07-21,17.610078811645508
2006-07-24,17.83920669555664
2006-07-25,17.88285255432129
2006-07-26,17.861026763916016
2006-07-27,17.757373809814453
2006-07-28,18.07377815246582
2006-07-31,18.046510696411133
2006-08-01,17.99195098876953
2006-08-02,18.02467918395996
2006-08-03,18.101057052612305
2006-08-04,18.13924789428711
2006-08-07,18.101057052612305
2006-08-08,17.970138549804688
2006-08-09,17.757373809814453
2006-08-10,17.844661712646484
2006-08-11,17.79010581970215
2006-08-14,17.811931610107422
2006-08-15,18.111968994140625
2006-08-16,18.21017074584961
2006-08-17,18.270179748535156
2006-08-18,18.297460556030273
2006-08-21,18.226531982421875
2006-08-22,18.2210750579834
2006-08-23,18.16652488708496
2006-08-24,18.226531982421875
2006-08-25,18.128341674804688
2006-08-28,18.25927734375
2006-08-29,18.18288803100586
2006-08-30,18.237449645996094
2006-08-31,18.25927734375
2006-09-01,18.286550521850586
2006-09-05,18.352008819580078
2006-09-06,18.292011260986328
2006-09-07,18.150165557861328
2006-09-08,18.253812789916992
2006-09-11,18.264726638793945
2006-09-12,18.49930763244629
2006-09-13,18.63569450378418
2006-09-14,18.67934226989746
2006-09-15,18.73639678955078
2006-09-18,18.714447021484375
2006-09-19,18.747373580932617
2006-09-20,18.873554229736328
2006-09-21,18.741878509521484
2006-09-22,18.774803161621094
2006-09-25,18.96683120727539
2006-09-26,19.071073532104492
2006-09-27,18.983291625976562
2006-09-28,19.04912567138672
2006-09-29,18.994266510009766
2006-10-02,18.95036506652832
2006-10-03,19.13691520690918
2006-10-04,19.36734962463379
2006-10-05,19.356380462646484
2006-10-06,19.290538787841797
2006-10-09,19.34540367126465
2006-10-10,19.34540367126465
2006-10-11,19.296018600463867
2006-10-12,19.4002742767334
2006-10-13,19.471588134765625
2006-10-16,19.36734962463379
2006-10-17,19.36734962463379
2006-10-18,19.422204971313477
2006-10-19,19.296018600463867
2006-10-20,19.274066925048828
2006-10-23,19.4002742767334
2006-10-24,19.3947696685791
2006-10-25,19.477075576782227
2006-10-26,19.614240646362305
2006-10-27,19.466102600097656
2006-10-30,19.471588134765625
2006-10-31,19.43866729736328
2006-11-01,19.317964553833008
2006-11-02,19.263099670410156
2006-11-03,19.263099670410156
2006-11-06,19.4880428314209
2006-11-07,19.531938552856445
2006-11-08,19.614240646362305
2006-11-09,19.482559204101562
2006-11-10,19.641666412353516
2006-11-13,19.619722366333008
2006-11-14,19.734941482543945
2006-11-15,19.707504272460938
2006-11-16,19.899532318115234
2006-11-17,19.751399993896484
2006-11-20,19.877582550048828
2006-11-21,19.84467315673828
2006-11-22,19.866619110107422
2006-11-24,19.767860412597656
2006-11-27,19.46062469482422
2006-11-28,19.4935302734375
2006-11-29,19.614240646362305
2006-11-30,19.575828552246094
2006-12-01,19.46062469482422
2006-12-04,19.734941482543945
2006-12-05,19.828214645385742
2006-12-06,19.85564422607422
2006-12-07,19.806264877319336
2006-12-08,19.866619110107422
2006-12-11,19.97633934020996
2006-12-12,19.9928035736084
2006-12-13,20.01474952697754
2006-12-14,20.184833526611328
2006-12-15,20.23514175415039
2006-12-18,20.334665298461914
2006-12-19,20.318077087402344
2006-12-20,20.384416580200195
2006-12-21,20.29595947265625
2006-12-22,20.196443557739258
2006-12-26,20.378887176513672
2006-12-27,20.522642135620117
2006-12-28,20.428653717041016
2006-12-29,20.31254768371582
2007-01-03,20.412065505981445
2007-01-04,20.345718383789062
2007-01-05,20.18539047241211
2007-01-08,20.273849487304688
2007-01-09,20.240671157836914
2007-01-10,20.307022094726562
2007-01-11,20.43417739868164
2007-01-12,20.456296920776367
2007-01-16,20.51157569885254
2007-01-17,20.456296920776367
2007-01-18,20.373367309570312
2007-01-19,20.43417739868164
2007-01-22,20.41758918762207
2007-01-23,20.40653419494629
2007-01-24,20.616626739501953
2007-01-25,20.318077087402344
2007-01-26,20.356779098510742
2007-01-29,20.25726890563965
2007-01-30,20.334665298461914
2007-01-31,20.500524520874023
2007-02-01,20.633211135864258
2007-02-02,20.671911239624023
2007-02-05,20.666383743286133
2007-02-06,20.7603816986084
2007-02-07,20.837778091430664
2007-02-08,20.771434783935547
2007-02-09,20.550281524658203
2007-02-12,20.500524520874023
2007-02-13,20.64980125427246
2007-02-14,20.848833084106445
2007-02-15,20.88200569152832
2007-02-16,20.87647247314453
2007-02-20,20.987051010131836
2007-02-21,20.898595809936523
2007-02-22,20.81565284729004
2007-02-23,20.62215805053711
2007-02-26,20.472881317138672
2007-02-27,19.51641273498535
2007-02-28,19.875776290893555
2007-03-01,19.853670120239258
2007-03-02,19.626985549926758
2007-03-05,19.31737518310547
2007-03-06,19.720972061157227
2007-03-07,19.60487937927246
2007-03-08,19.78179359436035
2007-03-09,19.8315486907959
2007-03-12,19.8315486907959
2007-03-13,19.239978790283203
2007-03-14,19.28420639038086
2007-03-15,19.51641273498535
2007-03-16,19.44312286376953
2007-03-19,19.570817947387695
2007-03-20,19.74848747253418
2007-03-21,20.198200225830078
2007-03-22,20.076053619384766
2007-03-23,20.098264694213867
2007-03-26,19.998323440551758
2007-03-27,19.87617301940918
2007-03-28,19.6263370513916
2007-03-29,19.726272583007812
2007-03-30,19.781795501708984
2007-04-02,19.59858512878418
2007-04-03,19.842864990234375
2007-04-04,19.842864990234375
2007-04-05,19.85396957397461
2007-04-09,19.848424911499023
2007-04-10,19.937257766723633
2007-04-11,19.770692825317383
2007-04-12,19.737380981445312
2007-04-13,19.82066535949707
2007-04-16,20.303682327270508
2007-04-17,20.298128128051758
2007-04-18,20.53131675720215
2007-04-19,20.503551483154297
2007-04-20,20.609046936035156
2007-04-23,20.55352783203125
2007-04-24,20.492450714111328
2007-04-25,20.770055770874023
2007-04-26,20.736738204956055
2007-04-27,20.708982467651367
2007-04-30,20.5479736328125
2007-05-01,20.58683967590332
2007-05-02,20.6756649017334
2007-05-03,20.869985580444336
2007-05-04,20.942167282104492
2007-05-07,20.96992301940918
2007-05-08,20.92551040649414
2007-05-09,21.03654670715332
2007-05-10,20.736738204956055
2007-05-11,20.958826065063477
2007-05-14,20.858884811401367
2007-05-15,20.808910369873047
2007-05-16,21.047645568847656
2007-05-17,20.942167282104492
2007-05-18,20.9976863861084
2007-05-21,21.019893646240234
2007-05-22,21.03654670715332
2007-05-23,21.019893646240234
2007-05-24,20.831125259399414
2007-05-25,20.869985580444336
2007-05-29,20.958826065063477
2007-05-30,21.103174209594727
2007-05-31,21.04210090637207
2007-06-01,21.108722686767578
2007-06-04,21.080968856811523
2007-06-05,20.95327377319336
2007-06-06,20.77560806274414
2007-06-07,20.425830841064453
2007-06-08,20.664562225341797
2007-06-11,20.75894546508789
2007-06-12,20.475799560546875
2007-06-13,20.86443519592285
2007-06-14,20.831125259399414
2007-06-15,20.90592384338379
2007-06-18,20.90035057067871
2007-06-19,20.98965835571289
2007-06-20,20.62122344970703
2007-06-21,20.654727935791016
2007-06-22,20.392351150512695
2007-06-25,20.230459213256836
2007-06-26,20.040668487548828
2007-06-27,20.342111587524414
2007-06-28,20.308612823486328
2007-06-29,20.19696617126465
2007-07-02,20.37002182006836
2007-07-03,20.548656463623047
2007-07-05,20.375600814819336
2007-07-06,20.476089477539062
2007-07-09,20.392351150512695
2007-07-10,19.962507247924805
2007-07-11,20.029499053955078
2007-07-12,20.397932052612305
2007-07-13,20.476089477539062
2007-07-16,20.40351104736328
2007-07-17,20.470508575439453
2007-07-18,20.2081356048584
2007-07-19,20.14114761352539
2007-07-20,19.789459228515625
2007-07-23,19.778287887573242
2007-07-24,19.281461715698242
2007-07-25,19.370779037475586
2007-07-26,18.91302490234375
2007-07-27,18.61716079711914
2007-07-30,18.968849182128906
2007-07-31,18.365949630737305
2007-08-01,18.572511672973633
2007-08-02,18.695310592651367
2007-08-03,17.897035598754883
2007-08-06,18.81254005432129
2007-08-07,18.946523666381836
2007-08-08,19.3986873626709
2007-08-09,18.700899124145508
2007-08-10,18.61716079711914
2007-08-13,18.449691772460938
2007-08-14,18.125911712646484
2007-08-15,17.96401596069336
2007-08-16,18.50551414489746
2007-08-17,19.259130477905273
2007-08-20,19.00234031677246
2007-08-21,19.136322021484375
2007-08-22,19.186559677124023
2007-08-23,19.21448516845703
2007-08-24,19.281461715698242
2007-08-27,19.058164596557617
2007-08-28,18.4887752532959
2007-08-29,18.712064743041992
2007-08-30,18.594831466674805
2007-08-31,18.840465545654297
2007-09-04,18.985597610473633
2007-09-05,18.75672149658203
2007-09-06,18.61716079711914
2007-09-07,18.427358627319336
2007-09-10,18.365949630737305
2007-09-11,18.555757522583008
2007-09-12,18.594831466674805
2007-09-13,18.901859283447266
2007-09-14,18.968849182128906
2007-09-17,18.79020881652832
2007-09-18,19.499174118041992
2007-09-19,19.621986389160156
2007-09-20,19.381946563720703
2007-09-21,19.457862854003906
2007-09-24,19.187925338745117
2007-09-25,19.1485538482666
2007-09-26,19.154190063476562
2007-09-27,19.379133224487305
2007-09-28,19.300405502319336
2007-10-01,19.665939331054688
2007-10-02,19.89088249206543
2007-10-03,19.845901489257812
2007-10-04,19.963993072509766
2007-10-05,20.183319091796875
2007-10-08,19.907756805419922
2007-10-09,20.076467514038086
2007-10-10,19.963993072509766
2007-10-11,19.85714340209961
2007-10-12,19.986488342285156
2007-10-15,19.58157730102539
2007-10-16,19.216049194335938
2007-10-17,19.20479393005371
2007-10-18,18.962984085083008
2007-10-19,18.333133697509766
2007-10-22,18.55807876586914
2007-10-23,18.6593017578125
2007-10-24,18.518709182739258
2007-10-25,18.501840591430664
2007-10-26,18.951725006103516
2007-10-29,19.00796890258789
2007-10-30,18.715539932250977
2007-10-31,18.968605041503906
2007-11-01,17.99571418762207
2007-11-02,17.905733108520508
2007-11-05,17.585180282592773
2007-11-06,17.883241653442383
2007-11-07,16.904726028442383
2007-11-08,17.079059600830078
2007-11-09,16.94970703125
2007-11-12,17.01157569885254
2007-11-13,17.810138702392578
2007-11-14,17.74264907836914
2007-11-15,17.292757034301758
2007-11-16,17.157785415649414
2007-11-19,16.696645736694336
2007-11-20,16.331106185913086
2007-11-21,16.078041076660156
2007-11-23,16.460458755493164
2007-11-26,15.909334182739258
2007-11-27,16.19614601135254
2007-11-28,17.163402557373047
2007-11-29,17.01157569885254
2007-11-30,17.433347702026367
2007-12-03,17.292757034301758
2007-12-04,16.972206115722656
2007-12-05,17.22527503967285
2007-12-06,17.782014846801758
2007-12-07,17.545812606811523
2007-12-10,17.916976928710938
2007-12-11,17.01157569885254
2007-12-12,16.88222885131836
2007-12-13,16.876602172851562
2007-12-14,16.505441665649414
2007-12-17,16.331106185913086
2007-12-18,16.342363357543945
2007-12-19,16.437963485717773
2007-12-20,16.319860458374023
2007-12-21,16.62177276611328
2007-12-24,16.92254066467285
2007-12-26,16.80336570739746
2007-12-27,16.46286964416504
2007-12-28,16.423141479492188
2007-12-31,16.41747283935547
2008-01-02,16.094003677368164
2008-01-03,15.991850852966309
2008-01-04,15.53786849975586
2008-01-07,15.577590942382812
2008-01-08,15.010091781616211
2008-01-09,15.293845176696777
2008-01-10,15.554890632629395
2008-01-11,15.60595703125
2008-01-14,15.82160472869873
2008-01-15,15.168993949890137
2008-01-16,15.424365043640137
2008-01-17,14.641228675842285
2008-01-18,14.47098159790039
2008-01-22,14.783101081848145
2008-01-23,15.832956314086914
2008-01-24,15.838623046875
2008-01-25,15.424365043640137
2008-01-28,15.974828720092773
2008-01-29,16.21884536743164
2008-01-30,15.88969898223877
2008-01-31,16.536640167236328
2008-02-01,16.843090057373047
2008-02-04,16.355051040649414
2008-02-05,15.691079139709473
2008-02-06,15.509481430053711
2008-02-07,15.651360511779785
2008-02-08,15.390311241149902
2008-02-11,15.049823760986328
2008-02-12,15.464077949523926
2008-02-13,15.407339096069336
2008-02-14,14.987401962280273
2008-02-15,15.22574234008789
2008-02-19,15.203044891357422
2008-02-20,15.378959655761719
2008-02-21,15.106568336486816
2008-02-22,15.435711860656738
2008-02-25,15.435711860656738
2008-02-26,15.571914672851562
2008-02-27,15.64001178741455
2008-02-28,15.151968002319336
2008-02-29,14.65825366973877
2008-03-03,14.45962905883789
2008-03-04,14.380186080932617
2008-03-05,14.266681671142578
2008-03-06,13.772969245910645
2008-03-07,13.801338195800781
2008-03-10,13.409770965576172
2008-03-11,14.289385795593262
2008-03-12,14.051036834716797
2008-03-13,14.016983032226562
2008-03-14,13.619742393493652
2008-03-17,13.307625770568848
2008-03-18,14.425579071044922
2008-03-19,14.045357704162598
2008-03-20,15.05677604675293
2008-03-24,15.251275062561035
2008-03-25,15.205513954162598
2008-03-26,14.656332969665527
2008-03-27,14.427505493164062
2008-03-28,14.101422309875488
2008-03-31,14.227278709411621
2008-04-01,15.228400230407715
2008-04-02,15.216955184936523
2008-04-03,15.285606384277344
2008-04-04,15.079660415649414
2008-04-07,15.171194076538086
2008-04-08,14.999571800231934
2008-04-09,14.747857093811035
2008-04-10,14.656332969665527
2008-04-11,14.376020431518555
2008-04-14,14.038501739501953
2008-04-15,14.181517601013184
2008-04-16,14.564797401428223
2008-04-17,14.81651496887207
2008-04-18,15.142587661743164
2008-04-21,14.908041954040527
2008-04-22,14.702094078063965
2008-04-23,14.60484790802002
2008-04-24,15.131145477294922
2008-04-25,15.417184829711914
2008-04-28,15.457221984863281
2008-04-29,15.268440246582031
2008-04-30,15.222668647766113
2008-05-01,15.743256568908691
2008-05-02,15.851947784423828
2008-05-05,15.577353477478027
2008-05-06,15.743256568908691
2008-05-07,15.176907539367676
2008-05-08,14.867995262145996
2008-05-09,14.867995262145996
2008-05-12,15.045333862304688
2008-05-13,14.908041954040527
2008-05-14,15.011015892028809
2008-05-15,15.15975284576416
2008-05-16,15.096816062927246
2008-05-19,14.953802108764648
2008-05-20,14.60484790802002
2008-05-21,14.232999801635742
2008-05-22,14.313092231750488
2008-05-23,14.101422309875488
2008-05-27,14.175793647766113
2008-05-28,14.095708847045898
2008-05-29,14.347412109375
2008-05-30,14.164351463317871
2008-06-02,13.952689170837402
2008-06-03,13.90692138671875
2008-06-04,13.821110725402832
2008-06-05,14.095708847045898
2008-06-06,13.346295356750488
2008-06-09,13.163238525390625
2008-06-10,13.203275680541992
2008-06-11,12.81999683380127
2008-06-12,13.168960571289062
2008-06-13,13.374905586242676
2008-06-16,13.500758171081543
2008-06-17,13.10603141784668
2008-06-18,12.888647079467773
2008-06-19,13.025940895080566
2008-06-20,12.800861358642578
2008-06-23,12.396868705749512
2008-06-24,12.54115104675293
2008-06-25,12.512290954589844
2008-06-26,12.062129020690918
2008-06-27,11.871675491333008
2008-06-30,11.692763328552246
2008-07-01,11.72739028930664
2008-07-02,11.548478126525879
2008-07-03,11.508077621459961
2008-07-07,11.127165794372559
2008-07-08,11.848588943481445
2008-07-09,11.17333698272705
2008-07-10,11.092541694641113
2008-07-11,10.780888557434082
2008-07-14,10.226835250854492
2008-07-15,9.909414291381836
2008-07-16,11.207966804504395
2008-07-17,11.692763328552246
2008-07-18,11.929386138916016
2008-07-21,11.975555419921875
2008-07-22,12.979771614074707
2008-07-23,12.962459564208984
2008-07-24,12.090984344482422
2008-07-25,12.044815063476562
2008-07-28,11.47922134399414
2008-07-29,12.408408164978027
2008-07-30,12.598864555358887
2008-07-31,12.483433723449707
2008-08-01,12.483433723449707
2008-08-04,12.37955379486084
2008-08-05,13.00862979888916
2008-08-06,12.875889778137207
2008-08-07,12.241040229797363
2008-08-08,12.66235065460205
2008-08-11,12.875889778137207
2008-08-12,12.223727226257324
2008-08-13,11.871675491333008
2008-08-14,12.241040229797363
2008-08-15,12.327613830566406
2008-08-18,11.85435962677002
2008-08-19,11.508077621459961
2008-08-20,11.74470329284668
2008-08-21,11.531166076660156
2008-08-22,11.9697847366333
2008-08-25,11.548478126525879
2008-08-26,11.640816688537598
2008-08-27,11.865898132324219
2008-08-28,12.344926834106445
2008-08-29,12.362235069274902
2008-09-02,12.535378456115723
2008-09-03,12.731600761413574
2008-09-04,12.10830020904541
2008-09-05,12.546927452087402
2008-09-08,13.089425086975098
2008-09-09,12.252582550048828
2008-09-10,12.102526664733887
2008-09-11,12.37955379486084
2008-09-12,12.206411361694336
2008-09-15,11.017512321472168
2008-09-16,11.842816352844238
2008-09-17,10.705856323242188
2008-09-18,11.548478126525879
2008-09-19,13.040106773376465
2008-09-22,11.97382640838623
2008-09-23,11.938864707946777
2008-09-24,11.804851531982422
2008-09-25,12.131143569946289
2008-09-26,12.463265419006348
2008-09-29,10.820141792297363
2008-09-30,11.589263916015625
2008-10-01,12.043745994567871
2008-10-02,11.443601608276367
2008-10-03,10.942503929138184
2008-10-06,10.371487617492676
2008-10-07,9.276070594787598
2008-10-08,8.903162956237793
2008-10-09,7.976723670959473
2008-10-10,8.798282623291016
2008-10-13,9.485835075378418
2008-10-14,10.097635269165039
2008-10-15,9.002219200134277
2008-10-16,9.206153869628906
2008-10-17,8.943952560424805
2008-10-20,9.386778831481934
2008-10-21,9.101272583007812
2008-10-22,8.530254364013672
2008-10-23,8.442858695983887
2008-10-24,7.89514684677124
2008-10-27,7.679565906524658
2008-10-28,8.885685920715332
2008-10-29,8.337976455688477
2008-10-30,8.629310607910156
2008-10-31,9.048829078674316
2008-11-03,9.101272583007812
2008-11-04,9.614019393920898
2008-11-05,8.73419189453125
2008-11-06,8.13404369354248
2008-11-07,8.285536766052246
2008-11-10,8.040815353393555
2008-11-11,7.761133670806885
2008-11-12,7.283346652984619
2008-11-13,7.813575267791748
2008-11-14,7.4173583984375
2008-11-17,6.945401191711426
2008-11-18,6.846346378326416
2008-11-19,6.129666805267334
2008-11-20,5.471251964569092
2008-11-21,5.640226364135742
2008-11-24,6.496747016906738
2008-11-25,6.875481605529785
2008-11-26,7.195948123931885
2008-11-28,7.376580238342285
2008-12-01,6.147144794464111
2008-12-02,6.648241996765137
2008-12-03,6.992014408111572
2008-12-04,6.916265964508057
2008-12-05,7.4639763832092285
2008-12-08,7.96506929397583
2008-12-09,7.644601345062256
2008-12-10,7.510588645935059
2008-12-11,6.93374490737915
2008-12-12,7.0677642822265625
2008-12-15,6.776429176330566
2008-12-16,7.53389835357666
2008-12-17,7.4639763832092285
2008-12-18,7.248383522033691
2008-12-19,7.232419967651367
2008-12-22,6.978134632110596
2008-12-23,6.812548637390137
2008-12-24,6.960392475128174
2008-12-26,6.966305255889893
2008-12-29,6.907167911529541
2008-12-30,7.173286437988281
2008-12-31,7.4039154052734375
2009-01-02,7.486713409423828
2009-01-05,7.36251974105835
2009-01-06,7.480796813964844
2009-01-07,7.090494155883789
2009-01-08,7.060924530029297
2009-01-09,6.836206912994385
2009-01-12,6.475471019744873
2009-01-13,6.5641770362854
2009-01-14,6.185701847076416
2009-01-15,5.901846408843994
2009-01-16,5.724435329437256
2009-01-20,4.7782464027404785
2009-01-21,5.481974124908447
2009-01-22,5.144894599914551
2009-01-23,5.31639289855957
2009-01-26,5.221770763397217
2009-01-27,5.405099391937256
2009-01-28,6.09699821472168
2009-01-29,5.617989540100098
2009-01-30,5.464233875274658
2009-02-02,5.464233875274658
2009-02-03,5.363701343536377
2009-02-04,5.304564952850342
2009-02-05,5.387355327606201
2009-02-06,5.78948450088501
2009-02-09,5.854536056518555
2009-02-10,5.257253170013428
2009-02-11,5.511543273925781
2009-02-12,5.440578937530518
2009-02-13,5.233597755432129
2009-02-17,4.713199138641357
2009-02-18,4.713199138641357
2009-02-19,4.4648213386535645
2009-02-20,4.399774074554443
2009-02-23,4.2460150718688965
2009-02-24,4.760507583618164
2009-02-25,4.7309370040893555
2009-02-26,4.8078155517578125
2009-02-27,4.494389057159424
2009-03-02,4.210534572601318
2009-03-03,4.127744197845459
2009-03-04,4.074522018432617
2009-03-05,3.6901307106018066
2009-03-06,3.6546504497528076
2009-03-09,3.701958179473877
2009-03-10,4.251931190490723
2009-03-11,4.364290714263916
2009-03-12,4.813730239868164
2009-03-13,4.843297958374023
2009-03-16,4.748678207397461
2009-03-17,5.0561909675598145
2009-03-18,5.564765930175781
2009-03-19,5.121242046356201
2009-03-20,4.862014293670654
2009-03-23,5.6623921394348145
2009-03-24,5.387636184692383
2009-03-25,5.566823959350586
2009-03-26,5.632529258728027
2009-03-27,5.459312438964844
2009-03-30,4.9874467849731445
2009-03-31,5.26220178604126
2009-04-01,5.41152811050415
2009-04-02,5.56085205078125
2009-04-03,5.787826061248779
2009-04-06,5.632529258728027
2009-04-07,5.465285301208496
2009-04-08,5.495150089263916
2009-04-09,6.349287986755371
2009-04-13,6.618071556091309
2009-04-14,6.182042598724365
2009-04-15,6.480691432952881
2009-04-16,6.552368640899658
2009-04-17,6.635990619659424
2009-04-20,5.895339488983154
2009-04-21,6.331367015838623
2009-04-22,6.104395866394043
2009-04-23,6.391097068786621
2009-04-24,6.534450054168701
2009-04-27,6.426933765411377
2009-04-28,6.229825973510742
2009-04-29,6.498612880706787
2009-04-30,6.409018516540527
2009-05-01,6.361233234405518
2009-05-04,7.006315231323242
2009-05-05,6.904776573181152
2009-05-06,7.454288005828857
2009-05-07,7.23926305770874
2009-05-08,7.776832580566406
2009-05-11,7.3228864669799805
2009-05-12,7.167586803436279
2009-05-13,6.803232669830322
2009-05-14,7.030208110809326
2009-05-15,6.8868560791015625
2009-05-18,7.3408050537109375
2009-05-19,7.191478729248047
2009-05-20,7.000344276428223
2009-05-21,7.0122880935668945
2009-05-22,6.96450662612915
2009-05-26,7.191478729248047
2009-05-27,6.9764485359191895
2009-05-28,7.173559188842773
2009-05-29,7.3049635887146
2009-06-01,7.382615089416504
2009-06-02,7.263153076171875
2009-06-03,7.167586803436279
2009-06-04,7.4244256019592285
2009-06-05,7.3587212562561035
2009-06-08,7.412482738494873
2009-06-09,7.466235160827637
2009-06-10,7.352746486663818
2009-06-11,7.412482738494873
2009-06-12,7.460263252258301
2009-06-15,7.26912260055542
2009-06-16,7.143694877624512
2009-06-17,6.934638977050781
2009-06-18,7.1018853187561035
2009-06-19,7.228564739227295
2009-06-22,6.8082966804504395
2009-06-23,6.886346817016602
2009-06-24,6.970399856567383
2009-06-25,7.120495796203613
2009-06-26,7.156518459320068
2009-06-29,7.246574878692627
2009-06-30,7.174525260925293
2009-07-01,7.132500648498535
2009-07-02,6.886346817016602
2009-07-06,6.892348289489746
2009-07-07,6.784285068511963
2009-07-08,6.670209884643555
2009-07-09,6.754263877868652
2009-07-10,6.664209365844727
2009-07-13,7.090476989746094
2009-07-14,7.060455322265625
2009-07-15,7.3606462478637695
2009-07-16,7.336633205413818
2009-07-17,7.288602828979492
2009-07-20,7.348640441894531
2009-07-21,7.282599449157715
2009-07-22,7.288602828979492
2009-07-23,7.498734951019287
2009-07-24,7.456709384918213
2009-07-27,7.576782703399658
2009-07-28,7.55877161026001
2009-07-29,7.55877161026001
2009-07-30,7.732883453369141
2009-07-31,7.810929775238037
2009-08-03,8.009057998657227
2009-08-04,8.171158790588379
2009-08-05,8.453336715698242
2009-08-06,8.393301010131836
2009-08-07,8.615438461303711
2009-08-10,8.579416275024414
2009-08-11,8.261213302612305
2009-08-12,8.4293212890625
2009-08-13,8.60343074798584
2009-08-14,8.549395561218262
2009-08-17,8.189172744750977
2009-08-18,8.357274055480957
2009-08-19,8.351273536682129
2009-08-20,8.567407608032227
2009-08-21,8.735515594482422
2009-08-24,8.669475555419922
2009-08-25,8.777543067932129
2009-08-26,8.753525733947754
2009-08-27,8.843583106994629
2009-08-28,8.855589866638184
2009-08-31,8.825572967529297
2009-09-01,8.351273536682129
2009-09-02,8.279226303100586
2009-09-03,8.441330909729004
2009-09-04,8.537388801574707
2009-09-08,8.573410034179688
2009-09-09,8.705495834350586
2009-09-10,8.777543067932129
2009-09-11,8.723506927490234
2009-09-14,8.837580680847168
2009-09-15,8.855589866638184
2009-09-16,9.161781311035156
2009-09-17,9.131767272949219
2009-09-18,9.117913246154785
2009-09-21,9.033601760864258
2009-09-22,9.238360404968262
2009-09-23,9.051665306091309
2009-09-24,8.870992660522461
2009-09-25,8.7866792678833
2009-09-28,9.081779479980469
2009-09-29,9.039621353149414
2009-09-30,8.997467041015625
2009-10-01,8.599987030029297
2009-10-02,8.606010437011719
2009-10-05,8.8770170211792
2009-10-06,8.991443634033203
2009-10-07,9.087800025939941
2009-10-08,9.099845886230469
2009-10-09,9.178136825561523
2009-10-12,9.250402450561523
2009-10-13,9.160070419311523
2009-10-14,9.473233222961426
2009-10-15,9.388920783996582
2009-10-16,9.166088104248047
2009-10-19,9.20824909210205
2009-10-20,9.135977745056152
2009-10-21,8.961334228515625
2009-10-22,9.226314544677734
2009-10-23,9.093823432922363
2009-10-26,8.858949661254883
2009-10-27,8.792704582214355
2009-10-28,8.52169418334961
2009-10-29,8.8770170211792
2009-10-30,8.46147346496582
2009-11-02,8.533738136291504
2009-11-03,8.55782699584961
2009-11-04,8.437379837036133
2009-11-05,8.654189109802246
2009-11-06,8.618050575256348
2009-11-09,8.925192832946777
2009-11-10,8.8950834274292
2009-11-11,9.015532493591309
2009-11-12,8.846906661987305
2009-11-13,8.828836441040039
2009-11-16,8.925192832946777
2009-11-17,8.949285507202148
2009-11-18,9.021552085876465
2009-11-19,8.846906661987305
2009-11-20,8.792704582214355
2009-11-23,8.919175148010254
2009-11-24,8.852927207946777
2009-11-25,8.834856986999512
2009-11-27,8.599987030029297
2009-11-30,8.828836441040039
2009-12-01,8.834856986999512
2009-12-02,8.828836441040039
2009-12-03,8.648163795471191
2009-12-04,8.810771942138672
2009-12-07,8.666230201721191
2009-12-08,8.587942123413086
2009-12-09,8.618050575256348
2009-12-10,8.606010437011719
2009-12-11,8.666230201721191
2009-12-14,8.7144136428833
2009-12-15,8.575896263122559
2009-12-16,8.630097389221191
2009-12-17,8.467494010925293
2009-12-18,8.595641136169434
2009-12-21,8.722580909729004
2009-12-22,8.740715026855469
2009-12-23,8.704448699951172
2009-12-24,8.783031463623047
2009-12-28,8.7528076171875
2009-12-29,8.716538429260254
2009-12-30,8.722580909729004
2009-12-31,8.704448699951172
2010-01-04,8.879745483398438
2010-01-05,9.042953491210938
2010-01-06,9.061088562011719
2010-01-07,9.254518508911133
2010-01-08,9.200117111206055
2010-01-11,9.20616626739502
2010-01-12,9.073180198669434
2010-01-13,9.17593765258789
2010-01-14,9.218250274658203
2010-01-15,9.030866622924805
2010-01-19,9.145713806152344
2010-01-20,9.121537208557129
2010-01-21,8.861611366271973
2010-01-22,8.571462631225586
2010-01-25,8.619821548461914
2010-01-26,8.468704223632812
2010-01-27,8.674224853515625
2010-01-28,8.631911277770996
2010-01-29,8.571462631225586
2010-02-01,8.716538429260254
2010-02-02,8.801162719726562
2010-02-03,8.704448699951172
2010-02-04,8.329671859741211
2010-02-05,8.426387786865234
2010-02-08,8.257137298583984
2010-02-09,8.341763496398926
2010-02-10,8.408254623413086
2010-02-11,8.426387786865234
2010-02-12,8.432430267333984
2010-02-16,8.607730865478516
2010-02-17,8.637959480285645
2010-02-18,8.692360877990723
2010-02-19,8.740715026855469
2010-02-22,8.85556411743164
2010-02-23,8.692360877990723
2010-02-24,8.843478202819824
2010-02-25,8.819295883178711
2010-02-26,8.873702049255371
2010-03-01,8.897879600524902
2010-03-02,8.928104400634766
2010-03-03,8.934147834777832
2010-03-04,9.024821281433105
2010-03-05,9.200117111206055
2010-03-08,9.218250274658203
2010-03-09,9.248478889465332
2010-03-10,9.351234436035156
2010-03-11,9.429816246032715
2010-03-12,9.393550872802734
2010-03-15,9.393550872802734
2010-03-16,9.508398056030273
2010-03-17,9.623248100280762
2010-03-18,9.56884765625
2010-03-19,9.505841255187988
2010-03-22,9.554308891296387
2010-03-23,9.63306999206543
2010-03-24,9.63912582397461
2010-03-25,9.681534767150879
2010-03-26,9.693650245666504
2010-03-29,9.705771446228027
2010-03-30,9.645187377929688
2010-03-31,9.663363456726074
2010-04-01,9.742118835449219
2010-04-05,9.839056968688965
2010-04-06,9.942055702209473
2010-04-07,9.9057035446167
2010-04-08,9.98446273803711
2010-04-09,10.020816802978516
2010-04-12,10.063225746154785
2010-04-13,10.069284439086914
2010-04-14,10.32979679107666
2010-04-15,10.287389755249023
2010-04-16,9.911755561828613
2010-04-19,10.00870132446289
2010-04-20,10.141989707946777
2010-04-21,10.081400871276855
2010-04-22,10.135930061340332
2010-04-23,10.166221618652344
2010-04-26,10.00870132446289
2010-04-27,9.669419288635254
2010-04-28,9.808768272399902
2010-04-29,10.03293228149414
2010-04-30,9.790594100952148
2010-05-03,9.978405952453613
2010-05-04,9.705771446228027
2010-05-05,9.651243209838867
2010-05-06,9.245326042175293
2010-05-07,9.142328262329102
2010-05-10,9.651243209838867
2010-05-11,9.614891052246094
2010-05-12,9.723944664001465
2010-05-13,9.548246383666992
2010-05-14,9.299847602844238
2010-05-17,9.305907249450684
2010-05-18,9.03933334350586
2010-05-19,9.0514497756958
2010-05-20,8.63341236114502
2010-05-21,8.936338424682617
2010-05-24,8.681877136230469
2010-05-25,8.760640144348145
2010-05-26,8.700055122375488
2010-05-27,9.093859672546387
2010-05-28,8.893929481506348
2010-06-01,8.706114768981934
2010-06-02,8.978750228881836
2010-06-03,8.930278778076172
2010-06-04,8.572827339172363
2010-06-07,8.403186798095703
2010-06-08,8.57888126373291
2010-06-09,8.488003730773926
2010-06-10,8.766702651977539
2010-06-11,8.790934562683105
2010-06-14,8.754583358764648
2010-06-15,8.96056842803955
2010-06-16,8.966634750366211
2010-06-17,8.954514503479004
2010-06-18,9.003690719604492
2010-06-21,8.991548538208008
2010-06-22,8.851907730102539
2010-06-23,8.809412002563477
2010-06-24,8.65156078338623
2010-06-25,8.888336181640625
2010-06-28,8.803339004516602
2010-06-29,8.487630844116211
2010-06-30,8.384421348571777
2010-07-01,8.305496215820312
2010-07-02,8.208358764648438
2010-07-06,8.25692367553711
2010-07-07,8.62120246887207
2010-07-08,8.687982559204102
2010-07-09,8.809412002563477
2010-07-12,8.821554183959961
2010-07-13,9.040119171142578
2010-07-14,8.973335266113281
2010-07-15,8.955120086669922
2010-07-16,8.578704833984375
2010-07-19,8.572630882263184
2010-07-20,8.66369915008545
2010-07-21,8.524059295654297
2010-07-22,8.772982597351074
2010-07-23,8.83976936340332
2010-07-26,8.96119213104248
2010-07-27,8.985477447509766
2010-07-28,8.9065523147583
2010-07-29,8.936906814575195
2010-07-30,8.93083381652832
2010-08-02,9.155472755432129
2010-08-03,9.052260398864746
2010-08-04,9.088687896728516
2010-08-05,9.052260398864746
2010-08-06,8.973335266113281
2010-08-09,9.02190113067627
2010-08-10,8.942976951599121
2010-08-11,8.627273559570312
2010-08-12,8.566559791564941
2010-08-13,8.542272567749023
2010-08-16,8.517988204956055
2010-08-17,8.584774017333984
2010-08-18,8.62120246887207
2010-08-19,8.42084789276123
2010-08-20,8.396564483642578
2010-08-23,8.34192180633545
2010-08-24,8.202281951904297
2010-08-25,8.22656536102295
2010-08-26,8.159785270690918
2010-08-27,8.335847854614258
2010-08-30,8.159785270690918
2010-08-31,8.232641220092773
2010-09-01,8.548341751098633
2010-09-02,8.633342742919922
2010-09-03,8.815479278564453
2010-09-07,8.615129470825195
2010-09-08,8.700128555297852
2010-09-09,8.809412002563477
2010-09-10,8.821554183959961
2010-09-13,9.009761810302734
2010-09-14,8.93083381652832
2010-09-15,8.96119213104248
2010-09-16,8.936906814575195
2010-09-17,8.89005184173584
2010-09-20,9.060434341430664
2010-09-21,8.97524356842041
2010-09-22,8.829205513000488
2010-09-23,8.658828735351562
2010-09-24,8.89005184173584
2010-09-27,8.792695999145508
2010-09-28,8.810951232910156
2010-09-29,8.744011878967285
2010-09-30,8.73184585571289
2010-10-01,8.8231201171875
2010-10-04,8.762269020080566
2010-10-05,8.963069915771484
2010-10-06,8.956984519958496
2010-10-07,8.920475959777832
2010-10-08,8.944812774658203
2010-10-11,8.932649612426758
2010-10-12,9.036090850830078
2010-10-13,9.042176246643066
2010-10-14,8.883968353271484
2010-10-15,8.73184585571289
2010-10-18,8.926562309265137
2010-10-19,8.804866790771484
2010-10-20,8.89005184173584
2010-10-21,8.89005184173584
2010-10-22,8.883968353271484
2010-10-25,8.853544235229492
2010-10-26,8.865711212158203
2010-10-27,8.871795654296875
2010-10-28,8.871795654296875
2010-10-29,8.859628677368164
2010-11-01,8.859628677368164
2010-11-02,8.883968353271484
2010-11-03,8.969158172607422
2010-11-04,9.267315864562988
2010-11-05,9.480291366577148
2010-11-08,9.407273292541504
2010-11-09,9.230807304382324
2010-11-10,9.33425235748291
2010-11-11,9.242974281311035
2010-11-12,9.09085464477539
2010-11-15,9.133450508117676
2010-11-16,8.981327056884766
2010-11-17,8.920475959777832
2010-11-18,9.042176246643066
2010-11-19,9.042176246643066
2010-11-22,8.908305168151855
2010-11-23,8.768355369567871
2010-11-24,8.9022216796875
2010-11-26,8.774438858032227
2010-11-29,8.847456932067871
2010-11-30,8.79877758026123
2010-12-01,8.97524356842041
2010-12-02,9.20646858215332
2010-12-03,9.236893653869629
2010-12-06,9.224721908569336
2010-12-07,9.236893653869629
2010-12-08,9.38901424407959
2010-12-09,9.50462532043457
2010-12-10,9.58981704711914
2010-12-13,9.583731651306152
2010-12-14,9.498541831970215
2010-12-15,9.419441223144531
2010-12-16,9.431607246398926
2010-12-17,9.484129905700684
2010-12-20,9.490236282348633
2010-12-21,9.65512466430664
2010-12-22,9.76504898071289
2010-12-23,9.691763877868652
2010-12-27,9.777266502380371
2010-12-28,9.777266502380371
2010-12-29,9.758939743041992
2010-12-30,9.728408813476562
2010-12-31,9.740617752075195
2011-01-03,9.954366683959961
2011-01-04,9.942157745361328
2011-01-05,10.058186531066895
2011-01-06,9.991005897521973
2011-01-07,9.905508041381836
2011-01-10,9.881088256835938
2011-01-11,9.917723655700684
2011-01-12,10.082612991333008
2011-01-13,10.052075386047363
2011-01-14,10.210860252380371
2011-01-18,10.149788856506348
2011-01-19,9.923828125
2011-01-20,9.972688674926758
2011-01-21,10.052075386047363
2011-01-24,10.039863586425781
2011-01-25,10.021543502807617
2011-01-26,10.015435218811035
2011-01-27,10.100933074951172
2011-01-28,9.923828125
2011-01-31,10.015435218811035
2011-02-01,10.223071098327637
2011-02-02,10.143684387207031
2011-02-03,10.149788856506348
2011-02-04,10.143684387207031
2011-02-07,10.290250778198242
2011-02-08,10.363531112670898
2011-02-09,10.290250778198242
2011-02-10,10.290250778198242
2011-02-11,10.430710792541504
2011-02-14,10.436814308166504
2011-02-15,10.424601554870605
2011-02-16,10.47956371307373
2011-02-17,10.467352867126465
2011-02-18,10.491780281066895
2011-02-22,10.168111801147461
2011-02-23,10.125358581542969
2011-02-24,10.100933074951172
2011-02-25,10.241392135620117
2011-02-28,10.290250778198242
2011-03-01,10.07040023803711
2011-03-02,10.009332656860352
2011-03-03,10.216967582702637
2011-03-04,10.08871841430664
2011-03-07,10.021543502807617
2011-03-08,10.241392135620117
2011-03-09,10.241392135620117
2011-03-10,10.033759117126465
2011-03-11,10.100933074951172
2011-03-14,10.009332656860352
2011-03-15,9.89329719543457
2011-03-16,9.710086822509766
2011-03-17,9.826120376586914
2011-03-18,9.96204662322998
2011-03-21,10.01103401184082
2011-03-22,9.955926895141602
2011-03-23,9.93143367767334
2011-03-24,9.980417251586914
2011-03-25,10.004911422729492
2011-03-28,9.974294662475586
2011-03-29,9.99266242980957
2011-03-30,10.072261810302734
2011-03-31,10.035528182983398
2011-04-01,10.121246337890625
2011-04-04,10.108999252319336
2011-04-05,10.10287857055664
2011-04-06,10.219213485717773
2011-04-07,10.170231819152832
2011-04-08,10.078384399414062
2011-04-11,10.078384399414062
2011-04-12,10.041648864746094
2011-04-13,9.96817684173584
2011-04-14,9.876326560974121
2011-04-15,9.882450103759766
2011-04-18,9.747745513916016
2011-04-19,9.77835750579834
2011-04-20,9.802852630615234
2011-04-21,9.857954978942871
2011-04-25,9.84571361541748
2011-04-26,9.90694522857666
2011-04-27,9.96817684173584
2011-04-28,10.047773361206055
2011-04-29,10.029400825500488
2011-05-02,9.986538887023926
2011-05-03,10.029400825500488
2011-05-04,9.943680763244629
2011-05-05,9.815094947814941
2011-05-06,9.8640775680542
2011-05-09,9.839591026306152
2011-05-10,9.93143367767334
2011-05-11,9.796727180480957
2011-05-12,9.796727180480957
2011-05-13,9.655900955200195
2011-05-16,9.643656730651855
2011-05-17,9.717127799987793
2011-05-18,9.759992599487305
2011-05-19,9.759992599487305
2011-05-20,9.625287055969238
2011-05-23,9.490578651428223
2011-05-24,9.4783353805542
2011-05-25,9.48445987701416
2011-05-26,9.533442497253418
2011-05-27,9.600793838500977
2011-05-31,9.698761940002441
2011-06-01,9.37424373626709
2011-06-02,9.380365371704102
2011-06-03,9.319138526916504
2011-06-06,9.141571044921875
2011-06-07,9.123208045959473
2011-06-08,9.037479400634766
2011-06-09,9.141571044921875
2011-06-10,9.080345153808594
2011-06-13,9.172185897827148
2011-06-14,9.221170425415039
2011-06-15,9.019113540649414
2011-06-16,9.068096160888672
2011-06-17,9.149825096130371
2011-06-20,9.143680572509766
2011-06-21,9.272720336914062
2011-06-22,9.217419624328613
2011-06-23,9.125247955322266
2011-06-24,9.069938659667969
2011-06-27,9.162117004394531
2011-06-28,9.205126762390137
2011-06-29,9.39561939239502
2011-06-30,9.432489395141602
2011-07-01,9.604551315307617
2011-07-05,9.518519401550293
2011-07-06,9.469361305236816
2011-07-07,9.622983932495117
2011-07-08,9.500085830688477
2011-07-11,9.2420015335083
2011-07-12,9.205126762390137
2011-07-13,9.211272239685059
2011-07-14,9.143680572509766
2011-07-15,9.125247955322266
2011-07-18,9.002349853515625
2011-07-19,9.112957954406738
2011-07-20,9.217419624328613
2011-07-21,9.438637733459473
2011-07-22,9.414055824279785
2011-07-25,9.34646224975586
2011-07-26,9.334172248840332
2011-07-27,9.112957954406738
2011-07-28,9.119100570678711
2011-07-29,9.09451961517334
2011-08-01,9.063796997070312
2011-08-02,8.817996978759766
2011-08-03,8.861014366149902
2011-08-04,8.412432670593262
2011-08-05,8.252660751342773
2011-08-08,7.472254753112793
2011-08-09,8.049878120422363
2011-08-10,7.490687847137451
2011-08-11,7.908545970916748
2011-08-12,7.8532395362854
2011-08-15,8.105184555053711
2011-08-16,7.9454169273376465
2011-08-17,7.994574546813965
2011-08-18,7.607443332672119
2011-08-19,7.453819751739502
2011-08-22,7.361645221710205
2011-08-23,7.601299285888672
2011-08-24,7.804082870483398
2011-08-25,7.779504299163818
2011-08-26,7.847092151641846
2011-08-29,8.172776222229004
2011-08-30,8.117476463317871
2011-08-31,8.221936225891113
2011-09-01,8.037590026855469
2011-09-02,7.705761909484863
2011-09-06,7.57057523727417
2011-09-07,7.933126449584961
2011-09-08,7.761067867279053
2011-09-09,7.515269756317139
2011-09-12,7.601299285888672
2011-09-13,7.650454044342041
2011-09-14,7.7426347732543945
2011-09-15,7.939271450042725
2011-09-16,7.963947296142578
2011-09-19,7.7480363845825195
2011-09-20,7.723362445831299
2011-09-21,7.3408942222595215
2011-09-22,7.131153106689453
2011-09-23,7.205181121826172
2011-09-26,7.525960445404053
2011-09-27,7.562971591949463
2011-09-28,7.347062587738037
2011-09-29,7.550632953643799
2011-09-30,7.285374164581299
2011-10-03,6.958425998687744
2011-10-04,7.236027240753174
2011-10-05,7.3408942222595215
2011-10-06,7.569141387939453
2011-10-07,7.297712802886963
2011-10-10,7.674009323120117
2011-10-11,7.667842864990234
2011-10-12,7.865243434906006
2011-10-13,7.680176258087158
2011-10-14,7.772714138031006
2011-10-17,7.532131195068359
2011-10-18,7.889920711517334
2011-10-19,7.778879165649414
2011-10-20,7.896089553833008
2011-10-21,8.099658966064453
2011-10-24,8.27855396270752
2011-10-25,8.0318021774292
2011-10-26,8.173685073852539
2011-10-27,8.661022186279297
2011-10-28,8.667190551757812
2011-10-31,8.32790470123291
2011-11-01,7.933104038238525
2011-11-02,8.167516708374023
2011-11-03,8.30939769744873
2011-11-04,8.198362350463867
2011-11-07,8.24154281616211
2011-11-08,8.39576244354248
2011-11-09,7.939270496368408
2011-11-10,7.976284980773926
2011-11-11,8.167516708374023
2011-11-14,8.000958442687988
2011-11-15,8.037972450256348
2011-11-16,7.840565204620361
2011-11-17,7.686350345611572
2011-11-18,7.711021900177002
2011-11-21,7.519789695739746
2011-11-22,7.451932907104492
2011-11-23,7.2483649253845215
2011-11-25,7.2668681144714355
2011-11-28,7.4827775955200195
2011-11-29,7.445761680603027
2011-11-30,7.902257919311523
2011-12-01,7.859077453613281
2011-12-02,7.963947296142578
2011-12-05,8.124334335327148
2011-12-06,8.130500793457031
2011-12-07,8.229204177856445
2011-12-08,7.908428192138672
2011-12-09,8.08115291595459
2011-12-12,7.889920711517334
2011-12-13,7.778879165649414
2011-12-14,7.7480363845825195
2011-12-15,7.754206657409668
2011-12-16,7.785247325897217
2011-12-19,7.611413955688477
2011-12-20,7.896998882293701
2011-12-21,7.940457820892334
2011-12-22,8.10807991027832
2011-12-23,8.163957595825195
2011-12-27,8.120498657226562
2011-12-28,7.990123271942139
2011-12-29,8.114287376403809
2011-12-30,8.070830345153809
2012-01-03,8.281912803649902
2012-01-04,8.257078170776367
2012-01-05,8.368827819824219
2012-01-06,8.31916332244873
2012-01-09,8.36262035369873
2012-01-10,8.511622428894043
2012-01-11,8.610956192016602
2012-01-12,8.641998291015625
2012-01-13,8.579914093017578
2012-01-17,8.511622428894043
2012-01-18,8.641998291015625
2012-01-19,8.722705841064453
2012-01-20,8.778580665588379
2012-01-23,8.809621810913086
2012-01-24,8.797208786010742
2012-01-25,8.815831184387207
2012-01-26,8.741331100463867
2012-01-27,8.77237319946289
2012-01-30,8.691662788391113
2012-01-31,8.728914260864258
2012-02-01,8.865496635437012
2012-02-02,8.908954620361328
2012-02-03,9.151082038879395
2012-02-06,9.107623100280762
2012-02-07,9.101414680480957
2012-02-08,9.169702529907227
2012-02-09,9.13245677947998
2012-02-10,9.045537948608398
2012-02-13,9.126248359680176
2012-02-14,9.039331436157227
2012-02-15,8.983453750610352
2012-02-16,9.126248359680176
2012-02-17,9.182125091552734
2012-02-21,9.175914764404297
2012-02-22,9.057953834533691
2012-02-23,9.138666152954102
2012-02-24,9.107623100280762
2012-02-27,9.175914764404297
2012-02-28,9.200745582580566
2012-02-29,9.163496017456055
2012-03-01,9.262829780578613
2012-03-02,9.231785774230957
2012-03-05,9.194541931152344
2012-03-06,8.971039772033691
2012-03-07,9.082791328430176
2012-03-08,9.169702529907227
2012-03-09,9.2442045211792
2012-03-12,9.219375610351562
2012-03-13,9.573243141174316
2012-03-14,9.585663795471191
2012-03-15,9.753288269042969
2012-03-16,9.790657997131348
2012-03-19,9.840483665466309
2012-03-20,9.89030933380127
2012-03-21,9.846713066101074
2012-03-22,9.715919494628906
2012-03-23,9.796882629394531
2012-03-26,9.95258617401123
2012-03-27,9.859164237976074
2012-03-28,9.88408088684082
2012-03-29,9.784429550170898
2012-03-30,9.840483665466309
2012-04-02,9.915221214294434
2012-04-03,9.859164237976074
2012-04-04,9.703463554382324
2012-04-05,9.678549766540527
2012-04-09,9.529074668884277
2012-04-10,9.323545455932617
2012-04-11,9.4730224609375
2012-04-12,9.647407531738281
2012-04-13,9.423194885253906
2012-04-16,9.491711616516113
2012-04-17,9.6162691116333
2012-04-18,9.553988456726074
2012-04-19,9.510388374328613
2012-04-20,9.460565567016602
2012-04-23,9.392053604125977
2012-04-24,9.497932434082031
2012-04-25,9.578898429870605
2012-04-26,9.659865379333496
2012-04-27,9.666093826293945
2012-04-30,9.610042572021484
2012-05-01,9.709693908691406
2012-05-02,9.634957313537598
2012-05-03,9.553988456726074
2012-05-04,9.404513359069824
2012-05-07,9.460565567016602
2012-05-08,9.39828109741211
2012-05-09,9.292405128479004
2012-05-10,9.329771041870117
2012-05-11,9.223897933959961
2012-05-14,9.03704833984375
2012-05-15,8.987226486206055
2012-05-16,8.85643482208252
2012-05-17,8.675817489624023
2012-05-18,8.57616901397705
2012-05-21,8.657130241394043
2012-05-22,8.725645065307617
2012-05-23,8.756784439086914
2012-05-24,8.763010025024414
2012-05-25,8.731874465942383
2012-05-29,8.85643482208252
2012-05-30,8.650904655456543
2012-05-31,8.725645065307617
2012-06-01,8.401778221130371
2012-06-04,8.320813179016113
2012-06-05,8.457831382751465
2012-06-06,8.70695972442627
2012-06-07,8.700727462768555
2012-06-08,8.806609153747559
2012-06-11,8.644678115844727
2012-06-12,8.775466918945312
2012-06-13,8.744329452514648
2012-06-14,8.850205421447754
2012-06-15,8.97411823272705
2012-06-18,8.924049377441406
2012-06-19,9.074243545532227
2012-06-20,9.093022346496582
2012-06-21,8.8927583694458
2012-06-22,8.97411823272705
2012-06-25,8.78637409210205
2012-06-26,8.830181121826172
2012-06-27,8.936567306518555
2012-06-28,8.930310249328613
2012-06-29,9.161859512329102
2012-07-02,9.218181610107422
2012-07-03,9.268245697021484
2012-07-05,9.130569458007812
2012-07-06,9.055469512939453
2012-07-09,9.042954444885254
2012-07-10,8.97411823272705
2012-07-11,9.049214363098145
2012-07-12,8.955342292785645
2012-07-13,9.205668449401855
2012-07-16,9.186890602111816
2012-07-17,9.236955642700195
2012-07-18,9.19314956665039
2012-07-19,9.136825561523438
2012-07-20,8.999151229858398
2012-07-23,8.924049377441406
2012-07-24,8.899018287658691
2012-07-25,8.930310249328613
2012-07-26,9.067988395690918
2012-07-27,9.236955642700195
2012-07-30,9.218181610107422
2012-07-31,9.174373626708984
2012-08-01,9.130569458007812
2012-08-02,9.061729431152344
2012-08-03,9.274503707885742
2012-08-06,9.312051773071289
2012-08-07,9.349603652954102
2012-08-08,9.349603652954102
2012-08-09,9.34334659576416
2012-08-10,9.349603652954102
2012-08-13,9.35586166381836
2012-08-14,9.34334659576416
2012-08-15,9.374632835388184
2012-08-16,9.437214851379395
2012-08-17,9.468505859375
2012-08-20,9.493537902832031
2012-08-21,9.524829864501953
2012-08-22,9.512313842773438
2012-08-23,9.41844367980957
2012-08-24,9.468505859375
2012-08-27,9.462247848510742
2012-08-28,9.44973373413086
2012-08-29,9.468505859375
2012-08-30,9.41844367980957
2012-08-31,9.487278938293457
2012-09-04,9.487278938293457
2012-09-05,9.487278938293457
2012-09-06,9.712573051452637
2012-09-07,9.812703132629395
2012-09-10,9.731344223022461
2012-09-11,9.812703132629395
2012-09-12,9.850253105163574
2012-09-13,10.106831550598145
2012-09-14,10.188188552856445
2012-09-17,10.094316482543945
2012-09-18,10.0442533493042
2012-09-19,10.038000106811523
2012-09-20,9.98166561126709
2012-09-21,9.947734832763672
2012-09-24,9.954021453857422
2012-09-25,9.803202629089355
2012-09-26,9.74035930633545
2012-09-27,9.828339576721191
2012-09-28,9.796921730041504
2012-10-01,9.840909957885742
2012-10-02,9.859761238098145
2012-10-03,9.947734832763672
2012-10-04,10.098556518554688
2012-10-05,10.092270851135254
2012-10-08,10.08598804473877
2012-10-09,10.02314281463623
2012-10-10,10.016863822937012
2012-10-11,10.073416709899902
2012-10-12,9.935173034667969
2012-10-15,10.048287391662598
2012-10-16,10.111124992370605
2012-10-17,10.243086814880371
2012-10-18,10.261946678161621
2012-10-19,10.123688697814941
2012-10-22,10.123688697814941
2012-10-23,9.954021453857422
2012-10-24,9.954021453857422
2012-10-25,9.979159355163574
2012-10-26,9.928889274597168
2012-10-31,9.991726875305176
2012-11-01,10.117405891418457
2012-11-02,10.054566383361816
2012-11-05,10.035715103149414
2012-11-06,10.148826599121094
2012-11-07,9.809484481811523
2012-11-08,9.727788925170898
2012-11-09,9.74035930633545
2012-11-12,9.759215354919434
2012-11-13,9.690086364746094
2012-11-14,9.520418167114258
2012-11-15,9.539270401000977
2012-11-16,9.602112770080566
2012-11-19,9.784348487854004
2012-11-20,9.834623336791992
2012-11-21,9.834623336791992
2012-11-23,9.954021453857422
2012-11-26,9.916316032409668
2012-11-27,9.828339576721191
2012-11-28,9.866044044494629
2012-11-29,9.916316032409668
2012-11-30,9.9037504196167
2012-12-03,9.866044044494629
2012-12-04,9.840909957885742
2012-12-05,9.960309028625488
2012-12-06,9.991726875305176
2012-12-07,10.073416709899902
2012-12-10,10.048287391662598
2012-12-11,10.098556518554688
2012-12-12,10.142546653747559
2012-12-13,10.092270851135254
2012-12-14,10.054566383361816
2012-12-17,10.261946678161621
2012-12-18,10.412761688232422
2012-12-19,10.349918365478516
2012-12-20,10.494458198547363
2012-12-21,10.370515823364258
2012-12-24,10.351547241210938
2012-12-26,10.351547241210938
2012-12-27,10.31360149383545
2012-12-28,10.231395721435547
2012-12-31,10.364195823669434
2013-01-02,10.667715072631836
2013-01-03,10.655069351196289
2013-01-04,10.781538963317871
2013-01-07,10.756243705749512
2013-01-08,10.72463321685791
2013-01-09,10.711981773376465
2013-01-10,10.844778060913086
2013-01-11,10.819480895996094
2013-01-14,10.787866592407227
2013-01-15,10.832130432128906
2013-01-16,10.83845043182373
2013-01-17,10.832130432128906
2013-01-18,10.844778060913086
2013-01-22,10.945951461791992
2013-01-23,10.939627647399902
2013-01-24,10.996539115905762
2013-01-25,11.047126770019531
2013-01-28,11.002862930297852
2013-01-29,11.047126770019531
2013-01-30,10.996539115905762
2013-01-31,10.990214347839355
2013-02-01,11.135656356811523
2013-02-04,11.009183883666992
2013-02-05,11.11668586730957
2013-02-06,11.135656356811523
2013-02-07,11.104040145874023
2013-02-08,11.1293306350708
2013-02-11,11.179919242858887
2013-02-12,11.268447875976562
2013-02-13,11.243155479431152
2013-02-14,11.281095504760742
2013-02-15,11.230507850646973
2013-02-19,11.338008880615234
2013-02-20,11.167269706726074
2013-02-21,11.078743934631348
2013-02-22,11.21786117553711
2013-02-25,10.914332389831543
2013-02-26,10.971245765686035
2013-02-27,11.141983032226562
2013-02-28,11.123005867004395
2013-03-01,11.15462589263916
2013-03-04,11.249481201171875
2013-03-05,11.344331741333008
2013-03-06,11.42021369934082
2013-03-07,11.502415657043457
2013-03-08,11.53403377532959
2013-03-11,11.622565269470215
2013-03-12,11.559325218200684
2013-03-13,11.590944290161133
2013-03-14,11.666829109191895
2013-03-15,11.706167221069336
2013-03-18,11.591961860656738
2013-03-19,11.528510093688965
2013-03-20,11.60464859008789
2013-03-21,11.465063095092773
2013-03-22,11.534858703613281
2013-03-25,11.503132820129395
2013-03-26,11.579267501831055
2013-03-27,11.52216625213623
2013-03-28,11.553890228271484
2013-04-01,11.496783256530762
2013-04-02,11.566579818725586
2013-04-03,11.376239776611328
2013-04-04,11.477752685546875
2013-04-05,11.439684867858887
2013-04-08,11.553890228271484
2013-04-09,11.585613250732422
2013-04-10,11.744235038757324
2013-04-11,11.769612312316895
2013-04-12,11.718853950500488
2013-04-15,11.47140884399414
2013-04-16,11.649062156677246
2013-04-17,11.43333911895752
2013-04-18,11.312787055969238
2013-04-19,11.47140884399414
2013-04-22,11.484097480773926
2013-04-23,11.693476676940918
2013-04-24,11.763270378112793
2013-04-25,11.833060264587402
2013-04-26,11.782302856445312
2013-04-29,11.833060264587402
2013-04-30,11.864788055419922
2013-05-01,11.731545448303223
2013-05-02,11.833060264587402
2013-05-03,11.95995807647705
2013-05-06,12.086851119995117
2013-05-07,12.150304794311523
2013-05-08,12.251822471618652
2013-05-09,12.16299057006836
2013-05-10,12.213753700256348
2013-05-13,12.251822471618652
2013-05-14,12.461199760437012
2013-05-15,12.575406074523926
2013-05-16,12.492924690246582
2013-05-17,12.657886505126953
2013-05-20,12.683267593383789
2013-05-21,12.71499252319336
2013-05-22,12.581747055053711
2013-05-23,12.50561237335205
2013-05-24,12.51830005645752
2013-05-28,12.645197868347168
2013-05-29,12.645197868347168
2013-05-30,12.797476768493652
2013-05-31,12.588091850280762
2013-06-03,12.60078239440918
2013-06-04,12.486578941345215
2013-06-05,12.283546447753906
2013-06-06,12.454854965209961
2013-06-07,12.670576095581055
2013-06-10,12.676919937133789
2013-06-11,12.467545509338379
2013-06-12,12.334301948547363
2013-06-13,12.569061279296875
2013-06-14,12.404097557067871
2013-06-17,12.524643898010254
2013-06-18,12.60712718963623
2013-06-19,12.435815811157227
2013-06-20,12.169337272644043
2013-06-21,12.180168151855469
2013-06-24,11.963573455810547
2013-06-25,12.18653678894043
2013-06-26,12.307577133178711
2013-06-27,12.466836929321289
2013-06-28,12.390390396118164
2013-07-01,12.42861270904541
2013-07-02,12.441350936889648
2013-07-03,12.403127670288086
2013-07-05,12.626092910766602
2013-07-08,12.721652030944824
2013-07-09,12.829946517944336
2013-07-10,12.753503799438477
2013-07-11,12.87453842163086
2013-07-12,12.96372127532959
2013-07-15,13.021053314208984
2013-07-16,12.970096588134766
2013-07-17,13.027427673339844
2013-07-18,13.19942855834961
2013-07-19,13.20580005645752
2013-07-22,13.294984817504883
2013-07-23,13.24402141571045
2013-07-24,13.148463249206543
2013-07-25,13.161209106445312
2013-07-26,13.148463249206543
2013-07-29,13.052910804748535
2013-07-30,13.046539306640625
2013-07-31,13.052910804748535
2013-08-01,13.263128280639648
2013-08-02,13.256763458251953
2013-08-05,13.231281280517578
2013-08-06,13.11023998260498
2013-08-07,13.021053314208984
2013-08-08,13.052910804748535
2013-08-09,13.008319854736328
2013-08-12,12.957353591918945
2013-08-13,13.021053314208984
2013-08-14,12.970096588134766
2013-08-15,12.77898120880127
2013-08-16,12.753503799438477
2013-08-19,12.587869644165039
2013-08-20,12.708907127380371
2013-08-21,12.61972427368164
2013-08-22,12.766243934631348
2013-08-23,12.77898120880127
2013-08-26,12.6961669921875
2013-08-27,12.390390396118164
2013-08-28,12.409499168395996
2013-08-29,12.441350936889648
2013-08-30,12.384016990661621
2013-09-03,12.485944747924805
2013-09-04,12.581500053405762
2013-09-05,12.613349914550781
2013-09-06,12.613349914550781
2013-09-09,12.759872436523438
2013-09-10,12.912760734558105
2013-09-11,12.925501823425293
2013-09-12,12.829946517944336
2013-09-13,12.868171691894531
2013-09-16,13.008319854736328
2013-09-17,13.072019577026367
2013-09-18,13.186687469482422
2013-09-19,13.135724067687988
2013-09-20,13.066018104553223
2013-09-23,12.880542755126953
2013-09-24,12.797401428222656
2013-09-25,12.867751121520996
2013-09-26,12.867751121520996
2013-09-27,12.822982788085938
2013-09-30,12.733448028564453
2013-10-01,12.822982788085938
2013-10-02,12.816590309143066
2013-10-03,12.720656394958496
2013-10-04,12.822982788085938
2013-10-07,12.675886154174805
2013-10-08,12.515999794006348
2013-10-09,12.560766220092773
2013-10-10,12.918919563293457
2013-10-11,12.98926830291748
2013-10-14,13.053220748901367
2013-10-15,12.957292556762695
2013-10-16,13.232298851013184
2013-10-17,13.347415924072266
2013-10-18,13.372997283935547
2013-10-21,13.347415924072266
2013-10-22,13.372997283935547
2013-10-23,13.264274597167969
2013-10-24,13.283462524414062
2013-10-25,13.341020584106445
2013-10-28,13.309041976928711
2013-10-29,13.347415924072266
2013-10-30,13.296253204345703
2013-10-31,13.155548095703125
2013-11-01,13.18752670288086
2013-11-04,13.193922996520996
2013-11-05,13.12357234954834
2013-11-06,13.18752670288086
2013-11-07,13.04042911529541
2013-11-08,13.341020584106445
2013-11-11,13.347415924072266
2013-11-12,13.219504356384277
2013-11-13,13.33462142944336
2013-11-14,13.449740409851074
2013-11-15,13.513697624206543
2013-11-18,13.50730037689209
2013-11-19,13.52649211883545
2013-11-20,13.488114356994629
2013-11-21,13.67997932434082
2013-11-22,13.74393367767334
2013-11-25,13.763121604919434
2013-11-26,13.750333786010742
2013-11-27,13.788705825805664
2013-11-29,13.73754596710205
2013-12-02,13.731144905090332
2013-12-03,13.590445518493652
2013-12-04,13.62242603302002
2013-12-05,13.49450969696045
2013-12-06,13.67997932434082
2013-12-09,13.73754596710205
2013-12-10,13.686375617980957
2013-12-11,13.500906944274902
2013-12-12,13.500906944274902
2013-12-13,13.513697624206543
2013-12-16,13.596841812133789
2013-12-17,13.50730037689209
2013-12-18,13.820682525634766
2013-12-19,13.801493644714355
2013-12-20,13.88567066192627
2013-12-23,13.949926376342773
2013-12-24,13.975627899169922
2013-12-26,14.0077543258667
2013-12-27,14.001331329345703
2013-12-30,13.975627899169922
2013-12-31,14.046310424804688
2014-01-02,13.969206809997559
2014-01-03,14.06558895111084
2014-01-06,14.078436851501465
2014-01-07,14.084860801696777
2014-01-08,14.129844665527344
2014-01-09,14.181256294250488
2014-01-10,14.15554428100586
2014-01-13,13.943506240844727
2014-01-14,14.059165954589844
2014-01-15,14.226226806640625
2014-01-16,14.13626766204834
2014-01-17,14.091289520263672
2014-01-21,14.104138374328613
2014-01-22,14.11056900024414
2014-01-23,13.879249572753906
2014-01-24,13.56439208984375
2014-01-27,13.48085880279541
2014-01-28,13.66077709197998
2014-01-29,13.500136375427246
2014-01-30,13.692904472351074
2014-01-31,13.53226375579834
2014-02-03,13.1917085647583
2014-02-04,13.320222854614258
2014-02-05,13.307369232177734
2014-02-06,13.512986183166504
2014-02-07,13.680052757263184
2014-02-10,13.692904472351074
2014-02-11,13.834267616271973
2014-02-12,13.834267616271973
2014-02-13,13.88567066192627
2014-02-14,13.904952049255371
2014-02-18,13.930651664733887
2014-02-19,13.737885475158691
2014-02-20,13.776434898376465
2014-02-21,13.802144050598145
2014-02-24,13.904952049255371
2014-02-25,13.82141399383545
2014-02-26,13.802144050598145
2014-02-27,13.872821807861328
2014-02-28,13.943506240844727
2014-03-03,13.834267616271973
2014-03-04,14.116994857788086
2014-03-05,14.26478385925293
2014-03-06,14.309759140014648
2014-03-07,14.37401294708252
2014-03-10,14.38044261932373
2014-03-11,14.28406047821045
2014-03-12,14.258359909057617
2014-03-13,14.097718238830566
2014-03-14,14.0077543258667
2014-03-17,14.15554428100586
2014-03-18,14.226226806640625
2014-03-19,14.219801902770996
2014-03-20,14.444695472717285
2014-03-21,14.446633338928223
2014-03-24,14.440178871154785
2014-03-25,14.427279472351074
2014-03-26,14.278947830200195
2014-03-27,14.201554298400879
2014-03-28,14.259594917297363
2014-03-31,14.407930374145508
2014-04-01,14.433735847473145
2014-04-02,14.46597671508789
2014-04-03,14.440178871154785
2014-04-04,14.298295974731445
2014-04-07,14.079019546508789
2014-04-08,14.098361015319824
2014-04-09,14.220903396606445
2014-04-10,13.891983985900879
2014-04-11,13.724297523498535
2014-04-14,13.833937644958496
2014-04-15,13.962926864624023
2014-04-16,14.072565078735352
2014-04-17,14.098361015319824
2014-04-21,14.085463523864746
2014-04-22,14.182208061218262
2014-04-23,14.214449882507324
2014-04-24,14.208001136779785
2014-04-25,14.09191608428955
2014-04-28,14.008074760437012
2014-04-29,14.143508911132812
2014-04-30,14.162858963012695
2014-05-01,14.188653945922852
2014-05-02,14.182208061218262
2014-05-05,14.124164581298828
2014-05-06,13.924233436584473
2014-05-07,14.111266136169434
2014-05-08,14.1499605178833
2014-05-09,14.143508911132812
2014-05-12,14.285400390625
2014-05-13,14.27249813079834
2014-05-14,14.169309616088867
2014-05-15,14.008074760437012
2014-05-16,14.027420043945312
2014-05-19,14.098361015319824
2014-05-20,14.014521598815918
2014-05-21,14.104817390441895
2014-05-22,14.169309616088867
2014-05-23,14.214449882507324
2014-05-27,14.336992263793945
2014-05-28,14.311196327209473
2014-05-29,14.343439102172852
2014-05-30,14.375685691833496
2014-06-02,14.414385795593262
2014-06-03,14.433735847473145
2014-06-04,14.472426414489746
2014-06-05,14.607866287231445
2014-06-06,14.704606056213379
2014-06-09,14.769107818603516
2014-06-10,14.76265811920166
2014-06-11,14.665907859802246
2014-06-12,14.575620651245117
2014-06-13,14.582067489624023
2014-06-16,14.511123657226562
2014-06-17,14.659463882446289
2014-06-18,14.743304252624512
2014-06-19,14.723957061767578
2014-06-20,14.782231330871582
2014-06-23,14.814605712890625
2014-06-24,14.717476844787598
2014-06-25,14.730425834655762
2014-06-26,14.678635597229004
2014-06-27,14.736906051635742
2014-06-30,14.723954200744629
2014-07-01,14.814605712890625
2014-07-02,14.801652908325195
2014-07-03,14.918201446533203
2014-07-07,14.8534574508667
2014-07-08,14.723954200744629
2014-07-09,14.762805938720703
2014-07-10,14.665677070617676
2014-07-11,14.69157600402832
2014-07-14,14.782231330871582
2014-07-15,14.88582706451416
2014-07-16,14.859930038452148
2014-07-17,14.665677070617676
2014-07-18,14.83403205871582
2014-07-21,14.79517936706543
2014-07-22,14.840503692626953
2014-07-23,14.872879028320312
2014-07-24,14.905252456665039
2014-07-25,14.821084976196289
2014-07-28,14.827558517456055
2014-07-29,14.74985408782959
2014-07-30,14.814605712890625
2014-07-31,14.510286331176758
2014-08-01,14.3872652053833
2014-08-04,14.503807067871094
2014-08-05,14.354887962341309
2014-08-06,14.41315746307373
2014-08-07,14.348409652709961
2014-08-08,14.490859985351562
2014-08-11,14.503807067871094
2014-08-12,14.536177635192871
2014-08-13,14.600927352905273
2014-08-14,14.69157600402832
2014-08-15,14.620356559753418
2014-08-18,14.782231330871582
2014-08-19,14.808125495910645
2014-08-20,14.846980094909668
2014-08-21,15.021801948547363
2014-08-22,14.97000503540039
2014-08-25,15.099499702453613
2014-08-26,15.131875038146973
2014-08-27,15.099499702453613
2014-08-28,15.054179191589355
2014-08-29,15.12540054321289
2014-09-02,15.183674812316895
2014-09-03,15.157777786254883
2014-09-04,15.170724868774414
2014-09-05,15.190147399902344
2014-09-08,15.196617126464844
2014-09-09,15.041220664978027
2014-09-10,15.118921279907227
2014-09-11,15.157777786254883
2014-09-12,15.144824028015137
2014-09-15,15.138348579406738
2014-09-16,15.203097343444824
2014-09-17,15.26784610748291
2014-09-18,15.416769027709961
2014-09-19,15.376460075378418
2014-09-22,15.272430419921875
2014-09-23,15.168401718139648
2014-09-24,15.252927780151367
2014-09-25,14.999364852905273
2014-09-26,15.142399787902832
2014-09-29,15.090383529663086
2014-09-30,15.064375877380371
2014-10-01,14.882332801818848
2014-10-02,14.921342849731445
2014-10-03,15.135906219482422
2014-10-06,15.090383529663086
2014-10-07,14.836820602416992
2014-10-08,15.116394996643066
2014-10-09,14.797812461853027
2014-10-10,14.680780410766602
2014-10-13,14.550749778747559
2014-10-14,14.609265327453613
2014-10-15,14.329689025878906
2014-10-16,14.329689025878906
2014-10-17,14.511739730834961
2014-10-20,14.596253395080566
2014-10-21,14.8693265914917
2014-10-22,14.732795715332031
2014-10-23,14.87583065032959
2014-10-24,15.018865585327148
2014-10-27,15.038373947143555
2014-10-28,15.200919151306152
2014-10-29,15.2399263381958
2014-10-30,15.324443817138672
2014-10-31,15.49999713897705
2014-11-03,15.55850887298584
2014-11-04,15.565008163452148
2014-11-05,15.669031143188477
2014-11-06,15.695039749145508
2014-11-07,15.701543807983398
2014-11-10,15.786067962646484
2014-11-11,15.734046936035156
2014-11-12,15.701543807983398
2014-11-13,15.695039749145508
2014-11-14,15.64303207397461
2014-11-17,15.64303207397461
2014-11-18,15.695039749145508
2014-11-19,15.6625337600708
2014-11-20,15.6625337600708
2014-11-21,15.740553855895996
2014-11-24,15.84457778930664
2014-11-25,15.831576347351074
2014-11-26,15.85108757019043
2014-11-28,15.86408519744873
2014-12-01,15.753562927246094
2014-12-02,15.903098106384277
2014-12-03,15.974617958068848
2014-12-04,15.994122505187988
2014-12-05,16.137155532836914
2014-12-08,16.21517562866211
2014-12-09,16.176166534423828
2014-12-10,15.968114852905273
2014-12-11,16.007122039794922
2014-12-12,15.695039749145508
2014-12-15,15.552006721496582
2014-12-16,15.402471542358398
2014-12-17,15.753562927246094
2014-12-18,16.117647171020508
2014-12-19,16.12810516357422
2014-12-22,16.23920440673828
2014-12-23,16.330684661865234
2014-12-24,16.304550170898438
2014-12-26,16.304550170898438
2014-12-29,16.363367080688477
2014-12-30,16.343765258789062
2014-12-31,16.160781860351562
2015-01-02,16.160781860351562
2015-01-05,15.820965766906738
2015-01-06,15.579177856445312
2015-01-07,15.74255084991455
2015-01-08,15.977800369262695
2015-01-09,15.762153625488281
2015-01-12,15.631457328796387
2015-01-13,15.579177856445312
2015-01-14,15.356988906860352
2015-01-15,15.167478561401367
2015-01-16,15.350455284118652
2015-01-20,15.285104751586914
2015-01-21,15.324319839477539
2015-01-22,15.703343391418457
2015-01-23,15.533432960510254
2015-01-26,15.61185359954834
2015-01-27,15.441946029663086
2015-01-28,15.160940170288086
2015-01-29,15.285104751586914
2015-01-30,15.036784172058105
2015-02-02,15.27857494354248
2015-02-03,15.533432960510254
2015-02-04,15.494220733642578
2015-02-05,15.65106201171875
2015-02-06,15.775222778320312
2015-02-09,15.696807861328125
2015-02-10,15.820965766906738
2015-02-11,15.820965766906738
2015-02-12,15.977800369262695
2015-02-13,15.964740753173828
2015-02-17,16.017017364501953
2015-02-18,15.918996810913086
2015-02-19,15.853638648986816
2015-02-20,15.971266746520996
2015-02-23,15.932060241699219
2015-02-24,16.010482788085938
2015-02-25,16.010482788085938
2015-02-26,15.971266746520996
2015-02-27,15.912459373474121
2015-03-02,16.03009033203125
2015-03-03,15.98433780670166
2015-03-04,15.886310577392578
2015-03-05,15.95166301727295
2015-03-06,15.834043502807617
2015-03-09,15.905926704406738
2015-03-10,15.566109657287598
2015-03-11,15.664132118225098
2015-03-12,16.003948211669922
2015-03-13,15.892853736877441
2015-03-16,16.088899612426758
2015-03-17,16.0496826171875
2015-03-18,16.141176223754883
2015-03-19,15.990875244140625
2015-03-20,16.207990646362305
2015-03-23,16.116159439086914
2015-03-24,15.984979629516602
2015-03-25,15.72916030883789
2015-03-26,15.716044425964355
2015-03-27,15.696359634399414
2015-03-30,15.925942420959473
2015-03-31,15.814427375793457
2015-04-01,15.801313400268555
2015-04-02,15.880021095275879
2015-04-06,15.906256675720215
2015-04-07,15.820990562438965
2015-04-08,15.880021095275879
2015-04-09,15.906256675720215
2015-04-10,15.899707794189453
2015-04-13,15.95873737335205
2015-04-14,15.95873737335205
2015-04-15,16.01776885986328
2015-04-16,16.044004440307617
2015-04-17,15.827547073364258
2015-04-20,15.893146514892578
2015-04-21,15.814427375793457
2015-04-22,15.925942420959473
2015-04-23,15.95217514038086
2015-04-24,15.925942420959473
2015-04-27,15.866905212402344
2015-04-28,15.95873737335205
2015-04-29,15.95217514038086
2015-04-30,15.827547073364258
2015-05-01,15.965299606323242
2015-05-04,16.122722625732422
2015-05-05,15.97841739654541
2015-05-06,15.899707794189453
2015-05-07,16.011211395263672
2015-05-08,16.24078369140625
2015-05-11,16.181753158569336
2015-05-12,16.122722625732422
2015-05-13,16.129276275634766
2015-05-14,16.273574829101562
2015-05-15,16.20142936706543
2015-05-18,16.293262481689453
2015-05-19,16.385089874267578
2015-05-20,16.339170455932617
2015-05-21,16.299819946289062
2015-05-22,16.306373596191406
2015-05-26,16.122722625732422
2015-05-27,16.299819946289062
2015-05-28,16.280136108398438
2015-05-29,16.135833740234375
2015-06-01,16.148954391479492
2015-06-02,16.175186157226562
2015-06-03,16.312936782836914
2015-06-04,16.168636322021484
2015-06-05,16.260465621948242
2015-06-08,16.16207504272461
2015-06-09,16.20142936706543
2015-06-10,16.430997848510742
2015-06-11,16.49659538269043
2015-06-12,16.424448013305664
2015-06-15,16.352293014526367
2015-06-16,16.444124221801758
2015-06-17,16.424448013305664
2015-06-18,16.575305938720703
2015-06-19,16.29861831665039
2015-06-22,16.5489559173584
2015-06-23,16.581893920898438
2015-06-24,16.44354820251465
2015-06-25,16.344724655151367
2015-06-26,16.397432327270508
2015-06-29,16.00215721130371
2015-06-30,16.061445236206055
2015-07-01,16.305198669433594
2015-07-02,16.232736587524414
2015-07-06,16.166852951049805
2015-07-07,16.199792861938477
2015-07-08,15.916504859924316
2015-07-09,16.041685104370117
2015-07-10,16.232736587524414
2015-07-13,16.430374145507812
2015-07-14,16.469900131225586
2015-07-15,16.608243942260742
2015-07-16,16.7729434967041
2015-07-17,16.726829528808594
2015-07-20,16.746591567993164
2015-07-21,16.726829528808594
2015-07-22,16.851999282836914
2015-07-23,16.70706558227539
2015-07-24,16.5489559173584
2015-07-27,16.430374145507812
2015-07-28,16.49625587463379
2015-07-29,16.660953521728516
2015-07-30,16.660953521728516
2015-07-31,16.608243942260742
2015-08-03,16.588478088378906
2015-08-04,16.5621280670166
2015-08-05,16.62801742553711
2015-08-06,16.56871795654297
2015-08-07,16.60166358947754
2015-08-10,16.759765625
2015-08-11,16.608243942260742
2015-08-12,16.45672607421875
2015-08-13,16.51601791381836
2015-08-14,16.634597778320312
2015-08-17,16.66753578186035
2015-08-18,16.654359817504883
2015-08-19,16.50283432006836
2015-08-20,16.153671264648438
2015-08-21,15.573935508728027
2015-08-24,14.908552169799805
2015-08-25,14.710911750793457
2015-08-26,15.264311790466309
2015-08-27,15.639816284179688
2015-08-28,15.567352294921875
2015-08-31,15.435590744018555
2015-09-01,14.934906005859375
2015-09-02,15.139135360717773
2015-09-03,15.224778175354004
2015-09-04,14.92172908782959
2015-09-08,15.303832054138184
2015-09-09,15.09302043914795
2015-09-10,15.165482521057129
2015-09-11,15.231365203857422
2015-09-14,15.1984224319458
2015-09-15,15.41582202911377
2015-09-16,15.514642715454102
2015-09-17,15.297246932983398
2015-09-18,15.001322746276855
2015-09-21,15.173449516296387
2015-09-22,14.98145866394043
2015-09-23,14.988078117370605
2015-09-24,14.882159233093262
2015-09-25,15.10062313079834
2015-09-28,14.749749183654785
2015-09-29,14.776240348815918
2015-09-30,15.001322746276855
2015-10-01,15.007943153381348
2015-10-02,15.027801513671875
2015-10-05,15.345569610595703
2015-10-06,15.272747993469238
2015-10-07,15.3919095993042
2015-10-08,15.484590530395508
2015-10-09,15.385289192199707
2015-10-12,15.398529052734375
2015-10-13,15.279370307922363
2015-10-14,15.153587341308594
2015-10-15,15.497834205627441
2015-10-16,15.590514183044434
2015-10-19,15.577278137207031
2015-10-20,15.669962882995605
2015-10-21,15.557414054870605
2015-10-22,15.80898666381836
2015-10-23,15.981108665466309
2015-10-26,15.914905548095703
2015-10-27,15.822222709655762
2015-10-28,16.192951202392578
2015-10-29,16.173099517822266
2015-10-30,15.941389083862305
2015-11-02,16.15985107421875
2015-11-03,16.186330795288086
2015-11-04,16.139991760253906
2015-11-05,16.206195831298828
2015-11-06,16.3716983795166
2015-11-09,16.192951202392578
2015-11-10,16.265775680541992
2015-11-11,16.21281623840332
2015-11-12,15.967866897583008
2015-11-13,15.835464477539062
2015-11-16,16.027446746826172
2015-11-17,15.994340896606445
2015-11-18,16.27901268005371
2015-11-19,16.30549430847168
2015-11-20,16.33197593688965
2015-11-23,16.265775680541992
2015-11-24,16.219436645507812
2015-11-25,16.232669830322266
2015-11-27,16.272401809692383
2015-11-30,16.2591495513916
2015-12-01,16.437896728515625
2015-12-02,16.245912551879883
2015-12-03,15.981108665466309
2015-12-04,16.404796600341797
2015-12-07,16.25253677368164
2015-12-08,16.047317504882812
2015-12-09,15.861946105957031
2015-12-10,15.87518310546875
2015-12-11,15.52431869506836
2015-12-14,15.557414054870605
2015-12-15,15.921529769897461
2015-12-16,16.17970848083496
2015-12-17,15.948005676269531
2015-12-18,15.521658897399902
2015-12-21,15.674877166748047
2015-12-22,15.821441650390625
2015-12-23,16.007965087890625
2015-12-24,15.994636535644531
2015-12-28,15.981307983398438
2015-12-29,16.147855758666992
2015-12-30,16.03461265563965
2015-12-31,15.874728202819824
2016-01-04,15.568291664123535
2016-01-05,15.628242492675781
2016-01-06,15.38843059539795
2016-01-07,14.95541763305664
2016-01-08,14.72226333618164
2016-01-11,14.742249488830566
2016-01-12,14.85549545288086
2016-01-13,14.469121932983398
2016-01-14,14.595686912536621
2016-01-15,14.269268035888672
2016-01-19,14.262608528137207
2016-01-20,13.982817649841309
2016-01-21,13.92286491394043
2016-01-22,14.176007270812988
2016-01-25,13.889551162719727
2016-01-26,14.12271499633789
2016-01-27,14.069416999816895
2016-01-28,14.076079368591309
2016-01-29,14.469121932983398
2016-02-01,14.409163475036621
2016-02-02,14.009467124938965
2016-02-03,14.022787094116211
2016-02-04,14.142692565917969
2016-02-05,13.956171035766602
2016-02-08,13.603103637695312
2016-02-09,13.583117485046387
2016-02-10,13.50984001159668
2016-02-11,13.096816062927246
2016-02-12,13.649734497070312
2016-02-16,13.869569778442383
2016-02-17,14.056098937988281
2016-02-18,13.97615909576416
2016-02-19,13.97615909576416
2016-02-22,14.195990562438965
2016-02-23,13.942848205566406
2016-02-24,13.909543991088867
2016-02-25,14.102726936340332
2016-02-26,14.202651023864746
2016-02-29,14.049434661865234
2016-03-01,14.522409439086914
2016-03-02,14.682294845581055
2016-03-03,14.782215118408203
2016-03-04,14.842166900634766
2016-03-07,14.835509300231934
2016-03-08,14.595686912536621
2016-03-09,14.615675926208496
2016-03-10,14.602349281311035
2016-03-11,14.98206615447998
2016-03-14,14.93543529510498
2016-03-15,14.9287748336792
2016-03-16,14.895466804504395
2016-03-17,15.075328826904297
2016-03-18,15.209151268005371
2016-03-21,15.182388305664062
2016-03-22,15.135547637939453
2016-03-23,15.021796226501465
2016-03-24,14.928123474121094
2016-03-28,14.97496223449707
2016-03-29,15.001726150512695
2016-03-30,15.088706970214844
2016-03-31,15.055257797241211
2016-04-01,15.189080238342285
2016-04-04,15.115474700927734
2016-04-05,14.901357650756836
2016-04-06,14.98165225982666
2016-04-07,14.700621604919434
2016-04-08,14.754149436950684
2016-04-11,14.814375877380371
2016-04-12,15.001726150512695
2016-04-13,15.34298038482666
2016-04-14,15.376437187194824
2016-04-15,15.322909355163574
2016-04-18,15.436652183532715
2016-04-19,15.630703926086426
2016-04-20,15.751144409179688
2016-04-21,15.610626220703125
2016-04-22,15.757830619812012
2016-04-25,15.724383354187012
2016-04-26,15.824747085571289
2016-04-27,15.851510047912598
2016-04-28,15.68423080444336
2016-04-29,15.597245216369629
2016-05-02,15.737762451171875
2016-05-03,15.53702449798584
2016-05-04,15.416581153869629
2016-05-05,15.409896850585938
2016-05-06,15.476805686950684
2016-05-09,15.436652183532715
2016-05-10,15.657463073730469
2016-05-11,15.49018383026123
2016-05-12,15.49687385559082
2016-05-13,15.30952262878418
2016-05-16,15.389816284179688
2016-05-17,15.302830696105957
2016-05-18,15.570488929748535
2016-05-19,15.423270225524902
2016-05-20,15.530332565307617
2016-05-23,15.51695442199707
2016-05-24,15.751144409179688
2016-05-25,15.918424606323242
2016-05-26,15.824747085571289
2016-05-27,15.931805610656738
2016-05-31,15.8916654586792
2016-06-01,15.925115585327148
2016-06-02,15.958572387695312
2016-06-03,15.731060981750488
2016-06-06,15.824747085571289
2016-06-07,15.791290283203125
2016-06-08,15.804676055908203
2016-06-09,15.690925598144531
2016-06-10,15.49687385559082
2016-06-13,15.389816284179688
2016-06-14,15.162318229675293
2016-06-15,15.182388305664062
2016-06-16,15.222539901733398
2016-06-17,15.209758758544922
2016-06-20,15.297207832336426
2016-06-21,15.384660720825195
2016-06-22,15.371201515197754
2016-06-23,15.69410228729248
2016-06-24,14.853225708007812
2016-06-27,14.429422378540039
2016-06-28,14.799406051635742
2016-06-29,15.135754585266113
2016-06-30,15.3779296875
2016-07-01,15.297207832336426
2016-07-05,15.068488121032715
2016-07-06,15.10884952545166
2016-07-07,15.129026412963867
2016-07-08,15.418298721313477
2016-07-11,15.5057373046875
2016-07-12,15.70082950592041
2016-07-13,15.70082950592041
2016-07-14,15.848828315734863
2016-07-15,15.82191276550293
2016-07-18,15.875726699829102
2016-07-19,15.882452011108398
2016-07-20,15.909358024597168
2016-07-21,15.828643798828125
2016-07-22,15.929540634155273
2016-07-25,15.89590835571289
2016-07-26,15.909358024597168
2016-07-27,15.902645111083984
2016-07-28,15.936275482177734
2016-07-29,15.909358024597168
2016-08-01,15.868999481201172
2016-08-02,15.734460830688477
2016-08-03,15.89590835571289
2016-08-04,15.855547904968262
2016-08-05,16.158260345458984
2016-08-08,16.178442001342773
2016-08-09,16.191898345947266
2016-08-10,16.064088821411133
2016-08-11,16.097713470458984
2016-08-12,16.050634384155273
2016-08-15,16.158260345458984
2016-08-16,16.117902755737305
2016-08-17,16.171709060668945
2016-08-18,16.158260345458984
2016-08-19,16.151538848876953
2016-08-22,16.151538848876953
2016-08-23,16.171709060668945
2016-08-24,16.164987564086914
2016-08-25,16.198627471923828
2016-08-26,16.218807220458984
2016-08-29,16.360071182250977
2016-08-30,16.508071899414062
2016-08-31,16.521522521972656
2016-09-01,16.454256057739258
2016-09-02,16.528249740600586
2016-09-06,16.5013427734375
2016-09-07,16.494613647460938
2016-09-08,16.48115348815918
2016-09-09,16.171709060668945
2016-09-12,16.35334587097168
2016-09-13,16.064088821411133
2016-09-14,16.023725509643555
2016-09-15,16.117902755737305
2016-09-16,15.965147972106934
2016-09-19,16.06694984436035
2016-09-20,16.07526206970215
2016-09-21,16.175111770629883
2016-09-22,16.20839500427246
2016-09-23,16.12518310546875
2016-09-26,15.8672513961792
2016-09-27,15.992059707641602
2016-09-28,16.06694984436035
2016-09-29,15.84228801727295
2016-09-30,16.058622360229492
2016-10-03,15.98373794555664
2016-10-04,16.050310134887695
2016-10-05,16.3082332611084
2016-10-06,16.33320426940918
2016-10-07,16.32488250732422
2016-10-10,16.4080867767334
2016-10-11,16.25831413269043
2016-10-12,16.24167251586914
2016-10-13,16.083589553833008
2016-10-14,16.158470153808594
2016-10-17,16.083589553833008
2016-10-18,16.216718673706055
2016-10-19,16.35816764831543
2016-10-20,16.35816764831543
2016-10-21,16.349838256835938
2016-10-24,16.399768829345703
2016-10-25,16.38312339782715
2016-10-26,16.48297119140625
2016-10-27,16.524574279785156
2016-10-28,16.449684143066406
2016-10-31,16.424728393554688
2016-11-01,16.35816764831543
2016-11-02,16.249996185302734
2016-11-03,16.26663589477539
2016-11-04,16.216718673706055
2016-11-07,16.624418258666992
2016-11-08,16.63274574279785
2016-11-09,17.33997917175293
2016-11-10,17.98066520690918
2016-11-11,18.030588150024414
2016-11-14,18.471580505371094
2016-11-15,18.454938888549805
2016-11-16,18.18868064880371
2016-11-17,18.43829345703125
2016-11-18,18.43829345703125
2016-11-21,18.504858016967773
2016-11-22,18.51317596435547
2016-11-23,18.621347427368164
2016-11-25,18.646312713623047
2016-11-28,18.429975509643555
2016-11-29,18.479900360107422
2016-11-30,18.729511260986328
2016-12-01,19.054014205932617
2016-12-02,18.845996856689453
2016-12-05,19.070653915405273
2016-12-06,19.237062454223633
2016-12-07,19.536602020263672
2016-12-08,19.71965789794922
2016-12-09,19.76125717163086
2016-12-12,19.569887161254883
2016-12-13,19.619810104370117
2016-12-14,19.528282165527344
2016-12-15,19.69469451904297
2016-12-16,19.52501678466797
2016-12-19,19.533382415771484
2016-12-20,19.77577018737793
2016-12-21,19.72562026977539
2016-12-22,19.67547607421875
2016-12-23,19.708904266357422
2016-12-27,19.733976364135742
2016-12-28,19.533382415771484
2016-12-29,19.39128875732422
2016-12-30,19.433076858520508
2017-01-03,19.65039825439453
2017-01-04,19.8092041015625
2017-01-05,19.608598709106445
2017-01-06,19.67547607421875
2017-01-09,19.541730880737305
2017-01-10,19.58353042602539
2017-01-11,19.708904266357422
2017-01-12,19.541730880737305
2017-01-13,19.65039825439453
2017-01-17,19.182329177856445
2017-01-18,19.34113883972168
2017-01-19,19.257556915283203
2017-01-20,19.3494930267334
2017-01-23,19.224119186401367
2017-01-24,19.466516494750977
2017-01-25,19.792491912841797
2017-01-26,19.842636108398438
2017-01-27,19.767414093017578
2017-01-30,19.608598709106445
2017-01-31,19.483234405517578
2017-02-01,19.50830078125
2017-02-02,19.433076858520508
2017-02-03,19.8259220123291
2017-02-06,19.733976364135742
2017-02-07,19.683826446533203
2017-02-08,19.550098419189453
2017-02-09,19.817562103271484
2017-02-10,19.876073837280273
2017-02-13,20.10173797607422
2017-02-14,20.33578109741211
2017-02-15,20.49458885192871
2017-02-16,20.44443702697754
2017-02-17,20.452791213989258
2017-02-21,20.553096771240234
2017-02-22,20.569808959960938
2017-02-23,20.569808959960938
2017-02-24,20.41100311279297
2017-02-27,20.519664764404297
2017-02-28,20.511301040649414
2017-03-01,21.096378326416016
2017-03-02,20.770410537719727
2017-03-03,20.870708465576172
2017-03-06,20.71190071105957
2017-03-07,20.653392791748047
2017-03-08,20.66175079345703
2017-03-09,20.736974716186523
2017-03-10,20.72026252746582
2017-03-13,20.770410537719727
2017-03-14,20.71190071105957
2017-03-15,20.678464889526367
2017-03-16,20.71190071105957
2017-03-17,20.5089111328125
2017-03-20,20.341144561767578
2017-03-21,19.7707576751709
2017-03-22,19.72881317138672
2017-03-23,19.7707576751709
2017-03-24,19.745594024658203
2017-03-27,19.670095443725586
2017-03-28,19.93851661682129
2017-03-29,19.81269645690918
2017-03-30,20.072729110717773
2017-03-31,19.904970169067383
2017-04-03,19.8630313873291
2017-04-04,19.837862014770508
2017-04-05,19.68687629699707
2017-04-06,19.81269645690918
2017-04-07,19.72881317138672
2017-04-10,19.678482055664062
2017-04-11,19.61977195739746
2017-04-12,19.46039581298828
2017-04-13,19.208751678466797
2017-04-17,19.54427146911621
2017-04-18,19.3597354888916
2017-04-19,19.3010196685791
2017-04-20,19.628154754638672
2017-04-21,19.426841735839844
2017-04-24,19.8630313873291
2017-04-25,20.039175033569336
2017-04-26,20.022401809692383
2017-04-27,19.930131912231445
2017-04-28,19.73720359802246
2017-05-01,19.8630313873291
2017-05-02,19.837862014770508
2017-05-03,19.997234344482422
2017-05-04,20.030784606933594
2017-05-05,19.997234344482422
2017-05-08,19.980457305908203
2017-05-09,19.904970169067383
2017-05-10,19.97206687927246
2017-05-11,19.84625244140625
2017-05-12,19.76236915588379
2017-05-15,19.913349151611328
2017-05-16,19.97206687927246
2017-05-17,19.342966079711914
2017-05-18,19.4184513092041
2017-05-19,19.586219787597656
2017-05-22,19.636547088623047
2017-05-23,19.78753089904785
2017-05-24,19.779142379760742
2017-05-25,19.81269645690918
2017-05-26,19.80430793762207
2017-05-30,19.670095443725586
2017-05-31,19.502334594726562
2017-06-01,19.745594024658203
2017-06-02,19.670095443725586
2017-06-05,19.70365333557129
2017-06-06,19.61977195739746
2017-06-07,19.7707576751709
2017-06-08,19.997234344482422
2017-06-09,20.37470054626465
2017-06-12,20.41663932800293
2017-06-13,20.525678634643555
2017-06-14,20.559234619140625
2017-06-15,20.47535514831543
2017-06-16,20.452619552612305
2017-06-19,20.663131713867188
2017-06-20,20.48630142211914
2017-06-21,20.317899703979492
2017-06-22,20.19159507751465
2017-06-23,20.11581802368164
2017-06-26,20.225282669067383
2017-06-27,20.326316833496094
2017-06-28,20.646286010742188
2017-06-29,20.7894287109375
2017-06-30,20.77259063720703
2017-07-03,21.075716018676758
2017-07-05,21.109392166137695
2017-07-06,20.949413299560547
2017-07-07,21.092552185058594
2017-07-10,21.067291259765625
2017-07-11,20.88205337524414
2017-07-12,20.949413299560547
2017-07-13,21.075716018676758
2017-07-14,20.983089447021484
2017-07-17,20.915735244750977
2017-07-18,20.88205337524414
2017-07-19,20.890470504760742
2017-07-20,20.88205337524414
2017-07-21,20.88205337524414
2017-07-24,20.974674224853516
2017-07-25,21.235700607299805
2017-07-26,21.092552185058594
2017-07-27,20.974674224853516
2017-07-28,20.974674224853516
2017-07-31,21.126237869262695
2017-08-01,21.277803421020508
2017-08-02,21.311481475830078
2017-08-03,21.235700607299805
2017-08-04,21.37883758544922
2017-08-07,21.345163345336914
2017-08-08,21.28622055053711
2017-08-09,21.28622055053711
2017-08-10,20.907312393188477
2017-08-11,20.823110580444336
2017-08-14,21.109392166137695
2017-08-15,21.126237869262695
2017-08-16,21.084136962890625
2017-08-17,20.72206687927246
2017-08-18,20.730493545532227
2017-08-21,20.671546936035156
2017-08-22,20.898889541625977
2017-08-23,20.83152961730957
2017-08-24,20.83152961730957
2017-08-25,20.890470504760742
2017-08-28,20.75575065612793
2017-08-29,20.688386917114258
2017-08-30,20.77259063720703
2017-08-31,20.797855377197266
2017-09-01,20.856796264648438
2017-09-05,20.410524368286133
2017-09-06,20.461042404174805
2017-09-07,20.107391357421875
2017-09-08,20.292640686035156
2017-09-11,20.646286010742188
2017-09-12,20.890470504760742
2017-09-13,20.92415428161621
2017-09-14,20.88205337524414
2017-09-15,20.94378089904785
2017-09-18,21.188982009887695
2017-09-19,21.349628448486328
2017-09-20,21.476459503173828
2017-09-21,21.527189254760742
2017-09-22,21.501827239990234
2017-09-25,21.476459503173828
2017-09-26,21.468006134033203
2017-09-27,21.73012351989746
2017-09-28,21.763938903808594
2017-09-29,21.86540412902832
2017-10-02,22.05141830444336
2017-10-03,22.12751007080078
2017-10-04,22.02605628967285
2017-10-05,22.254343032836914
2017-10-06,22.279714584350586
2017-10-09,22.19515609741211
2017-10-10,22.296627044677734
2017-10-11,22.254343032836914
2017-10-12,22.085243225097656
2017-10-13,22.093692779541016
2017-10-16,22.2374324798584
2017-10-17,22.12751007080078
2017-10-18,22.245895385742188
2017-10-19,22.26280403137207
2017-10-20,22.524917602539062
2017-10-23,22.508005142211914
2017-10-24,22.668657302856445
2017-10-25,22.533369064331055
2017-10-26,22.660198211669922
2017-10-27,22.643291473388672
2017-10-30,22.550283432006836
2017-10-31,22.49109649658203
2017-11-01,22.524917602539062
2017-11-02,22.736299514770508
2017-11-03,22.643291473388672
2017-11-06,22.6179256439209
2017-11-07,22.305076599121094
2017-11-08,22.19515609741211
2017-11-09,22.119062423706055
2017-11-10,22.05141830444336
2017-11-13,22.085243225097656
2017-11-14,22.076786041259766
2017-11-15,22.13597869873047
2017-11-16,22.144428253173828
2017-11-17,22.119062423706055
2017-11-20,22.22052574157715
2017-11-21,22.288169860839844
2017-11-22,22.178251266479492
2017-11-24,22.169797897338867
2017-11-27,22.152881622314453
2017-11-28,22.727842330932617
2017-11-29,23.116785049438477
2017-11-30,23.268983840942383
2017-12-01,23.31971549987793
2017-12-04,23.674835205078125
2017-12-05,23.548011779785156
2017-12-06,23.463457107543945
2017-12-07,23.53955078125
2017-12-08,23.683286666870117
2017-12-11,23.624101638793945
2017-12-12,23.86085319519043
2017-12-13,23.564918518066406
2017-12-14,23.412729263305664
2017-12-15,23.62339210510254
2017-12-18,23.835750579833984
2017-12-19,23.73381805419922
2017-12-20,23.691341400146484
2017-12-21,23.895214080810547
2017-12-22,23.82725715637207
2017-12-26,23.759296417236328
2017-12-27,23.78478240966797
2017-12-28,23.87822723388672
2017-12-29,23.708335876464844
2018-01-02,23.71683120727539
2018-01-03,23.844249725341797
2018-01-04,24.065105438232422
2018-01-05,24.1330623626709
2018-01-08,24.099084854125977
2018-01-09,24.285964965820312
2018-01-10,24.48984146118164
2018-01-11,24.60875701904297
2018-01-12,24.82961654663086
2018-01-16,24.761659622192383
2018-01-17,24.948537826538086
2018-01-18,24.914562225341797
2018-01-19,25.092945098876953
2018-01-22,25.296817779541016
2018-01-23,25.322296142578125
2018-01-24,25.4921932220459
2018-01-25,25.44122314453125
2018-01-26,25.62810707092285
2018-01-29,25.526166915893555
2018-01-30,25.194883346557617
2018-01-31,25.26283836364746
2018-02-01,25.500686645507812
2018-02-02,24.94005012512207
2018-02-05,23.6828556060791
2018-02-06,24.116065979003906
2018-02-07,24.1330623626709
2018-02-08,23.071237564086914
2018-02-09,23.512958526611328
2018-02-12,23.844249725341797
2018-02-13,23.946178436279297
2018-02-14,24.515316009521484
2018-02-15,24.651233673095703
2018-02-16,24.61724853515625
2018-02-20,24.540796279907227
2018-02-21,24.574785232543945
2018-02-22,24.370912551879883
2018-02-23,24.736177444458008
2018-02-26,25.109933853149414
2018-02-27,24.872087478637695
2018-02-28,24.52381706237793
2018-03-01,24.099084854125977
2018-03-02,24.15854835510254
2018-03-05,24.49832534790039
2018-03-06,24.600265502929688
2018-03-07,24.557790756225586
2018-03-08,24.63424301147461
2018-03-09,25.228858947753906
2018-03-12,25.14391326904297
2018-03-13,24.863588333129883
2018-03-14,24.583282470703125
2018-03-15,24.59177017211914
2018-03-16,24.61308479309082
2018-03-19,24.434049606323242
2018-03-20,24.49372673034668
2018-03-21,24.48520278930664
2018-03-22,23.581497192382812
2018-03-23,22.865360260009766
2018-03-26,23.607078552246094
2018-03-27,23.146696090698242
2018-03-28,23.1893310546875
2018-03-29,23.50476837158203
2018-04-02,22.98471450805664
2018-04-03,23.300151824951172
2018-04-04,23.54739761352539
2018-04-05,23.734956741333008
2018-04-06,23.163747787475586
2018-04-09,23.291637420654297
2018-04-10,23.641178131103516
2018-04-11,23.359838485717773
2018-04-12,23.769058227539062
2018-04-13,23.410985946655273
2018-04-16,23.513290405273438
2018-04-17,23.513290405273438
2018-04-18,23.4024658203125
2018-04-19,23.760536193847656
2018-04-20,23.769058227539062
2018-04-23,23.74348258972168
2018-04-24,23.590024948120117
2018-04-25,23.572969436645508
2018-04-26,23.581497192382812
2018-04-27,23.6156005859375
2018-04-30,23.4024658203125
2018-05-01,23.410985946655273
2018-05-02,23.146696090698242
2018-05-03,22.950611114501953
2018-05-04,23.249008178710938
2018-05-07,23.4024658203125
2018-05-08,23.564443588256836
2018-05-09,23.91399383544922
2018-05-10,24.110076904296875
2018-05-11,24.093029022216797
2018-05-14,24.07597541809082
2018-05-15,24.033348083496094
2018-05-16,24.07597541809082
2018-05-17,24.02482795715332
2018-05-18,23.8287410736084
2018-05-21,23.999244689941406
2018-05-22,24.161230087280273
2018-05-23,24.007774353027344
2018-05-24,23.820209503173828
2018-05-25,23.74348258972168
2018-05-29,22.950611114501953
2018-05-30,23.368364334106445
2018-05-31,23.17227554321289
2018-06-01,23.428041458129883
2018-06-04,23.50476837158203
2018-06-05,23.4024658203125
2018-06-06,23.8287410736084
2018-06-07,23.90546989440918
2018-06-08,23.939573287963867
2018-06-11,23.888412475585938
2018-06-12,23.8287410736084
2018-06-13,23.74348258972168
2018-06-14,23.521825790405273
2018-06-15,23.52096176147461
2018-06-18,23.478153228759766
2018-06-19,23.418214797973633
2018-06-20,23.35828399658203
2018-06-21,23.28978729248047
2018-06-22,23.178468704223633
2018-06-25,22.93015480041504
2018-06-26,22.853097915649414
2018-06-27,22.570537567138672
2018-06-28,22.76747703552246
2018-06-29,22.76747703552246
2018-07-02,22.878786087036133
2018-07-03,22.67328643798828
2018-07-05,22.724658966064453
2018-07-06,22.835968017578125
2018-07-09,23.35828399658203
2018-07-10,23.272653579711914
2018-07-11,23.161338806152344
2018-07-12,23.204160690307617
2018-07-13,23.101409912109375
2018-07-16,23.51239776611328
2018-07-17,23.538087844848633
2018-07-18,23.914838790893555
2018-07-19,23.555213928222656
2018-07-20,23.598031997680664
2018-07-23,23.923398971557617
2018-07-24,23.991897583007812
2018-07-25,24.04327392578125
2018-07-26,24.034711837768555
2018-07-27,24.086082458496094
2018-07-30,24.103206634521484
2018-07-31,23.931962966918945
2018-08-01,23.931962966918945
2018-08-02,23.940523147583008
2018-08-03,24.07752227783203
2018-08-06,24.20595932006836
2018-08-07,24.317270278930664
2018-08-08,24.37720489501953
2018-08-09,24.23164176940918
2018-08-10,23.949087142944336
2018-08-13,23.71790313720703
2018-08-14,23.940523147583008
2018-08-15,23.752151489257812
2018-08-16,24.06896209716797
2018-08-17,24.120336532592773
2018-08-20,24.19739532470703
2018-08-21,24.291584014892578
2018-08-22,24.20595932006836
2018-08-23,24.094648361206055
2018-08-24,24.18027114868164
2018-08-27,24.50564193725586
2018-08-28,24.47995376586914
2018-08-29,24.47138786315918
2018-08-30,24.283018112182617
2018-08-31,24.25733184814453
2018-09-04,24.37720489501953
2018-09-05,24.39433479309082
2018-09-06,24.283018112182617
2018-09-07,24.25733184814453
2018-09-10,24.23164176940918
2018-09-11,24.25733184814453
2018-09-12,24.034711837768555
2018-09-13,24.000463485717773
2018-09-14,24.17170524597168
2018-09-17,24.06896209716797
2018-09-18,24.18882942199707
2018-09-19,24.599828720092773
2018-09-20,24.813888549804688
2018-09-21,24.717565536499023
2018-09-24,24.442358016967773
2018-09-25,24.347740173339844
2018-09-26,24.055334091186523
2018-09-27,23.96932601928711
2018-09-28,23.719913482666016
2018-10-01,23.81452178955078
2018-10-02,23.81452178955078
2018-10-03,24.03813362121582
2018-10-04,24.201541900634766
2018-10-05,24.081132888793945
2018-10-08,24.244544982910156
2018-10-09,24.149940490722656
2018-10-10,23.401704788208008
2018-10-11,22.705076217651367
2018-10-12,22.730871200561523
2018-10-15,22.62766456604004
2018-10-16,23.00608253479004
2018-10-17,23.238298416137695
2018-10-18,22.851274490356445
2018-10-19,22.937273025512695
2018-10-22,22.44705581665039
2018-10-23,22.266448974609375
2018-10-24,21.707422256469727
2018-10-25,22.042842864990234
2018-10-26,21.724624633789062
2018-10-29,21.913835525512695
2018-10-30,22.29224967956543
2018-10-31,22.60186767578125
2018-11-01,22.705076217651367
2018-11-02,22.6878662109375
2018-11-05,23.049087524414062
2018-11-06,23.169492721557617
2018-11-07,23.470502853393555
2018-11-08,23.539306640625
2018-11-09,23.324296951293945
2018-11-12,22.85987663269043
2018-11-13,22.988882064819336
2018-11-14,22.67927360534668
2018-11-15,23.014680862426758
2018-11-16,23.04048728942871
2018-11-19,23.03188133239746
2018-11-20,22.524463653564453
2018-11-21,22.541656494140625
2018-11-23,22.361047744750977
2018-11-26,22.81687355041504
2018-11-27,22.834070205688477
2018-11-28,23.272695541381836
2018-11-29,23.074886322021484
2018-11-30,23.195293426513672
2018-12-03,23.34149932861328
2018-12-04,22.32664680480957
2018-12-06,22.01704216003418
2018-12-07,21.595617294311523
2018-12-10,21.294601440429688
2018-12-11,21.08819007873535
2018-12-12,21.20859718322754
2018-12-13,21.053787231445312
2018-12-14,20.84738540649414
2018-12-17,20.640974044799805
2018-12-18,20.563568115234375
2018-12-19,20.305559158325195
2018-12-20,20.12494659423828
2018-12-21,19.722536087036133
2018-12-24,19.30714225769043
2018-12-26,20.181196212768555
2018-12-27,20.42350959777832
2018-12-28,20.414857864379883
2018-12-31,20.61389923095703
2019-01-02,20.78697967529297
2019-01-03,20.31966209411621
2019-01-04,20.994678497314453
2019-01-07,21.020641326904297
2019-01-08,21.037952423095703
2019-01-09,21.14179229736328
2019-01-10,21.150447845458984
2019-01-11,21.202373504638672
2019-01-14,21.3494930267334
2019-01-15,21.539878845214844
2019-01-16,21.998546600341797
2019-01-17,22.119699478149414
2019-01-18,22.500476837158203
2019-01-22,22.240861892700195
2019-01-23,22.26681900024414
2019-01-24,22.318744659423828
2019-01-25,22.500476837158203
2019-01-28,22.431241989135742
2019-01-29,22.353363037109375
2019-01-30,22.483173370361328
2019-01-31,22.44855499267578
2019-02-01,22.543745040893555
2019-02-04,22.638946533203125
2019-02-05,22.578367233276367
2019-02-06,22.55240249633789
2019-02-07,22.327396392822266
2019-02-08,22.214895248413086
2019-02-11,22.28412437438965
2019-02-12,22.61298370361328
2019-02-13,22.673559188842773
2019-02-14,22.39662742614746
2019-02-15,22.872602462768555
2019-02-19,22.9072208404541
2019-02-20,23.05433464050293
2019-02-21,22.933176040649414
2019-02-22,22.898571014404297
2019-02-25,22.993757247924805
2019-02-26,22.924524307250977
2019-02-27,23.011066436767578
2019-02-28,22.950490951538086
2019-03-01,23.097606658935547
2019-03-04,22.950490951538086
2019-03-05,22.863948822021484
2019-03-06,22.716827392578125
2019-03-07,22.483173370361328
2019-03-08,22.474523544311523
2019-03-11,22.708171844482422
2019-03-12,22.76009750366211
2019-03-13,22.915874481201172
2019-03-14,23.002408981323242
2019-03-15,23.163330078125
2019-03-18,23.398183822631836
2019-03-19,23.215518951416016
2019-03-20,22.73711585998535
2019-03-21,22.667531967163086
2019-03-22,22.041257858276367
2019-03-25,21.945579528808594
2019-03-26,22.20652198791504
2019-03-27,22.11084747314453
2019-03-28,22.30220603942871
2019-03-29,22.36309242248535
2019-04-01,22.91107940673828
2019-04-02,22.893686294555664
2019-04-03,22.96327018737793
2019-04-04,23.102441787719727
2019-04-05,23.137237548828125
2019-04-08,23.163330078125
2019-04-09,22.971969604492188
2019-04-10,23.041553497314453
2019-04-11,23.18073081970215
2019-04-12,23.6069393157959
2019-04-15,23.45906639099121
2019-04-16,23.78960418701172
2019-04-17,23.850494384765625
2019-04-18,23.780900955200195
2019-04-22,23.711315155029297
2019-04-23,23.859182357788086
2019-04-24,23.833093643188477
2019-04-25,23.876588821411133
2019-04-26,24.09404182434082
2019-04-29,24.33759307861328
2019-04-30,24.372385025024414
2019-05-01,24.172321319580078
2019-05-02,24.19841766357422
2019-05-03,24.415874481201172
2019-05-06,24.250608444213867
2019-05-07,23.850494384765625
2019-05-08,23.798301696777344
2019-05-09,23.746109008789062
2019-05-10,23.902677536010742
2019-05-13,23.20682144165039
2019-05-14,23.389484405517578
2019-05-15,23.302507400512695
2019-05-16,23.537353515625
2019-05-17,23.380783081054688
2019-05-20,23.406883239746094
2019-05-21,23.650432586669922
2019-05-22,23.511259078979492
2019-05-23,23.18073081970215
2019-05-24,23.363388061523438
2019-05-28,23.093746185302734
2019-05-29,23.050249099731445
2019-05-30,22.971969604492188
2019-05-31,22.624042510986328
2019-06-03,22.771907806396484
2019-06-04,23.389484405517578
2019-06-05,23.537353515625
2019-06-06,23.62433624267578
2019-06-07,23.58954429626465
2019-06-10,23.78960418701172
2019-06-11,23.798301696777344
2019-06-12,23.563451766967773
2019-06-13,23.6417293548584
2019-06-14,23.693920135498047
2019-06-17,23.476465225219727
2019-06-18,23.78960418701172
2019-06-19,23.746109008789062
2019-06-20,23.850494384765625
2019-06-21,23.797157287597656
2019-06-24,23.70099449157715
2019-06-25,23.6223087310791
2019-06-26,23.578594207763672
2019-06-27,23.78841781616211
2019-06-28,24.129375457763672
2019-07-01,24.41788101196289
2019-07-02,24.35668182373047
2019-07-03,24.54901885986328
2019-07-05,24.61895751953125
2019-07-08,24.496564865112305
2019-07-09,24.540273666381836
2019-07-10,24.452850341796875
2019-07-11,24.592727661132812
2019-07-12,24.75884437561035
2019-07-15,24.61895751953125
2019-07-16,24.55776023864746
2019-07-17,24.347942352294922
2019-07-18,24.531532287597656
2019-07-19,24.426624298095703
2019-07-22,24.479082107543945
2019-07-23,24.73261260986328
2019-07-24,24.986143112182617
2019-07-25,24.811296463012695
2019-07-26,25.08231544494629
2019-07-29,24.889976501464844
2019-07-30,24.820037841796875
2019-07-31,24.6976375579834
2019-08-01,24.13811683654785
2019-08-02,24.129375457763672
2019-08-05,23.325061798095703
2019-08-06,23.70099449157715
2019-08-07,23.38626480102539
2019-08-08,23.832130432128906
2019-08-09,23.753448486328125
2019-08-12,23.29883575439453
2019-08-13,23.587337493896484
2019-08-14,22.713083267211914
2019-08-15,22.826738357543945
2019-08-16,23.22889518737793
2019-08-19,23.46494483947754
2019-08-20,23.150211334228516
2019-08-21,23.2551212310791
2019-08-22,23.41248893737793
2019-08-23,22.8179988861084
2019-08-26,23.03656005859375
2019-08-27,22.896677017211914
2019-08-28,23.10650062561035
2019-08-29,23.456201553344727
2019-08-30,23.534883499145508
2019-09-03,23.29009246826172
2019-09-04,23.51740264892578
2019-09-05,23.998245239257812
2019-09-06,23.98949432373047
2019-09-09,24.35668182373047
2019-09-10,24.44410514831543
2019-09-11,24.583986282348633
2019-09-12,24.715126037597656
2019-09-13,24.90746307373047
2019-09-16,24.820037841796875
2019-09-17,24.846267700195312
2019-09-18,24.93368911743164
2019-09-19,24.820037841796875
2019-09-20,24.674169540405273
2019-09-23,24.718103408813477
2019-09-24,24.480852127075195
2019-09-25,24.68295669555664
2019-09-26,24.568721771240234
2019-09-27,24.665380477905273
2019-09-30,24.603872299194336
2019-10-01,24.08542823791504
2019-10-02,23.593355178833008
2019-10-03,23.690011978149414
2019-10-04,24.129369735717773
2019-10-07,24.00635528564453
2019-10-08,23.531845092773438
2019-10-09,23.751523971557617
2019-10-10,23.9975643157959
2019-10-11,24.296323776245117
2019-10-14,24.33147430419922
2019-10-15,24.68295669555664
2019-10-16,24.621442794799805
2019-10-17,24.639026641845703
2019-10-18,24.700529098510742
2019-10-21,25.043230056762695
2019-10-22,24.97292709350586
2019-10-23,25.078371047973633
2019-10-24,25.043230056762695
2019-10-25,25.166244506835938
2019-10-28,25.29805564880371
2019-10-29,25.359567642211914
2019-10-30,25.34199333190918
2019-10-31,25.21897315979004
2019-11-01,25.588029861450195
2019-11-04,25.807708740234375
2019-11-05,25.90436553955078
2019-11-06,26.036169052124023
2019-11-07,26.22948455810547
2019-11-08,26.220701217651367
2019-11-11,26.150402069091797
2019-11-12,26.18555450439453
2019-11-13,26.018596649169922
2019-11-14,26.071317672729492
2019-11-15,26.141616821289062
2019-11-18,26.19434356689453
2019-11-19,26.24706268310547
2019-11-20,26.12404441833496
2019-11-21,26.097675323486328
2019-11-22,26.290996551513672
2019-11-25,26.457948684692383
2019-11-26,26.431591033935547
2019-11-27,26.537036895751953
2019-11-29,26.49309539794922
2019-12-02,26.326141357421875
2019-12-03,25.957088470458984
2019-12-04,26.203125
2019-12-05,26.326141357421875
2019-12-06,26.677631378173828
2019-12-09,26.61612319946289
2019-12-10,26.62490463256836
2019-12-11,26.563392639160156
2019-12-12,27.08183479309082
2019-12-13,26.98517417907715
2019-12-16,27.08183479309082
2019-12-17,27.187278747558594
2019-12-18,27.073047637939453
2019-12-19,27.06425666809082
2019-12-20,27.096054077148438
2019-12-23,27.034231185913086
2019-12-24,27.096054077148438
2019-12-26,27.24619483947754
2019-12-27,27.1755428314209
2019-12-30,27.096054077148438
2019-12-31,27.18437385559082
2020-01-02,27.4493350982666
2020-01-03,27.157880783081055
2020-01-06,27.14021110534668
2020-01-07,26.963581085205078
2020-01-08,27.14021110534668
2020-01-09,27.30802345275879
2020-01-10,27.104890823364258
2020-01-13,27.290353775024414
2020-01-14,27.237361907958984
2020-01-15,27.087228775024414
2020-01-16,27.325685501098633
2020-01-17,27.405176162719727
2020-01-21,27.1755428314209
2020-01-22,27.25503158569336
2020-01-23,27.18437385559082
2020-01-24,26.839933395385742
2020-01-27,26.42483901977539
2020-01-28,26.73394775390625
2020-01-29,26.689788818359375
2020-01-30,27.02539825439453
2020-01-31,26.460161209106445
2020-02-03,26.64563751220703
2020-02-04,26.901752471923828
2020-02-05,27.44049644470215
2020-02-06,27.405176162719727
2020-02-07,27.30802345275879
2020-02-10,27.387508392333984
2020-02-11,27.484657287597656
2020-02-12,27.5023250579834
2020-02-13,27.493484497070312
2020-02-14,27.528812408447266
2020-02-18,27.290353775024414
2020-02-19,27.493484497070312
2020-02-20,27.44049644470215
2020-02-21,27.1755428314209
2020-02-24,26.2923583984375
2020-02-25,25.400346755981445
2020-02-26,25.21487808227539
2020-02-27,24.137388229370117
2020-02-28,23.483837127685547
2020-03-02,24.684972763061523
2020-03-03,23.757627487182617
2020-03-04,24.543657302856445
2020-03-05,23.36018943786621
2020-03-06,22.56532859802246
2020-03-09,20.145404815673828
2020-03-10,21.32887077331543
2020-03-11,20.171903610229492
2020-03-12,17.990436553955078
2020-03-13,20.357370376586914
2020-03-16,17.566511154174805
2020-03-17,18.520349502563477
2020-03-18,16.948278427124023
2020-03-19,17.319217681884766
2020-03-20,16.700992584228516
2020-03-23,15.729267120361328
2020-03-24,17.679840087890625
2020-03-25,18.160799026489258
2020-03-26,19.300857543945312
2020-03-27,18.713024139404297
2020-03-30,19.069290161132812
2020-03-31,18.543794631958008
2020-04-01,17.412641525268555
2020-04-02,17.84906768798828
2020-04-03,17.4927978515625
2020-04-06,18.748645782470703
2020-04-07,18.93568992614746
2020-04-08,19.764009475708008
2020-04-09,20.823909759521484
2020-04-13,20.06683921813965
2020-04-14,20.15590476989746
2020-04-15,19.283050537109375
2020-04-16,18.94459342956543
2020-04-17,19.94214630126953
2020-04-20,19.594783782958984
2020-04-21,18.962411880493164
2020-04-22,19.167264938354492
2020-04-23,19.08710479736328
2020-04-24,19.363208770751953
2020-04-27,20.02230453491211
2020-04-28,20.236066818237305
2020-04-29,20.823909759521484
2020-04-30,20.298416137695312
2020-05-01,19.64822006225586
2020-05-04,19.4700927734375
2020-05-05,19.407747268676758
2020-05-06,18.98912811279297
2020-05-07,19.434459686279297
2020-05-08,19.853076934814453
2020-05-11,19.4700927734375
2020-05-12,18.962411880493164
2020-05-13,18.401283264160156
2020-05-14,18.87334632873535
2020-05-15,18.748645782470703
2020-05-18,19.710573196411133
2020-05-19,19.229612350463867
2020-05-20,19.657133102416992
2020-05-21,19.594783782958984
2020-05-22,19.523534774780273
2020-05-26,20.538898468017578
2020-05-27,21.429569244384766
2020-05-28,21.091108322143555
2020-05-29,20.85062599182129
2020-06-01,21.091108322143555
2020-06-02,21.260345458984375
2020-06-03,22.05304527282715
2020-06-04,22.53400421142578
2020-06-05,23.371238708496094
2020-06-08,23.816570281982422
2020-06-09,23.30889129638672
2020-06-10,22.4360294342041
2020-06-11,20.601242065429688
2020-06-12,21.224721908569336
2020-06-15,21.518630981445312
2020-06-16,21.85708999633789
2020-06-17,21.52754020690918
2020-06-18,21.50082015991211
2020-06-19,21.358312606811523
2020-06-22,21.252544403076172
2020-06-23,21.351144790649414
2020-06-24,20.59821128845215
2020-06-25,21.144983291625977
2020-06-26,20.239665985107422
2020-06-29,20.463754653930664
2020-06-30,20.74162483215332
2020-07-01,20.562353134155273
2020-07-02,20.58924674987793
2020-07-06,20.983633041381836
2020-07-07,20.553386688232422
2020-07-08,20.76851463317871
2020-07-09,20.329299926757812
2020-07-10,21.028457641601562
2020-07-13,21.11808967590332
2020-07-14,21.225648880004883
2020-07-15,21.646940231323242
2020-07-16,21.646940231323242
2020-07-17,21.467676162719727
2020-07-20,21.36907196044922
2020-07-21,21.790353775024414
2020-07-22,21.790353775024414
2020-07-23,21.808284759521484
2020-07-24,21.754501342773438
2020-07-27,21.575237274169922
2020-07-28,21.521455764770508
2020-07-29,21.924814224243164
2020-07-30,21.530414581298828
2020-07-31,21.53938102722168
2020-08-03,21.602123260498047
2020-08-04,21.51249122619629
2020-08-05,21.808284759521484
2020-08-06,21.79932403564453
2020-08-07,22.26542091369629
2020-08-10,22.426767349243164
2020-08-11,22.686708450317383
2020-08-12,22.623966217041016
2020-08-13,22.48055076599121
2020-08-14,22.57018280029297
2020-08-17,22.1937198638916
2020-08-18,22.05030059814453
2020-08-19,22.041336059570312
2020-08-20,21.835176467895508
2020-08-21,21.790353775024414
2020-08-24,22.31024169921875
2020-08-25,22.372987747192383
2020-08-26,22.26542091369629
2020-08-27,22.64189338684082
2020-08-28,22.731529235839844
2020-08-31,22.462621688842773
2020-09-01,22.525365829467773
2020-09-02,22.848054885864258
2020-09-03,22.498476028442383
2020-09-04,22.668787002563477
2020-09-08,22.086156845092773
2020-09-09,22.31024169921875
2020-09-10,21.996517181396484
2020-09-11,22.148900985717773
2020-09-14,22.453659057617188
2020-09-15,22.148900985717773
2020-09-16,22.399877548217773
2020-09-17,22.166826248168945
2020-09-18,22.122013092041016
2020-09-21,21.56772232055664
2020-09-22,21.387462615966797
2020-09-23,20.9097843170166
2020-09-24,20.954845428466797
2020-09-25,21.17115592956543
2020-09-28,21.675872802734375
2020-09-29,21.405487060546875
2020-09-30,21.69390296936035
2020-10-01,21.729949951171875
2020-10-02,21.90119743347168
2020-10-05,22.2617130279541
2020-10-06,22.03638458251953
2020-10-07,22.405912399291992
2020-10-08,22.71235466003418
2020-10-09,22.73938751220703
2020-10-12,22.991744995117188
2020-10-13,22.550121307373047
2020-10-14,22.33380889892578
2020-10-15,22.505054473876953
2020-10-16,22.523080825805664
2020-10-19,22.180593490600586
2020-10-20,22.360849380493164
2020-10-21,22.243684768676758
2020-10-22,22.685312271118164
2020-10-23,22.757410049438477
2020-10-26,22.243684768676758
2020-10-27,21.838102340698242
2020-10-28,21.27931022644043
2020-10-29,21.441537857055664
2020-10-30,21.50463104248047
2020-11-02,21.910205841064453
2020-11-03,22.396902084350586
2020-11-04,22.135528564453125
2020-11-05,22.67630386352539
2020-11-06,22.49603843688965
2020-11-09,24.343677520751953
2020-11-10,24.469850540161133
2020-11-11,24.370716094970703
2020-11-12,23.965133666992188
2020-11-13,24.361696243286133
2020-11-16,24.90247344970703
2020-11-17,24.866422653198242
2020-11-18,24.632081985473633
2020-11-19,24.713197708129883
2020-11-20,24.496896743774414
2020-11-23,24.956544876098633
2020-11-24,25.830787658691406
2020-11-25,25.740663528442383
2020-11-27,25.659547805786133
2020-11-30,25.12778663635254
2020-12-01,25.515344619750977
2020-12-02,25.794740676879883
2020-12-03,25.80375099182129
2020-12-04,26.119205474853516
2020-12-07,25.938945770263672
2020-12-08,25.929933547973633
2020-12-09,25.866846084594727
2020-12-10,25.911903381347656
2020-12-11,25.650537490844727
2020-12-14,25.353113174438477
2020-12-15,25.785728454589844
2020-12-16,25.830787658691406
2020-12-17,25.902896881103516
2020-12-18,25.677570343017578
2020-12-21,26.023714065551758
2020-12-22,25.769996643066406
2020-12-23,26.195877075195312
2020-12-24,26.232118606567383
2020-12-28,26.35897445678711
2020-12-29,26.268362045288086
2020-12-30,26.38615608215332
2020-12-31,26.71236228942871
2021-01-04,26.34991455078125
2021-01-05,26.46770668029785
2021-01-06,27.636600494384766
2021-01-07,28.035289764404297
2021-01-08,28.017169952392578
2021-01-11,28.107784271240234
2021-01-12,28.39773941040039
2021-01-13,28.37961769104004
2021-01-14,28.506473541259766
2021-01-15,28.035289764404297
2021-01-19,28.107784271240234
2021-01-20,27.9899845123291
2021-01-21,27.69097328186035
2021-01-22,27.491622924804688
2021-01-25,27.29227638244629
2021-01-26,27.074806213378906
2021-01-27,26.27742576599121
2021-01-28,26.76673126220703
2021-01-29,26.232118606567383
2021-02-01,26.576438903808594
2021-02-02,27.219785690307617
2021-02-03,27.37382698059082
2021-02-04,27.980926513671875
2021-02-05,27.9899845123291
2021-02-08,28.352434158325195
2021-02-09,28.361492156982422
2021-02-10,28.361492156982422
2021-02-11,28.270885467529297
2021-02-12,28.560842514038086
2021-02-16,29.05014419555664
2021-02-17,29.195127487182617
2021-02-18,29.02296257019043
2021-02-19,29.367286682128906
2021-02-22,29.639122009277344
2021-02-23,29.820344924926758
2021-02-24,30.40026092529297
2021-02-25,29.84752655029297
2021-02-26,29.276674270629883
2021-03-01,30.19186019897461
2021-03-02,30.083118438720703
2021-03-03,30.318708419799805
2021-03-04,29.974382400512695
2021-03-05,30.545242309570312
2021-03-08,30.934860229492188
2021-03-09,30.65397834777832
2021-03-10,31.279199600219727
2021-03-11,31.18857765197754
2021-03-12,31.505727767944336
2021-03-15,31.324501037597656
2021-03-16,30.99829864501953
2021-03-17,31.206697463989258
2021-03-18,31.369808197021484
2021-03-19,31.007352828979492
2021-03-22,30.60781478881836
2021-03-23,30.180049896240234
2021-03-24,30.289262771606445
2021-03-25,30.798940658569336
2021-03-26,31.281309127807617
2021-03-29,31.00826644897461
2021-03-30,31.22670555114746
2021-03-31,30.990066528320312
2021-04-01,31.372333526611328
2021-04-05,31.618059158325195
2021-04-06,31.554340362548828
2021-04-07,31.709074020385742
2021-04-08,31.718172073364258
2021-04-09,31.991214752197266
2021-04-12,32.12773132324219
2021-04-13,31.8273868560791
2021-04-14,32.018524169921875
2021-04-15,31.991214752197266
2021-04-16,32.2187385559082
2021-04-19,32.12773132324219
2021-04-20,31.527042388916016
2021-04-21,31.963905334472656
2021-04-22,31.60896110534668
2021-04-23,32.20054626464844
2021-04-26,32.327964782714844
2021-04-27,32.58280563354492
2021-04-28,32.710227966308594
2021-04-29,33.2927131652832
2021-04-30,33.00146484375
2021-05-03,33.16529846191406
2021-05-04,33.42922592163086
2021-05-05,33.702266693115234
2021-05-06,34.202842712402344
2021-05-07,34.384864807128906
2021-05-10,34.35755157470703
2021-05-11,33.747779846191406
2021-05-12,33.401920318603516
2021-05-13,33.938907623291016
2021-05-14,34.475887298583984
2021-05-17,34.53958511352539
2021-05-18,34.057220458984375
2021-05-19,33.84788131713867
2021-05-20,33.866085052490234
2021-05-21,34.202842712402344
2021-05-24,34.366676330566406
2021-05-25,34.02082061767578
2021-05-26,34.12092590332031
2021-05-27,34.51228713989258
2021-05-28,34.57600021362305
2021-06-01,34.78533172607422
2021-06-02,34.839935302734375
2021-06-03,34.92184829711914
2021-06-04,35.01285934448242
2021-06-07,34.78533172607422
2021-06-08,34.694305419921875
2021-06-09,34.366676330566406
2021-06-10,33.966209411621094
2021-06-11,34.184635162353516
2021-06-14,33.82968521118164
2021-06-15,33.89339065551758
2021-06-16,33.85698699951172
2021-06-17,32.85584259033203
2021-06-18,32.06402587890625
2021-06-21,32.8123779296875
2021-06-22,32.867210388183594
2021-06-23,32.93117141723633
2021-06-24,33.342350006103516
2021-06-25,33.7443962097168
2021-06-28,33.49769592285156
2021-06-29,33.37889862060547
2021-06-30,33.52510452270508
2021-07-01,33.790077209472656
2021-07-02,33.75353240966797
2021-07-06,33.22356033325195
2021-07-07,33.26925277709961
2021-07-08,32.60222625732422
2021-07-09,33.543365478515625
2021-07-12,33.872314453125
2021-07-13,33.50682067871094
2021-07-14,33.35149383544922
2021-07-15,33.46112823486328
2021-07-16,33.004268646240234
2021-07-19,32.081382751464844
2021-07-20,32.87635040283203
2021-07-21,33.4428596496582
2021-07-22,33.07736587524414
2021-07-23,33.1321907043457
2021-07-26,33.324066162109375
2021-07-27,33.31493377685547
2021-07-28,33.26925277709961
2021-07-29,33.634742736816406
2021-07-30,33.3697624206543
2021-08-02,33.37889862060547
2021-08-03,33.75353240966797
2021-08-04,33.47027587890625
2021-08-05,33.908870697021484
2021-08-06,34.59417724609375
2021-08-09,34.68553924560547
2021-08-10,35.05104446411133
2021-08-11,35.453086853027344
2021-08-12,35.51704788208008
2021-08-13,35.25205993652344
2021-08-16,35.16069412231445
2021-08-17,34.91397476196289
2021-08-18,34.484535217285156
2021-08-19,34.22867965698242
2021-08-20,34.4388313293457
2021-08-23,34.72209167480469
2021-08-24,34.93225860595703
2021-08-25,35.34343338012695
2021-08-26,35.169830322265625
2021-08-27,35.635833740234375
2021-08-30,35.13328552246094
2021-08-31,35.08758544921875
2021-09-01,34.886558532714844
2021-09-02,35.00535202026367
2021-09-03,34.78605270385742
2021-09-07,34.57590103149414
2021-09-08,34.493656158447266
2021-09-09,34.59417724609375
2021-09-10,34.33833312988281
2021-09-13,34.731231689453125
2021-09-14,34.265228271484375
2021-09-15,34.59417724609375
2021-09-16,34.493656158447266
2021-09-17,34.33833312988281
2021-09-20,33.54176712036133
2021-09-21,33.495880126953125
2021-09-22,34.055667877197266
2021-09-23,34.89077377319336
2021-09-24,35.074317932128906
2021-09-27,35.5515251159668
2021-09-28,34.96418762207031
2021-09-29,34.99172592163086
2021-09-30,34.44110870361328
2021-10-01,35.01008987426758
2021-10-04,34.707237243652344
2021-10-05,35.38632583618164
2021-10-06,35.423038482666016
2021-10-07,35.63411331176758
2021-10-08,35.8084716796875
2021-10-11,35.4505729675293
2021-10-12,35.340450286865234
2021-10-13,35.1385612487793
2021-10-14,35.72587966918945
2021-10-15,36.258140563964844
2021-10-18,36.2673225402832
2021-10-19,36.625213623046875
2021-10-20,36.918888092041016
2021-10-21,36.76287078857422
2021-10-22,37.27678680419922
2021-10-25,37.23090362548828
2021-10-26,37.2584342956543
2021-10-27,36.64356994628906
2021-10-28,37.09324645996094
2021-10-29,36.946414947509766
2021-11-01,36.96476745605469
2021-11-02,37.056541442871094
2021-11-03,37.19418716430664
2021-11-04,36.70780563354492
2021-11-05,36.72616958618164
2021-11-08,36.928062438964844
2021-11-09,36.72616958618164
2021-11-10,36.661930084228516
2021-11-11,36.76287078857422
2021-11-12,36.84547424316406
2021-11-15,36.84547424316406
2021-11-16,36.80876922607422
2021-11-17,36.38662338256836
2021-11-18,36.20308303833008
2021-11-19,35.8084716796875
2021-11-22,36.31320571899414
2021-11-23,36.882179260253906
2021-11-24,36.79957962036133
2021-11-26,35.57904815673828
2021-11-29,35.68916320800781
2021-11-30,34.835716247558594
2021-12-01,34.450286865234375
2021-12-02,35.47810745239258
2021-12-03,34.89995193481445
2021-12-06,35.432228088378906
2021-12-07,36.065425872802734
2021-12-08,35.87270736694336
2021-12-09,35.799285888671875
2021-12-10,35.836002349853516
2021-12-13,35.4505729675293
2021-12-14,35.66163635253906
2021-12-15,35.76258850097656
2021-12-16,36.21225357055664
2021-12-17,35.41387176513672
2021-12-20,34.72598648071289
2021-12-21,35.44520568847656
2021-12-22,35.61119079589844
2021-12-23,35.79560470581055
2021-12-27,36.16444396972656
2021-12-28,36.18289566040039
2021-12-29,36.136775970458984
2021-12-30,36.07223892211914
2021-12-31,36.00768280029297
2022-01-03,36.45029067993164
2022-01-04,37.409278869628906
2022-01-05,36.97588348388672
2022-01-06,37.51991271972656
2022-01-07,37.962528228759766
2022-01-10,37.833431243896484
2022-01-11,38.165382385253906
2022-01-12,38.193050384521484
2022-01-13,38.045509338378906
2022-01-14,37.64902114868164
2022-01-18,36.80990982055664
2022-01-19,36.192108154296875
2022-01-20,35.96158218383789
2022-01-21,35.22391128540039
2022-01-24,35.325340270996094
2022-01-25,35.472877502441406
2022-01-26,35.565093994140625
2022-01-27,35.24236297607422
2022-01-28,35.70341110229492
2022-01-31,36.01690673828125
2022-02-01,36.51483154296875
2022-02-02,36.76380157470703
2022-02-03,36.35808181762695
2022-02-04,36.97588348388672
2022-02-07,37.08654022216797
2022-02-08,37.602909088134766
2022-02-09,37.842647552490234
2022-02-10,37.510704040527344
2022-02-11,36.985107421875
2022-02-14,36.570167541503906
2022-02-15,37.06809616088867
2022-02-16,37.09575653076172
2022-02-17,36.17366027832031
2022-02-18,36.16444396972656
2022-02-22,35.98003005981445
2022-02-23,35.352996826171875
2022-02-24,34.9288444519043
2022-02-25,36.05378723144531
2022-02-28,35.51898193359375
2022-03-01,34.2096061706543
2022-03-02,35.09482192993164
2022-03-03,34.984169006347656
2022-03-04,34.32948303222656
2022-03-07,33.075435638427734
2022-03-08,32.881797790527344
2022-03-09,34.089744567871094
2022-03-10,33.803890228271484
2022-03-11,33.564151763916016
2022-03-14,33.988311767578125
2022-03-15,34.467803955078125
2022-03-16,35.43598937988281
2022-03-17,35.87860107421875
2022-03-18,35.96158218383789
2022-03-21,35.926414489746094
2022-03-22,36.50959777832031
2022-03-23,35.83383560180664
2022-03-24,36.12080764770508
2022-03-25,36.583656311035156
2022-03-28,36.48183059692383
2022-03-29,36.56513977050781
2022-03-30,36.30594253540039
2022-03-31,35.472808837890625
2022-04-01,35.38025665283203
2022-04-04,35.22288131713867
2022-04-05,35.0007209777832
2022-04-06,34.760032653808594
2022-04-07,34.722999572753906
2022-04-08,35.074771881103516
2022-04-11,34.91740036010742
2022-04-12,34.53786849975586
2022-04-13,34.53786849975586
2022-04-14,34.14906311035156
2022-04-18,34.352725982666016
2022-04-19,34.824825286865234
2022-04-20,35.06550979614258
2022-04-21,34.51008605957031
2022-04-22,33.4825553894043
2022-04-25,33.53810501098633
2022-04-26,32.69572448730469
2022-04-27,32.667945861816406
2022-04-28,33.08451843261719
2022-04-29,31.945899963378906
2022-05-02,31.955158233642578
2022-05-03,32.37171936035156
2022-05-04,33.36222457885742
2022-05-05,32.390235900878906
2022-05-06,32.1588134765625
2022-05-09,31.39047622680664
2022-05-10,31.112768173217773
2022-05-11,30.82579803466797
2022-05-12,30.594379425048828
2022-05-13,31.038713455200195
2022-05-16,30.77952003479004
2022-05-17,31.603384017944336
2022-05-18,30.733232498168945
2022-05-19,30.529577255249023
2022-05-20,30.474035263061523
2022-05-23,31.464536666870117
2022-05-24,31.39973258972168
2022-05-25,31.649673461914062
2022-05-26,32.380977630615234
2022-05-27,32.92713928222656
2022-05-31,32.834571838378906
2022-06-01,32.306922912597656
2022-06-02,32.75126266479492
2022-06-03,32.27915573120117
2022-06-06,32.37171936035156
2022-06-07,32.62165451049805
2022-06-08,32.04772186279297
2022-06-09,31.242368698120117
2022-06-10,30.11301040649414
2022-06-13,29.215084075927734
2022-06-14,28.965145111083984
2022-06-15,29.289142608642578
2022-06-16,28.548583984375
2022-06-17,28.631895065307617
2022-06-21,29.20330810546875
2022-06-22,29.138158798217773
2022-06-23,29.02648162841797
2022-06-24,30.096710205078125
2022-06-27,29.99434471130371
2022-06-28,29.69654083251953
2022-06-29,29.52902603149414
2022-06-30,29.268447875976562
2022-07-01,29.668621063232422
2022-07-05,29.566253662109375
2022-07-06,29.49180030822754
2022-07-07,29.919893264770508
2022-07-08,29.854747772216797
2022-07-11,29.61278533935547
2022-07-12,29.426652908325195
2022-07-13,29.16608238220215
2022-07-14,28.607698440551758
2022-07-15,29.575559616088867
2022-07-18,29.463882446289062
2022-07-19,30.34798812866211
2022-07-20,30.45966339111328
2022-07-21,30.655092239379883
2022-07-22,30.478273391723633
2022-07-25,30.673707962036133
2022-07-26,30.24561309814453
2022-07-27,30.710927963256836
2022-07-28,30.934280395507812
2022-07-29,31.371679306030273
2022-08-01,31.111103057861328
2022-08-02,30.766769409179688
2022-08-03,31.232088088989258
2022-08-04,31.12972068786621
2022-08-05,31.353063583374023
2022-08-08,31.334457397460938
2022-08-09,31.492664337158203
2022-08-10,32.199947357177734
2022-08-11,32.58150863647461
2022-08-12,33.09335708618164
2022-08-15,33.08404541015625
2022-08-16,33.32601547241211
2022-08-17,33.15849685668945
2022-08-18,33.19572830200195
2022-08-19,32.534976959228516
2022-08-22,31.818384170532227
2022-08-23,31.688100814819336
2022-08-24,31.855607986450195
2022-08-25,32.348838806152344
2022-08-26,31.38098907470703
2022-08-29,31.157638549804688
2022-08-30,30.99011993408203
2022-08-31,30.75746726989746
2022-09-01,30.850522994995117
2022-09-02,30.608564376831055
2022-09-06,30.53411293029785
2022-09-07,31.139019012451172
2022-09-08,31.688100814819336
2022-09-09,31.976600646972656
2022-09-12,32.2371711730957
2022-09-13,31.036651611328125
2022-09-14,30.943592071533203
2022-09-15,31.04596519470215
2022-09-16,30.766769409179688
2022-09-19,31.1157283782959
2022-09-20,30.65731430053711
2022-09-21,30.02115821838379
2022-09-22,29.515968322753906
2022-09-23,29.04820442199707
2022-09-26,28.589794158935547
2022-09-27,28.46817398071289
2022-09-28,29.029495239257812
2022-09-29,28.664636611938477
2022-09-30,28.40268898010254
2022-10-03,29.169822692871094
2022-10-04,30.25503921508789
2022-10-05,30.02115821838379
2022-10-06,29.60016441345215
2022-10-07,28.898515701293945
2022-10-10,28.767545700073242
2022-10-11,28.40268898010254
2022-10-12,28.337200164794922
2022-10-13,29.506610870361328
2022-10-14,29.010780334472656
2022-10-17,29.74049186706543
2022-10-18,30.217615127563477
2022-10-19,29.721784591674805
2022-10-20,29.244665145874023
2022-10-21,30.114707946777344
2022-10-24,30.516983032226562
2022-10-25,30.88184356689453
2022-10-26,30.956687927246094
2022-10-27,31.20927619934082
2022-10-28,31.985767364501953
2022-10-31,31.789304733276367
2022-11-01,31.87350845336914
2022-11-02,31.471223831176758
2022-11-03,31.15314292907715
2022-11-04,31.72381019592285
2022-11-07,32.041900634765625
2022-11-08,32.22901153564453
2022-11-09,31.68639373779297
2022-11-10,33.28614807128906
2022-11-11,33.557456970214844
2022-11-14,33.08033752441406
2022-11-15,33.15517807006836
2022-11-16,32.99613571166992
2022-11-17,32.81838607788086
2022-11-18,33.089691162109375
2022-11-21,33.192596435546875
2022-11-22,33.52939224243164
2022-11-23,33.66971969604492
2022-11-25,33.781986236572266
2022-11-28,33.20195770263672
2022-11-29,33.398414611816406
2022-11-30,33.96908950805664
2022-12-01,33.772621154785156
2022-12-02,33.61358642578125
2022-12-05,32.78096389770508
2022-12-06,32.49095153808594
2022-12-07,32.35997009277344
2022-12-08,32.38804244995117
2022-12-09,32.3038444519043
2022-12-12,32.734188079833984
2022-12-13,32.81838607788086
2022-12-14,32.40675735473633
2022-12-15,31.770593643188477
2022-12-16,31.527353286743164
2022-12-19,31.4426326751709
2022-12-20,31.574424743652344
2022-12-21,32.063961029052734
2022-12-22,31.78152847290039
2022-12-23,31.960399627685547
2022-12-27,31.950977325439453
2022-12-28,31.83802032470703
2022-12-29,32.28046798706055
2022-12-30,32.195743560791016
2023-01-03,32.308719635009766
2023-01-04,32.826480865478516
2023-01-05,32.58171844482422
2023-01-06,33.30659103393555
2023-01-09,33.1842155456543
2023-01-10,33.372493743896484
2023-01-11,33.68315124511719
2023-01-12,33.749053955078125
2023-01-13,34.00322723388672
2023-01-17,33.77730178833008
2023-01-18,33.146549224853516
2023-01-19,32.760581970214844
2023-01-20,33.27835464477539
2023-01-23,33.664329528808594
2023-01-24,33.68315124511719
2023-01-25,33.946746826171875
2023-01-26,34.12560272216797
2023-01-27,34.12560272216797
2023-01-30,33.956153869628906
2023-01-31,34.41744613647461
2023-02-01,34.41744613647461
2023-02-02,34.5115852355957
2023-02-03,34.445682525634766
2023-02-06,34.4362678527832
2023-02-07,34.83165740966797
2023-02-08,34.624542236328125
2023-02-09,34.23856735229492
2023-02-10,34.35154724121094
2023-02-13,34.74692153930664
2023-02-14,34.55864715576172
2023-02-15,34.596309661865234
2023-02-16,34.247989654541016
2023-02-17,34.25740432739258
2023-02-21,33.551361083984375
2023-02-22,33.51369857788086
2023-02-23,33.54194641113281
2023-02-24,33.57018280029297
2023-02-27,33.56076431274414
2023-02-28,33.626670837402344
2023-03-01,33.51369857788086
2023-03-02,33.35367202758789
2023-03-03,33.88084411621094
2023-03-06,33.90909194946289
2023-03-07,33.0335807800293
2023-03-08,32.91120910644531
2023-03-09,31.574424743652344
2023-03-10,31.000173568725586
2023-03-13,29.776357650756836
2023-03-14,30.378856658935547
2023-03-15,29.569250106811523
2023-03-16,30.13408851623535
2023-03-17,29.16444969177246
2023-03-20,29.488956451416016
2023-03-21,30.236345291137695
2023-03-22,29.5362548828125
2023-03-23,29.337581634521484
2023-03-24,29.318660736083984
2023-03-27,29.7254695892334
2023-03-28,29.71601104736328
2023-03-29,30.151203155517578
2023-03-30,30.084976196289062
2023-03-31,30.41610336303711
2023-04-03,30.472864151000977
2023-04-04,30.189041137695312
2023-04-05,30.151203155517578
2023-04-06,30.264728546142578
2023-04-10,30.330955505371094
2023-04-11,30.595848083496094
2023-04-12,30.529626846313477
2023-04-13,30.80398941040039
2023-04-14,31.10672950744629
2023-04-17,31.466230392456055
2023-04-18,31.560840606689453
2023-04-19,31.636526107788086
2023-04-20,31.54192543029785
2023-04-21,31.42839813232422
2023-04-24,31.352712631225586
2023-04-25,30.81344985961914
2023-04-26,30.520166397094727
2023-04-27,31.012126922607422
2023-04-28,31.381086349487305
2023-05-01,31.29594612121582
2023-05-02,30.58639144897461
2023-05-03,30.236345291137695
2023-05-04,29.84845542907715
2023-05-05,30.58639144897461
2023-05-08,30.633695602416992
2023-05-09,30.520166397094727
2023-05-10,30.349876403808594
2023-05-11,30.302570343017578
2023-05-12,30.179582595825195
2023-05-15,30.425556182861328
2023-05-16,30.141740798950195
2023-05-17,30.74722671508789
2023-05-18,30.97428321838379
2023-05-19,30.841827392578125
2023-05-22,30.898590087890625
2023-05-23,30.539087295532227
2023-05-24,30.141740798950195
2023-05-25,30.132282257080078
2023-05-26,30.37825584411621
2023-05-30,30.368797302246094
2023-05-31,30.04713249206543
2023-06-01,30.368797302246094
2023-06-02,31.03104591369629
2023-06-05,30.87021255493164
2023-06-06,31.258102416992188
2023-06-07,31.381086349487305
2023-06-08,31.352712631225586
2023-06-09,31.36216926574707
2023-06-12,31.352712631225586
2023-06-13,31.54192543029785
2023-06-14,31.41893196105957
2023-06-15,31.835201263427734
2023-06-16,31.768978118896484
2023-06-20,31.531396865844727
2023-06-21,31.493389129638672
2023-06-22,31.24630355834961
2023-06-23,31.113265991210938
2023-06-26,31.04673957824707
2023-06-27,31.293819427490234
2023-06-28,31.217790603637695
2023-06-29,31.75947380065918
2023-06-30,32.03506088256836
2023-07-03,32.21562576293945
2023-07-05,32.14910888671875
2023-07-06,31.873512268066406
2023-07-07,31.921030044555664
2023-07-10,32.063575744628906
2023-07-11,32.44369888305664
2023-07-12,32.65277099609375
2023-07-13,32.76681137084961
2023-07-14,32.5482292175293
2023-07-17,32.86183166503906
2023-07-18,33.23245620727539
2023-07-19,33.374996185302734
2023-07-20,33.62208938598633
2023-07-21,33.508056640625
2023-07-24,33.83116149902344
2023-07-25,33.612586975097656
2023-07-26,33.812156677246094
2023-07-27,33.3845100402832
2023-07-28,33.45103454589844
2023-07-31,33.574581146240234
2023-08-01,33.574581146240234
2023-08-02,33.28947830200195
2023-08-03,33.30848693847656
2023-08-04,33.175445556640625
2023-08-07,33.64109802246094
2023-08-08,33.336997985839844
2023-08-09,33.08991241455078
2023-08-10,33.11841583251953
2023-08-11,33.184940338134766
2023-08-14,33.11841583251953
2023-08-15,32.51021957397461
2023-08-16,32.46270751953125
2023-08-17,32.301151275634766
2023-08-18,32.29165267944336
2023-08-21,32.253639221191406
2023-08-22,31.94953727722168
2023-08-23,32.26313781738281
2023-08-24,32.14910888671875
2023-08-25,32.301151275634766
2023-08-28,32.48172378540039
2023-08-29,32.77631378173828
2023-08-30,32.79530715942383
2023-08-31,32.67177963256836
2023-09-01,32.966373443603516
2023-09-05,32.633766174316406
2023-09-06,32.6147575378418
2023-09-07,32.52922439575195
2023-09-08,32.59574890136719
2023-09-11,32.747798919677734
2023-09-12,32.966373443603516
2023-09-13,32.966373443603516
2023-09-14,33.27047348022461
2023-09-15,33.099422454833984
2023-09-18,33.19010543823242
2023-09-19,33.15191650390625
2023-09-20,32.92282485961914
2023-09-21,32.378719329833984
2023-09-22,32.13053894042969
2023-09-25,32.2069091796875
2023-09-26,31.7773494720459
2023-09-27,31.729623794555664
2023-09-28,31.958709716796875
2023-09-29,31.662797927856445
2023-10-02,31.395524978637695
2023-10-03,30.899152755737305
2023-10-04,31.128250122070312
2023-10-05,31.271427154541016
2023-10-06,31.538707733154297
2023-10-09,31.557802200317383
2023-10-10,31.78689956665039
2023-10-11,31.834619522094727
2023-10-12,31.63416862487793
2023-10-13,31.700984954833984
2023-10-16,32.03507995605469
2023-10-17,32.18781280517578
2023-10-18,31.63416862487793
2023-10-19,31.214162826538086
2023-10-20,30.736879348754883
2023-10-23,30.54596519470215
2023-10-24,30.755970001220703
2023-10-25,30.64141845703125
2023-10-26,30.574600219726562
2023-10-27,30.020957946777344
2023-10-30,30.555509567260742
2023-10-31,30.889610290527344
2023-11-01,31.090063095092773
2023-11-02,31.825082778930664
2023-11-03,32.245079040527344
2023-11-06,32.14962387084961
2023-11-07,32.10190200805664
2023-11-08,32.140079498291016
2023-11-09,32.006446838378906
2023-11-10,32.369178771972656
2023-11-13,32.32145309448242
2023-11-14,32.932369232177734
2023-11-15,33.113739013671875
2023-11-16,33.24737548828125
2023-11-17,33.419189453125
2023-11-20,33.55284118652344
2023-11-21,33.53373718261719
2023-11-22,33.667388916015625
2023-11-24,33.77238082885742
2023-11-27,33.6578369140625
2023-11-28,33.64828872680664
2023-11-29,33.88692855834961
2023-11-30,34.268760681152344
2023-12-01,34.526485443115234
2023-12-04,34.48830032348633
2023-12-05,34.31647872924805
2023-12-06,34.14466857910156
2023-12-07,34.30693054199219
2023-12-08,34.48830032348633
2023-12-11,34.69830322265625
2023-12-12,34.946495056152344
2023-12-13,35.50968551635742
2023-12-14,35.86286926269531
2023-12-15,35.652862548828125
2023-12-18,35.771820068359375
2023-12-19,36.04042434692383
2023-12-20,35.397705078125
2023-12-21,35.743038177490234
2023-12-22,35.81978225708008
2023-12-26,35.96367645263672
2023-12-27,36.07878875732422
2023-12-28,36.1843147277832
2023-12-29,36.06919860839844
2024-01-02,36.22268295288086
2024-01-03,35.915714263916016
2024-01-04,36.05960464477539
2024-01-05,36.21308898925781
2024-01-08,36.44332504272461
2024-01-09,36.21308898925781
2024-01-10,36.27064895629883
2024-01-11,36.1363525390625
2024-01-12,36.06919860839844
2024-01-16,35.81978225708008
2024-01-17,35.75263214111328
2024-01-18,35.81018829345703
2024-01-19,36.385765075683594
2024-01-22,36.55843734741211
2024-01-23,36.61599349975586
2024-01-24,36.759883880615234
2024-01-25,36.94215393066406
2024-01-26,37.07645797729492
2024-01-29,37.17237854003906
2024-01-30,37.64242935180664
2024-01-31,37.181976318359375
2024-02-01,37.239524841308594
2024-02-02,37.39301681518555
2024-02-05,37.17237854003906
2024-02-06,37.24912643432617
2024-02-07,37.527313232421875
2024-02-08,37.3834342956543
2024-02-09,37.48894119262695
2024-02-12,37.66161346435547
2024-02-13,37.153194427490234
2024-02-14,37.50813674926758
2024-02-15,38.15086364746094
2024-02-16,38.01655960083008
2024-02-20,37.91102981567383
2024-02-21,38.026145935058594
2024-02-22,38.4674186706543
2024-02-23,38.65927505493164
2024-02-26,38.4674186706543
2024-02-27,38.57292938232422
2024-02-28,38.716835021972656
2024-02-29,38.69764709472656
2024-03-01,38.649681091308594
2024-03-04,38.74560546875
2024-03-05,38.75520706176758
2024-03-06,38.9566535949707
2024-03-07,38.899085998535156
2024-03-08,38.966243743896484
2024-03-11,39.03339767456055
2024-03-12,39.196475982666016
2024-03-13,39.48426055908203
2024-03-14,39.167701721191406
2024-03-15,39.12932586669922
2024-03-18,39.353675842285156
2024-03-19,39.5462646484375
2024-03-20,40.01808547973633
2024-03-21,40.34546661376953
2024-03-22,39.883277893066406
2024-03-25,39.72920608520508
2024-03-26,39.86402130126953
2024-03-27,40.335838317871094
2024-03-28,40.557308197021484
2024-04-01,40.335838317871094
2024-04-02,40.124000549316406
2024-04-03,40.10474395751953
2024-04-04,39.65218734741211
2024-04-05,40.0277099609375
2024-04-08,40.20103073120117
2024-04-09,39.969932556152344
2024-04-10,39.37294006347656
2024-04-11,39.09369659423828
2024-04-12,38.5737419128418
2024-04-15,38.38115692138672
2024-04-16,38.12117385864258
2024-04-17,38.21745681762695
2024-04-18,38.35226821899414
2024-04-19,38.88186264038086
2024-04-22,39.353675842285156
2024-04-23,39.60403060913086
2024-04-24,39.59440612792969
2024-04-25,39.363311767578125
2024-04-26,39.30553436279297
2024-04-29,39.24776077270508
2024-04-30,38.86260223388672
2024-05-01,38.86260223388672
2024-05-02,38.95889663696289
2024-05-03,39.04555130004883
2024-05-06,39.5462646484375
2024-05-07,39.681068420410156
2024-05-08,39.82551193237305
2024-05-09,40.124000549316406
2024-05-10,40.27806854248047
2024-05-13,40.1143684387207
2024-05-14,40.31658172607422
2024-05-15,40.61507797241211
2024-05-16,40.61507797241211
2024-05-17,40.91358184814453
2024-05-20,40.35509490966797
2024-05-21,40.61507797241211
2024-05-22,40.38397979736328
2024-05-23,39.82551193237305
2024-05-24,40.06622314453125
2024-05-28,39.623294830322266
2024-05-29,39.30553436279297
2024-05-30,39.51737594604492
2024-05-31,40.09511947631836
2024-06-03,39.844757080078125
2024-06-04,39.661808013916016
2024-06-05,39.7773551940918
2024-06-06,39.75810241699219
2024-06-07,39.9410514831543
2024-06-10,39.786983489990234
2024-06-11,39.33442306518555
2024-06-12,39.29590606689453
2024-06-13,39.26702117919922
2024-06-14,39.141845703125
2024-06-17,39.48848342895508
2024-06-18,39.73884582519531
2024-06-20,39.950679779052734
2024-06-21,39.7966194152832
2024-06-24,40.205528259277344
2024-06-25,39.90584945678711
2024-06-26,39.65450668334961
2024-06-27,39.60617446899414
2024-06-28,39.74150848388672
2024-07-01,39.828521728515625
2024-07-02,40.292537689208984
2024-07-03,40.16686248779297
2024-07-05,40.157196044921875
2024-07-08,40.05086135864258
2024-07-09,40.360206604003906
2024-07-10,40.514888763427734
2024-07-11,40.833892822265625
2024-07-12,40.96923828125
2024-07-15,41.56859588623047
2024-07-16,42.04228973388672
2024-07-17,42.36130142211914
2024-07-18,41.848941802978516
2024-07-19,41.423587799072266
2024-07-22,41.655601501464844
2024-07-23,41.732940673828125
2024-07-24,41.16258239746094
2024-07-25,41.317256927490234
2024-07-26,41.96495819091797
2024-07-29,41.90694808959961
2024-07-30,42.39030075073242
2024-07-31,42.28396224975586
2024-08-01,41.684608459472656
2024-08-02,40.65988540649414
2024-08-05,39.480499267578125
2024-08-06,40.1185302734375
2024-08-07,40.16686248779297
2024-08-08,40.81455993652344
2024-08-09,40.98857498168945
2024-08-12,40.77589797973633
2024-08-13,41.11424255371094
2024-08-14,41.61692810058594
2024-08-15,42.00362014770508
2024-08-16,42.31296157836914
2024-08-19,42.54497146606445
2024-08-20,42.40964126586914
2024-08-21,42.34196853637695
2024-08-22,42.583648681640625
2024-08-23,42.95100021362305
2024-08-26,43.086334228515625
2024-08-27,43.308677673339844
2024-08-28,43.415016174316406
2024-08-29,43.801700592041016
2024-08-30,44.21739196777344
2024-09-03,43.888710021972656
2024-09-04,43.93704605102539
2024-09-05,43.45368576049805
2024-09-06,42.81565856933594
2024-09-09,43.45368576049805
2024-09-10,43.00899887084961
2024-09-11,42.80598831176758
2024-09-12,42.90266036987305
2024-09-13,43.02833557128906
2024-09-16,43.589027404785156
2024-09-17,43.821041107177734
2024-09-18,43.68569564819336
2024-09-19,44.169044494628906
2024-09-20,44.14004898071289
2024-09-23,44.08668518066406
2024-09-24,43.7180061340332
2024-09-25,43.4560432434082
2024-09-26,43.679195404052734
2024-09-27,43.80532455444336
2024-09-30,43.97026443481445
2024-10-01,43.73741912841797
2024-10-02,43.78592300415039
2024-10-03,43.553070068359375
2024-10-04,44.29043197631836
2024-10-07,43.74711608886719
2024-10-08,43.99936294555664
2024-10-09,44.4068603515625
2024-10-10,44.271026611328125
2024-10-11,45.12481689453125
2024-10-14,45.406185150146484
2024-10-15,45.50320053100586
2024-10-16,46.06593322753906
2024-10-17,46.19205856323242
2024-10-18,46.20175552368164
2024-10-21,45.83308029174805
2024-10-22,45.745758056640625
2024-10-23,45.70695495605469
2024-10-24,45.745758056640625
2024-10-25,45.241249084472656
2024-10-28,45.80397033691406
2024-10-29,45.52260971069336
2024-10-30,45.72635269165039
2024-10-31,45.0957145690918
2024-11-01,45.25094223022461
2024-11-04,44.901668548583984
2024-11-05,45.31886291503906
2024-11-06,48.074275970458984
2024-11-07,47.29811096191406
2024-11-08,47.72500228881836
2024-11-11,48.404151916503906
2024-11-12,48.25862503051758
2024-11-13,48.2877311706543
2024-11-14,48.16160583496094
2024-11-15,48.3847541809082
2024-11-18,48.53028106689453
2024-11-19,48.210105895996094
2024-11-20,48.0645751953125
2024-11-21,48.67581558227539
2024-11-22,49.219139099121094
2024-11-25,49.53931427001953
2024-11-26,49.636329650878906
2024-11-27,49.73334884643555
2024-11-29,49.810970306396484
2024-12-02,49.316158294677734
2024-12-03,48.94747543334961
2024-12-04,48.76313400268555
2024-12-05,48.90867233276367
2024-12-06,48.89896774291992
2024-12-09,48.229515075683594
2024-12-10,48.219810485839844
2024-12-11,48.31683349609375
2024-12-12,48.103389739990234
2024-12-13,48.0645751953125
2024-12-16,47.977264404296875
2024-12-17,47.6376838684082
2024-12-18,46.211463928222656
2024-12-19,46.37640380859375
2024-12-20,47.06526184082031
2024-12-23,47.17827606201172
2024-12-24,47.73366165161133
2024-12-26,47.8505859375
2024-12-27,47.49981689453125
2024-12-30,47.041873931884766
2024-12-31,47.0905876159668
2025-01-02,46.97366714477539
2025-01-03,47.34391784667969
2025-01-06,47.1977653503418
2025-01-07,47.0905876159668
2025-01-08,47.246482849121094
2025-01-10,46.10648727416992
2025-01-13,46.437767028808594
2025-01-14,47.01264190673828
2025-01-15,48.211097717285156
2025-01-16,48.53263473510742
2025-01-17,48.941864013671875
2025-01-21,49.35109329223633
2025-01-22,49.11724853515625
2025-01-23,49.39981460571289
2025-01-24,49.545963287353516
2025-01-27,50.09160232543945
2025-01-28,50.003910064697266
2025-01-29,49.964935302734375
2025-01-30,50.44236755371094
2025-01-31,50.15006637573242
2025-02-03,49.9454460144043
2025-02-04,49.82852554321289
2025-02-05,50.354679107666016
2025-02-06,50.773651123046875
2025-02-07,50.491085052490234
2025-02-10,50.09160232543945
2025-02-11,50.21826934814453
2025-02-12,50.04288101196289
2025-02-13,50.374168395996094
2025-02-14,50.471595764160156
2025-02-18,50.83211135864258
2025-02-19,50.85159683227539
2025-02-20,50.072113037109375
2025-02-21,49.44852828979492
2025-02-24,49.66288375854492
2025-02-25,49.653141021728516
2025-02-26,49.545963287353516
2025-02-27,49.818782806396484
2025-02-28,50.841854095458984
2025-03-03,50.413143157958984
2025-03-04,48.639808654785156
2025-03-05,48.9223747253418
2025-03-06,48.11366653442383
2025-03-07,47.86033248901367
2025-03-10,46.78853988647461
2025-03-11,46.38905334472656
2025-03-12,46.45725631713867
2025-03-13,46.20392608642578
2025-03-14,47.27571105957031
2025-03-17,47.83109664916992
2025-03-18,47.77263641357422
2025-03-19,48.298789978027344
2025-03-20,48.36699295043945
2025-03-21,48.191612243652344
2025-03-24,49.04140090942383
2025-03-25,49.31521224975586
2025-03-26,49.16852569580078
2025-03-27,49.070735931396484
2025-03-28,48.1221809387207
2025-03-31,48.70891571044922
2025-04-01,48.65024185180664
2025-04-02,49.05117416381836
2025-04-03,46.63577651977539
2025-04-04,43.22292709350586
2025-04-07,43.1153564453125
2025-04-08,42.94911575317383
2025-04-09,46.185951232910156
2025-04-10,44.895118713378906
2025-04-11,45.63832473754883
2025-04-14,46.10771942138672
2025-04-15,46.225067138671875
2025-04-16,45.50141906738281
2025-04-17,45.61876678466797
2025-04-21,44.64087677001953
2025-04-22,46.11749267578125
2025-04-23,46.66511917114258
2025-04-24,47.18339920043945
2025-04-25,46.9584846496582
2025-04-28,47.105167388916016
2025-04-29,47.59410858154297
2025-04-30,47.682125091552734
2025-05-01,47.67234802246094
2025-05-02,48.6600227355957
2025-05-05,48.34709548950195
2025-05-06,48.07328796386719
2025-05-07,48.356876373291016
2025-05-08,48.7578125
2025-05-09,48.7578125
2025-05-12,49.7454833984375
2025-05-13,49.950843811035156
2025-05-14,49.81393814086914
2025-05-15,50.146419525146484
2025-05-16,50.44956588745117
2025-05-19,50.478904724121094
2025-05-20,50.2050895690918
2025-05-21,49.17830276489258
2025-05-22,49.119632720947266
2025-05-23,48.94361114501953
2025-05-27,49.80415725708008
2025-05-28,49.47167205810547
2025-05-29,49.725929260253906
2025-05-30,49.833492279052734
2025-06-02,49.85305404663086
2025-06-03,49.950843811035156
2025-06-04,49.66725158691406
2025-06-05,49.53034973144531
2025-06-06,50.146419525146484
2025-06-09,49.87260818481445
2025-06-10,49.93128204345703
2025-06-11,49.87260818481445
2025-06-12,49.87260818481445
2025-06-13,48.8556022644043
2025-06-16,49.41299819946289
2025-06-17,49.12941360473633
2025-06-18,49.1098518371582
2025-06-20,49.24675369262695
2025-06-23,49.866905212402344
2025-06-24,50.612648010253906
2025-06-25,50.44583511352539
2025-06-26,50.8187141418457
2025-06-27,50.96590042114258
2025-06-30,51.38783645629883
2025-07-01,51.67239761352539
2025-07-02,51.633148193359375
2025-07-03,52.19245910644531
2025-07-07,51.692020416259766
2025-07-08,51.2308349609375
2025-07-09,51.41727066040039
2025-07-10,51.721458435058594
2025-07-11,51.1817741394043
2025-07-14,51.56446075439453
2025-07-15,50.68134307861328
2025-07-16,51.034584045410156
2025-07-17,51.525211334228516
2025-07-18,51.554649353027344
2025-07-21,51.40745544433594
2025-07-22,51.692020416259766
2025-07-23,52.10414123535156
2025-07-24,52.074710845947266
2025-07-25,52.437767028808594
2025-07-28,52.074710845947266
2025-07-29,51.80976486206055
2025-07-30,51.71164321899414
2025-07-31,51.38783645629883
2025-08-01,50.436031341552734
2025-08-04,50.93646240234375
2025-08-05,50.73039627075195
2025-08-06,50.975711822509766
2025-08-07,50.406585693359375
2025-08-08,50.877586364746094
2025-08-11,50.85795974731445
2025-08-12,51.47614669799805
2025-08-13,51.77051544189453
2025-08-14,52.015830993652344
2025-08-15,51.47614669799805
2025-08-18,51.51539611816406
2025-08-19,51.613521575927734
2025-08-20,51.878456115722656
2025-08-21,51.71164321899414
2025-08-22,52.565330505371094
2025-08-25,52.261138916015625
2025-08-26,52.6634521484375
2025-08-27,52.771385192871094
2025-08-28,52.8400764465332
2025-08-29,52.977455139160156
2025-09-02,52.58495330810547
2025-09-03,52.49664306640625
2025-09-04,53.046138763427734
2025-09-05,52.074710845947266
2025-09-08,52.11396026611328
2025-09-09,52.33964157104492
2025-09-10,52.16302490234375
2025-09-11,53.016700744628906
2025-09-12,52.791015625
2025-09-15,52.67326736450195
2025-09-16,52.555519104003906
2025-09-17,53.06576919555664
2025-09-18,53.114830017089844
2025-09-19,53.23257827758789
2025-09-22,53.16169738769531
2025-09-23,52.925418853759766
2025-09-24,52.77775573730469
2025-09-25,52.63992691040039
2025-09-26,53.023868560791016
2025-09-29,53.28968048095703
2025-09-30,53.03371047973633
2025-10-01,52.561161041259766
2025-10-02,52.521785736083984
2025-10-03,52.886043548583984
2025-10-06,52.86634826660156
2025-10-07,52.93526840209961
2025-10-08,52.679298400878906
2025-10-09,52.492252349853516
2025-10-10,51.35026168823242
2025-10-13,51.842498779296875
2025-10-14,52.41349411010742
2025-10-15,52.41349411010742
2025-10-16,50.95646667480469
2025-10-17,51.36995315551758
2025-10-20,51.970481872558594
2025-10-21,51.911407470703125
2025-10-22,51.616065979003906
2025-10-23,51.724361419677734
2025-10-24,52.28551483154297
2025-10-27,52.502098083496094
2025-10-28,52.16737747192383
2025-10-29,51.281349182128906
2025-10-30,51.41917037963867
2025-10-31,51.55699920654297
2025-11-03,51.340415954589844
2025-11-04,51.60622024536133
2025-11-05,51.78342819213867
2025-11-06,51.596378326416016
2025-11-07,51.96063232421875
2025-11-10,52.14768600463867
2025-11-11,52.38395690917969
2025-11-12,52.836814880371094
2025-11-13,52.157527923583984
2025-11-14,51.63575744628906
2025-11-17,50.65127944946289
2025-11-18,50.5725212097168
2025-11-19,50.75957489013672
2025-11-20,50.31656265258789
2025-11-21,50.86786651611328
2025-11-24,51.084449768066406
2025-11-25,51.724361419677734
2025-11-26,52.127994537353516
2025-11-28,52.502098083496094
2025-12-01,52.06892395019531
2025-12-02,52.01969909667969
2025-12-03,52.71868133544922
2025-12-04,52.82697296142578
2025-12-05,52.84666442871094
2025-12-08,52.6497688293457
2025-12-09,52.4528694152832
2025-12-10,53.05340576171875
2025-12-11,54.0181884765625
2025-12-12,54.096946716308594
2025-12-15,54.136329650878906
2025-12-16,53.7917594909668
2025-12-17,53.781917572021484
2025-12-18,53.69331359863281
2025-12-19,53.988651275634766
2025-12-22,54.651546478271484
2025-12-23,54.76021957397461
2025-12-24,55.05659103393555
2025-12-26,54.94791793823242
2025-12-29,54.651546478271484
2025-12-30,54.51323699951172
2025-12-31,54.108192443847656
2026-01-02,54.266258239746094
2026-01-05,55.45176315307617
2026-01-06,55.71849822998047
2026-01-07,54.938045501708984
2026-01-08,55.22453689575195
2026-01-09,55.05659103393555
2026-01-12,54.621910095214844
2026-01-13,53.57471466064453
2026-01-14,53.49568557739258
2026-01-15,53.7130241394043
2026-01-16,53.78218078613281
2026-01-20,52.557167053222656
2026-01-21,52.814022064208984
2026-01-22,53.159793853759766
2026-01-23,52.42873764038086
2026-01-26,52.764625549316406
2026-01-27,52.359580993652344
2026-01-28,52.34970474243164
2026-01-29,52.90293502807617
2026-01-30,52.79426574707031
2026-02-02,53.377132415771484
2026-02-03,52.883174896240234
2026-02-04,53.307979583740234
2026-02-05,52.64607620239258
2026-02-06,53.60435485839844
2026-02-09,53.2882194519043
2026-02-10,52.90293502807617
2026-02-11,52.102725982666016
2026-02-12,51.065406799316406
2026-02-13,51.02589797973633
2026-02-17,51.56924819946289
2026-02-18,51.95453643798828
2026-02-19,51.51985168457031
2026-02-20,51.85574722290039
2026-02-23,50.117008209228516
2026-02-24,50.363990783691406
2026-02-25,51.24323272705078
2026-02-26,51.865623474121094
2026-02-27,50.80855178833008
2026-03-02,50.680118560791016
2026-03-03,50.591209411621094
2026-03-04,50.87770462036133
2026-03-05,50.61096954345703
2026-03-06,49.958946228027344
2026-03-09,49.72184371948242
2026-03-10,49.455108642578125
2026-03-11,49.04018020629883
2026-03-12,48.23997116088867
2026-03-13,48.29924392700195
2026-03-16,48.704288482666016
2026-03-17,48.961151123046875
2026-03-18,48.37827682495117
2026-03-19,48.39803695678711
2026-03-20,48.4869499206543
2026-03-23,48.92485809326172
2026-03-24,48.93478775024414
2026-03-25,48.99436569213867
2026-03-26,48.706398010253906
2026-03-27,47.4750862121582
2026-03-30,48.02123260498047
2026-03-31,49.02415466308594
2026-04-01,49.093666076660156
2026-04-02,49.18303680419922
2026-04-06,49.53058624267578
2026-04-07,49.53058624267578
2026-04-08,50.841339111328125
2026-04-09,50.970428466796875
2026-04-10,50.41434860229492
2026-04-13,51.29811477661133
2026-04-14,51.41727066040039
2026-04-15,51.804542541503906
2026-04-16,51.66551971435547
2026-04-17,52.062721252441406
2026-04-20,52.261322021484375
2026-04-21,51.933631896972656
2026-04-22,51.844261169433594
2026-04-23,51.4371337890625
2026-04-24,51.05979537963867
2026-04-27,51.44706726074219
2026-04-28,51.486785888671875
2026-04-29,51.55629348754883
2026-04-30,51.76482391357422
2026-05-01,51.55629348754883
2026-05-04,51.21867752075195
2026-05-05,51.228607177734375
2026-05-06,51.47685623168945
2026-05-07,51.18888473510742
2026-05-08,50.88106155395508
2026-05-11,50.821475982666016
2026-05-12,51.21867752075195
2026-05-13,50.6328125
2026-05-14,50.93070602416992
2026-05-15,50.742034912109375
2026-05-18,51.37755584716797
2026-05-19,50.742034912109375
2026-05-20,51.29811477661133
2026-05-21,51.36762619018555
2026-05-22,51.576148986816406
2026-05-26,51.486785888671875
2026-05-27,51.05979537963867
2026-05-28,50.91084671020508
2026-05-29,51.21867752075195
2026-06-01,51.06972885131836
2026-06-02,51.09951400756836
2026-06-03,50.513648986816406
2026-06-04,51.82440185546875
2026-06-05,51.933631896972656
2026-06-08,51.6059455871582
2026-06-09,52.09251022338867
2026-06-10,51.86412048339844
2026-06-11,52.25138854980469
2026-06-12,52.966346740722656
2026-06-15,53.18480682373047
2026-06-16,53.969268798828125
2026-06-17,53.67137145996094
2026-06-18,53.19473648071289
2026-06-22,53.510616302490234
2026-06-23,53.68998336791992
2026-06-24,53.530548095703125
2026-06-25,53.261497497558594
2026-06-26,53.38107681274414
2026-06-29,53.530548095703125
2026-06-30,53.420936584472656
2026-07-01,54.58680725097656
2026-07-02,55.42384338378906
2026-07-06,55.942012786865234
2026-07-07,55.85232925415039
2026-07-08,54.77613830566406
2026-07-09,55.3441276550293
2026-07-10,55.513526916503906
2026-07-13,55.872257232666016
2026-07-14,55.98187255859375
2026-07-15,56.360530853271484
2026-07-16,56.549861907958984
2026-07-17,56.061588287353516
2026-07-20,55.84236526489258
2026-07-21,55.91211700439453
2026-07-22,55.85232925415039
2026-07-23,55.63310623168945
2026-07-24,56.111412048339844
2026-07-27,56.67940139770508
2026-07-28,57.3968620300293
2026-07-29,56.480106353759766
2026-07-30,56.798980712890625
2026-07-31,56.73918914794922
2026-08-03,57.17763900756836
2026-08-04,57.67587661743164
2026-08-05,57.79545211791992
2026-08-06,57.60612487792969
2026-08-07,57.3968620300293
2026-08-10,57.60612487792969
2026-08-11,57.59615707397461
2026-08-12,57.71573257446289
2026-08-13,58.054534912109375
2026-08-14,57.95488739013672
2026-08-17,57.37693405151367
2026-08-18,57.636016845703125
2026-08-19,57.277286529541016
2026-08-20,56.7491569519043
2026-08-21,57.277286529541016
2026-08-24,58.014678955078125
2026-08-25,58.1043586730957
2026-08-26,58.054534912109375
2026-08-27,57.67587661743164
2026-08-28,57.89509963989258
2026-08-31,57.506473541259766
2026-09-01,56.99827575683594
2026-09-02,57.45664978027344
2026-09-03,58.353477478027344
2026-09-04,57.89509963989258
2026-09-08,57.09791946411133
2026-09-09,56.858768463134766
2026-09-10,56.669437408447266
2026-09-11,57.048095703125
2026-09-14,56.82887268066406
2026-09-15,56.649505615234375
2026-09-16,55.73275375366211
2026-09-17,55.68292999267578
2026-09-18,55.66299819946289
2026-09-21,55.900001525878906
2026-09-22,54.79999923706055
2026-09-23,54.540000915527344
2026-09-24,54.529998779296875
2026-09-25,54.84000015258789
2026-09-28,54.189998626708984
2026-09-29,54.0099983215332
