date,value
1972-08-25,0.011455372907221317
1972-08-28,0.011412178166210651
1972-08-29,0.011282077059149742
1972-08-30,0.011282077059149742
1972-08-31,0.01110825128853321
1972-09-01,0.011195160448551178
1972-09-05,0.01110825128853321
1972-09-06,0.011195160448551178
1972-09-07,0.011151972226798534
1972-09-08,0.011065063066780567
1972-09-11,0.011151972226798534
1972-09-12,0.011151972226798534
1972-09-13,0.011151972226798534
1972-09-14,0.011238351464271545
1972-09-15,0.011151972226798534
1972-09-18,0.011195160448551178
1972-09-19,0.01110825128853321
1972-09-20,0.011021872982382774
1972-09-21,0.010674763470888138
1972-09-22,0.010283919982612133
1972-09-25,0.009979981929063797
1972-09-26,0.00993680115789175
1972-09-27,0.009719794616103172
1972-09-28,0.009979981929063797
1972-09-29,0.010110624134540558
1972-10-02,0.010587851516902447
1972-10-03,0.010761132463812828
1972-10-04,0.0109781539067626
1972-10-05,0.010674763470888138
1972-10-06,0.010240730829536915
1972-10-09,0.010414017364382744
1972-10-10,0.010414017364382744
1972-10-11,0.010457746684551239
1972-10-12,0.010370822623372078
1972-10-13,0.010370822623372078
1972-10-16,0.010110624134540558
1972-10-17,0.010283919982612133
1972-10-18,0.011021872982382774
1972-10-19,0.011065063066780567
1972-10-20,0.0109781539067626
1972-10-23,0.010934959165751934
1972-10-24,0.0109781539067626
1972-10-25,0.010761132463812828
1972-10-26,0.010848048143088818
1972-10-27,0.010891236364841461
1972-10-30,0.010848048143088818
1972-10-31,0.011195160448551178
1972-11-01,0.011716106906533241
1972-11-02,0.01180248148739338
1972-11-03,0.01175929605960846
1972-11-06,0.01175929605960846
1972-11-08,0.011889399960637093
1972-11-09,0.011889399960637093
1972-11-10,0.011889399960637093
1972-11-13,0.011846207082271576
1972-11-14,0.011716106906533241
1972-11-15,0.01167237851768732
1972-11-16,0.011716106906533241
1972-11-17,0.01167237851768732
1972-11-20,0.011629191227257252
1972-11-21,0.011889399960637093
1972-11-22,0.011889399960637093
1972-11-24,0.011846207082271576
1972-11-27,0.012149609625339508
1972-11-28,0.01180248148739338
1972-11-29,0.011282077059149742
1972-11-30,0.011195160448551178
1972-12-01,0.01136898621916771
1972-12-04,0.01180248148739338
1972-12-05,0.011976306326687336
1972-12-06,0.011976306326687336
1972-12-07,0.011889399960637093
1972-12-08,0.011716106906533241
1972-12-11,0.011846207082271576
1972-12-12,0.011716106906533241
1972-12-13,0.01180248148739338
1972-12-14,0.011846207082271576
1972-12-15,0.011933119967579842
1972-12-18,0.011889399960637093
1972-12-19,0.011933119967579842
1972-12-20,0.011976306326687336
1972-12-21,0.011889399960637093
1972-12-22,0.011976306326687336
1972-12-26,0.01180248148739338
1972-12-27,0.011889399960637093
1972-12-29,0.011976306326687336
1973-01-02,0.012019496411085129
1973-01-03,0.011976306326687336
1973-01-04,0.011933119967579842
1973-01-05,0.011889399960637093
1973-01-08,0.011846207082271576
1973-01-09,0.011629191227257252
1973-01-10,0.01132526807487011
1973-01-11,0.011586003936827183
1973-01-12,0.011542285792529583
1973-01-15,0.011412178166210651
1973-01-16,0.011629191227257252
1973-01-17,0.01167237851768732
1973-01-18,0.01167237851768732
1973-01-19,0.011455372907221317
1973-01-22,0.01132526807487011
1973-01-23,0.010934959165751934
1973-01-24,0.01110825128853321
1973-01-26,0.011021872982382774
1973-01-29,0.01063102949410677
1973-01-30,0.010457746684551239
1973-01-31,0.010283919982612133
1973-02-01,0.010500937700271606
1973-02-02,0.010500937700271606
1973-02-05,0.010500937700271606
1973-02-06,0.010457746684551239
1973-02-07,0.010587851516902447
1973-02-08,0.010414017364382744
1973-02-09,0.010414017364382744
1973-02-12,0.010761132463812828
1973-02-13,0.010761132463812828
1973-02-14,0.010761132463812828
1973-02-15,0.010934959165751934
1973-02-16,0.011195160448551178
1973-02-20,0.01136898621916771
1973-02-21,0.01132526807487011
1973-02-22,0.011021872982382774
1973-02-23,0.011065063066780567
1973-02-26,0.0109781539067626
1973-02-27,0.010891236364841461
1973-02-28,0.010761132463812828
1973-03-01,0.010674763470888138
1973-03-02,0.010587851516902447
1973-03-05,0.010327105410397053
1973-03-06,0.009849883615970612
1973-03-07,0.009589685127139091
1973-03-08,0.010066903196275234
1973-03-09,0.00993680115789175
1973-03-12,0.009979981929063797
1973-03-13,0.009676599875092506
1973-03-14,0.009893619455397129
1973-03-15,0.009719794616103172
1973-03-16,0.009632876142859459
1973-03-19,0.009416393004357815
1973-03-20,0.009199378080666065
1973-03-21,0.00902554951608181
1973-03-22,0.007506988011300564
1973-03-23,0.007593895774334669
1973-03-26,0.007637090515345335
1973-03-27,0.007941016927361488
1973-03-28,0.007810384500771761
1973-03-29,0.007854106836020947
1973-03-30,0.00789729505777359
1973-04-02,0.007941016927361488
1973-04-03,0.007941016927361488
1973-04-04,0.007941016927361488
1973-04-05,0.007550178095698357
1973-04-06,0.007550178095698357
1973-04-09,0.007550178095698357
1973-04-10,0.007593895774334669
1973-04-11,0.007550178095698357
1973-04-12,0.007550178095698357
1973-04-13,0.007550178095698357
1973-04-16,0.00742007652297616
1973-04-17,0.00742007652297616
1973-04-18,0.007376887835562229
1973-04-19,0.007593895774334669
1973-04-23,0.007810384500771761
1973-04-24,0.008027397096157074
1973-04-25,0.008027397096157074
1973-04-26,0.007984203286468983
1973-04-27,0.007810384500771761
1973-04-30,0.007767194416373968
1973-05-01,0.007724004797637463
1973-05-02,0.007680279668420553
1973-05-03,0.007680279668420553
1973-05-04,0.007810384500771761
1973-05-07,0.007724004797637463
1973-05-08,0.007724004797637463
1973-05-09,0.007810384500771761
1973-05-10,0.007810384500771761
1973-05-11,0.007724004797637463
1973-05-14,0.00742007652297616
1973-05-15,0.007376887835562229
1973-05-16,0.007376887835562229
1973-05-17,0.007463264279067516
1973-05-18,0.007506988011300564
1973-05-21,0.00742007652297616
1973-05-22,0.00742007652297616
1973-05-23,0.0072899735532701015
1973-05-24,0.007203062064945698
1973-05-25,0.007463264279067516
1973-05-29,0.007854106836020947
1973-05-30,0.007637090515345335
1973-05-31,0.007637090515345335
1973-06-01,0.007637090515345335
1973-06-04,0.007637090515345335
1973-06-05,0.007550178095698357
1973-06-06,0.0069428556598722935
1973-06-07,0.006899133324623108
1973-06-08,0.006899133324623108
1973-06-11,0.006812756881117821
1973-06-12,0.006508828606456518
1973-06-13,0.006074804812669754
1973-06-14,0.005337381735444069
1973-06-15,0.005207276903092861
1973-06-18,0.005250468850135803
1973-06-19,0.005424293223768473
1973-06-20,0.005987887736409903
1973-06-21,0.006074804812669754
1973-06-22,0.005944699980318546
1973-06-25,0.005727686453610659
1973-06-26,0.005120365414768457
1973-06-27,0.005250468850135803
1973-06-28,0.005207276903092861
1973-06-29,0.005250468850135803
1973-07-02,0.005424293223768473
1973-07-03,0.005597580224275589
1973-07-05,0.005597580224275589
1973-07-06,0.005597580224275589
1973-07-09,0.005424293223768473
1973-07-10,0.005380566231906414
1973-07-11,0.005293655209243298
1973-07-12,0.005207276903092861
1973-07-13,0.005207276903092861
1973-07-16,0.005814595613628626
1973-07-17,0.00590150710195303
1973-07-18,0.006248625461012125
1973-07-19,0.006595739163458347
1973-07-20,0.007029771339148283
1973-07-23,0.00742007652297616
1973-07-24,0.008331323973834515
1973-07-25,0.00893864594399929
1973-07-26,0.008591525256633759
1973-07-27,0.007767194416373968
1973-07-30,0.008071117103099823
1973-07-31,0.008331323973834515
1973-08-01,0.00789729505777359
1973-08-02,0.007767194416373968
1973-08-03,0.007680279668420553
1973-08-06,0.007637090515345335
1973-08-07,0.007550178095698357
1973-08-08,0.007203062064945698
1973-08-09,0.0072899735532701015
1973-08-10,0.007506988011300564
1973-08-13,0.007506988011300564
1973-08-14,0.007203062064945698
1973-08-15,0.007203062064945698
1973-08-16,0.0072899735532701015
1973-08-17,0.007463264279067516
1973-08-20,0.007116149179637432
1973-08-21,0.006899133324623108
1973-08-22,0.006899133324623108
1973-08-23,0.0069428556598722935
1973-08-24,0.0072899735532701015
1973-08-27,0.00742007652297616
1973-08-28,0.007463264279067516
1973-08-29,0.007463264279067516
1973-08-30,0.007246251683682203
1973-08-31,0.007333164568990469
1973-09-04,0.007550178095698357
1973-09-05,0.007550178095698357
1973-09-06,0.007550178095698357
1973-09-07,0.007463264279067516
1973-09-10,0.007463264279067516
1973-09-11,0.0072899735532701015
1973-09-12,0.006812756881117821
1973-09-13,0.006725846789777279
1973-09-14,0.006812756881117821
1973-09-17,0.0069428556598722935
1973-09-18,0.0072899735532701015
1973-09-19,0.007724004797637463
1973-09-20,0.007984203286468983
1973-09-21,0.007984203286468983
1973-09-24,0.007767194416373968
1973-09-25,0.007810384500771761
1973-09-26,0.00789729505777359
1973-09-27,0.007810384500771761
1973-09-28,0.007810384500771761
1973-10-01,0.007767194416373968
1973-10-02,0.007680279668420553
1973-10-03,0.007724004797637463
1973-10-04,0.007810384500771761
1973-10-05,0.007941016927361488
1973-10-08,0.00789729505777359
1973-10-09,0.00789729505777359
1973-10-10,0.007854106836020947
1973-10-11,0.007810384500771761
1973-10-12,0.008157500065863132
1973-10-15,0.008157500065863132
1973-10-16,0.007984203286468983
1973-10-17,0.007984203286468983
1973-10-18,0.007984203286468983
1973-10-19,0.007984203286468983
1973-10-22,0.00789729505777359
1973-10-23,0.008071117103099823
1973-10-24,0.008071117103099823
1973-10-25,0.007984203286468983
1973-10-26,0.007984203286468983
1973-10-29,0.008157500065863132
1973-10-30,0.008331323973834515
1973-10-31,0.008157500065863132
1973-11-01,0.007984203286468983
1973-11-02,0.00789729505777359
1973-11-05,0.007506988011300564
1973-11-06,0.007376887835562229
1973-11-07,0.007246251683682203
1973-11-08,0.007246251683682203
1973-11-09,0.007072960026562214
1973-11-12,0.006855942774564028
1973-11-13,0.006421917118132114
1973-11-14,0.006421917118132114
1973-11-15,0.006465639919042587
1973-11-16,0.006465639919042587
1973-11-19,0.0061185238882899284
1973-11-20,0.005554392002522945
1973-11-21,0.005424293223768473
1973-11-23,0.005424293223768473
1973-11-26,0.00494654243811965
1973-11-27,0.005207276903092861
1973-11-28,0.005380566231906414
1973-11-29,0.005424293223768473
1973-11-30,0.005380566231906414
1973-12-03,0.005163552705198526
1973-12-04,0.005120365414768457
1973-12-05,0.005033451598137617
1973-12-06,0.005163552705198526
1973-12-07,0.005293655209243298
1973-12-10,0.005250468850135803
1973-12-11,0.005163552705198526
1973-12-12,0.005033451598137617
1973-12-13,0.004643149208277464
1973-12-14,0.004643149208277464
1973-12-17,0.004469322971999645
1973-12-18,0.004599422682076693
1973-12-19,0.004686335101723671
1973-12-20,0.004686335101723671
1973-12-21,0.004686335101723671
1973-12-24,0.004686335101723671
1973-12-26,0.004686335101723671
1973-12-27,0.004643149208277464
1973-12-28,0.004513045307248831
1973-12-31,0.004643149208277464
1974-01-02,0.004729525186121464
1974-01-03,0.005467479582875967
1974-01-04,0.005293655209243298
1974-01-07,0.005293655209243298
1974-01-08,0.005467479582875967
1974-01-09,0.005293655209243298
1974-01-10,0.005293655209243298
1974-01-11,0.005293655209243298
1974-01-14,0.005380566231906414
1974-01-15,0.005380566231906414
1974-01-16,0.005380566231906414
1974-01-17,0.005380566231906414
1974-01-18,0.005554392002522945
1974-01-21,0.005424293223768473
1974-01-22,0.005814595613628626
1974-01-23,0.0061185238882899284
1974-01-24,0.0061185238882899284
1974-01-25,0.006248625461012125
1974-01-28,0.006248625461012125
1974-01-29,0.006248625461012125
1974-01-30,0.006421917118132114
1974-01-31,0.006595739163458347
1974-02-01,0.006248625461012125
1974-02-04,0.005987887736409903
1974-02-05,0.006161714904010296
1974-02-06,0.006161714904010296
1974-02-07,0.006161714904010296
1974-02-08,0.005554392002522945
1974-02-11,0.0058577838353812695
1974-02-12,0.005076645407825708
1974-02-13,0.005554392002522945
1974-02-14,0.005554392002522945
1974-02-15,0.005640772171318531
1974-02-19,0.005510671064257622
1974-02-20,0.005510671064257622
1974-02-21,0.005640772171318531
1974-02-22,0.005597580224275589
1974-02-25,0.00590150710195303
1974-02-26,0.005814595613628626
1974-02-27,0.005814595613628626
1974-02-28,0.005814595613628626
1974-03-01,0.005380566231906414
1974-03-04,0.005380566231906414
1974-03-05,0.005424293223768473
1974-03-06,0.005467479582875967
1974-03-07,0.005467479582875967
1974-03-08,0.005597580224275589
1974-03-11,0.005814595613628626
1974-03-12,0.005814595613628626
1974-03-13,0.005614574067294598
1974-03-14,0.005571252666413784
1974-03-15,0.005614574067294598
1974-03-18,0.005484075751155615
1974-03-19,0.005353580228984356
1974-03-20,0.005309722386300564
1974-03-21,0.0054407580755651
1974-03-22,0.005527397617697716
1974-03-25,0.005527397617697716
1974-03-26,0.005527397617697716
1974-03-27,0.005527397617697716
1974-03-28,0.0054407580755651
1974-03-29,0.0054407580755651
1974-04-01,0.0054407580755651
1974-04-02,0.005484075751155615
1974-04-03,0.0054407580755651
1974-04-04,0.0054407580755651
1974-04-05,0.005527397617697716
1974-04-08,0.00570174865424633
1974-04-09,0.00570174865424633
1974-04-10,0.005657892674207687
1974-04-11,0.005657892674207687
1974-04-15,0.005745069123804569
1974-04-16,0.005657892674207687
1974-04-17,0.005745069123804569
1974-04-18,0.00570174865424633
1974-04-19,0.005657892674207687
1974-04-22,0.005657892674207687
1974-04-23,0.005571252666413784
1974-04-24,0.005527397617697716
1974-04-25,0.005484075751155615
1974-04-26,0.005571252666413784
1974-04-29,0.005527397617697716
1974-04-30,0.005484075751155615
1974-05-01,0.005396898370236158
1974-05-02,0.005396898370236158
1974-05-03,0.005309722386300564
1974-05-06,0.005309722386300564
1974-05-07,0.005571252666413784
1974-05-08,0.0058322446420788765
1974-05-09,0.005745069123804569
1974-05-10,0.005657892674207687
1974-05-13,0.005657892674207687
1974-05-14,0.005614574067294598
1974-05-15,0.005614574067294598
1974-05-16,0.00570174865424633
1974-05-17,0.005657892674207687
1974-05-20,0.005614574067294598
1974-05-21,0.005571252666413784
1974-05-22,0.005571252666413784
1974-05-23,0.005571252666413784
1974-05-24,0.006006064359098673
1974-05-28,0.006137094926089048
1974-05-29,0.006049914751201868
1974-05-30,0.0059194196946918964
1974-05-31,0.0059194196946918964
1974-06-03,0.005962742492556572
1974-06-04,0.005962742492556572
1974-06-05,0.006093240808695555
1974-06-06,0.006310918368399143
1974-06-07,0.006615760270506144
1974-06-10,0.006876751780509949
1974-06-11,0.006615760270506144
1974-06-12,0.006659085862338543
1974-06-13,0.006789581850171089
1974-06-14,0.006876751780509949
1974-06-17,0.006963926833122969
1974-06-18,0.006963926833122969
1974-06-19,0.006963926833122969
1974-06-20,0.006963926833122969
1974-06-21,0.006920069456100464
1974-06-24,0.006789581850171089
1974-06-25,0.006963926833122969
1974-06-26,0.006963926833122969
1974-06-27,0.006789581850171089
1974-06-28,0.006789581850171089
1974-07-01,0.006746259517967701
1974-07-02,0.006702937185764313
1974-07-03,0.006789581850171089
1974-07-05,0.006789581850171089
1974-07-08,0.006702937185764313
1974-07-09,0.006702937185764313
1974-07-10,0.006659085862338543
1974-07-11,0.006746259517967701
1974-07-12,0.006746259517967701
1974-07-15,0.006789581850171089
1974-07-16,0.006789581850171089
1974-07-17,0.006789581850171089
1974-07-18,0.006963926833122969
1974-07-19,0.007137748878449202
1974-07-22,0.006876751780509949
1974-07-23,0.006876751780509949
1974-07-24,0.006876751780509949
1974-07-25,0.006789581850171089
1974-07-26,0.006789581850171089
1974-07-29,0.006789581850171089
1974-07-30,0.006702937185764313
1974-07-31,0.006789581850171089
1974-08-01,0.006789581850171089
1974-08-02,0.006789581850171089
1974-08-05,0.006702937185764313
1974-08-06,0.006702937185764313
1974-08-07,0.006789581850171089
1974-08-08,0.006833439227193594
1974-08-09,0.006833439227193594
1974-08-12,0.006485261023044586
1974-08-13,0.006354766897857189
1974-08-14,0.0059194196946918964
1974-08-15,0.0054407580755651
1974-08-16,0.005309722386300564
1974-08-19,0.005353580228984356
1974-08-20,0.005135906394571066
1974-08-21,0.005353580228984356
1974-08-22,0.0054407580755651
1974-08-23,0.0054407580755651
1974-08-26,0.005745069123804569
1974-08-27,0.00587556092068553
1974-08-28,0.00587556092068553
1974-08-29,0.005745069123804569
1974-08-30,0.005745069123804569
1974-09-03,0.005788922309875488
1974-09-04,0.005745069123804569
1974-09-05,0.0058322446420788765
1974-09-06,0.00570174865424633
1974-09-09,0.00570174865424633
1974-09-10,0.005588550120592117
1974-09-11,0.005588550120592117
1974-09-12,0.0052827587351202965
1974-09-13,0.005107863340526819
1974-09-16,0.0050644041039049625
1974-09-17,0.0050644041039049625
1974-09-18,0.005195306148380041
1974-09-19,0.005107863340526819
1974-09-20,0.0050644041039049625
1974-09-23,0.0050644041039049625
1974-09-24,0.005151853431016207
1974-09-25,0.005151853431016207
1974-09-26,0.005151853431016207
1974-09-27,0.0050644041039049625
1974-09-30,0.004933504853397608
1974-10-01,0.004496807232499123
1974-10-02,0.0043224492110311985
1974-10-03,0.0041915494948625565
1974-10-04,0.004016651771962643
1974-10-07,0.0038857520557940006
1974-10-08,0.0038417568430304527
1974-10-09,0.0039732009172439575
1974-10-10,0.004453351255506277
1974-10-11,0.004540799185633659
1974-10-14,0.004715153947472572
1974-10-15,0.00462771113961935
1974-10-16,0.00462771113961935
1974-10-17,0.00462771113961935
1974-10-18,0.00462771113961935
1974-10-21,0.00462771113961935
1974-10-22,0.004409358836710453
1974-10-23,0.0042784558609128
1974-10-24,0.004104099236428738
1974-10-25,0.004060106817632914
1974-10-28,0.004060106817632914
1974-10-29,0.004060106817632914
1974-10-30,0.0042784558609128
1974-10-31,0.0043224492110311985
1974-11-01,0.004453351255506277
1974-11-04,0.004453351255506277
1974-11-05,0.004496807232499123
1974-11-06,0.0042784558609128
1974-11-07,0.0041915494948625565
1974-11-08,0.0036674034781754017
1974-11-11,0.0036239479668438435
1974-11-12,0.0036239479668438435
1974-11-13,0.0035799562465399504
1974-11-14,0.0036674034781754017
1974-11-15,0.0036674034781754017
1974-11-18,0.0036674034781754017
1974-11-19,0.003492507850751281
1974-11-20,0.003492507850751281
1974-11-21,0.003492507850751281
1974-11-22,0.003492507850751281
1974-11-25,0.00344905280508101
1974-11-26,0.00344905280508101
1974-11-27,0.003492507850751281
1974-11-29,0.003492507850751281
1974-12-02,0.003361607203260064
1974-12-03,0.003230705391615629
1974-12-04,0.0032746961805969477
1974-12-05,0.0032746961805969477
1974-12-06,0.003143259324133396
1974-12-09,0.0029249072540551424
1974-12-10,0.0027940073050558567
1974-12-11,0.0027940073050558567
1974-12-12,0.0030563471373170614
1974-12-13,0.0030563471373170614
1974-12-16,0.00296889990568161
1974-12-17,0.003143259324133396
1974-12-18,0.003492507850751281
1974-12-19,0.0036239479668438435
1974-12-20,0.0036239479668438435
1974-12-23,0.003492507850751281
1974-12-24,0.003492507850751281
1974-12-26,0.003492507850751281
1974-12-27,0.003492507850751281
1974-12-30,0.003230705391615629
1974-12-31,0.0033181505277752876
1975-01-02,0.003492507850751281
1975-01-03,0.00344905280508101
1975-01-06,0.0035799562465399504
1975-01-07,0.0036239479668438435
1975-01-08,0.00392920570448041
1975-01-09,0.004147557076066732
1975-01-10,0.004584253765642643
1975-01-13,0.004540799185633659
1975-01-14,0.004715153947472572
1975-01-15,0.004453351255506277
1975-01-16,0.004715153947472572
1975-01-17,0.004365904722362757
1975-01-20,0.004235004540532827
1975-01-21,0.0042784558609128
1975-01-22,0.0042784558609128
1975-01-23,0.004671701695770025
1975-01-24,0.004715153947472572
1975-01-27,0.004890047945082188
1975-01-28,0.005107863340526819
1975-01-29,0.005151853431016207
1975-01-30,0.005239300895482302
1975-01-31,0.005239300895482302
1975-02-03,0.005326209124177694
1975-02-04,0.00537020293995738
1975-02-05,0.0056754606775939465
1975-02-06,0.005719452630728483
1975-02-07,0.0054136537946760654
1975-02-10,0.0054136537946760654
1975-02-11,0.005239300895482302
1975-02-12,0.005239300895482302
1975-02-13,0.005239300895482302
1975-02-14,0.0052827587351202965
1975-02-18,0.0052827587351202965
1975-02-19,0.005195306148380041
1975-02-20,0.005195306148380041
1975-02-21,0.005195306148380041
1975-02-24,0.005195306148380041
1975-02-25,0.0050644041039049625
1975-02-26,0.0050644041039049625
1975-02-27,0.0050644041039049625
1975-02-28,0.004933504853397608
1975-03-03,0.004890047945082188
1975-03-04,0.005107863340526819
1975-03-05,0.005239300895482302
1975-03-06,0.005239300895482302
1975-03-07,0.00580689636990428
1975-03-10,0.006461410783231258
1975-03-11,0.007215884514153004
1975-03-12,0.007128295488655567
1975-03-13,0.006953109987080097
1975-03-14,0.006997175049036741
1975-03-17,0.006997175049036741
1975-03-18,0.006997175049036741
1975-03-19,0.006997175049036741
1975-03-20,0.007084764074534178
1975-03-21,0.006909581832587719
1975-03-24,0.006559750530868769
1975-03-25,0.006472157314419746
1975-03-26,0.006647344212979078
1975-03-27,0.006734935566782951
1975-03-31,0.006997175049036741
1975-04-01,0.006909581832587719
1975-04-02,0.006647344212979078
1975-04-03,0.006472157314419746
1975-04-04,0.006385102868080139
1975-04-07,0.0062099238857626915
1975-04-08,0.00629750732332468
1975-04-09,0.00629750732332468
1975-04-10,0.006341037806123495
1975-04-11,0.006472157314419746
1975-04-14,0.006647344212979078
1975-04-15,0.006734935566782951
1975-04-16,0.006909581832587719
1975-04-17,0.006953109987080097
1975-04-18,0.006866052746772766
1975-04-21,0.006909581832587719
1975-04-22,0.006909581832587719
1975-04-23,0.0065162209793925285
1975-04-24,0.006253440864384174
1975-04-25,0.006166389677673578
1975-04-28,0.0060787987895309925
1975-04-29,0.006034730467945337
1975-04-30,0.005991205107420683
1975-05-01,0.005991205107420683
1975-05-02,0.005991205107420683
1975-05-05,0.0060787987895309925
1975-05-06,0.006034730467945337
1975-05-07,0.006253440864384174
1975-05-08,0.00629750732332468
1975-05-09,0.00629750732332468
1975-05-12,0.0065162209793925285
1975-05-13,0.006341037806123495
1975-05-14,0.0066032749600708485
1975-05-15,0.006866052746772766
1975-05-16,0.0067784651182591915
1975-05-19,0.006866052746772766
1975-05-20,0.0067784651182591915
1975-05-21,0.007171821314841509
1975-05-22,0.007128295488655567
1975-05-23,0.007390536833554506
1975-05-27,0.007434597238898277
1975-05-28,0.007259412668645382
1975-05-29,0.007302941754460335
1975-05-30,0.00734700309112668
1975-06-02,0.00734700309112668
1975-06-03,0.007478128653019667
1975-06-04,0.008221318013966084
1975-06-05,0.007959081791341305
1975-06-06,0.007959081791341305
1975-06-09,0.007784431800246239
1975-06-10,0.007609247229993343
1975-06-11,0.00734700309112668
1975-06-12,0.007827959954738617
1975-06-13,0.008046668022871017
1975-06-16,0.008046668022871017
1975-06-17,0.008440028876066208
1975-06-18,0.008352973498404026
1975-06-19,0.008440028876066208
1975-06-20,0.008702807128429413
1975-06-23,0.008713568560779095
1975-06-24,0.008713568560779095
1975-06-25,0.00866944994777441
1975-06-26,0.008582284674048424
1975-06-27,0.008494584821164608
1975-06-30,0.00853816606104374
1975-07-01,0.008757147006690502
1975-07-02,0.009019709192216396
1975-07-03,0.009238696657121181
1975-07-07,0.009150994941592216
1975-07-08,0.009063832461833954
1975-07-09,0.009063832461833954
1975-07-10,0.009019709192216396
1975-07-11,0.008976132608950138
1975-07-14,0.0088884262368083
1975-07-15,0.0088884262368083
1975-07-16,0.008932550437748432
1975-07-17,0.0088884262368083
1975-07-18,0.008932550437748432
1975-07-21,0.008757147006690502
1975-07-22,0.008582284674048424
1975-07-23,0.008582284674048424
1975-07-24,0.008582284674048424
1975-07-25,0.008406885899603367
1975-07-28,0.008319186046719551
1975-07-29,0.008406885899603367
1975-07-30,0.00853816606104374
1975-07-31,0.008582284674048424
1975-08-01,0.008319186046719551
1975-08-04,0.008319186046719551
1975-08-05,0.00805661827325821
1975-08-06,0.008187906816601753
1975-08-07,0.008406885899603367
1975-08-08,0.008406885899603367
1975-08-11,0.008231480605900288
1975-08-12,0.008319186046719551
1975-08-13,0.008319186046719551
1975-08-14,0.008231480605900288
1975-08-15,0.008319186046719551
1975-08-18,0.008494584821164608
1975-08-19,0.008406885899603367
1975-08-20,0.008319186046719551
1975-08-21,0.00805661827325821
1975-08-22,0.00805661827325821
1975-08-25,0.00805661827325821
1975-08-26,0.00805661827325821
1975-08-27,0.00805661827325821
1975-08-28,0.00805661827325821
1975-08-29,0.008231480605900288
1975-09-02,0.008231480605900288
1975-09-03,0.00866944994777441
1975-09-04,0.008757147006690502
1975-09-05,0.009019709192216396
1975-09-08,0.008943218737840652
1975-09-09,0.008767607621848583
1975-09-10,0.00832911767065525
1975-09-11,0.00832911767065525
1975-09-12,0.008416927419602871
1975-09-15,0.008154052309691906
1975-09-16,0.008241316303610802
1975-09-17,0.008241316303610802
1975-09-18,0.008154052309691906
1975-09-19,0.008504736237227917
1975-09-22,0.00867980346083641
1975-09-23,0.008767607621848583
1975-09-24,0.008767607621848583
1975-09-25,0.008592535741627216
1975-09-26,0.008504736237227917
1975-09-29,0.008592535741627216
1975-09-30,0.008592535741627216
1975-10-01,0.00832911767065525
1975-10-02,0.008416927419602871
1975-10-03,0.008504736237227917
1975-10-06,0.008855406194925308
1975-10-07,0.009468971751630306
1975-10-08,0.009206093847751617
1975-10-09,0.009293900802731514
1975-10-10,0.010082528926432133
1975-10-13,0.009907458908855915
1975-10-14,0.010258148424327374
1975-10-15,0.010521017014980316
1975-10-16,0.010170343331992626
1975-10-17,0.010082528926432133
1975-10-20,0.00955677218735218
1975-10-21,0.009907458908855915
1975-10-22,0.009819651953876019
1975-10-23,0.009731846861541271
1975-10-24,0.009995265863835812
1975-10-27,0.010433216579258442
1975-10-28,0.010521017014980316
1975-10-29,0.009995265863835812
1975-10-30,0.009907458908855915
1975-10-31,0.009907458908855915
1975-11-03,0.010258148424327374
1975-11-04,0.010433216579258442
1975-11-05,0.010433216579258442
1975-11-06,0.010170343331992626
1975-11-07,0.010433216579258442
1975-11-10,0.010521017014980316
1975-11-11,0.010521017014980316
1975-11-12,0.010696638375520706
1975-11-13,0.010871701873838902
1975-11-14,0.010871701873838902
1975-11-17,0.011047319509088993
1975-11-18,0.010871701873838902
1975-11-19,0.010521017014980316
1975-11-20,0.010784432291984558
1975-11-21,0.010871701873838902
1975-11-24,0.010696638375520706
1975-11-25,0.010696638375520706
1975-11-26,0.010521017014980316
1975-11-28,0.010521017014980316
1975-12-01,0.010696638375520706
1975-12-02,0.010521017014980316
1975-12-03,0.009995265863835812
1975-12-04,0.00964457355439663
1975-12-05,0.009658606722950935
1975-12-08,0.009745996445417404
1975-12-09,0.009658606722950935
1975-12-10,0.01018513087183237
1975-12-11,0.009833931922912598
1975-12-12,0.009658606722950935
1975-12-15,0.009921870194375515
1975-12-16,0.009658606722950935
1975-12-17,0.009833931922912598
1975-12-18,0.009833931922912598
1975-12-19,0.009658606722950935
1975-12-22,0.009307417087256908
1975-12-23,0.00886828638613224
1975-12-24,0.00913154985755682
1975-12-26,0.009219481609761715
1975-12-29,0.009307417087256908
1975-12-30,0.009307417087256908
1975-12-31,0.009219481609761715
1976-01-02,0.00913154985755682
1976-01-05,0.009043619967997074
1976-01-06,0.009745996445417404
1976-01-07,0.009658606722950935
1976-01-08,0.009745996445417404
1976-01-09,0.009833931922912598
1976-01-12,0.009658606722950935
1976-01-13,0.009745996445417404
1976-01-14,0.00957067497074604
1976-01-15,0.009833931922912598
1976-01-16,0.010097199119627476
1976-01-19,0.010097199119627476
1976-01-20,0.01018513087183237
1976-01-21,0.010097199119627476
1976-01-22,0.010009805671870708
1976-01-23,0.01018513087183237
1976-01-26,0.01018513087183237
1976-01-27,0.010009805671870708
1976-01-28,0.009745996445417404
1976-01-29,0.009394804947078228
1976-01-30,0.00957067497074604
1976-02-02,0.009658606722950935
1976-02-03,0.009745996445417404
1976-02-04,0.009658606722950935
1976-02-05,0.00957067497074604
1976-02-06,0.009394804947078228
1976-02-09,0.00913154985755682
1976-02-10,0.009219481609761715
1976-02-11,0.009658606722950935
1976-02-12,0.00957067497074604
1976-02-13,0.00948274228721857
1976-02-17,0.009307417087256908
1976-02-18,0.009219481609761715
1976-02-19,0.009658606722950935
1976-02-20,0.010097199119627476
1976-02-23,0.010097199119627476
1976-02-24,0.010360997170209885
1976-02-25,0.01106338482350111
1976-02-26,0.01106338482350111
1976-02-27,0.010624255053699017
1976-03-01,0.010712194256484509
1976-03-02,0.010975459590554237
1976-03-03,0.011238706298172474
1976-03-04,0.010800117626786232
1976-03-05,0.010887512005865574
1976-03-08,0.010800117626786232
1976-03-09,0.010887512005865574
1976-03-10,0.011238706298172474
1976-03-11,0.01106338482350111
1976-03-12,0.011238706298172474
1976-03-15,0.010975459590554237
1976-03-16,0.010725898668169975
1976-03-17,0.010813931003212929
1976-03-18,0.010725898668169975
1976-03-19,0.010637851431965828
1976-03-22,0.01107754185795784
1976-03-23,0.011165575124323368
1976-03-24,0.011429179459810257
1976-03-25,0.011341136880218983
1976-03-26,0.011429179459810257
1976-03-29,0.011341136880218983
1976-03-30,0.011165575124323368
1976-03-31,0.011517231352627277
1976-04-01,0.011517231352627277
1976-04-02,0.011429179459810257
1976-04-05,0.0116047328338027
1976-04-06,0.011692782863974571
1976-04-07,0.011956372298300266
1976-04-08,0.0116047328338027
1976-04-09,0.0116047328338027
1976-04-12,0.011341136880218983
1976-04-13,0.011341136880218983
1976-04-14,0.011165575124323368
1976-04-15,0.01090144645422697
1976-04-19,0.010725898668169975
1976-04-20,0.01090144645422697
1976-04-21,0.010989501141011715
1976-04-22,0.010286210104823112
1976-04-23,0.009934567846357822
1976-04-26,0.01002261508256197
1976-04-27,0.010110119357705116
1976-04-28,0.010461762547492981
1976-04-29,0.010198166593909264
1976-04-30,0.010110119357705116
1976-05-03,0.010110119357705116
1976-05-04,0.01002261508256197
1976-05-05,0.010286210104823112
1976-05-06,0.010286210104823112
1976-05-07,0.010198166593909264
1976-05-10,0.010374252684414387
1976-05-11,0.010549801401793957
1976-05-12,0.010637851431965828
1976-05-13,0.010637851431965828
1976-05-14,0.010549801401793957
1976-05-17,0.010461762547492981
1976-05-18,0.010461762547492981
1976-05-19,0.010374252684414387
1976-05-20,0.010549801401793957
1976-05-21,0.010374252684414387
1976-05-24,0.010286210104823112
1976-05-25,0.01002261508256197
1976-05-26,0.01002261508256197
1976-05-27,0.009934567846357822
1976-05-28,0.00967095885425806
1976-06-01,0.009231281466782093
1976-06-02,0.009846517816185951
1976-06-03,0.00967095885425806
1976-06-04,0.009406830184161663
1976-06-07,0.009231281466782093
1976-06-08,0.009231281466782093
1976-06-09,0.009319321252405643
1976-06-10,0.009319321252405643
1976-06-11,0.009582922793924809
1976-06-14,0.010286210104823112
1976-06-15,0.009934567846357822
1976-06-16,0.010198166593909264
1976-06-17,0.010198166593909264
1976-06-18,0.009846517816185951
1976-06-21,0.009860578924417496
1976-06-22,0.0097724087536335
1976-06-23,0.009332634508609772
1976-06-24,0.009420269168913364
1976-06-25,0.009332634508609772
1976-06-28,0.00862834881991148
1976-06-29,0.00915629230439663
1976-06-30,0.00968477688729763
1976-07-01,0.009860578924417496
1976-07-02,0.009860578924417496
1976-07-06,0.009860578924417496
1976-07-07,0.009508436545729637
1976-07-08,0.00968477688729763
1976-07-09,0.0097724087536335
1976-07-12,0.00994875654578209
1976-07-13,0.009508436545729637
1976-07-14,0.009332634508609772
1976-07-15,0.009332634508609772
1976-07-16,0.009244467131793499
1976-07-19,0.009244467131793499
1976-07-20,0.008980493992567062
1976-07-21,0.009068124927580357
1976-07-22,0.00889232475310564
1976-07-23,0.00862834881991148
1976-07-26,0.008363831788301468
1976-07-27,0.008540176786482334
1976-07-28,0.00845201127231121
1976-07-29,0.008363831788301468
1976-07-30,0.00845201127231121
1976-08-02,0.008804148063063622
1976-08-03,0.009068124927580357
1976-08-04,0.009420269168913364
1976-08-05,0.009420269168913364
1976-08-06,0.009332634508609772
1976-08-09,0.009508436545729637
1976-08-10,0.009420269168913364
1976-08-11,0.009420269168913364
1976-08-12,0.009508436545729637
1976-08-13,0.009420269168913364
1976-08-16,0.009332634508609772
1976-08-17,0.009508436545729637
1976-08-18,0.009420269168913364
1976-08-19,0.009596610441803932
1976-08-20,0.00968477688729763
1976-08-23,0.009860578924417496
1976-08-24,0.00968477688729763
1976-08-25,0.010389070026576519
1976-08-26,0.010300899855792522
1976-08-27,0.010124553926289082
1976-08-30,0.010389070026576519
1976-08-31,0.010389070026576519
1976-09-01,0.010476695373654366
1976-09-02,0.010564872995018959
1976-09-03,0.010490662418305874
1976-09-07,0.010402917861938477
1976-09-08,0.010226341895759106
1976-09-09,0.010226341895759106
1976-09-10,0.010402917861938477
1976-09-13,0.010314632207155228
1976-09-14,0.010138050653040409
1976-09-15,0.010226341895759106
1976-09-16,0.010402917861938477
1976-09-17,0.010402917861938477
1976-09-20,0.010402917861938477
1976-09-21,0.010931571014225483
1976-09-22,0.011019865982234478
1976-09-23,0.011019865982234478
1976-09-24,0.010931571014225483
1976-09-27,0.0112841771915555
1976-09-28,0.010755536146461964
1976-09-29,0.010931571014225483
1976-09-30,0.010931571014225483
1976-10-01,0.010755536146461964
1976-10-04,0.010667245835065842
1976-10-05,0.01057895552366972
1976-10-06,0.010402917861938477
1976-10-07,0.010314632207155228
1976-10-08,0.010314632207155228
1976-10-11,0.010226341895759106
1976-10-12,0.010402917861938477
1976-10-13,0.01057895552366972
1976-10-14,0.010314632207155228
1976-10-15,0.010226341895759106
1976-10-18,0.010490662418305874
1976-10-19,0.010402917861938477
1976-10-20,0.010226341895759106
1976-10-21,0.010402917861938477
1976-10-22,0.010226341895759106
1976-10-25,0.010138050653040409
1976-10-26,0.010226341895759106
1976-10-27,0.01005030982196331
1976-10-28,0.009962014853954315
1976-10-29,0.01005030982196331
1976-11-01,0.01005030982196331
1976-11-03,0.00978543609380722
1976-11-04,0.010314632207155228
1976-11-05,0.010490662418305874
1976-11-08,0.01057895552366972
1976-11-09,0.010843818075954914
1976-11-10,0.010667245835065842
1976-11-11,0.011019865982234478
1976-11-12,0.010667245835065842
1976-11-15,0.010755536146461964
1976-11-16,0.011019865982234478
1976-11-17,0.011019865982234478
1976-11-18,0.011460763402283192
1976-11-19,0.011460763402283192
1976-11-22,0.011196429841220379
1976-11-23,0.01110814418643713
1976-11-24,0.011019865982234478
1976-11-26,0.010755536146461964
1976-11-29,0.010755536146461964
1976-11-30,0.010843818075954914
1976-12-01,0.010667245835065842
1976-12-02,0.010843818075954914
1976-12-03,0.01057895552366972
1976-12-06,0.01057895552366972
1976-12-07,0.010755536146461964
1976-12-08,0.010861869901418686
1976-12-09,0.010949768126010895
1976-12-10,0.01112663559615612
1976-12-13,0.010861869901418686
1976-12-14,0.010596565902233124
1976-12-15,0.010243364609777927
1976-12-16,0.010420235805213451
1976-12-17,0.010861869901418686
1976-12-20,0.010861869901418686
1976-12-21,0.010508124716579914
1976-12-22,0.010596565902233124
1976-12-23,0.010773439891636372
1976-12-27,0.010596565902233124
1976-12-28,0.010861869901418686
1976-12-29,0.010949768126010895
1976-12-30,0.010949768126010895
1976-12-31,0.010949768126010895
1977-01-03,0.010685003362596035
1977-01-04,0.010420235805213451
1977-01-05,0.010067040100693703
1977-01-06,0.010420235805213451
1977-01-07,0.010243364609777927
1977-01-10,0.010508124716579914
1977-01-11,0.010331803001463413
1977-01-12,0.010154927149415016
1977-01-13,0.010067040100693703
1977-01-14,0.010154927149415016
1977-01-17,0.009890159592032433
1977-01-18,0.009801724925637245
1977-01-19,0.009978598915040493
1977-01-20,0.009978598915040493
1977-01-21,0.009801724925637245
1977-01-24,0.009978598915040493
1977-01-25,0.009978598915040493
1977-01-26,0.010067040100693703
1977-01-27,0.009890159592032433
1977-01-28,0.009890159592032433
1977-01-31,0.009801724925637245
1977-02-01,0.009890159592032433
1977-02-02,0.009713828563690186
1977-02-03,0.00953695923089981
1977-02-04,0.009625401347875595
1977-02-07,0.00953695923089981
1977-02-08,0.009272200055420399
1977-02-09,0.009272200055420399
1977-02-10,0.009448529221117496
1977-02-11,0.00936063751578331
1977-02-14,0.009713828563690186
1977-02-15,0.009448529221117496
1977-02-16,0.009713828563690186
1977-02-17,0.009625401347875595
1977-02-18,0.009625401347875595
1977-02-22,0.009713828563690186
1977-02-23,0.00953695923089981
1977-02-24,0.009448529221117496
1977-02-25,0.00953695923089981
1977-02-28,0.009625401347875595
1977-03-01,0.009713828563690186
1977-03-02,0.009625401347875595
1977-03-03,0.009625401347875595
1977-03-04,0.009625401347875595
1977-03-07,0.009625401347875595
1977-03-08,0.009625401347875595
1977-03-09,0.00953695923089981
1977-03-10,0.00953695923089981
1977-03-11,0.00953695923089981
1977-03-14,0.009713828563690186
1977-03-15,0.009801724925637245
1977-03-16,0.010067040100693703
1977-03-17,0.010154927149415016
1977-03-18,0.010243364609777927
1977-03-21,0.010172706097364426
1977-03-22,0.010172706097364426
1977-03-23,0.010172706097364426
1977-03-24,0.009996072389185429
1977-03-25,0.009730836376547813
1977-03-28,0.00981888547539711
1977-03-29,0.009553658775985241
1977-03-30,0.009730836376547813
1977-03-31,0.00981888547539711
1977-04-01,0.009553658775985241
1977-04-04,0.009288430213928223
1977-04-05,0.009288430213928223
1977-04-06,0.009199845604598522
1977-04-07,0.009199845604598522
1977-04-11,0.009288430213928223
1977-04-12,0.009377028793096542
1977-04-13,0.00946507416665554
1977-04-14,0.009642251767218113
1977-04-15,0.009642251767218113
1977-04-18,0.009377028793096542
1977-04-19,0.00911125261336565
1977-04-20,0.009377028793096542
1977-04-21,0.009288430213928223
1977-04-22,0.009023205377161503
1977-04-25,0.008934613317251205
1977-04-26,0.008934613317251205
1977-04-27,0.008934613317251205
1977-04-28,0.008846024982631207
1977-04-29,0.008492209017276764
1977-05-02,0.008492209017276764
1977-05-03,0.008492209017276764
1977-05-04,0.008492209017276764
1977-05-05,0.00911125261336565
1977-05-06,0.00911125261336565
1977-05-09,0.009023205377161503
1977-05-10,0.00911125261336565
1977-05-11,0.009023205377161503
1977-05-12,0.00911125261336565
1977-05-13,0.00911125261336565
1977-05-16,0.00911125261336565
1977-05-17,0.009023205377161503
1977-05-18,0.009288430213928223
1977-05-19,0.009642251767218113
1977-05-20,0.009553658775985241
1977-05-23,0.009377028793096542
1977-05-24,0.009730836376547813
1977-05-25,0.009553658775985241
1977-05-26,0.009553658775985241
1977-05-27,0.009553658775985241
1977-05-31,0.009377028793096542
1977-06-01,0.009377028793096542
1977-06-02,0.009730836376547813
1977-06-03,0.00981888547539711
1977-06-06,0.00981888547539711
1977-06-07,0.009907479397952557
1977-06-08,0.009996072389185429
1977-06-09,0.010084669105708599
1977-06-10,0.009996072389185429
1977-06-13,0.010172706097364426
1977-06-14,0.010526525788009167
1977-06-15,0.010438484139740467
1977-06-16,0.01034989021718502
1977-06-17,0.01034989021718502
1977-06-20,0.010293189436197281
1977-06-21,0.010293189436197281
1977-06-22,0.010116005316376686
1977-06-23,0.010116005316376686
1977-06-24,0.010293189436197281
1977-06-27,0.010293189436197281
1977-06-28,0.010116005316376686
1977-06-29,0.010204321704804897
1977-06-30,0.010293189436197281
1977-07-01,0.010116005316376686
1977-07-05,0.010116005316376686
1977-07-06,0.010116005316376686
1977-07-07,0.009938267059624195
1977-07-08,0.010116005316376686
1977-07-11,0.010116005316376686
1977-07-12,0.010027138516306877
1977-07-13,0.009938267059624195
1977-07-15,0.010116005316376686
1977-07-18,0.010382059030234814
1977-07-19,0.010648110881447792
1977-07-20,0.010736977681517601
1977-07-21,0.010648110881447792
1977-07-22,0.010559246875345707
1977-07-25,0.0104709193110466
1977-07-26,0.010559246875345707
1977-07-27,0.010382059030234814
1977-07-28,0.0104709193110466
1977-07-29,0.010382059030234814
1977-08-01,0.0104709193110466
1977-08-02,0.010736977681517601
1977-08-03,0.010648110881447792
1977-08-04,0.010825848206877708
1977-08-05,0.01118075754493475
1977-08-08,0.011091899126768112
1977-08-09,0.01100302953273058
1977-08-10,0.011091899126768112
1977-08-11,0.01118075754493475
1977-08-12,0.01118075754493475
1977-08-15,0.01100302953273058
1977-08-16,0.01100302953273058
1977-08-17,0.011091899126768112
1977-08-18,0.011269623413681984
1977-08-19,0.011269623413681984
1977-08-22,0.01100302953273058
1977-08-23,0.011269623413681984
1977-08-24,0.01118075754493475
1977-08-25,0.010914701968431473
1977-08-26,0.010914701968431473
1977-08-29,0.011269623413681984
1977-08-30,0.011269623413681984
1977-08-31,0.01100302953273058
1977-09-01,0.011357945390045643
1977-09-02,0.01121252030134201
1977-09-06,0.01121252030134201
1977-09-07,0.01121252030134201
1977-09-08,0.011034278199076653
1977-09-09,0.011034278199076653
1977-09-12,0.011034278199076653
1977-09-13,0.010856585577130318
1977-09-14,0.01121252030134201
1977-09-15,0.01121252030134201
1977-09-16,0.011390208266675472
1977-09-19,0.011390208266675472
1977-09-20,0.011390208266675472
1977-09-21,0.011301632039248943
1977-09-22,0.011123403906822205
1977-09-23,0.01121252030134201
1977-09-26,0.011657565832138062
1977-09-27,0.01174613181501627
1977-09-28,0.01174613181501627
1977-09-29,0.011835257522761822
1977-09-30,0.012102052569389343
1977-10-03,0.012280298396945
1977-10-04,0.012102052569389343
1977-10-05,0.012102052569389343
1977-10-06,0.012457984499633312
1977-10-07,0.012457984499633312
1977-10-10,0.012636220082640648
1977-10-11,0.012814467772841454
1977-10-12,0.012636220082640648
1977-10-13,0.012369411066174507
1977-10-14,0.012280298396945
1977-10-17,0.012013494968414307
1977-10-18,0.011924374848604202
1977-10-19,0.012013494968414307
1977-10-20,0.012102052569389343
1977-10-21,0.012102052569389343
1977-10-24,0.012013494968414307
1977-10-25,0.01174613181501627
1977-10-26,0.011835257522761822
1977-10-27,0.012013494968414307
1977-10-28,0.012102052569389343
1977-10-31,0.012013494968414307
1977-11-01,0.01174613181501627
1977-11-02,0.01174613181501627
1977-11-03,0.01174613181501627
1977-11-04,0.012013494968414307
1977-11-07,0.012102052569389343
1977-11-08,0.012191182002425194
1977-11-09,0.012102052569389343
1977-11-10,0.012280298396945
1977-11-11,0.01272534392774105
1977-11-14,0.012814467772841454
1977-11-15,0.012814467772841454
1977-11-16,0.013170389458537102
1977-11-17,0.012992139905691147
1977-11-18,0.013081266544759274
1977-11-21,0.013170389458537102
1977-11-22,0.013614893890917301
1977-11-23,0.01427198015153408
1977-11-25,0.014003988355398178
1977-11-28,0.013825874775648117
1977-11-29,0.013112330809235573
1977-11-30,0.013201668858528137
1977-12-01,0.014093318022787571
1977-12-02,0.014360764995217323
1977-12-05,0.01427198015153408
1977-12-06,0.01391520258039236
1977-12-07,0.01337978895753622
1977-12-08,0.013825874775648117
1977-12-09,0.01427198015153408
1977-12-12,0.014628761447966099
1977-12-13,0.01427198015153408
1977-12-14,0.014450103044509888
1977-12-15,0.014093318022787571
1977-12-16,0.014182651415467262
1977-12-19,0.014182651415467262
1977-12-20,0.01427198015153408
1977-12-21,0.014182651415467262
1977-12-22,0.01427198015153408
1977-12-23,0.014450103044509888
1977-12-27,0.014450103044509888
1977-12-28,0.014539418742060661
1977-12-29,0.014628761447966099
1977-12-30,0.014450103044509888
1978-01-03,0.014360764995217323
1978-01-04,0.014093318022787571
1978-01-05,0.014093318022787571
1978-01-06,0.013201668858528137
1978-01-09,0.012933672405779362
1978-01-10,0.012576908804476261
1978-01-11,0.012844900600612164
1978-01-12,0.0127555625513196
1978-01-13,0.012666229158639908
1978-01-16,0.012309463694691658
1978-01-17,0.012576908804476261
1978-01-18,0.012933672405779362
1978-01-19,0.012844900600612164
1978-01-20,0.012844900600612164
1978-01-23,0.012844900600612164
1978-01-24,0.0127555625513196
1978-01-25,0.012844900600612164
1978-01-26,0.01302300114184618
1978-01-27,0.013112330809235573
1978-01-30,0.013290454633533955
1978-01-31,0.013558434322476387
1978-02-01,0.01391520258039236
1978-02-02,0.01427198015153408
1978-02-03,0.01427198015153408
1978-02-06,0.014003988355398178
1978-02-07,0.01391520258039236
1978-02-08,0.014093318022787571
1978-02-09,0.014003988355398178
1978-02-10,0.014182651415467262
1978-02-13,0.014003988355398178
1978-02-14,0.013647222891449928
1978-02-15,0.013290454633533955
1978-02-16,0.013290454633533955
1978-02-17,0.01337978895753622
1978-02-21,0.013290454633533955
1978-02-22,0.01337978895753622
1978-02-23,0.013558434322476387
1978-02-24,0.013647222891449928
1978-02-27,0.01391520258039236
1978-02-28,0.013825874775648117
1978-03-01,0.014003988355398178
1978-03-02,0.014360764995217323
1978-03-03,0.014360764995217323
1978-03-06,0.01427198015153408
1978-03-07,0.01391520258039236
1978-03-08,0.01427198015153408
1978-03-09,0.01391520258039236
1978-03-10,0.013290454633533955
1978-03-13,0.013201668858528137
1978-03-14,0.013201668858528137
1978-03-15,0.012933672405779362
1978-03-16,0.012576908804476261
1978-03-17,0.013601106591522694
1978-03-20,0.013601106591522694
1978-03-21,0.013601106591522694
1978-03-22,0.013421895913779736
1978-03-23,0.013332284986972809
1978-03-27,0.013153599575161934
1978-03-28,0.013332284986972809
1978-03-29,0.013511495664715767
1978-03-30,0.013601106591522694
1978-03-31,0.013421895913779736
1978-04-03,0.012885329313576221
1978-04-04,0.012885329313576221
1978-04-05,0.013243218883872032
1978-04-06,0.01369017455726862
1978-04-07,0.013601106591522694
1978-04-10,0.013869388960301876
1978-04-11,0.013779780827462673
1978-04-12,0.013779780827462673
1978-04-13,0.013779780827462673
1978-04-14,0.014495580457150936
1978-04-17,0.0148534644395113
1978-04-18,0.0148534644395113
1978-04-19,0.0148534644395113
1978-04-20,0.015032692812383175
1978-04-21,0.015032692812383175
1978-04-24,0.015658870339393616
1978-04-25,0.01583809033036232
1978-04-26,0.016106367111206055
1978-04-27,0.01619599387049675
1978-04-28,0.016642939299345016
1978-05-01,0.017090441659092903
1978-05-02,0.01691177859902382
1978-05-03,0.01744835451245308
1978-05-04,0.016822166740894318
1978-05-05,0.016642939299345016
1978-05-08,0.016822166740894318
1978-05-09,0.01691177859902382
1978-05-10,0.016642939299345016
1978-05-11,0.016822166740894318
1978-05-12,0.017359282821416855
1978-05-15,0.017537947744131088
1978-05-16,0.018075071275234222
1978-05-17,0.018343351781368256
1978-05-18,0.018075071275234222
1978-05-19,0.0171800646930933
1978-05-22,0.016642939299345016
1978-05-23,0.016642939299345016
1978-05-24,0.016464274376630783
1978-05-25,0.01691177859902382
1978-05-26,0.01691177859902382
1978-05-30,0.0171800646930933
1978-05-31,0.0171800646930933
1978-06-01,0.016732553020119667
1978-06-02,0.017000840976834297
1978-06-05,0.017269665375351906
1978-06-06,0.01771717146039009
1978-06-07,0.0171800646930933
1978-06-08,0.016464274376630783
1978-06-09,0.016553886234760284
1978-06-12,0.016642939299345016
1978-06-13,0.016822166740894318
1978-06-14,0.017359282821416855
1978-06-15,0.017359282821416855
1978-06-16,0.017000840976834297
1978-06-19,0.01695125177502632
1978-06-20,0.01704050973057747
1978-06-21,0.01686142012476921
1978-06-22,0.01704050973057747
1978-06-23,0.01695125177502632
1978-06-26,0.01686142012476921
1978-06-27,0.016771607100963593
1978-06-28,0.016771607100963593
1978-06-29,0.01686142012476921
1978-06-30,0.016771607100963593
1978-07-03,0.01695125177502632
1978-07-05,0.016502687707543373
1978-07-06,0.0162337813526392
1978-07-07,0.01614396832883358
1978-07-10,0.016412882134318352
1978-07-11,0.016323059797286987
1978-07-12,0.016502687707543373
1978-07-13,0.016502687707543373
1978-07-14,0.016502687707543373
1978-07-17,0.016502687707543373
1978-07-18,0.016681790351867676
1978-07-19,0.016681790351867676
1978-07-20,0.016681790351867676
1978-07-21,0.01704050973057747
1978-07-24,0.016771607100963593
1978-07-25,0.016771607100963593
1978-07-26,0.01686142012476921
1978-07-27,0.017758529633283615
1978-07-28,0.01793760433793068
1978-07-31,0.017578884959220886
1978-08-01,0.017578884959220886
1978-08-02,0.01784779131412506
1978-08-03,0.018296338617801666
1978-08-04,0.01856524869799614
1978-08-07,0.018475985154509544
1978-08-08,0.018744898959994316
1978-08-09,0.018744898959994316
1978-08-10,0.01838616468012333
1978-08-11,0.01820651814341545
1978-08-14,0.01838616468012333
1978-08-15,0.018296338617801666
1978-08-16,0.01838616468012333
1978-08-17,0.018744898959994316
1978-08-18,0.01865508034825325
1978-08-21,0.018834711983799934
1978-08-22,0.018834711983799934
1978-08-23,0.01901380531489849
1978-08-24,0.019552165642380714
1978-08-25,0.020359447225928307
1978-08-28,0.020718185231089592
1978-08-29,0.02080744318664074
1978-08-30,0.01937253586947918
1978-08-31,0.019552165642380714
1978-09-01,0.019501928240060806
1978-09-05,0.01995139755308628
1978-09-06,0.02031085267663002
1978-09-07,0.020849762484431267
1978-09-08,0.020580308511853218
1978-09-11,0.02067030780017376
1978-09-12,0.019861387088894844
1978-09-13,0.019321922212839127
1978-09-14,0.018423553556203842
1978-09-15,0.018333544954657555
1978-09-18,0.018693016842007637
1978-09-19,0.01905246265232563
1978-09-20,0.01905246265232563
1978-09-21,0.01905246265232563
1978-09-22,0.019411923363804817
1978-09-25,0.019321922212839127
1978-09-26,0.0195919256657362
1978-09-27,0.019681932404637337
1978-09-28,0.019681932404637337
1978-09-29,0.01995139755308628
1978-10-02,0.02031085267663002
1978-10-03,0.020130841061472893
1978-10-04,0.019681932404637337
1978-10-05,0.019501928240060806
1978-10-06,0.019501928240060806
1978-10-09,0.019411923363804817
1978-10-10,0.019861387088894844
1978-10-11,0.020490294322371483
1978-10-12,0.020939765498042107
1978-10-13,0.020490294322371483
1978-10-16,0.01995139755308628
1978-10-17,0.01878301426768303
1978-10-18,0.018693016842007637
1978-10-19,0.01878301426768303
1978-10-20,0.017794625833630562
1978-10-23,0.017614634707570076
1978-10-24,0.017884083092212677
1978-10-25,0.01725516840815544
1978-10-26,0.016356252133846283
1978-10-27,0.01581732928752899
1978-10-30,0.016895702108740807
1978-10-31,0.016356252133846283
1978-11-01,0.01725516840815544
1978-11-02,0.01599678210914135
1978-11-03,0.01599678210914135
1978-11-06,0.01581732928752899
1978-11-07,0.015188410878181458
1978-11-08,0.015188410878181458
1978-11-09,0.015547863207757473
1978-11-10,0.015277858823537827
1978-11-13,0.015098406933248043
1978-11-14,0.0147389592602849
1978-11-15,0.015277858823537827
1978-11-16,0.015547863207757473
1978-11-17,0.01653624139726162
1978-11-20,0.01653624139726162
1978-11-21,0.01599678210914135
1978-11-22,0.01608678326010704
1978-11-24,0.01671571098268032
1978-11-27,0.01653624139726162
1978-11-28,0.016446245834231377
1978-11-29,0.016356252133846283
1978-11-30,0.01653624139726162
1978-12-01,0.01671571098268032
1978-12-04,0.01653624139726162
1978-12-05,0.016356252133846283
1978-12-06,0.01599678210914135
1978-12-07,0.01599678210914135
1978-12-08,0.016036642715334892
1978-12-11,0.01657744124531746
1978-12-12,0.01657744124531746
1978-12-13,0.01657744124531746
1978-12-14,0.01639699377119541
1978-12-15,0.01639699377119541
1978-12-18,0.015586597844958305
1978-12-19,0.01621708646416664
1978-12-20,0.016937797889113426
1978-12-21,0.016667678952217102
1978-12-22,0.016937797889113426
1978-12-26,0.01675735041499138
1978-12-27,0.01648721843957901
1978-12-28,0.01648721843957901
1978-12-29,0.01639699377119541
1979-01-02,0.01630733162164688
1979-01-03,0.01675735041499138
1979-01-04,0.016937797889113426
1979-01-05,0.016937797889113426
1979-01-08,0.016847575083374977
1979-01-09,0.017478609457612038
1979-01-10,0.017298156395554543
1979-01-11,0.017117714509367943
1979-01-12,0.017568273469805717
1979-01-15,0.01765850931406021
1979-01-16,0.017478609457612038
1979-01-17,0.017478609457612038
1979-01-18,0.017388390377163887
1979-01-19,0.01765850931406021
1979-01-22,0.017388390377163887
1979-01-23,0.01720793917775154
1979-01-24,0.01765850931406021
1979-01-25,0.017478609457612038
1979-01-26,0.017478609457612038
1979-01-29,0.01720793917775154
1979-01-30,0.017028026282787323
1979-01-31,0.01630733162164688
1979-02-01,0.01675735041499138
1979-02-02,0.01675735041499138
1979-02-05,0.016847575083374977
1979-02-06,0.01639699377119541
1979-02-07,0.01630733162164688
1979-02-08,0.01675735041499138
1979-02-09,0.016847575083374977
1979-02-12,0.016667678952217102
1979-02-13,0.01675735041499138
1979-02-14,0.01675735041499138
1979-02-15,0.01657744124531746
1979-02-16,0.01675735041499138
1979-02-20,0.01657744124531746
1979-02-21,0.01675735041499138
1979-02-22,0.01720793917775154
1979-02-23,0.01675735041499138
1979-02-26,0.017117714509367943
1979-02-27,0.01675735041499138
1979-02-28,0.016667678952217102
1979-03-01,0.017028026282787323
1979-03-02,0.017568273469805717
1979-03-05,0.01792864501476288
1979-03-06,0.01792864501476288
1979-03-07,0.01792864501476288
1979-03-08,0.017478609457612038
1979-03-09,0.017568273469805717
1979-03-12,0.017298156395554543
1979-03-13,0.017388390377163887
1979-03-14,0.017568273469805717
1979-03-15,0.017568273469805717
1979-03-16,0.017388390377163887
1979-03-19,0.017533311620354652
1979-03-20,0.017623258754611015
1979-03-21,0.017533311620354652
1979-03-22,0.017713770270347595
1979-03-23,0.01789478398859501
1979-03-26,0.017533311620354652
1979-03-27,0.017352299764752388
1979-03-28,0.017171267420053482
1979-03-29,0.017171267420053482
1979-03-30,0.017533311620354652
1979-04-02,0.017533311620354652
1979-04-03,0.017804279923439026
1979-04-04,0.017713770270347595
1979-04-05,0.01789478398859501
1979-04-06,0.018165774643421173
1979-04-09,0.018527256324887276
1979-04-10,0.019069205969572067
1979-04-11,0.019340723752975464
1979-04-12,0.019069205969572067
1979-04-16,0.01897924393415451
1979-04-17,0.019069205969572067
1979-04-18,0.019069205969572067
1979-04-19,0.019159706309437752
1979-04-20,0.019159706309437752
1979-04-23,0.019159706309437752
1979-04-24,0.019340723752975464
1979-04-25,0.019430676475167274
1979-04-26,0.019250227138400078
1979-04-27,0.01888873800635338
1979-04-30,0.018346231430768967
1979-05-01,0.018436741083860397
1979-05-02,0.018436741083860397
1979-05-03,0.018798228353261948
1979-05-04,0.018798228353261948
1979-05-07,0.018617764115333557
1979-05-08,0.018798228353261948
1979-05-09,0.019792716950178146
1979-05-10,0.019521182402968407
1979-05-11,0.019611701369285583
1979-05-14,0.019521182402968407
1979-05-15,0.019159706309437752
1979-05-16,0.018798228353261948
1979-05-17,0.018798228353261948
1979-05-18,0.019250227138400078
1979-05-21,0.019340723752975464
1979-05-22,0.019069205969572067
1979-05-23,0.018617764115333557
1979-05-24,0.018617764115333557
1979-05-25,0.018436741083860397
1979-05-29,0.018436741083860397
1979-05-30,0.018617764115333557
1979-05-31,0.018436741083860397
1979-06-01,0.018617764115333557
1979-06-04,0.018436741083860397
1979-06-05,0.018075253814458847
1979-06-06,0.018436741083860397
1979-06-07,0.01870771124958992
1979-06-08,0.018617764115333557
1979-06-11,0.01888873800635338
1979-06-12,0.019340723752975464
1979-06-13,0.019521182402968407
1979-06-14,0.019340723752975464
1979-06-15,0.019340723752975464
1979-06-18,0.019340723752975464
1979-06-19,0.019250227138400078
1979-06-20,0.018798228353261948
1979-06-21,0.018798228353261948
1979-06-22,0.01897924393415451
1979-06-25,0.018580526113510132
1979-06-26,0.018580526113510132
1979-06-27,0.018580526113510132
1979-06-28,0.018671302124857903
1979-06-29,0.018308766186237335
1979-07-02,0.017764706164598465
1979-07-03,0.01740218698978424
1979-07-05,0.017583735287189484
1979-07-06,0.017764706164598465
1979-07-09,0.017855485901236534
1979-07-10,0.018127232789993286
1979-07-11,0.018671302124857903
1979-07-12,0.018852271139621735
1979-07-13,0.01939634419977665
1979-07-16,0.019486552104353905
1979-07-17,0.01939634419977665
1979-07-18,0.019214794039726257
1979-07-19,0.019033808261156082
1979-07-20,0.018580526113510132
1979-07-23,0.018671302124857903
1979-07-24,0.018852271139621735
1979-07-25,0.01876150444149971
1979-07-26,0.01876150444149971
1979-07-27,0.01876150444149971
1979-07-30,0.018943045288324356
1979-07-31,0.018852271139621735
1979-08-01,0.019033808261156082
1979-08-02,0.019577326253056526
1979-08-03,0.019577326253056526
1979-08-06,0.01975885033607483
1979-08-07,0.020483912900090218
1979-08-08,0.020664885640144348
1979-08-09,0.020664885640144348
1979-08-10,0.020574668422341347
1979-08-13,0.021027404814958572
1979-08-14,0.021027404814958572
1979-08-15,0.02166222594678402
1979-08-16,0.02265903912484646
1979-08-17,0.022024746984243393
1979-08-20,0.022024746984243393
1979-08-21,0.02211552858352661
1979-08-22,0.02247805707156658
1979-08-23,0.02284059301018715
1979-08-24,0.023474859073758125
1979-08-27,0.02356562577188015
1979-08-28,0.02356562577188015
1979-08-29,0.023928143084049225
1979-08-30,0.024834172800183296
1979-08-31,0.024888861924409866
1979-09-04,0.024344155564904213
1979-09-05,0.02325420081615448
1979-09-06,0.022890884429216385
1979-09-07,0.022890884429216385
1979-09-10,0.02334461733698845
1979-09-11,0.023889873176813126
1979-09-12,0.02325420081615448
1979-09-13,0.02325420081615448
1979-09-14,0.023617537692189217
1979-09-17,0.023617537692189217
1979-09-18,0.02325420081615448
1979-09-19,0.023072268813848495
1979-09-20,0.023617537692189217
1979-09-21,0.02325420081615448
1979-09-24,0.023435568436980247
1979-09-25,0.02325420081615448
1979-09-26,0.023435568436980247
1979-09-27,0.023617537692189217
1979-09-28,0.023163236677646637
1979-10-01,0.022981291636824608
1979-10-02,0.022890884429216385
1979-10-03,0.022708959877490997
1979-10-04,0.02252756804227829
1979-10-05,0.02252756804227829
1979-10-08,0.02234562486410141
1979-10-09,0.021346628665924072
1979-10-10,0.021346628665924072
1979-10-11,0.021891329437494278
1979-10-12,0.021800924092531204
1979-10-15,0.021800924092531204
1979-10-16,0.02116469107568264
1979-10-17,0.021255653351545334
1979-10-18,0.02089233696460724
1979-10-19,0.02089233696460724
1979-10-22,0.02107372134923935
1979-10-23,0.02107372134923935
1979-10-24,0.02107372134923935
1979-10-25,0.02089233696460724
1979-10-26,0.02107372134923935
1979-10-29,0.02107372134923935
1979-10-30,0.021255653351545334
1979-10-31,0.02143704891204834
1979-11-01,0.021618975326418877
1979-11-02,0.02107372134923935
1979-11-05,0.02089233696460724
1979-11-06,0.02089233696460724
1979-11-07,0.02107372134923935
1979-11-08,0.02107372134923935
1979-11-09,0.021891329437494278
1979-11-12,0.021618975326418877
1979-11-13,0.021800924092531204
1979-11-14,0.021982304751873016
1979-11-15,0.02216424234211445
1979-11-16,0.02207326516509056
1979-11-19,0.021982304751873016
1979-11-20,0.02234562486410141
1979-11-21,0.0224365945905447
1979-11-23,0.022799910977482796
1979-11-26,0.024344155564904213
1979-11-27,0.0256155114620924
1979-11-28,0.02507079765200615
1979-11-29,0.025161772966384888
1979-11-30,0.025434119626879692
1979-12-03,0.0256155114620924
1979-12-04,0.0256155114620924
1979-12-05,0.02597883902490139
1979-12-06,0.02597883902490139
1979-12-07,0.026160769164562225
1979-12-10,0.026761984452605247
1979-12-11,0.025851504877209663
1979-12-12,0.026033256202936172
1979-12-13,0.025214500725269318
1979-12-14,0.02503216825425625
1979-12-17,0.025669189170002937
1979-12-18,0.02621559053659439
1979-12-19,0.025669189170002937
1979-12-20,0.025669189170002937
1979-12-21,0.02621559053659439
1979-12-24,0.025851504877209663
1979-12-26,0.024668097496032715
1979-12-27,0.024212831631302834
1979-12-28,0.024212831631302834
1979-12-31,0.024212831631302834
1980-01-02,0.024395184591412544
1980-01-03,0.02412225678563118
1980-01-04,0.024668097496032715
1980-01-07,0.024576924741268158
1980-01-08,0.02503216825425625
1980-01-09,0.02512333355844021
1980-01-10,0.025669189170002937
1980-01-11,0.025487395003437996
1980-01-14,0.025851504877209663
1980-01-15,0.025487395003437996
1980-01-16,0.025578567758202553
1980-01-17,0.02494102343916893
1980-01-18,0.02403108775615692
1980-01-21,0.023667018860578537
1980-01-22,0.02412225678563118
1980-01-23,0.02403108775615692
1980-01-24,0.024668097496032715
1980-01-25,0.02512333355844021
1980-01-28,0.02512333355844021
1980-01-29,0.025669189170002937
1980-01-30,0.025669189170002937
1980-01-31,0.02594265528023243
1980-02-01,0.025851504877209663
1980-02-04,0.02494102343916893
1980-02-05,0.025760337710380554
1980-02-06,0.025669189170002937
1980-02-07,0.025669189170002937
1980-02-08,0.025396259501576424
1980-02-11,0.025305114686489105
1980-02-12,0.02494102343916893
1980-02-13,0.02494102343916893
1980-02-14,0.02494102343916893
1980-02-15,0.02512333355844021
1980-02-19,0.02494102343916893
1980-02-20,0.024576924741268158
1980-02-21,0.024395184591412544
1980-02-22,0.023939920589327812
1980-02-25,0.023848757147789
1980-02-26,0.023667018860578537
1980-02-27,0.023667018860578537
1980-02-28,0.023848757147789
1980-02-29,0.023302922025322914
1980-03-03,0.022665370255708694
1980-03-04,0.02239244244992733
1980-03-05,0.02239244244992733
1980-03-06,0.021937202662229538
1980-03-07,0.021846596151590347
1980-03-10,0.021300187334418297
1980-03-11,0.0220283605158329
1980-03-12,0.021846596151590347
1980-03-13,0.021755443885922432
1980-03-14,0.021300187334418297
1980-03-17,0.02111786976456642
1980-03-18,0.02157311514019966
1980-03-19,0.02157311514019966
1980-03-20,0.021300187334418297
1980-03-21,0.021481953561306
1980-03-24,0.021481953561306
1980-03-25,0.021481953561306
1980-03-26,0.02157311514019966
1980-03-27,0.02111786976456642
1980-03-28,0.020825479179620743
1980-03-31,0.020825479179620743
1980-04-01,0.021465251222252846
1980-04-02,0.02137378230690956
1980-04-03,0.02119082398712635
1980-04-07,0.021099906414747238
1980-04-08,0.02100844494998455
1980-04-09,0.02119082398712635
1980-04-10,0.021556170657277107
1980-04-11,0.02237832173705101
1980-04-14,0.02265273779630661
1980-04-15,0.022195933386683464
1980-04-16,0.02210446633398533
1980-04-17,0.0222874004393816
1980-04-18,0.02265273779630661
1980-04-21,0.02274366468191147
1980-04-22,0.02320045419037342
1980-04-23,0.024296483024954796
1980-04-24,0.025118643417954445
1980-04-25,0.024936262518167496
1980-04-28,0.024753326550126076
1980-04-29,0.024114105850458145
1980-04-30,0.02374878153204918
1980-05-01,0.024387970566749573
1980-05-02,0.024114105850458145
1980-05-05,0.02484479732811451
1980-05-06,0.025027185678482056
1980-05-07,0.025392528623342514
1980-05-08,0.025118643417954445
1980-05-09,0.025027185678482056
1980-05-12,0.024570921435952187
1980-05-13,0.024570921435952187
1980-05-14,0.024114105850458145
1980-05-15,0.024387970566749573
1980-05-16,0.024661835283041
1980-05-19,0.024661835283041
1980-05-20,0.024479467421770096
1980-05-21,0.024114105850458145
1980-05-22,0.024570921435952187
1980-05-23,0.02484479732811451
1980-05-27,0.025027185678482056
1980-05-28,0.025210130959749222
1980-05-29,0.025027185678482056
1980-05-30,0.025027185678482056
1980-06-02,0.024661835283041
1980-06-03,0.024936262518167496
1980-06-04,0.025210130959749222
1980-06-05,0.025392528623342514
1980-06-06,0.025757862254977226
1980-06-09,0.025757862254977226
1980-06-10,0.02658001519739628
1980-06-11,0.027310669422149658
1980-06-12,0.027676019817590714
1980-06-13,0.027858980000019073
1980-06-16,0.027840424329042435
1980-06-17,0.02875644713640213
1980-06-18,0.028481297194957733
1980-06-19,0.027840424329042435
1980-06-20,0.027657538652420044
1980-06-23,0.027657538652420044
1980-06-24,0.028206683695316315
1980-06-25,0.028481297194957733
1980-06-26,0.02857300452888012
1980-06-27,0.02839014306664467
1980-06-30,0.028114991262555122
1980-07-01,0.027840424329042435
1980-07-02,0.02802383340895176
1980-07-03,0.027840424329042435
1980-07-07,0.028481297194957733
1980-07-08,0.0286647267639637
1980-07-09,0.0286647267639637
1980-07-10,0.02857300452888012
1980-07-11,0.029305603355169296
1980-07-14,0.030313363298773766
1980-07-15,0.03049621544778347
1980-07-16,0.03159511461853981
1980-07-17,0.03159511461853981
1980-07-18,0.031870268285274506
1980-07-21,0.03177855536341667
1980-07-22,0.031045932322740555
1980-07-23,0.03067963570356369
1980-07-24,0.03095424361526966
1980-07-25,0.030771350488066673
1980-07-28,0.03150395303964615
1980-07-29,0.031870268285274506
1980-07-30,0.031870268285274506
1980-07-31,0.03214484080672264
1980-08-01,0.03159511461853981
1980-08-04,0.031137671321630478
1980-08-05,0.031045932322740555
1980-08-06,0.03150395303964615
1980-08-07,0.03214484080672264
1980-08-08,0.0329691544175148
1980-08-11,0.03370175510644913
1980-08-12,0.03461723029613495
1980-08-13,0.03443436697125435
1980-08-14,0.034983523190021515
1980-08-15,0.036174140870571136
1980-08-18,0.03525865077972412
1980-08-19,0.03443436697125435
1980-08-20,0.0334271565079689
1980-08-21,0.03443436697125435
1980-08-22,0.035350359976291656
1980-08-25,0.0368155799806118
1980-08-26,0.036540426313877106
1980-08-27,0.036174140870571136
1980-08-28,0.03580784797668457
1980-08-29,0.03542274609208107
1980-09-02,0.03523894399404526
1980-09-03,0.035697873681783676
1980-09-04,0.03588113561272621
1980-09-05,0.03597301244735718
1980-09-08,0.036156825721263885
1980-09-09,0.03597301244735718
1980-09-10,0.03643197938799858
1980-09-11,0.03707420453429222
1980-09-12,0.038542378693819046
1980-09-15,0.03964407369494438
1980-09-16,0.04056141898036003
1980-09-17,0.04028627648949623
1980-09-18,0.03991923853754997
1980-09-19,0.04028627648949623
1980-09-22,0.03982732445001602
1980-09-23,0.039093226194381714
1980-09-24,0.03716607764363289
1980-09-25,0.03707420453429222
1980-09-26,0.03670712932944298
1980-09-29,0.036340076476335526
1980-09-30,0.03670712932944298
1980-10-01,0.038542378693819046
1980-10-02,0.03964407369494438
1980-10-03,0.03982732445001602
1980-10-06,0.03973542898893356
1980-10-07,0.039185136556625366
1980-10-08,0.03964407369494438
1980-10-09,0.03964407369494438
1980-10-10,0.04001113772392273
1980-10-13,0.04001113772392273
1980-10-14,0.03991923853754997
1980-10-15,0.04001113772392273
1980-10-16,0.03946027532219887
1980-10-17,0.038359135389328
1980-10-20,0.03790014982223511
1980-10-21,0.03771692514419556
1980-10-22,0.0376250334084034
1980-10-23,0.037533145397901535
1980-10-24,0.038542378693819046
1980-10-27,0.037808287888765335
1980-10-28,0.0376250334084034
1980-10-29,0.037808287888765335
1980-10-30,0.0376250334084034
1980-10-31,0.03707420453429222
1980-11-03,0.03689095377922058
1980-11-05,0.037808287888765335
1980-11-06,0.0376250334084034
1980-11-07,0.03744122385978699
1980-11-10,0.037349339574575424
1980-11-11,0.037533145397901535
1980-11-12,0.03744122385978699
1980-11-13,0.03817533329129219
1980-11-14,0.03964407369494438
1980-11-17,0.03964407369494438
1980-11-18,0.041112300008535385
1980-11-19,0.04147932305932045
1980-11-20,0.04147932305932045
1980-11-21,0.04166258126497269
1980-11-24,0.041112300008535385
1980-11-25,0.041112300008535385
1980-11-26,0.041112300008535385
1980-11-28,0.041295524686574936
1980-12-01,0.04175448417663574
1980-12-02,0.04147932305932045
1980-12-03,0.04166258126497269
1980-12-04,0.04120360687375069
1980-12-05,0.040378183126449585
1980-12-08,0.03973542898893356
1980-12-09,0.03927646204829216
1980-12-10,0.039185136556625366
1980-12-11,0.0380840003490448
1980-12-12,0.0376250334084034
1980-12-15,0.03744122385978699
1980-12-16,0.03670712932944298
1980-12-17,0.03652387112379074
1980-12-18,0.03707420453429222
1980-12-19,0.03689095377922058
1980-12-22,0.03946027532219887
1980-12-23,0.04421289265155792
1980-12-24,0.04366002231836319
1980-12-26,0.04366002231836319
1980-12-29,0.0432915985584259
1980-12-30,0.043107662349939346
1980-12-31,0.04458135366439819
1981-01-02,0.04660790413618088
1981-01-05,0.04955524206161499
1981-01-06,0.05066051706671715
1981-01-07,0.0501081645488739
1981-01-08,0.048634499311447144
1981-01-09,0.045502644032239914
1981-01-12,0.04587109759449959
1981-01-13,0.04734475910663605
1981-01-14,0.048449985682964325
1981-01-15,0.04752867668867111
1981-01-16,0.04568657651543617
1981-01-19,0.047160256654024124
1981-01-20,0.04642344266176224
1981-01-21,0.04587109759449959
1981-01-22,0.04587109759449959
1981-01-23,0.04697633534669876
1981-01-26,0.046239499002695084
1981-01-27,0.04587109759449959
1981-01-28,0.04568657651543617
1981-01-29,0.04568657651543617
1981-01-30,0.04421289265155792
1981-02-02,0.04163398966193199
1981-02-03,0.04163398966193199
1981-02-04,0.044765811413526535
1981-02-05,0.04660790413618088
1981-02-06,0.04826551675796509
1981-02-09,0.04826551675796509
1981-02-10,0.046791836619377136
1981-02-11,0.047897111624479294
1981-02-12,0.048449985682964325
1981-02-13,0.04752867668867111
1981-02-17,0.047897111624479294
1981-02-18,0.04752867668867111
1981-02-19,0.046791836619377136
1981-02-20,0.046239499002695084
1981-02-23,0.046239499002695084
1981-02-24,0.04568657651543617
1981-02-25,0.044765811413526535
1981-02-26,0.044949762523174286
1981-02-27,0.04660790413618088
1981-03-02,0.047160256654024124
1981-03-03,0.04808158427476883
1981-03-04,0.04771319404244423
1981-03-05,0.04642344266176224
1981-03-06,0.04752867668867111
1981-03-09,0.04771319404244423
1981-03-10,0.047897111624479294
1981-03-11,0.04808158427476883
1981-03-12,0.048634499311447144
1981-03-13,0.0501081645488739
1981-03-16,0.0501081645488739
1981-03-17,0.05102893337607384
1981-03-18,0.05195028707385063
1981-03-19,0.05158181115984917
1981-03-20,0.05066051706671715
1981-03-23,0.05158181115984917
1981-03-24,0.05278495326638222
1981-03-25,0.05389224737882614
1981-03-26,0.05352315679192543
1981-03-27,0.05315409228205681
1981-03-30,0.05333889648318291
1981-03-31,0.05389224737882614
1981-04-01,0.05463044345378876
1981-04-02,0.05463044345378876
1981-04-03,0.05389224737882614
1981-04-06,0.05333889648318291
1981-04-07,0.05186191201210022
1981-04-08,0.0511237308382988
1981-04-09,0.05204678699374199
1981-04-10,0.054077088832855225
1981-04-13,0.05389224737882614
1981-04-14,0.05260013788938522
1981-04-15,0.05315409228205681
1981-04-16,0.054077088832855225
1981-04-20,0.054077088832855225
1981-04-21,0.05536869913339615
1981-04-22,0.05536869913339615
1981-04-23,0.05739903450012207
1981-04-24,0.05758382007479668
1981-04-27,0.056291691958904266
1981-04-28,0.05647602304816246
1981-04-29,0.055922627449035645
1981-04-30,0.057029932737350464
1981-05-01,0.056845054030418396
1981-05-04,0.05536869913339615
1981-05-05,0.0572141595184803
1981-05-06,0.0572141595184803
1981-05-07,0.05573776736855507
1981-05-08,0.05647602304816246
1981-05-11,0.05573776736855507
1981-05-12,0.054815273731946945
1981-05-13,0.055184412747621536
1981-05-14,0.05463044345378876
1981-05-15,0.05536869913339615
1981-05-18,0.05666083097457886
1981-05-19,0.056845054030418396
1981-05-20,0.056291691958904266
1981-05-21,0.05666083097457886
1981-05-22,0.0572141595184803
1981-05-26,0.0572141595184803
1981-05-27,0.05795294791460037
1981-05-28,0.05739903450012207
1981-05-29,0.0572141595184803
1981-06-01,0.05647602304816246
1981-06-02,0.05647602304816246
1981-06-03,0.05610688775777817
1981-06-04,0.05536869913339615
1981-06-05,0.054815273731946945
1981-06-08,0.055922627449035645
1981-06-09,0.05573776736855507
1981-06-10,0.05610688775777817
1981-06-11,0.05666083097457886
1981-06-12,0.056845054030418396
1981-06-15,0.05758382007479668
1981-06-16,0.05841924622654915
1981-06-17,0.05786438286304474
1981-06-18,0.05767979100346565
1981-06-19,0.05472150817513466
1981-06-22,0.05472150817513466
1981-06-23,0.05472150817513466
1981-06-24,0.05527639389038086
1981-06-25,0.0550912469625473
1981-06-26,0.05638553574681282
1981-06-29,0.056200407445430756
1981-06-30,0.056200407445430756
1981-07-01,0.056939803063869476
1981-07-02,0.056939803063869476
1981-07-06,0.0543517991900444
1981-07-07,0.05472150817513466
1981-07-08,0.05472150817513466
1981-07-09,0.05398209020495415
1981-07-10,0.05398209020495415
1981-07-13,0.053797513246536255
1981-07-14,0.05213353782892227
1981-07-15,0.051024358719587326
1981-07-16,0.05213353782892227
1981-07-17,0.05231809616088867
1981-07-20,0.05250320956110954
1981-07-21,0.051394056528806686
1981-07-22,0.051394056528806686
1981-07-23,0.05213353782892227
1981-07-24,0.05250320956110954
1981-07-27,0.052872925996780396
1981-07-28,0.05324268713593483
1981-07-29,0.05361237749457359
1981-07-30,0.05361237749457359
1981-07-31,0.05472150817513466
1981-08-03,0.05583067238330841
1981-08-04,0.05601583421230316
1981-08-05,0.055646076798439026
1981-08-06,0.05583067238330841
1981-08-07,0.0550912469625473
1981-08-10,0.056200407445430756
1981-08-11,0.056939803063869476
1981-08-12,0.05730952322483063
1981-08-13,0.05730952322483063
1981-08-14,0.05860385671257973
1981-08-17,0.05730952322483063
1981-08-18,0.05730952322483063
1981-08-19,0.05767979100346565
1981-08-20,0.05841924622654915
1981-08-21,0.05730952322483063
1981-08-24,0.0543517991900444
1981-08-25,0.053797513246536255
1981-08-26,0.05194836109876633
1981-08-27,0.052872925996780396
1981-08-28,0.052872925996780396
1981-08-31,0.052783627063035965
1981-09-01,0.05241323262453079
1981-09-02,0.05259869620203972
1981-09-03,0.05111714452505112
1981-09-04,0.050005953758955
1981-09-08,0.04889483004808426
1981-09-09,0.04982048273086548
1981-09-10,0.05093168467283249
1981-09-11,0.05130205675959587
1981-09-14,0.051487524062395096
1981-09-15,0.05296909809112549
1981-09-16,0.05222833529114723
1981-09-17,0.05185791105031967
1981-09-18,0.05241323262453079
1981-09-21,0.05111714452505112
1981-09-22,0.05296909809112549
1981-09-23,0.05185791105031967
1981-09-24,0.052042827010154724
1981-09-25,0.050561271607875824
1981-09-28,0.05093168467283249
1981-09-29,0.054450612515211105
1981-09-30,0.05593220517039299
1981-10-01,0.05630261451005936
1981-10-02,0.05759928375482559
1981-10-05,0.05919555947184563
1981-10-06,0.05975726991891861
1981-10-07,0.05882096290588379
1981-10-08,0.059570204466581345
1981-10-09,0.059944842010736465
1981-10-12,0.059570204466581345
1981-10-13,0.05844631418585777
1981-10-14,0.059008002281188965
1981-10-15,0.05807112902402878
1981-10-16,0.05807112902402878
1981-10-19,0.05807112902402878
1981-10-20,0.059570204466581345
1981-10-21,0.05844631418585777
1981-10-22,0.05807112902402878
1981-10-23,0.05769650265574455
1981-10-26,0.05788412690162659
1981-10-27,0.05919555947184563
1981-10-28,0.05919555947184563
1981-10-29,0.05919555947184563
1981-10-30,0.059570204466581345
1981-11-02,0.06425338238477707
1981-11-03,0.06406579166650772
1981-11-04,0.06462801247835159
1981-11-05,0.06406579166650772
1981-11-06,0.06444045901298523
1981-11-09,0.063691146671772
1981-11-10,0.0631294846534729
1981-11-11,0.06331652402877808
1981-11-12,0.06406579166650772
1981-11-13,0.06294193863868713
1981-11-16,0.062379688024520874
1981-11-17,0.06256725639104843
1981-11-18,0.06219262257218361
1981-11-19,0.062004998326301575
1981-11-20,0.06294193863868713
1981-11-23,0.063691146671772
1981-11-24,0.06387876719236374
1981-11-25,0.06462801247835159
1981-11-27,0.06462801247835159
1981-11-30,0.06575191766023636
1981-12-01,0.06537728011608124
1981-12-02,0.06537728011608124
1981-12-03,0.06462801247835159
1981-12-04,0.063691146671772
1981-12-07,0.06294193863868713
1981-12-08,0.06256725639104843
1981-12-09,0.06350412219762802
1981-12-10,0.06406579166650772
1981-12-11,0.06462801247835159
1981-12-14,0.063691146671772
1981-12-15,0.06406579166650772
1981-12-16,0.06387876719236374
1981-12-17,0.06294193863868713
1981-12-18,0.06350412219762802
1981-12-21,0.063691146671772
1981-12-22,0.06406579166650772
1981-12-23,0.06331652402877808
1981-12-24,0.063691146671772
1981-12-28,0.06406579166650772
1981-12-29,0.06387876719236374
1981-12-30,0.06425338238477707
1981-12-31,0.063691146671772
1982-01-04,0.063691146671772
1982-01-05,0.06181802228093147
1982-01-06,0.059382613748311996
1982-01-07,0.059570204466581345
1982-01-08,0.06106874719262123
1982-01-11,0.06013188883662224
1982-01-12,0.05919555947184563
1982-01-13,0.05807112902402878
1982-01-14,0.05788412690162659
1982-01-15,0.05844631418585777
1982-01-18,0.059008002281188965
1982-01-19,0.059382613748311996
1982-01-20,0.059944842010736465
1982-01-21,0.06050652265548706
1982-01-22,0.059944842010736465
1982-01-25,0.05882096290588379
1982-01-26,0.05882096290588379
1982-01-27,0.05882096290588379
1982-01-28,0.0606941320002079
1982-01-29,0.06350412219762802
1982-02-01,0.06593894213438034
1982-02-02,0.06556432694196701
1982-02-03,0.06462801247835159
1982-02-04,0.0651896521449089
1982-02-05,0.06593894213438034
1982-02-08,0.06406579166650772
1982-02-09,0.06275426596403122
1982-02-10,0.062004998326301575
1982-02-11,0.062379688024520874
1982-02-12,0.0631294846534729
1982-02-16,0.06256725639104843
1982-02-17,0.06350412219762802
1982-02-18,0.0631294846534729
1982-02-19,0.06350412219762802
1982-02-22,0.06406579166650772
1982-02-23,0.06294193863868713
1982-02-24,0.06219262257218361
1982-02-25,0.06275426596403122
1982-02-26,0.06219262257218361
1982-03-01,0.06219262257218361
1982-03-02,0.0631294846534729
1982-03-03,0.06294193863868713
1982-03-04,0.06181802228093147
1982-03-05,0.06144333630800247
1982-03-08,0.06031952053308487
1982-03-09,0.06106874719262123
1982-03-10,0.06163037568330765
1982-03-11,0.06144333630800247
1982-03-12,0.06013188883662224
1982-03-15,0.05975726991891861
1982-03-16,0.06031952053308487
1982-03-17,0.06125577539205551
1982-03-18,0.06144333630800247
1982-03-19,0.06181802228093147
1982-03-22,0.06294193863868713
1982-03-23,0.06439114362001419
1982-03-24,0.06476659327745438
1982-03-25,0.06495402753353119
1982-03-26,0.06476659327745438
1982-03-29,0.06532943993806839
1982-03-30,0.06758265942335129
1982-03-31,0.06870890408754349
1982-04-01,0.07039811462163925
1982-04-02,0.07077357172966003
1982-04-05,0.06908432394266129
1982-04-06,0.06720662862062454
1982-04-07,0.06889636069536209
1982-04-08,0.07077357172966003
1982-04-12,0.0720878317952156
1982-04-13,0.07227582484483719
1982-04-14,0.07283865660429001
1982-04-15,0.07415299117565155
1982-04-16,0.07434038817882538
1982-04-19,0.07452841848134995
1982-04-20,0.07452841848134995
1982-04-21,0.07471580058336258
1982-04-22,0.07659360021352768
1982-04-23,0.07771985977888107
1982-04-26,0.07959704101085663
1982-04-27,0.07884620130062103
1982-04-28,0.07659360021352768
1982-04-29,0.07922165095806122
1982-04-30,0.07809539139270782
1982-05-03,0.07790733873844147
1982-05-04,0.07790733873844147
1982-05-05,0.07884620130062103
1982-05-06,0.07922165095806122
1982-05-07,0.07809539139270782
1982-05-10,0.07790733873844147
1982-05-11,0.0775318592786789
1982-05-12,0.0771564468741417
1982-05-13,0.07659360021352768
1982-05-14,0.07396501302719116
1982-05-17,0.07396501302719116
1982-05-18,0.07302667945623398
1982-05-19,0.07302667945623398
1982-05-20,0.07396501302719116
1982-05-21,0.07490384578704834
1982-05-24,0.07509128004312515
1982-05-25,0.07509128004312515
1982-05-26,0.0735895186662674
1982-05-27,0.07283865660429001
1982-05-28,0.07340215146541595
1982-06-01,0.07340215146541595
1982-06-02,0.0732140988111496
1982-06-03,0.07471580058336258
1982-06-04,0.0735895186662674
1982-06-07,0.07227582484483719
1982-06-08,0.07265125215053558
1982-06-09,0.07302667945623398
1982-06-10,0.07434038817882538
1982-06-11,0.07452841848134995
1982-06-14,0.07415299117565155
1982-06-15,0.07447599619626999
1982-06-16,0.07447599619626999
1982-06-17,0.07522818446159363
1982-06-18,0.07485207915306091
1982-06-21,0.07522818446159363
1982-06-22,0.07522818446159363
1982-06-23,0.07485207915306091
1982-06-24,0.07880160957574844
1982-06-25,0.07917770743370056
1982-06-28,0.08143496513366699
1982-06-29,0.08030606061220169
1982-06-30,0.07955384999513626
1982-07-01,0.07823776453733444
1982-07-02,0.07748551666736603
1982-07-06,0.07786159217357635
1982-07-07,0.07710935920476913
1982-07-08,0.07522818446159363
1982-07-09,0.07504040002822876
1982-07-12,0.07560432702302933
1982-07-13,0.07635653764009476
1982-07-14,0.08199888467788696
1982-07-15,0.08124664425849915
1982-07-16,0.08500783145427704
1982-07-19,0.08688902109861374
1982-07-20,0.08538401126861572
1982-07-21,0.08500783145427704
1982-07-22,0.0835033729672432
1982-07-23,0.08312728255987167
1982-07-26,0.08124664425849915
1982-07-27,0.07823776453733444
1982-07-28,0.07635653764009476
1982-07-29,0.08049441128969193
1982-07-30,0.08199888467788696
1982-08-02,0.08199888467788696
1982-08-03,0.08199888467788696
1982-08-04,0.07823776453733444
1982-08-05,0.07522818446159363
1982-08-06,0.07673326134681702
1982-08-09,0.07522818446159363
1982-08-10,0.07522818446159363
1982-08-11,0.07522818446159363
1982-08-12,0.07598044723272324
1982-08-13,0.07522818446159363
1982-08-16,0.07861381769180298
1982-08-17,0.08162276446819305
1982-08-18,0.08387947827577591
1982-08-19,0.08613673597574234
1982-08-20,0.08801738917827606
1982-08-23,0.09779705852270126
1982-08-24,0.09591639786958694
1982-08-25,0.09591639786958694
1982-08-26,0.09478802978992462
1982-08-27,0.09177857637405396
1982-08-30,0.09116054326295853
1982-08-31,0.09455061703920364
1982-09-01,0.09530459344387054
1982-09-02,0.09756461530923843
1982-09-03,0.10095467418432236
1982-09-07,0.09944797307252884
1982-09-08,0.09869461506605148
1982-09-09,0.10434528440237045
1982-09-10,0.10283803194761276
1982-09-13,0.10246137529611588
1982-09-14,0.10396862775087357
1982-09-15,0.10472197085618973
1982-09-16,0.10547530651092529
1982-09-17,0.10472197085618973
1982-09-20,0.10246137529611588
1982-09-21,0.10321471840143204
1982-09-22,0.10283803194761276
1982-09-23,0.105098657310009
1982-09-24,0.10547530651092529
1982-09-27,0.1066054105758667
1982-09-28,0.10961873829364777
1982-09-29,0.10848875343799591
1982-09-30,0.10698199272155762
1982-10-01,0.10773531347513199
1982-10-04,0.11263212561607361
1982-10-05,0.11300933361053467
1982-10-06,0.11451607942581177
1982-10-07,0.11526944488286972
1982-10-08,0.11376272141933441
1982-10-11,0.1160227432847023
1982-10-12,0.11564607918262482
1982-10-13,0.11639942973852158
1982-10-14,0.11677607148885727
1982-10-15,0.11865947395563126
1982-10-18,0.11865947395563126
1982-10-19,0.11865947395563126
1982-10-20,0.11752941459417343
1982-10-21,0.12016613781452179
1982-10-22,0.12091944366693497
1982-10-25,0.11715275794267654
1982-10-26,0.1160227432847023
1982-10-27,0.12016613781452179
1982-10-28,0.11828278005123138
1982-10-29,0.11828278005123138
1982-11-01,0.11903614550828934
1982-11-02,0.12205001711845398
1982-11-03,0.12883011996746063
1982-11-04,0.13335080444812775
1982-11-05,0.13335080444812775
1982-11-08,0.13372750580310822
1982-11-09,0.13184407353401184
1982-11-10,0.13259750604629517
1982-11-11,0.13335080444812775
1982-11-12,0.1341041624546051
1982-11-15,0.13033685088157654
1982-11-16,0.12619349360466003
1982-11-17,0.13033685088157654
1982-11-18,0.13259750604629517
1982-11-19,0.1356109231710434
1982-11-22,0.1307135373353958
1982-11-23,0.12958356738090515
1982-11-24,0.13109079003334045
1982-11-26,0.13485747575759888
1982-11-29,0.1382475346326828
1982-11-30,0.1427682638168335
1982-12-01,0.1487949788570404
1982-12-02,0.1506788730621338
1982-12-03,0.1506788730621338
1982-12-06,0.1559523642063141
1982-12-07,0.16136640310287476
1982-12-08,0.16212044656276703
1982-12-09,0.15382587909698486
1982-12-10,0.14176128804683685
1982-12-13,0.1447773277759552
1982-12-14,0.14251531660556793
1982-12-15,0.14100730419158936
1982-12-16,0.14100730419158936
1982-12-17,0.14817021787166595
1982-12-20,0.15043282508850098
1982-12-21,0.15231788158416748
1982-12-22,0.1568419486284256
1982-12-23,0.15269483625888824
1982-12-27,0.1508098542690277
1982-12-28,0.14515425264835358
1982-12-29,0.150055930018425
1982-12-30,0.1508098542690277
1982-12-31,0.15043282508850098
1983-01-03,0.1455312967300415
1983-01-04,0.1413843035697937
1983-01-05,0.13949868083000183
1983-01-06,0.14213834702968597
1983-01-07,0.13874474167823792
1983-01-10,0.13648270070552826
1983-01-11,0.13610565662384033
1983-01-12,0.14176128804683685
1983-01-13,0.13987568020820618
1983-01-14,0.13987568020820618
1983-01-17,0.1413843035697937
1983-01-18,0.14063028991222382
1983-01-19,0.1383676826953888
1983-01-20,0.13799071311950684
1983-01-21,0.13685978949069977
1983-01-24,0.13422071933746338
1983-01-25,0.13912177085876465
1983-01-26,0.1402532458305359
1983-01-27,0.1455312967300415
1983-01-28,0.13987568020820618
1983-01-31,0.14176128804683685
1983-02-01,0.14251531660556793
1983-02-02,0.14251531660556793
1983-02-03,0.1413843035697937
1983-02-04,0.14100730419158936
1983-02-07,0.1402532458305359
1983-02-08,0.1402532458305359
1983-02-09,0.1440233439207077
1983-02-10,0.1462852954864502
1983-02-11,0.15043282508850098
1983-02-14,0.1508098542690277
1983-02-15,0.14892429113388062
1983-02-16,0.14515425264835358
1983-02-17,0.1459082067012787
1983-02-18,0.1447773277759552
1983-02-22,0.14251531660556793
1983-02-23,0.14326924085617065
1983-02-24,0.14326924085617065
1983-02-25,0.1462852954864502
1983-02-28,0.14854730665683746
1983-03-01,0.1493019163608551
1983-03-02,0.15043282508850098
1983-03-03,0.15457983314990997
1983-03-04,0.16061250865459442
1983-03-07,0.16212044656276703
1983-03-08,0.16249746084213257
1983-03-09,0.16136640310287476
1983-03-10,0.15835046768188477
1983-03-11,0.15382587909698486
1983-03-14,0.15269483625888824
1983-03-15,0.1602354645729065
1983-03-16,0.16174346208572388
1983-03-17,0.16325144469738007
1983-03-18,0.16421808302402496
1983-03-21,0.16912606358528137
1983-03-22,0.17176851630210876
1983-03-23,0.1751658022403717
1983-03-24,0.17969632148742676
1983-03-25,0.18158365786075592
1983-03-28,0.18082883954048157
1983-03-29,0.17931881546974182
1983-03-30,0.17969632148742676
1983-03-31,0.17478829622268677
1983-04-04,0.17327840626239777
1983-04-05,0.17063592374324799
1983-04-06,0.16799353063106537
1983-04-07,0.17214594781398773
1983-04-08,0.17327840626239777
1983-04-11,0.17629824578762054
1983-04-12,0.17931881546974182
1983-04-13,0.17931881546974182
1983-04-14,0.1827162355184555
1983-04-15,0.1906440705060959
1983-04-18,0.19026654958724976
1983-04-19,0.1857367902994156
1983-04-20,0.1895117163658142
1983-04-21,0.1842261552810669
1983-04-22,0.18649162352085114
1983-04-25,0.1872466802597046
1983-04-26,0.1872466802597046
1983-04-27,0.18686912953853607
1983-04-28,0.1857367902994156
1983-04-29,0.18611425161361694
1983-05-02,0.18384872376918793
1983-05-03,0.18384872376918793
1983-05-04,0.18384872376918793
1983-05-05,0.18988916277885437
1983-05-06,0.19894938170909882
1983-05-09,0.20310178399085999
1983-05-10,0.20951969921588898
1983-05-11,0.20989687740802765
1983-05-12,0.212162047624588
1983-05-13,0.2200898975133896
1983-05-16,0.22122249007225037
1983-05-17,0.22046729922294617
1983-05-18,0.21518255770206451
1983-05-19,0.21140700578689575
1983-05-20,0.20989687740802765
1983-05-23,0.21102958917617798
1983-05-24,0.2163149118423462
1983-05-25,0.2163149118423462
1983-05-26,0.21744757890701294
1983-05-27,0.21744757890701294
1983-05-31,0.21706990897655487
1983-06-01,0.2159375697374344
1983-06-02,0.21518255770206451
1983-06-03,0.21895736455917358
1983-06-06,0.22877271473407745
1983-06-07,0.22726278007030487
1983-06-08,0.22915013134479523
1983-06-09,0.236700639128685
1983-06-10,0.24123087525367737
1983-06-13,0.2465158998966217
1983-06-14,0.24748338758945465
1983-06-15,0.24559423327445984
1983-06-16,0.24861665070056915
1983-06-17,0.25390660762786865
1983-06-20,0.2508842945098877
1983-06-21,0.24748338758945465
1983-06-22,0.244838684797287
1983-06-23,0.24106059968471527
1983-06-24,0.24408291280269623
1983-06-27,0.24181607365608215
1983-06-28,0.23577038943767548
1983-06-29,0.22859154641628265
1983-06-30,0.23652614653110504
1983-07-01,0.24106059968471527
1983-07-05,0.24030479788780212
1983-07-06,0.24030479788780212
1983-07-07,0.24861665070056915
1983-07-08,0.24672755599021912
1983-07-11,0.2659972906112671
1983-07-12,0.2697760760784149
1983-07-13,0.2584410011768341
1983-07-14,0.2508842945098877
1983-07-15,0.24181607365608215
1983-07-18,0.2508842945098877
1983-07-19,0.25692927837371826
1983-07-20,0.2690204381942749
1983-07-21,0.268265038728714
1983-07-22,0.2727985382080078
1983-07-25,0.27128732204437256
1983-07-26,0.27128732204437256
1983-07-27,0.2599523365497589
1983-07-28,0.2546623647212982
1983-07-29,0.24786104261875153
1983-08-01,0.24257169663906097
1983-08-02,0.23652614653110504
1983-08-03,0.2433272898197174
1983-08-04,0.24257169663906097
1983-08-05,0.2508842945098877
1983-08-08,0.2516399025917053
1983-08-09,0.25012853741645813
1983-08-10,0.2690204381942749
1983-08-11,0.26448604464530945
1983-08-12,0.2554180920124054
1983-08-15,0.2659972906112671
1983-08-16,0.26221907138824463
1983-08-17,0.25692927837371826
1983-08-18,0.24786104261875153
1983-08-19,0.24106059968471527
1983-08-22,0.23501507937908173
1983-08-23,0.23425936698913574
1983-08-24,0.2297249287366867
1983-08-25,0.22594675421714783
1983-08-26,0.23123672604560852
1983-08-29,0.2306917905807495
1983-08-30,0.23749925196170807
1983-08-31,0.23825564980506897
1983-09-01,0.23825564980506897
1983-09-02,0.2359866499900818
1983-09-06,0.23447415232658386
1983-09-07,0.24052506685256958
1983-09-08,0.24279409646987915
1983-09-09,0.22842301428318024
1983-09-12,0.22993551194667816
1983-09-13,0.22539769113063812
1983-09-14,0.22842301428318024
1983-09-15,0.22464126348495483
1983-09-16,0.2352304607629776
1983-09-19,0.23749925196170807
1983-09-20,0.24128158390522003
1983-09-21,0.24506311118602753
1983-09-22,0.24808840453624725
1983-09-23,0.23901191353797913
1983-09-26,0.23749925196170807
1983-09-27,0.23749925196170807
1983-09-28,0.23901191353797913
1983-09-29,0.24279409646987915
1983-09-30,0.24733203649520874
1983-10-03,0.25111404061317444
1983-10-04,0.2518705427646637
1983-10-05,0.25338321924209595
1983-10-06,0.25338321924209595
1983-10-07,0.2541395127773285
1983-10-10,0.2564086318016052
1983-10-11,0.2632160186767578
1983-10-12,0.26245957612991333
1983-10-13,0.2601907253265381
1983-10-14,0.2586780786514282
1983-10-17,0.2564086318016052
1983-10-18,0.24808840453624725
1983-10-19,0.24355049431324005
1983-10-20,0.25262683629989624
1983-10-21,0.24733203649520874
1983-10-24,0.24506311118602753
1983-10-25,0.24884478747844696
1983-10-26,0.25489598512649536
1983-10-27,0.25111404061317444
1983-10-28,0.246575728058815
1983-10-31,0.23749925196170807
1983-11-01,0.24203787744045258
1983-11-02,0.24960163235664368
1983-11-03,0.24733203649520874
1983-11-04,0.24506311118602753
1983-11-07,0.24203787744045258
1983-11-08,0.24128158390522003
1983-11-09,0.25035783648490906
1983-11-10,0.2518705427646637
1983-11-11,0.2541395127773285
1983-11-14,0.2586780786514282
1983-11-15,0.2556522488594055
1983-11-16,0.2617033123970032
1983-11-17,0.26472848653793335
1983-11-18,0.2639721632003784
1983-11-21,0.2639721632003784
1983-11-22,0.2669976055622101
1983-11-23,0.26472848653793335
1983-11-25,0.2586780786514282
1983-11-28,0.2601907253265381
1983-11-29,0.2564086318016052
1983-11-30,0.25489598512649536
1983-12-01,0.25111404061317444
1983-12-02,0.25035783648490906
1983-12-05,0.24279409646987915
1983-12-06,0.244520366191864
1983-12-07,0.2414924055337906
1983-12-08,0.24603429436683655
1983-12-09,0.24073542654514313
1983-12-12,0.24073542654514313
1983-12-13,0.2354360669851303
1983-12-14,0.23316510021686554
1983-12-15,0.23089350759983063
1983-12-16,0.23392195999622345
1983-12-19,0.22937965393066406
1983-12-20,0.22408071160316467
1983-12-21,0.22105219960212708
1983-12-22,0.23089350759983063
1983-12-23,0.23240798711776733
1983-12-27,0.24224935472011566
1983-12-28,0.2414924055337906
1983-12-29,0.23922091722488403
1983-12-30,0.23619289696216583
1984-01-03,0.23240798711776733
1984-01-04,0.23619289696216583
1984-01-05,0.24073542654514313
1984-01-06,0.2414924055337906
1984-01-09,0.23997803032398224
1984-01-10,0.23619289696216583
1984-01-11,0.22786568105220795
1984-01-12,0.22408071160316467
1984-01-13,0.22408071160316467
1984-01-16,0.2218092828989029
1984-01-17,0.22559469938278198
1984-01-18,0.22786568105220795
1984-01-19,0.22559469938278198
1984-01-20,0.21953821182250977
1984-01-23,0.21196788549423218
1984-01-24,0.20969682931900024
1984-01-25,0.2043980360031128
1984-01-26,0.20742598176002502
1984-01-27,0.20893998444080353
1984-01-30,0.20591187477111816
1984-01-31,0.21499639749526978
1984-02-01,0.2104538530111313
1984-02-02,0.2043980360031128
1984-02-03,0.19834169745445251
1984-02-06,0.19077134132385254
1984-02-07,0.196827694773674
1984-02-08,0.18622930347919464
1984-02-09,0.19077134132385254
1984-02-10,0.2013695389032364
1984-02-13,0.1990985870361328
1984-02-14,0.20061257481575012
1984-02-15,0.19607068598270416
1984-02-16,0.2028835564851761
1984-02-17,0.19379910826683044
1984-02-21,0.19228531420230865
1984-02-22,0.19077134132385254
1984-02-23,0.18925730884075165
1984-02-24,0.1953137218952179
1984-02-27,0.19834169745445251
1984-02-28,0.19379910826683044
1984-02-29,0.19455620646476746
1984-03-01,0.1998554915189743
1984-03-02,0.20969682931900024
1984-03-05,0.2028835564851761
1984-03-06,0.2013695389032364
1984-03-07,0.20364050567150116
1984-03-08,0.20591187477111816
1984-03-09,0.20742598176002502
1984-03-12,0.20893998444080353
1984-03-13,0.2104538530111313
1984-03-14,0.20893998444080353
1984-03-15,0.21121086180210114
1984-03-16,0.21272476017475128
1984-03-19,0.20924997329711914
1984-03-20,0.2153153419494629
1984-03-21,0.2153153419494629
1984-03-22,0.2031845599412918
1984-03-23,0.19711971282958984
1984-03-26,0.1910543292760849
1984-03-27,0.1910543292760849
1984-03-28,0.20166827738285065
1984-03-29,0.2001519799232483
1984-03-30,0.20166827738285065
1984-04-02,0.2031845599412918
1984-04-03,0.2001519799232483
1984-04-04,0.19636154174804688
1984-04-05,0.19787771999835968
1984-04-06,0.19787771999835968
1984-04-09,0.19636154174804688
1984-04-10,0.20166827738285065
1984-04-11,0.2047012597322464
1984-04-12,0.21076609194278717
1984-04-13,0.20924997329711914
1984-04-16,0.2031845599412918
1984-04-17,0.2069755345582962
1984-04-18,0.20621737837791443
1984-04-19,0.20621737837791443
1984-04-23,0.2069755345582962
1984-04-24,0.20924997329711914
1984-04-25,0.20621737837791443
1984-04-26,0.20924997329711914
1984-04-27,0.2153153419494629
1984-04-30,0.2153153419494629
1984-05-01,0.21228234469890594
1984-05-02,0.21304039657115936
1984-05-03,0.21228234469890594
1984-05-04,0.2153153419494629
1984-05-07,0.21228234469890594
1984-05-08,0.21228234469890594
1984-05-09,0.21607345342636108
1984-05-10,0.2244131714105606
1984-05-11,0.22213834524154663
1984-05-14,0.21758975088596344
1984-05-15,0.21834784746170044
1984-05-16,0.22062209248542786
1984-05-17,0.21607345342636108
1984-05-18,0.21304039657115936
1984-05-21,0.21304039657115936
1984-05-22,0.21379919350147247
1984-05-23,0.21228234469890594
1984-05-24,0.21228234469890594
1984-05-25,0.21834784746170044
1984-05-29,0.21607345342636108
1984-05-30,0.22138015925884247
1984-05-31,0.22517143189907074
1984-06-01,0.2274453043937683
1984-06-04,0.2312360554933548
1984-06-05,0.2373015135526657
1984-06-06,0.2373015135526657
1984-06-07,0.23654329776763916
1984-06-08,0.23654329776763916
1984-06-11,0.23351101577281952
1984-06-12,0.2304779589176178
1984-06-13,0.23275279998779297
1984-06-14,0.2289617508649826
1984-06-15,0.22624118626117706
1984-06-18,0.22775937616825104
1984-06-19,0.23535150289535522
1984-06-20,0.2399064004421234
1984-06-21,0.24294358491897583
1984-06-22,0.2505358159542084
1984-06-25,0.24446196854114532
1984-06-26,0.24294358491897583
1984-06-27,0.24142535030841827
1984-06-28,0.2452210783958435
1984-06-29,0.2505358159542084
1984-07-02,0.25205403566360474
1984-07-03,0.24825766682624817
1984-07-05,0.24825766682624817
1984-07-06,0.24673940241336823
1984-07-09,0.24901700019836426
1984-07-10,0.25129470229148865
1984-07-11,0.25129470229148865
1984-07-12,0.2535724341869354
1984-07-13,0.2505358159542084
1984-07-16,0.25129470229148865
1984-07-17,0.24901700019836426
1984-07-18,0.24673940241336823
1984-07-19,0.24825766682624817
1984-07-20,0.2452210783958435
1984-07-23,0.24370276927947998
1984-07-24,0.23686979711055756
1984-07-25,0.23307400941848755
1984-07-26,0.24294358491897583
1984-07-27,0.24901700019836426
1984-07-30,0.2474985271692276
1984-07-31,0.2474985271692276
1984-08-01,0.2573682367801666
1984-08-02,0.2634418308734894
1984-08-03,0.2748296856880188
1984-08-06,0.27786684036254883
1984-08-07,0.27862584590911865
1984-08-08,0.2672375440597534
1984-08-09,0.2710339426994324
1984-08-10,0.2672375440597534
1984-08-13,0.26496028900146484
1984-08-14,0.2581273019313812
1984-08-15,0.24901700019836426
1984-08-16,0.25205403566360474
1984-08-17,0.2588862478733063
1984-08-20,0.2634418308734894
1984-08-21,0.2657194137573242
1984-08-22,0.2619234025478363
1984-08-23,0.2611643970012665
1984-08-24,0.26040518283843994
1984-08-27,0.25964608788490295
1984-08-28,0.26300281286239624
1984-08-29,0.2645229399204254
1984-08-30,0.2675630748271942
1984-08-31,0.2683233320713043
1984-09-04,0.2668032646179199
1984-09-05,0.2645229399204254
1984-09-06,0.2698439061641693
1984-09-07,0.2668032646179199
1984-09-10,0.2668032646179199
1984-09-11,0.26908397674560547
1984-09-12,0.26908397674560547
1984-09-13,0.27060431241989136
1984-09-14,0.2713642418384552
1984-09-17,0.27060431241989136
1984-09-18,0.2698439061641693
1984-09-19,0.2698439061641693
1984-09-20,0.2698439061641693
1984-09-21,0.27060431241989136
1984-09-24,0.2683233320713043
1984-09-25,0.2668032646179199
1984-09-26,0.26604318618774414
1984-09-27,0.26528289914131165
1984-09-28,0.2607225477695465
1984-10-01,0.25084105134010315
1984-10-02,0.2554014027118683
1984-10-03,0.24856027960777283
1984-10-04,0.24704012274742126
1984-10-05,0.2478000968694687
1984-10-08,0.2462799847126007
1984-10-09,0.24095883965492249
1984-10-10,0.2447597086429596
1984-10-11,0.24552001059055328
1984-10-12,0.25084105134010315
1984-10-15,0.2538813352584839
1984-10-16,0.2516009211540222
1984-10-17,0.2538813352584839
1984-10-18,0.2645229399204254
1984-10-19,0.26908397674560547
1984-10-22,0.2698439061641693
1984-10-23,0.2683233320713043
1984-10-24,0.2698439061641693
1984-10-25,0.2645229399204254
1984-10-26,0.25768157839775085
1984-10-29,0.2584418058395386
1984-10-30,0.2607225477695465
1984-10-31,0.25616154074668884
1984-11-01,0.25996237993240356
1984-11-02,0.25616154074668884
1984-11-05,0.25920191407203674
1984-11-06,0.2645229399204254
1984-11-07,0.25996237993240356
1984-11-08,0.25768157839775085
1984-11-09,0.2500801384449005
1984-11-12,0.2500801384449005
1984-11-13,0.2447597086429596
1984-11-14,0.2478000968694687
1984-11-15,0.2500801384449005
1984-11-16,0.2478000968694687
1984-11-19,0.2462799847126007
1984-11-20,0.24932023882865906
1984-11-21,0.24552001059055328
1984-11-23,0.2516009211540222
1984-11-26,0.25084105134010315
1984-11-27,0.25464144349098206
1984-11-28,0.2500801384449005
1984-11-29,0.2462799847126007
1984-11-30,0.24247953295707703
1984-12-03,0.24171961843967438
1984-12-04,0.24171961843967438
1984-12-05,0.23335817456245422
1984-12-06,0.23563836514949799
1984-12-07,0.23595525324344635
1984-12-10,0.23671633005142212
1984-12-11,0.23747730255126953
1984-12-12,0.2397605925798416
1984-12-13,0.23747730255126953
1984-12-14,0.23899956047534943
1984-12-17,0.2412828505039215
1984-12-18,0.25270047783851624
1984-12-19,0.2519392967224121
1984-12-20,0.24432779848575592
1984-12-21,0.24356669187545776
1984-12-24,0.24813327193260193
1984-12-26,0.24356669187545776
1984-12-27,0.23747730255126953
1984-12-28,0.22986572980880737
1984-12-31,0.23062677681446075
1985-01-02,0.23367191851139069
1985-01-03,0.23367191851139069
1985-01-04,0.2344328910112381
1985-01-07,0.2397605925798416
1985-01-08,0.24052180349826813
1985-01-09,0.23899956047534943
1985-01-10,0.24432779848575592
1985-01-11,0.2458500862121582
1985-01-14,0.24737222492694855
1985-01-15,0.24737222492694855
1985-01-16,0.2504165470600128
1985-01-17,0.25650596618652344
1985-01-18,0.26031193137168884
1985-01-21,0.2671619951725006
1985-01-22,0.2732512950897217
1985-01-23,0.2747734487056732
1985-01-24,0.2823851406574249
1985-01-25,0.2839072346687317
1985-01-28,0.2823851406574249
1985-01-29,0.28314608335494995
1985-01-30,0.277817964553833
1985-01-31,0.27705660462379456
1985-02-01,0.2801016569137573
1985-02-04,0.27857959270477295
1985-02-05,0.27705660462379456
1985-02-06,0.27857959270477295
1985-02-07,0.28466832637786865
1985-02-08,0.28466832637786865
1985-02-11,0.28466832637786865
1985-02-12,0.28466832637786865
1985-02-13,0.2892354726791382
1985-02-14,0.2869515120983124
1985-02-15,0.28314608335494995
1985-02-19,0.28086283802986145
1985-02-20,0.27249014377593994
1985-02-21,0.2740122377872467
1985-02-22,0.2679228186607361
1985-02-25,0.26563960313796997
1985-02-26,0.2755344808101654
1985-02-27,0.27096813917160034
1985-02-28,0.27705660462379456
1985-03-01,0.27857959270477295
1985-03-04,0.277817964553833
1985-03-05,0.2762957513332367
1985-03-06,0.2755344808101654
1985-03-07,0.2702066898345947
1985-03-08,0.2740122377872467
1985-03-11,0.2732512950897217
1985-03-12,0.2755344808101654
1985-03-13,0.2732512950897217
1985-03-14,0.2755344808101654
1985-03-15,0.2762957513332367
1985-03-18,0.27367326617240906
1985-03-19,0.27519798278808594
1985-03-20,0.2759600877761841
1985-03-21,0.2767224609851837
1985-03-22,0.2721487581729889
1985-03-25,0.26986199617385864
1985-03-26,0.2675746977329254
1985-03-27,0.26681238412857056
1985-03-28,0.27062416076660156
1985-03-29,0.2721487581729889
1985-04-01,0.2767224609851837
1985-04-02,0.2782471776008606
1985-04-03,0.27748459577560425
1985-04-04,0.2744355797767639
1985-04-08,0.27291110157966614
1985-04-09,0.27291110157966614
1985-04-10,0.27519798278808594
1985-04-11,0.27519798278808594
1985-04-12,0.28205904364585876
1985-04-15,0.28205904364585876
1985-04-16,0.28358346223831177
1985-04-17,0.29044458270072937
1985-04-18,0.28892016410827637
1985-04-19,0.2866325378417969
1985-04-22,0.2881578207015991
1985-04-23,0.2881578207015991
1985-04-24,0.2881578207015991
1985-04-25,0.29044458270072937
1985-04-26,0.29501816630363464
1985-04-29,0.29273131489753723
1985-04-30,0.2858702540397644
1985-05-01,0.27748459577560425
1985-05-02,0.28434571623802185
1985-05-03,0.28434571623802185
1985-05-06,0.2828214168548584
1985-05-07,0.28358346223831177
1985-05-08,0.28968214988708496
1985-05-09,0.29501816630363464
1985-05-10,0.30035465955734253
1985-05-13,0.29425597190856934
1985-05-14,0.29730552434921265
1985-05-15,0.29654279351234436
1985-05-16,0.3034037947654724
1985-05-17,0.30569058656692505
1985-05-20,0.3102648854255676
1985-05-21,0.3102648854255676
1985-05-22,0.31102699041366577
1985-05-23,0.320174902677536
1985-05-24,0.31712576746940613
1985-05-28,0.31560125946998596
1985-05-29,0.31407630443573
1985-05-30,0.31560125946998596
1985-05-31,0.31941258907318115
1985-06-03,0.32551124691963196
1985-06-04,0.3300851881504059
1985-06-05,0.33465903997421265
1985-06-06,0.34533169865608215
1985-06-07,0.3377082347869873
1985-06-10,0.3293227255344391
1985-06-11,0.3285605013370514
1985-06-12,0.32779839634895325
1985-06-13,0.3239864706993103
1985-06-14,0.32627367973327637
1985-06-17,0.3244107961654663
1985-06-18,0.3259375989437103
1985-06-19,0.3236473500728607
1985-06-20,0.32746422290802
1985-06-21,0.33204394578933716
1985-06-24,0.33204394578933716
1985-06-25,0.3343343436717987
1985-06-26,0.33357059955596924
1985-06-27,0.33128076791763306
1985-06-28,0.33357059955596924
1985-07-01,0.33738747239112854
1985-07-02,0.32746422290802
1985-07-03,0.31906765699386597
1985-07-05,0.3167779743671417
1985-07-08,0.3167779743671417
1985-07-09,0.3076179623603821
1985-07-10,0.3053275942802429
1985-07-11,0.3106711506843567
1985-07-12,0.3106711506843567
1985-07-15,0.3053275942802429
1985-07-16,0.3167779743671417
1985-07-17,0.3175412118434906
1985-07-18,0.3167779743671417
1985-07-19,0.3167779743671417
1985-07-22,0.3167779743671417
1985-07-23,0.3114345073699951
1985-07-24,0.3053275942802429
1985-07-25,0.30380114912986755
1985-07-26,0.29998475313186646
1985-07-29,0.2938779890537262
1985-07-30,0.29158809781074524
1985-07-31,0.3022746741771698
1985-08-01,0.306854784488678
1985-08-02,0.306854784488678
1985-08-05,0.3053275942802429
1985-08-06,0.306854784488678
1985-08-07,0.3015111982822418
1985-08-08,0.29998475313186646
1985-08-09,0.30380114912986755
1985-08-12,0.3053275942802429
1985-08-13,0.3022746741771698
1985-08-14,0.3022746741771698
1985-08-15,0.29922136664390564
1985-08-16,0.30609092116355896
1985-08-19,0.3121977746486664
1985-08-20,0.3114345073699951
1985-08-21,0.3121977746486664
1985-08-22,0.30990803241729736
1985-08-23,0.3121977746486664
1985-08-26,0.30990803241729736
1985-08-27,0.31186443567276
1985-08-28,0.31339308619499207
1985-08-29,0.31339308619499207
1985-08-30,0.31645113229751587
1985-09-03,0.31186443567276
1985-09-04,0.31033584475517273
1985-09-05,0.31186443567276
1985-09-06,0.31186443567276
1985-09-09,0.31339308619499207
1985-09-10,0.30957141518592834
1985-09-11,0.30422070622444153
1985-09-12,0.30116337537765503
1985-09-13,0.2981061339378357
1985-09-16,0.3026919364929199
1985-09-17,0.3019275367259979
1985-09-18,0.3019275367259979
1985-09-19,0.30498501658439636
1985-09-20,0.30422070622444153
1985-09-23,0.3057492971420288
1985-09-24,0.3026919364929199
1985-09-25,0.29351943731307983
1985-09-26,0.29351943731307983
1985-09-30,0.29199081659317017
1985-10-01,0.2988704442977905
1985-10-02,0.2988704442977905
1985-10-03,0.30116337537765503
1985-10-04,0.30422070622444153
1985-10-07,0.3026919364929199
1985-10-08,0.3057492971420288
1985-10-09,0.31033584475517273
1985-10-10,0.32103684544563293
1985-10-11,0.32715222239494324
1985-10-14,0.33173808455467224
1985-10-15,0.3332667946815491
1985-10-16,0.33479613065719604
1985-10-17,0.3302093744277954
1985-10-18,0.325623482465744
1985-10-21,0.3302093744277954
1985-10-22,0.33173808455467224
1985-10-23,0.33479613065719604
1985-10-24,0.3302093744277954
1985-10-25,0.32715222239494324
1985-10-28,0.32409435510635376
1985-10-29,0.3302093744277954
1985-10-30,0.325623482465744
1985-10-31,0.32409435510635376
1985-11-01,0.32103684544563293
1985-11-04,0.3225657343864441
1985-11-05,0.32103684544563293
1985-11-06,0.3225657343864441
1985-11-07,0.33479613065719604
1985-11-08,0.33479613065719604
1985-11-11,0.3424391746520996
1985-11-12,0.35466960072517395
1985-11-13,0.34855446219444275
1985-11-14,0.35161182284355164
1985-11-15,0.34396854043006897
1985-11-18,0.35161182284355164
1985-11-19,0.35314083099365234
1985-11-20,0.35314083099365234
1985-11-21,0.363842248916626
1985-11-22,0.36537089943885803
1985-11-25,0.35925552248954773
1985-11-26,0.3577268421649933
1985-11-27,0.35925552248954773
1985-11-29,0.36231353878974915
1985-12-02,0.36689913272857666
1985-12-03,0.36537089943885803
1985-12-04,0.36537089943885803
1985-12-05,0.36995673179626465
1985-12-06,0.3673240542411804
1985-12-09,0.37038516998291016
1985-12-10,0.37803784012794495
1985-12-11,0.38569051027297974
1985-12-12,0.39487361907958984
1985-12-13,0.39181283116340637
1985-12-16,0.399465411901474
1985-12-17,0.4086485803127289
1985-12-18,0.41477036476135254
1985-12-19,0.38875117897987366
1985-12-20,0.39487361907958984
1985-12-23,0.37344658374786377
1985-12-24,0.38262978196144104
1985-12-26,0.3795681595802307
1985-12-27,0.38262978196144104
1985-12-30,0.38262978196144104
1985-12-31,0.39028242230415344
1986-01-02,0.37650737166404724
1986-01-03,0.37191617488861084
1986-01-06,0.37650737166404724
1986-01-07,0.38569051027297974
1986-01-08,0.37038516998291016
1986-01-09,0.36120206117630005
1986-01-10,0.36273297667503357
1986-01-13,0.37038516998291016
1986-01-14,0.36579400300979614
1986-01-15,0.3673240542411804
1986-01-16,0.37650737166404724
1986-01-17,0.3795681595802307
1986-01-20,0.37650737166404724
1986-01-21,0.3673240542411804
1986-01-22,0.36885467171669006
1986-01-23,0.37191617488861084
1986-01-24,0.37344658374786377
1986-01-27,0.38875117897987366
1986-01-28,0.39334332942962646
1986-01-29,0.3979344666004181
1986-01-30,0.38875117897987366
1986-01-31,0.39334332942962646
1986-02-03,0.399465411901474
1986-02-04,0.3979344666004181
1986-02-05,0.39487361907958984
1986-02-06,0.3979344666004181
1986-02-07,0.3810991644859314
1986-02-10,0.3841600716114044
1986-02-11,0.3749769926071167
1986-02-12,0.37191617488861084
1986-02-13,0.37650737166404724
1986-02-14,0.38875117897987366
1986-02-18,0.402526319026947
1986-02-19,0.39487361907958984
1986-02-20,0.39181283116340637
1986-02-21,0.3964039981365204
1986-02-24,0.4009958803653717
1986-02-25,0.4009958803653717
1986-02-26,0.399465411901474
1986-02-27,0.410179078578949
1986-02-28,0.416300892829895
1986-03-03,0.4193620979785919
1986-03-04,0.43007558584213257
1986-03-05,0.44231978058815
1986-03-06,0.4407893717288971
1986-03-07,0.4453811049461365
1986-03-10,0.4515029191970825
1986-03-11,0.4622162878513336
1986-03-12,0.46374717354774475
1986-03-13,0.4821133315563202
1986-03-14,0.49588799476623535
1986-03-17,0.4882349669933319
1986-03-18,0.479557067155838
1986-03-19,0.4718961715698242
1986-03-20,0.46423614025115967
1986-03-21,0.44431811571121216
1986-03-24,0.4826216697692871
1986-03-25,0.4780248701572418
1986-03-26,0.4856862723827362
1986-03-27,0.4856862723827362
1986-03-31,0.4826216697692871
1986-04-01,0.47496098279953003
1986-04-02,0.4826216697692871
1986-04-03,0.46576830744743347
1986-04-04,0.45351073145866394
1986-04-07,0.4565756320953369
1986-04-08,0.47649332880973816
1986-04-09,0.4810890853404999
1986-04-10,0.4979427754878998
1986-04-11,0.4994748830795288
1986-04-14,0.5086674094200134
1986-04-15,0.5040715932846069
1986-04-16,0.5132642984390259
1986-04-17,0.5102003216743469
1986-04-18,0.5102003216743469
1986-04-21,0.5224570631980896
1986-04-22,0.5147963166236877
1986-04-23,0.511732280254364
1986-04-24,0.5132642984390259
1986-04-25,0.5178602933883667
1986-04-28,0.5147963166236877
1986-04-29,0.5147963166236877
1986-04-30,0.49641093611717224
1986-05-01,0.49181440472602844
1986-05-02,0.49028223752975464
1986-05-05,0.48415422439575195
1986-05-06,0.48415422439575195
1986-05-07,0.49181440472602844
1986-05-08,0.5040715932846069
1986-05-09,0.4994748830795288
1986-05-12,0.5025394558906555
1986-05-13,0.5255210399627686
1986-05-14,0.5408424139022827
1986-05-15,0.5255210399627686
1986-05-16,0.5163280367851257
1986-05-19,0.5316497087478638
1986-05-20,0.5423745512962341
1986-05-21,0.5377784371376038
1986-05-22,0.5546312928199768
1986-05-23,0.568421483039856
1986-05-27,0.5760815739631653
1986-05-28,0.6036599278450012
1986-05-29,0.5959994792938232
1986-05-30,0.5868064165115356
1986-06-02,0.5852745175361633
1986-06-03,0.5883385539054871
1986-06-04,0.5975313782691956
1986-06-05,0.6067242622375488
1986-06-06,0.6036599278450012
1986-06-09,0.5898709297180176
1986-06-10,0.5914027094841003
1986-06-11,0.6021277904510498
1986-06-12,0.5990634560585022
1986-06-13,0.6005952954292297
1986-06-16,0.6011108160018921
1986-06-17,0.596510648727417
1986-06-18,0.6011108160018921
1986-06-19,0.6026446223258972
1986-06-20,0.6133788228034973
1986-06-23,0.5995774269104004
1986-06-24,0.6087778210639954
1986-06-25,0.6256459951400757
1986-06-26,0.6256459951400757
1986-06-27,0.6348468661308289
1986-06-30,0.6363797783851624
1986-07-01,0.6471144556999207
1986-07-02,0.6547814607620239
1986-07-03,0.6486482620239258
1986-07-07,0.6164454221725464
1986-07-08,0.5888434052467346
1986-07-09,0.5980441570281982
1986-07-10,0.5949772596359253
1986-07-11,0.5949772596359253
1986-07-14,0.5658419132232666
1986-07-15,0.5443734526634216
1986-07-16,0.5765758156776428
1986-07-17,0.5873098373413086
1986-07-18,0.5995774269104004
1986-07-21,0.5811758637428284
1986-07-22,0.5796425342559814
1986-07-23,0.5873098373413086
1986-07-24,0.5873098373413086
1986-07-25,0.582709014415741
1986-07-28,0.5597080588340759
1986-07-29,0.5627749562263489
1986-07-30,0.5873098373413086
1986-07-31,0.5704419016838074
1986-08-01,0.5689082145690918
1986-08-04,0.5643081068992615
1986-08-05,0.5643081068992615
1986-08-06,0.5505071878433228
1986-08-07,0.5489740371704102
1986-08-08,0.5413064360618591
1986-08-11,0.5489740371704102
1986-08-12,0.558174729347229
1986-08-13,0.5796425342559814
1986-08-14,0.5750424861907959
1986-08-15,0.5704419016838074
1986-08-18,0.5658419132232666
1986-08-19,0.5750424861907959
1986-08-20,0.57197505235672
1986-08-21,0.5704419016838074
1986-08-22,0.5673752427101135
1986-08-25,0.5520408153533936
1986-08-26,0.5679052472114563
1986-08-27,0.5694399476051331
1986-08-28,0.5694399476051331
1986-08-29,0.5771142840385437
1986-09-02,0.5525564551353455
1986-09-03,0.5648351907730103
1986-09-04,0.5740445256233215
1986-09-05,0.5617653727531433
1986-09-08,0.5571613311767578
1986-09-09,0.5617653727531433
1986-09-10,0.5525564551353455
1986-09-11,0.5172540545463562
1986-09-12,0.4988356828689575
1986-09-15,0.49116089940071106
1986-09-16,0.4988356828689575
1986-09-17,0.494231253862381
1986-09-18,0.5095796585083008
1986-09-19,0.5203241109848022
1986-09-22,0.5034404397010803
1986-09-23,0.5295336842536926
1986-09-24,0.5326030254364014
1986-09-25,0.5095796585083008
1986-09-26,0.512649655342102
1986-09-29,0.5065100193023682
1986-09-30,0.5157191753387451
1986-10-01,0.5279982686042786
1986-10-02,0.5387428402900696
1986-10-03,0.540277361869812
1986-10-06,0.5433471202850342
1986-10-07,0.5372074246406555
1986-10-08,0.540277361869812
1986-10-09,0.5341381430625916
1986-10-10,0.5356725454330444
1986-10-13,0.5341381430625916
1986-10-14,0.5387428402900696
1986-10-15,0.5556257367134094
1986-10-16,0.5510218739509583
1986-10-17,0.540277361869812
1986-10-20,0.5341381430625916
1986-10-21,0.5341381430625916
1986-10-22,0.5387428402900696
1986-10-23,0.5571613311767578
1986-10-24,0.5448815226554871
1986-10-27,0.5372074246406555
1986-10-28,0.547951877117157
1986-10-29,0.5602310299873352
1986-10-30,0.5494866371154785
1986-10-31,0.5510218739509583
1986-11-03,0.5571613311767578
1986-11-04,0.5525564551353455
1986-11-05,0.547951877117157
1986-11-06,0.5448815226554871
1986-11-07,0.5556257367134094
1986-11-10,0.5602310299873352
1986-11-11,0.5725094676017761
1986-11-12,0.5679052472114563
1986-11-13,0.5525564551353455
1986-11-14,0.5571613311767578
1986-11-17,0.5494866371154785
1986-11-18,0.5372074246406555
1986-11-19,0.5448815226554871
1986-11-20,0.5586963295936584
1986-11-21,0.575579822063446
1986-11-24,0.5801841616630554
1986-11-25,0.586323618888855
1986-11-26,0.5786495208740234
1986-11-28,0.5847889184951782
1986-12-01,0.5832535624504089
1986-12-02,0.5955329537391663
1986-12-03,0.6001375317573547
1986-12-04,0.6001375317573547
1986-12-05,0.5914364457130432
1986-12-08,0.5929723381996155
1986-12-09,0.5837551951408386
1986-12-10,0.5760745406150818
1986-12-11,0.5714659690856934
1986-12-12,0.5607123970985413
1986-12-15,0.5714659690856934
1986-12-16,0.5868278741836548
1986-12-17,0.5760745406150818
1986-12-18,0.5699298977851868
1986-12-19,0.5991174578666687
1986-12-22,0.5899001359939575
1986-12-23,0.5852922201156616
1986-12-24,0.5760745406150818
1986-12-26,0.574537992477417
1986-12-29,0.574537992477417
1986-12-30,0.568393886089325
1986-12-31,0.5714659690856934
1987-01-02,0.574537992477417
1987-01-05,0.5883641242980957
1987-01-06,0.5991174578666687
1987-01-07,0.5929723381996155
1987-01-08,0.5883641242980957
1987-01-09,0.5960453748703003
1987-01-12,0.5914364457130432
1987-01-13,0.5822195410728455
1987-01-14,0.5822195410728455
1987-01-15,0.5776109099388123
1987-01-16,0.5868278741836548
1987-01-19,0.6006532907485962
1987-01-20,0.6037263870239258
1987-01-21,0.597581148147583
1987-01-22,0.6175517439842224
1987-01-23,0.6221610307693481
1987-01-26,0.6098707914352417
1987-01-27,0.6190881133079529
1987-01-28,0.6206244230270386
1987-01-29,0.6083347797393799
1987-01-30,0.5960453748703003
1987-02-02,0.6221610307693481
1987-02-03,0.6236969232559204
1987-02-04,0.6236969232559204
1987-02-05,0.6359861493110657
1987-02-06,0.6390585899353027
1987-02-09,0.6375225186347961
1987-02-10,0.6236969232559204
1987-02-11,0.6236969232559204
1987-02-12,0.6344501972198486
1987-02-13,0.6452035307884216
1987-02-17,0.6574928760528564
1987-02-18,0.649811863899231
1987-02-19,0.651348352432251
1987-02-20,0.6697825789451599
1987-02-23,0.666710376739502
1987-02-24,0.6728550791740417
1987-02-25,0.6774638295173645
1987-02-26,0.666710376739502
1987-02-27,0.6728550791740417
1987-03-02,0.6836084723472595
1987-03-03,0.7005066871643066
1987-03-04,0.7158687710762024
1987-03-05,0.7143330574035645
1987-03-06,0.718940794467926
1987-03-09,0.709723949432373
1987-03-10,0.7250857353210449
1987-03-11,0.7158687710762024
1987-03-12,0.7127959728240967
1987-03-13,0.7081879377365112
1987-03-16,0.6958982944488525
1987-03-17,0.7012497186660767
1987-03-18,0.6966366767883301
1987-03-19,0.6997119188308716
1987-03-20,0.7166286110877991
1987-03-23,0.7320059537887573
1987-03-24,0.7381576895713806
1987-03-25,0.7289307117462158
1987-03-26,0.7350821495056152
1987-03-27,0.7166286110877991
1987-03-30,0.6950984597206116
1987-03-31,0.7074007987976074
1987-04-01,0.6981743574142456
1987-04-02,0.6981743574142456
1987-04-03,0.7197031378746033
1987-04-06,0.7289307117462158
1987-04-07,0.7104767560958862
1987-04-08,0.7104767560958862
1987-04-09,0.7027875781059265
1987-04-10,0.6981743574142456
1987-04-13,0.6889474391937256
1987-04-14,0.6720307469367981
1987-04-15,0.6858715415000916
1987-04-16,0.7012497186660767
1987-04-20,0.7012497186660767
1987-04-21,0.7258546352386475
1987-04-22,0.6997119188308716
1987-04-23,0.7012497186660767
1987-04-24,0.681257963180542
1987-04-27,0.6874096989631653
1987-04-28,0.6843335032463074
1987-04-29,0.6843335032463074
1987-04-30,0.6966366767883301
1987-05-01,0.6827957034111023
1987-05-04,0.6797204613685608
1987-05-05,0.6966366767883301
1987-05-06,0.6904846429824829
1987-05-07,0.6904846429824829
1987-05-08,0.6950984597206116
1987-05-11,0.6889474391937256
1987-05-12,0.7089383602142334
1987-05-13,0.7074007987976074
1987-05-14,0.7043250203132629
1987-05-15,0.6766442060470581
1987-05-18,0.6874096989631653
1987-05-19,0.6704933047294617
1987-05-20,0.6551147103309631
1987-05-21,0.6797204613685608
1987-05-22,0.6874096989631653
1987-05-26,0.7012497186660767
1987-05-27,0.7074007987976074
1987-05-28,0.7089383602142334
1987-05-29,0.7197031378746033
1987-06-01,0.7227792739868164
1987-06-02,0.7197031378746033
1987-06-03,0.7427713871002197
1987-06-04,0.7719901204109192
1987-06-05,0.7550737857818604
1987-06-08,0.7643011212348938
1987-06-09,0.7673760652542114
1987-06-10,0.775065541267395
1987-06-11,0.78275465965271
1987-06-12,0.7858301401138306
1987-06-15,0.797343909740448
1987-06-16,0.8050402402877808
1987-06-17,0.8050402402877808
1987-06-18,0.814276397228241
1987-06-19,0.8342863321304321
1987-06-22,0.8496792316436768
1987-06-23,0.8527576923370361
1987-06-24,0.821972668170929
1987-06-25,0.8373655080795288
1987-06-26,0.8342863321304321
1987-06-29,0.8373655080795288
1987-06-30,0.8327473998069763
1987-07-01,0.8250507712364197
1987-07-02,0.8404440879821777
1987-07-06,0.8342863321304321
1987-07-07,0.8404440879821777
1987-07-08,0.8358262181282043
1987-07-09,0.821972668170929
1987-07-10,0.8204331398010254
1987-07-13,0.8373655080795288
1987-07-14,0.8804649114608765
1987-07-15,0.8958579897880554
1987-07-16,0.9081713557243347
1987-07-17,0.9235644936561584
1987-07-20,0.917407214641571
1987-07-21,0.905092716217041
1987-07-22,0.9143291711807251
1987-07-23,0.905092716217041
1987-07-24,0.8866214156150818
1987-07-27,0.9081713557243347
1987-07-28,0.9020148515701294
1987-07-29,0.8958579897880554
1987-07-30,0.905092716217041
1987-07-31,0.917407214641571
1987-08-03,0.917407214641571
1987-08-04,0.9112496972084045
1987-08-05,0.917407214641571
1987-08-06,0.9358791708946228
1987-08-07,0.960507869720459
1987-08-10,0.9882140755653381
1987-08-11,1.0343917608261108
1987-08-12,1.0313142538070679
1987-08-13,1.0282351970672607
1987-08-14,1.0282351970672607
1987-08-17,1.0343917608261108
1987-08-18,1.006685495376587
1987-08-19,1.0097638368606567
1987-08-20,1.0343917608261108
1987-08-21,1.0467065572738647
1987-08-24,1.0405495166778564
1987-08-25,1.0405495166778564
1987-08-26,1.0097638368606567
1987-08-27,1.001260757446289
1987-08-28,0.9796949625015259
1987-08-31,0.9981800317764282
1987-09-01,0.9735334515571594
1987-09-02,0.9796949625015259
1987-09-03,0.9673722982406616
1987-09-04,0.951967716217041
1987-09-08,0.9427257180213928
1987-09-09,0.9396446943283081
1987-09-10,0.9273213744163513
1987-09-11,0.9550487995147705
1987-09-14,0.9673722982406616
1987-09-15,0.9427257180213928
1987-09-16,0.9242407083511353
1987-09-17,0.9149985909461975
1987-09-18,0.908836305141449
1987-09-21,0.8657059073448181
1987-09-22,0.8965140581130981
1987-09-23,0.9242407083511353
1987-09-24,0.9334830045700073
1987-09-25,0.9304025769233704
1987-09-28,0.9550487995147705
1987-09-29,0.9396446943283081
1987-09-30,0.9334830045700073
1987-10-01,0.9458059668540955
1987-10-02,0.9458059668540955
1987-10-05,0.9488875269889832
1987-10-06,0.8872708082199097
1987-10-07,0.9119170308113098
1987-10-08,0.8841904401779175
1987-10-09,0.8687863945960999
1987-10-12,0.8533820509910583
1987-10-13,0.8687863945960999
1987-10-14,0.8441396951675415
1987-10-15,0.810250997543335
1987-10-16,0.7147460579872131
1987-10-19,0.6562108993530273
1987-10-20,0.6685342788696289
1987-10-21,0.7517157196998596
1987-10-22,0.702423095703125
1987-10-23,0.6654534935951233
1987-10-26,0.616161048412323
1987-10-27,0.622322142124176
1987-10-28,0.6130797266960144
1987-10-29,0.6716151237487793
1987-10-30,0.6808573603630066
1987-11-02,0.7116653323173523
1987-11-03,0.6901001334190369
1987-11-04,0.6839383840560913
1987-11-05,0.7116653323173523
1987-11-06,0.6962611079216003
1987-11-09,0.6716151237487793
1987-11-10,0.6716151237487793
1987-11-11,0.677776575088501
1987-11-12,0.6993424892425537
1987-11-13,0.7085843086242676
1987-11-16,0.702423095703125
1987-11-17,0.6839383840560913
1987-11-18,0.6654534935951233
1987-11-19,0.6408069729804993
1987-11-20,0.6746957898139954
1987-11-23,0.6654534935951233
1987-11-24,0.6346454620361328
1987-11-25,0.6254029870033264
1987-11-27,0.616161048412323
1987-11-30,0.5915140509605408
1987-12-01,0.5822716951370239
1987-12-02,0.573029100894928
1987-12-03,0.517574667930603
1987-12-04,0.532978892326355
1987-12-07,0.5645700097084045
1987-12-08,0.5707406401634216
1987-12-09,0.5799958109855652
1987-12-10,0.5676552057266235
1987-12-11,0.5707406401634216
1987-12-14,0.6046757698059082
1987-12-15,0.6046757698059082
1987-12-16,0.6201013922691345
1987-12-17,0.6108460426330566
1987-12-18,0.626271665096283
1987-12-21,0.6416970491409302
1987-12-22,0.6478676199913025
1987-12-23,0.6571226716041565
1987-12-24,0.663292646408081
1987-12-28,0.6324414610862732
1987-12-29,0.6324414610862732
1987-12-30,0.644782304763794
1987-12-31,0.6416970491409302
1988-01-04,0.6725478172302246
1988-01-05,0.6818035244941711
1988-01-06,0.7033989429473877
1988-01-07,0.6910585165023804
1988-01-08,0.6201013922691345
1988-01-11,0.6386120915412903
1988-01-12,0.6386120915412903
1988-01-13,0.6509522795677185
1988-01-14,0.6509522795677185
1988-01-15,0.6879734396934509
1988-01-18,0.669463038444519
1988-01-19,0.6540377736091614
1988-01-20,0.6293562650680542
1988-01-21,0.6386120915412903
1988-01-22,0.6416970491409302
1988-01-25,0.6818035244941711
1988-01-26,0.6540377736091614
1988-01-27,0.669463038444519
1988-01-28,0.6725478172302246
1988-01-29,0.6756328344345093
1988-02-01,0.669463038444519
1988-02-02,0.663292646408081
1988-02-03,0.644782304763794
1988-02-04,0.6386120915412903
1988-02-05,0.6416970491409302
1988-02-08,0.6324414610862732
1988-02-09,0.6416970491409302
1988-02-10,0.6509522795677185
1988-02-11,0.6416970491409302
1988-02-12,0.669463038444519
1988-02-16,0.6818035244941711
1988-02-17,0.678718090057373
1988-02-18,0.6725478172302246
1988-02-19,0.678718090057373
1988-02-22,0.6879734396934509
1988-02-23,0.6879734396934509
1988-02-24,0.678718090057373
1988-02-25,0.6910585165023804
1988-02-26,0.697228729724884
1988-02-29,0.7249939441680908
1988-03-01,0.7157393097877502
1988-03-02,0.7249939441680908
1988-03-03,0.740419864654541
1988-03-04,0.740419864654541
1988-03-07,0.7435047030448914
1988-03-08,0.7527598142623901
1988-03-09,0.7558454871177673
1988-03-10,0.7280797958374023
1988-03-11,0.7311645150184631
1988-03-14,0.7342495918273926
1988-03-15,0.740419864654541
1988-03-16,0.740419864654541
1988-03-17,0.744497537612915
1988-03-18,0.7352301478385925
1988-03-21,0.7166951298713684
1988-03-22,0.7259624600410461
1988-03-23,0.7321410775184631
1988-03-24,0.7197839617729187
1988-03-25,0.7012490034103394
1988-03-28,0.7043382525444031
1988-03-29,0.7074272632598877
1988-03-30,0.6981596946716309
1988-03-31,0.6950705051422119
1988-04-04,0.6796242594718933
1988-04-05,0.6858028769493103
1988-04-06,0.7105166912078857
1988-04-07,0.7136056423187256
1988-04-08,0.7259624600410461
1988-04-11,0.7290523052215576
1988-04-12,0.7352301478385925
1988-04-13,0.7414084672927856
1988-04-14,0.6919816732406616
1988-04-15,0.6981596946716309
1988-04-18,0.6827139854431152
1988-04-19,0.6858028769493103
1988-04-20,0.6765352487564087
1988-04-21,0.6858028769493103
1988-04-22,0.7105166912078857
1988-04-25,0.7043382525444031
1988-04-26,0.6950705051422119
1988-04-27,0.6919816732406616
1988-04-28,0.6796242594718933
1988-04-29,0.6858028769493103
1988-05-02,0.6919816732406616
1988-05-03,0.6888920068740845
1988-05-04,0.6765352487564087
1988-05-05,0.6672676801681519
1988-05-06,0.6672676801681519
1988-05-09,0.6610894203186035
1988-05-10,0.6641786694526672
1988-05-11,0.6456437706947327
1988-05-12,0.6549107432365417
1988-05-13,0.6579998135566711
1988-05-16,0.6641786694526672
1988-05-17,0.6610894203186035
1988-05-18,0.6549107432365417
1988-05-19,0.6672676801681519
1988-05-20,0.6796242594718933
1988-05-23,0.6672676801681519
1988-05-24,0.6672676801681519
1988-05-25,0.6703567504882812
1988-05-26,0.6765352487564087
1988-05-27,0.673446774482727
1988-05-31,0.6981596946716309
1988-06-01,0.7228735685348511
1988-06-02,0.7136056423187256
1988-06-03,0.7105166912078857
1988-06-06,0.7136056423187256
1988-06-07,0.7012490034103394
1988-06-08,0.7228735685348511
1988-06-09,0.7228735685348511
1988-06-10,0.7228735685348511
1988-06-13,0.7269567847251892
1988-06-14,0.7424238920211792
1988-06-15,0.7362371683120728
1988-06-16,0.714583158493042
1988-06-17,0.7300508618354797
1988-06-20,0.7300508618354797
1988-06-21,0.7269567847251892
1988-06-22,0.7393307089805603
1988-06-23,0.7300508618354797
1988-06-24,0.7362371683120728
1988-06-27,0.708396315574646
1988-06-28,0.7331439852714539
1988-06-29,0.7362371683120728
1988-06-30,0.7578911185264587
1988-07-01,0.7486109733581543
1988-07-05,0.785731852054596
1988-07-06,0.785731852054596
1988-07-07,0.8104792833328247
1988-07-08,0.7950121164321899
1988-07-11,0.7950121164321899
1988-07-12,0.7888253331184387
1988-07-13,0.7950121164321899
1988-07-14,0.8166664242744446
1988-07-15,0.8321335315704346
1988-07-18,0.8228533864021301
1988-07-19,0.7981061935424805
1988-07-20,0.8104792833328247
1988-07-21,0.7950121164321899
1988-07-22,0.7764520049095154
1988-07-25,0.7764520049095154
1988-07-26,0.7919191122055054
1988-07-27,0.7826386094093323
1988-07-28,0.7888253331184387
1988-07-29,0.8135731816291809
1988-08-01,0.807386040687561
1988-08-02,0.7950121164321899
1988-08-03,0.7888253331184387
1988-08-04,0.785731852054596
1988-08-05,0.7950121164321899
1988-08-08,0.7950121164321899
1988-08-09,0.7826386094093323
1988-08-10,0.7640778422355652
1988-08-11,0.7702650427818298
1988-08-12,0.7702650427818298
1988-08-15,0.7671715021133423
1988-08-16,0.7609842419624329
1988-08-17,0.7764520049095154
1988-08-18,0.7764520049095154
1988-08-19,0.7671715021133423
1988-08-22,0.7486109733581543
1988-08-23,0.7362371683120728
1988-08-24,0.7547981142997742
1988-08-25,0.7486109733581543
1988-08-26,0.751704216003418
1988-08-29,0.7588905692100525
1988-08-30,0.7619882225990295
1988-08-31,0.7434029579162598
1988-09-01,0.7372079491615295
1988-09-02,0.7557934522628784
1988-09-06,0.7743780016899109
1988-09-07,0.78676837682724
1988-09-08,0.7805729508399963
1988-09-09,0.78676837682724
1988-09-12,0.7743780016899109
1988-09-13,0.7650855779647827
1988-09-14,0.78676837682724
1988-09-15,0.7805729508399963
1988-09-16,0.7960607409477234
1988-09-19,0.78676837682724
1988-09-20,0.7898657917976379
1988-09-21,0.7929633855819702
1988-09-22,0.7929633855819702
1988-09-23,0.79915851354599
1988-09-26,0.78676837682724
1988-09-27,0.7836706638336182
1988-09-28,0.78676837682724
1988-09-29,0.79915851354599
1988-09-30,0.79915851354599
1988-10-03,0.8022554516792297
1988-10-04,0.8053531646728516
1988-10-05,0.8084509968757629
1988-10-06,0.8053531646728516
1988-10-07,0.8208404183387756
1988-10-10,0.8239387273788452
1988-10-11,0.8177435398101807
1988-10-12,0.8022554516792297
1988-10-13,0.8084509968757629
1988-10-14,0.8115480542182922
1988-10-17,0.8084509968757629
1988-10-18,0.8115480542182922
1988-10-19,0.79915851354599
1988-10-20,0.8239387273788452
1988-10-21,0.8239387273788452
1988-10-24,0.8115480542182922
1988-10-25,0.8022554516792297
1988-10-26,0.7774760723114014
1988-10-27,0.771280825138092
1988-10-28,0.7805729508399963
1988-10-31,0.7774760723114014
1988-11-01,0.7774760723114014
1988-11-02,0.7650855779647827
1988-11-03,0.7588905692100525
1988-11-04,0.7650855779647827
1988-11-07,0.7588905692100525
1988-11-08,0.7681832313537598
1988-11-09,0.7588905692100525
1988-11-10,0.7588905692100525
1988-11-11,0.7372079491615295
1988-11-14,0.7434029579162598
1988-11-15,0.7403057217597961
1988-11-16,0.7341108322143555
1988-11-17,0.7372079491615295
1988-11-18,0.7465004920959473
1988-11-21,0.7403057217597961
1988-11-22,0.7403057217597961
1988-11-23,0.7434029579162598
1988-11-25,0.7403057217597961
1988-11-28,0.7434029579162598
1988-11-29,0.7495982646942139
1988-11-30,0.7495982646942139
1988-12-01,0.7434029579162598
1988-12-02,0.7403057217597961
1988-12-05,0.7599083781242371
1988-12-06,0.7723150253295898
1988-12-07,0.7754167318344116
1988-12-08,0.7692136764526367
1988-12-09,0.7723150253295898
1988-12-12,0.7785184979438782
1988-12-13,0.784721314907074
1988-12-14,0.7723150253295898
1988-12-15,0.7661114931106567
1988-12-16,0.7661114931106567
1988-12-19,0.7723150253295898
1988-12-20,0.7599083781242371
1988-12-21,0.7599083781242371
1988-12-22,0.7661114931106567
1988-12-23,0.7754167318344116
1988-12-27,0.7630102038383484
1988-12-28,0.7692136764526367
1988-12-29,0.7878233790397644
1988-12-30,0.7785184979438782
1989-01-03,0.7537049055099487
1989-01-04,0.7661114931106567
1989-01-05,0.7692136764526367
1989-01-06,0.7692136764526367
1989-01-09,0.7630102038383484
1989-01-10,0.7692136764526367
1989-01-11,0.7878233790397644
1989-01-12,0.7878233790397644
1989-01-13,0.7909253239631653
1989-01-16,0.7878233790397644
1989-01-17,0.784721314907074
1989-01-18,0.7878233790397644
1989-01-19,0.7909253239631653
1989-01-20,0.7909253239631653
1989-01-23,0.7785184979438782
1989-01-24,0.7971283793449402
1989-01-25,0.8033308386802673
1989-01-26,0.806433379650116
1989-01-27,0.8126367926597595
1989-01-30,0.8188406825065613
1989-01-31,0.837450385093689
1989-02-01,0.8405513763427734
1989-02-02,0.8312464952468872
1989-02-03,0.8312464952468872
1989-02-06,0.8343483805656433
1989-02-07,0.8498566746711731
1989-02-08,0.8591614961624146
1989-02-09,0.8467545509338379
1989-02-10,0.8281450271606445
1989-02-13,0.8312464952468872
1989-02-14,0.8343483805656433
1989-02-15,0.8498566746711731
1989-02-16,0.8467545509338379
1989-02-17,0.8529583811759949
1989-02-21,0.8343483805656433
1989-02-22,0.8188406825065613
1989-02-23,0.8126367926597595
1989-02-24,0.7940266728401184
1989-02-27,0.7940266728401184
1989-02-28,0.7909253239631653
1989-03-01,0.7816198468208313
1989-03-02,0.7971283793449402
1989-03-03,0.7909253239631653
1989-03-06,0.8002303242683411
1989-03-07,0.806433379650116
1989-03-08,0.8188406825065613
1989-03-09,0.8188406825065613
1989-03-10,0.8157383799552917
1989-03-13,0.8343483805656433
1989-03-14,0.8343483805656433
1989-03-15,0.8281450271606445
1989-03-16,0.8405513763427734
1989-03-17,0.8170652389526367
1989-03-20,0.8046379685401917
1989-03-21,0.792211651802063
1989-03-22,0.7984248995780945
1989-03-23,0.792211651802063
1989-03-27,0.8170652389526367
1989-03-28,0.8108521699905396
1989-03-29,0.8108521699905396
1989-03-30,0.8108521699905396
1989-03-31,0.8077449202537537
1989-04-03,0.813958466053009
1989-04-04,0.823278546333313
1989-04-05,0.8263851404190063
1989-04-06,0.823278546333313
1989-04-07,0.8357056975364685
1989-04-10,0.8481320142745972
1989-04-11,0.8450260758399963
1989-04-12,0.8450260758399963
1989-04-13,0.8388125896453857
1989-04-14,0.8574522137641907
1989-04-17,0.8729860186576843
1989-04-18,0.8947325944900513
1989-04-19,0.8947325944900513
1989-04-20,0.8854129314422607
1989-04-21,0.9040530323982239
1989-04-24,0.8978399038314819
1989-04-25,0.8854129314422607
1989-04-26,0.8823061585426331
1989-04-27,0.8885197043418884
1989-04-28,0.8947325944900513
1989-05-01,0.8729860186576843
1989-05-02,0.8574522137641907
1989-05-03,0.8698789477348328
1989-05-04,0.8854129314422607
1989-05-05,0.8885197043418884
1989-05-08,0.8760927319526672
1989-05-09,0.8729860186576843
1989-05-10,0.8729860186576843
1989-05-11,0.8791992664337158
1989-05-12,0.9102669358253479
1989-05-15,0.9226933717727661
1989-05-16,0.9351197481155396
1989-05-17,0.9444403052330017
1989-05-18,0.9692939519882202
1989-05-19,0.9755081534385681
1989-05-22,0.9755081534385681
1989-05-23,0.9506545066833496
1989-05-24,0.9568678140640259
1989-05-25,0.9537604451179504
1989-05-26,0.9599741101264954
1989-05-30,0.9568678140640259
1989-05-31,0.9413337707519531
1989-06-01,0.9568678140640259
1989-06-02,0.9724006652832031
1989-06-05,0.9599741101264954
1989-06-06,0.9755081534385681
1989-06-07,0.9941478371620178
1989-06-08,0.9848281145095825
1989-06-09,0.9941478371620178
1989-06-12,0.9830726385116577
1989-06-13,0.9799615740776062
1989-06-14,0.976851224899292
1989-06-15,0.9612960815429688
1989-06-16,0.9675182104110718
1989-06-19,0.9830726385116577
1989-06-20,0.9955170750617981
1989-06-21,0.9830726385116577
1989-06-22,0.9830726385116577
1989-06-23,1.001738429069519
1989-06-26,0.9986280798912048
1989-06-27,0.9986280798912048
1989-06-28,0.9955170750617981
1989-06-29,0.9675182104110718
1989-06-30,0.9488521218299866
1989-07-03,0.9488521218299866
1989-07-05,0.9457407593727112
1989-07-06,0.9519635438919067
1989-07-07,0.9612960815429688
1989-07-10,0.9706286787986755
1989-07-11,0.9861843585968018
1989-07-12,0.9892949461936951
1989-07-13,0.9830726385116577
1989-07-14,0.9892949461936951
1989-07-17,1.0048496723175049
1989-07-18,1.0048496723175049
1989-07-19,1.0421816110610962
1989-07-20,1.0235157012939453
1989-07-21,1.0639586448669434
1989-07-24,1.0546250343322754
1989-07-25,1.0328487157821655
1989-07-26,1.0515151023864746
1989-07-27,1.0670688152313232
1989-07-28,1.060847520828247
1989-07-31,1.0764023065567017
1989-08-01,1.0577363967895508
1989-08-02,1.0421816110610962
1989-08-03,1.0452922582626343
1989-08-04,1.0390708446502686
1989-08-07,1.0732918977737427
1989-08-08,1.0297375917434692
1989-08-09,1.0172938108444214
1989-08-10,1.0328487157821655
1989-08-11,1.0204041004180908
1989-08-14,1.0141829252243042
1989-08-15,1.0141829252243042
1989-08-16,1.0172938108444214
1989-08-17,1.0172938108444214
1989-08-18,1.0328487157821655
1989-08-21,1.007960557937622
1989-08-22,1.0141829252243042
1989-08-23,1.0235157012939453
1989-08-24,1.0546250343322754
1989-08-25,1.0546250343322754
1989-08-28,1.0559970140457153
1989-08-29,1.0404213666915894
1989-08-30,1.0466513633728027
1989-08-31,1.0528813600540161
1989-09-01,1.0466513633728027
1989-09-05,1.0466513633728027
1989-09-06,1.024845838546753
1989-09-07,1.0092713832855225
1989-09-08,1.0123857259750366
1989-09-11,1.0123857259750366
1989-09-12,0.9999257922172546
1989-09-13,0.9905809760093689
1989-09-14,0.9874662160873413
1989-09-15,0.9999257922172546
1989-09-18,0.9843502640724182
1989-09-19,0.9874662160873413
1989-09-20,0.9843502640724182
1989-09-21,0.9905809760093689
1989-09-22,0.9936952590942383
1989-09-25,0.9812355041503906
1989-09-26,0.9874662160873413
1989-09-27,1.00304114818573
1989-09-28,1.021730899810791
1989-09-29,1.021730899810791
1989-10-02,1.021730899810791
1989-10-03,1.0435367822647095
1989-10-04,1.0341911315917969
1989-10-05,1.0528813600540161
1989-10-06,1.0840320587158203
1989-10-09,1.0871466398239136
1989-10-10,1.0902624130249023
1989-10-11,1.0809165239334106
1989-10-12,1.0840320587158203
1989-10-13,0.996811032295227
1989-10-16,1.068456768989563
1989-10-17,1.0497663021087646
1989-10-18,1.037306308746338
1989-10-19,1.0715718269348145
1989-10-20,1.0840320587158203
1989-10-23,1.0778017044067383
1989-10-24,1.0715718269348145
1989-10-25,1.0591115951538086
1989-10-26,1.0466513633728027
1989-10-27,1.0279614925384521
1989-10-30,1.0123857259750366
1989-10-31,1.0341911315917969
1989-11-01,1.0186161994934082
1989-11-02,1.021730899810791
1989-11-03,1.0123857259750366
1989-11-06,1.0092713832855225
1989-11-07,1.0279614925384521
1989-11-08,1.0528813600540161
1989-11-09,1.0404213666915894
1989-11-10,1.0528813600540161
1989-11-13,1.0591115951538086
1989-11-14,1.0466513633728027
1989-11-15,1.0466513633728027
1989-11-16,1.0559970140457153
1989-11-17,1.068456768989563
1989-11-20,1.0809165239334106
1989-11-21,1.0778017044067383
1989-11-22,1.0746867656707764
1989-11-24,1.0778017044067383
1989-11-27,1.0871466398239136
1989-11-28,1.0746867656707764
1989-11-29,1.0715718269348145
1989-11-30,1.0871466398239136
1989-12-01,1.1120669841766357
1989-12-04,1.1120669841766357
1989-12-05,1.1040831804275513
1989-12-06,1.0978449583053589
1989-12-07,1.0978449583053589
1989-12-08,1.1040831804275513
1989-12-11,1.1009646654129028
1989-12-12,1.1040831804275513
1989-12-13,1.1040831804275513
1989-12-14,1.0978449583053589
1989-12-15,1.1103205680847168
1989-12-18,1.0884883403778076
1989-12-19,1.0728944540023804
1989-12-20,1.0760130882263184
1989-12-21,1.0697753429412842
1989-12-22,1.1009646654129028
1989-12-26,1.0822505950927734
1989-12-27,1.0884883403778076
1989-12-28,1.1103205680847168
1989-12-29,1.119677186012268
1990-01-02,1.175817608833313
1990-01-03,1.175817608833313
1990-01-04,1.1695793867111206
1990-01-05,1.1571038961410522
1990-01-08,1.1726980209350586
1990-01-09,1.1415092945098877
1990-01-10,1.1415092945098877
1990-01-11,1.1539841890335083
1990-01-12,1.1103205680847168
1990-01-15,1.0947262048721313
1990-01-16,1.1134395599365234
1990-01-17,1.1009646654129028
1990-01-18,1.0822505950927734
1990-01-19,1.0853699445724487
1990-01-22,1.057300329208374
1990-01-23,1.057300329208374
1990-01-24,1.0635383129119873
1990-01-25,1.0448247194290161
1990-01-26,1.051061987876892
1990-01-29,1.057300329208374
1990-01-30,1.047943115234375
1990-01-31,1.0635383129119873
1990-02-01,1.051061987876892
1990-02-02,1.047943115234375
1990-02-05,1.0417054891586304
1990-02-06,1.0385864973068237
1990-02-07,1.0666561126708984
1990-02-08,1.0604188442230225
1990-02-09,1.0884883403778076
1990-02-12,1.0697753429412842
1990-02-13,1.0728944540023804
1990-02-14,1.0728944540023804
1990-02-15,1.0853699445724487
1990-02-16,1.0697753429412842
1990-02-20,1.0417054891586304
1990-02-21,1.0385864973068237
1990-02-22,1.0229920148849487
1990-02-23,1.013635277748108
1990-02-26,1.0448247194290161
1990-02-27,1.079131841659546
1990-02-28,1.0978449583053589
1990-03-01,1.1134395599365234
1990-03-02,1.1259156465530396
1990-03-05,1.119677186012268
1990-03-06,1.1415092945098877
1990-03-07,1.1290345191955566
1990-03-08,1.1508660316467285
1990-03-09,1.1508660316467285
1990-03-12,1.1602227687835693
1990-03-13,1.1446284055709839
1990-03-14,1.1539841890335083
1990-03-15,1.1602227687835693
1990-03-16,1.1789361238479614
1990-03-19,1.1806855201721191
1990-03-20,1.1713149547576904
1990-03-21,1.1744377613067627
1990-03-22,1.1463266611099243
1990-03-23,1.1619442701339722
1990-03-26,1.1681915521621704
1990-03-27,1.1806855201721191
1990-03-28,1.1869330406188965
1990-03-29,1.1838090419769287
1990-03-30,1.1806855201721191
1990-04-02,1.1775625944137573
1990-04-03,1.1900557279586792
1990-04-04,1.196303129196167
1990-04-05,1.208796739578247
1990-04-06,1.208796739578247
1990-04-09,1.2181676626205444
1990-04-10,1.2244150638580322
1990-04-11,1.2494025230407715
1990-04-12,1.2837612628936768
1990-04-16,1.2775142192840576
1990-04-17,1.2618962526321411
1990-04-18,1.2337849140167236
1990-04-19,1.230661153793335
1990-04-20,1.2275378704071045
1990-04-23,1.2150442600250244
1990-04-24,1.2056738138198853
1990-04-25,1.2337849140167236
1990-04-26,1.2275378704071045
1990-04-27,1.2056738138198853
1990-04-30,1.2400321960449219
1990-05-01,1.255649447441101
1990-05-02,1.2806380987167358
1990-05-03,1.2431553602218628
1990-05-04,1.265020489692688
1990-05-07,1.2806380987167358
1990-05-08,1.2837612628936768
1990-05-09,1.2837612628936768
1990-05-10,1.2993792295455933
1990-05-11,1.3368608951568604
1990-05-14,1.3618485927581787
1990-05-15,1.3368608951568604
1990-05-16,1.3243660926818848
1990-05-17,1.3524781465530396
1990-05-18,1.3587251901626587
1990-05-21,1.4055780172348022
1990-05-22,1.4024548530578613
1990-05-23,1.4055780172348022
1990-05-24,1.3993306159973145
1990-05-25,1.3774670362472534
1990-05-29,1.4368131160736084
1990-05-30,1.41807222366333
1990-05-31,1.4087008237838745
1990-06-01,1.4586775302886963
1990-06-04,1.514900803565979
1990-06-05,1.5086537599563599
1990-06-06,1.5117769241333008
1990-06-07,1.5211466550827026
1990-06-08,1.4867888689041138
1990-06-11,1.5104306936264038
1990-06-12,1.5573381185531616
1990-06-13,1.5698472261428833
1990-06-14,1.5729751586914062
1990-06-15,1.5698472261428833
1990-06-18,1.5479570627212524
1990-06-19,1.5479570627212524
1990-06-20,1.54482901096344
1990-06-21,1.5573381185531616
1990-06-22,1.532320261001587
1990-06-25,1.5041767358779907
1990-06-26,1.488540768623352
1990-06-27,1.5198125839233398
1990-06-28,1.541702151298523
1990-06-29,1.5604653358459473
1990-07-02,1.5635933876037598
1990-07-03,1.5698472261428833
1990-07-05,1.5479570627212524
1990-07-06,1.5635933876037598
1990-07-09,1.638646125793457
1990-07-10,1.6699175834655762
1990-07-11,1.6886801719665527
1990-07-12,1.7262072563171387
1990-07-13,1.7824956178665161
1990-07-16,1.8137681484222412
1990-07-17,1.7762413024902344
1990-07-18,1.6886801719665527
1990-07-19,1.6761713027954102
1990-07-20,1.6761713027954102
1990-07-23,1.626136064529419
1990-07-24,1.626136064529419
1990-07-25,1.6636624336242676
1990-07-26,1.632389783859253
1990-07-27,1.5823560953140259
1990-07-30,1.5886104106903076
1990-07-31,1.5698472261428833
1990-08-01,1.526066780090332
1990-08-02,1.4947954416275024
1990-08-03,1.5198125839233398
1990-08-06,1.4322506189346313
1990-08-07,1.4322506189346313
1990-08-08,1.5135575532913208
1990-08-09,1.532320261001587
1990-08-10,1.4947954416275024
1990-08-13,1.5198125839233398
1990-08-14,1.526066780090332
1990-08-15,1.5135575532913208
1990-08-16,1.4572678804397583
1990-08-17,1.400978684425354
1990-08-20,1.4134879112243652
1990-08-21,1.3697071075439453
1990-08-22,1.3446897268295288
1990-08-23,1.2758917808532715
1990-08-24,1.3446897268295288
1990-08-27,1.452906847000122
1990-08-28,1.4466453790664673
1990-08-29,1.452906847000122
1990-08-30,1.390282154083252
1990-08-31,1.4278559684753418
1990-09-04,1.4403818845748901
1990-09-05,1.4215936660766602
1990-09-06,1.377756118774414
1990-09-07,1.4028056859970093
1990-09-10,1.3527058362960815
1990-09-11,1.3401814699172974
1990-09-12,1.3276557922363281
1990-09-13,1.3276557922363281
1990-09-14,1.3213939666748047
1990-09-17,1.3339184522628784
1990-09-18,1.3527058362960815
1990-09-19,1.3401814699172974
1990-09-20,1.3088679313659668
1990-09-21,1.3213939666748047
1990-09-24,1.2963433265686035
1990-09-25,1.3213939666748047
1990-09-26,1.3276557922363281
1990-09-27,1.3213939666748047
1990-09-28,1.3652316331863403
1990-10-01,1.4466453790664673
1990-10-02,1.4779553413391113
1990-10-03,1.390282154083252
1990-10-04,1.377756118774414
1990-10-05,1.3401814699172974
1990-10-08,1.3464432954788208
1990-10-09,1.3088679313659668
1990-10-10,1.2587682008743286
1990-10-11,1.2712923288345337
1990-10-12,1.302606225013733
1990-10-15,1.2963433265686035
1990-10-16,1.2775558233261108
1990-10-17,1.2525055408477783
1990-10-18,1.3213939666748047
1990-10-19,1.390282154083252
1990-10-22,1.452906847000122
1990-10-23,1.4403818845748901
1990-10-24,1.4153317213058472
1990-10-25,1.3464432954788208
1990-10-26,1.3151310682296753
1990-10-29,1.3276557922363281
1990-10-30,1.3276557922363281
1990-10-31,1.3401814699172974
1990-11-01,1.3527058362960815
1990-11-02,1.390282154083252
1990-11-05,1.4215936660766602
1990-11-06,1.390282154083252
1990-11-07,1.3339184522628784
1990-11-08,1.377756118774414
1990-11-09,1.4090690612792969
1990-11-12,1.4466453790664673
1990-11-13,1.465431571006775
1990-11-14,1.4716941118240356
1990-11-15,1.4341193437576294
1990-11-16,1.465431571006775
1990-11-19,1.4904811382293701
1990-11-20,1.4904811382293701
1990-11-21,1.4842194318771362
1990-11-23,1.4842194318771362
1990-11-26,1.4779553413391113
1990-11-27,1.4716941118240356
1990-11-28,1.4842194318771362
1990-11-29,1.4779553413391113
1990-11-30,1.5092700719833374
1990-12-03,1.5468441247940063
1990-12-04,1.573678970336914
1990-12-05,1.592487096786499
1990-12-06,1.6112961769104004
1990-12-07,1.573678970336914
1990-12-10,1.5548702478408813
1990-12-11,1.51725172996521
1990-12-12,1.5423308610916138
1990-12-13,1.529792070388794
1990-12-14,1.51725172996521
1990-12-17,1.5109831094741821
1990-12-18,1.5548702478408813
1990-12-19,1.5485997200012207
1990-12-20,1.5485997200012207
1990-12-21,1.592487096786499
1990-12-24,1.5799479484558105
1990-12-26,1.5485997200012207
1990-12-27,1.529792070388794
1990-12-28,1.51725172996521
1990-12-31,1.51725172996521
1991-01-02,1.504712700843811
1991-01-03,1.504712700843811
1991-01-04,1.4859037399291992
1991-01-07,1.4545563459396362
1991-01-08,1.4608244895935059
1991-01-09,1.4294764995574951
1991-01-10,1.4545563459396362
1991-01-11,1.492173433303833
1991-01-14,1.4608244895935059
1991-01-15,1.4608244895935059
1991-01-16,1.4984439611434937
1991-01-17,1.598757266998291
1991-01-18,1.6175671815872192
1991-01-21,1.5799479484558105
1991-01-22,1.5611389875411987
1991-01-23,1.5423308610916138
1991-01-24,1.5862177610397339
1991-01-25,1.5799479484558105
1991-01-28,1.592487096786499
1991-01-29,1.6050270795822144
1991-01-30,1.636374592781067
1991-01-31,1.6551846265792847
1991-02-01,1.6802619695663452
1991-02-04,1.6990721225738525
1991-02-05,1.7178810834884644
1991-02-06,1.774307131767273
1991-02-07,1.8056541681289673
1991-02-08,1.7868456840515137
1991-02-11,1.8495433330535889
1991-02-12,1.7993857860565186
1991-02-13,1.8558127880096436
1991-02-14,1.811924934387207
1991-02-15,1.8620824813842773
1991-02-19,1.84327232837677
1991-02-20,1.7993857860565186
1991-02-21,1.8056541681289673
1991-02-22,1.8683514595031738
1991-02-25,1.8996988534927368
1991-02-26,1.8558127880096436
1991-02-27,1.837003231048584
1991-02-28,1.774307131767273
1991-03-01,1.811924934387207
1991-03-04,1.7993857860565186
1991-03-05,1.8558127880096436
1991-03-06,1.8307338953018188
1991-03-07,1.837003231048584
1991-03-08,1.818195104598999
1991-03-11,1.8307338953018188
1991-03-12,1.818195104598999
1991-03-13,1.8495433330535889
1991-03-14,1.8244646787643433
1991-03-15,1.8558127880096436
1991-03-18,1.8704748153686523
1991-03-19,1.8453675508499146
1991-03-20,1.8641983270645142
1991-03-21,1.8704748153686523
1991-03-22,1.8641983270645142
1991-03-25,1.8955810070037842
1991-03-26,1.9960095882415771
1991-03-27,1.9646269083023071
1991-03-28,1.9457957744598389
1991-04-01,1.9457957744598389
1991-04-02,2.008563280105591
1991-04-03,2.046224594116211
1991-04-04,2.065054416656494
1991-04-05,2.039947271347046
1991-04-08,2.115267515182495
1991-04-09,2.083883047103882
1991-04-10,2.0713305473327637
1991-04-11,2.1403756141662598
1991-04-12,2.1905899047851562
1991-04-15,2.2219743728637695
1991-04-16,2.203144073486328
1991-04-17,2.196866989135742
1991-04-18,2.1529293060302734
1991-04-19,2.108992576599121
1991-04-22,2.1215455532073975
1991-04-23,2.102714776992798
1991-04-24,2.1403756141662598
1991-04-25,2.0964388847351074
1991-04-26,2.077608108520508
1991-04-29,2.0336713790893555
1991-04-30,2.0336713790893555
1991-05-01,2.065054416656494
1991-05-02,2.077608108520508
1991-05-03,2.077608108520508
1991-05-06,2.065054416656494
1991-05-07,2.046224594116211
1991-05-08,2.008563280105591
1991-05-09,2.108992576599121
1991-05-10,2.008563280105591
1991-05-13,2.0525004863739014
1991-05-14,2.0336713790893555
1991-05-15,2.0336713790893555
1991-05-16,2.0525004863739014
1991-05-17,2.039947271347046
1991-05-20,2.0273935794830322
1991-05-21,2.077608108520508
1991-05-22,2.090161085128784
1991-05-23,2.046224594116211
1991-05-24,2.077608108520508
1991-05-28,2.115267515182495
1991-05-29,2.083883047103882
1991-05-30,2.1215455532073975
1991-05-31,2.1529293060302734
1991-06-03,2.1215455532073975
1991-06-04,2.108992576599121
1991-06-05,2.077608108520508
1991-06-06,2.102714776992798
1991-06-07,2.090161085128784
1991-06-10,2.115267515182495
1991-06-11,2.1676442623138428
1991-06-12,2.1362290382385254
1991-06-13,2.1425116062164307
1991-06-14,2.1802103519439697
1991-06-17,2.148794651031494
1991-06-18,2.1362290382385254
1991-06-19,2.1299455165863037
1991-06-20,2.161360740661621
1991-06-21,2.1802103519439697
1991-06-24,2.1236627101898193
1991-06-25,2.1236627101898193
1991-06-26,2.1802103519439697
1991-06-27,2.1802103519439697
1991-06-28,2.148794651031494
1991-07-01,2.1927762031555176
1991-07-02,2.1927762031555176
1991-07-03,2.1802103519439697
1991-07-05,2.1990578174591064
1991-07-08,2.2744550704956055
1991-07-09,2.2430408000946045
1991-07-10,2.2430408000946045
1991-07-11,2.2995877265930176
1991-07-12,2.3372867107391357
1991-07-15,2.3687009811401367
1991-07-16,2.3498523235321045
1991-07-17,2.3310019969940186
1991-07-18,2.3498523235321045
1991-07-19,2.3498523235321045
1991-07-22,2.3310019969940186
1991-07-23,2.312152624130249
1991-07-24,2.28073787689209
1991-07-25,2.324720859527588
1991-07-26,2.324720859527588
1991-07-29,2.3498523235321045
1991-07-30,2.3749840259552
1991-07-31,2.3938329219818115
1991-08-01,2.381265878677368
1991-08-02,2.4001145362854004
1991-08-05,2.381265878677368
1991-08-06,2.431530714035034
1991-08-07,2.418964385986328
1991-08-08,2.4566638469696045
1991-08-09,2.444096088409424
1991-08-12,2.469228506088257
1991-08-13,2.506927251815796
1991-08-14,2.588606119155884
1991-08-15,2.500645160675049
1991-08-16,2.431530714035034
1991-08-19,2.38754940032959
1991-08-20,2.444096088409424
1991-08-21,2.506927251815796
1991-08-22,2.4755125045776367
1991-08-23,2.4755125045776367
1991-08-26,2.490201950073242
1991-08-27,2.5216434001922607
1991-08-28,2.5216434001922607
1991-08-29,2.5027787685394287
1991-08-30,2.54679799079895
1991-09-03,2.5027787685394287
1991-09-04,2.515355110168457
1991-09-05,2.5405080318450928
1991-09-06,2.5279319286346436
1991-09-09,2.4964890480041504
1991-09-10,2.4839134216308594
1991-09-11,2.4839134216308594
1991-09-12,2.4964890480041504
1991-09-13,2.4776253700256348
1991-09-16,2.5027787685394287
1991-09-17,2.5027787685394287
1991-09-18,2.4964890480041504
1991-09-19,2.4964890480041504
1991-09-20,2.4964890480041504
1991-09-23,2.4776253700256348
1991-09-24,2.490201950073242
1991-09-25,2.4084525108337402
1991-09-26,2.389587879180908
1991-09-27,2.4021639823913574
1991-09-30,2.4021639823913574
1991-10-01,2.4084525108337402
1991-10-02,2.4021639823913574
1991-10-03,2.377012014389038
1991-10-04,2.3329920768737793
1991-10-07,2.3392815589904785
1991-10-08,2.364433765411377
1991-10-09,2.3141262531280518
1991-10-10,2.3518569469451904
1991-10-11,2.364433765411377
1991-10-14,2.4021639823913574
1991-10-15,2.433605909347534
1991-10-16,2.4398953914642334
1991-10-17,2.4398953914642334
1991-10-18,2.4650490283966064
1991-10-21,2.4650490283966064
1991-10-22,2.364433765411377
1991-10-23,2.3329920768737793
1991-10-24,2.3267033100128174
1991-10-25,2.3267033100128174
1991-10-28,2.389587879180908
1991-10-29,2.389587879180908
1991-10-30,2.3707220554351807
1991-10-31,2.3267033100128174
1991-11-01,2.3141262531280518
1991-11-04,2.3267033100128174
1991-11-05,2.3329920768737793
1991-11-06,2.358145236968994
1991-11-07,2.4587600231170654
1991-11-08,2.4650490283966064
1991-11-11,2.490201950073242
1991-11-12,2.5593740940093994
1991-11-13,2.5405080318450928
1991-11-14,2.54679799079895
1991-11-15,2.383298635482788
1991-11-18,2.4210312366485596
1991-11-19,2.389587879180908
1991-11-20,2.377012014389038
1991-11-21,2.377012014389038
1991-11-22,2.3707220554351807
1991-11-25,2.4021639823913574
1991-11-26,2.4461822509765625
1991-11-27,2.4461822509765625
1991-11-29,2.4587600231170654
1991-12-02,2.5027787685394287
1991-12-03,2.515355110168457
1991-12-04,2.534219741821289
1991-12-05,2.561509370803833
1991-12-06,2.6118597984313965
1991-12-09,2.592977285385132
1991-12-10,2.605565071105957
1991-12-11,2.592977285385132
1991-12-12,2.605565071105957
1991-12-13,2.649620771408081
1991-12-16,2.6747941970825195
1991-12-17,2.681089401245117
1991-12-18,2.6747941970825195
1991-12-19,2.649620771408081
1991-12-20,2.687382936477661
1991-12-23,2.781785726547241
1991-12-24,2.7377312183380127
1991-12-26,2.8006703853607178
1991-12-27,2.844724178314209
1991-12-30,2.958007574081421
1991-12-31,2.964301824569702
1992-01-02,2.976888418197632
1992-01-03,2.907660484313965
1992-01-06,2.8573105335235596
1992-01-07,2.844724178314209
1992-01-08,2.869898796081543
1992-01-09,2.869898796081543
1992-01-10,2.8510146141052246
1992-01-13,2.913954019546509
1992-01-14,2.970597267150879
1992-01-15,2.9517147541046143
1992-01-16,2.9202473163604736
1992-01-17,2.8761911392211914
1992-01-20,2.8069608211517334
1992-01-21,2.7440264225006104
1992-01-22,2.844724178314209
1992-01-23,2.7943742275238037
1992-01-24,2.8510146141052246
1992-01-27,2.813256025314331
1992-01-28,2.7880818843841553
1992-01-29,2.7629058361053467
1992-01-30,2.7377312183380127
1992-01-31,2.712554931640625
1992-02-03,2.756610631942749
1992-02-04,2.7943742275238037
1992-02-05,2.7880818843841553
1992-02-06,2.756610631942749
1992-02-07,2.7440264225006104
1992-02-10,2.7503175735473633
1992-02-11,2.7377312183380127
1992-02-12,2.725144386291504
1992-02-13,2.725144386291504
1992-02-14,2.687382936477661
1992-02-18,2.586684226989746
1992-02-19,2.6244471073150635
1992-02-20,2.681089401245117
1992-02-21,2.6244471073150635
1992-02-24,2.605565071105957
1992-02-25,2.592977285385132
1992-02-26,2.712554931640625
1992-02-27,2.756610631942749
1992-02-28,2.718851327896118
1992-03-02,2.718851327896118
1992-03-03,2.681089401245117
1992-03-04,2.618152618408203
1992-03-05,2.681089401245117
1992-03-06,2.6622071266174316
1992-03-09,2.649620771408081
1992-03-10,2.655913829803467
1992-03-11,2.6370327472686768
1992-03-12,2.6622071266174316
1992-03-13,2.6370327472686768
1992-03-16,2.6747941970825195
1992-03-17,2.708914279937744
1992-03-18,2.683715581893921
1992-03-19,2.677415132522583
1992-03-20,2.683715581893921
1992-03-23,2.652217149734497
1992-03-24,2.677415132522583
1992-03-25,2.6963138580322266
1992-03-26,2.6900155544281006
1992-03-27,2.683715581893921
1992-03-30,2.6711137294769287
1992-03-31,2.683715581893921
1992-04-01,2.6711137294769287
1992-04-02,2.620717763900757
1992-04-03,2.6018171310424805
1992-04-06,2.664815902709961
1992-04-07,2.6018171310424805
1992-04-08,2.5892174243927
1992-04-09,2.664815902709961
1992-04-10,2.664815902709961
1992-04-13,2.6963138580322266
1992-04-14,2.7530126571655273
1992-04-15,2.7845115661621094
1992-04-16,2.746713161468506
1992-04-20,2.664815902709961
1992-04-21,2.652217149734497
1992-04-22,2.639617443084717
1992-04-23,2.652217149734497
1992-04-24,2.6081173419952393
1992-04-27,2.614417791366577
1992-04-28,2.614417791366577
1992-04-29,2.620717763900757
1992-04-30,2.633316993713379
1992-05-01,2.5955185890197754
1992-05-04,2.614417791366577
1992-05-05,2.620717763900757
1992-05-06,2.614417791366577
1992-05-07,2.6081173419952393
1992-05-08,2.620717763900757
1992-05-11,2.664815902709961
1992-05-12,2.683715581893921
1992-05-13,2.664815902709961
1992-05-14,2.6270172595977783
1992-05-15,2.6081173419952393
1992-05-18,2.6711137294769287
1992-05-19,2.7152132987976074
1992-05-20,2.6711137294769287
1992-05-21,2.6270172595977783
1992-05-22,2.639617443084717
1992-05-26,2.6081173419952393
1992-05-27,2.614417791366577
1992-05-28,2.6900155544281006
1992-05-29,2.6711137294769287
1992-06-01,2.683715581893921
1992-06-02,2.683715581893921
1992-06-03,2.746713161468506
1992-06-04,2.7782132625579834
1992-06-05,2.734114170074463
1992-06-08,2.727813720703125
1992-06-09,2.7304370403289795
1992-06-10,2.6989071369171143
1992-06-11,2.7178244590759277
1992-06-12,2.7304370403289795
1992-06-15,2.7682721614837646
1992-06-16,2.761964797973633
1992-06-17,2.7241320610046387
1992-06-18,2.736743927001953
1992-06-19,2.7493538856506348
1992-06-22,2.7304370403289795
1992-06-23,2.7178244590759277
1992-06-24,2.6799895763397217
1992-06-25,2.6736836433410645
1992-06-26,2.6989071369171143
1992-06-29,2.736743927001953
1992-06-30,2.711519718170166
1992-07-01,2.7052135467529297
1992-07-02,2.7304370403289795
1992-07-06,2.7934956550598145
1992-07-07,2.7178244590759277
1992-07-08,2.736743927001953
1992-07-09,2.7808837890625
1992-07-10,2.7682721614837646
1992-07-13,2.7808837890625
1992-07-14,2.7998008728027344
1992-07-15,2.774578332901001
1992-07-16,2.7808837890625
1992-07-17,2.774578332901001
1992-07-20,2.7556588649749756
1992-07-21,2.761964797973633
1992-07-22,2.761964797973633
1992-07-23,2.78718900680542
1992-07-24,2.7682721614837646
1992-07-27,2.7682721614837646
1992-07-28,2.7808837890625
1992-07-29,2.8187203407287598
1992-07-30,2.8187203407287598
1992-07-31,2.8187203407287598
1992-08-03,2.8250246047973633
1992-08-04,2.8187203407287598
1992-08-05,2.850249767303467
1992-08-06,2.8754732608795166
1992-08-07,2.8943891525268555
1992-08-10,2.888082265853882
1992-08-11,2.900696039199829
1992-08-12,2.8943891525268555
1992-08-13,2.919613838195801
1992-08-14,2.976365089416504
1992-08-17,2.9637527465820312
1992-08-18,2.9637527465820312
1992-08-19,2.951143264770508
1992-08-20,2.9574480056762695
1992-08-21,2.919613838195801
1992-08-24,2.8943891525268555
1992-08-25,2.8943891525268555
1992-08-26,2.9259185791015625
1992-08-27,2.8943891525268555
1992-08-28,2.900696039199829
1992-08-31,2.88177752494812
1992-09-01,2.8907134532928467
1992-09-02,2.8844027519226074
1992-09-03,2.909651041030884
1992-09-04,2.8844027519226074
1992-09-08,2.8844027519226074
1992-09-09,2.922274351119995
1992-09-10,2.9538323879241943
1992-09-11,2.9538323879241943
1992-09-14,2.9790775775909424
1992-09-15,2.9538323879241943
1992-09-16,2.9538323879241943
1992-09-17,2.960141897201538
1992-09-18,2.960141897201538
1992-09-21,2.9790775775909424
1992-09-22,2.9475202560424805
1992-09-23,2.985388994216919
1992-09-24,2.9917008876800537
1992-09-25,2.941209077835083
1992-09-28,2.985388994216919
1992-09-29,2.9727652072906494
1992-09-30,2.985388994216919
1992-10-01,2.9790775775909424
1992-10-02,2.928584098815918
1992-10-05,2.8907134532928467
1992-10-06,2.922274351119995
1992-10-07,2.897026300430298
1992-10-08,2.960141897201538
1992-10-09,2.928584098815918
1992-10-12,2.960141897201538
1992-10-13,2.93489670753479
1992-10-14,2.9538323879241943
1992-10-15,2.9475202560424805
1992-10-16,3.0043232440948486
1992-10-19,3.0611283779144287
1992-10-20,3.092686653137207
1992-10-21,3.1305556297302246
1992-10-22,3.098997116088867
1992-10-23,3.0800652503967285
1992-10-26,3.1053085327148438
1992-10-27,3.1179299354553223
1992-10-28,3.124244213104248
1992-10-29,3.1305556297302246
1992-10-30,3.073751926422119
1992-11-02,3.1116199493408203
1992-11-03,3.1116199493408203
1992-11-04,3.1305556297302246
1992-11-05,3.1368675231933594
1992-11-06,3.1368675231933594
1992-11-09,3.1684248447418213
1992-11-10,3.1621124744415283
1992-11-11,3.1305556297302246
1992-11-12,3.1116199493408203
1992-11-13,3.0674407482147217
1992-11-16,3.098997116088867
1992-11-17,3.1053085327148438
1992-11-18,3.1053085327148438
1992-11-19,3.1179299354553223
1992-11-20,3.1558024883270264
1992-11-23,3.1494908332824707
1992-11-24,3.1747379302978516
1992-11-25,3.1999855041503906
1992-11-27,3.231541395187378
1992-11-30,3.250476121902466
1992-12-01,3.2378501892089844
1992-12-02,3.250476121902466
1992-12-03,3.193671464920044
1992-12-04,3.2278826236724854
1992-12-07,3.2531516551971436
1992-12-08,3.2531516551971436
1992-12-09,3.2531516551971436
1992-12-10,3.2215659618377686
1992-12-11,3.2152507305145264
1992-12-14,3.2152507305145264
1992-12-15,3.2278826236724854
1992-12-16,3.240516185760498
1992-12-17,3.291053533554077
1992-12-18,3.3163177967071533
1992-12-21,3.2278826236724854
1992-12-22,3.196298837661743
1992-12-23,3.2657852172851562
1992-12-24,3.27841854095459
1992-12-28,3.27841854095459
1992-12-29,3.2531516551971436
1992-12-30,3.2657852172851562
1992-12-31,3.2341973781585693
1993-01-04,3.1773486137390137
1993-01-05,3.164715051651001
1993-01-06,3.0825963020324707
1993-01-07,3.0383806228637695
1993-01-08,3.0004796981811523
1993-01-11,2.9815287590026855
1993-01-12,3.0067946910858154
1993-01-13,3.0194284915924072
1993-01-14,3.0446970462799072
1993-01-15,3.0573298931121826
1993-01-18,3.0257463455200195
1993-01-19,3.0131113529205322
1993-01-20,3.0194284915924072
1993-01-21,3.0067946910858154
1993-01-22,3.164715051651001
1993-01-25,3.2657852172851562
1993-01-26,3.2341973781585693
1993-01-27,3.2531516551971436
1993-01-28,3.2721025943756104
1993-01-29,3.291053533554077
1993-02-01,3.3289520740509033
1993-02-02,3.3479013442993164
1993-02-03,3.379485845565796
1993-02-04,3.366852045059204
1993-02-05,3.3289520740509033
1993-02-08,3.3163177967071533
1993-02-09,3.3036844730377197
1993-02-10,3.2657852172851562
1993-02-11,3.2278826236724854
1993-02-12,3.2341973781585693
1993-02-16,3.158397912979126
1993-02-17,3.1394495964050293
1993-02-18,3.1268153190612793
1993-02-19,3.107863664627075
1993-02-22,3.0699636936187744
1993-02-23,3.0257463455200195
1993-02-24,3.158397912979126
1993-02-25,3.2152507305145264
1993-02-26,3.2847344875335693
1993-03-01,3.33526873588562
1993-03-02,3.436340093612671
1993-03-03,3.411072254180908
1993-03-04,3.3226356506347656
1993-03-05,3.310001850128174
1993-03-08,3.423704147338867
1993-03-09,3.423704147338867
1993-03-10,3.436340093612671
1993-03-11,3.3479013442993164
1993-03-12,3.3605337142944336
1993-03-15,3.373168468475342
1993-03-16,3.3984375
1993-03-17,3.3763842582702637
1993-03-18,3.4269678592681885
1993-03-19,3.351090908050537
1993-03-22,3.3384454250335693
1993-03-23,3.3131535053253174
1993-03-24,3.300508737564087
1993-03-25,3.363736629486084
1993-03-26,3.3258001804351807
1993-03-29,3.363736629486084
1993-03-30,3.14875864982605
1993-03-31,3.2119901180267334
1993-04-01,3.14875864982605
1993-04-02,3.0855319499969482
1993-04-05,3.0096590518951416
1993-04-06,2.8073296546936035
1993-04-07,2.8073296546936035
1993-04-08,2.921140432357788
1993-04-12,3.0349512100219727
1993-04-13,2.9337844848632812
1993-04-14,2.7567477226257324
1993-04-15,2.7946836948394775
1993-04-16,2.69351863861084
1993-04-19,2.706164598464966
1993-04-20,2.668226957321167
1993-04-21,2.69351863861084
1993-04-22,2.706164598464966
1993-04-23,2.706164598464966
1993-04-26,2.69351863861084
1993-04-27,2.7441017627716064
1993-04-28,2.7188103199005127
1993-04-29,2.706164598464966
1993-04-30,2.706164598464966
1993-05-03,2.6555817127227783
1993-05-04,2.7188103199005127
1993-05-05,2.706164598464966
1993-05-06,2.69351863861084
1993-05-07,2.6555817127227783
1993-05-10,2.642936944961548
1993-05-11,2.63029146194458
1993-05-12,2.7314541339874268
1993-05-13,2.69351863861084
1993-05-14,2.7567477226257324
1993-05-17,2.7441017627716064
1993-05-18,2.7188103199005127
1993-05-19,2.819974422454834
1993-05-20,2.8832030296325684
1993-05-21,2.7693920135498047
1993-05-24,2.8326213359832764
1993-05-25,2.8705573081970215
1993-05-26,2.845266342163086
1993-05-27,2.8073296546936035
1993-05-28,2.819974422454834
1993-06-01,2.845266342163086
1993-06-02,2.8705573081970215
1993-06-03,2.7820374965667725
1993-06-04,2.706164598464966
1993-06-07,2.69351863861084
1993-06-08,2.6840970516204834
1993-06-09,2.6967599391937256
1993-06-10,2.6714375019073486
1993-06-11,2.747403383255005
1993-06-14,2.734741449356079
1993-06-15,2.6840970516204834
1993-06-16,2.608133316040039
1993-06-17,2.6207940578460693
1993-06-18,2.5448288917541504
1993-06-21,2.5448288917541504
1993-06-22,2.5195071697235107
1993-06-23,2.6207940578460693
1993-06-24,2.6840970516204834
1993-06-25,2.6967599391937256
1993-06-28,2.7094202041625977
1993-06-29,2.6587772369384766
1993-06-30,2.6587772369384766
1993-07-01,2.608133316040039
1993-07-02,2.595472812652588
1993-07-06,2.57015061378479
1993-07-07,2.582812547683716
1993-07-08,2.6840970516204834
1993-07-09,2.6587772369384766
1993-07-12,2.6461169719696045
1993-07-13,2.6714375019073486
1993-07-14,2.6967599391937256
1993-07-15,2.6840970516204834
1993-07-16,2.6461169719696045
1993-07-19,2.633456230163574
1993-07-20,2.608133316040039
1993-07-21,2.595472812652588
1993-07-22,2.5448288917541504
1993-07-23,2.57015061378479
1993-07-26,2.57015061378479
1993-07-27,2.53216814994812
1993-07-28,2.5448288917541504
1993-07-29,2.608133316040039
1993-07-30,2.57015061378479
1993-08-02,2.595472812652588
1993-08-03,2.57015061378479
1993-08-04,2.582812547683716
1993-08-05,2.6207940578460693
1993-08-06,2.608133316040039
1993-08-09,2.582812547683716
1993-08-10,2.53216814994812
1993-08-11,2.595472812652588
1993-08-12,2.582812547683716
1993-08-13,2.582812547683716
1993-08-16,2.5574896335601807
1993-08-17,2.5574896335601807
1993-08-18,2.582812547683716
1993-08-19,2.6207940578460693
1993-08-20,2.6587772369384766
1993-08-23,2.633456230163574
1993-08-24,2.6587772369384766
1993-08-25,2.6207940578460693
1993-08-26,2.6207940578460693
1993-08-27,2.633456230163574
1993-08-30,2.6207940578460693
1993-08-31,2.6113624572753906
1993-09-01,2.6113624572753906
1993-09-02,2.5099518299102783
1993-09-03,2.4845988750457764
1993-09-07,2.4592459201812744
1993-09-08,2.4465675354003906
1993-09-09,2.4592459201812744
1993-09-10,2.4845988750457764
1993-09-13,2.4719228744506836
1993-09-14,2.4465675354003906
1993-09-15,2.4465675354003906
1993-09-16,2.433892250061035
1993-09-17,2.4212148189544678
1993-09-20,2.408539295196533
1993-09-21,2.383186101913452
1993-09-22,2.4592459201812744
1993-09-23,2.5353033542633057
1993-09-24,2.4972734451293945
1993-09-27,2.5353033542633057
1993-09-28,2.4845988750457764
1993-09-29,2.4465675354003906
1993-09-30,2.4972734451293945
1993-10-01,2.5099518299102783
1993-10-04,2.5099518299102783
1993-10-05,2.636716604232788
1993-10-06,2.6874213218688965
1993-10-07,2.712775230407715
1993-10-08,2.700099468231201
1993-10-11,2.6874213218688965
1993-10-12,2.6113624572753906
1993-10-13,2.586009979248047
1993-10-14,2.6620686054229736
1993-10-15,2.7254512310028076
1993-10-18,2.712775230407715
1993-10-19,2.7254512310028076
1993-10-20,2.7761566638946533
1993-10-21,2.7381269931793213
1993-10-22,2.6620686054229736
1993-10-25,2.700099468231201
1993-10-26,2.649393320083618
1993-10-27,2.6240391731262207
1993-10-28,2.6620686054229736
1993-10-29,2.674746036529541
1993-11-01,2.649393320083618
1993-11-02,2.7381269931793213
1993-11-03,2.8015105724334717
1993-11-04,2.8141868114471436
1993-11-05,2.7634828090667725
1993-11-08,2.864893913269043
1993-11-09,2.9029219150543213
1993-11-10,2.9663045406341553
1993-11-11,2.940950632095337
1993-11-12,2.9663045406341553
1993-11-15,2.9663045406341553
1993-11-16,3.0423648357391357
1993-11-17,3.0296874046325684
1993-11-18,3.0296874046325684
1993-11-19,3.0170111656188965
1993-11-22,3.0043365955352783
1993-11-23,2.9536283016204834
1993-11-24,2.9916586875915527
1993-11-26,3.0329790115356445
1993-11-29,2.994907855987549
1993-11-30,2.906074285507202
1993-12-01,2.893385171890259
1993-12-02,2.829932451248169
1993-12-03,2.829932451248169
1993-12-06,2.8426244258880615
1993-12-07,2.804553508758545
1993-12-08,2.7918639183044434
1993-12-09,2.8172433376312256
1993-12-10,2.77917218208313
1993-12-13,2.753791093826294
1993-12-14,2.7157211303710938
1993-12-15,2.753791093826294
1993-12-16,2.77917218208313
1993-12-17,2.7918639183044434
1993-12-20,2.7284107208251953
1993-12-21,2.703030824661255
1993-12-22,2.677649736404419
1993-12-23,2.6395785808563232
1993-12-27,2.614198684692383
1993-12-28,2.6522696018218994
1993-12-29,2.6268882751464844
1993-12-30,2.5634379386901855
1993-12-31,2.5380568504333496
1994-01-03,2.5888185501098633
1994-01-04,2.614198684692383
1994-01-05,2.5888185501098633
1994-01-06,2.499986171722412
1994-01-07,2.4746057987213135
1994-01-10,2.5253660678863525
1994-01-11,2.5888185501098633
1994-01-12,2.5888185501098633
1994-01-13,2.5888185501098633
1994-01-14,2.6015093326568604
1994-01-17,2.5634379386901855
1994-01-18,2.5380568504333496
1994-01-19,2.57612681388855
1994-01-20,2.57612681388855
1994-01-21,2.5634379386901855
1994-01-24,2.5253660678863525
1994-01-25,2.51267671585083
1994-01-26,2.57612681388855
1994-01-27,2.6395785808563232
1994-01-28,2.6903393268585205
1994-01-31,2.6903393268585205
1994-02-01,2.741100549697876
1994-02-02,2.8172433376312256
1994-02-03,2.855313539505005
1994-02-04,2.77917218208313
1994-02-07,2.741100549697876
1994-02-08,2.7157211303710938
1994-02-09,2.741100549697876
1994-02-10,2.7284107208251953
1994-02-11,2.753791093826294
1994-02-14,2.766481399536133
1994-02-15,2.753791093826294
1994-02-16,2.77917218208313
1994-02-17,2.8172433376312256
1994-02-18,2.8172433376312256
1994-02-22,2.8680033683776855
1994-02-23,2.9441452026367188
1994-02-24,2.855313539505005
1994-02-25,2.880695104598999
1994-02-28,2.880695104598999
1994-03-01,2.8426244258880615
1994-03-02,2.804553508758545
1994-03-03,2.8172433376312256
1994-03-04,2.8426244258880615
1994-03-07,2.880695104598999
1994-03-08,2.906074285507202
1994-03-09,2.9568355083465576
1994-03-10,2.880695104598999
1994-03-11,2.8680033683776855
1994-03-14,2.8426244258880615
1994-03-15,2.8214752674102783
1994-03-16,2.796058177947998
1994-03-17,2.7706379890441895
1994-03-18,2.7198004722595215
1994-03-21,2.7198004722595215
1994-03-22,2.8087661266326904
1994-03-23,2.7833476066589355
1994-03-24,2.7833476066589355
1994-03-25,2.7706379890441895
1994-03-28,2.7579283714294434
1994-03-29,2.7070908546447754
1994-03-30,2.6435434818267822
1994-03-31,2.6308341026306152
1994-04-04,2.5799968242645264
1994-04-05,2.668964147567749
1994-04-06,2.6308341026306152
1994-04-07,2.7070908546447754
1994-04-08,2.618126392364502
1994-04-11,2.618126392364502
1994-04-12,2.618126392364502
1994-04-13,2.5799968242645264
1994-04-14,2.5291597843170166
1994-04-15,2.5037424564361572
1994-04-18,2.478323459625244
1994-04-19,2.4401943683624268
1994-04-20,2.4401943683624268
1994-04-21,2.6054177284240723
1994-04-22,2.5799968242645264
1994-04-25,2.5799968242645264
1994-04-26,2.5799968242645264
1994-04-28,2.618126392364502
1994-04-29,2.567288398742676
1994-05-02,2.567288398742676
1994-05-03,2.541869640350342
1994-05-04,2.541869640350342
1994-05-05,2.567288398742676
1994-05-06,2.516451120376587
1994-05-09,2.491032361984253
1994-05-10,2.491032361984253
1994-05-11,2.4401943683624268
1994-05-12,2.452904224395752
1994-05-13,2.4401943683624268
1994-05-16,2.313102960586548
1994-05-17,2.4020674228668213
1994-05-18,2.452904224395752
1994-05-19,2.41477632522583
1994-05-20,2.363938331604004
1994-05-23,2.3385188579559326
1994-05-24,2.3766467571258545
1994-05-25,2.3893580436706543
1994-05-26,2.4020674228668213
1994-05-27,2.41477632522583
1994-05-31,2.3893580436706543
1994-06-01,2.3258109092712402
1994-06-02,2.313102960586548
1994-06-03,2.427485942840576
1994-06-06,2.41477632522583
1994-06-07,2.4445176124572754
1994-06-08,2.5081777572631836
1994-06-09,2.5973000526428223
1994-06-10,2.4954452514648438
1994-06-13,2.5081777572631836
1994-06-14,2.5336403846740723
1994-06-15,2.5081777572631836
1994-06-16,2.5336403846740723
1994-06-17,2.457249641418457
1994-06-20,2.4954452514648438
1994-06-21,2.43178653717041
1994-06-22,2.469982385635376
1994-06-23,2.469982385635376
1994-06-24,2.3935909271240234
1994-06-27,2.4445176124572754
1994-06-28,2.469982385635376
1994-06-29,2.5081777572631836
1994-06-30,2.469982385635376
1994-07-01,2.5081777572631836
1994-07-05,2.469982385635376
1994-07-06,2.43178653717041
1994-07-07,2.520908832550049
1994-07-08,2.4827139377593994
1994-07-11,2.457249641418457
1994-07-12,2.520908832550049
1994-07-13,2.546372652053833
1994-07-14,2.546372652053833
1994-07-15,2.5718369483947754
1994-07-18,2.6354947090148926
1994-07-19,2.6227643489837646
1994-07-20,2.5973000526428223
1994-07-21,2.6227643489837646
1994-07-22,2.584566831588745
1994-07-25,2.546372652053833
1994-07-26,2.5591049194335938
1994-07-27,2.5336403846740723
1994-07-28,2.520908832550049
1994-07-29,2.546372652053833
1994-08-01,2.5718369483947754
1994-08-02,2.546372652053833
1994-08-03,2.546372652053833
1994-08-04,2.4827139377593994
1994-08-05,2.4954452514648438
1994-08-08,2.4827139377593994
1994-08-09,2.457249641418457
1994-08-10,2.457249641418457
1994-08-11,2.457249641418457
1994-08-12,2.4445176124572754
1994-08-15,2.4190542697906494
1994-08-16,2.469982385635376
1994-08-17,2.4827139377593994
1994-08-18,2.457249641418457
1994-08-19,2.457249641418457
1994-08-22,2.4445176124572754
1994-08-23,2.457249641418457
1994-08-24,2.5081777572631836
1994-08-25,2.457249641418457
1994-08-26,2.520908832550049
1994-08-29,2.4954452514648438
1994-08-30,2.5124847888946533
1994-08-31,2.5124847888946533
1994-09-01,2.5124847888946533
1994-09-02,2.499730110168457
1994-09-06,2.5252366065979004
1994-09-07,2.486978054046631
1994-09-08,2.5634994506835938
1994-09-09,2.5379910469055176
1994-09-12,2.5634994506835938
1994-09-13,2.6527745723724365
1994-09-14,2.589005947113037
1994-09-15,2.5762534141540527
1994-09-16,2.5379910469055176
1994-09-19,2.4742236137390137
1994-09-20,2.3977015018463135
1994-09-21,2.435962438583374
1994-09-22,2.435962438583374
1994-09-23,2.4104549884796143
1994-09-26,2.4104549884796143
1994-09-27,2.4104549884796143
1994-09-28,2.4104549884796143
1994-09-29,2.3977015018463135
1994-09-30,2.3849456310272217
1994-10-03,2.372192144393921
1994-10-04,2.3211803436279297
1994-10-05,2.372192144393921
1994-10-06,2.333932399749756
1994-10-07,2.3466849327087402
1994-10-10,2.3849456310272217
1994-10-11,2.423208475112915
1994-10-12,2.4104549884796143
1994-10-13,2.4742236137390137
1994-10-14,2.4614691734313965
1994-10-17,2.423208475112915
1994-10-18,2.423208475112915
1994-10-19,2.435962438583374
1994-10-20,2.3977015018463135
1994-10-21,2.4104549884796143
1994-10-24,2.3849456310272217
1994-10-25,2.372192144393921
1994-10-26,2.372192144393921
1994-10-27,2.3977015018463135
1994-10-28,2.435962438583374
1994-10-31,2.3977015018463135
1994-11-01,2.4104549884796143
1994-11-02,2.435962438583374
1994-11-03,2.3977015018463135
1994-11-04,2.423208475112915
1994-11-07,2.435962438583374
1994-11-08,2.435962438583374
1994-11-09,2.4487152099609375
1994-11-10,2.4614691734313965
1994-11-11,2.4104549884796143
1994-11-14,2.3977015018463135
1994-11-15,2.3977015018463135
1994-11-16,2.3849456310272217
1994-11-17,2.3084239959716797
1994-11-18,2.3211803436279297
1994-11-21,2.372192144393921
1994-11-22,2.3977015018463135
1994-11-23,2.3977015018463135
1994-11-25,2.4104549884796143
1994-11-28,2.423208475112915
1994-11-29,2.414724349975586
1994-11-30,2.3763949871063232
1994-12-01,2.2997374534606934
1994-12-02,2.2997374534606934
1994-12-05,2.2997374534606934
1994-12-06,2.2869625091552734
1994-12-07,2.2869625091552734
1994-12-08,2.1847500801086426
1994-12-09,2.197526454925537
1994-12-12,2.2741851806640625
1994-12-13,2.2869625091552734
1994-12-14,2.3125131130218506
1994-12-15,2.3125131130218506
1994-12-16,2.3508434295654297
1994-12-19,2.3125131130218506
1994-12-20,2.261408567428589
1994-12-21,2.2997374534606934
1994-12-22,2.261408567428589
1994-12-23,2.2486329078674316
1994-12-27,2.1719753742218018
1994-12-28,2.197526454925537
1994-12-29,2.2230796813964844
1994-12-30,2.1719753742218018
1995-01-03,2.1336467266082764
1995-01-04,2.210304021835327
1995-01-05,2.235856056213379
1995-01-06,2.2486329078674316
1995-01-09,2.235856056213379
1995-01-10,2.197526454925537
1995-01-11,2.2486329078674316
1995-01-12,2.197526454925537
1995-01-13,2.2486329078674316
1995-01-16,2.210304021835327
1995-01-17,2.197526454925537
1995-01-18,2.1719753742218018
1995-01-19,2.1591975688934326
1995-01-20,2.1719753742218018
1995-01-23,2.197526454925537
1995-01-24,2.210304021835327
1995-01-25,2.2230796813964844
1995-01-26,2.235856056213379
1995-01-27,2.2997374534606934
1995-01-30,2.3252909183502197
1995-01-31,2.338066577911377
1995-02-01,2.4019484519958496
1995-02-02,2.4275007247924805
1995-02-03,2.4530532360076904
1995-02-06,2.4658303260803223
1995-02-07,2.4530532360076904
1995-02-08,2.4658303260803223
1995-02-09,2.4402782917022705
1995-02-10,2.414724349975586
1995-02-13,2.4275007247924805
1995-02-14,2.4402782917022705
1995-02-15,2.4402782917022705
1995-02-16,2.4530532360076904
1995-02-17,2.414724349975586
1995-02-21,2.4275007247924805
1995-02-22,2.4275007247924805
1995-02-23,2.4275007247924805
1995-02-24,2.4275007247924805
1995-02-27,2.3891711235046387
1995-02-28,2.4275007247924805
1995-03-01,2.4913833141326904
1995-03-02,2.542487144470215
1995-03-03,2.555264949798584
1995-03-06,2.4913833141326904
1995-03-07,2.5041589736938477
1995-03-08,2.5041589736938477
1995-03-09,2.478606700897217
1995-03-10,2.5297117233276367
1995-03-13,2.5297117233276367
1995-03-14,2.542487144470215
1995-03-15,2.5220043659210205
1995-03-16,2.534806251525879
1995-03-17,2.4963998794555664
1995-03-20,2.5220043659210205
1995-03-21,2.483598232269287
1995-03-22,2.483598232269287
1995-03-23,2.4707953929901123
1995-03-24,2.5220043659210205
1995-03-27,2.509202718734741
1995-03-28,2.5476083755493164
1995-03-29,2.6116199493408203
1995-03-30,2.6116199493408203
1995-03-31,2.6244208812713623
1995-04-03,2.662827253341675
1995-04-04,2.650024652481079
1995-04-05,2.662827253341675
1995-04-06,2.598816156387329
1995-04-07,2.5732133388519287
1995-04-10,2.598816156387329
1995-04-11,2.5732133388519287
1995-04-12,2.5476083755493164
1995-04-13,2.598816156387329
1995-04-17,2.598816156387329
1995-04-18,2.586014986038208
1995-04-19,2.560410499572754
1995-04-20,2.534806251525879
1995-04-21,2.509202718734741
1995-04-24,2.4963998794555664
1995-04-25,2.4323911666870117
1995-04-26,2.4323911666870117
1995-04-27,2.445190906524658
1995-04-28,2.4323911666870117
1995-05-01,2.3555779457092285
1995-05-02,2.368380069732666
1995-05-03,2.4067859649658203
1995-05-04,2.4323911666870117
1995-05-05,2.4579944610595703
1995-05-08,2.445190906524658
1995-05-09,2.4067859649658203
1995-05-10,2.4067859649658203
1995-05-11,2.4963998794555664
1995-05-12,2.586014986038208
1995-05-15,2.6244208812713623
1995-05-16,2.5732133388519287
1995-05-17,2.5476083755493164
1995-05-18,2.509202718734741
1995-05-19,2.534806251525879
1995-05-22,2.5220043659210205
1995-05-23,2.534806251525879
1995-05-24,2.4579944610595703
1995-05-25,2.4707953929901123
1995-05-26,2.4323911666870117
1995-05-30,2.445190906524658
1995-05-31,2.5476083755493164
1995-06-01,2.534806251525879
1995-06-02,2.5476083755493164
1995-06-05,2.5476083755493164
1995-06-06,2.586014986038208
1995-06-07,2.598816156387329
1995-06-08,2.5782930850982666
1995-06-09,2.5654654502868652
1995-06-12,2.61677622795105
1995-06-13,2.680911064147949
1995-06-14,2.719392776489258
1995-06-15,2.693739175796509
1995-06-16,2.719392776489258
1995-06-19,2.757875680923462
1995-06-20,2.7322194576263428
1995-06-21,2.757875680923462
1995-06-22,2.757875680923462
1995-06-23,2.757875680923462
1995-06-26,2.642430067062378
1995-06-27,2.668084144592285
1995-06-28,2.757875680923462
1995-06-29,2.719392776489258
1995-06-30,2.7450482845306396
1995-07-03,2.719392776489258
1995-07-05,2.719392776489258
1995-07-06,2.7707014083862305
1995-07-07,2.7450482845306396
1995-07-10,2.693739175796509
1995-07-11,2.668084144592285
1995-07-12,2.719392776489258
1995-07-13,2.655256986618042
1995-07-14,2.668084144592285
1995-07-17,2.7450482845306396
1995-07-18,2.7450482845306396
1995-07-19,2.757875680923462
1995-07-20,2.796358346939087
1995-07-21,2.8220131397247314
1995-07-24,2.7707014083862305
1995-07-25,2.7707014083862305
1995-07-26,2.757875680923462
1995-07-27,2.78352952003479
1995-07-28,2.7322194576263428
1995-07-31,2.7322194576263428
1995-08-01,2.668084144592285
1995-08-02,2.655256986618042
1995-08-03,2.61677622795105
1995-08-04,2.6296021938323975
1995-08-07,2.6039469242095947
1995-08-08,2.61677622795105
1995-08-09,2.5654654502868652
1995-08-10,2.5526375770568848
1995-08-11,2.5398104190826416
1995-08-14,2.5269832611083984
1995-08-15,2.5398104190826416
1995-08-16,2.591120719909668
1995-08-17,2.591120719909668
1995-08-18,2.591120719909668
1995-08-21,2.6039469242095947
1995-08-22,2.591120719909668
1995-08-23,2.5398104190826416
1995-08-24,2.5269832611083984
1995-08-25,2.5782930850982666
1995-08-28,2.5141565799713135
1995-08-29,2.5782930850982666
1995-08-30,2.5654654502868652
1995-08-31,2.5191948413848877
1995-09-01,2.557753086090088
1995-09-05,2.557753086090088
1995-09-06,2.5448999404907227
1995-09-07,2.5706064701080322
1995-09-08,2.5448999404907227
1995-09-11,2.5834598541259766
1995-09-12,2.6091649532318115
1995-09-13,2.6220200061798096
1995-09-14,2.6091649532318115
1995-09-15,2.6348717212677
1995-09-18,2.6477251052856445
1995-09-19,2.5834598541259766
1995-09-20,2.596312999725342
1995-09-21,2.557753086090088
1995-09-22,2.5706064701080322
1995-09-25,2.5448999404907227
1995-09-26,2.5706064701080322
1995-09-27,2.5320472717285156
1995-09-28,2.5834598541259766
1995-09-29,2.5448999404907227
1995-10-02,2.5448999404907227
1995-10-03,2.493488073348999
1995-10-04,2.454928398132324
1995-10-05,2.454928398132324
1995-10-06,2.4420769214630127
1995-10-09,2.4806346893310547
1995-10-10,2.454928398132324
1995-10-11,2.3649580478668213
1995-10-12,2.352105140686035
1995-10-13,2.3778109550476074
1995-10-16,2.3135464191436768
1995-10-17,2.33925199508667
1995-10-18,2.33925199508667
1995-10-19,2.352105140686035
1995-10-20,2.3649580478668213
1995-10-23,2.326397657394409
1995-10-24,2.3135464191436768
1995-10-25,2.3135464191436768
1995-10-26,2.2492806911468506
1995-10-27,2.27498722076416
1995-10-30,2.2492806911468506
1995-10-31,2.223574638366699
1995-11-01,2.2878384590148926
1995-11-02,2.416370391845703
1995-11-03,2.4035165309906006
1995-11-06,2.390664577484131
1995-11-07,2.429222822189331
1995-11-08,2.429222822189331
1995-11-09,2.4742090702056885
1995-11-10,2.454928398132324
1995-11-13,2.454928398132324
1995-11-14,2.4035165309906006
1995-11-15,2.4420769214630127
1995-11-16,2.4420769214630127
1995-11-17,2.416370391845703
1995-11-20,2.493488073348999
1995-11-21,2.5191948413848877
1995-11-22,2.5191948413848877
1995-11-24,2.5448999404907227
1995-11-27,2.5448999404907227
1995-11-28,2.5191948413848877
1995-11-29,2.5372257232666016
1995-11-30,2.4728283882141113
1995-12-01,2.4985878467559814
1995-12-04,2.4857072830200195
1995-12-05,2.4985878467559814
1995-12-06,2.4857072830200195
1995-12-07,2.447070598602295
1995-12-08,2.447070598602295
1995-12-11,2.4341907501220703
1995-12-12,2.447070598602295
1995-12-13,2.4084322452545166
1995-12-14,2.3955531120300293
1995-12-15,2.3826746940612793
1995-12-18,2.35691499710083
1995-12-19,2.3955531120300293
1995-12-20,2.318276882171631
1995-12-21,2.3955531120300293
1995-12-22,2.3697938919067383
1995-12-26,2.3440356254577637
1995-12-27,2.3440356254577637
1995-12-28,2.318276882171631
1995-12-29,2.2925171852111816
1996-01-02,2.3955531120300293
1996-01-03,2.421311855316162
1996-01-04,2.447070598602295
1996-01-05,2.4084322452545166
1996-01-08,2.4084322452545166
1996-01-09,2.3697938919067383
1996-01-10,2.3311572074890137
1996-01-11,2.35691499710083
1996-01-12,2.2925171852111816
1996-01-15,2.2925171852111816
1996-01-16,2.318276882171631
1996-01-17,2.099327802658081
1996-01-18,1.983413815498352
1996-01-19,2.0478103160858154
1996-01-22,2.112208604812622
1996-01-23,2.099327802658081
1996-01-24,2.0606908798217773
1996-01-25,2.0606908798217773
1996-01-26,2.0606908798217773
1996-01-29,2.0606908798217773
1996-01-30,2.0735695362091064
1996-01-31,2.099327802658081
1996-02-01,2.241001605987549
1996-02-02,2.215242385864258
1996-02-05,2.2925171852111816
1996-02-06,2.2796385288238525
1996-02-07,2.3311572074890137
1996-02-08,2.3311572074890137
1996-02-09,2.3053972721099854
1996-02-12,2.3440356254577637
1996-02-13,2.2538797855377197
1996-02-14,2.2796385288238525
1996-02-15,2.215242385864258
1996-02-16,2.1894843578338623
1996-02-20,2.150846481323242
1996-02-21,2.2538797855377197
1996-02-22,2.3053972721099854
1996-02-23,2.2925171852111816
1996-02-26,2.241001605987549
1996-02-27,2.241001605987549
1996-02-28,2.1894843578338623
1996-02-29,2.1894843578338623
1996-03-01,2.2281222343444824
1996-03-04,2.2925171852111816
1996-03-05,2.3440356254577637
1996-03-06,2.35691499710083
1996-03-07,2.3311572074890137
1996-03-08,2.318276882171631
1996-03-11,2.2925171852111816
1996-03-12,2.3053972721099854
1996-03-13,2.3697938919067383
1996-03-14,2.4341907501220703
1996-03-15,2.452467679977417
1996-03-18,2.5299150943756104
1996-03-19,2.452467679977417
1996-03-20,2.465376377105713
1996-03-21,2.439560890197754
1996-03-22,2.452467679977417
1996-03-25,2.439560890197754
1996-03-26,2.439560890197754
1996-03-27,2.439560890197754
1996-03-28,2.4782841205596924
1996-03-29,2.3750221729278564
1996-04-01,2.4266529083251953
1996-04-02,2.3492069244384766
1996-04-03,2.3362982273101807
1996-04-04,2.3233911991119385
1996-04-08,2.284667491912842
1996-04-09,2.2717599868774414
1996-04-10,2.2588517665863037
1996-04-11,2.2588517665863037
1996-04-12,2.3362982273101807
1996-04-15,2.3492069244384766
1996-04-16,2.3362982273101807
1996-04-17,2.3233911991119385
1996-04-18,2.284667491912842
1996-04-19,2.3233911991119385
1996-04-22,2.3362982273101807
1996-04-23,2.362114191055298
1996-04-24,2.362114191055298
1996-04-25,2.387930393218994
1996-04-26,2.452467679977417
1996-04-29,2.4137449264526367
1996-04-30,2.465376377105713
1996-05-01,2.5040996074676514
1996-05-02,2.439560890197754
1996-05-03,2.4234256744384766
1996-05-06,2.4266529083251953
1996-05-07,2.4266529083251953
1996-05-08,2.5040996074676514
1996-05-09,2.439560890197754
1996-05-10,2.452467679977417
1996-05-13,2.5040996074676514
1996-05-14,2.5557289123535156
1996-05-15,2.5299150943756104
1996-05-16,2.542823076248169
1996-05-17,2.542823076248169
1996-05-20,2.542823076248169
1996-05-21,2.5557289123535156
1996-05-22,2.60736083984375
1996-05-23,2.542823076248169
1996-05-24,2.581545829772949
1996-05-28,2.63317608833313
1996-05-29,2.63317608833313
1996-05-30,2.63317608833313
1996-05-31,2.6718993186950684
1996-06-03,2.6848068237304688
1996-06-04,2.710623264312744
1996-06-05,2.6848068237304688
1996-06-06,2.6589925289154053
1996-06-07,2.6848068237304688
1996-06-10,2.6718993186950684
1996-06-11,2.6848068237304688
1996-06-12,2.6848068237304688
1996-06-13,2.6901869773864746
1996-06-14,2.7031219005584717
1996-06-17,2.6772522926330566
1996-06-18,2.61258602142334
1996-06-19,2.5479183197021484
1996-06-20,2.5737850666046143
1996-06-21,2.6513864994049072
1996-06-24,2.6643216609954834
1996-06-25,2.6255197525024414
1996-06-26,2.6513864994049072
1996-06-27,2.6255197525024414
1996-06-28,2.6255197525024414
1996-07-01,2.5737850666046143
1996-07-02,2.5737850666046143
1996-07-03,2.5737850666046143
1996-07-05,2.5349855422973633
1996-07-08,2.483250379562378
1996-07-09,2.509117603302002
1996-07-10,2.483250379562378
1996-07-11,2.4444499015808105
1996-07-12,2.470317840576172
1996-07-15,2.4185829162597656
1996-07-16,2.3668484687805176
1996-07-17,2.509117603302002
1996-07-18,2.496183156967163
1996-07-19,2.483250379562378
1996-07-22,2.4056482315063477
1996-07-23,2.3927149772644043
1996-07-24,2.470317840576172
1996-07-25,2.483250379562378
1996-07-26,2.483250379562378
1996-07-29,2.4573824405670166
1996-07-30,2.483250379562378
1996-07-31,2.483250379562378
1996-08-01,2.5349855422973633
1996-08-02,2.5349855422973633
1996-08-05,2.5349855422973633
1996-08-06,2.5479183197021484
1996-08-07,2.5608513355255127
1996-08-08,2.5608513355255127
1996-08-09,2.61258602142334
1996-08-12,2.6772522926330566
1996-08-13,2.6772522926330566
1996-08-14,2.728989839553833
1996-08-15,2.8065896034240723
1996-08-16,2.8841915130615234
1996-08-19,2.7807233333587646
1996-08-20,2.819523572921753
1996-08-21,2.7807233333587646
1996-08-22,2.819523572921753
1996-08-23,2.7807233333587646
1996-08-26,2.7807233333587646
1996-08-27,2.7807233333587646
1996-08-28,2.7807233333587646
1996-08-29,2.7342803478240967
1996-08-30,2.7342803478240967
1996-09-03,2.74723744392395
1996-09-04,2.760197162628174
1996-09-05,2.6824429035186768
1996-09-06,2.6824429035186768
1996-09-09,2.74723744392395
1996-09-10,2.760197162628174
1996-09-11,2.760197162628174
1996-09-12,2.8379478454589844
1996-09-13,2.8249900341033936
1996-09-16,2.8379478454589844
1996-09-17,2.812030792236328
1996-09-18,2.760197162628174
1996-09-19,2.78611421585083
1996-09-20,2.8638663291931152
1996-09-23,2.812030792236328
1996-09-24,2.760197162628174
1996-09-25,2.6954026222229004
1996-09-26,2.6694867610931396
1996-09-27,2.708362340927124
1996-09-30,2.7342803478240967
1996-10-01,2.6954026222229004
1996-10-02,2.656526803970337
1996-10-03,2.7342803478240967
1996-10-04,2.7342803478240967
1996-10-07,2.7731564044952393
1996-10-08,2.812030792236328
1996-10-09,2.7342803478240967
1996-10-10,2.799072265625
1996-10-11,2.85090708732605
1996-10-14,2.8249900341033936
1996-10-15,2.78611421585083
1996-10-16,2.812030792236328
1996-10-17,2.8768248558044434
1996-10-18,2.915701389312744
1996-10-21,2.85090708732605
1996-10-22,2.8638663291931152
1996-10-23,2.85090708732605
1996-10-24,2.78611421585083
1996-10-25,2.799072265625
1996-10-28,2.8249900341033936
1996-10-29,2.8379478454589844
1996-10-30,2.721320152282715
1996-10-31,2.74723744392395
1996-11-01,2.7342803478240967
1996-11-04,2.721320152282715
1996-11-05,2.760197162628174
1996-11-06,2.78611421585083
1996-11-07,2.7731564044952393
1996-11-08,2.799072265625
1996-11-11,2.74723744392395
1996-11-12,2.6046924591064453
1996-11-13,2.488064765930176
1996-11-14,2.5398998260498047
1996-11-15,2.5398998260498047
1996-11-18,2.5658161640167236
1996-11-19,2.5398998260498047
1996-11-20,2.5787746906280518
1996-11-21,2.6176512241363525
1996-11-22,2.6435699462890625
1996-11-25,2.6435699462890625
1996-11-26,2.6306099891662598
1996-11-27,2.6306099891662598
1996-11-29,2.6435699462890625
1996-12-02,2.6435699462890625
1996-12-03,2.6954026222229004
1996-12-04,2.6435699462890625
1996-12-05,2.6435699462890625
1996-12-06,2.591733694076538
1996-12-09,2.5528576374053955
1996-12-10,2.5528576374053955
1996-12-11,2.519301652908325
1996-12-12,2.480344772338867
1996-12-13,2.480344772338867
1996-12-16,2.4154129028320312
1996-12-17,2.38944149017334
1996-12-18,2.38944149017334
1996-12-19,2.428398847579956
1996-12-20,2.454371929168701
1996-12-23,2.441385507583618
1996-12-24,2.441385507583618
1996-12-26,2.493330955505371
1996-12-27,2.5063164234161377
1996-12-30,2.441385507583618
1996-12-31,2.3634684085845947
1997-01-02,2.38944149017334
1997-01-03,2.3504836559295654
1997-01-06,2.2985377311706543
1997-01-07,2.480344772338867
1997-01-08,2.454371929168701
1997-01-09,2.480344772338867
1997-01-10,2.493330955505371
1997-01-13,2.441385507583618
1997-01-14,2.441385507583618
1997-01-15,2.4024276733398438
1997-01-16,2.4024276733398438
1997-01-17,2.428398847579956
1997-01-20,2.3764543533325195
1997-01-21,2.3764543533325195
1997-01-22,2.4024276733398438
1997-01-23,2.3634684085845947
1997-01-24,2.38944149017334
1997-01-27,2.3764543533325195
1997-01-28,2.3764543533325195
1997-01-29,2.38944149017334
1997-01-30,2.4154129028320312
1997-01-31,2.467357635498047
1997-02-03,2.428398847579956
1997-02-04,2.441385507583618
1997-02-05,2.4024276733398438
1997-02-06,2.454371929168701
1997-02-07,2.480344772338867
1997-02-10,2.545274496078491
1997-02-11,2.545274496078491
1997-02-12,2.5972182750701904
1997-02-13,2.5842316150665283
1997-02-14,2.558259963989258
1997-02-18,2.5842316150665283
1997-02-19,2.53228759765625
1997-02-20,2.467357635498047
1997-02-21,2.493330955505371
1997-02-24,2.558259963989258
1997-02-25,2.740065574645996
1997-02-26,2.779024362564087
1997-02-27,2.779024362564087
1997-02-28,2.740065574645996
1997-03-03,2.804995536804199
1997-03-04,2.753051280975342
1997-03-05,2.766037702560425
1997-03-06,2.830967903137207
1997-03-07,2.830967903137207
1997-03-10,2.8439536094665527
1997-03-11,2.8829123973846436
1997-03-12,2.986801862716675
1997-03-13,3.012773275375366
1997-03-14,2.986801862716675
1997-03-17,3.006899118423462
1997-03-18,3.032932758331299
1997-03-19,3.111035108566284
1997-03-20,3.058967113494873
1997-03-21,3.098017692565918
1997-03-24,3.098017692565918
1997-03-25,3.045950174331665
1997-03-26,3.085000991821289
1997-03-27,3.006899118423462
1997-03-31,2.902763843536377
1997-04-01,2.889746904373169
1997-04-02,2.889746904373169
1997-04-03,2.889746904373169
1997-04-04,2.902763843536377
1997-04-07,2.9157817363739014
1997-04-08,2.980865478515625
1997-04-09,2.980865478515625
1997-04-10,2.954832077026367
1997-04-11,2.876730442047119
1997-04-14,2.889746904373169
1997-04-15,2.9678478240966797
1997-04-16,2.9157817363739014
1997-04-17,2.902763843536377
1997-04-18,2.9287972450256348
1997-04-21,2.889746904373169
1997-04-22,2.889746904373169
1997-04-23,2.9157817363739014
1997-04-24,2.863713026046753
1997-04-25,2.824662446975708
1997-04-28,2.889746904373169
1997-04-29,2.889746904373169
1997-04-30,2.9287972450256348
1997-05-01,2.9418158531188965
1997-05-02,2.954832077026367
1997-05-05,2.954832077026367
1997-05-06,2.954832077026367
1997-05-07,2.9418158531188965
1997-05-08,3.045950174331665
1997-05-09,3.0199155807495117
1997-05-12,3.098017692565918
1997-05-13,3.124051570892334
1997-05-14,3.137068748474121
1997-05-15,3.1761178970336914
1997-05-16,3.111035108566284
1997-05-19,3.1761178970336914
1997-05-20,3.1761178970336914
1997-05-21,3.124051570892334
1997-05-22,3.098017692565918
1997-05-23,3.137068748474121
1997-05-27,3.111035108566284
1997-05-28,3.124051570892334
1997-05-29,3.137068748474121
1997-05-30,3.111035108566284
1997-06-02,3.163102626800537
1997-06-03,3.2151682376861572
1997-06-04,3.2151682376861572
1997-06-05,3.2281861305236816
1997-06-06,3.2672362327575684
1997-06-09,3.319302797317505
1997-06-10,3.2672362327575684
1997-06-11,3.2672362327575684
1997-06-12,3.2932708263397217
1997-06-13,3.3323209285736084
1997-06-16,3.423440933227539
1997-06-17,3.4755067825317383
1997-06-18,3.4434735774993896
1997-06-19,3.4434735774993896
1997-06-20,3.521733522415161
1997-06-23,3.404341459274292
1997-06-24,3.502166271209717
1997-06-25,3.4108641147613525
1997-06-26,3.4434735774993896
1997-06-27,3.4108641147613525
1997-06-30,3.528254985809326
1997-07-01,3.5412983894348145
1997-07-02,3.5999932289123535
1997-07-03,3.6978211402893066
1997-07-07,3.671731472015381
1997-07-08,3.6521666049957275
1997-07-09,3.5086898803710938
1997-07-10,3.6586899757385254
1997-07-11,3.6978211402893066
1997-07-14,3.7239065170288086
1997-07-15,3.730426549911499
1997-07-16,3.736950397491455
1997-07-17,3.704341173171997
1997-07-18,3.6521666049957275
1997-07-21,3.730426549911499
1997-07-22,3.7695581912994385
1997-07-23,3.8086891174316406
1997-07-24,3.860863208770752
1997-07-25,4.004339694976807
1997-07-28,4.0239057540893555
1997-07-29,3.9391236305236816
1997-07-30,3.9521689414978027
1997-07-31,3.9130351543426514
1997-08-01,3.828253746032715
1997-08-04,3.9521689414978027
1997-08-05,3.9260785579681396
1997-08-06,4.004339694976807
1997-08-07,3.9717323780059814
1997-08-08,3.867387056350708
1997-08-11,3.860863208770752
1997-08-12,3.749992847442627
1997-08-13,3.854339838027954
1997-08-14,3.736950397491455
1997-08-15,3.6586899757385254
1997-08-18,3.7239065170288086
1997-08-19,3.743471622467041
1997-08-20,3.8804287910461426
1997-08-21,3.828253746032715
1997-08-22,3.7826013565063477
1997-08-25,3.8347747325897217
1997-08-26,3.7630372047424316
1997-08-27,3.749992847442627
1997-08-28,3.71086049079895
1997-08-29,3.704341173171997
1997-09-02,3.9326024055480957
1997-09-03,3.9652106761932373
1997-09-04,3.9717323780059814
1997-09-05,3.9456470012664795
1997-09-08,3.997819185256958
1997-09-09,4.030427932739258
1997-09-10,3.9260785579681396
1997-09-11,3.97825288772583
1997-09-12,4.043470859527588
1997-09-15,3.991299629211426
1997-09-16,3.991299629211426
1997-09-17,3.972273111343384
1997-09-18,3.959204912185669
1997-09-19,3.998405933380127
1997-09-22,4.014738082885742
1997-09-23,3.8742711544036865
1997-09-24,3.835071563720703
1997-09-25,3.75667142868042
1997-09-26,3.7893381118774414
1997-09-29,3.841604709625244
1997-09-30,3.8285393714904785
1997-10-01,3.8612048625946045
1997-10-02,3.8546693325042725
1997-10-03,3.867741107940674
1997-10-06,3.8546693325042725
1997-10-07,3.8220062255859375
1997-10-08,3.75667142868042
1997-10-09,3.6913392543792725
1997-10-10,3.750138521194458
1997-10-13,3.7305383682250977
1997-10-14,3.7632076740264893
1997-10-15,3.776271104812622
1997-10-16,3.7305383682250977
1997-10-17,3.6260035037994385
1997-10-20,3.704404354095459
1997-10-21,3.769740581512451
1997-10-22,3.724003791809082
1997-10-23,3.6717381477355957
1997-10-24,3.56067156791687
1997-10-27,3.3646697998046875
1997-10-28,3.6129374504089355
1997-10-29,3.6325390338897705
1997-10-30,3.6325390338897705
1997-10-31,3.6586713790893555
1997-11-03,3.7958695888519287
1997-11-04,3.8024046421051025
1997-11-05,3.769740581512451
1997-11-06,3.8546693325042725
1997-11-07,3.7893381118774414
1997-11-10,3.8285393714904785
1997-11-11,3.8808047771453857
1997-11-12,3.9657392501831055
1997-11-13,4.011473178863525
1997-11-14,4.129072189331055
1997-11-17,4.161739826202393
1997-11-18,4.102939128875732
1997-11-19,4.122537612915039
1997-11-20,4.174807548522949
1997-11-21,4.181339740753174
1997-11-24,4.1356048583984375
1997-11-25,4.1356048583984375
1997-11-26,4.168272495269775
1997-11-28,4.18787145614624
1997-12-01,4.2728047370910645
1997-12-02,4.259740829467773
1997-12-03,4.2728047370910645
1997-12-04,4.29240608215332
1997-12-05,4.279338836669922
1997-12-08,4.220538139343262
1997-12-09,4.18787145614624
1997-12-10,4.20747184753418
1997-12-11,4.161739826202393
1997-12-12,4.174807548522949
1997-12-15,4.2989397048950195
1997-12-16,4.259740829467773
1997-12-17,4.1948723793029785
1997-12-18,4.142518520355225
1997-12-19,4.0443525314331055
1997-12-22,3.992000102996826
1997-12-23,3.8938357830047607
1997-12-24,3.8938357830047607
1997-12-26,3.933103084564209
1997-12-29,3.97236704826355
1997-12-30,4.149062633514404
1997-12-31,4.129428863525391
1998-01-02,4.1228837966918945
1998-01-05,4.162151336669922
1998-01-06,4.188329219818115
1998-01-07,4.1752400398254395
1998-01-08,4.116338729858398
1998-01-09,3.9985451698303223
1998-01-12,4.13597297668457
1998-01-13,4.13597297668457
1998-01-14,4.155605792999268
1998-01-15,4.181786060333252
1998-01-16,4.201416969299316
1998-01-20,4.37156867980957
1998-01-21,4.26031494140625
1998-01-22,4.188329219818115
1998-01-23,4.13597297668457
1998-01-26,4.050897598266602
1998-01-27,4.116338729858398
1998-01-28,4.25377082824707
1998-01-29,4.207958698272705
1998-01-30,4.168696403503418
1998-02-02,4.273404598236084
1998-02-03,4.397744655609131
1998-02-04,4.502452850341797
1998-02-05,4.482819557189941
1998-02-06,4.508996963500977
1998-02-09,4.450098037719727
1998-02-10,4.515541076660156
1998-02-11,4.495906829833984
1998-02-12,4.679146766662598
1998-02-13,4.626793384552002
1998-02-17,4.685690402984619
1998-02-18,4.764222621917725
1998-02-19,4.738044738769531
1998-02-20,4.751132965087891
1998-02-23,4.836208343505859
1998-02-24,4.908195495605469
1998-02-25,4.99327278137207
1998-02-26,4.9474639892578125
1998-02-27,4.849299430847168
1998-03-02,4.908195495605469
1998-03-03,5.071804046630859
1998-03-04,5.071804046630859
1998-03-05,5.117613792419434
1998-03-06,5.255043029785156
1998-03-09,5.372837066650391
1998-03-10,5.340118408203125
1998-03-11,5.333573818206787
1998-03-12,5.372837066650391
1998-03-13,5.379383563995361
1998-03-16,5.392472267150879
1998-03-17,5.385925769805908
1998-03-18,5.3220109939575195
1998-03-19,5.282688140869141
1998-03-20,5.249915599822998
1998-03-23,5.210589408874512
1998-03-24,5.2957963943481445
1998-03-25,5.204035758972168
1998-03-26,5.217146396636963
1998-03-27,5.236806869506836
1998-03-30,5.289239883422852
1998-03-31,5.3285675048828125
1998-04-01,5.400661945343018
1998-04-02,5.3285675048828125
1998-04-03,5.400661945343018
1998-04-06,5.204035758972168
1998-04-07,5.3220109939575195
1998-04-08,5.243359565734863
1998-04-09,5.3285675048828125
1998-04-13,5.367890357971191
1998-04-14,5.584178447723389
1998-04-15,5.649721145629883
1998-04-16,5.512080192565918
1998-04-17,5.584178447723389
1998-04-20,5.479312419891357
1998-04-21,5.485866069793701
1998-04-22,5.485866069793701
1998-04-23,5.387553691864014
1998-04-24,5.269577503204346
1998-04-27,5.197481632232666
1998-04-28,5.151602268218994
1998-04-29,5.171264171600342
1998-04-30,5.302347660064697
1998-05-01,5.308900356292725
1998-05-04,5.335118293762207
1998-05-05,5.2957963943481445
1998-05-06,5.236806869506836
1998-05-07,5.308900356292725
1998-05-08,5.2957963943481445
1998-05-11,5.361337661743164
1998-05-12,5.531748294830322
1998-05-13,5.675936698913574
1998-05-14,5.682493209838867
1998-05-15,5.669384479522705
1998-05-18,5.70215368270874
1998-05-19,5.695602893829346
1998-05-20,5.75459098815918
1998-05-21,5.846348285675049
1998-05-22,5.820131301879883
1998-05-26,5.6366119384765625
1998-05-27,5.70215368270874
1998-05-28,5.813578128814697
1998-05-29,5.7808074951171875
1998-06-01,5.924997806549072
1998-06-02,5.970876216888428
1998-06-03,5.87256383895874
1998-06-04,5.938106536865234
1998-06-05,6.062638759613037
1998-06-08,6.0822978019714355
1998-06-09,6.088851451873779
1998-06-10,6.213382720947266
1998-06-11,6.187167167663574
1998-06-12,6.167501449584961
1998-06-15,5.931551933288574
1998-06-16,6.016758918762207
1998-06-17,6.1365203857421875
1998-06-18,6.090579986572266
1998-06-19,6.077451705932617
1998-06-22,6.018383502960205
1998-06-23,6.215277671813965
1998-06-24,6.313724040985107
1998-06-25,6.300599098205566
1998-06-26,6.267782211303711
1998-06-29,6.517180919647217
1998-06-30,6.379356384277344
1998-07-01,6.353107452392578
1998-07-02,6.372793197631836
1998-07-06,6.431855201721191
1998-07-07,6.418734550476074
1998-07-08,6.595938682556152
1998-07-09,6.628752708435059
1998-07-10,6.740330219268799
1998-07-13,6.727202415466309
1998-07-14,6.970036506652832
1998-07-15,6.917532444000244
1998-07-16,7.219438076019287
1998-07-17,7.245687484741211
1998-07-20,7.225998878479004
1998-07-21,7.140678405761719
1998-07-22,7.042229175567627
1998-07-23,6.6681318283081055
1998-07-24,6.70095682144165
1998-07-27,6.707513809204102
1998-07-28,6.661568641662598
1998-07-29,6.392482280731201
1998-07-30,6.681260585784912
1998-07-31,6.628752708435059
1998-08-03,6.4712371826171875
1998-08-04,6.129958152770996
1998-08-05,6.405607223510742
1998-08-06,6.720637321472168
1998-08-07,6.602501392364502
1998-08-10,6.622189998626709
1998-08-11,6.720637321472168
1998-08-12,6.930659770965576
1998-08-13,6.753454208374023
1998-08-14,6.549997806549072
1998-08-17,6.595938682556152
1998-08-18,6.746891975402832
1998-08-19,6.720637321472168
1998-08-20,6.799393177032471
1998-08-21,6.845335960388184
1998-08-24,7.0619215965271
1998-08-25,7.1931843757629395
1998-08-26,7.252246379852295
1998-08-27,7.127552032470703
1998-08-28,6.865024089813232
1998-08-31,6.195587158203125
1998-09-01,6.484366416931152
1998-09-02,6.2940354347229
1998-09-03,6.313724040985107
1998-09-04,6.1430840492248535
1998-09-08,6.589375972747803
1998-09-09,6.412172317504883
1998-09-10,6.1365203857421875
1998-09-11,6.366228103637695
1998-09-14,6.42529821395874
1998-09-15,6.563126564025879
1998-09-16,6.617325305938721
1998-09-17,6.400467872619629
1998-09-18,6.367618083953857
1998-09-21,6.380753993988037
1998-09-22,6.5581793785095215
1998-09-23,6.781607627868652
1998-09-24,6.604178428649902
1998-09-25,6.51218318939209
1998-09-28,6.459611415863037
1998-09-29,6.111330032348633
1998-09-30,5.743337631225586
1998-10-01,5.585626125335693
1998-10-02,5.828763961791992
1998-10-05,6.019333362579346
1998-10-06,6.2559003829956055
1998-10-07,6.177045822143555
1998-10-08,5.973333358764648
1998-10-09,6.2164716720581055
1998-10-12,6.393899440765381
1998-10-13,6.301898956298828
1998-10-14,6.426754951477051
1998-10-15,6.794747829437256
1998-10-16,7.005031585693359
1998-10-19,7.228457450866699
1998-10-20,6.893317699432373
1998-10-21,6.827608585357666
1998-10-22,7.024746894836426
1998-10-23,7.149601936340332
1998-10-26,6.873605251312256
1998-10-27,6.650183200836182
1998-10-28,6.814465045928955
1998-10-29,7.090456008911133
1998-10-30,7.2613115310668945
1998-11-02,7.235029697418213
1998-11-03,7.031314373016357
1998-11-04,7.156174659729004
1998-11-05,7.386165142059326
1998-11-06,7.511025428771973
1998-11-09,7.419022560119629
1998-11-10,7.3795976638793945
1998-11-11,7.33359956741333
1998-11-12,7.228457450866699
1998-11-13,7.327027320861816
1998-11-16,7.471597194671631
1998-11-17,7.530736923217773
1998-11-18,7.7147369384765625
1998-11-19,7.675304889678955
1998-11-20,7.754158020019531
1998-11-23,7.8790154457092285
1998-11-24,7.859302043914795
1998-11-25,7.964446544647217
1998-11-27,8.049875259399414
1998-11-30,7.918445110321045
1998-12-01,7.8724470138549805
1998-12-02,7.787020683288574
1998-12-03,7.517598628997803
1998-12-04,7.695018291473389
1998-12-07,7.846160888671875
1998-12-08,7.9907307624816895
1998-12-09,8.077879905700684
1998-12-10,7.972628593444824
1998-12-11,8.031834602355957
1998-12-14,7.87395715713501
1998-12-15,8.084454536437988
1998-12-16,7.966052055358887
1998-12-17,8.012096405029297
1998-12-18,8.183125495910645
1998-12-21,8.275218963623047
1998-12-22,8.242328643798828
1998-12-23,8.571231842041016
1998-12-24,8.538342475891113
1998-12-28,8.406776428222656
1998-12-29,8.623857498168945
1998-12-30,8.498876571655273
1998-12-31,8.571231842041016
1999-01-04,8.485716819763184
1999-01-05,8.551501274108887
1999-01-06,8.696218490600586
1999-01-07,8.85408878326416
1999-01-08,8.788311958312988
1999-01-11,8.590964317321777
1999-01-12,8.459403038024902
1999-01-13,8.485716819763184
1999-01-14,8.393625259399414
1999-01-15,8.433094024658203
1999-01-19,8.426511764526367
1999-01-20,8.446248054504395
1999-01-21,8.32126522064209
1999-01-22,8.6304349899292
1999-01-25,8.6304349899292
1999-01-26,8.794888496398926
1999-01-27,8.965914726257324
1999-01-28,8.959338188171387
1999-01-29,9.05142879486084
1999-02-01,8.893560409545898
1999-02-02,8.801466941833496
1999-02-03,9.02511978149414
1999-02-04,8.814620018005371
1999-02-05,8.867243766784668
1999-02-08,8.992227554321289
1999-02-09,8.643593788146973
1999-02-10,8.518604278564453
1999-02-11,9.031695365905762
1999-02-12,8.88040542602539
1999-02-16,9.215883255004883
1999-02-17,8.95276165008545
1999-02-18,8.985649108886719
1999-02-19,8.91987133026123
1999-02-22,9.288240432739258
1999-02-23,9.20930290222168
1999-02-24,8.90013313293457
1999-02-25,8.946181297302246
1999-02-26,9.064589500427246
1999-03-01,9.038278579711914
1999-03-02,8.992227554321289
1999-03-03,9.196146965026855
1999-03-04,9.406648635864258
1999-03-05,9.814488410949707
1999-03-08,9.834224700927734
1999-03-09,9.893424987792969
1999-03-10,9.847378730773926
1999-03-11,10.03156852722168
1999-03-12,10.143397331237793
1999-03-15,10.182861328125
1999-03-16,10.103926658630371
1999-03-17,10.153972625732422
1999-03-18,10.344934463500977
1999-03-19,9.982763290405273
1999-03-22,9.831308364868164
1999-03-23,9.534988403320312
1999-03-24,9.376949310302734
1999-03-25,9.679855346679688
1999-03-26,9.646931648254395
1999-03-29,10.00910472869873
1999-03-30,10.00910472869873
1999-03-31,9.71277904510498
1999-04-01,9.824724197387695
1999-04-05,10.048611640930176
1999-04-06,10.081534385681152
1999-04-07,10.272497177124023
1999-04-08,10.77295207977295
1999-04-09,10.825634002685547
1999-04-12,11.049522399902344
1999-04-13,11.016599655151367
1999-04-14,10.39102554321289
1999-04-15,10.29884147644043
1999-04-16,10.00910472869873
1999-04-19,9.455963134765625
1999-04-20,10.06178092956543
1999-04-21,10.272497177124023
1999-04-22,10.549065589904785
1999-04-23,10.733447074890137
1999-04-26,10.733447074890137
1999-04-27,10.693931579589844
1999-04-28,10.364689826965332
1999-04-29,9.877398490905762
1999-04-30,9.693023681640625
1999-05-03,9.719359397888184
1999-05-04,9.271586418151855
1999-05-05,9.495471000671387
1999-05-06,9.03453254699707
1999-05-07,9.42962646484375
1999-05-10,9.521817207336426
1999-05-11,9.969588279724121
1999-05-12,9.811553001403809
1999-05-13,9.903741836547852
1999-05-14,9.772041320800781
1999-05-17,9.62717342376709
1999-05-18,9.785216331481934
1999-05-19,9.62717342376709
1999-05-20,9.376949310302734
1999-05-21,9.113553047180176
1999-05-24,9.02135944366455
1999-05-25,8.929173469543457
1999-05-26,9.047704696655273
1999-05-27,8.665776252746582
1999-05-28,8.981852531433105
1999-06-01,9.153061866760254
1999-06-02,9.350611686706543
1999-06-03,9.587660789489746
1999-06-04,9.693023681640625
1999-06-07,9.640344619750977
1999-06-08,9.350611686706543
1999-06-09,9.297924995422363
1999-06-10,9.087211608886719
1999-06-11,8.995020866394043
1999-06-14,9.087211608886719
1999-06-15,8.955511093139648
1999-06-16,9.361623764038086
1999-06-17,9.203400611877441
1999-06-18,9.229766845703125
1999-06-21,9.506657600402832
1999-06-22,9.480287551879883
1999-06-23,9.361623764038086
1999-06-24,9.137466430664062
1999-06-25,9.163844108581543
1999-06-28,9.612144470214844
1999-06-29,9.875852584838867
1999-06-30,10.179112434387207
1999-07-01,10.073633193969727
1999-07-02,10.284598350524902
1999-07-06,10.376901626586914
1999-07-07,10.126376152038574
1999-07-08,9.91540813446045
1999-07-09,10.113187789916992
1999-07-12,10.007708549499512
1999-07-13,10.034074783325195
1999-07-14,10.047261238098145
1999-07-15,10.020896911621094
1999-07-16,10.126376152038574
1999-07-19,10.139555931091309
1999-07-20,9.889034271240234
1999-07-21,9.585770606994629
1999-07-22,9.533032417297363
1999-07-23,9.480287551879883
1999-07-26,9.62532901763916
1999-07-27,9.612144470214844
1999-07-28,9.506657600402832
1999-07-29,9.28250789642334
1999-07-30,8.91331958770752
1999-08-02,8.939691543579102
1999-08-03,8.84738540649414
1999-08-04,8.63642692565918
1999-08-05,8.728727340698242
1999-08-06,8.702350616455078
1999-08-09,8.478202819824219
1999-08-10,9.045172691345215
1999-08-11,9.150654792785645
1999-08-12,9.361623764038086
1999-08-13,9.4539213180542
1999-08-16,9.704442977905273
1999-08-17,9.90222454071045
1999-08-18,9.783550262451172
1999-08-19,9.71762752532959
1999-08-20,9.849483489990234
1999-08-23,10.073633193969727
1999-08-24,10.034074783325195
1999-08-25,10.205488204956055
1999-08-26,9.981328964233398
1999-08-27,9.849483489990234
1999-08-30,9.598955154418945
1999-08-31,9.348438262939453
1999-09-01,9.493474960327148
1999-09-02,9.638513565063477
1999-09-03,10.034074783325195
1999-09-07,9.757182121276855
1999-09-08,9.94177532196045
1999-09-09,10.020896911621094
1999-09-10,10.060445785522461
1999-09-13,10.126376152038574
1999-09-14,9.90222454071045
1999-09-15,9.609190940856934
1999-09-16,9.569597244262695
1999-09-17,9.846778869628906
1999-09-20,9.754385948181152
1999-09-21,9.661998748779297
1999-09-22,9.978779792785645
1999-09-23,9.85998821258545
1999-09-24,9.820385932922363
1999-09-27,9.780787467956543
1999-09-28,9.9127836227417
1999-09-29,9.635597229003906
1999-09-30,10.044776916503906
1999-10-01,10.203171730041504
1999-10-04,10.625550270080566
1999-10-05,10.823549270629883
1999-10-06,10.849939346313477
1999-10-07,10.836747169494629
1999-10-08,11.694707870483398
1999-10-11,11.391117095947266
1999-10-12,11.377922058105469
1999-10-13,10.836747169494629
1999-10-14,11.061134338378906
1999-10-15,10.731152534484863
1999-10-18,11.008340835571289
1999-10-19,11.127134323120117
1999-10-20,11.575912475585938
1999-10-21,11.589117050170898
1999-10-22,12.051088333129883
1999-10-25,11.81350040435791
1999-10-26,11.245924949645996
1999-10-27,11.193126678466797
1999-10-28,11.77389907836914
1999-10-29,11.89270305633545
1999-11-01,11.879498481750488
1999-11-02,11.853095054626465
1999-11-03,11.77389907836914
1999-11-04,11.826702117919922
1999-11-05,12.262284278869629
1999-11-08,12.354680061340332
1999-11-09,12.249090194702148
1999-11-10,12.064291954040527
1999-11-11,12.130290031433105
1999-11-12,12.433877944946289
1999-11-15,12.44707202911377
1999-11-16,12.645064353942871
1999-11-17,12.433877944946289
1999-11-18,12.539470672607422
1999-11-19,12.275482177734375
1999-11-22,11.98509407043457
1999-11-23,11.81350040435791
1999-11-24,12.235884666442871
1999-11-26,12.291980743408203
1999-11-29,12.460273742675781
1999-11-30,12.169882774353027
1999-12-01,12.37118148803711
1999-12-02,12.179783821105957
1999-12-03,12.473468780517578
1999-12-06,12.582369804382324
1999-12-07,12.249090194702148
1999-12-08,12.387675285339355
1999-12-09,13.146649360656738
1999-12-10,13.357845306396484
1999-12-13,14.360998153686523
1999-12-14,14.163003921508789
1999-12-15,13.952310562133789
1999-12-16,14.503798484802246
1999-12-17,13.737669944763184
1999-12-20,13.585762023925781
1999-12-21,13.69803524017334
1999-12-22,13.88296890258789
1999-12-23,14.239620208740234
1999-12-27,14.675524711608887
1999-12-28,14.649107933044434
1999-12-29,14.239620208740234
1999-12-30,14.332083702087402
1999-12-31,14.609482765197754
2000-01-03,14.120726585388184
2000-01-04,13.592360496520996
2000-01-05,13.314970970153809
2000-01-06,13.460275650024414
2000-01-07,14.477378845214844
2000-01-10,14.213190078735352
2000-01-11,14.001842498779297
2000-01-12,13.750875473022461
2000-01-13,13.764081954956055
2000-01-14,13.631993293762207
2000-01-18,13.856542587280273
2000-01-19,13.539521217346191
2000-01-20,13.3942289352417
2000-01-21,13.196080207824707
2000-01-24,12.548827171325684
2000-01-25,12.918688774108887
2000-01-26,13.090411186218262
2000-01-27,12.495991706848145
2000-01-28,11.650598526000977
2000-01-31,11.57133960723877
2000-02-01,12.40352725982666
2000-02-02,12.337478637695312
2000-02-03,12.337478637695312
2000-02-04,11.90157413482666
2000-02-07,11.782687187194824
2000-02-08,12.575247764587402
2000-02-09,12.218594551086426
2000-02-10,12.046873092651367
2000-02-11,11.848740577697754
2000-02-14,12.443157196044922
2000-02-15,12.258230209350586
2000-02-16,11.14864444732666
2000-02-17,10.223998069763184
2000-02-18,10.091900825500488
2000-02-22,10.171154022216797
2000-02-23,9.933387756347656
2000-02-24,10.118318557739258
2000-02-25,9.405017852783203
2000-02-28,9.761667251586914
2000-02-29,10.303247451782227
2000-03-01,10.356081008911133
2000-03-02,10.686314582824707
2000-03-03,11.122222900390625
2000-03-06,10.673107147216797
2000-03-07,10.05226993560791
2000-03-08,10.210783004760742
2000-03-09,10.342881202697754
2000-03-10,10.131528854370117
2000-03-13,10.078689575195312
2000-03-14,10.091900825500488
2000-03-15,10.898150444030762
2000-03-16,11.559443473815918
2000-03-17,11.797515869140625
2000-03-20,11.66525650024414
2000-03-21,11.982674598693848
2000-03-22,11.718158721923828
2000-03-23,11.4271879196167
2000-03-24,11.744607925415039
2000-03-27,11.731386184692383
2000-03-28,11.532997131347656
2000-03-29,12.432354927062988
2000-03-30,12.485258102416992
2000-03-31,11.956222534179688
2000-04-03,12.948168754577637
2000-04-04,12.696879386901855
2000-04-05,12.326552391052246
2000-04-06,12.934941291809082
2000-04-07,13.014299392700195
2000-04-10,13.4507474899292
2000-04-11,13.41108226776123
2000-04-12,13.212686538696289
2000-04-13,12.710103034973145
2000-04-14,11.638800621032715
2000-04-17,11.4271879196167
2000-04-18,11.400734901428223
2000-04-19,11.625574111938477
2000-04-20,12.207517623901367
2000-04-24,12.458807945251465
2000-04-25,12.630743980407715
2000-04-26,12.432354927062988
2000-04-27,12.207517623901367
2000-04-28,11.718158721923828
2000-05-01,12.260418891906738
2000-05-02,12.194284439086914
2000-05-03,11.308151245117188
2000-05-04,10.79234504699707
2000-05-05,10.858473777770996
2000-05-08,11.083313941955566
2000-05-09,11.21557331085205
2000-05-10,11.995902061462402
2000-05-11,11.850415229797363
2000-05-12,12.02235221862793
2000-05-15,12.062028884887695
2000-05-16,12.27364730834961
2000-05-17,11.929771423339844
2000-05-18,12.260418891906738
2000-05-19,12.0752592086792
2000-05-22,12.141386985778809
2000-05-23,12.101709365844727
2000-05-24,12.035577774047852
2000-05-25,11.638800621032715
2000-05-26,11.4271879196167
2000-05-30,11.294930458068848
2000-05-31,12.194284439086914
2000-06-01,12.062028884887695
2000-06-02,12.498486518859863
2000-06-05,12.551389694213867
2000-06-06,12.326552391052246
2000-06-07,12.247198104858398
2000-06-08,12.035577774047852
2000-06-09,11.4271879196167
2000-06-12,11.162666320800781
2000-06-13,11.638800621032715
2000-06-14,11.677997589111328
2000-06-15,11.75743293762207
2000-06-16,11.413187026977539
2000-06-19,11.5191068649292
2000-06-20,11.545589447021484
2000-06-21,11.426424026489258
2000-06-22,11.121896743774414
2000-06-23,11.38670539855957
2000-06-26,11.38670539855957
2000-06-27,12.035482406616211
2000-06-28,11.860047340393066
2000-06-29,11.466151237487793
2000-06-30,12.207601547241211
2000-07-03,12.048720359802246
2000-07-05,12.075200080871582
2000-07-06,12.181122779846191
2000-07-07,13.041747093200684
2000-07-10,12.97554874420166
2000-07-11,13.134437561035156
2000-07-12,12.922584533691406
2000-07-13,12.525372505187988
2000-07-14,12.604816436767578
2000-07-17,12.863011360168457
2000-07-18,12.723982810974121
2000-07-19,12.710744857788086
2000-07-20,12.710744857788086
2000-07-21,12.644537925720215
2000-07-24,12.16788387298584
2000-07-25,12.538619995117188
2000-07-26,12.445932388305664
2000-07-27,12.723982810974121
2000-07-28,12.432696342468262
2000-07-31,11.704476356506348
2000-08-01,11.545589447021484
2000-08-02,11.45290756225586
2000-08-03,11.413187026977539
2000-08-04,11.214584350585938
2000-08-07,11.677997589111328
2000-08-08,12.207601547241211
2000-08-09,11.360220909118652
2000-08-10,10.804128646850586
2000-08-11,11.042461395263672
2000-08-14,11.201337814331055
2000-08-15,10.923293113708496
2000-08-16,10.579038619995117
2000-08-17,10.59228801727295
2000-08-18,10.777645111083984
2000-08-21,10.380437850952148
2000-08-22,10.406919479370117
2000-08-23,10.406919479370117
2000-08-24,10.473116874694824
2000-08-25,10.698209762573242
2000-08-28,10.486363410949707
2000-08-29,10.473116874694824
2000-08-30,10.261276245117188
2000-08-31,10.08914852142334
2000-09-01,10.327473640441895
2000-09-05,10.539320945739746
2000-09-06,10.59228801727295
2000-09-07,10.804128646850586
2000-09-08,11.042461395263672
2000-09-11,11.5191068649292
2000-09-12,11.439668655395508
2000-09-13,11.425882339477539
2000-09-14,11.13426685333252
2000-09-15,11.028223991394043
2000-09-18,10.842658042907715
2000-09-19,10.577557563781738
2000-09-20,10.285943984985352
2000-09-21,10.604071617126465
2000-09-22,10.710110664367676
2000-09-25,10.391984939575195
2000-09-26,10.047353744506836
2000-09-27,10.20641040802002
2000-09-28,10.299195289611816
2000-09-29,10.20641040802002
2000-10-02,9.80876636505127
2000-10-03,9.715975761413574
2000-10-04,9.782251358032227
2000-10-05,9.768997192382812
2000-10-06,9.649700164794922
2000-10-09,9.570172309875488
2000-10-10,9.835270881652832
2000-10-11,9.609932899475098
2000-10-12,9.358087539672852
2000-10-13,9.543658256530762
2000-10-16,10.034095764160156
2000-10-17,9.755741119384766
2000-10-18,9.914803504943848
2000-10-19,10.140138626098633
2000-10-20,9.875039100646973
2000-10-23,10.034095764160156
2000-10-24,10.259432792663574
2000-10-25,9.742488861083984
2000-10-26,9.212281227111816
2000-10-27,9.172515869140625
2000-10-30,9.27856159210205
2000-10-31,9.623188972473145
2000-11-01,9.901548385620117
2000-11-02,10.272689819335938
2000-11-03,10.047353744506836
2000-11-06,10.391984939575195
2000-11-07,10.378730773925781
2000-11-08,10.338963508605957
2000-11-09,9.99433422088623
2000-11-10,9.265298843383789
2000-11-13,9.609932899475098
2000-11-14,9.94130802154541
2000-11-15,10.391984939575195
2000-11-16,10.232922554016113
2000-11-17,10.299195289611816
2000-11-20,10.153387069702148
2000-11-21,9.99433422088623
2000-11-22,9.729228019714355
2000-11-24,9.583429336547852
2000-11-27,10.458258628845215
2000-11-28,10.391984939575195
2000-11-29,11.001718521118164
2000-11-30,11.067997932434082
2000-12-01,10.855912208557129
2000-12-04,11.41263198852539
2000-12-05,11.717497825622559
2000-12-06,11.624707221984863
2000-12-07,11.664469718933105
2000-12-08,11.545182228088379
2000-12-11,10.895675659179688
2000-12-12,11.001718521118164
2000-12-13,10.670336723327637
2000-12-14,10.829402923583984
2000-12-15,10.577557563781738
2000-12-18,10.72336196899414
2000-12-19,10.179905891418457
2000-12-20,10.391718864440918
2000-12-21,10.98894214630127
2000-12-22,11.148201942443848
2000-12-26,10.750051498413086
2000-12-27,11.16147518157959
2000-12-28,11.241110801696777
2000-12-29,11.280923843383789
2001-01-02,11.44018268585205
2001-01-03,12.409010887145996
2001-01-04,11.931236267089844
2001-01-05,11.453451156616211
2001-01-08,11.453451156616211
2001-01-09,11.201290130615234
2001-01-10,10.97567367553711
2001-01-11,11.02876091003418
2001-01-12,11.241110801696777
2001-01-16,11.612709999084473
2001-01-17,11.453451156616211
2001-01-18,11.26765251159668
2001-01-19,10.78986930847168
2001-01-22,11.16147518157959
2001-01-23,11.33400821685791
2001-01-24,11.360553741455078
2001-01-25,11.46672248840332
2001-01-26,11.387093544006348
2001-01-29,11.50919246673584
2001-01-30,11.417885780334473
2001-01-31,12.061294555664062
2001-02-01,11.827710151672363
2001-02-02,11.628105163574219
2001-02-05,11.432748794555664
2001-02-06,11.29684829711914
2001-02-07,11.606874465942383
2001-02-08,11.105738639831543
2001-02-09,10.702274322509766
2001-02-12,11.349932670593262
2001-02-13,11.48796272277832
2001-02-14,11.254379272460938
2001-02-15,11.04202938079834
2001-02-16,11.118475914001465
2001-02-20,11.339317321777344
2001-02-21,10.661930084228516
2001-02-22,10.553631782531738
2001-02-23,10.676798820495605
2001-02-26,10.844545364379883
2001-02-27,10.82756233215332
2001-02-28,10.636443138122559
2001-03-01,10.264842987060547
2001-03-02,10.388006210327148
2001-03-05,10.271209716796875
2001-03-06,10.52177906036377
2001-03-07,10.765978813171387
2001-03-08,10.967711448669434
2001-03-09,10.782970428466797
2001-03-12,10.258468627929688
2001-03-13,10.362520217895508
2001-03-14,10.022764205932617
2001-03-15,10.160791397094727
2001-03-16,9.965432167053223
2001-03-19,10.060988426208496
2001-03-20,10.167163848876953
2001-03-21,10.27348804473877
2001-03-22,9.975770950317383
2001-03-23,10.116122245788574
2001-03-26,10.547819137573242
2001-03-27,10.694551467895508
2001-03-28,10.560575485229492
2001-03-29,10.76473331451416
2001-03-30,10.739213943481445
2001-04-02,10.768982887268066
2001-04-03,10.460623741149902
2001-04-04,10.605239868164062
2001-04-05,10.747711181640625
2001-04-06,10.896574974060059
2001-04-09,10.69667911529541
2001-04-10,10.811507225036621
2001-04-11,10.681795120239258
2001-04-12,10.569084167480469
2001-04-16,10.430856704711914
2001-04-17,10.471261978149414
2001-04-18,11.213438034057617
2001-04-19,11.164523124694824
2001-04-20,10.99653148651123
2001-04-23,11.066709518432617
2001-04-24,10.65414810180664
2001-04-25,10.775361061096191
2001-04-26,10.896574974060059
2001-04-27,11.234703063964844
2001-04-30,11.00290584564209
2001-05-01,11.377184867858887
2001-05-02,11.287869453430176
2001-05-03,11.292121887207031
2001-05-04,11.275111198425293
2001-05-07,11.068827629089355
2001-05-08,11.053950309753418
2001-05-09,10.97100830078125
2001-05-10,11.3601713180542
2001-05-11,11.504781723022461
2001-05-14,11.557942390441895
2001-05-15,11.058195114135742
2001-05-16,10.983770370483398
2001-05-17,11.007160186767578
2001-05-18,11.066709518432617
2001-05-21,11.313386917114258
2001-05-22,11.381440162658691
2001-05-23,11.168782234191895
2001-05-24,11.247466087341309
2001-05-25,10.888069152832031
2001-05-29,10.8902006149292
2001-05-30,10.945487022399902
2001-05-31,11.005033493041992
2001-06-01,10.998651504516602
2001-06-04,10.843419075012207
2001-06-05,10.909334182739258
2001-06-06,10.792374610900879
2001-06-07,10.866812705993652
2001-06-08,10.849796295166016
2001-06-11,10.681795120239258
2001-06-12,10.754097938537598
2001-06-13,10.66478157043457
2001-06-14,10.526556015014648
2001-06-15,10.239461898803711
2001-06-18,10.318150520324707
2001-06-19,10.390454292297363
2001-06-20,10.605547904968262
2001-06-21,10.743971824645996
2001-06-22,10.643875122070312
2001-06-25,10.435173988342285
2001-06-26,10.456470489501953
2001-06-27,10.328693389892578
2001-06-28,10.513968467712402
2001-06-29,10.392582893371582
2001-07-02,10.59489917755127
2001-07-03,10.482028007507324
2001-07-05,10.34998893737793
2001-07-06,10.081655502319336
2001-07-09,10.2754487991333
2001-07-10,10.11573314666748
2001-07-11,10.403228759765625
2001-07-12,11.042118072509766
2001-07-13,11.265727043151855
2001-07-16,11.389248847961426
2001-07-17,11.361559867858887
2001-07-18,11.495733261108398
2001-07-19,11.548969268798828
2001-07-20,11.559612274169922
2001-07-23,11.29341983795166
2001-07-24,11.308321952819824
2001-07-25,11.73424243927002
2001-07-26,11.819433212280273
2001-07-27,11.800263404846191
2001-07-30,11.900361061096191
2001-07-31,11.904616355895996
2001-08-01,11.715079307556152
2001-08-02,11.923787117004395
2001-08-03,11.796010971069336
2001-08-06,11.606473922729492
2001-08-07,11.72999095916748
2001-08-08,11.612858772277832
2001-08-09,11.53619384765625
2001-08-10,11.414803504943848
2001-08-13,11.116658210754395
2001-08-14,11.15073013305664
2001-08-15,11.074057579040527
2001-08-16,11.008044242858887
2001-08-17,10.818509101867676
2001-08-20,10.986747741699219
2001-08-21,10.635360717773438
2001-08-22,10.699246406555176
2001-08-23,10.592768669128418
2001-08-24,10.850455284118652
2001-08-27,10.731195449829102
2001-08-28,10.669435501098633
2001-08-29,10.467123031616211
2001-08-30,10.1370267868042
2001-08-31,10.232861518859863
2001-09-04,10.31804370880127
2001-09-05,10.467123031616211
2001-09-06,10.088045120239258
2001-09-07,9.84313678741455
2001-09-10,9.845270156860352
2001-09-17,9.370360374450684
2001-09-18,9.657865524291992
2001-09-19,9.694125175476074
2001-09-20,9.664258003234863
2001-09-21,9.525619506835938
2001-09-24,10.084446907043457
2001-09-25,10.323331832885742
2001-09-26,10.553688049316406
2001-09-27,10.534485816955566
2001-09-28,10.55794906616211
2001-10-01,10.613409042358398
2001-10-02,11.005866050720215
2001-10-03,11.246888160705566
2001-10-04,10.984539985656738
2001-10-05,11.176506042480469
2001-10-08,10.901352882385254
2001-10-09,11.10824966430664
2001-10-10,11.438855171203613
2001-10-11,11.408990859985352
2001-10-12,11.28314208984375
2001-10-15,11.406848907470703
2001-10-16,11.334335327148438
2001-10-17,11.138105392456055
2001-10-18,11.069852828979492
2001-10-19,11.306610107421875
2001-10-22,11.313006401062012
2001-10-23,11.22128963470459
2001-10-24,11.193564414978027
2001-10-25,11.368462562561035
2001-10-26,11.394054412841797
2001-10-29,11.069852828979492
2001-10-30,10.79257583618164
2001-10-31,10.963207244873047
2001-11-01,11.142372131347656
2001-11-02,11.298070907592773
2001-11-05,11.496438980102539
2001-11-06,11.71826171875
2001-11-07,11.479374885559082
2001-11-08,11.624415397644043
2001-11-09,11.752385139465332
2001-11-12,11.854767799377441
2001-11-13,11.573219299316406
2001-11-14,11.79078483581543
2001-11-15,11.944353103637695
2001-11-16,11.752385139465332
2001-11-19,11.891024589538574
2001-11-20,11.880364418029785
2001-11-21,11.756658554077148
2001-11-23,11.901695251464844
2001-11-26,11.891024589538574
2001-11-27,11.748125076293945
2001-11-28,11.731057167053223
2001-11-29,11.656405448913574
2001-11-30,11.76305103302002
2001-12-03,11.641475677490234
2001-12-04,11.76732063293457
2001-12-05,12.065927505493164
2001-12-06,11.863297462463379
2001-12-07,11.803579330444336
2001-12-10,11.575359344482422
2001-12-11,11.534829139709473
2001-12-12,11.588150024414062
2001-12-13,11.381261825561523
2001-12-14,11.530562400817871
2001-12-17,11.91235637664795
2001-12-18,11.897418975830078
2001-12-19,12.019153594970703
2001-12-20,12.014887809753418
2001-12-21,12.294651985168457
2001-12-24,12.200678825378418
2001-12-26,12.4185152053833
2001-12-27,12.465498924255371
2001-12-28,12.461225509643555
2001-12-31,12.29037857055664
2002-01-02,12.397160530090332
2002-01-03,12.382209777832031
2002-01-04,12.301056861877441
2002-01-07,12.256203651428223
2002-01-08,12.352307319641113
2002-01-09,12.044785499572754
2002-01-10,12.172918319702148
2002-01-11,11.916651725769043
2002-01-14,11.908102035522461
2002-01-15,12.14515495300293
2002-01-16,11.957225799560547
2002-01-17,12.121665954589844
2002-01-18,12.034102439880371
2002-01-22,12.388608932495117
2002-01-23,12.783697128295898
2002-01-24,12.743120193481445
2002-01-25,12.471900939941406
2002-01-28,12.521015167236328
2002-01-29,12.367259979248047
2002-01-30,12.760210037231445
2002-01-31,12.809333801269531
2002-02-01,12.655566215515137
2002-02-04,12.57868480682373
2002-02-05,12.557329177856445
2002-02-06,12.57441520690918
2002-02-07,12.469764709472656
2002-02-08,12.63206958770752
2002-02-11,12.866988182067871
2002-02-12,12.83495807647705
2002-02-13,12.839229583740234
2002-02-14,12.918248176574707
2002-02-15,12.820000648498535
2002-02-19,12.661972045898438
2002-02-20,12.817865371704102
2002-02-21,12.71750259399414
2002-02-22,12.802921295166016
2002-02-25,12.952408790588379
2002-02-26,13.262076377868652
2002-02-27,13.294107437133789
2002-02-28,13.242853164672852
2002-03-01,13.413703918457031
2002-03-04,13.450003623962402
2002-03-05,12.975902557373047
2002-03-06,13.005802154541016
2002-03-07,13.176654815673828
2002-03-08,13.351764678955078
2002-03-11,13.353904724121094
2002-03-12,13.289843559265137
2002-03-13,13.238584518432617
2002-03-14,13.298386573791504
2002-03-15,13.614447593688965
2002-03-18,13.571732521057129
2002-03-19,13.552515029907227
2002-03-20,13.508687019348145
2002-03-21,13.299148559570312
2002-03-22,13.267077445983887
2002-03-25,13.102442741394043
2002-03-26,13.292731285095215
2002-03-27,13.256392478942871
2002-03-28,13.106714248657227
2002-04-01,12.734679222106934
2002-04-02,12.599980354309082
2002-04-03,12.529422760009766
2002-04-04,12.67481803894043
2002-04-05,12.64488410949707
2002-04-08,12.781722068786621
2002-04-09,12.850142478942871
2002-04-10,12.950636863708496
2002-04-11,12.865106582641602
2002-04-12,13.091748237609863
2002-04-15,12.813791275024414
2002-04-16,12.82875919342041
2002-04-17,12.67695140838623
2002-04-18,12.433208465576172
2002-04-19,12.599980354309082
2002-04-22,12.304922103881836
2002-04-23,12.411826133728027
2002-04-24,12.283543586730957
2002-04-25,12.187320709228516
2002-04-26,11.930747985839844
2002-04-29,12.016277313232422
2002-04-30,11.94357681274414
2002-05-01,12.144564628601074
2002-05-02,12.112492561340332
2002-05-03,11.813149452209473
2002-05-06,11.543741226196289
2002-05-07,11.761835098266602
2002-05-08,12.05689811706543
2002-05-09,11.757558822631836
2002-05-10,11.473189353942871
2002-05-13,11.76824951171875
2002-05-14,12.270709037780762
2002-05-15,12.138140678405762
2002-05-16,12.475967407226562
2002-05-17,12.471692085266113
2002-05-20,12.358373641967773
2002-05-21,12.101799964904785
2002-05-22,12.144564628601074
2002-05-23,12.039793014526367
2002-05-24,11.870880126953125
2002-05-28,11.714797019958496
2002-05-29,11.65920639038086
2002-05-30,11.543741226196289
2002-05-31,11.56727123260498
2002-06-03,11.364143371582031
2002-06-04,11.54588794708252
2002-06-05,11.751140594482422
2002-06-06,11.56727123260498
2002-06-07,11.63782787322998
2002-06-10,12.059035301208496
2002-06-11,12.069722175598145
2002-06-12,12.465274810791016
2002-06-13,12.080412864685059
2002-06-14,12.176630020141602
2002-06-17,12.467418670654297
2002-06-18,12.518733024597168
2002-06-19,12.290736198425293
2002-06-20,12.095908164978027
2002-06-21,11.770499229431152
2002-06-24,11.935347557067871
2002-06-25,11.796187400817871
2002-06-26,11.907520294189453
2002-06-27,12.352814674377441
2002-06-28,11.7769193649292
2002-07-01,11.64632797241211
2002-07-02,11.43652057647705
2002-07-03,11.783339500427246
2002-07-05,11.988865852355957
2002-07-08,11.90323543548584
2002-07-09,11.699850082397461
2002-07-10,11.509307861328125
2002-07-11,11.599226951599121
2002-07-12,11.314493179321289
2002-07-15,11.440802574157715
2002-07-16,10.6786527633667
2002-07-17,10.329695701599121
2002-07-18,10.149860382080078
2002-07-19,9.955042839050293
2002-07-22,9.548276901245117
2002-07-23,9.655322074890137
2002-07-24,10.263326644897461
2002-07-25,10.062088012695312
2002-07-26,10.314708709716797
2002-07-29,10.603727340698242
2002-07-30,10.515951156616211
2002-07-31,10.528799057006836
2002-08-01,10.147724151611328
2002-08-02,9.869405746459961
2002-08-05,9.76236343383789
2002-08-06,10.122031211853027
2002-08-07,10.357522964477539
2002-08-08,10.53093147277832
2002-08-09,10.533075332641602
2002-08-12,10.363944053649902
2002-08-13,10.428178787231445
2002-08-14,11.26525592803955
2002-08-15,11.71269702911377
2002-08-16,11.51573371887207
2002-08-19,11.708413124084473
2002-08-20,11.513592720031738
2002-08-21,11.579960823059082
2002-08-22,11.614218711853027
2002-08-23,11.387279510498047
2002-08-26,11.43224048614502
2002-08-27,11.372295379638672
2002-08-28,11.43224048614502
2002-08-29,11.389423370361328
2002-08-30,11.449368476867676
2002-09-03,11.104689598083496
2002-09-04,11.205305099487305
2002-09-05,10.905585289001465
2002-09-06,11.299507141113281
2002-09-09,11.406548500061035
2002-09-10,11.727686882019043
2002-09-11,11.603509902954102
2002-09-12,11.372295379638672
2002-09-13,11.64632797241211
2002-09-16,11.721258163452148
2002-09-17,11.616352081298828
2002-09-18,11.658162117004395
2002-09-19,11.512377738952637
2002-09-20,11.72676944732666
2002-09-23,11.276558876037598
2002-09-24,11.038591384887695
2002-09-25,11.156500816345215
2002-09-26,11.51452350616455
2002-09-27,10.984996795654297
2002-09-30,10.556229591369629
2002-10-01,11.085761070251465
2002-10-02,11.002151489257812
2002-10-03,10.954980850219727
2002-10-04,11.09433364868164
2002-10-07,10.794194221496582
2002-10-08,11.276558876037598
2002-10-09,10.877806663513184
2002-10-10,11.070752143859863
2002-10-11,11.54024600982666
2002-10-14,11.60884952545166
2002-10-15,12.067636489868164
2002-10-16,12.1683988571167
2002-10-17,11.861824989318848
2002-10-18,12.065491676330566
2002-10-21,12.091212272644043
2002-10-22,12.026898384094238
2002-10-23,12.269150733947754
2002-10-24,12.106224060058594
2002-10-25,12.290589332580566
2002-10-28,12.020462989807129
2002-10-29,12.106224060058594
2002-10-30,11.533818244934082
2002-10-31,11.480222702026367
2002-11-01,11.694607734680176
2002-11-04,11.458783149719238
2002-11-05,11.66673469543457
2002-11-06,11.64958381652832
2002-11-07,11.576695442199707
2002-11-08,11.58312702178955
2002-11-11,11.362313270568848
2002-11-12,11.544536590576172
2002-11-13,11.786792755126953
2002-11-14,11.913278579711914
2002-11-15,11.896122932434082
2002-11-18,11.508089065551758
2002-11-19,11.345165252685547
2002-11-20,11.662447929382324
2002-11-21,11.565973281860352
2002-11-22,11.525238990783691
2002-11-25,11.538105010986328
2002-11-26,11.413762092590332
2002-11-27,11.75677490234375
2002-11-29,11.555255889892578
2002-12-02,11.658162117004395
2002-12-03,11.561688423156738
2002-12-04,11.671029090881348
2002-12-05,11.366594314575195
2002-12-06,11.37088394165039
2002-12-09,11.115772247314453
2002-12-10,11.252978324890137
2002-12-11,11.147927284240723
2002-12-12,11.015008926391602
2002-12-13,10.834929466247559
2002-12-16,11.135062217712402
2002-12-17,10.920680046081543
2002-12-18,10.816554069519043
2002-12-19,10.769319534301758
2002-12-20,10.904586791992188
2002-12-23,10.646939277648926
2002-12-24,10.670557975769043
2002-12-26,10.683436393737793
2002-12-27,10.554619789123535
2002-12-30,10.872374534606934
2002-12-31,10.844466209411621
2003-01-02,11.078486442565918
2003-01-03,10.734964370727539
2003-01-06,10.775763511657715
2003-01-07,10.833730697631836
2003-01-08,10.732820510864258
2003-01-09,11.147186279296875
2003-01-10,11.082779884338379
2003-01-13,11.009781837463379
2003-01-14,11.037693977355957
2003-01-15,10.861639022827148
2003-01-16,10.799376487731934
2003-01-17,10.728524208068848
2003-01-21,10.522414207458496
2003-01-22,10.320595741271973
2003-01-23,10.42794418334961
2003-01-24,10.155275344848633
2003-01-27,10.11233901977539
2003-01-28,10.344216346740723
2003-01-29,10.327037811279297
2003-01-30,10.21324634552002
2003-01-31,10.262625694274902
2003-02-03,10.320595741271973
2003-02-04,10.123080253601074
2003-02-05,10.035049438476562
2003-02-06,10.045780181884766
2003-02-07,10.045780181884766
2003-02-10,10.095160484313965
2003-02-11,10.14454174041748
2003-02-12,10.273364067077637
2003-02-13,10.228278160095215
2003-02-14,10.552469253540039
2003-02-18,10.53744125366211
2003-02-19,10.470888137817383
2003-02-20,10.322745323181152
2003-02-21,10.498795509338379
2003-02-24,10.228278160095215
2003-02-25,10.397889137268066
2003-02-26,10.269064903259277
2003-02-27,10.339920043945312
2003-02-28,10.318451881408691
2003-03-03,10.260482788085938
2003-03-04,10.069400787353516
2003-03-05,10.279808044433594
2003-03-06,10.176752090454102
2003-03-07,10.331334114074707
2003-03-10,10.118778228759766
2003-03-11,10.047924995422363
2003-03-12,10.19821834564209
2003-03-13,10.638349533081055
2003-03-14,10.59756088256836
2003-03-17,11.15792465209961
2003-03-18,11.218045234680176
2003-03-19,11.409451484680176
2003-03-20,11.422356605529785
2003-03-21,11.757863998413086
2003-03-24,11.2954683303833
2003-03-25,11.499783515930176
2003-03-26,11.469669342041016
2003-03-27,11.514836311340332
2003-03-28,11.426652908325195
2003-03-31,11.190080642700195
2003-04-01,11.273959159851074
2003-04-02,11.628822326660156
2003-04-03,11.624523162841797
2003-04-04,11.742814064025879
2003-04-07,11.682589530944824
2003-04-08,11.734206199645996
2003-04-09,11.549245834350586
2003-04-10,11.738512992858887
2003-04-11,11.394396781921387
2003-04-14,11.3234224319458
2003-04-15,11.891204833984375
2003-04-16,11.72990608215332
2003-04-17,11.91701889038086
2003-04-21,11.824538230895996
2003-04-22,12.041760444641113
2003-04-23,12.039609909057617
2003-04-24,11.85250186920166
2003-04-25,11.828836441040039
2003-04-28,12.063265800476074
2003-04-29,12.168649673461914
2003-04-30,12.112732887268066
2003-05-01,12.031004905700684
2003-05-02,12.076168060302734
2003-05-05,11.953581809997559
2003-05-06,12.024554252624512
2003-05-07,11.84604549407959
2003-05-08,11.830988883972168
2003-05-09,12.000896453857422
2003-05-12,12.1944580078125
2003-05-13,11.934223175048828
2003-05-14,11.59226131439209
2003-05-15,11.562148094177246
2003-05-16,11.381497383117676
2003-05-19,11.284714698791504
2003-05-20,11.357834815979004
2003-05-21,11.310524940490723
2003-05-22,11.377190589904785
2003-05-23,11.18362808227539
2003-05-27,11.291159629821777
2003-05-28,11.473970413208008
2003-05-29,11.357834815979004
2003-05-30,11.314820289611816
2003-06-02,11.282565116882324
2003-06-03,11.36644172668457
2003-06-04,11.58365535736084
2003-06-05,11.747113227844238
2003-06-06,11.5320463180542
2003-06-09,11.568603515625
2003-06-10,11.777223587036133
2003-06-11,11.912715911865234
2003-06-12,11.83529281616211
2003-06-13,11.630977630615234
2003-06-16,11.882606506347656
2003-06-17,11.841744422912598
2003-06-18,11.899908065795898
2003-06-19,11.738341331481934
2003-06-20,11.688794136047363
2003-06-23,11.57677173614502
2003-06-24,11.76203727722168
2003-06-25,11.671557426452637
2003-06-26,11.716796875
2003-06-27,11.589701652526855
2003-06-30,11.56169319152832
2003-07-01,11.708182334899902
2003-07-02,12.005467414855957
2003-07-03,11.839585304260254
2003-07-07,12.18211555480957
2003-07-08,12.214423179626465
2003-07-09,12.011930465698242
2003-07-10,11.98392105102539
2003-07-11,12.177800178527832
2003-07-14,12.203657150268555
2003-07-15,12.347982406616211
2003-07-16,12.203657150268555
2003-07-17,12.020546913146973
2003-07-18,12.27904987335205
2003-07-21,12.055011749267578
2003-07-22,12.2575044631958
2003-07-23,12.171338081359863
2003-07-24,11.98392105102539
2003-07-25,12.104559898376465
2003-07-28,12.098093032836914
2003-07-29,11.95376205444336
2003-07-30,12.042086601257324
2003-07-31,12.044242858886719
2003-08-01,11.906373023986816
2003-08-04,12.027008056640625
2003-08-05,11.912829399108887
2003-08-06,12.007617950439453
2003-08-07,12.27904987335205
2003-08-08,12.444924354553223
2003-08-11,12.429842948913574
2003-08-12,12.6668119430542
2003-08-13,12.50955581665039
2003-08-14,12.479393005371094
2003-08-15,12.516011238098145
2003-08-18,12.692660331726074
2003-08-19,12.684041976928711
2003-08-20,12.66249942779541
2003-08-21,12.750829696655273
2003-08-22,12.580636978149414
2003-08-25,12.731436729431152
2003-08-26,12.731436729431152
2003-08-27,12.73359203338623
2003-08-28,12.774518966674805
2003-08-29,12.7465238571167
2003-09-02,12.90808391571045
2003-09-03,12.921009063720703
2003-09-04,12.942549705505371
2003-09-05,12.686198234558105
2003-09-08,12.621575355529785
2003-09-09,12.291975975036621
2003-09-10,12.246735572814941
2003-09-11,12.386767387390137
2003-09-12,12.382450103759766
2003-09-15,12.440619468688965
2003-09-16,12.584946632385254
2003-09-17,12.406156539916992
2003-09-18,12.600029945373535
2003-09-19,12.52463150024414
2003-09-22,12.294126510620117
2003-09-23,12.412611961364746
2003-09-24,12.197192192077637
2003-09-25,12.255358695983887
2003-09-26,12.235963821411133
2003-09-29,12.328598022460938
2003-09-30,12.031315803527832
2003-10-01,12.291975975036621
2003-10-02,12.311392784118652
2003-10-03,12.402009963989258
2003-10-06,12.51205062866211
2003-10-07,12.708401679992676
2003-10-08,12.6264066696167
2003-10-09,12.721345901489258
2003-10-10,12.604828834533691
2003-10-13,12.719185829162598
2003-10-14,12.80117130279541
2003-10-15,12.745074272155762
2003-10-16,12.81412124633789
2003-10-17,12.695448875427246
2003-10-20,12.729975700378418
2003-10-21,12.723502159118652
2003-10-22,12.565995216369629
2003-10-23,12.665242195129395
2003-10-24,12.537943840026855
2003-10-27,12.468901634216309
2003-10-28,12.678187370300293
2003-10-29,12.697611808776855
2003-10-30,12.686820030212402
2003-10-31,12.719185829162598
2003-11-03,12.738593101501465
2003-11-04,12.656609535217285
2003-11-05,12.49695110321045
2003-11-06,12.645829200744629
2003-11-07,12.604828834533691
2003-11-10,12.54010009765625
2003-11-11,12.574625968933105
2003-11-12,12.505579948425293
2003-11-13,11.979122161865234
2003-11-14,11.86691951751709
2003-11-17,11.86691951751709
2003-11-18,11.80650806427002
2003-11-19,11.91223430633545
2003-11-20,11.882025718688965
2003-11-21,11.82593059539795
2003-11-24,12.09994125366211
2003-11-25,12.091310501098633
2003-11-26,12.017955780029297
2003-11-28,12.005012512207031
2003-12-01,11.759038925170898
2003-12-02,11.439712524414062
2003-12-03,11.368513107299805
2003-12-04,11.439712524414062
2003-12-05,11.538966178894043
2003-12-08,11.52170467376709
2003-12-09,11.351253509521484
2003-12-10,11.424615859985352
2003-12-11,11.394401550292969
2003-12-12,11.327509880065918
2003-12-15,10.94778060913086
2003-12-16,11.088018417358398
2003-12-17,11.217703819274902
2003-12-18,11.369006156921387
2003-12-19,11.314971923828125
2003-12-22,11.470595359802246
2003-12-23,11.405754089355469
2003-12-24,11.334423065185547
2003-12-26,11.351715087890625
2003-12-29,11.433852195739746
2003-12-30,11.407913208007812
2003-12-31,11.466270446777344
2004-01-02,11.304163932800293
2004-01-05,11.265256881713867
2004-01-06,11.528947830200195
2004-01-07,11.559208869934082
2004-01-08,11.511658668518066
2004-01-09,11.325775146484375
2004-01-12,11.3495512008667
2004-01-13,11.403582572937012
2004-01-14,11.485718727111816
2004-01-15,11.561367988586426
2004-01-16,11.559208869934082
2004-01-20,11.44465446472168
2004-01-21,11.552727699279785
2004-01-22,11.494368553161621
2004-01-23,11.716994285583496
2004-01-26,11.803448677062988
2004-01-27,11.764546394348145
2004-01-28,11.513823509216309
2004-01-29,11.775351524353027
2004-01-30,11.639180183410645
2004-02-02,11.820738792419434
2004-02-03,11.889899253845215
2004-02-04,11.972033500671387
2004-02-05,12.157918930053711
2004-02-06,12.445392608642578
2004-02-09,12.389187812805176
2004-02-10,12.43458080291748
2004-02-11,12.335156440734863
2004-02-12,12.31570053100586
2004-02-13,12.17304515838623
2004-02-17,12.43241024017334
2004-02-18,12.363253593444824
2004-02-19,12.618302345275879
2004-02-20,12.84524917602539
2004-02-23,12.979253768920898
2004-02-24,12.957637786865234
2004-02-25,12.942510604858398
2004-02-26,12.838764190673828
2004-02-27,12.873335838317871
2004-03-01,13.065707206726074
2004-03-02,12.871185302734375
2004-03-03,13.046252250671387
2004-03-04,13.195395469665527
2004-03-05,13.020319938659668
2004-03-08,13.067869186401367
2004-03-09,13.028962135314941
2004-03-10,12.700429916381836
2004-03-11,12.514548301696777
2004-03-12,12.639915466308594
2004-03-15,12.514548301696777
2004-03-16,12.529681205749512
2004-03-17,12.640157699584961
2004-03-18,12.767969131469727
2004-03-19,12.694314956665039
2004-03-22,12.586005210876465
2004-03-23,12.609827995300293
2004-03-24,12.689987182617188
2004-03-25,12.958602905273438
2004-03-26,12.869787216186523
2004-03-29,13.02575969696045
2004-03-30,12.99759578704834
2004-03-31,12.930437088012695
2004-04-01,12.640157699584961
2004-04-02,12.694314956665039
2004-04-05,12.702978134155273
2004-04-06,12.785300254821777
2004-04-07,12.56001091003418
2004-04-08,12.280566215515137
2004-04-12,12.421366691589355
2004-04-13,12.232905387878418
2004-04-14,12.438697814941406
2004-04-15,12.518841743469238
2004-04-16,12.65965747833252
2004-04-19,12.644489288330078
2004-04-20,12.586005210876465
2004-04-21,12.640157699584961
2004-04-22,12.694314956665039
2004-04-23,12.774470329284668
2004-04-26,12.594667434692383
2004-04-27,12.694314956665039
2004-04-28,12.56001091003418
2004-04-29,12.471195220947266
2004-04-30,12.347715377807617
2004-05-03,12.248065948486328
2004-05-04,12.131087303161621
2004-05-05,12.100763320922852
2004-05-06,11.823477745056152
2004-05-07,11.676169395446777
2004-05-10,11.96212100982666
2004-05-11,11.812643051147461
2004-05-12,11.927457809448242
2004-05-13,11.968612670898438
2004-05-14,11.927457809448242
2004-05-17,11.849475860595703
2004-05-18,11.959952354431152
2004-05-19,11.894813537597656
2004-05-20,11.907838821411133
2004-05-21,11.962124824523926
2004-05-24,11.940409660339355
2004-05-25,12.048978805541992
2004-05-26,12.003377914428711
2004-05-27,12.153207778930664
2004-05-28,12.101093292236328
2004-06-01,12.038119316101074
2004-06-02,12.235722541809082
2004-06-03,12.289999961853027
2004-06-04,12.28782844543457
2004-06-07,12.485426902770996
2004-06-08,12.524508476257324
2004-06-09,12.383366584777832
2004-06-10,12.4202880859375
2004-06-14,12.242234230041504
2004-06-15,12.313888549804688
2004-06-16,12.185776710510254
2004-06-17,12.127144813537598
2004-06-18,12.077207565307617
2004-06-21,11.927376747131348
2004-06-22,11.738471984863281
2004-06-23,11.627728462219238
2004-06-24,11.540879249572754
2004-06-25,11.401907920837402
2004-06-28,11.391054153442383
2004-06-29,11.286824226379395
2004-06-30,11.399736404418945
2004-07-01,11.239055633544922
2004-07-02,11.275968551635742
2004-07-06,11.308541297912598
2004-07-07,11.360651016235352
2004-07-08,11.330249786376953
2004-07-09,11.239055633544922
2004-07-12,11.33676815032959
2004-07-13,11.510473251342773
2004-07-14,11.417108535766602
2004-07-15,11.362820625305176
2004-07-16,11.432306289672852
2004-07-19,11.47790813446045
2004-07-20,11.56258773803711
2004-07-21,11.534358024597168
2004-07-22,11.488764762878418
2004-07-23,11.543047904968262
2004-07-26,11.432306289672852
2004-07-27,11.703728675842285
2004-07-28,11.70589828491211
2004-07-29,11.612534523010254
2004-07-30,11.510473251342773
2004-08-02,11.54738998413086
2004-08-03,11.480079650878906
2004-08-04,11.55173397064209
2004-08-05,11.302019119262695
2004-08-06,11.145682334899902
2004-08-09,11.154373168945312
2004-08-10,11.31505298614502
2004-08-11,11.21082878112793
2004-08-12,11.432306289672852
2004-08-13,11.59516429901123
2004-08-16,11.7905855178833
2004-08-17,11.936067581176758
2004-08-18,11.853360176086426
2004-08-19,11.940415382385254
2004-08-20,11.894716262817383
2004-08-23,11.709712028503418
2004-08-24,11.722765922546387
2004-08-25,11.775003433227539
2004-08-26,11.727119445800781
2004-08-27,11.657468795776367
2004-08-30,11.579117774963379
2004-08-31,11.463764190673828
2004-09-01,11.455050468444824
2004-09-02,11.561701774597168
2004-09-03,11.589995384216309
2004-09-07,11.59870719909668
2004-09-08,11.552999496459961
2004-09-09,11.441990852355957
2004-09-10,11.63353443145752
2004-09-13,11.611766815185547
2004-09-14,11.583473205566406
2004-09-15,11.515995979309082
2004-09-16,11.485528945922852
2004-09-17,11.422407150268555
2004-09-20,11.361465454101562
2004-09-21,11.374518394470215
2004-09-22,11.246109008789062
2004-09-23,11.435465812683105
2004-09-24,11.494231224060059
2004-09-27,11.431111335754395
2004-09-28,11.487703323364258
2004-09-29,11.535588264465332
2004-09-30,11.579117774963379
2004-10-01,11.563881874084473
2004-10-04,11.603057861328125
2004-10-05,11.624823570251465
2004-10-06,11.748881340026855
2004-10-07,11.655294418334961
2004-10-08,11.502939224243164
2004-10-11,11.513823509216309
2004-10-12,11.518176078796387
2004-10-13,11.437647819519043
2004-10-14,11.339695930480957
2004-10-15,11.433289527893066
2004-10-18,11.518176078796387
2004-10-19,11.465941429138184
2004-10-20,11.422407150268555
2004-10-21,11.341874122619629
2004-10-22,11.315762519836426
2004-10-25,11.383231163024902
2004-10-26,11.496410369873047
2004-10-27,11.692296028137207
2004-10-28,11.751063346862793
2004-10-29,11.735827445983887
2004-11-01,11.720590591430664
2004-11-02,11.785881042480469
2004-11-03,11.857714653015137
2004-11-04,12.245135307312012
2004-11-05,12.290842056274414
2004-11-08,12.303903579711914
2004-11-09,12.258188247680664
2004-11-10,12.19942855834961
2004-11-11,12.323492050170898
2004-11-12,12.373551368713379
2004-11-15,12.558549880981445
2004-11-16,12.382253646850586
2004-11-17,12.2407808303833
2004-11-18,12.145014762878418
2004-11-19,12.025297164916992
2004-11-22,12.11889934539795
2004-11-23,12.1123628616333
2004-11-24,12.079720497131348
2004-11-26,12.040543556213379
2004-11-29,11.568231582641602
2004-11-30,11.330988883972168
2004-12-01,11.496410369873047
2004-12-02,11.535588264465332
2004-12-03,11.52035140991211
2004-12-06,11.431111335754395
2004-12-07,11.426756858825684
2004-12-08,11.428937911987305
2004-12-09,11.485528945922852
2004-12-10,11.472465515136719
2004-12-13,11.524703025817871
2004-12-14,11.646587371826172
2004-12-15,11.570223808288574
2004-12-16,11.509135246276855
2004-12-17,11.349862098693848
2004-12-20,11.389135360717773
2004-12-21,11.476409912109375
2004-12-22,11.557135581970215
2004-12-23,11.465499877929688
2004-12-27,11.517860412597656
2004-12-28,11.613866806030273
2004-12-29,11.65968132019043
2004-12-30,11.576767921447754
2004-12-31,11.52440357208252
2005-01-03,11.640046119689941
2005-01-04,11.611678123474121
2005-01-05,11.626946449279785
2005-01-06,11.792770385742188
2005-01-07,11.779684066772461
2005-01-10,11.720772743225098
2005-01-11,11.69240665435791
2005-01-12,11.799315452575684
2005-01-13,11.703317642211914
2005-01-14,11.779684066772461
2005-01-18,11.888772010803223
2005-01-19,11.73386001586914
2005-01-20,11.6444091796875
2005-01-21,11.565863609313965
2005-01-24,11.578950881958008
2005-01-25,11.62476921081543
2005-01-26,11.62476921081543
2005-01-27,11.581131935119629
2005-01-28,11.439316749572754
2005-01-31,11.43277359008789
2005-02-01,11.478590965270996
2005-02-02,11.576767921447754
2005-02-03,11.655311584472656
2005-02-04,11.664039611816406
2005-02-07,11.67495059967041
2005-02-08,11.607317924499512
2005-02-09,11.458950996398926
2005-02-10,11.402220726013184
2005-02-11,11.367311477661133
2005-02-14,11.378220558166504
2005-02-15,11.498221397399902
2005-02-16,11.476409912109375
2005-02-17,11.498221397399902
2005-02-18,11.502585411071777
2005-02-22,11.345494270324707
2005-02-23,11.258222579956055
2005-02-24,11.227677345275879
2005-02-25,11.234224319458008
2005-02-28,11.260406494140625
2005-03-01,11.354222297668457
2005-03-02,11.334589958190918
2005-03-03,11.533134460449219
2005-03-04,11.585498809814453
2005-03-07,11.515681266784668
2005-03-08,11.437129020690918
2005-03-09,11.443678855895996
2005-03-10,11.378220558166504
2005-03-11,11.258222579956055
2005-03-14,11.192770004272461
2005-03-15,11.13386344909668
2005-03-16,11.232330322265625
2005-03-17,11.45115852355957
2005-03-18,11.258589744567871
2005-03-21,11.197320938110352
2005-03-22,11.138233184814453
2005-03-23,11.083532333374023
2005-03-24,11.085723876953125
2005-03-28,11.157931327819824
2005-03-29,11.109786987304688
2005-03-30,11.125101089477539
2005-03-31,10.965360641479492
2005-04-01,10.720280647277832
2005-04-04,10.812186241149902
2005-04-05,10.869081497192383
2005-04-06,10.831876754760742
2005-04-07,10.700581550598145
2005-04-08,10.628372192382812
2005-04-11,10.615239143371582
2005-04-12,10.641502380371094
2005-04-13,10.628372192382812
2005-04-14,10.49488639831543
2005-04-15,10.437994956970215
2005-04-18,10.477383613586426
2005-04-19,10.416116714477539
2005-04-20,10.361406326293945
2005-04-21,10.455500602722168
2005-04-22,10.243237495422363
2005-04-25,10.289194107055664
2005-04-26,10.284811973571777
2005-04-27,10.348267555236816
2005-04-28,10.295756340026855
2005-04-29,10.315452575683594
2005-05-02,10.459875106811523
2005-05-03,10.591170310974121
2005-05-04,10.602115631103516
2005-05-05,10.628372192382812
2005-05-06,10.713716506958008
2005-05-09,10.777173042297363
2005-05-10,10.661195755004883
2005-05-11,10.634936332702637
2005-05-12,10.42705249786377
2005-05-13,10.313260078430176
2005-05-16,10.332958221435547
2005-05-17,10.284811973571777
2005-05-18,10.445070266723633
2005-05-19,10.429703712463379
2005-05-20,10.357254028320312
2005-05-23,10.50434398651123
2005-05-24,10.46043872833252
2005-05-25,10.3836030960083
2005-05-26,10.385797500610352
2005-05-27,10.377019882202148
2005-05-31,10.368231773376465
2005-06-01,10.519708633422852
2005-06-02,10.585565567016602
2005-06-03,10.394577026367188
2005-06-06,10.477998733520508
2005-06-07,10.484582901000977
2005-06-08,10.442876815795898
2005-06-09,10.497756004333496
2005-06-10,10.532876968383789
2005-06-13,10.598737716674805
2005-06-14,10.906076431274414
2005-06-15,10.943394660949707
2005-06-16,10.83363151550293
2005-06-17,10.741434097290039
2005-06-20,10.726061820983887
2005-06-21,10.653615951538086
2005-06-22,10.710694313049316
2005-06-23,10.51092529296875
2005-06-24,10.398969650268555
2005-06-27,10.431899070739746
2005-06-28,10.631669044494629
2005-06-29,10.655813217163086
2005-06-30,10.58117961883545
2005-07-01,10.598737716674805
2005-07-05,10.932415962219238
2005-07-06,10.840214729309082
2005-07-07,10.86875057220459
2005-07-08,10.954371452331543
2005-07-11,10.932415962219238
2005-07-12,10.996077537536621
2005-07-13,11.00705337524414
2005-07-14,11.08828067779541
2005-07-15,11.031206130981445
2005-07-18,10.974130630493164
2005-07-19,10.923637390136719
2005-07-20,10.976324081420898
2005-07-21,10.842411994934082
2005-07-22,10.87533950805664
2005-07-25,10.855583190917969
2005-07-26,10.87314510345459
2005-07-27,10.932415962219238
2005-07-28,10.936811447143555
2005-07-29,10.83363151550293
2005-08-01,10.87314510345459
2005-08-02,10.932415962219238
2005-08-03,10.906076431274414
2005-08-04,10.820456504821777
2005-08-05,10.827051162719727
2005-08-08,10.789724349975586
2005-08-09,10.805097579956055
2005-08-10,10.721673965454102
2005-08-11,10.745817184448242
2005-08-12,10.690933227539062
2005-08-15,10.778752326965332
2005-08-16,10.442876815795898
2005-08-17,10.374608993530273
2005-08-18,10.40323543548584
2005-08-19,10.257887840270996
2005-08-22,10.277710914611816
2005-08-23,10.205037117004395
2005-08-24,10.031063079833984
2005-08-25,9.973804473876953
2005-08-26,10.064094543457031
2005-08-29,10.053083419799805
2005-08-30,9.951781272888184
2005-08-31,9.90113353729248
2005-09-01,9.90993881225586
2005-09-02,9.810839653015137
2005-09-06,10.06189250946045
2005-09-07,10.099328994750977
2005-09-08,10.099328994750977
2005-09-09,10.10593318939209
2005-09-12,10.10593318939209
2005-09-13,9.925352096557617
2005-09-14,9.843873023986816
2005-09-15,9.760189056396484
2005-09-16,9.661087036132812
2005-09-19,9.691924095153809
2005-09-20,9.515743255615234
2005-09-21,9.357190132141113
2005-09-22,9.51134204864502
2005-09-23,9.513543128967285
2005-09-26,9.493727684020996
2005-09-27,9.491522789001465
2005-09-28,9.498129844665527
2005-09-29,9.588419914245605
2005-09-30,9.650076866149902
2005-10-03,9.636865615844727
2005-10-04,9.656686782836914
2005-10-05,9.579610824584961
2005-10-06,9.674309730529785
2005-10-07,9.696325302124023
2005-10-10,9.808642387390137
2005-10-11,9.91434383392334
2005-10-12,9.89672565460205
2005-10-13,9.857087135314941
2005-10-14,9.91874885559082
2005-10-17,9.96279239654541
2005-10-18,9.938565254211426
2005-10-19,10.127963066101074
2005-10-20,10.042070388793945
2005-10-21,10.068498611450195
2005-10-24,10.176408767700195
2005-10-25,9.99582576751709
2005-10-26,10.037667274475098
2005-10-27,9.852684020996094
2005-10-28,10.020050048828125
2005-10-31,10.41865062713623
2005-11-01,10.348182678222656
2005-11-02,10.473705291748047
2005-11-03,10.449481964111328
2005-11-04,10.502334594726562
2005-11-07,10.581612586975098
2005-11-08,10.484715461730957
2005-11-09,10.614645957946777
2005-11-10,10.799630165100098
2005-11-11,10.790822982788086
2005-11-14,10.856891632080078
2005-11-15,10.742378234863281
2005-11-16,10.764398574829102
2005-11-17,10.843677520751953
2005-11-18,10.900932312011719
2005-11-21,10.927361488342285
2005-11-22,11.055088996887207
2005-11-23,11.136571884155273
2005-11-25,11.118949890136719
2005-11-28,11.011045455932617
2005-11-29,10.793025970458984
2005-11-30,10.693924903869629
2005-12-01,10.577208518981934
2005-12-02,10.563994407653809
2005-12-05,10.381211280822754
2005-12-06,10.486917495727539
2005-12-07,10.515548706054688
2005-12-08,10.504530906677246
2005-12-09,10.588220596313477
2005-12-12,10.720353126525879
2005-12-13,10.894326210021973
2005-12-14,10.936293601989746
2005-12-15,10.881072998046875
2005-12-16,10.883282661437988
2005-12-19,10.814809799194336
2005-12-20,10.735283851623535
2005-12-21,10.746331214904785
2005-12-22,10.735283851623535
2005-12-23,10.6778564453125
2005-12-27,10.543109893798828
2005-12-28,10.567411422729492
2005-12-29,10.487886428833008
2005-12-30,10.33768081665039
2006-01-03,10.211771965026855
2006-01-04,10.231657981872559
2006-01-05,10.092495918273926
2006-01-06,10.134462356567383
2006-01-09,10.09691047668457
2006-01-10,10.130048751831055
2006-01-11,10.286876678466797
2006-01-12,10.103540420532227
2006-01-13,10.028433799743652
2006-01-17,9.929032325744629
2006-01-18,9.979837417602539
2006-01-19,10.116792678833008
2006-01-20,9.94007682800293
2006-01-23,9.995302200317383
2006-01-24,10.09912395477295
2006-01-25,10.154342651367188
2006-01-26,10.231657981872559
2006-01-27,10.125629425048828
2006-01-30,10.251535415649414
2006-01-31,10.185267448425293
2006-02-01,10.19189739227295
2006-02-02,10.222822189331055
2006-02-03,10.048316955566406
2006-02-06,9.957748413085938
2006-02-07,9.882647514343262
2006-02-08,10.028433799743652
2006-02-09,10.094706535339355
2006-02-10,10.105746269226074
2006-02-13,10.05273723602295
2006-02-14,10.260367393493652
2006-02-15,10.357564926147461
2006-02-16,10.300130844116211
2006-02-17,10.183059692382812
2006-02-21,10.103540420532227
2006-02-22,10.046104431152344
2006-02-23,10.094706535339355
2006-02-24,10.039482116699219
2006-02-27,10.107954978942871
2006-02-28,10.019598960876465
2006-03-01,9.973209381103516
2006-03-02,9.953330993652344
2006-03-03,10.01297378540039
2006-03-06,9.966584205627441
2006-03-07,9.999720573425293
2006-03-08,9.999720573425293
2006-03-09,9.993093490600586
2006-03-10,10.01297378540039
2006-03-13,9.999720573425293
2006-03-14,10.059357643127441
2006-03-15,10.047833442687988
2006-03-16,10.27840805053711
2006-03-17,10.351571083068848
2006-03-20,10.5888032913208
2006-03-21,10.666396141052246
2006-03-22,10.664177894592285
2006-03-23,10.761734008789062
2006-03-24,10.684133529663086
2006-03-27,10.630921363830566
2006-03-28,10.586581230163574
2006-03-29,10.653094291687012
2006-03-30,10.566627502441406
2006-03-31,10.47351360321045
2006-04-03,10.369308471679688
2006-04-04,10.309446334838867
2006-04-05,10.3914794921875
2006-04-06,10.32275104522705
2006-04-07,10.20302677154541
2006-04-10,10.13208293914795
2006-04-11,10.08774471282959
2006-04-12,10.176424026489258
2006-04-13,10.147598266601562
2006-04-17,10.158686637878418
2006-04-18,10.287277221679688
2006-04-19,10.302797317504883
2006-04-20,10.287277221679688
2006-04-21,10.158686637878418
2006-04-24,10.096606254577637
2006-04-25,10.116559982299805
2006-04-26,10.19416332244873
2006-04-27,10.11877727508545
2006-04-28,9.983539581298828
2006-05-01,10.183074951171875
2006-05-02,10.234068870544434
2006-05-03,10.351571083068848
2006-05-04,10.287277221679688
2006-05-05,10.475730895996094
2006-05-08,10.54667854309082
2006-05-09,10.613189697265625
2006-05-10,10.593234062194824
2006-05-11,10.475730895996094
2006-05-12,10.318321228027344
2006-05-15,10.51563549041748
2006-05-16,10.65753173828125
2006-05-17,10.421249389648438
2006-05-18,10.505788803100586
2006-05-19,10.528039932250977
2006-05-22,10.53471851348877
2006-05-23,10.572542190551758
2006-05-24,10.686012268066406
2006-05-25,11.001938819885254
2006-05-26,11.04643440246582
2006-05-30,10.746084213256836
2006-05-31,10.77945327758789
2006-06-01,10.766104698181152
2006-06-02,10.641512870788574
2006-06-05,10.49911880493164
2006-06-06,10.463521003723145
2006-06-07,10.465746879577637
2006-06-08,10.52359390258789
2006-06-09,10.485773086547852
2006-06-12,10.454622268676758
2006-06-13,10.574767112731934
2006-06-14,10.614812850952148
2006-06-15,10.826173782348633
2006-06-16,10.748306274414062
2006-06-19,10.739401817321777
2006-06-20,10.775004386901855
2006-06-21,10.879569053649902
2006-06-22,10.786125183105469
2006-06-23,10.665984153747559
2006-06-26,10.694911003112793
2006-06-27,10.597014427185059
2006-06-28,10.66153335571289
2006-06-29,10.837299346923828
2006-06-30,10.717155456542969
2006-07-03,10.583664894104004
2006-07-05,10.461298942565918
2006-07-06,10.394549369812012
2006-07-07,10.234360694885254
2006-07-10,10.274412155151367
2006-07-11,10.263285636901855
2006-07-12,10.045247077941895
2006-07-13,9.824986457824707
2006-07-14,9.578031539916992
2006-07-17,9.57135009765625
2006-07-18,9.60472297668457
2006-07-19,9.83388614654541
2006-07-20,9.853909492492676
2006-07-21,9.72708797454834
2006-07-24,9.885056495666504
2006-07-25,9.938451766967773
2006-07-26,9.715970039367676
2006-07-27,9.684821128845215
2006-07-28,9.891735076904297
2006-07-31,9.900632858276367
2006-08-01,9.80941390991211
2006-08-02,9.871708869934082
2006-08-03,9.951805114746094
2006-08-04,9.982951164245605
2006-08-07,9.971827507019043
2006-08-08,9.891735076904297
2006-08-09,9.767142295837402
2006-08-10,9.98740005493164
2006-08-11,9.942907333374023
2006-08-14,10.034125328063965
2006-08-15,9.91175365447998
2006-08-16,9.922476768493652
2006-08-17,9.967142105102539
2006-08-18,9.935877799987793
2006-08-21,9.846543312072754
2006-08-22,9.842076301574707
2006-08-23,9.772843360900879
2006-08-24,9.759448051452637
2006-08-25,9.799647331237793
2006-08-28,9.922476768493652
2006-08-29,9.935877799987793
2006-08-30,9.964911460876465
2006-08-31,9.987241744995117
2006-09-01,10.1502685546875
2006-09-05,10.177071571350098
2006-09-06,10.139106750488281
2006-09-07,10.170370101928711
2006-09-08,10.433897972106934
2006-09-11,10.605860710144043
2006-09-12,10.735392570495605
2006-09-13,10.737627029418945
2006-09-14,10.802391052246094
2006-09-15,10.768890380859375
2006-09-18,10.74209213256836
2006-09-19,10.831424713134766
2006-09-20,10.914054870605469
2006-09-21,10.822491645812988
2006-09-22,10.784521102905273
2006-09-25,10.902885437011719
2006-09-26,10.998920440673828
2006-09-27,11.05474853515625
2006-09-28,11.123981475830078
2006-09-29,11.014549255371094
2006-10-02,10.81802749633789
2006-10-03,11.045821189880371
2006-10-04,11.06591796875
2006-10-05,10.811321258544922
2006-10-06,10.79122257232666
2006-10-09,10.768890380859375
2006-10-10,10.746559143066406
2006-10-11,10.788992881774902
2006-10-12,10.79122257232666
2006-10-13,10.822491645812988
2006-10-16,10.79122257232666
2006-10-17,10.782288551330566
2006-10-18,10.797926902770996
2006-10-19,10.829192161560059
2006-10-20,11.025724411010742
2006-10-23,11.452277183532715
2006-10-24,11.456743240356445
2006-10-25,11.356247901916504
2006-10-26,11.557243347167969
2006-10-27,11.329444885253906
2006-10-30,11.061450004577637
2006-10-31,11.005620002746582
2006-11-01,10.909586906433105
2006-11-02,10.784521102905273
2006-11-03,10.61479377746582
2006-11-06,10.605860710144043
2006-11-07,10.641592025756836
2006-11-08,10.503131866455078
2006-11-09,10.360206604003906
2006-11-10,10.378064155578613
2006-11-13,10.344564437866211
2006-11-14,10.64382553100586
2006-11-15,10.648294448852539
2006-11-16,10.699658393859863
2006-11-17,10.608095169067383
2006-11-20,10.657225608825684
2006-11-21,10.677331924438477
2006-11-22,10.726459503173828
2006-11-24,10.697426795959473
2006-11-27,10.409331321716309
2006-11-28,10.431665420532227
2006-11-29,10.471863746643066
2006-11-30,10.295433044433594
2006-12-01,10.244068145751953
2006-12-04,10.33786678314209
2006-12-05,10.380295753479004
2006-12-06,10.393695831298828
2006-12-07,10.355733871459961
2006-12-08,10.351263046264648
2006-12-11,10.273098945617676
2006-12-12,10.194933891296387
2006-12-13,10.28863525390625
2006-12-14,10.427608489990234
2006-12-15,10.411917686462402
2006-12-18,10.393983840942383
2006-12-19,10.331225395202637
2006-12-20,10.281908988952637
2006-12-21,10.246038436889648
2006-12-22,10.207940101623535
2006-12-26,10.335705757141113
2006-12-27,10.34691333770752
2006-12-28,10.313288688659668
2006-12-29,10.351396560668945
2007-01-03,10.658485412597656
2007-01-04,10.710040092468262
2007-01-05,10.622620582580566
2007-01-08,10.535201072692871
2007-01-09,10.622620582580566
2007-01-10,10.597965240478516
2007-01-11,10.669693946838379
2007-01-12,10.754870414733887
2007-01-16,10.828845024108887
2007-01-17,10.804186820983887
2007-01-18,10.846771240234375
2007-01-19,10.828845024108887
2007-01-22,10.750388145446777
2007-01-23,10.716768264770508
2007-01-24,10.896081924438477
2007-01-25,10.79297924041748
2007-01-26,10.68539047241211
2007-01-29,10.676417350769043
2007-01-30,10.597965240478516
2007-01-31,10.68986701965332
2007-02-01,10.710040092468262
2007-02-02,10.777288436889648
2007-02-05,10.87591552734375
2007-02-06,10.889363288879395
2007-02-07,10.889363288879395
2007-02-08,10.828845024108887
2007-02-09,10.7526273727417
2007-02-12,10.70107364654541
2007-02-13,10.754870414733887
2007-02-14,10.730217933654785
2007-02-15,10.840049743652344
2007-02-16,10.866949081420898
2007-02-20,11.265942573547363
2007-02-21,11.200934410095215
2007-02-22,11.138174057006836
2007-02-23,11.111275672912598
2007-02-26,11.203180313110352
2007-02-27,10.804186820983887
2007-02-28,10.828845024108887
2007-03-01,10.734699249267578
2007-03-02,10.716768264770508
2007-03-05,10.640555381774902
2007-03-06,10.768319129943848
2007-03-07,10.743660926818848
2007-03-08,10.732457160949707
2007-03-09,10.629350662231445
2007-03-12,10.593480110168457
2007-03-13,10.351396560668945
2007-03-14,10.299593925476074
2007-03-15,10.360401153564453
2007-03-16,10.407699584960938
2007-03-19,10.493289947509766
2007-03-20,10.653205871582031
2007-03-21,10.759055137634277
2007-03-22,10.8131103515625
2007-03-23,10.790587425231934
2007-03-26,10.774822235107422
2007-03-27,10.695988655090332
2007-03-28,10.504549026489258
2007-03-29,10.522566795349121
2007-03-30,10.574369430541992
2007-04-02,10.67572021484375
2007-04-03,10.833379745483398
2007-04-04,10.822117805480957
2007-04-05,10.871667861938477
2007-04-09,10.91671371459961
2007-04-10,10.797348976135254
2007-04-11,10.646445274353027
2007-04-12,10.644192695617676
2007-04-13,10.677973747253418
2007-04-16,10.826624870300293
2007-04-17,10.84914779663086
2007-04-18,10.804102897644043
2007-04-19,10.887434005737305
2007-04-20,11.207253456115723
2007-04-23,11.020318031311035
2007-04-24,10.966263771057129
2007-04-25,10.99328899383545
2007-04-26,10.96851634979248
2007-04-27,10.887434005737305
2007-04-30,10.792839050292969
2007-05-01,10.885184288024902
2007-05-02,10.873918533325195
2007-05-03,10.891936302185059
2007-05-04,10.871667861938477
2007-05-07,10.948243141174316
2007-05-08,10.833379745483398
2007-05-09,10.795089721679688
2007-05-10,10.754549026489258
2007-05-11,10.761305809020996
2007-05-14,10.774822235107422
2007-05-15,10.72527027130127
2007-05-16,10.675494194030762
2007-05-17,10.659653663635254
2007-05-18,10.695855140686035
2007-05-21,10.54878044128418
2007-05-22,10.530675888061523
2007-05-23,10.483160972595215
2007-05-24,10.555563926696777
2007-05-25,10.614401817321777
2007-05-29,10.621185302734375
2007-05-30,10.661916732788086
2007-05-31,10.770527839660645
2007-06-01,11.19365119934082
2007-06-04,11.58736801147461
2007-06-05,11.43123722076416
2007-06-06,11.483278274536133
2007-06-07,11.259270668029785
2007-06-08,11.331676483154297
2007-06-11,11.270586013793945
2007-06-12,11.066944122314453
2007-06-13,11.200439453125
2007-06-14,11.15066146850586
2007-06-15,11.164238929748535
2007-06-18,11.112202644348145
2007-06-19,11.044318199157715
2007-06-20,10.994534492492676
2007-06-21,10.949278831481934
2007-06-22,10.822568893432617
2007-06-25,10.820307731628418
2007-06-26,10.854247093200684
2007-06-27,10.965120315551758
2007-06-28,10.908549308776855
2007-06-29,10.885924339294434
2007-07-02,10.935705184936523
2007-07-03,10.967384338378906
2007-07-05,10.881401062011719
2007-07-06,10.949278831481934
2007-07-09,10.974173545837402
2007-07-10,10.766000747680664
2007-07-11,10.788626670837402
2007-07-12,11.04884147644043
2007-07-13,11.121246337890625
2007-07-16,11.073729515075684
2007-07-17,10.940229415893555
2007-07-18,10.870084762573242
2007-07-19,11.039787292480469
2007-07-20,10.874611854553223
2007-07-23,10.885924339294434
2007-07-24,10.865560531616211
2007-07-25,10.831620216369629
2007-07-26,10.59403133392334
2007-07-27,10.394913673400879
2007-07-30,10.456009864807129
2007-07-31,10.397174835205078
2007-08-01,10.458270072937012
2007-08-02,10.573671340942383
2007-08-03,10.299881935119629
2007-08-06,10.639286994934082
2007-08-07,10.648340225219727
2007-08-08,10.956068992614746
2007-08-09,10.510309219360352
2007-08-10,10.42432975769043
2007-08-13,10.4469575881958
2007-08-14,9.915223121643066
2007-08-15,9.842447280883789
2007-08-16,9.892477989196777
2007-08-17,9.890202522277832
2007-08-20,9.912943840026855
2007-08-21,9.93796157836914
2007-08-22,9.949331283569336
2007-08-23,9.81743049621582
2007-08-24,9.947054862976074
2007-08-27,9.965253829956055
2007-08-28,9.869736671447754
2007-08-29,10.049388885498047
2007-08-30,9.851542472839355
2007-08-31,9.922039031982422
2007-09-04,9.846996307373047
2007-09-05,9.653694152832031
2007-09-06,9.724190711975098
2007-09-07,9.640048027038574
2007-09-10,9.612757682800293
2007-09-11,9.76512336730957
2007-09-12,9.712822914123535
2007-09-13,9.792413711547852
2007-09-14,9.851542472839355
2007-09-17,9.851542472839355
2007-09-18,10.10623836517334
2007-09-19,10.17674732208252
2007-09-20,10.078954696655273
2007-09-21,10.058488845825195
2007-09-24,9.999363899230957
2007-09-25,9.815157890319824
2007-09-26,9.846996307373047
2007-09-27,9.917492866516113
2007-09-28,9.926590919494629
2007-10-01,10.113067626953125
2007-10-02,10.204034805297852
2007-10-03,10.263160705566406
2007-10-04,10.233596801757812
2007-10-05,10.31773853302002
2007-10-08,10.295004844665527
2007-10-09,10.281355857849121
2007-10-10,10.367775917053223
2007-10-11,10.665682792663574
2007-10-12,10.702069282531738
2007-10-15,10.563343048095703
2007-10-16,10.429176330566406
2007-10-17,10.458736419677734
2007-10-18,10.43599796295166
2007-10-19,10.229050636291504
2007-10-22,10.290452003479004
2007-10-23,9.990267753601074
2007-10-24,9.976622581481934
2007-10-25,9.97889232635498
2007-10-26,10.151728630065918
2007-10-29,10.235872268676758
2007-10-30,10.31773853302002
2007-10-31,10.281355857849121
2007-11-01,10.013008117675781
2007-11-02,10.049388885498047
2007-11-05,10.013008117675781
2007-11-06,10.072134971618652
2007-11-07,9.990267753601074
2007-11-08,9.919766426086426
2007-11-09,9.756030082702637
2007-11-12,9.851542472839355
2007-11-13,10.45418930053711
2007-11-14,10.576991081237793
2007-11-15,10.506491661071777
2007-11-16,10.538330078125
2007-11-19,10.340482711791992
2007-11-20,10.347305297851562
2007-11-21,10.201759338378906
2007-11-23,10.399604797363281
2007-11-26,10.240416526794434
2007-11-27,10.422348976135254
2007-11-28,10.740728378295898
2007-11-29,10.811226844787598
2007-11-30,10.893095970153809
2007-12-03,10.886274337768555
2007-12-04,10.95904541015625
2007-12-05,11.120509147644043
2007-12-06,11.204654693603516
2007-12-07,11.147799491882324
2007-12-10,11.241034507751465
2007-12-11,11.15007209777832
2007-12-12,11.01758098602295
2007-12-13,11.04041862487793
2007-12-14,10.880514144897461
2007-12-17,10.926202774047852
2007-12-18,11.019865036010742
2007-12-19,10.983312606811523
2007-12-20,10.930774688720703
2007-12-21,11.013009071350098
2007-12-24,11.134085655212402
2007-12-26,11.051841735839844
2007-12-27,10.912497520446777
2007-12-28,10.983312606811523
2007-12-31,10.857672691345215
2008-01-02,10.71375560760498
2008-01-03,10.59496784210205
2008-01-04,10.444199562072754
2008-01-07,10.636087417602539
2008-01-08,10.50130558013916
2008-01-09,10.71375560760498
2008-01-10,11.056412696838379
2008-01-11,10.901077270507812
2008-01-14,10.889654159545898
2008-01-15,10.734313011169434
2008-01-16,10.848535537719727
2008-01-17,10.846250534057617
2008-01-18,10.86909294128418
2008-01-22,11.239165306091309
2008-01-23,11.45846176147461
2008-01-24,11.172919273376465
2008-01-25,10.985595703125
2008-01-28,11.127229690551758
2008-01-29,11.195760726928711
2008-01-30,11.230027198791504
2008-01-31,11.590957641601562
2008-02-01,11.691472053527832
2008-02-04,11.437907218933105
2008-02-05,11.321399688720703
2008-02-06,11.154643058776855
2008-02-07,11.385364532470703
2008-02-08,11.13864803314209
2008-02-11,11.330537796020508
2008-02-12,11.479021072387695
2008-02-13,11.572685241699219
2008-02-14,11.415059089660645
2008-02-15,11.293992042541504
2008-02-19,11.344244003295898
2008-02-20,11.353382110595703
2008-02-21,11.373944282531738
2008-02-22,11.415059089660645
2008-02-25,11.497298240661621
2008-02-26,11.741724014282227
2008-02-27,11.748584747314453
2008-02-28,11.58182144165039
2008-02-29,11.328251838684082
2008-03-03,11.3967866897583
2008-03-04,11.392213821411133
2008-03-05,11.31911563873291
2008-03-06,11.417349815368652
2008-03-07,11.399067878723145
2008-03-10,11.15921401977539
2008-03-11,11.479021072387695
2008-03-12,11.542827606201172
2008-03-13,11.613986015319824
2008-03-14,11.434952735900879
2008-03-17,11.46479320526123
2008-03-18,11.70120620727539
2008-03-19,11.65529727935791
2008-03-20,12.217641830444336
2008-03-24,12.3094482421875
2008-03-25,12.17632007598877
2008-03-26,12.141889572143555
2008-03-27,12.020244598388672
2008-03-28,11.962864875793457
2008-03-31,12.091398239135742
2008-04-01,12.412734031677246
2008-04-02,12.499950408935547
2008-04-03,12.607827186584473
2008-04-04,12.48618221282959
2008-04-07,12.447161674499512
2008-04-08,12.497654914855957
2008-04-09,12.426504135131836
2008-04-10,12.545855522155762
2008-04-11,12.577987670898438
2008-04-14,12.6583251953125
2008-04-15,12.915392875671387
2008-04-16,13.099018096923828
2008-04-17,13.00720500946045
2008-04-18,12.924575805664062
2008-04-21,12.940644264221191
2008-04-22,12.97966194152832
2008-04-23,13.064582824707031
2008-04-24,13.186234474182129
2008-04-25,13.232136726379395
2008-04-28,13.163281440734863
2008-04-29,13.45249080657959
2008-04-30,13.307878494262695
2008-05-01,13.328546524047852
2008-05-02,13.197708129882812
2008-05-05,13.076065063476562
2008-05-06,12.933752059936523
2008-05-07,13.043928146362305
2008-05-08,13.119668960571289
2008-05-09,13.124259948730469
2008-05-12,13.31706714630127
2008-05-13,13.00261116027832
2008-05-14,13.241866111755371
2008-05-15,13.165802955627441
2008-05-16,13.14736270904541
2008-05-19,12.999848365783691
2008-05-20,12.896126747131348
2008-05-21,12.730169296264648
2008-05-22,12.919175148010254
2008-05-23,12.850021362304688
2008-05-27,12.999848365783691
2008-05-28,13.158882141113281
2008-05-29,13.354808807373047
2008-05-30,13.308711051940918
2008-06-02,13.184244155883789
2008-06-03,13.315629005432129
2008-06-04,13.294880867004395
2008-06-05,13.783522605895996
2008-06-06,13.453917503356934
2008-06-09,13.730510711669922
2008-06-10,13.77891731262207
2008-06-11,13.48849105834961
2008-06-12,13.624483108520508
2008-06-13,13.640623092651367
2008-06-16,13.67058277130127
2008-06-17,13.527680397033691
2008-06-18,13.292572975158691
2008-06-19,13.297183990478516
2008-06-20,12.96757698059082
2008-06-23,13.055164337158203
2008-06-24,13.211898803710938
2008-06-25,13.396300315856934
2008-06-26,13.09896183013916
2008-06-27,12.976801872253418
2008-06-30,12.95374870300293
2008-07-01,13.145063400268555
2008-07-02,13.022897720336914
2008-07-03,13.04594612121582
2008-07-07,13.117399215698242
2008-07-08,13.624483108520508
2008-07-09,13.292572975158691
2008-07-10,13.186548233032227
2008-07-11,12.974491119384766
2008-07-14,12.979104995727539
2008-07-15,12.962972640991211
2008-07-16,13.128924369812012
2008-07-17,13.294880867004395
2008-07-18,13.350193977355957
2008-07-21,13.20959758758545
2008-07-22,13.612961769104004
2008-07-23,13.38938045501709
2008-07-24,13.131231307983398
2008-07-25,13.09896183013916
2008-07-28,12.91225528717041
2008-07-29,13.241866111755371
2008-07-30,13.49771499633789
2008-07-31,13.51154613494873
2008-08-01,13.311012268066406
2008-08-04,13.467752456665039
2008-08-05,13.907992362976074
2008-08-06,14.004798889160156
2008-08-07,13.128924369812012
2008-08-08,13.336370468139648
2008-08-11,13.49771499633789
2008-08-12,13.656756401062012
2008-08-13,13.394783973693848
2008-08-14,13.445696830749512
2008-08-15,13.739603996276855
2008-08-18,13.614635467529297
2008-08-19,13.46883487701416
2008-08-20,13.505871772766113
2008-08-21,13.5382661819458
2008-08-22,13.755799293518066
2008-08-25,13.549830436706543
2008-08-26,13.65398120880127
2008-08-27,13.721087455749512
2008-08-28,13.85762882232666
2008-08-29,13.670174598693848
2008-09-02,13.804400444030762
2008-09-03,13.83680248260498
2008-09-04,13.834480285644531
2008-09-05,14.056655883789062
2008-09-08,14.348245620727539
2008-09-09,14.14691162109375
2008-09-10,14.352875709533691
2008-09-11,14.619013786315918
2008-09-12,14.443136215209961
2008-09-15,14.262617111206055
2008-09-16,14.38063907623291
2008-09-17,13.802090644836426
2008-09-18,14.227907180786133
2008-09-19,13.815972328186035
2008-09-22,13.628527641296387
2008-09-23,13.515124320983887
2008-09-24,13.63546371459961
2008-09-25,13.913171768188477
2008-09-26,14.049710273742676
2008-09-29,13.526697158813477
2008-09-30,13.859946250915527
2008-10-01,13.806717872619629
2008-10-02,13.6192626953125
2008-10-03,13.822917938232422
2008-10-06,13.399413108825684
2008-10-07,12.691255569458008
2008-10-08,12.62414264678955
2008-10-09,11.89284610748291
2008-10-10,11.791017532348633
2008-10-13,12.612574577331543
2008-10-14,12.598686218261719
2008-10-15,11.582738876342773
2008-10-16,12.64034366607666
2008-10-17,12.443626403808594
2008-10-20,12.596372604370117
2008-10-21,12.420490264892578
2008-10-22,12.096498489379883
2008-10-23,12.209894180297852
2008-10-24,11.895157814025879
2008-10-27,11.49479866027832
2008-10-28,12.767623901367188
2008-10-29,12.732914924621582
2008-10-30,12.670428276062012
2008-10-31,12.91573715209961
2008-11-03,12.952770233154297
2008-11-04,12.98979377746582
2008-11-05,12.526946067810059
2008-11-06,12.378838539123535
2008-11-07,12.587119102478027
2008-11-10,12.769937515258789
2008-11-11,12.670428276062012
2008-11-12,12.177499771118164
2008-11-13,12.712084770202637
2008-11-14,12.198324203491211
2008-11-17,11.99004077911377
2008-11-18,12.200636863708496
2008-11-19,11.802589416503906
2008-11-20,11.723909378051758
2008-11-21,12.246925354003906
2008-11-24,12.212214469909668
2008-11-25,12.6542329788208
2008-11-26,13.119390487670898
2008-11-28,12.931934356689453
2008-12-01,12.267751693725586
2008-12-02,12.369577407836914
2008-12-03,12.584803581237793
2008-12-04,12.753742218017578
2008-12-05,13.471150398254395
2008-12-08,13.320725440979004
2008-12-09,12.91573715209961
2008-12-10,12.786141395568848
2008-12-11,12.734540939331055
2008-12-12,12.697347640991211
2008-12-15,12.715949058532715
2008-12-16,12.839130401611328
2008-12-17,12.827508926391602
2008-12-18,12.878640174865723
2008-12-19,12.955341339111328
2008-12-22,13.01345157623291
2008-12-23,12.850756645202637
2008-12-24,12.8856201171875
2008-12-26,12.86469841003418
2008-12-29,12.808918952941895
2008-12-30,12.794965744018555
2008-12-31,13.029719352722168
2009-01-02,13.290038108825684
2009-01-05,13.136635780334473
2009-01-06,13.02042293548584
2009-01-07,12.90886402130127
2009-01-08,11.941969871520996
2009-01-09,11.9884614944458
2009-01-12,11.94429874420166
2009-01-13,12.113971710205078
2009-01-14,11.983810424804688
2009-01-15,11.935004234313965
2009-01-16,11.983810424804688
2009-01-20,11.751386642456055
2009-01-21,11.421342849731445
2009-01-22,11.358585357666016
2009-01-23,11.2377290725708
2009-01-26,11.295832633972168
2009-01-27,11.339994430541992
2009-01-28,11.326047897338867
2009-01-29,11.12384033203125
2009-01-30,10.951848983764648
2009-02-02,10.82401180267334
2009-02-03,11.112218856811523
2009-02-04,10.789146423339844
2009-02-05,11.28653621673584
2009-02-06,11.53523063659668
2009-02-09,11.453882217407227
2009-02-10,11.091299057006836
2009-02-11,11.20983600616455
2009-02-12,11.186593055725098
2009-02-13,10.814711570739746
2009-02-17,11.212160110473633
2009-02-18,11.621232032775879
2009-02-19,11.72581672668457
2009-02-20,11.625879287719727
2009-02-23,11.36091423034668
2009-02-24,11.623551368713379
2009-02-25,11.437612533569336
2009-02-26,11.214482307434082
2009-02-27,11.444584846496582
2009-03-02,11.16567611694336
2009-03-03,11.0122709274292
2009-03-04,11.270264625549316
2009-03-05,11.563124656677246
2009-03-06,11.367886543273926
2009-03-09,11.04249095916748
2009-03-10,11.31209945678711
2009-03-11,11.093094825744629
2009-03-12,11.439017295837402
2009-03-13,11.497453689575195
2009-03-16,11.406299591064453
2009-03-17,11.686783790588379
2009-03-18,11.789628982543945
2009-03-19,11.675095558166504
2009-03-20,11.59095287322998
2009-03-23,12.032713890075684
2009-03-24,11.939217567443848
2009-03-25,12.07945728302002
2009-03-26,12.331891059875488
2009-03-27,12.287480354309082
2009-03-30,12.098152160644531
2009-03-31,12.177628517150879
2009-04-01,12.345913887023926
2009-04-02,12.537582397460938
2009-04-03,12.57497787475586
2009-04-06,12.488492012023926
2009-04-07,12.245407104492188
2009-04-08,12.296833992004395
2009-04-09,11.841052055358887
2009-04-13,12.04439926147461
2009-04-14,11.948567390441895
2009-04-15,11.988299369812012
2009-04-16,11.869094848632812
2009-04-17,11.733531951904297
2009-04-20,11.516153335571289
2009-04-21,11.647048950195312
2009-04-22,11.443697929382324
2009-04-23,11.420324325561523
2009-04-24,11.188923835754395
2009-04-27,11.338510513305664
2009-04-28,11.329164505004883
2009-04-29,11.791961669921875
2009-04-30,11.780275344848633
2009-05-01,11.698466300964355
2009-05-04,11.883123397827148
2009-05-05,11.79429817199707
2009-05-06,11.572251319885254
2009-05-07,11.6610689163208
2009-05-08,11.719505310058594
2009-05-11,11.83403491973877
2009-05-12,11.897144317626953
2009-05-13,11.756850242614746
2009-05-14,11.538302421569824
2009-05-15,11.315057754516602
2009-05-18,11.730999946594238
2009-05-19,11.599401473999023
2009-05-20,11.500703811645508
2009-05-21,11.540657997131348
2009-05-22,11.573559761047363
2009-05-26,11.74980354309082
2009-05-27,11.590003967285156
2009-05-28,11.644054412841797
2009-05-29,11.688702583312988
2009-06-01,11.888450622558594
2009-06-02,11.73335075378418
2009-06-03,11.956595420837402
2009-06-04,11.954246520996094
2009-06-05,12.001246452331543
2009-06-08,11.94014835357666
2009-06-09,11.893149375915527
2009-06-10,11.76390266418457
2009-06-11,11.590003967285156
2009-06-12,11.712203979492188
2009-06-15,11.387908935546875
2009-06-16,11.338557243347168
2009-06-17,11.411405563354492
2009-06-18,11.439608573913574
2009-06-19,11.319762229919434
2009-06-22,11.418458938598633
2009-06-23,11.362060546875
2009-06-24,11.399653434753418
2009-06-25,11.55005168914795
2009-06-26,11.427855491638184
2009-06-29,11.458407402038574
2009-06-30,11.383206367492676
2009-07-01,11.36676025390625
2009-07-02,11.230462074279785
2009-07-06,11.21635913848877
2009-07-07,11.242210388183594
2009-07-08,11.36676025390625
2009-07-09,11.298608779907227
2009-07-10,11.178764343261719
2009-07-13,11.239860534667969
2009-07-14,11.310357093811035
2009-07-15,11.409055709838867
2009-07-16,11.399653434753418
2009-07-17,11.394953727722168
2009-07-20,11.472504615783691
2009-07-21,11.48190689086914
2009-07-22,11.554752349853516
2009-07-23,11.458407402038574
2009-07-24,11.500703811645508
2009-07-27,11.507757186889648
2009-07-28,11.496006965637207
2009-07-29,11.601754188537598
2009-07-30,11.745101928710938
2009-07-31,11.721601486206055
2009-08-03,11.712203979492188
2009-08-04,11.714553833007812
2009-08-05,11.561802864074707
2009-08-06,11.510102272033691
2009-08-07,11.582954406738281
2009-08-10,11.684001922607422
2009-08-11,11.759200096130371
2009-08-12,11.934762001037598
2009-08-13,12.258472442626953
2009-08-14,12.237205505371094
2009-08-17,12.185220718383789
2009-08-18,12.135602951049805
2009-08-19,12.20885181427002
2009-08-20,12.218306541442871
2009-08-21,12.135602951049805
2009-08-24,12.18049430847168
2009-08-25,12.20885181427002
2009-08-26,12.239568710327148
2009-08-27,12.107250213623047
2009-08-28,12.081258773803711
2009-08-31,12.019824028015137
2009-09-01,12.043451309204102
2009-09-02,12.031641006469727
2009-09-03,12.225396156311035
2009-09-04,12.211213111877441
2009-09-08,12.145054817199707
2009-09-09,12.076533317565918
2009-09-10,12.05763053894043
2009-09-11,11.984379768371582
2009-09-14,11.904043197631836
2009-09-15,11.797714233398438
2009-09-16,11.823707580566406
2009-09-17,11.804801940917969
2009-09-18,11.84024715423584
2009-09-21,12.029272079467773
2009-09-22,12.048176765441895
2009-09-23,11.908768653869629
2009-09-24,11.979653358459473
2009-09-25,11.689023971557617
2009-09-28,11.696113586425781
2009-09-29,11.63231372833252
2009-09-30,11.59923267364502
2009-10-01,11.577966690063477
2009-10-02,11.596877098083496
2009-10-05,11.592147827148438
2009-10-06,11.691387176513672
2009-10-07,11.693750381469727
2009-10-08,11.75282096862793
2009-10-09,11.807165145874023
2009-10-12,11.722107887268066
2009-10-13,11.894596099853516
2009-10-14,11.859148025512695
2009-10-15,12.038724899291992
2009-10-16,12.102520942687988
2009-10-19,12.260831832885742
2009-10-20,12.2159423828125
2009-10-21,11.963117599487305
2009-10-22,11.927674293518066
2009-10-23,11.918218612670898
2009-10-26,11.776448249816895
2009-10-27,11.783541679382324
2009-10-28,11.79062557220459
2009-10-29,11.908768653869629
2009-10-30,11.738642692565918
2009-11-02,11.880417823791504
2009-11-03,11.79062557220459
2009-11-04,11.904043197631836
2009-11-05,12.11669635772705
2009-11-06,12.109611511230469
2009-11-09,12.286823272705078
2009-11-10,12.360074043273926
2009-11-11,12.516022682189941
2009-11-12,12.579817771911621
2009-11-13,12.570369720458984
2009-11-16,12.560912132263184
2009-11-17,12.679059982299805
2009-11-18,12.794836044311523
2009-11-19,12.88698959350586
2009-11-20,12.825556755065918
2009-11-23,12.920073509216309
2009-11-24,12.960237503051758
2009-11-25,12.98622989654541
2009-11-27,12.908247947692871
2009-11-30,12.889352798461914
2009-12-01,12.936605453491211
2009-12-02,12.894086837768555
2009-12-03,12.863364219665527
2009-12-04,12.816108703613281
2009-12-07,12.979141235351562
2009-12-08,12.856276512145996
2009-12-09,12.840357780456543
2009-12-10,12.987597465515137
2009-12-11,12.978100776672363
2009-12-14,12.840357780456543
2009-12-15,12.818991661071777
2009-12-16,12.662254333496094
2009-12-17,12.529267311096191
2009-12-18,12.550639152526855
2009-12-21,12.681249618530273
2009-12-22,12.66700553894043
2009-12-23,12.662254333496094
2009-12-24,12.728751182556152
2009-12-28,12.818991661071777
2009-12-29,12.849858283996582
2009-12-30,12.894984245300293
2009-12-31,12.69312858581543
2010-01-04,12.87835693359375
2010-01-05,12.750118255615234
2010-01-06,12.721620559692383
2010-01-07,12.728751182556152
2010-01-08,12.664628028869629
2010-01-11,12.873608589172363
2010-01-12,12.997092247009277
2010-01-13,13.06358528137207
2010-01-14,12.873608589172363
2010-01-15,12.747748374938965
2010-01-19,12.830864906311035
2010-01-20,12.790488243103027
2010-01-21,12.567264556884766
2010-01-22,12.572013854980469
2010-01-25,12.55776596069336
2010-01-26,12.731122970581055
2010-01-27,12.681249618530273
2010-01-28,12.493648529052734
2010-01-29,12.688375473022461
2010-02-01,12.7002534866333
2010-02-02,12.70262622833252
2010-02-03,12.887856483459473
2010-02-04,12.579134941101074
2010-02-05,12.69312858581543
2010-02-08,12.5696382522583
2010-02-09,12.645624160766602
2010-02-10,12.643255233764648
2010-02-11,12.605260848999023
2010-02-12,12.56251335144043
2010-02-16,12.719247817993164
2010-02-17,12.83798885345459
2010-02-18,12.69787883758545
2010-02-19,12.70262622833252
2010-02-22,12.783369064331055
2010-02-23,12.73349380493164
2010-02-24,12.80473804473877
2010-02-25,12.859354019165039
2010-02-26,12.840357780456543
2010-03-01,12.7999906539917
2010-03-02,12.726370811462402
2010-03-03,12.742999076843262
2010-03-04,12.81424331665039
2010-03-05,12.856986045837402
2010-03-08,12.859354019165039
2010-03-09,12.83798885345459
2010-03-10,12.807658195495605
2010-03-11,12.88885498046875
2010-03-12,12.872139930725098
2010-03-15,13.235137939453125
2010-03-16,13.371267318725586
2010-03-17,13.354543685913086
2010-03-18,13.359326362609863
2010-03-19,13.216029167175293
2010-03-22,13.2829008102417
2010-03-23,13.347381591796875
2010-03-24,13.273350715637207
2010-03-25,13.280511856079102
2010-03-26,13.256630897521973
2010-03-29,13.311554908752441
2010-03-30,13.352154731750488
2010-03-31,13.278120040893555
2010-04-01,13.251850128173828
2010-04-05,13.251850128173828
2010-04-06,13.261404991149902
2010-04-07,13.201704978942871
2010-04-08,13.225577354431152
2010-04-09,13.151551246643066
2010-04-12,13.13961124420166
2010-04-13,13.067961692810059
2010-04-14,13.048861503601074
2010-04-15,12.927063941955566
2010-04-16,12.922289848327637
2010-04-19,12.989151954650879
2010-04-20,13.020203590393066
2010-04-21,13.008264541625977
2010-04-22,13.013041496276855
2010-04-23,13.022586822509766
2010-04-26,12.905570983886719
2010-04-27,12.905570983886719
2010-04-28,12.802884101867676
2010-04-29,12.824374198913574
2010-04-30,12.81004810333252
2010-05-03,12.833924293518066
2010-05-04,12.900792121887207
2010-05-05,13.079900741577148
2010-05-06,12.712133407592773
2010-05-07,12.513917922973633
2010-05-10,12.556902885437012
2010-05-11,12.528243064880371
2010-05-12,12.605830192565918
2010-05-13,12.586613655090332
2010-05-14,12.51935863494873
2010-05-17,12.665879249572754
2010-05-18,12.901283264160156
2010-05-19,12.740338325500488
2010-05-20,12.322393417358398
2010-05-21,12.33920669555664
2010-05-24,12.250330924987793
2010-05-25,12.07738208770752
2010-05-26,12.014933586120605
2010-05-27,12.178264617919922
2010-05-28,12.144640922546387
2010-06-01,12.231112480163574
2010-06-02,12.423277854919434
2010-06-03,12.423277854919434
2010-06-04,12.106203079223633
2010-06-07,12.18787670135498
2010-06-08,12.197484016418457
2010-06-09,12.247926712036133
2010-06-10,12.303174018859863
2010-06-11,12.216700553894043
2010-06-14,12.307976722717285
2010-06-15,12.404054641723633
2010-06-16,12.245522499084473
2010-06-17,12.348814010620117
2010-06-18,12.382436752319336
2010-06-21,12.255131721496582
2010-06-22,12.173463821411133
2010-06-23,12.204689979553223
2010-06-24,12.017329216003418
2010-06-25,11.721884727478027
2010-06-28,11.906838417053223
2010-06-29,11.745901107788086
2010-06-30,11.54653549194336
2010-07-01,11.611388206481934
2010-07-02,11.529719352722168
2010-07-06,11.666633605957031
2010-07-07,11.750710487365723
2010-07-08,11.813158988952637
2010-07-09,11.873209953308105
2010-07-12,12.038949012756348
2010-07-13,12.139830589294434
2010-07-14,12.094199180603027
2010-07-15,12.108607292175293
2010-07-16,11.93086051940918
2010-07-19,11.894827842712402
2010-07-20,12.221505165100098
2010-07-21,12.094199180603027
2010-07-22,12.216700553894043
2010-07-23,12.411267280578613
2010-07-26,12.281556129455566
2010-07-27,12.24072551727295
2010-07-28,12.281556129455566
2010-07-29,12.264744758605957
2010-07-30,12.29596996307373
2010-08-02,12.348814010620117
2010-08-03,12.319991111755371
2010-08-04,12.394452095031738
2010-08-05,12.399251937866211
2010-08-06,12.44008731842041
2010-08-09,12.504941940307617
2010-08-10,12.543374061584473
2010-08-11,12.326655387878418
2010-08-12,12.18410873413086
2010-08-13,12.176858901977539
2010-08-16,12.179279327392578
2010-08-17,12.326655387878418
2010-08-18,12.288002967834473
2010-08-19,12.094717979431152
2010-08-20,12.13337230682373
2010-08-23,12.355649948120117
2010-08-24,12.394306182861328
2010-08-25,12.454705238342285
2010-08-26,12.314576148986816
2010-08-27,12.321824073791504
2010-08-30,12.213105201721191
2010-08-31,12.114046096801758
2010-09-01,12.370145797729492
2010-09-02,12.505439758300781
2010-09-03,12.573092460632324
2010-09-07,12.529603958129883
2010-09-08,12.522354125976562
2010-09-09,12.541687965393066
2010-09-10,12.556180953979492
2010-09-13,12.614167213439941
2010-09-14,12.722887992858887
2010-09-15,12.771206855773926
2010-09-16,12.841275215148926
2010-09-17,12.807449340820312
2010-09-20,12.935501098632812
2010-09-21,12.942749977111816
2010-09-22,13.00314998626709
2010-09-23,12.962080955505371
2010-09-24,13.065967559814453
2010-09-27,12.921006202697754
2010-09-28,13.00314998626709
2010-09-29,12.889595031738281
2010-09-30,12.930665016174316
2010-10-01,12.892010688781738
2010-10-04,12.942749977111816
2010-10-05,13.046639442443848
2010-10-06,13.181936264038086
2010-10-07,13.133620262145996
2010-10-08,13.145699501037598
2010-10-11,13.19401741027832
2010-10-12,13.027310371398926
2010-10-13,13.00314998626709
2010-10-14,12.865434646606445
2010-10-15,12.889595031738281
2010-10-18,12.98865032196045
2010-10-19,12.882345199584961
2010-10-20,12.918580055236816
2010-10-21,13.053887367248535
2010-10-22,13.061129570007324
2010-10-25,13.03455924987793
2010-10-26,13.181936264038086
2010-10-27,13.01523208618164
2010-10-28,13.065967559814453
2010-10-29,13.0877103805542
2010-11-01,13.121536254882812
2010-11-02,13.237504959106445
2010-11-03,13.266495704650879
2010-11-04,13.37522029876709
2010-11-05,13.336559295654297
2010-11-08,13.266495704650879
2010-11-09,13.300324440002441
2010-11-10,13.169858932495117
2010-11-11,13.128786087036133
2010-11-12,13.07804012298584
2010-11-15,13.03455924987793
2010-11-16,13.109454154968262
2010-11-17,12.991067886352539
2010-11-18,13.0418062210083
2010-11-19,13.14086627960205
2010-11-22,13.13845157623291
2010-11-23,12.966912269592285
2010-11-24,13.049050331115723
2010-11-26,12.9838228225708
2010-11-29,13.010397911071777
2010-11-30,13.068381309509277
2010-12-01,13.215764045715332
2010-12-02,13.227836608886719
2010-12-03,13.196434020996094
2010-12-06,13.165026664733887
2010-12-07,13.309988021850586
2010-12-08,13.237835884094238
2010-12-09,13.201394081115723
2010-12-10,13.18681812286377
2010-12-13,13.169807434082031
2010-12-14,13.22811508178711
2010-12-15,13.174666404724121
2010-12-16,13.271841049194336
2010-12-17,13.218402862548828
2010-12-20,13.062912940979004
2010-12-21,13.03376579284668
2010-12-22,12.951165199279785
2010-12-23,13.021614074707031
2010-12-27,13.01432991027832
2010-12-28,13.05562973022461
2010-12-29,13.138226509094238
2010-12-30,13.135794639587402
2010-12-31,13.101785659790039
2011-01-03,13.254837036132812
2011-01-04,13.305859565734863
2011-01-05,13.218402862548828
2011-01-06,13.109078407287598
2011-01-07,13.138226509094238
2011-01-10,13.053196907043457
2011-01-11,13.189249038696289
2011-01-12,13.325287818908691
2011-01-13,13.310715675354004
2011-01-14,13.315577507019043
2011-01-18,13.395743370056152
2011-01-19,13.369022369384766
2011-01-20,13.602249145507812
2011-01-21,13.539079666137695
2011-01-24,13.61681842803955
2011-01-25,13.91077709197998
2011-01-26,13.925353050231934
2011-01-27,13.986092567443848
2011-01-28,13.774728775024414
2011-01-31,13.621685028076172
2011-02-01,13.684843063354492
2011-02-02,13.570666313171387
2011-02-03,13.585234642028809
2011-02-04,13.61196517944336
2011-02-07,13.621685028076172
2011-02-08,13.69698715209961
2011-02-09,13.782028198242188
2011-02-10,13.505066871643066
2011-02-11,13.5293607711792
2011-02-14,13.313143730163574
2011-02-15,13.349586486816406
2011-02-16,13.252406120300293
2011-02-17,13.300992965698242
2011-02-18,13.454044342041016
2011-02-22,13.038625717163086
2011-02-23,12.883142471313477
2011-02-24,12.654777526855469
2011-02-25,12.572175025939941
2011-02-28,12.628053665161133
2011-03-01,12.649917602539062
2011-03-02,12.62562370300293
2011-03-03,12.635337829589844
2011-03-04,12.649917602539062
2011-03-07,12.637765884399414
2011-03-08,12.7398042678833
2011-03-09,12.885364532470703
2011-03-10,12.880475997924805
2011-03-11,12.865796089172363
2011-03-14,12.7997465133667
2011-03-15,12.73613166809082
2011-03-16,12.569777488708496
2011-03-17,12.567334175109863
2011-03-18,12.60402774810791
2011-03-21,12.701885223388672
2011-03-22,12.721453666687012
2011-03-23,12.633386611938477
2011-03-24,12.865796089172363
2011-03-25,12.807083129882812
2011-03-28,12.767937660217285
2011-03-29,12.785061836242676
2011-03-30,12.809530258178711
2011-03-31,12.733689308166504
2011-04-01,12.753259658813477
2011-04-04,12.880475997924805
2011-04-05,12.902488708496094
2011-04-06,12.961211204528809
2011-04-07,12.96609878540039
2011-04-08,12.853562355041504
2011-04-11,12.922065734863281
2011-04-12,13.093314170837402
2011-04-13,13.120223045349121
2011-04-14,13.088423728942871
2011-04-15,13.100652694702148
2011-04-18,13.041938781738281
2011-04-19,13.051718711853027
2011-04-20,13.134905815124512
2011-04-21,13.107990264892578
2011-04-25,13.056619644165039
2011-04-26,13.188726425170898
2011-04-27,13.313490867614746
2011-04-28,13.37954330444336
2011-04-29,13.450490951538086
2011-05-02,13.465174674987793
2011-05-03,13.567922592163086
2011-05-04,13.545906066894531
2011-05-05,13.472511291503906
2011-05-06,13.460282325744629
2011-05-09,13.479853630065918
2011-05-10,13.585046768188477
2011-05-11,13.586278915405273
2011-05-12,13.721721649169922
2011-05-13,13.721721649169922
2011-05-16,13.805456161499023
2011-05-17,13.677392959594727
2011-05-18,13.588738441467285
2011-05-19,13.662620544433594
2011-05-20,13.615829467773438
2011-05-23,13.598601341247559
2011-05-24,13.490234375
2011-05-25,13.43605899810791
2011-05-26,13.450837135314941
2011-05-27,13.470536231994629
2011-05-31,13.598601341247559
2011-06-01,13.372030258178711
2011-06-02,13.187335014343262
2011-06-03,13.214422225952148
2011-06-06,13.239049911499023
2011-06-07,13.256285667419434
2011-06-08,13.221814155578613
2011-06-09,13.204572677612305
2011-06-10,12.982933044433594
2011-06-13,12.958311080932617
2011-06-14,13.029728889465332
2011-06-15,12.88443660736084
2011-06-16,13.010025978088379
2011-06-17,13.00756549835205
2011-06-20,13.06174087524414
2011-06-21,13.123307228088379
2011-06-22,13.054349899291992
2011-06-23,13.123307228088379
2011-06-24,12.906595230102539
2011-06-27,12.877046585083008
2011-06-28,12.936145782470703
2011-06-29,12.963232040405273
2011-06-30,13.086365699768066
2011-07-01,13.177480697631836
2011-07-05,13.147931098937988
2011-07-06,13.229203224182129
2011-07-07,13.418828964233398
2011-07-08,13.317852973937988
2011-07-11,13.266141891479492
2011-07-12,13.283374786376953
2011-07-13,13.303077697753906
2011-07-14,13.207032203674316
2011-07-15,13.207032203674316
2011-07-18,13.130692481994629
2011-07-19,13.290766716003418
2011-07-20,13.271062850952148
2011-07-21,13.413896560668945
2011-07-22,13.426207542419434
2011-07-25,13.290766716003418
2011-07-26,13.197189331054688
2011-07-27,13.113455772399902
2011-07-28,13.04942798614502
2011-07-29,12.980475425720215
2011-08-01,12.958311080932617
2011-08-02,12.726827621459961
2011-08-03,12.62831974029541
2011-08-04,12.337730407714844
2011-08-05,12.522429466247559
2011-08-08,12.047142028808594
2011-08-09,12.515036582946777
2011-08-10,12.007789611816406
2011-08-11,12.33520793914795
2011-08-12,12.340167999267578
2011-08-15,12.397216796875
2011-08-16,12.878423690795898
2011-08-17,12.78664493560791
2011-08-18,12.846179008483887
2011-08-19,12.972676277160645
2011-08-22,12.945395469665527
2011-08-23,13.19840145111084
2011-08-24,13.238086700439453
2011-08-25,13.071901321411133
2011-08-26,13.121504783630371
2011-08-29,13.193439483642578
2011-08-30,13.101664543151855
2011-08-31,13.193439483642578
2011-09-01,13.05949592590332
2011-09-02,12.905708312988281
2011-09-06,12.818894386291504
2011-09-07,13.002446174621582
2011-09-08,12.950358390808105
2011-09-09,12.739517211914062
2011-09-12,12.853620529174805
2011-09-13,12.796567916870117
2011-09-14,12.947872161865234
2011-09-15,13.02476692199707
2011-09-16,13.05949592590332
2011-09-19,13.009888648986816
2011-09-20,12.97020435333252
2011-09-21,12.729599952697754
2011-09-22,12.471636772155762
2011-09-23,12.600614547729492
2011-09-26,12.856101036071777
2011-09-27,12.905708312988281
2011-09-28,12.727113723754883
2011-09-29,12.880903244018555
2011-09-30,12.873462677001953
2011-10-03,12.88834285736084
2011-10-04,13.116545677185059
2011-10-05,13.05949592590332
2011-10-06,13.084297180175781
2011-10-07,13.31994342803955
2011-10-10,13.595266342163086
2011-10-11,13.572943687438965
2011-10-12,13.69200325012207
2011-10-13,13.647361755371094
2011-10-14,13.756498336791992
2011-10-17,13.587825775146484
2011-10-18,13.863154411315918
2011-10-19,13.952451705932617
2011-10-20,13.982216835021973
2011-10-21,14.11863899230957
2011-10-24,14.083913803100586
2011-10-25,14.066551208496094
2011-10-26,14.230257034301758
2011-10-27,14.339404106140137
2011-10-28,14.17569637298584
2011-10-31,14.069029808044434
2011-11-01,13.94749641418457
2011-11-02,14.10375690460205
2011-11-03,14.242666244506836
2011-11-04,14.262504577636719
2011-11-07,14.371651649475098
2011-11-08,14.713949203491211
2011-11-09,14.39892864227295
2011-11-10,14.418766021728516
2011-11-11,14.68418025970459
2011-11-14,14.60728645324707
2011-11-15,14.252584457397461
2011-11-16,14.059115409851074
2011-11-17,14.071517944335938
2011-11-18,14.195536613464355
2011-11-21,14.05414867401123
2011-11-22,14.101277351379395
2011-11-23,14.049185752868652
2011-11-25,14.111202239990234
2011-11-28,14.200493812561035
2011-11-29,14.428689956665039
2011-11-30,14.609763145446777
2011-12-01,14.53783893585205
2011-12-02,14.40885066986084
2011-12-05,14.470863342285156
2011-12-06,14.580005645751953
2011-12-07,14.603713035583496
2011-12-08,14.471437454223633
2011-12-09,14.556290626525879
2011-12-12,14.498886108398438
2011-12-13,14.37658405303955
2011-12-14,14.389067649841309
2011-12-15,14.463948249816895
2011-12-16,14.54380989074707
2011-12-19,14.421514511108398
2011-12-20,14.773439407348633
2011-12-21,14.823358535766602
2011-12-22,14.773439407348633
2011-12-23,14.973111152648926
2011-12-27,14.93317985534668
2011-12-28,14.90821647644043
2011-12-29,14.973111152648926
2011-12-30,14.915705680847168
2012-01-03,15.057977676391602
2012-01-04,14.903227806091309
2012-01-05,14.830842971801758
2012-01-06,14.726014137268066
2012-01-09,14.770941734313965
2012-01-10,14.73599910736084
2012-01-11,14.825849533081055
2012-01-12,14.850811958312988
2012-01-13,14.86079216003418
2012-01-17,14.938170433044434
2012-01-18,14.978100776672363
2012-01-19,15.127851486206055
2012-01-20,15.227692604064941
2012-01-23,15.202743530273438
2012-01-24,15.32254695892334
2012-01-25,15.342514038085938
2012-01-26,15.217719078063965
2012-01-27,15.152822494506836
2012-01-30,15.30007553100586
2012-01-31,15.315058708190918
2012-02-01,15.51972484588623
2012-02-02,15.459823608398438
2012-02-03,15.48228645324707
2012-02-06,15.44484806060791
2012-02-07,15.39742374420166
2012-02-08,15.37995433807373
2012-02-09,15.46480941772461
2012-02-10,15.449832916259766
2012-02-13,15.422374725341797
2012-02-14,15.529714584350586
2012-02-15,15.414895057678223
2012-02-16,15.484777450561523
2012-02-17,15.59460163116455
2012-02-21,14.993078231811523
2012-02-22,14.626179695129395
2012-02-23,14.61120319366455
2012-02-24,14.673601150512695
2012-02-27,14.59123420715332
2012-02-28,14.708542823791504
2012-02-29,14.745983123779297
2012-03-01,14.681090354919434
2012-03-02,14.728510856628418
2012-03-05,14.825849533081055
2012-03-06,14.718530654907227
2012-03-07,14.94066333770752
2012-03-08,15.018052101135254
2012-03-09,15.095945358276367
2012-03-12,15.2467041015625
2012-03-13,15.327112197875977
2012-03-14,15.347210884094238
2012-03-15,15.384897232055664
2012-03-16,15.286908149719238
2012-03-19,15.261777877807617
2012-03-20,15.226603507995605
2012-03-21,15.216554641723633
2012-03-22,15.239171028137207
2012-03-23,15.264290809631348
2012-03-26,15.377364158630371
2012-03-27,15.349725723266602
2012-03-28,15.374855041503906
2012-03-29,15.281883239746094
2012-03-30,15.377364158630371
2012-04-02,15.417569160461426
2012-04-03,15.239171028137207
2012-04-04,15.1411714553833
2012-04-05,15.24418830871582
2012-04-09,15.108506202697754
2012-04-10,15.058259010314941
2012-04-11,15.025590896606445
2012-04-12,15.11102294921875
2012-04-13,15.018052101135254
2012-04-16,15.221576690673828
2012-04-17,15.545708656311035
2012-04-18,15.593456268310547
2012-04-19,15.515551567077637
2012-04-20,15.691439628601074
2012-04-23,14.960260391235352
2012-04-24,14.51552677154541
2012-04-25,14.412508010864258
2012-04-26,14.812015533447266
2012-04-27,14.83211898803711
2012-04-30,14.801963806152344
2012-05-01,14.842168807983398
2012-05-02,14.827092170715332
2012-05-03,14.822071075439453
2012-05-04,14.7492094039917
2012-05-07,14.87232494354248
2012-05-08,14.837148666381836
2012-05-09,14.932766914367676
2012-05-10,14.973245620727539
2012-05-11,15.031424522399902
2012-05-14,14.942885398864746
2012-05-15,15.013721466064453
2012-05-16,14.973245620727539
2012-05-17,15.60313892364502
2012-05-18,15.792867660522461
2012-05-21,15.947174072265625
2012-05-22,16.12172508239746
2012-05-23,16.336740493774414
2012-05-24,16.460704803466797
2012-05-25,16.521411895751953
2012-05-29,16.615009307861328
2012-05-30,16.55430030822754
2012-05-31,16.650428771972656
2012-06-01,16.58212661743164
2012-06-04,16.693435668945312
2012-06-05,16.569473266601562
2012-06-06,16.67825698852539
2012-06-07,16.663076400756836
2012-06-08,17.257553100585938
2012-06-11,17.082996368408203
2012-06-12,17.131071090698242
2012-06-13,16.966632843017578
2012-06-14,17.108304977416992
2012-06-15,17.138660430908203
2012-06-18,17.232254028320312
2012-06-19,17.15383529663086
2012-06-20,17.333444595336914
2012-06-21,17.126008987426758
2012-06-22,17.024826049804688
2012-06-25,17.2474365234375
2012-06-26,17.34861946105957
2012-06-27,17.351154327392578
2012-06-28,17.277790069580078
2012-06-29,17.637001037597656
2012-07-02,17.54340934753418
2012-07-03,17.897565841674805
2012-07-05,17.981048583984375
2012-07-06,18.051877975463867
2012-07-09,18.153064727783203
2012-07-10,18.241607666015625
2012-07-11,18.279542922973633
2012-07-12,18.292198181152344
2012-07-13,18.51228141784668
2012-07-16,18.461685180664062
2012-07-17,18.492048263549805
2012-07-18,18.42879867553711
2012-07-19,18.094881057739258
2012-07-20,18.277021408081055
2012-07-23,18.17582893371582
2012-07-24,18.249195098876953
2012-07-25,18.23401641845703
2012-07-26,18.636232376098633
2012-07-27,18.851261138916016
2012-07-30,18.967622756958008
2012-07-31,18.82848358154297
2012-08-01,18.62358856201172
2012-08-02,18.732357025146484
2012-08-03,18.858842849731445
2012-08-06,18.790544509887695
2012-08-07,18.71718406677246
2012-08-08,18.89980125427246
2012-08-09,18.782794952392578
2012-08-10,18.739574432373047
2012-08-13,18.668352127075195
2012-08-14,18.823497772216797
2012-08-15,18.935415267944336
2012-08-16,18.350435256958008
2012-08-17,18.309738159179688
2012-08-20,18.388582229614258
2012-08-21,18.167306900024414
2012-08-22,18.2537784576416
2012-08-23,18.200376510620117
2012-08-24,18.34026527404785
2012-08-27,18.43944549560547
2012-08-28,18.41655731201172
2012-08-29,18.508121490478516
2012-08-30,18.375871658325195
2012-08-31,18.464887619018555
2012-09-04,18.696334838867188
2012-09-05,18.706501007080078
2012-09-06,19.02696990966797
2012-09-07,18.77517318725586
2012-09-10,18.696334838867188
2012-09-11,18.83621597290039
2012-09-12,18.83875846862793
2012-09-13,19.110904693603516
2012-09-14,18.948122024536133
2012-09-17,18.81840705871582
2012-09-18,18.808242797851562
2012-09-19,18.915061950683594
2012-09-20,19.0117130279541
2012-09-21,18.935415267944336
2012-09-24,19.009164810180664
2012-09-25,18.887088775634766
2012-09-26,18.869279861450195
2012-09-27,18.81587028503418
2012-09-28,18.770084381103516
2012-10-01,18.83367347717285
2012-10-02,18.757373809814453
2012-10-03,18.871828079223633
2012-10-04,19.004079818725586
2012-10-05,19.10835838317871
2012-10-08,19.13887596130371
2012-10-09,18.856563568115234
2012-10-10,19.18212127685547
2012-10-11,19.077838897705078
2012-10-12,19.28130340576172
2012-10-15,19.62211799621582
2012-10-16,19.561084747314453
2012-10-17,19.591604232788086
2012-10-18,19.472055435180664
2012-10-19,19.232982635498047
2012-10-22,19.240610122680664
2012-10-23,19.014251708984375
2012-10-24,19.02950668334961
2012-10-25,19.15667724609375
2012-10-26,19.103267669677734
2012-10-31,19.08038902282715
2012-11-01,18.681066513061523
2012-11-02,18.508121490478516
2012-11-05,18.602218627929688
2012-11-06,18.759912490844727
2012-11-07,18.59459114074707
2012-11-08,18.434362411499023
2012-11-09,18.391124725341797
2012-11-12,18.434362411499023
2012-11-13,18.263957977294922
2012-11-14,18.13678741455078
2012-11-15,17.478055953979492
2012-11-16,17.302566528320312
2012-11-19,17.554357528686523
2012-11-20,17.54926300048828
2012-11-21,17.521284103393555
2012-11-23,17.85447883605957
2012-11-26,17.78072166442871
2012-11-27,17.67643165588379
2012-11-28,17.946035385131836
2012-11-29,18.01470375061035
2012-11-30,18.317365646362305
2012-12-03,18.144420623779297
2012-12-04,18.342805862426758
2012-12-05,18.324384689331055
2012-12-06,18.309043884277344
2012-12-07,18.48806381225586
2012-12-10,18.45226287841797
2012-12-11,18.13001823425293
2012-12-12,17.631311416625977
2012-12-13,17.656877517700195
2012-12-14,17.58271598815918
2012-12-17,17.697799682617188
2012-12-18,17.7745361328125
2012-12-19,17.523893356323242
2012-12-20,17.64665412902832
2012-12-21,17.557138442993164
2012-12-24,17.536678314208984
2012-12-26,17.388341903686523
2012-12-27,17.439496994018555
2012-12-28,17.291160583496094
2012-12-31,17.449729919433594
2013-01-02,17.70803451538086
2013-01-03,17.59550666809082
2013-01-04,17.662002563476562
2013-01-07,17.493207931518555
2013-01-08,17.541799545288086
2013-01-09,17.536678314208984
2013-01-10,17.482980728149414
2013-01-11,17.552030563354492
2013-01-14,17.467626571655273
2013-01-15,17.641536712646484
2013-01-16,17.70035743713379
2013-01-17,17.608287811279297
2013-01-18,17.697799682617188
2013-01-22,17.794986724853516
2013-01-23,17.77197265625
2013-01-24,17.848691940307617
2013-01-25,17.64665412902832
2013-01-28,17.736169815063477
2013-01-29,17.8742733001709
2013-01-30,17.838459014892578
2013-01-31,17.88962173461914
2013-02-01,18.027721405029297
2013-02-04,17.807785034179688
2013-02-05,18.099328994750977
2013-02-06,18.237438201904297
2013-02-07,18.216976165771484
2013-02-08,18.28091049194336
2013-02-11,18.26044464111328
2013-02-12,18.26044464111328
2013-02-13,18.257896423339844
2013-02-14,18.112117767333984
2013-02-15,17.723384857177734
2013-02-19,17.585277557373047
2013-02-20,17.70035743713379
2013-02-21,17.96889877319336
2013-02-22,18.004701614379883
2013-02-25,18.01493263244629
2013-02-26,18.186288833618164
2013-02-27,18.326942443847656
2013-02-28,18.101884841918945
2013-03-01,18.347396850585938
2013-03-04,18.73614501953125
2013-03-05,18.853788375854492
2013-03-06,18.766836166381836
2013-03-07,18.75148582458496
2013-03-08,18.79781723022461
2013-03-11,18.784950256347656
2013-03-12,18.944536209106445
2013-03-13,18.957395553588867
2013-03-14,18.846725463867188
2013-03-15,18.661396026611328
2013-03-18,18.597049713134766
2013-03-19,18.648523330688477
2013-03-20,18.787519454956055
2013-03-21,18.823562622070312
2013-03-22,19.119565963745117
2013-03-25,19.266286849975586
2013-03-26,19.245691299438477
2013-03-27,19.248273849487305
2013-03-28,19.261131286621094
2013-04-01,19.41558074951172
2013-04-02,19.56743812561035
2013-04-03,19.562288284301758
2013-04-04,19.6137752532959
2013-04-05,19.66267204284668
2013-04-08,19.89434242248535
2013-04-09,20.10797691345215
2013-04-10,19.91493034362793
2013-04-11,20.023038864135742
2013-04-12,20.221233367919922
2013-04-15,20.198068618774414
2013-04-16,20.25213050842285
2013-04-17,20.20836639404297
2013-04-18,19.860876083374023
2013-04-19,20.151742935180664
2013-04-22,20.069368362426758
2013-04-23,20.357650756835938
2013-04-24,20.084815979003906
2013-04-25,20.244403839111328
2013-04-26,20.344785690307617
2013-04-29,20.17747688293457
2013-04-30,20.005014419555664
2013-05-01,20.092538833618164
2013-05-02,20.19549560546875
2013-05-03,20.398839950561523
2013-05-06,20.290727615356445
2013-05-07,20.290727615356445
2013-05-08,20.26224136352539
2013-05-09,20.30108642578125
2013-05-10,20.427976608276367
2013-05-13,20.326988220214844
2013-05-14,20.399486541748047
2013-05-15,20.67914581298828
2013-05-16,20.326988220214844
2013-05-17,20.163850784301758
2013-05-20,20.04214859008789
2013-05-21,20.03955841064453
2013-05-22,19.946338653564453
2013-05-23,19.765077590942383
2013-05-24,20.018844604492188
2013-05-28,20.02143096923828
2013-05-29,19.739181518554688
2013-05-30,19.583820343017578
2013-05-31,19.379253387451172
2013-06-03,19.59935760498047
2013-06-04,19.66409683227539
2013-06-05,19.485416412353516
2013-06-06,19.583820343017578
2013-06-07,19.765077590942383
2013-06-10,19.614892959594727
2013-06-11,19.485416412353516
2013-06-12,19.379253387451172
2013-06-13,19.420690536499023
2013-06-14,19.38701820373535
2013-06-17,19.407743453979492
2013-06-18,19.609718322753906
2013-06-19,19.280853271484375
2013-06-20,18.910568237304688
2013-06-21,19.03485870361328
2013-06-24,19.21353530883789
2013-06-25,19.257545471191406
2013-06-26,19.423274993896484
2013-06-27,19.488008499145508
2013-06-28,19.28862190246582
2013-07-01,19.31451416015625
2013-07-02,19.345592498779297
2013-07-03,19.35854148864746
2013-07-05,19.47506332397461
2013-07-08,19.863481521606445
2013-07-09,19.946338653564453
2013-07-10,19.87901496887207
2013-07-11,20.10170555114746
2013-07-12,20.10170555114746
2013-07-15,19.946338653564453
2013-07-16,20.034381866455078
2013-07-17,19.99036407470703
2013-07-18,20.026607513427734
2013-07-19,20.21822738647461
2013-07-22,20.163850784301758
2013-07-23,20.33993148803711
2013-07-24,20.257076263427734
2013-07-25,20.200103759765625
2013-07-26,20.1975154876709
2013-07-29,20.194923400878906
2013-07-30,20.169025421142578
2013-07-31,20.181974411010742
2013-08-01,20.254478454589844
2013-08-02,20.391714096069336
2013-08-05,20.396888732910156
2013-08-06,20.163850784301758
2013-08-07,20.156034469604492
2013-08-08,20.124773025512695
2013-08-09,20.03359603881836
2013-08-12,20.080486297607422
2013-08-13,20.023168563842773
2013-08-14,19.903331756591797
2013-08-15,19.384916305541992
2013-08-16,19.306753158569336
2013-08-19,19.168682098388672
2013-08-20,19.07750129699707
2013-08-21,19.16086769104004
2013-08-22,19.137426376342773
2013-08-23,19.132205963134766
2013-08-26,19.025392532348633
2013-08-27,18.981115341186523
2013-08-28,18.85606575012207
2013-08-29,18.869083404541016
2013-08-30,19.012371063232422
2013-09-03,18.93422508239746
2013-09-04,18.9941349029541
2013-09-05,18.931617736816406
2013-09-06,18.91077423095703
2013-09-09,19.150449752807617
2013-09-10,19.267681121826172
2013-09-11,19.29111671447754
2013-09-12,19.25465202331543
2013-09-13,19.37187957763672
2013-09-16,19.481304168701172
2013-09-17,19.57769012451172
2013-09-18,19.908544540405273
2013-09-19,19.853839874267578
2013-09-20,19.754846572875977
2013-09-23,19.908544540405273
2013-09-24,19.73400115966797
2013-09-25,19.447437286376953
2013-09-26,19.43961524963379
2013-09-27,19.37187957763672
2013-09-30,19.267681121826172
2013-10-01,19.171287536621094
2013-10-02,19.20515251159668
2013-10-03,19.05927085876465
2013-10-04,18.965482711791992
2013-10-07,18.72321128845215
2013-10-08,18.991527557373047
2013-10-09,19.0175838470459
2013-10-10,19.483905792236328
2013-10-11,19.49172592163086
2013-10-14,19.455249786376953
2013-10-15,19.374488830566406
2013-10-16,19.694927215576172
2013-10-17,19.741819381713867
2013-10-18,19.72358512878418
2013-10-21,19.57769012451172
2013-10-22,19.88249397277832
2013-10-23,19.773073196411133
2013-10-24,19.908544540405273
2013-10-25,19.819976806640625
2013-10-28,20.096118927001953
2013-10-29,20.075279235839844
2013-10-30,20.03619956970215
2013-10-31,19.994510650634766
2013-11-01,20.077878952026367
2013-11-04,20.145614624023438
2013-11-05,20.169057846069336
2013-11-06,20.36183738708496
2013-11-07,20.192506790161133
2013-11-08,20.309738159179688
2013-11-11,20.583284378051758
2013-11-12,20.505128860473633
2013-11-13,20.55462646484375
2013-11-14,20.601512908935547
2013-11-15,20.63798713684082
2013-11-18,20.63798713684082
2013-11-19,20.645803451538086
2013-11-20,20.55462646484375
2013-11-21,20.544200897216797
2013-11-22,20.791690826416016
2013-11-25,20.953210830688477
2013-11-26,21.018335342407227
2013-11-27,21.083467483520508
2013-11-29,21.10430908203125
2013-12-02,21.130361557006836
2013-12-03,21.156408309936523
2013-12-04,21.020156860351562
2013-12-05,20.815771102905273
2013-12-06,20.946796417236328
2013-12-09,20.949411392211914
2013-12-10,20.721439361572266
2013-12-11,20.72406005859375
2013-12-12,20.5694637298584
2013-12-13,20.459407806396484
2013-12-16,20.370323181152344
2013-12-17,20.241928100585938
2013-12-18,20.422718048095703
2013-12-19,20.239307403564453
2013-12-20,20.289079666137695
2013-12-23,20.404375076293945
2013-12-24,20.441064834594727
2013-12-26,20.540634155273438
2013-12-27,20.561601638793945
2013-12-30,20.603517532348633
2013-12-31,20.619253158569336
2014-01-02,20.676897048950195
2014-01-03,20.60877227783203
2014-01-06,20.493473052978516
2014-01-07,20.55636215209961
2014-01-08,20.393903732299805
2014-01-09,20.46202850341797
2014-01-10,20.448928833007812
2014-01-13,20.304807662963867
2014-01-14,20.427963256835938
2014-01-15,20.349355697631836
2014-01-16,20.113525390625
2014-01-17,19.964170455932617
2014-01-21,19.87246322631836
2014-01-22,19.74406623840332
2014-01-23,19.641876220703125
2014-01-24,19.500375747680664
2014-01-27,19.429628372192383
2014-01-28,19.56587791442871
2014-01-29,19.41651725769043
2014-01-30,19.58684539794922
2014-01-31,19.568504333496094
2014-02-03,19.039203643798828
2014-02-04,19.057540893554688
2014-02-05,19.09422492980957
2014-02-06,19.08112335205078
2014-02-07,19.324810028076172
2014-02-10,19.327434539794922
2014-02-11,19.599946975708008
2014-02-12,19.641876220703125
2014-02-13,19.74668312072754
2014-02-14,19.859357833862305
2014-02-18,19.738821029663086
2014-02-19,19.61305046081543
2014-02-20,19.264545440673828
2014-02-21,19.15973472595215
2014-02-24,19.22000503540039
2014-02-25,19.22000503540039
2014-02-26,19.594701766967773
2014-02-27,19.53705596923828
2014-02-28,19.57373809814453
2014-03-03,19.42176055908203
2014-03-04,19.686420440673828
2014-03-05,19.599946975708008
2014-03-06,19.620908737182617
2014-03-07,19.66837501525879
2014-03-10,19.62881851196289
2014-03-11,19.75804328918457
2014-03-12,19.918914794921875
2014-03-13,19.760677337646484
2014-03-14,19.589262008666992
2014-03-17,19.694747924804688
2014-03-18,19.718482971191406
2014-03-19,19.61564064025879
2014-03-20,19.879362106323242
2014-03-21,20.069238662719727
2014-03-24,20.243295669555664
2014-03-25,20.27230453491211
2014-03-26,20.103519439697266
2014-03-27,20.079784393310547
2014-03-28,20.04549789428711
2014-03-31,20.15626335144043
2014-04-01,20.245927810668945
2014-04-02,20.354053497314453
2014-04-03,20.42789649963379
2014-04-04,20.38833999633789
2014-04-07,20.38833999633789
2014-04-08,20.617778778076172
2014-04-09,20.562393188476562
2014-04-10,20.27757453918457
2014-04-11,20.17473030090332
2014-04-14,20.406801223754883
2014-04-15,20.274944305419922
2014-04-16,20.36460304260254
2014-04-17,20.480642318725586
2014-04-21,20.464820861816406
2014-04-22,20.45426368713379
2014-04-23,20.580860137939453
2014-04-24,20.65205955505371
2014-04-25,20.733816146850586
2014-04-28,21.034452438354492
2014-04-29,21.010725021362305
2014-04-30,21.02126693725586
2014-05-01,21.018630981445312
2014-05-02,20.86567497253418
2014-05-05,20.733816146850586
2014-05-06,20.572940826416016
2014-05-07,20.687047958374023
2014-05-08,20.88075828552246
2014-05-09,21.01608657836914
2014-05-12,21.002817153930664
2014-05-13,21.000160217285156
2014-05-14,20.894020080566406
2014-05-15,20.3872013092041
2014-05-16,20.434953689575195
2014-05-19,20.328815460205078
2014-05-20,20.084697723388672
2014-05-21,20.07672882080078
2014-05-22,20.005083084106445
2014-05-23,20.063459396362305
2014-05-27,20.058151245117188
2014-05-28,20.042232513427734
2014-05-29,20.161638259887695
2014-05-30,20.37127685546875
2014-06-02,20.368619918823242
2014-06-03,20.355356216430664
2014-06-04,20.466800689697266
2014-06-05,20.517227172851562
2014-06-06,20.488033294677734
2014-06-09,20.434953689575195
2014-06-10,20.331470489501953
2014-06-11,20.209402084350586
2014-06-12,20.09530258178711
2014-06-13,19.975894927978516
2014-06-16,19.9918155670166
2014-06-17,19.89894676208496
2014-06-18,20.08734893798828
2014-06-19,20.132455825805664
2014-06-20,20.082040786743164
2014-06-23,20.111221313476562
2014-06-24,20.15899085998535
2014-06-25,20.066116333007812
2014-06-26,19.877710342407227
2014-06-27,19.9918155670166
2014-06-30,19.92017364501953
2014-07-01,19.975894927978516
2014-07-02,20.066116333007812
2014-07-03,20.100616455078125
2014-07-07,20.185529708862305
2014-07-08,20.33942985534668
2014-07-09,20.488033294677734
2014-07-10,20.448225021362305
2014-07-11,20.38454818725586
2014-07-14,20.312894821166992
2014-07-15,20.389850616455078
2014-07-16,20.395151138305664
2014-07-17,20.328815460205078
2014-07-18,20.456186294555664
2014-07-21,20.37127685546875
2014-07-22,20.336776733398438
2014-07-23,20.429655075073242
2014-07-24,20.25982666015625
2014-07-25,20.15899085998535
2014-07-28,20.089996337890625
2014-07-29,20.01835060119629
2014-07-30,19.843223571777344
2014-07-31,19.524791717529297
2014-08-01,19.514175415039062
2014-08-04,19.514175415039062
2014-08-05,19.46110725402832
2014-08-06,19.81902503967285
2014-08-07,19.75225067138672
2014-08-08,19.94455909729004
2014-08-11,19.86176300048828
2014-08-12,19.82436752319336
2014-08-13,19.773618698120117
2014-08-14,19.86977767944336
2014-08-15,19.738901138305664
2014-08-18,19.8964900970459
2014-08-19,20.000654220581055
2014-08-20,20.022018432617188
2014-08-21,20.179616928100586
2014-08-22,20.227691650390625
2014-08-25,20.217010498046875
2014-08-26,20.171600341796875
2014-08-27,20.259748458862305
2014-08-28,20.27309799194336
2014-08-29,20.166259765625
2014-09-02,20.23303985595703
2014-09-03,20.302478790283203
2014-09-04,20.44938850402832
2014-09-05,20.703136444091797
2014-09-08,20.441373825073242
2014-09-09,20.497465133666992
2014-09-10,20.436031341552734
2014-09-11,20.326522827148438
2014-09-12,20.238384246826172
2014-09-15,20.24905776977539
2014-09-16,20.385278701782227
2014-09-17,20.36391830444336
2014-09-18,20.358579635620117
2014-09-19,20.52417755126953
2014-09-22,20.38261604309082
2014-09-23,20.192974090576172
2014-09-24,20.58828353881836
2014-09-25,20.331865310668945
2014-09-26,20.430692672729492
2014-09-29,20.32118034362793
2014-09-30,20.425344467163086
2014-10-01,20.331865310668945
2014-10-02,20.36124038696289
2014-10-03,20.652387619018555
2014-10-06,20.660398483276367
2014-10-07,20.64704132080078
2014-10-08,20.898122787475586
2014-10-09,20.79662322998047
2014-10-10,20.91147804260254
2014-10-13,20.71649169921875
2014-10-14,20.828670501708984
2014-10-15,20.086132049560547
2014-10-16,19.717525482177734
2014-10-17,19.792306900024414
2014-10-20,20.070106506347656
2014-10-21,20.305150985717773
2014-10-22,20.30782699584961
2014-10-23,20.366586685180664
2014-10-24,20.40130615234375
2014-10-27,20.4574031829834
2014-10-28,20.393295288085938
2014-10-29,20.403980255126953
2014-10-30,20.420005798339844
2014-10-31,20.371923446655273
2014-11-03,20.374603271484375
2014-11-04,20.6363525390625
2014-11-05,20.753887176513672
2014-11-06,20.78326988220215
2014-11-07,21.039684295654297
2014-11-10,21.218643188476562
2014-11-11,21.103792190551758
2014-11-12,21.154541015625
2014-11-13,22.15350341796875
2014-11-14,22.158845901489258
2014-11-17,22.321779251098633
2014-11-18,22.38054847717285
2014-11-19,22.701061248779297
2014-11-20,22.591556549072266
2014-11-21,22.610252380371094
2014-11-24,22.810577392578125
2014-11-25,22.690380096435547
2014-11-26,22.698394775390625
2014-11-28,23.38218116760254
2014-12-01,23.029600143432617
2014-12-02,23.077680587768555
2014-12-03,22.814455032348633
2014-12-04,22.766111373901367
2014-12-05,22.594207763671875
2014-12-08,22.623760223388672
2014-12-09,22.443801879882812
2014-12-10,22.288013458251953
2014-12-11,22.516319274902344
2014-12-12,22.510944366455078
2014-12-15,22.54585838317871
2014-12-16,22.28264045715332
2014-12-17,22.623760223388672
2014-12-18,23.083057403564453
2014-12-19,22.873546600341797
2014-12-22,23.201234817504883
2014-12-23,23.276439666748047
2014-12-24,23.214658737182617
2014-12-26,23.343589782714844
2014-12-29,23.271074295043945
2014-12-30,23.311363220214844
2014-12-31,23.06693458557129
2015-01-02,23.072309494018555
2015-01-05,23.005157470703125
2015-01-06,23.182435989379883
2015-01-07,23.797517776489258
2015-01-08,24.299789428710938
2015-01-09,23.998960494995117
2015-01-12,24.178916931152344
2015-01-13,23.98822021484375
2015-01-14,23.26301383972168
2015-01-15,23.469829559326172
2015-01-16,23.305984497070312
2015-01-20,23.284502029418945
2015-01-21,23.271074295043945
2015-01-22,23.716934204101562
2015-01-23,23.773340225219727
2015-01-26,23.805572509765625
2015-01-27,23.510122299194336
2015-01-28,23.31942367553711
2015-01-29,23.561153411865234
2015-01-30,22.82520294189453
2015-02-02,23.02127456665039
2015-02-03,23.15020179748535
2015-02-04,23.273754119873047
2015-02-05,23.442970275878906
2015-02-06,23.456401824951172
2015-02-09,23.07499122619629
2015-02-10,23.445648193359375
2015-02-11,23.190492630004883
2015-02-12,23.06962013244629
2015-02-13,23.048139572143555
2015-02-17,23.088428497314453
2015-02-18,23.17705726623535
2015-02-19,22.433048248291016
2015-02-20,22.64255142211914
2015-02-23,22.72313690185547
2015-02-24,22.71508026123047
2015-02-25,22.446481704711914
2015-02-26,22.508258819580078
2015-02-27,22.543176651000977
2015-03-02,22.551237106323242
2015-03-03,22.392765045166016
2015-03-04,22.180578231811523
2015-03-05,22.446481704711914
2015-03-06,22.183256149291992
2015-03-09,22.26114845275879
2015-03-10,22.043588638305664
2015-03-11,21.8031005859375
2015-03-12,22.13005256652832
2015-03-13,22.13005256652832
2015-03-16,22.505643844604492
2015-03-17,22.324613571166992
2015-03-18,22.30028533935547
2015-03-19,22.027376174926758
2015-03-20,22.49213409423828
2015-03-23,22.511049270629883
2015-03-24,22.440793991088867
2015-03-25,21.973337173461914
2015-03-26,22.12735366821289
2015-03-27,21.981443405151367
2015-03-30,22.30028533935547
2015-03-31,22.22463035583496
2015-04-01,21.808504104614258
2015-04-02,21.81391143798828
2015-04-06,21.884164810180664
2015-04-07,21.75176429748535
2015-04-08,21.89497184753418
2015-04-09,21.843637466430664
2015-04-10,21.79229736328125
2015-04-13,21.695024490356445
2015-04-14,21.65718650817871
2015-04-15,21.546403884887695
2015-04-16,21.411304473876953
2015-04-17,21.0438232421875
2015-04-20,21.114076614379883
2015-04-21,21.084346771240234
2015-04-22,21.192432403564453
2015-04-23,21.395092010498047
2015-04-24,21.573427200317383
2015-04-27,21.446430206298828
2015-04-28,21.373472213745117
2015-04-29,21.0438232421875
2015-04-30,21.089750289916992
2015-05-01,21.23836898803711
2015-05-04,21.395092010498047
2015-05-05,21.111371994018555
2015-05-06,21.114091873168945
2015-05-07,21.217411041259766
2015-05-08,21.353374481201172
2015-05-11,21.236454010009766
2015-05-12,21.470298767089844
2015-05-13,21.252763748168945
2015-05-14,21.40503692626953
2015-05-15,21.54643440246582
2015-05-18,21.731327056884766
2015-05-19,20.7823543548584
2015-05-20,20.63824462890625
2015-05-21,20.695344924926758
2015-05-22,20.627363204956055
2015-05-26,20.366329193115234
2015-05-27,20.445178985595703
2015-05-28,20.350013732910156
2015-05-29,20.195018768310547
2015-06-01,20.32010269165039
2015-06-02,20.265716552734375
2015-06-03,20.363605499267578
2015-06-04,20.162397384643555
2015-06-05,19.866012573242188
2015-06-08,19.743642807006836
2015-06-09,19.705577850341797
2015-06-10,19.830657958984375
2015-06-11,19.833377838134766
2015-06-12,19.694704055786133
2015-06-15,19.55874252319336
2015-06-16,19.67294692993164
2015-06-17,19.776275634765625
2015-06-18,19.844255447387695
2015-06-19,19.778987884521484
2015-06-22,19.792593002319336
2015-06-23,19.732770919799805
2015-06-24,19.68110466003418
2015-06-25,19.539709091186523
2015-06-26,19.610414505004883
2015-06-29,19.420072555541992
2015-06-30,19.286828994750977
2015-07-01,19.545148849487305
2015-07-02,19.539709091186523
2015-07-06,19.721887588500977
2015-07-07,20.06450080871582
2015-07-08,19.866012573242188
2015-07-09,19.78986358642578
2015-07-10,19.8823299407959
2015-07-13,20.088973999023438
2015-07-14,20.06450080871582
2015-07-15,20.02642250061035
2015-07-16,20.07537269592285
2015-07-17,19.955739974975586
2015-07-20,19.876890182495117
2015-07-21,19.778987884521484
2015-07-22,19.89320182800293
2015-07-23,19.71645164489746
2015-07-24,19.46357536315918
2015-07-27,19.409194946289062
2015-07-28,19.604965209960938
2015-07-29,19.64031982421875
2015-07-30,19.62129020690918
2015-07-31,19.572336196899414
2015-08-03,19.626726150512695
2015-08-04,19.645755767822266
2015-08-05,20.12485122680664
2015-08-06,19.92774200439453
2015-08-07,19.50613784790039
2015-08-10,19.5690975189209
2015-08-11,19.69229507446289
2015-08-12,19.87024688720703
2015-08-13,19.741575241088867
2015-08-14,19.815492630004883
2015-08-17,19.68682098388672
2015-08-18,19.021560668945312
2015-08-19,18.772432327270508
2015-08-20,18.734102249145508
2015-08-21,18.2166748046875
2015-08-24,17.507614135742188
2015-08-25,17.274906158447266
2015-08-26,17.748525619506836
2015-08-27,18.090744018554688
2015-08-28,17.778642654418945
2015-08-31,17.721155166625977
2015-09-01,17.472015380859375
2015-09-02,17.64175796508789
2015-09-03,17.756742477416992
2015-09-04,17.491186141967773
2015-09-08,18.172870635986328
2015-09-09,17.827917098999023
2015-09-10,17.55414581298828
2015-09-11,17.699254989624023
2015-09-14,17.597951889038086
2015-09-15,17.608903884887695
2015-09-16,17.710201263427734
2015-09-17,17.64997100830078
2015-09-18,17.340614318847656
2015-09-21,17.444643020629883
2015-09-22,17.409055709838867
2015-09-23,17.444643020629883
2015-09-24,17.47475242614746
2015-09-25,17.461069107055664
2015-09-28,17.428220748901367
2015-09-29,17.461069107055664
2015-09-30,17.75126075744629
2015-10-01,17.595218658447266
2015-10-02,17.78959083557129
2015-10-05,18.033248901367188
2015-10-06,17.98122787475586
2015-10-07,18.167400360107422
2015-10-08,18.309757232666016
2015-10-09,18.257741928100586
2015-10-12,18.323440551757812
2015-10-13,18.26869773864746
2015-10-14,16.434429168701172
2015-10-15,16.242788314819336
2015-10-16,16.122333526611328
2015-10-19,16.11138153076172
2015-10-20,16.084001541137695
2015-10-21,16.053882598876953
2015-10-22,16.125070571899414
2015-10-23,15.96080207824707
2015-10-26,15.884150505065918
2015-10-27,15.736320495605469
2015-10-28,15.780119895935059
2015-10-29,15.867724418640137
2015-10-30,15.67060661315918
2015-11-02,15.77191162109375
2015-11-03,15.908790588378906
2015-11-04,15.979970932006836
2015-11-05,16.04567527770996
2015-11-06,16.09221839904785
2015-11-09,16.012832641601562
2015-11-10,16.064838409423828
2015-11-11,15.763699531555176
2015-11-12,15.59122085571289
2015-11-13,15.44611930847168
2015-11-16,15.843093872070312
2015-11-17,16.40431785583496
2015-11-18,16.680830001831055
2015-11-19,16.61785316467285
2015-11-20,16.445383071899414
2015-11-23,16.49740219116211
2015-11-24,16.40431785583496
2015-11-25,16.49192237854004
2015-11-27,16.396102905273438
2015-11-30,16.108640670776367
2015-12-01,16.149709701538086
2015-12-02,16.108301162719727
2015-12-03,16.298784255981445
2015-12-04,16.469945907592773
2015-12-07,16.701839447021484
2015-12-08,16.456134796142578
2015-12-09,16.32362174987793
2015-12-10,16.44233512878418
2015-12-11,16.38712501525879
2015-12-14,16.671464920043945
2015-12-15,16.46442985534668
2015-12-16,16.646625518798828
2015-12-17,16.2822208404541
2015-12-18,16.24633026123047
2015-12-21,16.439577102661133
2015-12-22,16.71287727355957
2015-12-23,16.864713668823242
2015-12-24,16.792936325073242
2015-12-28,16.770849227905273
2015-12-29,17.008264541625977
2015-12-30,17.027587890625
2015-12-31,16.922687530517578
2016-01-04,16.96685791015625
2016-01-05,17.369903564453125
2016-01-06,17.5438289642334
2016-01-07,17.952404022216797
2016-01-08,17.541067123413086
2016-01-11,17.728788375854492
2016-01-12,17.563154220581055
2016-01-13,17.093843460083008
2016-01-14,17.40855598449707
2016-01-15,17.096609115600586
2016-01-19,17.27052116394043
2016-01-20,16.79570198059082
2016-01-21,17.08280372619629
2016-01-22,17.306413650512695
2016-01-25,17.51622772216797
2016-01-26,17.668052673339844
2016-01-27,17.654254913330078
2016-01-28,17.728788375854492
2016-01-29,18.319570541381836
2016-02-01,18.634281158447266
2016-02-02,18.45760154724121
2016-02-03,18.294715881347656
2016-02-04,18.33613395690918
2016-02-05,18.496244430541992
2016-02-08,18.4686336517334
2016-02-09,18.16773223876953
2016-02-10,18.162216186523438
2016-02-11,18.032459259033203
2016-02-12,18.269874572753906
2016-02-16,18.192577362060547
2016-02-17,18.250545501708984
2016-02-18,17.70118522644043
2016-02-19,17.850257873535156
2016-02-22,18.118038177490234
2016-02-23,18.35269546508789
2016-02-24,18.529375076293945
2016-02-25,18.78335189819336
2016-02-26,18.360979080200195
2016-02-29,18.314044952392578
2016-03-01,18.3471736907959
2016-03-02,18.278165817260742
2016-03-03,18.25882911682129
2016-03-04,18.43552017211914
2016-03-07,18.741941452026367
2016-03-08,18.78335189819336
2016-03-09,18.78057289123535
2016-03-10,18.747201919555664
2016-03-11,18.680458068847656
2016-03-14,18.733285903930664
2016-03-15,18.936315536499023
2016-03-16,18.90850257873535
2016-03-17,18.75832176208496
2016-03-18,18.619272232055664
2016-03-21,18.902944564819336
2016-03-22,18.87512969970703
2016-03-23,18.761110305786133
2016-03-24,18.911287307739258
2016-03-28,18.944658279418945
2016-03-29,18.919628143310547
2016-03-30,19.133766174316406
2016-03-31,19.047557830810547
2016-04-01,19.206079483032227
2016-04-04,19.217201232910156
2016-04-05,19.089271545410156
2016-04-06,19.200517654418945
2016-04-07,18.972463607788086
2016-04-08,18.9279727935791
2016-04-11,18.74441909790039
2016-04-12,19.133766174316406
2016-04-13,19.23110580444336
2016-04-14,19.133766174316406
2016-04-15,19.206079483032227
2016-04-18,19.42856216430664
2016-04-19,19.40353775024414
2016-04-20,19.247791290283203
2016-04-21,19.04199981689453
2016-04-22,19.111522674560547
2016-04-25,19.32010269165039
2016-04-26,19.272825241088867
2016-04-27,19.30620002746582
2016-04-28,19.164356231689453
2016-04-29,18.597021102905273
2016-05-02,18.797260284423828
2016-05-03,18.6331787109375
2016-05-04,18.68602180480957
2016-05-05,18.69157600402832
2016-05-06,18.980815887451172
2016-05-09,19.17548942565918
2016-05-10,19.130996704101562
2016-05-11,18.60432243347168
2016-05-12,18.727581024169922
2016-05-13,18.192506790161133
2016-05-16,18.495071411132812
2016-05-17,18.237333297729492
2016-05-18,17.691049575805664
2016-05-19,19.38591957092285
2016-05-20,19.570817947387695
2016-05-23,19.4699649810791
2016-05-24,19.677268981933594
2016-05-25,19.74449920654297
2016-05-26,19.848159790039062
2016-05-27,19.82013702392578
2016-05-31,19.82854461669922
2016-06-01,19.75010871887207
2016-06-02,19.87617301940918
2016-06-03,19.853757858276367
2016-06-06,19.904186248779297
2016-06-07,19.898584365844727
2016-06-08,19.968616485595703
2016-06-09,19.915395736694336
2016-06-10,19.929397583007812
2016-06-13,19.75850486755371
2016-06-14,19.87617301940918
2016-06-15,19.923797607421875
2016-06-16,19.97422218322754
2016-06-17,19.87617301940918
2016-06-20,19.91819190979004
2016-06-21,20.019046783447266
2016-06-22,20.10028076171875
2016-06-23,20.198339462280273
2016-06-24,20.159114837646484
2016-06-27,20.030244827270508
2016-06-28,20.03305435180664
2016-06-29,20.299190521240234
2016-06-30,20.456064224243164
2016-07-01,20.39723777770996
2016-07-05,20.489681243896484
2016-07-06,20.68018341064453
2016-07-07,20.598939895629883
2016-07-08,20.685781478881836
2016-07-11,20.747411727905273
2016-07-12,20.526098251342773
2016-07-13,20.62415313720703
2016-07-14,20.646574020385742
2016-07-15,20.638160705566406
2016-07-18,20.685781478881836
2016-07-19,20.635356903076172
2016-07-20,20.671777725219727
2016-07-21,20.596134185791016
2016-07-22,20.604543685913086
2016-07-25,20.66057586669922
2016-07-26,20.654966354370117
2016-07-27,20.54011344909668
2016-07-28,20.5177001953125
2016-07-29,20.44207000732422
2016-08-01,20.668973922729492
2016-08-02,20.48687744140625
2016-08-03,20.43365478515625
2016-08-04,20.53450584411621
2016-08-05,20.663373947143555
2016-08-08,20.54571533203125
2016-08-09,20.601743698120117
2016-08-10,20.858421325683594
2016-08-11,20.81610679626465
2016-08-12,20.841493606567383
2016-08-15,20.680723190307617
2016-08-16,20.55942726135254
2016-08-17,20.570711135864258
2016-08-18,20.957141876220703
2016-08-19,20.5368709564209
2016-08-22,20.505844116210938
2016-08-23,20.299936294555664
2016-08-24,20.373273849487305
2016-08-25,20.088394165039062
2016-08-26,20.065826416015625
2016-08-29,20.139162063598633
2016-08-30,20.113779067993164
2016-08-31,20.150449752807617
2016-09-01,20.54533576965332
2016-09-02,20.449434280395508
2016-09-06,20.590457916259766
2016-09-07,20.3253173828125
2016-09-08,20.26044273376465
2016-09-09,19.82889175415039
2016-09-12,20.291479110717773
2016-09-13,20.156084060668945
2016-09-14,20.17300796508789
2016-09-15,20.42122459411621
2016-09-16,20.55379295349121
2016-09-19,20.333786010742188
2016-09-20,20.299936294555664
2016-09-21,20.36198616027832
2016-09-22,20.38456153869629
2016-09-23,20.40711784362793
2016-09-26,20.201215744018555
2016-09-27,20.401477813720703
2016-09-28,20.249164581298828
2016-09-29,19.950185775756836
2016-09-30,20.34224510192871
2016-10-03,20.31121826171875
2016-10-04,20.237882614135742
2016-10-05,20.215320587158203
2016-10-06,19.56375503540039
2016-10-07,19.37760353088379
2016-10-10,19.174514770507812
2016-10-11,19.008098602294922
2016-10-12,19.027841567993164
2016-10-13,19.24502944946289
2016-10-14,19.30708122253418
2016-10-17,19.24220848083496
2016-10-18,19.425546646118164
2016-10-19,19.431184768676758
2016-10-20,19.386056900024414
2016-10-21,19.276050567626953
2016-10-24,19.51580810546875
2016-10-25,19.56375503540039
2016-10-26,19.628631591796875
2016-10-27,19.696325302124023
2016-10-28,19.741455078125
2016-10-31,19.749921798706055
2016-11-01,19.54683494567871
2016-11-02,19.589141845703125
2016-11-03,19.639911651611328
2016-11-04,19.507347106933594
2016-11-07,19.682228088378906
2016-11-08,19.685041427612305
2016-11-09,20.05454444885254
2016-11-10,20.13634490966797
2016-11-11,20.09121322631836
2016-11-14,19.882488250732422
2016-11-15,20.14480209350586
2016-11-16,20.13634490966797
2016-11-17,19.51580810546875
2016-11-18,19.332468032836914
2016-11-21,19.566577911376953
2016-11-22,19.778120040893555
2016-11-23,19.978391647338867
2016-11-25,20.09121322631836
2016-11-28,20.079933166503906
2016-11-29,20.130701065063477
2016-11-30,19.86556625366211
2016-12-01,19.933252334594727
2016-12-02,19.99248695373535
2016-12-05,19.72734832763672
2016-12-06,19.8458194732666
2016-12-07,20.05603790283203
2016-12-08,19.982175827026367
2016-12-09,19.908313751220703
2016-12-12,20.360002517700195
2016-12-13,20.396930694580078
2016-12-14,20.26626205444336
2016-12-15,20.19239616394043
2016-12-16,20.163991928100586
2016-12-19,20.334434509277344
2016-12-20,20.402616500854492
2016-12-21,20.23784828186035
2016-12-22,19.76911735534668
2016-12-23,19.754913330078125
2016-12-27,19.800365447998047
2016-12-28,19.6895751953125
2016-12-29,19.675371170043945
2016-12-30,19.635608673095703
2017-01-03,19.504928588867188
2017-01-04,19.61855697631836
2017-01-05,19.661169052124023
2017-01-06,19.39128303527832
2017-01-09,19.519128799438477
2017-01-10,19.382762908935547
2017-01-11,19.467994689941406
2017-01-12,19.30890655517578
2017-01-13,19.07028579711914
2017-01-17,19.436737060546875
2017-01-18,19.34867286682129
2017-01-19,19.20948028564453
2017-01-20,19.08448028564453
2017-01-23,18.933917999267578
2017-01-24,19.146982192993164
2017-01-25,19.00209617614746
2017-01-26,18.956649780273438
2017-01-27,18.652681350708008
2017-01-30,18.868579864501953
2017-01-31,18.959487915039062
2017-02-01,18.814611434936523
2017-02-02,18.94812774658203
2017-02-03,18.891307830810547
2017-02-06,18.862905502319336
2017-02-07,19.00209617614746
2017-02-08,19.263452529907227
2017-02-09,19.624238967895508
2017-02-10,19.323108673095703
2017-02-13,19.252090454101562
2017-02-14,19.504928588867188
2017-02-15,19.513444900512695
2017-02-16,19.5645809173584
2017-02-17,19.706619262695312
2017-02-21,20.29750633239746
2017-02-22,20.37137222290039
2017-02-23,20.257732391357422
2017-02-24,20.56454086303711
2017-02-27,20.379886627197266
2017-02-28,20.149784088134766
2017-03-01,20.013427734375
2017-03-02,20.10149574279785
2017-03-03,19.894107818603516
2017-03-06,19.85150146484375
2017-03-07,19.848661422729492
2017-03-08,19.974573135375977
2017-03-09,19.991743087768555
2017-03-10,20.060426712036133
2017-03-13,20.017499923706055
2017-03-14,20.23784637451172
2017-03-15,20.197784423828125
2017-03-16,20.157718658447266
2017-03-17,20.00032615661621
2017-03-20,20.02608871459961
2017-03-21,20.00318717956543
2017-03-22,20.10334587097168
2017-03-23,19.991743087768555
2017-03-24,19.92020606994629
2017-03-27,19.93451499938965
2017-03-28,20.123376846313477
2017-03-29,20.243572235107422
2017-03-30,20.486820220947266
2017-03-31,20.627038955688477
2017-04-03,20.55549430847168
2017-04-04,20.607006072998047
2017-04-05,20.50398063659668
2017-04-06,20.441028594970703
2017-04-07,20.861696243286133
2017-04-10,20.907485961914062
2017-04-11,21.013364791870117
2017-04-12,21.0162296295166
2017-04-13,20.933238983154297
2017-04-17,21.030536651611328
2017-04-18,21.145000457763672
2017-04-19,21.196516036987305
2017-04-20,21.405418395996094
2017-04-21,21.44548225402832
2017-04-24,21.39969253540039
2017-04-25,21.47695541381836
2017-04-26,21.585702896118164
2017-04-27,21.588560104370117
2017-04-28,21.514158248901367
2017-05-01,21.528465270996094
2017-05-02,21.611452102661133
2017-05-03,21.680137634277344
2017-05-04,21.846115112304688
2017-05-05,21.891904830932617
2017-05-08,21.783161163330078
2017-05-09,21.954858779907227
2017-05-10,22.09601593017578
2017-05-11,21.931814193725586
2017-05-12,21.810819625854492
2017-05-15,21.977901458740234
2017-05-16,21.63796615600586
2017-05-17,21.640851974487305
2017-05-18,22.3380069732666
2017-05-19,22.692350387573242
2017-05-22,22.62897300720215
2017-05-23,22.611692428588867
2017-05-24,22.513744354248047
2017-05-25,22.559839248657227
2017-05-26,22.50798225402832
2017-05-30,22.513744354248047
2017-05-31,22.643383026123047
2017-06-01,22.991960525512695
2017-06-02,22.937219619750977
2017-06-05,23.12159538269043
2017-06-06,22.738449096679688
2017-06-07,22.801822662353516
2017-06-08,22.738449096679688
2017-06-09,22.879610061645508
2017-06-12,22.827760696411133
2017-06-13,22.908416748046875
2017-06-14,23.017887115478516
2017-06-15,22.73268699645996
2017-06-16,21.6754207611084
2017-06-19,21.75031852722168
2017-06-20,21.761842727661133
2017-06-21,21.9635066986084
2017-06-22,21.75607681274414
2017-06-23,21.560190200805664
2017-06-26,21.75031852722168
2017-06-27,21.897247314453125
2017-06-28,22.041284561157227
2017-06-29,21.874187469482422
2017-06-30,21.802173614501953
2017-07-03,21.709989547729492
2017-07-05,21.698471069335938
2017-07-06,21.74167823791504
2017-07-07,21.70134735107422
2017-07-10,21.096370697021484
2017-07-11,21.165512084960938
2017-07-12,21.300912857055664
2017-07-13,21.620681762695312
2017-07-14,21.9923152923584
2017-07-17,22.00094985961914
2017-07-18,21.951980590820312
2017-07-19,21.85691261291504
2017-07-20,21.900129318237305
2017-07-21,21.937570571899414
2017-07-24,22.150754928588867
2017-07-25,22.620328903198242
2017-07-26,22.729801177978516
2017-07-27,22.983318328857422
2017-07-28,22.991960525512695
2017-07-31,23.043813705444336
2017-08-01,23.19073486328125
2017-08-02,23.199384689331055
2017-08-03,23.297325134277344
2017-08-04,23.184980392456055
2017-08-07,23.41543960571289
2017-08-08,23.504751205444336
2017-08-09,23.65839195251465
2017-08-10,23.382999420166016
2017-08-11,23.307621002197266
2017-08-14,23.394590377807617
2017-08-15,23.414880752563477
2017-08-16,23.475757598876953
2017-08-17,23.10470199584961
2017-08-18,22.99163246154785
2017-08-21,23.107595443725586
2017-08-22,23.197458267211914
2017-08-23,23.180065155029297
2017-08-24,22.71043586730957
2017-08-25,22.79450035095215
2017-08-28,22.620573043823242
2017-08-29,22.835086822509766
2017-08-30,22.768417358398438
2017-08-31,22.63216209411621
2017-09-01,22.719135284423828
2017-09-05,23.133682250976562
2017-09-06,23.214853286743164
2017-09-07,23.226444244384766
2017-09-08,22.866979598999023
2017-09-11,22.924959182739258
2017-09-12,23.078603744506836
2017-09-13,23.151081085205078
2017-09-14,23.098894119262695
2017-09-15,23.30182456970215
2017-09-18,23.191659927368164
2017-09-19,23.206157684326172
2017-09-20,23.33660888671875
2017-09-21,23.194562911987305
2017-09-22,23.055408477783203
2017-09-25,22.94525146484375
2017-09-26,23.01482391357422
2017-09-27,22.985841751098633
2017-09-28,22.887279510498047
2017-09-29,22.652454376220703
2017-10-02,22.742319107055664
2017-10-03,22.965545654296875
2017-10-04,22.927858352661133
2017-10-05,23.020620346069336
2017-10-06,22.901763916015625
2017-10-09,23.345306396484375
2017-10-10,24.38892936706543
2017-10-11,24.85276222229004
2017-10-12,24.96002769470215
2017-10-13,25.11077117919922
2017-10-16,24.85565948486328
2017-10-17,24.92523956298828
2017-10-18,24.99481201171875
2017-10-19,25.04698944091797
2017-10-20,25.348480224609375
2017-10-23,25.699256896972656
2017-10-24,25.505035400390625
2017-10-25,25.649988174438477
2017-10-26,25.690563201904297
2017-10-27,25.56011199951172
2017-10-30,25.206436157226562
2017-10-31,25.310802459716797
2017-11-01,25.493432998657227
2017-11-02,25.74274253845215
2017-11-03,25.99785804748535
2017-11-06,25.7137508392334
2017-11-07,25.786226272583008
2017-11-08,26.165990829467773
2017-11-09,26.177587509155273
2017-11-10,26.357324600219727
2017-11-13,26.37761878967285
2017-11-14,26.406599044799805
2017-11-15,26.041337966918945
2017-11-16,28.87941551208496
2017-11-17,28.256139755249023
2017-11-20,28.259035110473633
2017-11-21,27.980735778808594
2017-11-22,27.948850631713867
2017-11-24,28.00973129272461
2017-11-27,28.00973129272461
2017-11-28,28.053211212158203
2017-11-29,28.282236099243164
2017-11-30,28.186569213867188
2017-12-01,28.221359252929688
2017-12-04,28.122787475585938
2017-12-05,28.360506057739258
2017-12-06,28.201059341430664
2017-12-07,28.203975677490234
2017-12-08,28.13694190979004
2017-12-11,28.247692108154297
2017-12-12,28.180662155151367
2017-12-13,28.489574432373047
2017-12-14,28.30596923828125
2017-12-15,28.300140380859375
2017-12-18,28.530366897583008
2017-12-19,28.79264259338379
2017-12-20,28.7780818939209
2017-12-21,28.57699966430664
2017-12-22,28.620710372924805
2017-12-26,28.897565841674805
2017-12-27,28.92669677734375
2017-12-28,28.967500686645508
2017-12-29,28.7780818939209
2018-01-02,28.7314510345459
2018-01-03,28.982078552246094
2018-01-04,29.00830078125
2018-01-05,29.18024253845215
2018-01-08,29.611549377441406
2018-01-09,29.256017684936523
2018-01-10,29.046186447143555
2018-01-11,29.1481876373291
2018-01-12,29.395893096923828
2018-01-16,29.343441009521484
2018-01-17,29.929201126098633
2018-01-18,30.39547348022461
2018-01-19,30.480003356933594
2018-01-22,30.730619430541992
2018-01-23,30.86175537109375
2018-01-24,30.829696655273438
2018-01-25,31.065753936767578
2018-01-26,31.587404251098633
2018-01-29,31.925458908081055
2018-01-30,31.395057678222656
2018-01-31,31.065753936767578
2018-02-01,30.751012802124023
2018-02-02,30.44793128967285
2018-02-05,29.168582916259766
2018-02-06,29.404640197753906
2018-02-07,29.972917556762695
2018-02-08,29.1481876373291
2018-02-09,28.95876121520996
2018-02-12,29.011219024658203
2018-02-13,29.427959442138672
2018-02-14,29.63778305053711
2018-02-15,30.083660125732422
2018-02-16,30.535362243652344
2018-02-20,27.425867080688477
2018-02-21,26.671085357666016
2018-02-22,27.03536605834961
2018-02-23,27.070335388183594
2018-02-26,27.13736915588379
2018-02-27,26.671085357666016
2018-02-28,26.231033325195312
2018-03-01,25.96001434326172
2018-03-02,25.86966896057129
2018-03-05,26.222291946411133
2018-03-06,25.954179763793945
2018-03-07,25.56951332092285
2018-03-08,25.774721145629883
2018-03-09,26.00925064086914
2018-03-12,25.818693161010742
2018-03-13,25.8861141204834
2018-03-14,25.701435089111328
2018-03-15,25.65452003479004
2018-03-16,26.14116668701172
2018-03-19,25.63693618774414
2018-03-20,25.78352165222168
2018-03-21,25.850940704345703
2018-03-22,25.546052932739258
2018-03-23,25.041818618774414
2018-03-26,25.651592254638672
2018-03-27,25.22650909423828
2018-03-28,25.730749130249023
2018-03-29,26.082542419433594
2018-04-02,25.07992172241211
2018-04-03,25.44637680053711
2018-04-04,25.569507598876953
2018-04-05,25.742469787597656
2018-04-06,25.41412925720215
2018-04-09,25.29393768310547
2018-04-10,25.34377098083496
2018-04-11,25.18546485900879
2018-04-12,25.04474639892578
2018-04-13,25.217708587646484
2018-04-16,25.45810317993164
2018-04-17,25.768856048583984
2018-04-18,25.672107696533203
2018-04-19,25.76593017578125
2018-04-20,25.4991455078125
2018-04-23,25.241165161132812
2018-04-24,25.367219924926758
2018-04-25,25.55484962463379
2018-04-26,25.78057861328125
2018-04-27,25.590024948120117
2018-04-30,25.933027267456055
2018-05-01,25.62520408630371
2018-05-02,25.3115291595459
2018-05-03,25.279277801513672
2018-05-04,25.660383224487305
2018-05-07,25.056472778320312
2018-05-08,25.135622024536133
2018-05-09,24.349964141845703
2018-05-10,24.39420509338379
2018-05-11,24.597753524780273
2018-05-14,24.895721435546875
2018-05-15,24.93407440185547
2018-05-16,25.409034729003906
2018-05-17,24.92522430419922
2018-05-18,24.674463272094727
2018-05-21,24.931119918823242
2018-05-22,24.594806671142578
2018-05-23,24.48861312866211
2018-05-24,24.441404342651367
2018-05-25,24.32635498046875
2018-05-29,24.308650970458984
2018-05-30,24.816068649291992
2018-05-31,24.34995460510254
2018-06-01,24.482707977294922
2018-06-04,25.19957733154297
2018-06-05,24.96356964111328
2018-06-06,24.94587516784668
2018-06-07,25.060924530029297
2018-06-08,24.88686752319336
2018-06-11,24.869171142578125
2018-06-12,24.810165405273438
2018-06-13,24.80721664428711
2018-06-14,24.718717575073242
2018-06-15,24.692169189453125
2018-06-18,24.48566436767578
2018-06-19,24.665613174438477
2018-06-20,24.665613174438477
2018-06-21,24.842618942260742
2018-06-22,25.022573471069336
2018-06-25,25.509336471557617
2018-06-26,25.364778518676758
2018-06-27,25.633237838745117
2018-06-28,25.32938003540039
2018-06-29,25.26742935180664
2018-07-02,24.780664443969727
2018-07-03,24.910472869873047
2018-07-05,24.948823928833008
2018-07-06,24.931119918823242
2018-07-09,25.350032806396484
2018-07-10,25.727645874023438
2018-07-11,25.52703285217285
2018-07-12,25.524089813232422
2018-07-13,25.8721981048584
2018-07-16,25.854496002197266
2018-07-17,26.016746520996094
2018-07-18,25.98134994506836
2018-07-19,25.878101348876953
2018-07-20,25.9783992767334
2018-07-23,25.851543426513672
2018-07-24,25.94890022277832
2018-07-25,25.931198120117188
2018-07-26,26.02855110168457
2018-07-27,25.999052047729492
2018-07-30,26.220304489135742
2018-07-31,26.323558807373047
2018-08-01,26.031497955322266
2018-08-02,26.184906005859375
2018-08-03,26.432708740234375
2018-08-06,26.45336151123047
2018-08-07,26.482858657836914
2018-08-08,26.565462112426758
2018-08-09,26.411169052124023
2018-08-10,26.758333206176758
2018-08-13,26.59810447692871
2018-08-14,26.957138061523438
2018-08-15,26.770200729370117
2018-08-16,29.268598556518555
2018-08-17,29.034189224243164
2018-08-20,28.485252380371094
2018-08-21,28.508991241455078
2018-08-22,28.3873348236084
2018-08-23,28.241941452026367
2018-08-24,28.173694610595703
2018-08-27,28.052030563354492
2018-08-28,28.506023406982422
2018-08-29,28.378435134887695
2018-08-30,28.514923095703125
2018-08-31,28.443710327148438
2018-09-04,28.295352935791016
2018-09-05,28.66921615600586
2018-09-06,28.618778228759766
2018-09-07,28.4348087310791
2018-09-10,28.752296447753906
2018-09-11,28.67515754699707
2018-09-12,28.476346969604492
2018-09-13,28.224138259887695
2018-09-14,28.066877365112305
2018-09-17,28.135120391845703
2018-09-18,28.316116333007812
2018-09-19,28.259746551513672
2018-09-20,28.411069869995117
2018-09-21,28.455581665039062
2018-09-24,28.164794921875
2018-09-25,28.218202590942383
2018-09-26,28.066877365112305
2018-09-27,27.930383682250977
2018-09-28,27.8651065826416
2018-10-01,28.010498046875
2018-10-02,28.2330379486084
2018-10-03,27.91257667541504
2018-10-04,27.95412254333496
2018-10-05,27.687076568603516
2018-10-08,28.0965518951416
2018-10-09,28.805709838867188
2018-10-10,28.414037704467773
2018-10-11,27.868070602416992
2018-10-12,28.13214683532715
2018-10-15,27.83839988708496
2018-10-16,28.428878784179688
2018-10-17,28.651416778564453
2018-10-18,28.53569221496582
2018-10-19,28.82647705078125
2018-10-22,28.82351303100586
2018-10-23,29.019351959228516
2018-10-24,28.94814109802246
2018-10-25,29.4288272857666
2018-10-26,29.35761260986328
2018-10-29,29.6127872467041
2018-10-30,30.39021110534668
2018-10-31,29.755218505859375
2018-11-01,29.84423828125
2018-11-02,30.069730758666992
2018-11-05,30.535600662231445
2018-11-06,30.66021156311035
2018-11-07,30.95397186279297
2018-11-08,31.120141983032227
2018-11-09,31.321910858154297
2018-11-12,30.820446014404297
2018-11-13,30.544496536254883
2018-11-14,30.126117706298828
2018-11-15,29.53564453125
2018-11-16,28.986713409423828
2018-11-19,28.716693878173828
2018-11-20,27.939287185668945
2018-11-21,27.94225311279297
2018-11-23,28.218202590942383
2018-11-26,28.2330379486084
2018-11-27,28.200401306152344
2018-11-28,28.918466567993164
2018-11-29,28.868017196655273
2018-11-30,28.974842071533203
2018-12-03,29.301240921020508
2018-12-04,28.428878784179688
2018-12-06,28.27374267578125
2018-12-07,27.80236053466797
2018-12-10,28.026111602783203
2018-12-11,27.999263763427734
2018-12-12,27.778491973876953
2018-12-13,27.733745574951172
2018-12-14,27.402584075927734
2018-12-17,27.080381393432617
2018-12-18,27.172861099243164
2018-12-19,27.014739990234375
2018-12-20,26.039167404174805
2018-12-21,25.994415283203125
2018-12-24,25.603591918945312
2018-12-26,26.972972869873047
2018-12-27,27.325016021728516
2018-12-28,27.486116409301758
2018-12-31,27.790428161621094
2019-01-02,27.84711265563965
2019-01-03,27.703908920288086
2019-01-04,27.876943588256836
2019-01-07,28.20511817932129
2019-01-08,28.402021408081055
2019-01-09,28.309539794921875
2019-01-10,28.33042335510254
2019-01-11,28.294618606567383
2019-01-14,28.327436447143555
2019-01-15,28.71528434753418
2019-01-16,28.745119094848633
2019-01-17,28.86146354675293
2019-01-18,29.156831741333008
2019-01-22,29.085224151611328
2019-01-23,29.449199676513672
2019-01-24,29.344778060913086
2019-01-25,28.921133041381836
2019-01-28,28.956933975219727
2019-01-29,28.85251808166504
2019-01-30,28.28268814086914
2019-01-31,28.589977264404297
2019-02-01,28.002248764038086
2019-02-04,28.27374267578125
2019-02-05,28.5213565826416
2019-02-06,28.533296585083008
2019-02-07,28.85848617553711
2019-02-08,28.51539421081543
2019-02-11,28.700363159179688
2019-02-12,28.930089950561523
2019-02-13,29.219478607177734
2019-02-14,29.39251136779785
2019-02-15,29.83106803894043
2019-02-19,30.49040985107422
2019-02-20,29.798261642456055
2019-02-21,29.65207290649414
2019-02-22,29.69980812072754
2019-02-25,29.571516036987305
2019-02-26,29.443241119384766
2019-02-27,29.270191192626953
2019-02-28,29.53272819519043
2019-03-01,29.21649169921875
2019-03-04,29.1926326751709
2019-03-05,29.33881187438965
2019-03-06,29.314945220947266
2019-03-07,29.073284149169922
2019-03-08,29.11505699157715
2019-03-11,29.38058853149414
2019-03-12,29.34777069091797
2019-03-13,29.544660568237305
2019-03-14,29.4606876373291
2019-03-15,29.52066421508789
2019-03-18,29.89260482788086
2019-03-19,29.949594497680664
2019-03-20,29.58666229248047
2019-03-21,29.712636947631836
2019-03-22,29.478675842285156
2019-03-25,29.445680618286133
2019-03-26,29.490676879882812
2019-03-27,29.157737731933594
2019-03-28,29.133743286132812
2019-03-29,29.253719329833984
2019-04-01,29.34070587158203
2019-04-02,29.076749801635742
2019-04-03,29.151737213134766
2019-04-04,29.427684783935547
2019-04-05,29.643644332885742
2019-04-08,29.763628005981445
2019-04-09,29.601665496826172
2019-04-10,29.87460708618164
2019-04-11,30.234540939331055
2019-04-12,30.462495803833008
2019-04-15,30.72345542907715
2019-04-16,30.873435974121094
2019-04-17,30.94242286682129
2019-04-18,30.94841194152832
2019-04-22,30.70546531677246
2019-04-23,30.91541862487793
2019-04-24,31.05339241027832
2019-04-25,31.050395965576172
2019-04-26,30.4534969329834
2019-04-29,30.462495803833008
2019-04-30,30.846435546875
2019-05-01,30.402517318725586
2019-05-02,30.339527130126953
2019-05-03,30.618478775024414
2019-05-06,30.732454299926758
2019-05-07,30.384521484375
2019-05-08,30.08457374572754
2019-05-09,30.015209197998047
2019-05-10,30.7298583984375
2019-05-13,30.120758056640625
2019-05-14,30.24136734008789
2019-05-15,30.117738723754883
2019-05-16,30.548938751220703
2019-05-17,30.41324806213379
2019-05-20,30.61226463317871
2019-05-21,30.491655349731445
2019-05-22,30.82636070251465
2019-05-23,30.714784622192383
2019-05-24,30.95903778076172
2019-05-28,30.88364601135254
2019-05-29,30.793188095092773
2019-05-30,30.81429672241211
2019-05-31,30.5881404876709
2019-06-03,30.744949340820312
2019-06-04,30.92586898803711
2019-06-05,31.48672866821289
2019-06-06,31.694786071777344
2019-06-07,31.981252670288086
2019-06-10,32.421504974365234
2019-06-11,32.54815673828125
2019-06-12,32.813507080078125
2019-06-13,32.76224136352539
2019-06-14,32.88888931274414
2019-06-17,32.916015625
2019-06-18,33.06377410888672
2019-06-19,33.054725646972656
2019-06-20,33.265804290771484
2019-06-21,33.510047912597656
2019-06-24,33.5432243347168
2019-06-25,33.38642501831055
2019-06-26,33.21756362915039
2019-06-27,33.19947052001953
2019-06-28,33.31707763671875
2019-07-01,33.35627365112305
2019-07-02,33.65178298950195
2019-07-03,33.8688850402832
2019-07-05,33.76637649536133
2019-07-08,33.9895133972168
2019-07-09,34.037757873535156
2019-07-10,34.067901611328125
2019-07-11,34.351348876953125
2019-07-12,34.556400299072266
2019-07-15,34.67098617553711
2019-07-16,34.604644775390625
2019-07-17,34.556400299072266
2019-07-18,34.592586517333984
2019-07-19,34.3453254699707
2019-07-22,34.01966857910156
2019-07-23,33.799537658691406
2019-07-24,33.77239990234375
2019-07-25,33.83872604370117
2019-07-26,34.07996368408203
2019-07-29,33.85380172729492
2019-07-30,33.790489196777344
2019-07-31,33.283905029296875
2019-08-01,32.98236083984375
2019-08-02,32.98838806152344
2019-08-05,31.908891677856445
2019-08-06,32.346107482910156
2019-08-07,32.62654495239258
2019-08-08,32.88410949707031
2019-08-09,32.50836944580078
2019-08-12,31.884140014648438
2019-08-13,32.547767639160156
2019-08-14,32.18110656738281
2019-08-15,34.14772415161133
2019-08-16,34.2386360168457
2019-08-19,34.487098693847656
2019-08-20,33.95379638671875
2019-08-21,33.944698333740234
2019-08-22,33.9113655090332
2019-08-23,33.584102630615234
2019-08-26,33.93560791015625
2019-08-27,34.0659065246582
2019-08-28,34.156822204589844
2019-08-29,34.56892776489258
2019-08-30,34.623477935791016
2019-09-03,34.738616943359375
2019-09-04,35.12345886230469
2019-09-05,34.98103332519531
2019-09-06,34.765892028808594
2019-09-09,35.250732421875
2019-09-10,35.16587829589844
2019-09-11,35.15678787231445
2019-09-12,35.42951583862305
2019-09-13,35.584049224853516
2019-09-16,35.02043533325195
2019-09-17,35.3052864074707
2019-09-18,35.50224304199219
2019-09-19,35.48709487915039
2019-09-20,35.447696685791016
2019-09-23,35.641632080078125
2019-09-24,35.87798309326172
2019-09-25,35.899200439453125
2019-09-26,35.847686767578125
2019-09-27,35.89313888549805
2019-09-30,35.962833404541016
2019-10-01,35.71133041381836
2019-10-02,35.187095642089844
2019-10-03,35.24467849731445
2019-10-04,35.805259704589844
2019-10-07,35.52346420288086
2019-10-08,35.629512786865234
2019-10-09,36.03858947753906
2019-10-10,36.244651794433594
2019-10-11,36.435550689697266
2019-10-14,36.11132049560547
2019-10-15,36.22041320800781
2019-10-16,36.187076568603516
2019-10-17,36.31434631347656
2019-10-18,36.102230072021484
2019-10-21,36.28404235839844
2019-10-22,36.23556137084961
2019-10-23,36.165863037109375
2019-10-24,36.09010314941406
2019-10-25,36.07192611694336
2019-10-28,36.12647247314453
2019-10-29,35.499202728271484
2019-10-30,35.78709411621094
2019-10-31,35.53254318237305
2019-11-01,35.641632080078125
2019-11-04,35.6264762878418
2019-11-05,36.01738357543945
2019-11-06,36.21131134033203
2019-11-07,36.432525634765625
2019-11-08,36.19313049316406
2019-11-11,36.07192611694336
2019-11-12,36.09617233276367
2019-11-13,36.659793853759766
2019-11-14,36.559791564941406
2019-11-15,36.02041244506836
2019-11-18,36.438575744628906
2019-11-19,36.329498291015625
2019-11-20,36.09919357299805
2019-11-21,36.32040786743164
2019-11-22,36.16889953613281
2019-11-25,36.03556442260742
2019-11-26,36.11737823486328
2019-11-27,35.98707580566406
2019-11-29,36.08707809448242
2019-12-02,36.144657135009766
2019-12-03,35.959800720214844
2019-12-04,35.96586227416992
2019-12-05,36.11805725097656
2019-12-06,36.45896911621094
2019-12-09,36.33112335205078
2019-12-10,36.26416015625
2019-12-11,36.22154998779297
2019-12-12,36.452880859375
2019-12-13,36.61420822143555
2019-12-16,36.69029998779297
2019-12-17,36.91554641723633
2019-12-18,36.48332214355469
2019-12-19,36.550289154052734
2019-12-20,36.61420822143555
2019-12-23,36.23068618774414
2019-12-24,36.37678909301758
2019-12-26,36.37982940673828
2019-12-27,36.40114212036133
2019-12-30,36.34331512451172
2019-12-31,36.172847747802734
2020-01-02,36.20328903198242
2020-01-03,35.88368606567383
2020-01-06,35.810630798339844
2020-01-07,35.47885513305664
2020-01-08,35.35710144042969
2020-01-09,35.72236251831055
2020-01-10,35.4240608215332
2020-01-13,35.27187728881836
2020-01-14,35.363189697265625
2020-01-15,35.08924865722656
2020-01-16,35.277957916259766
2020-01-17,34.991844177246094
2020-01-21,35.18360137939453
2020-01-22,35.33884811401367
2020-01-23,35.250572204589844
2020-01-24,34.812259674072266
2020-01-27,35.265785217285156
2020-01-28,35.491024017333984
2020-01-29,35.27491760253906
2020-01-30,35.48493194580078
2020-01-31,34.848785400390625
2020-02-03,34.78181457519531
2020-02-04,35.086212158203125
2020-02-05,35.55495834350586
2020-02-06,35.402767181396484
2020-02-07,35.44537353515625
2020-02-10,35.08011245727539
2020-02-11,35.12577819824219
2020-02-12,35.262752532958984
2020-02-13,35.74671173095703
2020-02-14,35.88368606567383
2020-02-18,36.413307189941406
2020-02-19,35.81975173950195
2020-02-20,35.82280731201172
2020-02-21,36.09370422363281
2020-02-24,35.40580749511719
2020-02-25,34.81834411621094
2020-02-26,34.6326789855957
2020-02-27,33.60385513305664
2020-02-28,32.77593994140625
2020-03-02,35.27187728881836
2020-03-03,34.36784744262695
2020-03-04,35.54277420043945
2020-03-05,35.28404998779297
2020-03-06,35.682804107666016
2020-03-09,35.6614875793457
2020-03-10,36.46201705932617
2020-03-11,34.83051300048828
2020-03-12,31.6710262298584
2020-03-13,34.73006820678711
2020-03-16,32.495906829833984
2020-03-17,36.30069351196289
2020-03-18,37.31124496459961
2020-03-19,36.519386291503906
2020-03-20,34.843994140625
2020-03-23,34.93877410888672
2020-03-24,35.16807174682617
2020-03-25,33.446815490722656
2020-03-26,33.57522964477539
2020-03-27,33.50184631347656
2020-03-30,35.21699523925781
2020-03-31,34.736995697021484
2020-04-01,34.895973205566406
2020-04-02,36.27481460571289
2020-04-03,36.528568267822266
2020-04-06,38.54332733154297
2020-04-07,37.29594802856445
2020-04-08,37.250099182128906
2020-04-09,37.23786544799805
2020-04-13,38.307918548583984
2020-04-14,39.439109802246094
2020-04-15,39.365745544433594
2020-04-16,40.45719909667969
2020-04-17,40.39299392700195
2020-04-20,39.698974609375
2020-04-21,39.50332260131836
2020-04-22,40.23095703125
2020-04-23,39.29542541503906
2020-04-24,39.573638916015625
2020-04-27,39.22509765625
2020-04-28,39.133384704589844
2020-04-29,37.788177490234375
2020-04-30,37.16142272949219
2020-05-01,37.58028030395508
2020-05-04,37.818748474121094
2020-05-05,38.13364791870117
2020-05-06,37.69646072387695
2020-05-07,37.42930221557617
2020-05-08,37.75172805786133
2020-05-11,37.97589111328125
2020-05-12,38.009666442871094
2020-05-13,37.98817443847656
2020-05-14,37.899131774902344
2020-05-15,38.672950744628906
2020-05-18,39.201114654541016
2020-05-19,38.368953704833984
2020-05-20,38.522491455078125
2020-05-21,38.381221771240234
2020-05-22,38.178558349609375
2020-05-26,38.03424072265625
2020-05-27,37.61048126220703
2020-05-28,37.982032775878906
2020-05-29,38.09564971923828
2020-06-01,38.06494903564453
2020-06-02,38.05880355834961
2020-06-03,37.91447448730469
2020-06-04,37.496864318847656
2020-06-05,37.32797622680664
2020-06-08,37.229698181152344
2020-06-09,37.26348876953125
2020-06-10,37.205135345458984
2020-06-11,36.876564025878906
2020-06-12,36.154945373535156
2020-06-15,36.25935363769531
2020-06-16,36.74144744873047
2020-06-17,36.55107498168945
2020-06-18,36.231727600097656
2020-06-19,36.80287551879883
2020-06-22,37.36480712890625
2020-06-23,37.17749786376953
2020-06-24,36.94105529785156
2020-06-25,36.759864807128906
2020-06-26,36.333045959472656
2020-06-29,36.56028747558594
2020-06-30,36.781375885009766
2020-07-01,36.75373077392578
2020-07-02,36.60633850097656
2020-07-06,36.50809097290039
2020-07-07,38.98308563232422
2020-07-08,38.212345123291016
2020-07-09,39.228755950927734
2020-07-10,40.12848663330078
2020-07-13,39.77227783203125
2020-07-14,40.536895751953125
2020-07-15,40.5338249206543
2020-07-16,40.59523391723633
2020-07-17,40.4539909362793
2020-07-20,40.37107849121094
2020-07-21,40.63516616821289
2020-07-22,40.73649978637695
2020-07-23,40.42327880859375
2020-07-24,40.300453186035156
2020-07-27,40.29124069213867
2020-07-28,40.46013641357422
2020-07-29,40.13156509399414
2020-07-30,39.95651626586914
2020-07-31,39.73542404174805
2020-08-03,39.7047233581543
2020-08-04,40.42327880859375
2020-08-05,39.861328125
2020-08-06,39.720088958740234
2020-08-07,39.91046142578125
2020-08-10,40.496978759765625
2020-08-11,39.98109436035156
2020-08-12,40.50004196166992
2020-08-13,40.65421676635742
2020-08-14,40.885467529296875
2020-08-17,41.81047058105469
2020-08-18,41.53607177734375
2020-08-19,40.82687759399414
2020-08-20,40.259544372558594
2020-08-21,40.58637619018555
2020-08-24,40.49388122558594
2020-08-25,40.278053283691406
2020-08-26,40.29963684082031
2020-08-27,42.1280632019043
2020-08-28,43.25966262817383
2020-08-31,42.812564849853516
2020-09-01,45.507442474365234
2020-09-02,45.53517532348633
2020-09-03,44.5670051574707
2020-09-04,44.03975296020508
2020-09-08,42.68924331665039
2020-09-09,43.133243560791016
2020-09-10,42.183570861816406
2020-09-11,42.14965057373047
2020-09-14,42.340824127197266
2020-09-15,42.353145599365234
2020-09-16,42.013973236083984
2020-09-17,42.14656066894531
2020-09-18,41.71489715576172
2020-09-21,42.26372146606445
2020-09-22,42.64606857299805
2020-09-23,41.93072509765625
2020-09-24,42.14965057373047
2020-09-25,42.32539749145508
2020-09-28,42.319244384765625
2020-09-29,42.28531265258789
2020-09-30,43.13941192626953
2020-10-01,44.116844177246094
2020-10-02,43.32133102416992
2020-10-05,43.72216033935547
2020-10-06,43.361412048339844
2020-10-07,43.441593170166016
2020-10-08,43.586490631103516
2020-10-09,44.02433776855469
2020-10-12,44.47760009765625
2020-10-13,45.088096618652344
2020-10-14,44.38200378417969
2020-10-15,44.56391906738281
2020-10-16,44.61943054199219
2020-10-19,44.076759338378906
2020-10-20,44.369667053222656
2020-10-21,44.52384948730469
2020-10-22,44.261749267578125
2020-10-23,44.35425567626953
2020-10-26,43.833168029785156
2020-10-27,44.05207824707031
2020-10-28,43.179500579833984
2020-10-29,43.14249801635742
2020-10-30,42.781742095947266
2020-11-02,43.29049301147461
2020-11-03,44.02433776855469
2020-11-04,43.77149963378906
2020-11-05,44.237091064453125
2020-11-06,44.94626998901367
2020-11-09,44.25867462158203
2020-11-10,44.88151550292969
2020-11-11,45.627681732177734
2020-11-12,45.704776763916016
2020-11-13,46.417030334472656
2020-11-16,47.00287628173828
2020-11-17,46.056278228759766
2020-11-18,45.96994400024414
2020-11-19,46.90420913696289
2020-11-20,46.324527740478516
2020-11-23,46.537288665771484
2020-11-24,46.66987228393555
2020-11-25,46.814781188964844
2020-11-27,46.74386978149414
2020-11-30,47.11079025268555
2020-12-01,47.06453323364258
2020-12-02,46.410850524902344
2020-12-03,46.03469467163086
2020-12-04,45.9144401550293
2020-12-07,45.66776657104492
2020-12-08,46.080936431884766
2020-12-09,45.71711349487305
2020-12-10,45.503578186035156
2020-12-11,45.49120330810547
2020-12-14,45.073421478271484
2020-12-15,45.051753997802734
2020-12-16,45.005340576171875
2020-12-17,45.21269226074219
2020-12-18,45.166259765625
2020-12-21,45.172447204589844
2020-12-22,44.624698638916016
2020-12-23,44.32143020629883
2020-12-24,44.4080696105957
2020-12-28,44.94034957885742
2020-12-29,44.65563201904297
2020-12-30,44.618507385253906
2020-12-31,44.609214782714844
2021-01-04,45.34574890136719
2021-01-05,45.10436248779297
2021-01-06,45.38597869873047
2021-01-07,45.382877349853516
2021-01-08,45.3766975402832
2021-01-11,45.58095169067383
2021-01-12,46.1008415222168
2021-01-13,45.63045883178711
2021-01-14,45.48191833496094
2021-01-15,44.760860443115234
2021-01-19,44.374019622802734
2021-01-20,45.030094146728516
2021-01-21,44.82584762573242
2021-01-22,45.28385543823242
2021-01-25,45.24363327026367
2021-01-26,45.64902877807617
2021-01-27,44.5133056640625
2021-01-28,44.48543930053711
2021-01-29,43.47658157348633
2021-02-01,43.09904479980469
2021-02-02,43.563232421875
2021-02-03,43.69629669189453
2021-02-04,44.10789108276367
2021-02-05,44.6742057800293
2021-02-08,44.88155746459961
2021-02-09,45.12913131713867
2021-02-10,44.60303497314453
2021-02-11,44.569000244140625
2021-02-12,44.708248138427734
2021-02-16,45.07651138305664
2021-02-17,45.55309295654297
2021-02-18,42.60080337524414
2021-02-19,42.811241149902344
2021-02-22,42.61009216308594
2021-02-23,41.9230842590332
2021-02-24,41.22369384765625
2021-02-25,40.833770751953125
2021-02-26,40.2055549621582
2021-03-01,40.65428161621094
2021-03-02,40.26435089111328
2021-03-03,39.4845085144043
2021-03-04,39.465938568115234
2021-03-05,39.95798110961914
2021-03-08,39.574241638183594
2021-03-09,39.88679504394531
2021-03-10,40.90494155883789
2021-03-11,40.889469146728516
2021-03-12,41.505306243896484
2021-03-15,41.29177474975586
2021-03-16,41.279388427734375
2021-03-17,40.935890197753906
2021-03-18,40.40138626098633
2021-03-19,40.93899917602539
2021-03-22,41.1347770690918
2021-03-23,41.622657775878906
2021-03-24,41.36473846435547
2021-03-25,41.6444091796875
2021-03-26,41.992454528808594
2021-03-29,42.47102737426758
2021-03-30,42.18202590942383
2021-03-31,42.209991455078125
2021-04-01,42.14472579956055
2021-04-05,43.328704833984375
2021-04-06,43.53691101074219
2021-04-07,43.44367980957031
2021-04-08,43.41572570800781
2021-04-09,43.43747329711914
2021-04-12,43.44367980957031
2021-04-13,43.31006622314453
2021-04-14,43.29452896118164
2021-04-15,43.5555534362793
2021-04-16,43.695396423339844
2021-04-19,43.41572570800781
2021-04-20,43.75133514404297
2021-04-21,43.87874221801758
2021-04-22,43.40328598022461
2021-04-23,43.474769592285156
2021-04-26,42.85635757446289
2021-04-27,43.002418518066406
2021-04-28,42.85014343261719
2021-04-29,43.3908576965332
2021-04-30,43.47787094116211
2021-05-03,44.164649963378906
2021-05-04,43.729583740234375
2021-05-05,43.692298889160156
2021-05-06,44.0042610168457
2021-05-07,43.739097595214844
2021-05-10,43.93252182006836
2021-05-11,43.53630065917969
2021-05-12,42.41006851196289
2021-05-13,43.12762451171875
2021-05-14,43.52694320678711
2021-05-17,43.33040237426758
2021-05-18,44.2725715637207
2021-05-19,44.27568817138672
2021-05-20,44.431671142578125
2021-05-21,44.222652435302734
2021-05-24,44.22577667236328
2021-05-25,44.40672302246094
2021-05-26,44.35368728637695
2021-05-27,44.20392990112305
2021-05-28,44.31001281738281
2021-06-01,44.194576263427734
2021-06-02,44.097862243652344
2021-06-03,44.17585754394531
2021-06-04,44.253849029541016
2021-06-07,43.95747756958008
2021-06-08,43.62366485595703
2021-06-09,43.389671325683594
2021-06-10,43.63925552368164
2021-06-11,43.91067886352539
2021-06-14,43.85139465332031
2021-06-15,43.67669677734375
2021-06-16,42.78756332397461
2021-06-17,42.965396881103516
2021-06-18,42.16984939575195
2021-06-21,42.5535774230957
2021-06-22,42.750125885009766
2021-06-23,42.41630935668945
2021-06-24,42.71269226074219
2021-06-25,43.21809005737305
2021-06-28,43.08393096923828
2021-06-29,42.83435821533203
2021-06-30,43.99490737915039
2021-07-01,43.46455001831055
2021-07-02,43.711002349853516
2021-07-06,43.6579704284668
2021-07-07,43.58622741699219
2021-07-08,43.54877853393555
2021-07-09,43.77028274536133
2021-07-12,43.692298889160156
2021-07-13,43.857643127441406
2021-07-14,44.160255432128906
2021-07-15,44.194576263427734
2021-07-16,44.16337585449219
2021-07-19,44.0604248046875
2021-07-20,44.26008987426758
2021-07-21,44.04170227050781
2021-07-22,44.07291030883789
2021-07-23,44.4348030090332
2021-07-26,44.497188568115234
2021-07-27,44.500301361083984
2021-07-28,44.319366455078125
2021-07-29,44.37552261352539
2021-07-30,44.47223663330078
2021-08-02,44.369285583496094
2021-08-03,44.86844253540039
2021-08-04,44.56271743774414
2021-08-05,45.389442443847656
2021-08-06,45.30833435058594
2021-08-09,45.41752624511719
2021-08-10,46.3846435546875
2021-08-11,46.79957580566406
2021-08-12,46.67433547973633
2021-08-13,46.82149124145508
2021-08-16,47.20351028442383
2021-08-17,47.187843322753906
2021-08-18,46.68685531616211
2021-08-19,47.00310516357422
2021-08-20,47.422691345214844
2021-08-23,47.10956573486328
2021-08-24,46.62422180175781
2021-08-25,46.64301681518555
2021-08-26,46.138885498046875
2021-08-27,45.878990173339844
2021-08-30,46.24848556518555
2021-08-31,46.37372970581055
2021-09-01,46.27352523803711
2021-09-02,46.51776123046875
2021-09-03,46.73382568359375
2021-09-07,46.113834381103516
2021-09-08,46.17332077026367
2021-09-09,45.8476676940918
2021-09-10,45.68171691894531
2021-09-13,45.42182922363281
2021-09-14,45.183841705322266
2021-09-15,45.26213836669922
2021-09-16,45.41244125366211
2021-09-17,45.31850051879883
2021-09-20,44.69538879394531
2021-09-21,44.783058166503906
2021-09-22,44.67971420288086
2021-09-23,44.70478057861328
2021-09-24,44.83002471923828
2021-09-27,44.541954040527344
2021-09-28,43.993988037109375
2021-09-29,43.975196838378906
2021-09-30,43.643280029296875
2021-10-01,42.91370391845703
2021-10-04,42.50038146972656
2021-10-05,42.779056549072266
2021-10-06,43.092185974121094
2021-10-07,43.59945297241211
2021-10-08,43.730960845947266
2021-10-11,43.690250396728516
2021-10-12,43.643280029296875
2021-10-13,43.32701110839844
2021-10-14,43.79671859741211
2021-10-15,44.0096435546875
2021-10-18,44.363468170166016
2021-10-19,45.30596923828125
2021-10-20,45.71616744995117
2021-10-21,45.96979904174805
2021-10-22,46.44887924194336
2021-10-25,46.98745346069336
2021-10-26,46.5772590637207
2021-10-27,46.19524383544922
2021-10-28,46.483314514160156
2021-10-29,46.78704833984375
2021-11-01,46.90290832519531
2021-11-02,46.88098907470703
2021-11-03,47.02503204345703
2021-11-04,47.36947250366211
2021-11-05,47.04068374633789
2021-11-08,46.74008560180664
2021-11-09,46.90290832519531
2021-11-10,46.480186462402344
2021-11-11,46.49897003173828
2021-11-12,46.267269134521484
2021-11-15,46.0011100769043
2021-11-16,44.83002471923828
2021-11-17,44.44487762451172
2021-11-18,44.8268928527832
2021-11-19,44.585777282714844
2021-11-22,45.33414840698242
2021-11-23,45.65666961669922
2021-11-24,45.88525390625
2021-11-26,45.37173080444336
2021-11-29,44.66093444824219
2021-11-30,44.0346794128418
2021-12-01,42.94188690185547
2021-12-02,42.418968200683594
2021-12-03,43.057743072509766
2021-12-06,43.524295806884766
2021-12-07,43.383392333984375
2021-12-08,42.94501495361328
2021-12-09,43.54235076904297
2021-12-10,44.33774185180664
2021-12-13,45.13628387451172
2021-12-14,45.566993713378906
2021-12-15,45.82792663574219
2021-12-16,45.06396484375
2021-12-17,43.620941162109375
2021-12-20,43.76241683959961
2021-12-21,43.89445114135742
2021-12-22,43.9510498046875
2021-12-23,43.85358428955078
2021-12-27,44.25286102294922
2021-12-28,44.88791275024414
2021-12-29,44.865909576416016
2021-12-30,45.010528564453125
2021-12-31,45.4883918762207
2022-01-03,45.47581100463867
2022-01-04,44.64269256591797
2022-01-05,45.246315002441406
2022-01-06,45.12055587768555
2022-01-07,45.551265716552734
2022-01-10,45.4632453918457
2022-01-11,45.33433532714844
2022-01-12,45.09540557861328
2022-01-13,45.733619689941406
2022-01-14,45.60470962524414
2022-01-18,44.806175231933594
2022-01-19,45.25259780883789
2022-01-20,44.3974723815918
2022-01-21,44.07365798950195
2022-01-24,44.07680130004883
2022-01-25,43.117916107177734
2022-01-26,42.67778396606445
2022-01-27,42.70608139038086
2022-01-28,43.23424530029297
2022-01-31,43.954185485839844
2022-02-01,44.30002212524414
2022-02-02,44.281150817871094
2022-02-03,44.325157165527344
2022-02-04,43.803287506103516
2022-02-07,43.372581481933594
2022-02-08,43.382015228271484
2022-02-09,43.28770065307617
2022-02-10,42.78153610229492
2022-02-11,42.545745849609375
2022-02-14,42.11189651489258
2022-02-15,42.24393844604492
2022-02-16,41.9798469543457
2022-02-17,43.66181182861328
2022-02-18,43.382015228271484
2022-02-22,42.89785385131836
2022-02-23,42.45771789550781
2022-02-24,42.29423904418945
2022-02-25,42.875850677490234
2022-02-28,42.492305755615234
2022-03-01,42.75323486328125
2022-03-02,42.806678771972656
2022-03-03,43.790714263916016
2022-03-04,44.90049743652344
2022-03-07,44.5389404296875
2022-03-08,43.61781311035156
2022-03-09,43.84415817260742
2022-03-10,44.840755462646484
2022-03-11,44.66470718383789
2022-03-14,45.28718566894531
2022-03-15,45.83106994628906
2022-03-16,45.695892333984375
2022-03-17,45.76531982421875
2022-03-18,45.901031494140625
2022-03-21,45.51915740966797
2022-03-22,45.383445739746094
2022-03-23,44.799583435058594
2022-03-24,45.07730484008789
2022-03-25,45.27297592163086
2022-03-28,46.0777702331543
2022-03-29,46.46595001220703
2022-03-30,47.29913330078125
2022-03-31,46.99931335449219
2022-04-01,47.65892791748047
2022-04-04,47.668392181396484
2022-04-05,47.804107666015625
2022-04-06,48.915016174316406
2022-04-07,49.404205322265625
2022-04-08,49.67877197265625
2022-04-11,48.6941032409668
2022-04-12,48.35955810546875
2022-04-13,49.618797302246094
2022-04-14,49.57462692260742
2022-04-18,49.19590377807617
2022-04-19,49.7545166015625
2022-04-20,50.37941360473633
2022-04-21,50.45515441894531
2022-04-22,49.505191802978516
2022-04-25,49.53044128417969
2022-04-26,49.01285171508789
2022-04-27,48.67832565307617
2022-04-28,49.300045013427734
2022-04-29,48.2838134765625
2022-05-02,47.96505355834961
2022-05-03,48.132328033447266
2022-05-04,48.798248291015625
2022-05-05,48.3801383972168
2022-05-06,47.37287902832031
2022-05-09,47.92719268798828
2022-05-10,47.252506256103516
2022-05-11,46.758392333984375
2022-05-12,46.71404266357422
2022-05-13,46.89458084106445
2022-05-16,46.94526672363281
2022-05-17,41.60489273071289
2022-05-18,38.779502868652344
2022-05-19,37.71521759033203
2022-05-20,37.75640106201172
2022-05-23,38.833343505859375
2022-05-24,39.317970275878906
2022-05-25,39.077239990234375
2022-05-26,39.9102897644043
2022-05-27,40.69581985473633
2022-05-31,40.74333572387695
2022-06-01,39.736080169677734
2022-06-02,40.388580322265625
2022-06-03,39.69489669799805
2022-06-06,39.552364349365234
2022-06-07,39.077239990234375
2022-06-08,38.738311767578125
2022-06-09,38.3328857421875
2022-06-10,38.54826354980469
2022-06-13,37.822914123535156
2022-06-14,37.8387565612793
2022-06-15,37.813411712646484
2022-06-16,38.20618438720703
2022-06-17,37.46815490722656
2022-06-21,38.6971435546875
2022-06-22,38.228363037109375
2022-06-23,39.15642547607422
2022-06-24,39.18810272216797
2022-06-27,39.31480407714844
2022-06-28,38.760494232177734
2022-06-29,38.61794662475586
2022-06-30,38.51026916503906
2022-07-01,38.84284973144531
2022-07-05,39.35597610473633
2022-07-06,39.63471603393555
2022-07-07,39.69489669799805
2022-07-08,39.720237731933594
2022-07-11,39.736080169677734
2022-07-12,39.615718841552734
2022-07-13,39.71073532104492
2022-07-14,40.48677444458008
2022-07-15,40.8827018737793
2022-07-18,40.787681579589844
2022-07-19,41.03791809082031
2022-07-20,41.38001251220703
2022-07-21,41.984989166259766
2022-07-22,41.877296447753906
2022-07-25,41.81711959838867
2022-07-26,38.63695526123047
2022-07-27,40.097171783447266
2022-07-28,41.09809875488281
2022-07-29,41.82661437988281
2022-08-01,41.981815338134766
2022-08-02,42.026161193847656
2022-08-03,41.335655212402344
2022-08-04,39.77409362792969
2022-08-05,40.09400939941406
2022-08-08,40.420249938964844
2022-08-09,40.81935119628906
2022-08-10,40.90488052368164
2022-08-11,41.29935073852539
2022-08-12,42.0628662109375
2022-08-15,42.183753967285156
2022-08-16,44.33747863769531
2022-08-17,44.385196685791016
2022-08-18,44.242042541503906
2022-08-19,43.589874267578125
2022-08-22,42.810462951660156
2022-08-23,42.62914276123047
2022-08-24,42.937721252441406
2022-08-25,43.22403335571289
2022-08-26,41.865623474121094
2022-08-29,42.272823333740234
2022-08-30,42.14558029174805
2022-08-31,42.1678466796875
2022-09-01,42.78183364868164
2022-09-02,42.311004638671875
2022-09-06,42.10104751586914
2022-09-07,43.182674407958984
2022-09-08,43.40217208862305
2022-09-09,43.53261184692383
2022-09-12,43.923912048339844
2022-09-13,43.01723861694336
2022-09-14,42.92180633544922
2022-09-15,42.46052551269531
2022-09-16,42.37144470214844
2022-09-19,42.73411560058594
2022-09-20,42.4859733581543
2022-09-21,42.87409210205078
2022-09-22,42.4350700378418
2022-09-23,41.37569808959961
2022-09-26,41.77336502075195
2022-09-27,41.658836364746094
2022-09-28,42.34599304199219
2022-09-29,42.07240295410156
2022-09-30,41.26118087768555
2022-10-03,42.16147994995117
2022-10-04,42.70866012573242
2022-10-05,42.285552978515625
2022-10-06,41.89107894897461
2022-10-07,40.89851760864258
2022-10-10,41.14029312133789
2022-10-11,42.206024169921875
2022-10-12,41.728824615478516
2022-10-13,42.081947326660156
2022-10-14,41.493408203125
2022-10-17,41.792457580566406
2022-10-18,42.673667907714844
2022-10-19,42.55278396606445
2022-10-20,42.65775680541992
2022-10-21,43.519893646240234
2022-10-24,44.3502082824707
2022-10-25,44.560157775878906
2022-10-26,44.90056228637695
2022-10-27,44.7701301574707
2022-10-28,45.33639907836914
2022-10-31,45.27913284301758
2022-11-01,45.075538635253906
2022-11-02,44.776493072509766
2022-11-03,44.76695251464844
2022-11-04,44.84648895263672
2022-11-07,45.31731414794922
2022-11-08,45.425472259521484
2022-11-09,44.36928939819336
2022-11-10,45.28867721557617
2022-11-11,45.35866928100586
2022-11-14,44.02571105957031
2022-11-15,46.9047737121582
2022-11-16,47.241981506347656
2022-11-17,47.08292007446289
2022-11-18,47.7923469543457
2022-11-21,48.08502197265625
2022-11-22,48.25681686401367
2022-11-23,48.48904037475586
2022-11-25,48.695831298828125
2022-11-28,48.835792541503906
2022-11-29,48.66400909423828
2022-11-30,48.48904037475586
2022-12-01,48.7912712097168
2022-12-02,48.74354553222656
2022-12-05,48.24408721923828
2022-12-06,47.68418884277344
2022-12-07,47.43604278564453
2022-12-08,47.509490966796875
2022-12-09,46.401424407958984
2022-12-12,47.26680374145508
2022-12-13,47.097564697265625
2022-12-14,46.83570861816406
2022-12-15,46.417388916015625
2022-12-16,45.583946228027344
2022-12-19,45.599910736083984
2022-12-20,45.999080657958984
2022-12-21,46.35991668701172
2022-12-22,45.817054748535156
2022-12-23,45.9096565246582
2022-12-27,45.92243194580078
2022-12-28,45.11772918701172
2022-12-29,45.3923454284668
2022-12-30,45.27739334106445
2023-01-03,45.85537338256836
2023-01-04,45.906463623046875
2023-01-05,45.75
2023-01-06,46.87084197998047
2023-01-09,46.286460876464844
2023-01-10,46.257728576660156
2023-01-11,46.66327667236328
2023-01-12,46.24176025390625
2023-01-13,46.39503860473633
2023-01-17,46.11402130126953
2023-01-18,44.974029541015625
2023-01-19,44.332183837890625
2023-01-20,44.87822723388672
2023-01-23,45.5488166809082
2023-01-24,45.67015838623047
2023-01-25,45.453025817871094
2023-01-26,45.411502838134766
2023-01-27,45.75957489013672
2023-01-30,45.3923454284668
2023-01-31,45.941593170166016
2023-02-01,46.197052001953125
2023-02-02,45.86176681518555
2023-02-03,45.25185012817383
2023-02-06,44.922935485839844
2023-02-07,45.01873779296875
2023-02-08,44.77605056762695
2023-02-09,45.1911735534668
2023-02-10,45.893699645996094
2023-02-13,46.593017578125
2023-02-14,46.458900451660156
2023-02-15,46.803768157958984
2023-02-16,46.0693244934082
2023-02-17,46.76226043701172
2023-02-21,47.04646682739258
2023-02-22,46.059749603271484
2023-02-23,45.37318801879883
2023-02-24,45.494537353515625
2023-02-27,45.16563034057617
2023-02-28,45.385955810546875
2023-03-01,44.753700256347656
2023-03-02,44.86545944213867
2023-03-03,44.91975021362305
2023-03-06,44.913352966308594
2023-03-07,44.466304779052734
2023-03-08,44.09907150268555
2023-03-09,43.80209732055664
2023-03-10,43.73823165893555
2023-03-13,43.86595916748047
2023-03-14,44.09907150268555
2023-03-15,44.59083557128906
2023-03-16,44.337528228759766
2023-03-17,44.696651458740234
2023-03-20,45.177608489990234
2023-03-21,45.023704528808594
2023-03-22,44.735130310058594
2023-03-23,45.097442626953125
2023-03-24,45.4661750793457
2023-03-27,46.226078033447266
2023-03-28,46.04652404785156
2023-03-29,46.245323181152344
2023-03-30,46.70703125
2023-03-31,47.277767181396484
2023-04-03,47.67536163330078
2023-04-04,47.20723342895508
2023-04-05,47.98957443237305
2023-04-06,48.351898193359375
2023-04-10,48.258914947509766
2023-04-11,48.117835998535156
2023-04-12,47.883758544921875
2023-04-13,47.93186569213867
2023-04-14,47.60802459716797
2023-04-17,47.94148635864258
2023-04-18,48.04729461669922
2023-04-19,48.09859085083008
2023-04-20,48.406410217285156
2023-04-21,48.650089263916016
2023-04-24,48.98033905029297
2023-04-25,48.598785400390625
2023-04-26,48.38715744018555
2023-04-27,48.53786087036133
2023-04-28,48.406410217285156
2023-05-01,48.605201721191406
2023-05-02,48.47373962402344
2023-05-03,48.294185638427734
2023-05-04,48.42935562133789
2023-05-05,48.8477783203125
2023-05-08,49.153533935546875
2023-05-09,49.23721694946289
2023-05-10,49.098812103271484
2023-05-11,49.28227615356445
2023-05-12,49.26618576049805
2023-05-15,48.88317108154297
2023-05-16,48.207275390625
2023-05-17,48.12681579589844
2023-05-18,48.751220703125
2023-05-19,48.249122619628906
2023-05-22,47.82427215576172
2023-05-23,47.734161376953125
2023-05-24,47.515289306640625
2023-05-25,47.042171478271484
2023-05-26,47.1258544921875
2023-05-30,47.009986877441406
2023-05-31,47.270687103271484
2023-06-01,47.44448471069336
2023-06-02,47.8983039855957
2023-06-05,48.21371841430664
2023-06-06,48.207275390625
2023-06-07,48.27809524536133
2023-06-08,48.97650909423828
2023-06-09,49.272613525390625
2023-06-12,49.597694396972656
2023-06-13,49.98391342163086
2023-06-14,50.48922348022461
2023-06-15,50.766014099121094
2023-06-16,50.05794143676758
2023-06-20,49.617000579833984
2023-06-21,49.71355438232422
2023-06-22,50.12875747680664
2023-06-23,50.03540802001953
2023-06-26,49.90345764160156
2023-06-27,49.72321701049805
2023-06-28,49.993568420410156
2023-06-29,49.6556282043457
2023-06-30,50.5890007019043
2023-07-03,50.917301177978516
2023-07-05,50.88832473754883
2023-07-06,50.566471099853516
2023-07-07,49.40135955810547
2023-07-10,49.84873580932617
2023-07-11,49.77471160888672
2023-07-12,49.900238037109375
2023-07-13,49.60734558105469
2023-07-14,49.777931213378906
2023-07-17,49.83907699584961
2023-07-18,49.748966217041016
2023-07-19,49.76506423950195
2023-07-20,50.68556213378906
2023-07-21,50.97200393676758
2023-07-24,51.271324157714844
2023-07-25,51.229488372802734
2023-07-26,51.412940979003906
2023-07-27,51.22627639770508
2023-07-28,51.4676628112793
2023-07-31,51.451560974121094
2023-08-01,51.21017074584961
2023-08-02,51.24558639526367
2023-08-03,51.258453369140625
2023-08-04,50.96235275268555
2023-08-07,51.65433883666992
2023-08-08,51.705833435058594
2023-08-09,51.789520263671875
2023-08-10,51.763671875
2023-08-11,52.06728744506836
2023-08-14,51.67969512939453
2023-08-15,51.41484069824219
2023-08-16,51.440673828125
2023-08-17,50.28757858276367
2023-08-18,51.0110969543457
2023-08-21,50.875431060791016
2023-08-22,50.71393585205078
2023-08-23,51.06599807739258
2023-08-24,50.6751708984375
2023-08-25,50.97557067871094
2023-08-28,51.26625442504883
2023-08-29,51.69585037231445
2023-08-30,52.06728744506836
2023-08-31,52.52272033691406
2023-09-01,52.18680953979492
2023-09-05,51.76689529418945
2023-09-06,52.15449523925781
2023-09-07,52.80050277709961
2023-09-08,52.897403717041016
2023-09-11,53.08151626586914
2023-09-12,53.139652252197266
2023-09-13,53.152565002441406
2023-09-14,53.375431060791016
2023-09-15,53.178409576416016
2023-09-18,52.78434753417969
2023-09-19,52.77143096923828
2023-09-20,52.9426155090332
2023-09-21,52.29985046386719
2023-09-22,52.43874740600586
2023-09-25,52.671302795410156
2023-09-26,52.48719024658203
2023-09-27,52.235252380371094
2023-09-28,52.50010681152344
2023-09-29,51.65708541870117
2023-10-02,51.711997985839844
2023-10-03,51.38576889038086
2023-10-04,52.00270080566406
2023-10-05,51.38254165649414
2023-10-06,50.520137786865234
2023-10-09,50.33602523803711
2023-10-10,50.904502868652344
2023-10-11,51.10799026489258
2023-10-12,51.34054946899414
2023-10-13,51.624786376953125
2023-10-16,52.070526123046875
2023-10-17,52.13835906982422
2023-10-18,52.1771125793457
2023-10-19,51.92840576171875
2023-10-20,51.279178619384766
2023-10-23,52.00592041015625
2023-10-24,52.72943878173828
2023-10-25,52.57117462158203
2023-10-26,52.251407623291016
2023-10-27,52.05759811401367
2023-10-30,52.655147552490234
2023-10-31,52.781124114990234
2023-11-01,53.25270462036133
2023-11-02,53.462646484375
2023-11-03,53.18486785888672
2023-11-06,53.25593185424805
2023-11-07,53.504638671875
2023-11-08,53.06858444213867
2023-11-09,52.94584655761719
2023-11-10,53.67905807495117
2023-11-13,54.16032028198242
2023-11-14,54.150630950927734
2023-11-15,54.8386116027832
2023-11-16,50.4006233215332
2023-11-17,50.17775344848633
2023-11-20,50.16160202026367
2023-11-21,50.34248352050781
2023-11-22,49.9581184387207
2023-11-24,50.40708541870117
2023-11-27,50.63641357421875
2023-11-28,51.24042510986328
2023-11-29,50.413551330566406
2023-11-30,50.28757858276367
2023-12-01,49.851524353027344
2023-12-04,49.8386116027832
2023-12-05,50.300498962402344
2023-12-06,49.7546272277832
2023-12-07,49.427188873291016
2023-12-08,48.90846633911133
2023-12-11,49.03166198730469
2023-12-12,49.07057189941406
2023-12-13,49.94266128540039
2023-12-14,49.333168029785156
2023-12-15,49.517967224121094
2023-12-18,50.24092483520508
2023-12-19,50.42247772216797
2023-12-20,49.83243179321289
2023-12-21,50.18581008911133
2023-12-22,50.785579681396484
2023-12-26,50.707767486572266
2023-12-27,51.1843376159668
2023-12-28,51.083839416503906
2023-12-29,51.10976791381836
2024-01-02,51.64146041870117
2024-01-03,51.64469909667969
2024-01-04,51.14543151855469
2024-01-05,50.80502700805664
2024-01-08,51.304290771484375
2024-01-09,51.647945404052734
2024-01-10,52.289852142333984
2024-01-11,52.23149871826172
2024-01-12,52.299583435058594
2024-01-16,52.46492385864258
2024-01-17,52.21853256225586
2024-01-18,52.92203903198242
2024-01-19,52.64323043823242
2024-01-22,52.6464729309082
2024-01-23,52.779396057128906
2024-01-24,52.03373718261719
2024-01-25,52.7923583984375
2024-01-26,53.255958557128906
2024-01-29,53.50558853149414
2024-01-30,53.683902740478516
2024-01-31,53.57367706298828
2024-02-01,54.56572341918945
2024-02-02,54.974205017089844
2024-02-05,54.6791877746582
2024-02-06,55.0520133972168
2024-02-07,54.91261291503906
2024-02-08,54.90937423706055
2024-02-09,54.88019561767578
2024-02-12,55.21087646484375
2024-02-13,54.83480453491211
2024-02-14,54.65974426269531
2024-02-15,54.88343811035156
2024-02-16,55.23032760620117
2024-02-20,57.01341247558594
2024-02-21,56.313148498535156
2024-02-22,56.867530822753906
2024-02-23,56.91615295410156
2024-02-26,57.966548919677734
2024-02-27,57.95682907104492
2024-02-28,57.98600387573242
2024-02-29,57.00368881225586
2024-03-01,57.149574279785156
2024-03-04,57.67477798461914
2024-03-05,58.39449691772461
2024-03-06,58.90997314453125
2024-03-07,58.70573043823242
2024-03-08,58.4723014831543
2024-03-11,58.997501373291016
2024-03-12,59.726951599121094
2024-03-13,59.60050964355469
2024-03-14,59.54977035522461
2024-03-15,59.217960357666016
2024-03-18,59.39362335205078
2024-03-19,59.40338134765625
2024-03-20,59.77421951293945
2024-03-21,59.96940231323242
2024-03-22,59.40338134765625
2024-03-25,59.11060333251953
2024-03-26,59.05204772949219
2024-03-27,59.25699234008789
2024-03-28,58.72024154663086
2024-04-01,58.554344177246094
2024-04-02,57.73457717895508
2024-04-03,57.99807357788086
2024-04-04,58.0663948059082
2024-04-05,58.407955169677734
2024-04-08,58.33964157104492
2024-04-09,58.34939956665039
2024-04-10,59.15940475463867
2024-04-11,58.642173767089844
2024-04-12,58.69097137451172
2024-04-15,58.48603057861328
2024-04-16,58.398193359375
2024-04-17,58.21277618408203
2024-04-18,57.83217239379883
2024-04-19,58.09566879272461
2024-04-22,58.69097137451172
2024-04-23,57.666263580322266
2024-04-24,58.427467346191406
2024-04-25,58.759281158447266
2024-04-26,58.71048355102539
2024-04-29,58.78855895996094
2024-04-30,57.92000198364258
2024-05-01,57.43204879760742
2024-05-02,58.271324157714844
2024-05-03,58.37868881225586
2024-05-06,58.427467346191406
2024-05-07,59.15940475463867
2024-05-08,58.84711456298828
2024-05-09,59.18790054321289
2024-05-10,59.22707748413086
2024-05-13,59.158531188964844
2024-05-14,58.61992645263672
2024-05-15,58.59054183959961
2024-05-16,62.68395233154297
2024-05-17,63.31068801879883
2024-05-20,62.850433349609375
2024-05-21,63.800323486328125
2024-05-22,63.898250579833984
2024-05-23,63.49674987792969
2024-05-24,64.02556610107422
2024-05-28,63.69260787963867
2024-05-29,63.57509231567383
2024-05-30,63.545711517333984
2024-05-31,64.39769744873047
2024-06-03,64.45645141601562
2024-06-04,65.22029113769531
2024-06-05,65.70014190673828
2024-06-06,65.75889587402344
2024-06-07,64.51520538330078
2024-06-10,65.57283020019531
2024-06-11,65.34760284423828
2024-06-12,64.9363021850586
2024-06-13,65.3182144165039
2024-06-14,65.631591796875
2024-06-17,66.0233154296875
2024-06-18,66.1995849609375
2024-06-20,66.60108184814453
2024-06-21,66.50315856933594
2024-06-24,67.47265625
2024-06-25,66.0233154296875
2024-06-26,66.87527465820312
2024-06-27,66.47377014160156
2024-06-28,66.30729675292969
2024-07-01,66.08206176757812
2024-07-02,66.65984344482422
2024-07-03,66.8263168334961
2024-07-05,68.58903503417969
2024-07-08,68.23648834228516
2024-07-09,68.45193481445312
2024-07-10,68.95136260986328
2024-07-11,68.35399627685547
2024-07-12,67.80560302734375
2024-07-15,68.16793823242188
2024-07-16,68.5400619506836
2024-07-17,69.55850982666016
2024-07-18,69.35286712646484
2024-07-19,69.2843246459961
2024-07-22,68.92198181152344
2024-07-23,69.18639373779297
2024-07-24,69.13742065429688
2024-07-25,68.5694351196289
2024-07-26,68.33439636230469
2024-07-29,68.17772674560547
2024-07-30,67.75664520263672
2024-07-31,67.2180404663086
2024-08-01,68.3442153930664
2024-08-02,67.04176330566406
2024-08-05,66.18977355957031
2024-08-06,66.33666229248047
2024-08-07,65.52387237548828
2024-08-08,66.25833892822266
2024-08-09,66.54231262207031
2024-08-12,67.27677917480469
2024-08-13,66.71858978271484
2024-08-14,67.23761749267578
2024-08-15,71.66398620605469
2024-08-16,72.1333999633789
2024-08-19,72.39856719970703
2024-08-20,73.20386505126953
2024-08-21,73.89132690429688
2024-08-22,74.22522735595703
2024-08-23,74.34307861328125
2024-08-26,74.66716003417969
2024-08-27,74.76537322998047
2024-08-28,74.71627044677734
2024-08-29,75.0501708984375
2024-08-30,75.84564971923828
2024-09-03,75.78672790527344
2024-09-04,75.85547637939453
2024-09-05,75.58049774169922
2024-09-06,75.2662353515625
2024-09-09,75.95368194580078
2024-09-10,77.39733123779297
2024-09-11,77.42678833007812
2024-09-12,78.23210906982422
2024-09-13,79.1552505493164
2024-09-16,79.11595916748047
2024-09-17,77.19110107421875
2024-09-18,77.6133804321289
2024-09-19,76.64112854003906
2024-09-20,77.6428451538086
2024-09-23,78.89009094238281
2024-09-24,79.2239990234375
2024-09-25,79.94090270996094
2024-09-26,78.48743438720703
2024-09-27,78.3499526977539
2024-09-30,79.30255889892578
2024-10-01,79.81324005126953
2024-10-02,78.98829650878906
2024-10-03,78.98829650878906
2024-10-04,79.48915100097656
2024-10-07,77.68213653564453
2024-10-08,78.28118896484375
2024-10-09,78.95883178710938
2024-10-10,78.18299865722656
2024-10-11,78.6642074584961
2024-10-14,78.85079956054688
2024-10-15,80.1864242553711
2024-10-16,79.76412963867188
2024-10-17,79.4400405883789
2024-10-18,79.8525161743164
2024-10-21,79.36148071289062
2024-10-22,80.54978942871094
2024-10-23,81.77738189697266
2024-10-24,81.551513671875
2024-10-25,81.03101348876953
2024-10-28,81.2667007446289
2024-10-29,80.23553466796875
2024-10-30,79.93108367919922
2024-10-31,80.48104858398438
2024-11-01,80.71674346923828
2024-11-04,80.97209167480469
2024-11-05,82.18003845214844
2024-11-06,81.94434356689453
2024-11-07,82.34698486328125
2024-11-08,83.30943298339844
2024-11-11,82.70053100585938
2024-11-12,83.46656799316406
2024-11-13,83.96741485595703
2024-11-14,82.95588684082031
2024-11-15,82.73982238769531
2024-11-18,82.5728759765625
2024-11-19,85.04769134521484
2024-11-20,85.61729431152344
2024-11-21,86.80561065673828
2024-11-22,88.8188705444336
2024-11-25,87.89571380615234
2024-11-26,89.67326354980469
2024-11-27,90.2330551147461
2024-11-29,90.84193420410156
2024-12-02,90.97943115234375
2024-12-03,91.83383178710938
2024-12-04,92.75698852539062
2024-12-05,93.59174346923828
2024-12-06,93.98458862304688
2024-12-09,92.14810943603516
2024-12-10,92.85518646240234
2024-12-11,93.25784301757812
2024-12-12,92.4034423828125
2024-12-13,92.7656478881836
2024-12-16,93.37588500976562
2024-12-17,93.91722869873047
2024-12-18,92.07667541503906
2024-12-19,91.92903137207031
2024-12-20,90.78730773925781
2024-12-23,88.92707824707031
2024-12-24,91.2203598022461
2024-12-26,91.32864379882812
2024-12-27,90.21643829345703
2024-12-30,89.14360809326172
2024-12-31,88.92707824707031
2025-01-02,88.58258056640625
2025-01-03,89.35028839111328
2025-01-06,89.99005126953125
2025-01-07,89.37981414794922
2025-01-08,90.354248046875
2025-01-10,91.53533172607422
2025-01-13,90.08848571777344
2025-01-14,89.36014556884766
2025-01-15,89.90147399902344
2025-01-16,89.86210632324219
2025-01-17,90.49202728271484
2025-01-21,91.61406707763672
2025-01-22,91.76171112060547
2025-01-23,92.33257293701172
2025-01-24,93.26761627197266
2025-01-27,95.86603546142578
2025-01-28,95.75777435302734
2025-01-29,95.96446228027344
2025-01-30,97.09635925292969
2025-01-31,96.61407470703125
2025-02-03,97.97232818603516
2025-02-04,99.18295288085938
2025-02-05,100.84634399414062
2025-02-06,101.2302017211914
2025-02-07,99.55696868896484
2025-02-10,101.29910278320312
2025-02-11,100.85619354248047
2025-02-12,101.97823333740234
2025-02-13,103.39556121826172
2025-02-14,102.4014663696289
2025-02-18,102.14555358886719
2025-02-19,102.36209106445312
2025-02-20,95.67903137207031
2025-02-21,93.28730010986328
2025-02-24,92.19478607177734
2025-02-25,96.15147399902344
2025-02-26,94.68492126464844
2025-02-27,95.26565551757812
2025-02-28,97.0569839477539
2025-03-03,96.05303955078125
2025-03-04,93.47430419921875
2025-03-05,94.46839904785156
2025-03-06,93.14950561523438
2025-03-07,90.27549743652344
2025-03-10,86.4369125366211
2025-03-11,86.0628890991211
2025-03-12,83.8581771850586
2025-03-13,83.16919708251953
2025-03-14,84.00582122802734
2025-03-17,86.08258056640625
2025-03-18,84.24201965332031
2025-03-19,84.97038269042969
2025-03-20,84.45857238769531
2025-03-21,84.85829162597656
2025-03-24,86.34859466552734
2025-03-25,83.6541976928711
2025-03-26,84.09833526611328
2025-03-27,84.5128402709961
2025-03-28,84.03911590576172
2025-03-31,86.6446762084961
2025-04-01,87.67110443115234
2025-04-02,88.58897399902344
2025-04-03,86.12159729003906
2025-04-04,82.10467529296875
2025-04-07,82.73633575439453
2025-04-08,80.72295379638672
2025-04-09,88.43104553222656
2025-04-10,89.4278793334961
2025-04-11,91.58930969238281
2025-04-14,93.4941177368164
2025-04-15,92.7440414428711
2025-04-16,90.00032043457031
2025-04-17,92.00382995605469
2025-04-21,91.20440673828125
2025-04-22,93.61256408691406
2025-04-23,93.72112274169922
2025-04-24,94.58964538574219
2025-04-25,93.84943389892578
2025-04-28,93.97773742675781
2025-04-29,94.78704071044922
2025-04-30,95.98125457763672
2025-05-01,96.13916778564453
2025-05-02,97.46168518066406
2025-05-05,98.03411865234375
2025-05-06,97.26429748535156
2025-05-07,97.54064178466797
2025-05-08,96.15890502929688
2025-05-09,95.68896484375
2025-05-12,95.7186508178711
2025-05-13,94.85791778564453
2025-05-14,95.79779815673828
2025-05-15,95.32290649414062
2025-05-16,97.19276428222656
2025-05-19,97.07404327392578
2025-05-20,96.75746154785156
2025-05-21,95.40205383300781
2025-05-22,94.90738677978516
2025-05-23,95.3130111694336
2025-05-27,96.53980255126953
2025-05-28,96.20342254638672
2025-05-29,96.06491088867188
2025-05-30,97.66764831542969
2025-06-02,98.7064437866211
2025-06-03,98.91421508789062
2025-06-04,98.29092407226562
2025-06-05,96.9157485961914
2025-06-06,96.43096160888672
2025-06-09,96.41117858886719
2025-06-10,96.2825698852539
2025-06-11,94.77877807617188
2025-06-12,93.8191146850586
2025-06-13,93.43328094482422
2025-06-16,93.28487396240234
2025-06-17,93.24529266357422
2025-06-18,94.07633972167969
2025-06-20,95.09536743164062
2025-06-23,96.82669830322266
2025-06-24,96.955322265625
2025-06-25,96.22321319580078
2025-06-26,94.99641418457031
2025-06-27,96.23310089111328
2025-06-30,96.7376708984375
2025-07-01,97.19276428222656
2025-07-02,96.5694808959961
2025-07-03,97.31149291992188
2025-07-07,98.29092407226562
2025-07-08,96.05502319335938
2025-07-09,95.77799987792969
2025-07-10,93.84880065917969
2025-07-11,93.39369201660156
2025-07-14,94.75897979736328
2025-07-15,94.3731460571289
2025-07-16,94.13569641113281
2025-07-17,94.07633972167969
2025-07-18,94.0367660522461
2025-07-21,94.65015411376953
2025-07-22,94.82823944091797
2025-07-23,94.66004943847656
2025-07-24,95.57023620605469
2025-07-25,96.43096160888672
2025-07-28,96.5694808959961
2025-07-29,97.28180694580078
2025-07-30,96.54969024658203
2025-07-31,96.93553924560547
2025-08-01,97.44009399414062
2025-08-04,98.52836608886719
2025-08-05,98.25135803222656
2025-08-06,102.25818634033203
2025-08-07,102.020751953125
2025-08-08,102.62423706054688
2025-08-11,102.82209777832031
2025-08-12,102.51541137695312
2025-08-13,99.91344451904297
2025-08-14,99.77494049072266
2025-08-15,99.16507720947266
2025-08-18,99.85922241210938
2025-08-19,100.4443130493164
2025-08-20,101.71361541748047
2025-08-21,97.14210510253906
2025-08-22,96.02154541015625
2025-08-25,95.26789093017578
2025-08-26,95.24806213378906
2025-08-27,95.27780151367188
2025-08-28,95.30755615234375
2025-08-29,96.17029571533203
2025-09-02,97.03301239013672
2025-09-03,98.60974884033203
2025-09-04,100.0873031616211
2025-09-05,99.67081451416016
2025-09-08,101.42603302001953
2025-09-09,101.43595123291016
2025-09-10,99.5716552734375
2025-09-11,101.79295349121094
2025-09-12,102.62593078613281
2025-09-15,102.82427215576172
2025-09-16,102.5565185546875
2025-09-17,103.39942932128906
2025-09-18,102.73501586914062
2025-09-19,101.47562408447266
2025-09-22,101.96154022216797
2025-09-23,101.66402435302734
2025-09-24,101.87228393554688
2025-09-25,102.18961334228516
2025-09-26,102.29869079589844
2025-09-29,102.2193603515625
2025-09-30,102.19953155517578
2025-10-01,101.10870361328125
2025-10-02,100.85087585449219
2025-10-03,101.2177963256836
2025-10-06,101.842529296875
2025-10-07,102.37802124023438
2025-10-08,102.04086303710938
2025-10-09,100.92029571533203
2025-10-10,100.98970794677734
2025-10-13,101.26736450195312
2025-10-14,106.31488037109375
2025-10-15,108.11967468261719
2025-10-16,105.5810546875
2025-10-17,106.8305435180664
2025-10-20,106.15621185302734
2025-10-21,105.33314514160156
2025-10-22,106.2454605102539
2025-10-23,105.9677963256836
2025-10-24,105.28355407714844
2025-10-27,103.59776306152344
2025-10-28,102.30860137939453
2025-10-29,101.60453033447266
2025-10-30,101.37645721435547
2025-10-31,100.33522033691406
2025-11-03,100.7417984008789
2025-11-04,101.4161148071289
2025-11-05,100.622802734375
2025-11-06,100.83104705810547
2025-11-07,101.73344421386719
2025-11-10,101.56486511230469
2025-11-11,102.57635498046875
2025-11-12,102.57635498046875
2025-11-13,101.6838607788086
2025-11-14,101.6243667602539
2025-11-17,102.09043884277344
2025-11-18,100.54346466064453
2025-11-19,99.76997375488281
2025-11-20,106.21570587158203
2025-11-21,104.44065856933594
2025-11-24,103.19116973876953
2025-11-25,106.10663604736328
2025-11-26,108.18909454345703
2025-11-28,109.58732604980469
2025-12-01,110.59880065917969
2025-12-02,111.4714584350586
2025-12-03,113.45475769042969
2025-12-04,113.88116455078125
2025-12-05,114.14891815185547
2025-12-08,112.61185455322266
2025-12-09,114.09933471679688
2025-12-10,112.23503112792969
2025-12-11,114.55549621582031
2025-12-12,115.96154022216797
2025-12-15,116.05097961425781
2025-12-16,114.68964385986328
2025-12-17,114.92813110351562
2025-12-18,114.10337829589844
2025-12-19,113.63634490966797
2025-12-22,111.88748931884766
2025-12-23,110.1982421875
2025-12-24,110.90374755859375
2025-12-26,111.0329360961914
2025-12-29,111.81792449951172
2025-12-30,111.21178436279297
2025-12-31,110.70502471923828
2026-01-02,112.04647827148438
2026-01-05,111.99678802490234
2026-01-06,113.61647033691406
2026-01-07,112.00672912597656
2026-01-08,112.35450744628906
2026-01-09,113.8052749633789
2026-01-12,117.22350311279297
2026-01-13,119.59837341308594
2026-01-14,119.28040313720703
2026-01-15,118.44572448730469
2026-01-16,118.94255828857422
2026-01-20,117.95882415771484
2026-01-21,118.6047134399414
2026-01-22,117.08439636230469
2026-01-23,116.98502349853516
2026-01-26,116.89559936523438
2026-01-27,116.20002746582031
2026-01-28,115.8323745727539
2026-01-29,116.66705322265625
2026-01-30,118.3861083984375
2026-02-02,123.27496337890625
2026-02-03,126.90187072753906
2026-02-04,127.19003295898438
2026-02-05,126.13675689697266
2026-02-06,130.34991455078125
2026-02-09,128.20358276367188
2026-02-10,125.89826202392578
2026-02-11,127.95516204833984
2026-02-12,132.79434204101562
2026-02-13,133.0427703857422
2026-02-17,128.03466796875
2026-02-18,125.81877136230469
2026-02-19,124.07984161376953
2026-02-20,122.21174621582031
2026-02-23,125.01390075683594
2026-02-24,125.94794464111328
2026-02-25,124.95427703857422
2026-02-26,123.6326904296875
2026-02-27,127.14035034179688
2026-03-02,126.29573822021484
2026-03-03,127.10060119628906
2026-03-04,127.00123596191406
2026-03-05,122.52971649169922
2026-03-06,123.0166244506836
2026-03-09,123.5531997680664
2026-03-10,124.32826232910156
2026-03-11,122.70857238769531
2026-03-12,124.53694152832031
2026-03-13,125.71940612792969
2026-03-16,125.19275665283203
2026-03-17,124.28852081298828
2026-03-18,121.2081298828125
2026-03-19,120.3237533569336
2026-03-20,118.50957489013672
2026-03-23,120.2022933959961
2026-03-24,121.5265884399414
2026-03-25,122.5322494506836
2026-03-26,121.6560287475586
2026-03-27,122.36298370361328
2026-03-30,122.9703598022461
2026-03-31,123.74702453613281
2026-04-01,124.20504760742188
2026-04-02,125.25054931640625
2026-04-06,126.24625396728516
2026-04-07,121.9646987915039
2026-04-08,126.71424865722656
2026-04-09,128.5762176513672
2026-04-10,126.2263412475586
2026-04-13,124.03577423095703
2026-04-14,124.51372528076172
2026-04-15,124.22496795654297
2026-04-16,124.28470611572266
2026-04-17,126.95321655273438
2026-04-20,127.37140655517578
2026-04-21,129.04421997070312
2026-04-22,129.4225616455078
2026-04-23,131.46377563476562
2026-04-24,129.3628387451172
2026-04-27,127.04281616210938
2026-04-28,127.04281616210938
2026-04-29,127.46102142333984
2026-04-30,131.3642120361328
2026-05-01,131.03562927246094
2026-05-04,129.77108764648438
2026-05-05,130.22909545898438
2026-05-06,129.52215576171875
2026-05-07,129.64163208007812
2026-05-08,130.1184844970703
2026-05-11,127.28527069091797
2026-05-12,130.0386962890625
2026-05-13,131.156005859375
2026-05-14,132.14364624023438
2026-05-15,131.1360626220703
2026-05-18,133.02154541015625
2026-05-19,133.87948608398438
2026-05-20,130.53749084472656
2026-05-21,121.05020141601562
2026-05-22,119.98275756835938
2026-05-26,118.28681945800781
2026-05-27,118.25688934326172
2026-05-28,118.61603546142578
2026-05-29,115.47355651855469
2026-06-01,114.32630157470703
2026-06-02,112.78997802734375
2026-06-03,116.61083221435547
2026-06-04,117.45880126953125
2026-06-05,118.59607696533203
2026-06-08,119.54381561279297
2026-06-09,118.59607696533203
2026-06-10,120.30199432373047
2026-06-11,120.21221160888672
2026-06-12,120.75092315673828
2026-06-15,120.53144836425781
2026-06-16,120.7409439086914
2026-06-17,117.84786987304688
2026-06-18,116.90013885498047
2026-06-22,116.90013885498047
2026-06-23,119.1347885131836
2026-06-24,118.71578979492188
2026-06-25,115.50347900390625
2026-06-26,115.41370391845703
2026-06-29,114.32630157470703
2026-06-30,112.989501953125
2026-07-01,108.56010437011719
2026-07-02,111.57289123535156
2026-07-06,110.38573455810547
2026-07-07,111.27361297607422
2026-07-08,112.82987976074219
2026-07-09,111.94200897216797
2026-07-10,113.62797546386719
2026-07-13,114.50586700439453
2026-07-14,113.4284439086914
2026-07-15,112.26124572753906
2026-07-16,114.67546081542969
2026-07-17,113.96715545654297
2026-07-20,111.9320297241211
2026-07-21,110.12635803222656
2026-07-22,109.06888580322266
2026-07-23,108.14111328125
2026-07-24,109.20855712890625
2026-07-27,111.47312927246094
2026-07-28,112.82987976074219
2026-07-29,113.94721221923828
2026-07-30,110.83465576171875
2026-07-31,110.93441772460938
2026-08-03,110.44558715820312
2026-08-04,111.28358459472656
2026-08-05,112.07169342041016
2026-08-06,111.8023452758789
2026-08-07,111.58287048339844
2026-08-10,112.39093780517578
2026-08-11,112.989501953125
2026-08-12,115.7329330444336
2026-08-13,115.4436264038086
2026-08-14,114.99469757080078
2026-08-17,114.05694580078125
2026-08-18,114.92486572265625
2026-08-19,114.02702331542969
2026-08-20,103.59199523925781
2026-08-21,103.69999694824219
2026-08-24,106.48999786376953
2026-08-25,105.37999725341797
2026-08-26,104.33999633789062
2026-08-27,102.62999725341797
2026-08-28,103.08999633789062
2026-08-31,104.87000274658203
2026-09-01,105.91999816894531
2026-09-02,106.08999633789062
2026-09-03,108.41999816894531
2026-09-04,107.13999938964844
2026-09-08,106.05000305175781
2026-09-09,105.83000183105469
2026-09-10,105.7300033569336
2026-09-11,107.1500015258789
2026-09-14,109.08000183105469
2026-09-15,108.08999633789062
2026-09-16,107.5
2026-09-17,106.79000091552734
2026-09-18,106.7300033569336
2026-09-21,107.44000244140625
2026-09-22,110.12000274658203
2026-09-23,110.52999877929688
2026-09-24,107.58999633789062
2026-09-25,107.9800033569336
2026-09-28,108.7300033569336
