mechanism,direction,matched_control,horizon,seed,period,transition_advantage_vs_frozen_local,transition_advantage_vs_frozen_all_pre,control_advantage_vs_frozen_local,control_advantage_vs_frozen_all_pre,excess_advantage_vs_frozen_local,excess_advantage_vs_frozen_all_pre
noise_scale,low_to_high,stable_low,1,270,all_post,-0.06994432367744023,-0.06956121839947085,-0.0059329268426588245,-0.00724642815490518,-0.06401139683478141,-0.062314790244565675
noise_scale,low_to_high,stable_low,1,270,early,-0.04976063900247669,-0.048145260536588075,-0.008039103615887045,-0.00930844631261765,-0.04172153538658964,-0.03883681422397042
noise_scale,low_to_high,stable_low,1,270,late,-0.1492887897252057,-0.1552640702071882,-0.006696741364164973,-0.011157305290732559,-0.14259204836104072,-0.14410676491645563
noise_scale,low_to_high,stable_low,1,270,mid,0.015664613044616835,0.023293292814602833,-0.002808330707422403,3.0092850577130802e-05,0.01847294375203924,0.0232631999640257
noise_scale,low_to_high,stable_low,1,271,all_post,0.1299943893913355,-0.05681306359994472,0.0023817907761184143,-0.014925653129212822,0.1276125986152171,-0.0418874104707319
noise_scale,low_to_high,stable_low,1,271,early,-0.010707561696978202,-0.2761001880194178,-0.004551357154803049,-0.03222968383852389,-0.006156204542175153,-0.24387050418089393
noise_scale,low_to_high,stable_low,1,271,late,0.03163349867087597,-0.013723961726989475,-0.007204061605536105,-0.009084607574662392,0.038837560276412074,-0.004639354152327083
noise_scale,low_to_high,stable_low,1,271,mid,0.4018441947735952,0.10502192498892145,0.02209607521591257,-0.005409683159302328,0.3797481195576826,0.11043160814822378
noise_scale,low_to_high,stable_low,1,272,all_post,-0.0659547825735917,-0.09190818894575559,-0.014182574922911756,-0.015495200957643906,-0.05177220765067995,-0.07641298798811168
noise_scale,low_to_high,stable_low,1,272,early,-0.00805953936157177,-0.0857720971626136,-0.0018063134091191389,-0.00817286911690166,-0.006253225952452631,-0.07759922804571194
noise_scale,low_to_high,stable_low,1,272,late,-0.10159458875565794,-0.1440574818680719,-0.023824544155122862,-0.02586816960402967,-0.07777004460053508,-0.11818931226404224
noise_scale,low_to_high,stable_low,1,272,mid,-0.07633028420952333,-0.028511890165809118,-0.013702877460422898,-0.008986907936538474,-0.06262740674910043,-0.019524982229270644
noise_scale,low_to_high,stable_low,1,273,all_post,-0.17454788112003167,-0.18262645879079353,0.007804970818429668,-0.0031540180357006327,-0.18235285193846135,-0.1794724407550929
noise_scale,low_to_high,stable_low,1,273,early,-0.04523934864415854,-0.06417973445110124,0.03134678317396159,0.014222060524840194,-0.07658613181812013,-0.07840179497594144
noise_scale,low_to_high,stable_low,1,273,late,-0.288685465270478,-0.28747667870758037,-0.018251571603452248,-0.024907363218173013,-0.27043389366702575,-0.2625693154894074
noise_scale,low_to_high,stable_low,1,273,mid,-0.1516729680619763,-0.16127288990810332,0.019005215025406957,0.008474363647055038,-0.17067818308738325,-0.16974725355515835
noise_scale,low_to_high,stable_low,1,274,all_post,-0.0012573966529037639,-0.0037545477047500053,0.0025439746709754216,-0.009179464417544688,-0.003801371323879185,0.005424916712794683
noise_scale,low_to_high,stable_low,1,274,early,-0.003510850877023413,0.07555852021421267,-0.022110299784699763,-0.013275937457142417,0.018599448907676352,0.08883445767135509
noise_scale,low_to_high,stable_low,1,274,late,0.10794477525048198,0.08768078441225136,0.004238490743250511,-0.004322219952256472,0.10370628450723146,0.09200300436450783
noise_scale,low_to_high,stable_low,1,274,mid,-0.1446068382999651,-0.2049813917797145,0.024938894363617157,-0.011559317331664579,-0.16954573266358225,-0.19342207444804993
noise_scale,low_to_high,stable_low,1,275,all_post,0.01580228646372312,-0.009314725582418405,-0.001563822802033853,-0.003298763258561199,0.017366109265756973,-0.0060159623238572055
noise_scale,low_to_high,stable_low,1,275,early,-0.12846354605913593,-0.1369573272926703,-0.002333001812196943,0.00012577415372201756,-0.12613054424693898,-0.13708310144639232
noise_scale,low_to_high,stable_low,1,275,late,0.13233910674899632,0.0990950598510801,0.007216629782465184,0.0037189595303869834,0.12512247696653114,0.09537610032069312
noise_scale,low_to_high,stable_low,1,275,mid,0.004685691939551247,-0.02621850445016449,-0.012501913904536144,-0.01608026438944199,0.017187605844087392,-0.0101382400607225
noise_scale,low_to_high,stable_low,1,276,all_post,-0.11269624655366373,0.13030870145958345,0.0026824230649142968,0.014904830103850492,-0.11537866961857803,0.11540387135573296
noise_scale,low_to_high,stable_low,1,276,early,-0.39796628731228717,0.05862339122294235,-0.024395832587166533,-0.005592172949102078,-0.3735704547251206,0.06421556417204442
noise_scale,low_to_high,stable_low,1,276,late,0.0382975783165193,0.13602190180936155,0.01961644134661381,0.03396022272233119,0.018681136969905494,0.10206167908703036
noise_scale,low_to_high,stable_low,1,276,mid,-0.028751305621950916,0.1943764112298537,0.007181987674729093,0.00999464299882877,-0.035933293296680005,0.18438176823102492
noise_scale,low_to_high,stable_low,1,277,all_post,0.3930628787111326,-0.051679394957297384,0.0341575078041226,-0.008920742669189343,0.35890537090701,-0.04275865228810804
noise_scale,low_to_high,stable_low,1,277,early,0.1744628285851446,-0.12917783855759155,0.04194179859009684,-0.0284016182507114,0.13252102999504778,-0.10077622030688015
noise_scale,low_to_high,stable_low,1,277,late,0.5191632829441001,0.056116873177919205,0.009669171538601376,-0.00585753010581349,0.5094941114054987,0.061974403283732694
noise_scale,low_to_high,stable_low,1,277,mid,0.44352905652649727,-0.11790930887062534,0.05902433203884331,0.006475849494498232,0.38450472448765394,-0.12438515836512357
noise_scale,low_to_high,stable_low,1,278,all_post,-0.007374717313172763,-0.04664437973541409,0.0031758010087469036,0.00950391653801968,-0.010550518321919666,-0.05614829627343377
noise_scale,low_to_high,stable_low,1,278,early,0.034431465029883285,-0.03166206219093743,-0.0056160417768664145,-0.014195448968442466,0.0400475068067497,-0.017466613222494966
noise_scale,low_to_high,stable_low,1,278,late,-0.29119585414965937,-0.3023257816581889,0.011097619400691792,0.03754577242264867,-0.3022934735503512,-0.3398715540808376
noise_scale,low_to_high,stable_low,1,278,mid,0.32924728279242005,0.2792818386171423,0.0014052192717670397,-0.004185859135023499,0.327842063520653,0.2834676977521658
noise_scale,low_to_high,stable_low,1,279,all_post,0.10866711143773825,0.16797686848142482,0.0045300550374812185,0.009325849608123965,0.10413705640025703,0.15865101887330085
noise_scale,low_to_high,stable_low,1,279,early,0.043063399730171426,0.1702526766402351,-0.0015327800004498531,0.010839769102962546,0.04459617973062128,0.15941290753727255
noise_scale,low_to_high,stable_low,1,279,late,0.22290689303541555,0.26620997288679404,0.019860342137465306,0.024490938729278922,0.20304655089795026,0.2417190341575151
noise_scale,low_to_high,stable_low,1,279,mid,0.02195111434840195,0.03472358778212225,-0.009847492724566498,-0.012408188714921225,0.03179860707296845,0.047131776497043476
noise_scale,low_to_high,stable_low,3,270,all_post,-0.026161737093176707,-0.0022114994795417093,-0.004646661537420256,-0.005428117500715093,-0.02151507555575645,0.003216618021173384
noise_scale,low_to_high,stable_low,3,270,early,-0.028148394372161347,-0.013399814785253475,-0.0019820822878158432,-0.0024083783552156413,-0.026166312084345503,-0.010991436430037834
noise_scale,low_to_high,stable_low,3,270,late,-0.03005382441728374,-0.008940770570049099,-0.011593476140695105,-0.01589086759388393,-0.018460348276588635,0.006950097023834832
noise_scale,low_to_high,stable_low,3,270,mid,-0.018985630048716024,0.017949177280179893,0.0019511786840084658,0.005502476811343905,-0.02093680873272449,0.012446700468835989
noise_scale,low_to_high,stable_low,3,271,all_post,-0.014837175528056745,0.007669086661988231,-0.0033004237534134664,-0.00636275358676777,-0.011536751774643278,0.014031840248756002
noise_scale,low_to_high,stable_low,3,271,early,0.00899598606340977,0.04226697973209816,0.0004049225161972879,0.004338503016096977,0.008591063547212481,0.037928476716001185
noise_scale,low_to_high,stable_low,3,271,late,-0.041215445681350854,-0.021284182120284614,-0.00928372311285822,-0.005041690446117685,-0.03193172256849264,-0.01624249167416693
noise_scale,low_to_high,stable_low,3,271,mid,-0.00349931024846444,0.011675551968242099,0.0009719624562354508,-0.018825427710499294,-0.0044712727046998905,0.030500979678741394
noise_scale,low_to_high,stable_low,3,272,all_post,-0.012790380785050149,-0.05910955108284312,-0.003158251490920556,-0.008206524018866143,-0.009632129294129592,-0.05090302706397697
noise_scale,low_to_high,stable_low,3,272,early,0.02910954884754684,-0.03144948685594329,0.0014026993379164909,-0.004091987954841009,0.02770684950963035,-0.027357498901102277
noise_scale,low_to_high,stable_low,3,272,late,-0.06893606772289185,-0.12794702094780885,-0.012891292862427656,-0.01876270503773395,-0.05604477486046419,-0.10918431591007491
noise_scale,low_to_high,stable_low,3,272,mid,0.020170605499475146,0.005013677843544675,0.005258186175585195,0.0017538479422657995,0.014912419323889953,0.003259829901278876
noise_scale,low_to_high,stable_low,3,273,all_post,-0.025623266806104307,-0.040901919714021955,0.006331894857472752,-0.0071608793338120095,-0.03195516166357706,-0.03374104038020995
noise_scale,low_to_high,stable_low,3,273,early,-0.01112845757489414,-0.03680698907335093,0.017616747459690798,-0.00804551711219897,-0.02874520503458494,-0.02876147196115196
noise_scale,low_to_high,stable_low,3,273,late,-0.0047097898662958665,0.009219408354772031,-0.011249747793980053,-0.005562760442850327,0.006539957927684186,0.014782168797622359
noise_scale,low_to_high,stable_low,3,273,mid,-0.06800271195705905,-0.11182528777975165,0.018489232457191775,-0.008407066743373956,-0.08649194441425083,-0.1034182210363777
noise_scale,low_to_high,stable_low,3,274,all_post,-0.03511514537482429,-0.0204045450916447,0.003052353634695132,-0.006365852390682898,-0.03816749900951942,-0.014038692700961801
noise_scale,low_to_high,stable_low,3,274,early,-0.019700750294798095,0.010952019831007931,-0.004908147707942792,-0.006425653275648364,-0.014792602586855302,0.017377673106656295
noise_scale,low_to_high,stable_low,3,274,late,-0.021478200793191536,0.007929790250146073,-0.005703111719575263,-0.008681138827794851,-0.015775089073616272,0.016610929077940925
noise_scale,low_to_high,stable_low,3,274,mid,-0.06871213323036082,-0.08954022380335173,0.022686808783026913,-0.0032190029229014934,-0.09139894201338773,-0.08632122088045024
noise_scale,low_to_high,stable_low,3,275,all_post,0.0603537405755298,0.024967344596642106,-0.0010907706792951568,-0.0026049913445212666,0.06144451125482496,0.027572335941163373
noise_scale,low_to_high,stable_low,3,275,early,-0.01131619702410383,-0.015832840886922526,-0.0025846817613793915,0.0005628946205061451,-0.008731515262724438,-0.01639573550742867
noise_scale,low_to_high,stable_low,3,275,late,0.11138294873226379,0.06130388431545575,0.002718576220200758,-0.0008448063431553206,0.10866437251206303,0.06214869065861107
noise_scale,low_to_high,stable_low,3,275,mid,0.06398473396618481,0.017318810455121868,-0.004675988796538809,-0.008119790644703273,0.06866072276272363,0.02543860109982514
noise_scale,low_to_high,stable_low,3,276,all_post,-0.09685600154354408,0.17578072736444533,0.026932386181282013,0.04872373184951752,-0.12378838772482609,0.12705699551492783
noise_scale,low_to_high,stable_low,3,276,early,-0.21879762762160204,0.19729980484394802,0.0945098543280478,0.08829747242887809,-0.31330748194964986,0.10900233241506993
noise_scale,low_to_high,stable_low,3,276,late,-0.024136355274198714,0.17952615797867813,-0.005955303880238601,0.0559638526486229,-0.01818105139396011,0.12356230533005523
noise_scale,low_to_high,stable_low,3,276,mid,-0.0718739038246133,0.149267742399299,0.0032051714498770433,-0.0005035031286502439,-0.07507907527449034,0.14977124552794924
noise_scale,low_to_high,stable_low,3,277,all_post,0.06557932115950804,0.05689723059267675,0.0013622685305123116,-0.006594745741989709,0.06421705262899573,0.06349197633466645
noise_scale,low_to_high,stable_low,3,277,early,0.04526447466577931,0.003309824485728199,0.007811080795548147,-0.0006200658050917832,0.037453393870231166,0.003929890290819982
noise_scale,low_to_high,stable_low,3,277,late,0.1456398327762852,0.06259428025516744,0.017902778239532225,-0.0010537740321808382,0.12773705453675296,0.06364805428734828
noise_scale,low_to_high,stable_low,3,277,mid,-0.020853181169132772,0.10288857048297102,-0.027140556679883413,-0.019957387958632788,0.006287375510750641,0.12284595844160381
noise_scale,low_to_high,stable_low,3,278,all_post,0.1525780711595795,-0.04349306697273307,0.3248626171555352,-0.0040444350927583885,-0.17228454599595572,-0.03944863187997468
noise_scale,low_to_high,stable_low,3,278,early,0.05978586340115629,-0.007439328678804976,0.04390151538477762,-0.007489588928660977,0.01588434801637867,5.026024985600123e-05
noise_scale,low_to_high,stable_low,3,278,late,0.37605447792687247,-0.11638699914593092,0.7863605119965312,-0.006642918638809664,-0.41030603406965876,-0.10974408050712126
noise_scale,low_to_high,stable_low,3,278,mid,-0.05259826343838803,0.017645104297602635,-0.009506807528368836,0.002865363471212568,-0.04309145591001919,0.014779740826390067
noise_scale,low_to_high,stable_low,3,279,all_post,0.14255384913135552,0.11277077347000683,0.011433082066118394,0.006691820587665145,0.13112076706523712,0.10607895288234169
noise_scale,low_to_high,stable_low,3,279,early,0.0867330879797019,0.041365964061397635,0.007171559935436062,-0.0020822270746180724,0.07956152804426585,0.04344819113601571
noise_scale,low_to_high,stable_low,3,279,late,0.2137193978564719,0.18127751333668432,0.01933973910562209,0.01613419030590276,0.1943796587508498,0.16514332303078155
noise_scale,low_to_high,stable_low,3,279,mid,0.10348721198285389,0.0928332630563794,0.0051523948107958005,0.002876041958964869,0.0983348171720581,0.08995722109741452
noise_scale,low_to_high,stable_low,6,270,all_post,-0.05366450991476727,-0.03599513565234239,-0.012696112392370682,-0.013861476569907882,-0.04096839752239659,-0.02213365908243451
noise_scale,low_to_high,stable_low,6,270,early,-0.029759705585256868,-0.021434307480597315,-0.005199883952689681,-0.005834374176251646,-0.02455982163256719,-0.01559993330434567
noise_scale,low_to_high,stable_low,6,270,late,-0.10637954928895858,-0.09192720017987627,-0.03309516243997078,-0.037749866403989175,-0.0732843868489878,-0.05417733377588709
noise_scale,low_to_high,stable_low,6,270,mid,-0.011675515026538472,0.0193591168353299,0.005306471727448429,0.0079719083290375,-0.0169819867539869,0.011387208506292401
noise_scale,low_to_high,stable_low,6,271,all_post,0.03603588107528304,0.04937486706935179,-0.0051867980682732285,-0.009233441278979572,0.04122267914355627,0.05860830834833136
noise_scale,low_to_high,stable_low,6,271,early,0.024085781537032447,0.05120341370208575,-0.0020625499369138042,0.003224467781431544,0.02614833147394625,0.0479789459206542
noise_scale,low_to_high,stable_low,6,271,late,0.0003929264255840466,0.02891048635524994,-0.011091063395168375,-0.0012903438888726524,0.011483989820752423,0.03020083024412259
noise_scale,low_to_high,stable_low,6,271,mid,0.09253967392565737,0.07312679632924513,-0.0009307145410137185,-0.03162022207702434,0.09347038846667109,0.10474701840626946
noise_scale,low_to_high,stable_low,6,272,all_post,0.0931556088237316,-0.03335901368271478,6.490877037191041e-05,-0.010109713465279339,0.09309070005335969,-0.02324930021743544
noise_scale,low_to_high,stable_low,6,272,early,0.07190861008441388,-0.0800081925238776,-0.0019457528138890742,-0.006560168225538771,0.07385436289830295,-0.07344802429833883
noise_scale,low_to_high,stable_low,6,272,late,0.08529302266491579,-0.035127076583904814,-0.01833373267189186,-0.024202904613494378,0.10362675533680765,-0.010924171970410436
noise_scale,low_to_high,stable_low,6,272,mid,0.1242308402615691,0.01550024378493558,0.025073872157462613,0.003957230230248885,0.09915696810410649,0.011543013554686695
noise_scale,low_to_high,stable_low,6,273,all_post,-0.07191000182308493,-0.10483999817346859,0.015904352509466098,-0.019047802850260597,-0.08781435433255103,-0.08579219532320799
noise_scale,low_to_high,stable_low,6,273,early,0.011239629229395696,-0.06716459095070097,0.05365411072275136,-0.015281616655199169,-0.04241448149335566,-0.0518829742955018
noise_scale,low_to_high,stable_low,6,273,late,-0.05009929695305119,-0.019354802288216552,-0.026279228054252545,-0.012206636317558684,-0.023820068898798643,-0.007148165970657868
noise_scale,low_to_high,stable_low,6,273,mid,-0.18232301396310788,-0.2493719002528012,0.030884070000829142,-0.03136544721119943,-0.213207083963937,-0.21800645304160177
noise_scale,low_to_high,stable_low,6,274,all_post,-0.06498288647839828,-0.04851067749859017,-0.005076548679082018,-0.018397379288410627,-0.05990633779931626,-0.030113298210179544
noise_scale,low_to_high,stable_low,6,274,early,-0.023797675498975407,0.03883760141024337,-0.008946634963338624,-0.00838262778684421,-0.014851040535636783,0.047220229197087585
noise_scale,low_to_high,stable_low,6,274,late,-0.017245469571003577,0.0033500222388374392,0.0026390552698445655,-0.0030810854642500923,-0.019884524840848142,0.006431107703087531
noise_scale,low_to_high,stable_low,6,274,mid,-0.16583986859206457,-0.2006848310792083,-0.01085096733098364,-0.04755749807017772,-0.15498890126108092,-0.15312733300903056
noise_scale,low_to_high,stable_low,6,275,all_post,0.08543239494476791,0.07245133189351599,-0.0016536149241791465,-0.0022142580262385727,0.08708600986894706,0.07466558991975457
noise_scale,low_to_high,stable_low,6,275,early,-0.02591355917436855,-0.02898681831666299,-0.0038683079739947296,-0.002862936226549473,-0.02204525120037382,-0.026123882090113515
noise_scale,low_to_high,stable_low,6,275,late,0.13242027539438295,0.1174615239610521,0.0008247431860711672,-3.940210267190612e-05,0.13159553220831177,0.117500926063724
noise_scale,low_to_high,stable_low,6,275,mid,0.1380434985018855,0.11762674201927491,-0.0025368695121764573,-0.004284149730386006,0.14058036801406196,0.12191089174966091
noise_scale,low_to_high,stable_low,6,276,all_post,-0.008870257079405962,-0.013902666922887913,0.03332330994863191,-0.007695553850504244,-0.04219356702803787,-0.006207113072383669
noise_scale,low_to_high,stable_low,6,276,early,0.0010275710933958654,-0.06366078332322524,0.10601555687149801,-0.0075790806846528945,-0.10498798577810214,-0.056081702638572345
noise_scale,low_to_high,stable_low,6,276,late,0.0010967584225936116,0.003575981596971101,0.004694551620974371,-0.0032372487284722013,-0.003597793198380759,0.0068132303254433025
noise_scale,low_to_high,stable_low,6,276,mid,-0.03122685462970726,0.014007138827625628,-0.0035829890646622595,-0.013384908418895634,-0.027643865565045,0.027392047246521264
noise_scale,low_to_high,stable_low,6,277,all_post,0.09562194935798878,0.06466742674727746,-0.0006908778752351835,-0.011897346290017204,0.09631282723322396,0.07656477303729467
noise_scale,low_to_high,stable_low,6,277,early,0.02864989533645604,-0.015917526707946984,0.0011331469297145866,-0.00696133515281137,0.027516748406741454,-0.008956191555135613
noise_scale,low_to_high,stable_low,6,277,late,0.20923973849701316,0.09548743523937432,0.015894075826087904,-0.008628851867149463,0.19334566267092526,0.10411628710652379
noise_scale,low_to_high,stable_low,6,277,mid,0.020571766955740946,0.10672736958738094,-0.023246094806838813,-0.020918975455807714,0.04381786176257976,0.12764634504318864
noise_scale,low_to_high,stable_low,6,278,all_post,0.15249399957452617,-0.09168195539376714,0.35197605155211065,-0.01620270387480784,-0.19948205197758448,-0.0754792515189593
noise_scale,low_to_high,stable_low,6,278,early,0.055076418944326716,-0.03085505917640199,0.03323685217659495,-0.026644498545337705,0.021839566767731765,-0.004210560631064286
noise_scale,low_to_high,stable_low,6,278,late,0.4247481874861034,-0.25837994307661794,0.9065788075142805,-0.018785769567137497,-0.48183062002817717,-0.23959417350948042
noise_scale,low_to_high,stable_low,6,278,mid,-0.09040615468474593,0.055863632992431224,-0.022538194025086056,-0.0025320770888659187,-0.06786796065965987,0.05839571008129714
noise_scale,low_to_high,stable_low,6,279,all_post,0.30916400218474976,0.2491061997313738,0.026602076367629877,0.020086379337739758,0.28256192581711986,0.22901982039363403
noise_scale,low_to_high,stable_low,6,279,early,0.19823221407785596,0.14299242659300418,0.011359351448865724,0.006191179277366757,0.18687286262899025,0.13680124731563742
noise_scale,low_to_high,stable_low,6,279,late,0.498076328479981,0.42444350710666373,0.04995197777668445,0.04147549789854839,0.4481243507032966,0.38296800920811536
noise_scale,low_to_high,stable_low,6,279,mid,0.18395538242260454,0.1360483386506311,0.012657424525075804,0.007245181197101967,0.17129795789752872,0.12880315745352913
noise_scale,low_to_high,stable_low,12,270,all_post,-0.034200758587107534,-0.07037980623185672,-0.06660590120516949,-0.06486767147419532,0.032405142618061954,-0.005512134757661394
noise_scale,low_to_high,stable_low,12,270,early,0.072941801459575,0.033219253534314576,0.004739758582875467,0.0017102648986107132,0.06820204287669954,0.031508988635703866
noise_scale,low_to_high,stable_low,12,270,late,-0.32226043530354437,-0.33616442578298855,-0.21507424934617936,-0.20293319510404678,-0.10718618595736501,-0.13323123067894177
noise_scale,low_to_high,stable_low,12,270,mid,0.17072133114234986,0.11395447184903158,0.022889149492879502,0.018125376085337718,0.14783218164947035,0.09582909576369386
noise_scale,low_to_high,stable_low,12,271,all_post,0.26392578899218033,0.179826186808291,0.02490949575925879,-0.0018019557919913816,0.23901629323292153,0.18162814260028237
noise_scale,low_to_high,stable_low,12,271,early,0.10924254495100089,0.06987835489434285,-0.0011213852035327476,0.0006698256092938915,0.11036393015453363,0.06920852928504896
noise_scale,low_to_high,stable_low,12,271,late,0.1944660914736816,0.18077441984645032,0.016538450559058254,0.01743061789344929,0.17792764091462335,0.16334380195300102
noise_scale,low_to_high,stable_low,12,271,mid,0.4938570386784,0.2887467662642332,0.060009009022267606,-0.02510902535250405,0.43384802965613234,0.3138557916167372
noise_scale,low_to_high,stable_low,12,272,all_post,0.6936511607952724,0.234109360144676,0.052034800375680264,0.00011367124180564895,0.6416163604195921,0.23399568890287037
noise_scale,low_to_high,stable_low,12,272,early,0.6003109358288579,-0.11801977825903605,-0.007432925055533034,-0.04679621477153181,0.6077438608843909,-0.07122356348750424
noise_scale,low_to_high,stable_low,12,272,late,1.0359474191068179,0.6636214051491097,0.0792042694234115,0.03095563246209647,0.9567431496834063,0.6326657726870133
noise_scale,low_to_high,stable_low,12,272,mid,0.4161704392575127,0.1209337831269182,0.0820689343385181,0.013611432599828046,0.3341015049189946,0.10732235052709016
noise_scale,low_to_high,stable_low,12,273,all_post,-0.15170656725963694,-0.15023596137890388,-0.03512510271134728,-0.04620719561648921,-0.11658146454828966,-0.10402876576241467
noise_scale,low_to_high,stable_low,12,273,early,-0.2894851567128101,-0.30852981074159885,-0.13747342660204223,-0.15387674508957988,-0.15201173011076788,-0.15465306565201897
noise_scale,low_to_high,stable_low,12,273,late,-0.03169760829339344,-0.028158068261083215,0.03446245579064685,0.028162988840587374,-0.0661600640840403,-0.05632105710167059
noise_scale,low_to_high,stable_low,12,273,mid,-0.14393768335322746,-0.12419316289384792,-0.008163300531145952,-0.019105345971898172,-0.1357743828220815,-0.10508781692194975
noise_scale,low_to_high,stable_low,12,274,all_post,-0.12272026332990582,-0.10087909966522787,-0.06559589026250158,-0.07031817207364037,-0.05712437306740424,-0.030560927591587503
noise_scale,low_to_high,stable_low,12,274,early,0.1058418977759674,0.1626172328240485,0.006783989042081866,0.008363068934710699,0.09905790873388554,0.1542541638893378
noise_scale,low_to_high,stable_low,12,274,late,-0.0038957701090701793,0.018381766151347508,-0.01928732683122912,-0.01785951694207669,0.015391556722158941,0.0362412830934242
noise_scale,low_to_high,stable_low,12,274,mid,-0.480008958758351,-0.4935747034557942,-0.18814337995096353,-0.20582962280785208,-0.29186557880738745,-0.28774508064794213
noise_scale,low_to_high,stable_low,12,275,all_post,0.08652337169881051,0.06772568632964517,-0.01817144717386149,-0.018567021211859613,0.104694818872672,0.08629270754150478
noise_scale,low_to_high,stable_low,12,275,early,-0.03765287431514996,-0.04417280227787116,-0.013410565116690776,-0.01176560790996412,-0.024242309198459183,-0.03240719436790704
noise_scale,low_to_high,stable_low,12,275,late,0.08899376976231511,0.06709981725989429,-0.03578483903512494,-0.03577954266496269,0.12477860879744006,0.10287935992485697
noise_scale,low_to_high,stable_low,12,275,mid,0.20802335314397438,0.18030219976272496,-0.003851154714663473,-0.006721536272893441,0.21187450785863784,0.1870237360356184
noise_scale,low_to_high,stable_low,12,276,all_post,-0.018216175466679228,-0.10102490589687582,0.004336810027145465,-0.08192766177389396,-0.022552985493824694,-0.01909724412298186
noise_scale,low_to_high,stable_low,12,276,early,-0.1217065055728702,-0.29759614910667687,-0.06258090765504641,-0.25542132275654567,-0.05912559791782379,-0.0421748263501312
noise_scale,low_to_high,stable_low,12,276,late,0.057373635999503785,0.02035467824154783,0.01825851592469371,0.01808068387168772,0.03911512007481008,0.0022739943698601127
noise_scale,low_to_high,stable_low,12,276,mid,0.0033851922178134938,-0.035948212170366985,0.056172679653660074,-0.016776375240622365,-0.05278748743584658,-0.01917183692974462
noise_scale,low_to_high,stable_low,12,277,all_post,0.2168409715104714,0.22444693513016686,0.004842110509048098,-0.013437087088362375,0.21199886100142332,0.23788402221852925
noise_scale,low_to_high,stable_low,12,277,early,0.06984590347225782,-0.020261836788831367,-0.0011706142332014568,-0.01902425018081327,0.07101651770545928,-0.0012375866080180965
noise_scale,low_to_high,stable_low,12,277,late,0.3818753362254865,0.380087304374436,0.03743091122374048,0.016024500009697178,0.344444425001746,0.3640628043647388
noise_scale,low_to_high,stable_low,12,277,mid,0.18504881110741866,0.30054530703454024,-0.02444969885628576,-0.039766643352142673,0.20949850996370442,0.34031195038668294
noise_scale,low_to_high,stable_low,12,278,all_post,-0.033761913776893956,-0.178487607574308,0.24712195732603454,-0.08671966272944134,-0.2808838711029285,-0.09176794484486667
noise_scale,low_to_high,stable_low,12,278,early,-0.014822567676792986,-0.089029018125464,-0.013916586879610766,-0.07111501815505368,-0.0009059807971822202,-0.01791399997041032
noise_scale,low_to_high,stable_low,12,278,late,0.06078173052998416,-0.5627707105866178,0.7537127659813609,-0.17432711142175453,-0.6929310354513768,-0.38844359916486326
noise_scale,low_to_high,stable_low,12,278,mid,-0.15512354120944621,0.1483604979068504,-0.04064620784492382,-0.007416237887156319,-0.1144773333645224,0.15577673579400672
noise_scale,low_to_high,stable_low,12,279,all_post,0.594819031784499,0.4092174923569995,0.057649029400774876,0.0376525129706004,0.5371700023837241,0.3715649793863991
noise_scale,low_to_high,stable_low,12,279,early,0.4604681295904973,0.28971645948231034,0.034119412053200175,0.01745550045997536,0.42634871753729714,0.272260959022335
noise_scale,low_to_high,stable_low,12,279,late,0.8878222729090997,0.6628698647824933,0.09331448236331913,0.06857165356971706,0.7945077905457805,0.5942982112127763
noise_scale,low_to_high,stable_low,12,279,mid,0.41174975609351655,0.2539284551040704,0.04254107270559327,0.02435378983218238,0.3692086833879233,0.22957466527188802
persistence,low_to_high,stable_low,1,270,all_post,0.150308929308464,0.020221625274451024,-0.037080005591173096,-0.06209464946939881,0.1873889348996371,0.08231627474384984
persistence,low_to_high,stable_low,1,270,early,0.04015518093212572,0.023712748978512718,-0.013389163927312714,-0.021275508490376027,0.05354434485943844,0.044988257468888744
persistence,low_to_high,stable_low,1,270,late,0.07118589099504921,-0.00123498779811744,-0.09558063565338909,-0.12306664854164825,0.1667665266484383,0.12183166074353081
persistence,low_to_high,stable_low,1,270,mid,0.3659600621026888,0.045339319000480605,0.01722999282792118,-0.021617791685422317,0.3487300692747676,0.06695711068590292
persistence,low_to_high,stable_low,1,271,all_post,0.06821939451054174,0.09598123590697387,0.04662563334766056,-0.0652499757541546,0.021593761162881177,0.16123121166112847
persistence,low_to_high,stable_low,1,271,early,-0.007546926291435077,0.04330381862432644,0.0022693593049848367,-0.15668732394688092,-0.009816285596419914,0.19999114257120737
persistence,low_to_high,stable_low,1,271,late,0.09959906490512585,0.12052698333071828,0.0031304146377692903,-0.04244100994247223,0.09646865026735656,0.1629679932731905
persistence,low_to_high,stable_low,1,271,mid,0.10214615478640644,0.11593098995796212,0.14897553233685792,-0.0042245819770047365,-0.04682937755045148,0.12015557193496686
persistence,low_to_high,stable_low,1,272,all_post,0.1654750729999795,0.1874570511121683,0.12968950413988228,-0.06959568374324136,0.035785568860097206,0.25705273485540964
persistence,low_to_high,stable_low,1,272,early,0.09561386403483008,0.14429378700116852,0.1839158436698868,-0.12516056738049494,-0.08830197963505673,0.26945435438166343
persistence,low_to_high,stable_low,1,272,late,0.15598367314030576,0.2847315218094555,0.0022465305339366415,-0.09325789659252258,0.15373714260636911,0.3779894184019781
persistence,low_to_high,stable_low,1,272,mid,0.24799148177802724,0.1009210209601184,0.24538712941780516,0.01751881702638714,0.0026043523602220786,0.08340220393373127
persistence,low_to_high,stable_low,1,273,all_post,0.1786333003537183,0.16079553705650002,-0.03534770625100571,-0.04820956713360235,0.21398100660472402,0.20900510419010238
persistence,low_to_high,stable_low,1,273,early,0.03186181007643065,0.010322728990127122,-0.020470045985916025,-0.042288145409841604,0.05233185606234668,0.05261087439996873
persistence,low_to_high,stable_low,1,273,late,0.08019410089821072,0.07116458255922453,-0.08692746975844778,-0.09247192326443202,0.1671215706566585,0.16363650582365655
persistence,low_to_high,stable_low,1,273,mid,0.45665705657168276,0.4307762844525736,0.01854765149382737,0.00488548598374314,0.4381094050778554,0.42589079846883043
persistence,low_to_high,stable_low,1,274,all_post,0.18557908040088608,0.08387302089812995,-0.01595929411133029,-0.040150223532704844,0.20153837451221637,0.12402324443083479
persistence,low_to_high,stable_low,1,274,early,0.10011225586776538,0.0747459244574422,-0.11271870016210046,-0.08398726012507153,0.21283095602986585,0.15873318458251373
persistence,low_to_high,stable_low,1,274,late,0.12502581906351698,0.06861364368226941,0.03942069528447044,0.021180014704259936,0.08560512377904654,0.04743362897800947
persistence,low_to_high,stable_low,1,274,mid,0.35178358671716553,0.11334595362663176,0.006960126078372248,-0.07808683792295784,0.34482346063879327,0.1914327915495896
persistence,low_to_high,stable_low,1,275,all_post,-0.007302774576755604,0.006401200573704936,-0.02313346599545143,-0.020926988262043606,0.015830691418695825,0.027328188835748543
persistence,low_to_high,stable_low,1,275,early,-0.011351030849703481,0.054288617108636215,-0.019720966997865415,0.03939170131691657,0.008369936148161934,0.014896915791719645
persistence,low_to_high,stable_low,1,275,late,-0.014010860518916295,-0.013036172703851923,0.0006910052207314155,-0.010569000832178817,-0.01470186573964771,-0.002467171871673106
persistence,low_to_high,stable_low,1,275,mid,0.005689596285739857,-0.015569718257817187,-0.05831192661461457,-0.09505632774749018,0.06400152290035442,0.07948660948967298
persistence,low_to_high,stable_low,1,276,all_post,0.004284238161911052,0.010324423734279378,0.07762264845099731,0.029114965970770474,-0.07333841028908626,-0.018790542236491098
persistence,low_to_high,stable_low,1,276,early,0.0009747883928473165,0.0035855469329021793,0.06924934043137866,-0.006004828396378887,-0.06827455203853135,0.009590375329281066
persistence,low_to_high,stable_low,1,276,late,0.006501363282389186,0.014658292127010548,0.09860894302172299,0.06813937430632452,-0.0921075797393338,-0.05348108217931398
persistence,low_to_high,stable_low,1,276,mid,0.0046375211036706115,0.011284809345348347,0.05801423037631509,0.012202215890514428,-0.05337670927264448,-0.0009174065451660815
persistence,low_to_high,stable_low,1,277,all_post,-0.0132166304352963,0.002979485436845955,0.13442285896260708,0.058465534510166596,-0.1476394893979034,-0.055486049073320644
persistence,low_to_high,stable_low,1,277,early,0.012388643447495129,0.031818095527638875,0.0990290496242575,0.08520155860074578,-0.08664040617676237,-0.05338346307310691
persistence,low_to_high,stable_low,1,277,late,-0.010440360327015247,0.00940871031267573,0.15889640037255642,0.05761488132194924,-0.16933676069957168,-0.048206171009273505
persistence,low_to_high,stable_low,1,277,mid,-0.04252359779579581,-0.03443142448838667,0.1371852797543575,0.03286371467054385,-0.1797088775501533,-0.06729513915893051
persistence,low_to_high,stable_low,1,278,all_post,0.03275155675933463,0.07566039531321338,-0.048685052377978585,-0.035920962506085855,0.08143660913731321,0.11158135781929923
persistence,low_to_high,stable_low,1,278,early,-0.004174373885082436,-0.004543248237703104,-0.0230504887251903,-0.04133814859544868,0.018876114840107865,0.036794900357745575
persistence,low_to_high,stable_low,1,278,late,0.14892233501512098,0.2553777454858414,-0.12215528726535924,-0.05769936141832475,0.2710776222804802,0.3130771069041662
persistence,low_to_high,stable_low,1,278,mid,-0.08521688360396344,-0.08375909469937422,0.023640697152407315,-0.0014659112004044895,-0.10885758075637075,-0.08229318349896973
persistence,low_to_high,stable_low,1,279,all_post,0.030028464199506593,0.03216356578440679,0.015686294058555796,0.021697378626446263,0.014342170140950797,0.010466187157960525
persistence,low_to_high,stable_low,1,279,early,-0.05248139225904266,-0.049311115307865756,-0.05957416785579958,-0.04801201028659758,0.007092775596756924,-0.0012991050212681765
persistence,low_to_high,stable_low,1,279,late,0.0930838835597087,0.09691965020922372,0.07525504843174934,0.08362142384860158,0.017828835127959367,0.01329822636062214
persistence,low_to_high,stable_low,1,279,mid,0.028464428177786338,0.02729680097692343,0.011521750141986446,0.00884137390994968,0.016942678035799894,0.01845542706697375
persistence,low_to_high,stable_low,3,270,all_post,0.07210877723204469,0.02509306418581867,-0.005681658189609752,-0.010707312092308002,0.07779043542165444,0.03580037627812667
persistence,low_to_high,stable_low,3,270,early,0.08341332360453967,0.02984052090188753,0.006062493876820664,-0.0038250897472053027,0.077350829727719,0.033665610649092834
persistence,low_to_high,stable_low,3,270,late,0.03537003196273216,0.009483900611011674,-0.01043898485858541,-0.02082915337469731,0.04580901682131757,0.030313053985708986
persistence,low_to_high,stable_low,3,270,mid,0.10978922455196637,0.04115782556949245,-0.011082708030739297,-0.004093746060891625,0.12087193258270566,0.045251571630384076
persistence,low_to_high,stable_low,3,271,all_post,-0.03794859180064249,-0.059954675578134976,-0.009481207832099912,-0.013373319567489795,-0.028467383968542575,-0.046581356010645183
persistence,low_to_high,stable_low,3,271,early,0.023016441367702117,-0.01699227801614042,0.009214689515666515,0.013338274001734415,0.013801751852035603,-0.030330552017874834
persistence,low_to_high,stable_low,3,271,late,-0.029510593525725447,-0.03608735686186266,-0.02004685971686694,-0.010482376197068308,-0.009463733808858506,-0.02560498066479435
persistence,low_to_high,stable_low,3,271,mid,-0.11016428933554313,-0.13474016476182593,-0.014089569333510292,-0.04393950429727598,-0.09607472000203285,-0.09080066046454996
persistence,low_to_high,stable_low,3,272,all_post,0.0855387699116531,0.10927635986668585,-0.03138585715277747,-0.02853880512499112,0.11692462706443058,0.13781516499167698
persistence,low_to_high,stable_low,3,272,early,0.08405272438967469,0.11618907743172081,-0.018149706171697477,-0.013456475881684847,0.10220243056137217,0.12964555331340566
persistence,low_to_high,stable_low,3,272,late,0.09617603453843962,0.1221608017079789,-0.06494005644349089,-0.06086131290540131,0.16111609098193053,0.1830221146133802
persistence,low_to_high,stable_low,3,272,mid,0.0728417959312495,0.08518438651326009,0.00011692425376043716,-0.0005244573277504751,0.07272487167748906,0.08570884384101056
persistence,low_to_high,stable_low,3,273,all_post,0.09974947719391372,0.0412517913962494,0.018079296289697268,-0.012530493508475831,0.08167018090421646,0.053782284904725225
persistence,low_to_high,stable_low,3,273,early,0.03825352748499511,-0.0027721160901670893,0.02354582375176159,-0.008019231425988108,0.014707703733233518,0.005247115335821019
persistence,low_to_high,stable_low,3,273,late,-0.014136825783632128,0.007292896581819388,-0.030754443406773607,-0.004510290568002983,0.016617617623141477,0.011803187149822371
persistence,low_to_high,stable_low,3,273,mid,0.3130938308728935,0.1305542253019059,0.07772442175626078,-0.027735359511594008,0.23536940911663273,0.15828958481349992
persistence,low_to_high,stable_low,3,274,all_post,0.04708606759259826,0.009681088193568638,-0.008943983225305829,-0.02242094158412462,0.05603005081790409,0.03210202977769326
persistence,low_to_high,stable_low,3,274,early,-0.0439932462948612,-0.04403286747668228,-0.011845836713630167,-0.018496226210502932,-0.03214740958123103,-0.025536641266179348
persistence,low_to_high,stable_low,3,274,late,0.03114715559910942,0.023068731471511096,-0.02377265174665285,-0.01939933918857289,0.05491980734576227,0.042468070660083984
persistence,low_to_high,stable_low,3,274,mid,0.15941726413804283,0.04554485282656296,0.013729428291481193,-0.030374460151815264,0.14568783584656164,0.07591931297837823
persistence,low_to_high,stable_low,3,275,all_post,-0.005733831215275498,-0.004943446283744421,-0.008634845154479456,-0.009573827888306597,0.0029010139392039577,0.004630381604562176
persistence,low_to_high,stable_low,3,275,early,0.0036446060887821152,0.006069909732459212,-0.0007095492469634997,0.0004711347852248132,0.004354155335745615,0.005598774947234399
persistence,low_to_high,stable_low,3,275,late,-0.0029680480014601445,-0.002947232380629224,-0.003338874723464446,-0.005335111796560718,0.0003708267220043013,0.0023878794159314935
persistence,low_to_high,stable_low,3,275,mid,-0.018799979471086907,-0.018618420837434983,-0.023621434970015426,-0.025270412017499175,0.004821455498928519,0.006651991180064192
persistence,low_to_high,stable_low,3,276,all_post,0.020508341602355283,-0.013797571858616315,-0.025626494168727837,0.0494506047941725,0.04613483577108312,-0.06324817665278881
persistence,low_to_high,stable_low,3,276,early,0.026823170964063146,-0.01680818095069464,-0.02779004157574225,0.03532349526462263,0.054613212539805396,-0.05213167621531727
persistence,low_to_high,stable_low,3,276,late,0.0725379610767631,0.010606588445432951,-0.013632563811257535,0.08152162679465512,0.08617052488802063,-0.07091503834922216
persistence,low_to_high,stable_low,3,276,mid,-0.05517931372522967,-0.043325843171936995,-0.03945485390500716,0.020816351656412223,-0.01572445982022251,-0.06414219482834922
persistence,low_to_high,stable_low,3,277,all_post,0.013950607792241604,0.03762151572705395,-0.0002852781966453416,0.0014867844174653033,0.014235885988886946,0.03613473130958865
persistence,low_to_high,stable_low,3,277,early,0.032399186625104166,0.04442089593554408,-0.0038604647682467367,0.010121694921348673,0.036259651393350904,0.03429920101419541
persistence,low_to_high,stable_low,3,277,late,0.01111804947355187,-0.032703765180606637,0.039674984589911394,-0.001817708837596528,-0.028556935116359525,-0.03088605634301011
persistence,low_to_high,stable_low,3,277,mid,-0.0007212266157012962,0.12458917672877794,-0.049990442007119607,-0.002742135079668954,0.04926921539141831,0.1273313118084469
persistence,low_to_high,stable_low,3,278,all_post,0.36129100289532845,0.10305806468293126,0.23887649933296232,-0.008985835613003437,0.12241450356236613,0.1120439002959347
persistence,low_to_high,stable_low,3,278,early,0.13169583349755493,0.01932390452107811,0.04423114739095476,-0.013210060473172485,0.08746468610660016,0.0325339649942506
persistence,low_to_high,stable_low,3,278,late,0.7313268828506797,0.1540354950758857,0.5766860942637477,-0.017346613616371555,0.15464078858693198,0.17138210869225726
persistence,low_to_high,stable_low,3,278,mid,0.09750499901930038,0.11882231765417846,-0.0168909419660774,0.006386093251656432,0.11439594098537778,0.11243622440252203
persistence,low_to_high,stable_low,3,279,all_post,-0.0008581102090452472,-0.0009499872467139666,0.010951848778585748,0.011458553356852913,-0.011809958987630995,-0.01240854060356688
persistence,low_to_high,stable_low,3,279,early,-0.016213035906160137,-0.017384965873114302,-0.0016853342302905634,-0.0012525002148759876,-0.014527701675869574,-0.016132465658238313
persistence,low_to_high,stable_low,3,279,late,0.015680605051619303,0.016284655564263964,0.027011967548308605,0.02784561740769948,-0.011331362496689302,-0.011560961843435517
persistence,low_to_high,stable_low,3,279,mid,-0.007554804859483093,-0.007494532368284207,0.0021755400944982583,0.002320188194119718,-0.00973034495398135,-0.009814720562403925
persistence,low_to_high,stable_low,6,270,all_post,0.09239096418965628,0.0488429611553543,-0.03681081621397267,-0.04185429404627689,0.12920178040362895,0.09069725520163119
persistence,low_to_high,stable_low,6,270,early,0.024937330344278547,-0.02224367768278493,0.0014973957384383392,-0.0029408097335851097,0.023439934605840207,-0.01930286794919982
persistence,low_to_high,stable_low,6,270,late,0.07410113877414096,0.05144704166668701,-0.08723481723251708,-0.0980905852803235,0.16133595600665804,0.1495376269470105
persistence,low_to_high,stable_low,6,270,mid,0.18270687980442823,0.11667449935432767,-0.012089026893203167,-0.01047241431641043,0.19479590669763142,0.1271469136707381
persistence,low_to_high,stable_low,6,271,all_post,-0.06409257530588963,-0.08427375406483764,0.0029401114287113074,-0.005922144515774411,-0.06703268673460094,-0.07835160954906323
persistence,low_to_high,stable_low,6,271,early,0.020472509547093124,-0.03463600709059401,0.00410124741299113,0.0074780983764398574,0.016371262134101994,-0.04211410546703387
persistence,low_to_high,stable_low,6,271,late,-0.03881163890369276,-0.03797694966404155,-0.016466686496485597,-0.0010439911283041114,-0.022344952407207165,-0.036932958535737435
persistence,low_to_high,stable_low,6,271,mid,-0.18025883066161852,-0.19178250654007645,0.026037472850927623,-0.02542007914232655,-0.20629630351254613,-0.1663624273977499
persistence,low_to_high,stable_low,6,272,all_post,0.05943504811470644,0.0845133418973376,-0.03298143706285304,-0.03261923666305334,0.09241648517755949,0.11713257856039094
persistence,low_to_high,stable_low,6,272,early,-0.010000400126996207,0.051110302283985054,-0.04400085277340521,-0.03714136792289,0.034000452646409,0.08825167020687505
persistence,low_to_high,stable_low,6,272,late,0.1179249097545212,0.11332636128319917,-0.049422898133934516,-0.04876377403658917,0.1673478078884557,0.16209013531978833
persistence,low_to_high,stable_low,6,272,mid,0.05575816930664065,0.08190010727836312,-0.001410195013449025,-0.00791643368629686,0.05716836432008967,0.08981654096465999
persistence,low_to_high,stable_low,6,273,all_post,0.049156575401467846,-0.09059718859100886,0.05443220011365934,-0.028090841439476443,-0.005275624712191493,-0.06250634715153242
persistence,low_to_high,stable_low,6,273,early,-0.0048527345047885235,-0.13612874980691972,0.01912528334019171,-0.08243269214391165,-0.023978017844980236,-0.05369605766300807
persistence,low_to_high,stable_low,6,273,late,-0.06299769688807681,-0.01296233401909411,-0.03532029493445398,0.006271024068216987,-0.02767740195362283,-0.0192333580873111
persistence,low_to_high,stable_low,6,273,mid,0.24335872566965508,-0.14210919558999147,0.20192973569726866,-0.016701322619658017,0.04142898997238642,-0.12540787297033346
persistence,low_to_high,stable_low,6,274,all_post,-0.07821853615474152,-0.10333385241223003,-0.029143046220708298,-0.043724574277710496,-0.04907548993403322,-0.059609278134519536
persistence,low_to_high,stable_low,6,274,early,-0.047536502927948865,-0.03496654801755603,-0.018388506319706684,-0.02297752838740096,-0.02914799660824218,-0.011989019630155074
persistence,low_to_high,stable_low,6,274,late,0.017527524912230974,0.023363540203368314,-0.01553253673618584,-0.01283974775695184,0.033060061648416815,0.03620328796032016
persistence,low_to_high,stable_low,6,274,mid,-0.22858314571524993,-0.33007289757640196,-0.056910722977362944,-0.10307765331896834,-0.171672422737887,-0.22699524425743361
persistence,low_to_high,stable_low,6,275,all_post,-0.004904521667711832,-0.005768010759899444,-0.004285147706495109,-0.003663032558983228,-0.0006193739612167229,-0.0021049782009162164
persistence,low_to_high,stable_low,6,275,early,-0.05215415946337328,-0.05478862937196943,-0.0009971844582241512,-0.0024413712792319777,-0.05115697500514913,-0.05234725809273746
persistence,low_to_high,stable_low,6,275,late,0.029030850153051086,0.02952669530942923,9.255335852806171e-05,0.001339671831826053,0.028938296794523026,0.028187023477603178
persistence,low_to_high,stable_low,6,275,mid,-7.409864800403398e-05,-0.0008657747344902982,-0.013045237286045031,-0.011138074327246075,0.012971138638040997,0.010272299592755777
persistence,low_to_high,stable_low,6,276,all_post,-0.057519353223456055,-0.05751928956061604,-0.06396831296323485,-0.06396824564053596,0.006448959739778798,0.006448956079919924
persistence,low_to_high,stable_low,6,276,early,-0.13767640690043137,-0.13767633772026913,-0.17090576529013643,-0.1709056899954932,0.03322935838970506,0.033229352275224056
persistence,low_to_high,stable_low,6,276,late,-0.016438209574478273,-0.016438162404776645,-0.013173002376913719,-0.013172941032615166,-0.003265207197564554,-0.003265221372161479
persistence,low_to_high,stable_low,6,276,mid,-0.028713729107702906,-0.02871365034576223,-0.020524998869234756,-0.02052493204547971,-0.00818873023846815,-0.008188718300282522
persistence,low_to_high,stable_low,6,277,all_post,0.00032794440384449657,0.00032794440384449657,-0.01063193921773797,-0.01063193921773797,0.010959883621582466,0.010959883621582466
persistence,low_to_high,stable_low,6,277,early,-0.019819925339571675,-0.019819925339571675,-0.01134087729138438,-0.01134087729138438,-0.008479048048187296,-0.008479048048187296
persistence,low_to_high,stable_low,6,277,late,-0.06328158540808711,-0.06328158540808711,-0.01894139358956175,-0.01894139358956175,-0.04434019181852536,-0.04434019181852536
persistence,low_to_high,stable_low,6,277,mid,0.09998772641217522,0.09998772641217522,0.0004638168206881667,0.0004638168206881667,0.09952390959148706,0.09952390959148706
persistence,low_to_high,stable_low,6,278,all_post,0.2947567218616287,0.03488707050500779,0.25028140359962586,-0.03765981430962522,0.04447531826200285,0.072546884814633
persistence,low_to_high,stable_low,6,278,early,0.11337281941453,-0.03039555998667236,0.03505671055224417,-0.03363741388025438,0.07831610886228582,0.0032418538935820203
persistence,low_to_high,stable_low,6,278,late,0.6880176071657866,0.050868447456090905,0.6633069852843625,-0.06820503107694662,0.024710621881424144,0.11907347853303751
persistence,low_to_high,stable_low,6,278,mid,-0.015435482321469934,0.08019297980783403,-0.050775880458913146,-0.003500693779844304,0.03534039813744321,0.08369367358767833
persistence,low_to_high,stable_low,6,279,all_post,0.07590195146965593,0.0386559819831092,0.0800496546314205,0.04826254247946669,-0.004147703161764563,-0.00960656049635749
persistence,low_to_high,stable_low,6,279,early,0.03966661559714955,0.01828937546580052,0.04039195533406062,0.01332913586987384,-0.0007253397369110723,0.0049602395959266795
persistence,low_to_high,stable_low,6,279,late,0.14876418291781707,0.08605170361188313,0.147135640386286,0.10040212710178037,0.0016285425315310798,-0.014350423489897235
persistence,low_to_high,stable_low,6,279,mid,0.021059498031960906,-0.0002220635355495761,0.03584987173519845,0.018021468311167427,-0.014790373703237544,-0.018243531846717002
persistence,low_to_high,stable_low,12,270,all_post,-0.10109264860577857,-0.07315041833036039,-0.07531945710674881,-0.07100842535211123,-0.025773191499029763,-0.0021419929782491576
persistence,low_to_high,stable_low,12,270,early,-0.04087260408469747,-0.015852236756162843,-0.0033825017728021343,-0.003005699306656437,-0.03749010231189534,-0.012846537449506406
persistence,low_to_high,stable_low,12,270,late,-0.19250571297633237,-0.18558469393519955,-0.23814200414438474,-0.22534319509950718,0.04563629116805237,0.039758501164307625
persistence,low_to_high,stable_low,12,270,mid,-0.06228187339209307,-0.008644801332648848,0.029134680183410103,0.02818484916211297,-0.09141655357550317,-0.03682965049476182
persistence,low_to_high,stable_low,12,271,all_post,-0.031878237831402624,-0.05266333177435954,0.005837426328825503,-0.0014825627178184139,-0.037715664160228125,-0.05118076905654113
persistence,low_to_high,stable_low,12,271,early,-0.05010589605002438,-0.06449716787088657,0.005253870062976726,0.0006691593278270348,-0.055359766113001106,-0.0651663271987136
persistence,low_to_high,stable_low,12,271,late,0.06241614602518535,0.04505908637754642,0.020171688061606702,0.0136853757094379,0.04224445796357865,0.031373710668108526
persistence,low_to_high,stable_low,12,271,mid,-0.1158028287907512,-0.14669544867573062,-0.009107800949172023,-0.020066218059658206,-0.10669502784157918,-0.1266292306160724
persistence,low_to_high,stable_low,12,272,all_post,0.04210579663706751,0.07229859706966041,0.04869659946796252,0.02921962167684105,-0.006590802830895012,0.04307897539281936
persistence,low_to_high,stable_low,12,272,early,-0.012171497982286297,0.025866512524329754,-0.021066573795575968,-0.024078704933513273,0.00889507581328967,0.04994521745784303
persistence,low_to_high,stable_low,12,272,late,0.11221922488940309,0.09158215871304431,0.12609476178690796,0.0838221301981641,-0.01387553689750487,0.00776002851488021
persistence,low_to_high,stable_low,12,272,mid,0.020426877316391128,0.0978401565013252,0.034611763552643456,0.023365230722428725,-0.014184886236252327,0.07447492577889647
persistence,low_to_high,stable_low,12,273,all_post,-0.25134734162601063,-0.2709089016913477,-0.07355002550665074,-0.09878091776244978,-0.1777973161193599,-0.1721279839288979
persistence,low_to_high,stable_low,12,273,early,-0.47947248011653104,-0.5122938993429186,-0.287120817415138,-0.32399526612478896,-0.19235166270139303,-0.18829863321812962
persistence,low_to_high,stable_low,12,273,late,-0.004890231746812914,-0.01342608464796741,0.06686698307612728,0.0493025994558332,-0.07175721482294019,-0.06272868410380061
persistence,low_to_high,stable_low,12,273,mid,-0.290217405504621,-0.30846362250343873,-0.01209765956283968,-0.033990379719917065,-0.2781197459417813,-0.27447324278352164
persistence,low_to_high,stable_low,12,274,all_post,-0.32270138591987824,-0.3223434576651035,-0.09803982067828536,-0.10471777978567061,-0.22466156524159286,-0.21762567787943293
persistence,low_to_high,stable_low,12,274,early,-0.005806091551346736,0.014249809922855794,-0.007212727547741586,-0.0065101431181671205,0.0014066359963948501,0.020759953041022915
persistence,low_to_high,stable_low,12,274,late,-0.15810674827995883,-0.13415872642289925,-0.036963160766583875,-0.02956617315467638,-0.12114358751337495,-0.10459255326822287
persistence,low_to_high,stable_low,12,274,mid,-0.8179075377316557,-0.8628035174321176,-0.255033295379839,-0.2843396569700845,-0.5628742423518167,-0.5784638604620331
persistence,low_to_high,stable_low,12,275,all_post,0.005108250782082632,0.01295678745756676,-0.03227455822942616,-0.031410863291361224,0.03738280901150879,0.044367650748927984
persistence,low_to_high,stable_low,12,275,early,-0.017604774239099907,0.00046810822832625093,-0.006734138389516374,0.0029860463429723927,-0.010870635849583532,-0.002517938114646142
persistence,low_to_high,stable_low,12,275,late,0.04190634931682914,0.039823333637432734,-0.07125446372738117,-0.07354840350937929,0.11316081304421031,0.11337173714681202
persistence,low_to_high,stable_low,12,275,mid,-0.012043330942710219,-0.0036599583413808785,-0.015586747113217983,-0.0201587710228419,0.0035434161705077648,0.01649881268146102
persistence,low_to_high,stable_low,12,276,all_post,-0.18933192582948336,0.0951362174307685,-0.15853624770720692,0.1614393281218106,-0.030795678122276432,-0.06630311069104211
persistence,low_to_high,stable_low,12,276,early,-0.49538658458327856,0.13980392367454716,-0.4226530116636549,0.1290571182927726,-0.07273357291962368,0.010746805381774555
persistence,low_to_high,stable_low,12,276,late,-0.06336811684187972,0.2605963858945625,-0.028069152380188204,0.4327372153608589,-0.03529896446169152,-0.17214082946629639
persistence,low_to_high,stable_low,12,276,mid,-0.01973806014559221,-0.12878000464878692,-0.035758837021695966,-0.10008450655812044,0.016020776876103756,-0.028695498090666474
persistence,low_to_high,stable_low,12,277,all_post,-0.003981860282534705,0.0012519111886117272,0.017117192062030318,0.01647688260555789,-0.021099052344565022,-0.015224971416946164
persistence,low_to_high,stable_low,12,277,early,-0.037256509735357275,-0.0347306957987654,0.002056552141267473,0.00022407238639473095,-0.03931306187662475,-0.034954768185160134
persistence,low_to_high,stable_low,12,277,late,-0.012955052623119297,-0.0028725142009491987,0.040709832619805805,0.04191747271441007,-0.053664885242925106,-0.04478998691535927
persistence,low_to_high,stable_low,12,277,mid,0.03901374753925451,0.04170264568134652,0.006619138045203032,0.005169053540131187,0.03239460949405148,0.03653359214121533
persistence,low_to_high,stable_low,12,278,all_post,0.016991289326759584,-0.1282620846663354,0.11546050322766317,-0.12973399583613426,-0.09846921390090359,0.0014719111697988618
persistence,low_to_high,stable_low,12,278,early,0.023578302820348437,-0.13429194958605398,-0.0009547693812986027,-0.0712644751362996,0.02453307220164704,-0.06302747444975437
persistence,low_to_high,stable_low,12,278,late,0.211664246037906,-0.29341758490668784,0.40662584479463876,-0.31090547971266813,-0.19496159875673275,0.017487894805980286
persistence,low_to_high,stable_low,12,278,mid,-0.20049142727057123,0.056686238847098315,-0.08355334419426519,0.008065590996942684,-0.11693808307630604,0.04862064785015563
persistence,low_to_high,stable_low,12,279,all_post,0.1889790809961463,0.12742403306261224,0.10277165764121857,0.05794849139815124,0.08620742335492773,0.069475541664461
persistence,low_to_high,stable_low,12,279,early,0.19269503326274348,0.14099062440153204,0.09482814126273313,0.05433209485138196,0.09786689200001035,0.08665852955015008
persistence,low_to_high,stable_low,12,279,late,0.34263242836238084,0.23767331827303803,0.17149012931211058,0.10683288331553507,0.17114229905027026,0.13084043495750297
persistence,low_to_high,stable_low,12,279,mid,0.01880533574946182,-0.0055792839209354884,0.03627016304290437,0.008606796701088064,-0.01746482729344255,-0.014186080622023553
roughness,low_to_high,stable_low,1,270,all_post,0.06652631106448796,0.060543739467613836,-0.014790209359955047,-0.031637763915960175,0.08131652042444301,0.092181503383574
roughness,low_to_high,stable_low,1,270,early,-0.01672045837094381,-0.01795363187823056,-0.018183888322128947,-0.028115810287258996,0.0014634299511851363,0.010162178409028437
roughness,low_to_high,stable_low,1,270,late,0.1906915552075507,0.1910661534988786,-0.008919869658845198,-0.019798703669595002,0.1996114248663959,0.21086485716847359
roughness,low_to_high,stable_low,1,270,mid,-0.015780578357497223,-0.03498877456156145,-0.019223649999260947,-0.050945131206481586,0.0034430716417637244,0.015956356644920136
roughness,low_to_high,stable_low,1,271,all_post,0.009822110698201126,-0.07811621800899234,0.059683410913052806,-0.06024832741923849,-0.04986130021485168,-0.017867890589753847
roughness,low_to_high,stable_low,1,271,early,-0.02629330978460646,-0.17746682984750103,-0.006407914729844047,-0.1757294311798746,-0.019885395054762414,-0.0017373986676264275
roughness,low_to_high,stable_low,1,271,late,0.004122260897340793,-0.0548524531309245,0.013425112664412053,-0.020104465553539775,-0.00930285176707126,-0.03474798757738473
roughness,low_to_high,stable_low,1,271,mid,0.05353733091548916,-0.009783959341240716,0.18745246755413733,0.0017076271871325776,-0.13391513663864818,-0.011491586528373295
roughness,low_to_high,stable_low,1,272,all_post,-0.01457044101568411,-0.03203748695966323,0.0412911832044157,-0.012670951052514126,-0.05586162422009981,-0.019366535907149103
roughness,low_to_high,stable_low,1,272,early,0.06306740770634985,-0.009554189640856596,0.04766055035825111,0.01129628413404245,0.015406857348098733,-0.020850473774899046
roughness,low_to_high,stable_low,1,272,late,-0.12443546765304019,-0.04382667451465376,-0.032405415498597746,-0.04096717428523762,-0.09203005215444243,-0.00285950022941614
roughness,low_to_high,stable_low,1,272,mid,0.05427841244542334,-0.038801867538482464,0.1331839476545982,0.0010901114045606258,-0.07890553520917487,-0.03989197894304309
roughness,low_to_high,stable_low,1,273,all_post,0.9626171403748727,0.22278503911223374,-0.029614161604582124,-0.060352232033437904,0.9922313019794547,0.28313727114567167
roughness,low_to_high,stable_low,1,273,early,0.001213039935669586,-0.0013831286469717652,0.08286012543303863,-0.044234805221693686,-0.08164708549736904,0.04285167657472192
roughness,low_to_high,stable_low,1,273,late,0.8789318769053267,0.12132917926725999,-0.12115886609148181,-0.1242543942249426,1.0000907429968084,0.24558357349220258
roughness,low_to_high,stable_low,1,273,mid,2.035601592106803,0.5822276866647375,-0.02002884265966998,0.00873322407682416,2.055630434766473,0.5734944625879133
roughness,low_to_high,stable_low,1,274,all_post,0.24819512735176136,0.0038151289155007873,0.02015658655633041,0.010016736088983189,0.22803854079543096,-0.006201607173482402
roughness,low_to_high,stable_low,1,274,early,-0.06045218139754579,-0.13805479217324118,0.0,0.017759867393597552,-0.06045218139754579,-0.15581465956683874
roughness,low_to_high,stable_low,1,274,late,0.2670281188556476,-0.01035340721649939,0.05592931625646293,0.04857792236638605,0.21109880259918468,-0.05893132958288544
roughness,low_to_high,stable_low,1,274,mid,0.5317317807625537,0.16457643151357632,-0.00738379982084923,-0.049141310252168335,0.5391155805834029,0.21371774176574465
roughness,low_to_high,stable_low,1,275,all_post,-0.02445451689930734,0.4758691785107073,-0.018584740761916987,0.0043646703007040825,-0.005869776137390353,0.4715045082100032
roughness,low_to_high,stable_low,1,275,early,0.05758226938842825,0.9239496628899784,-0.03183116646566695,0.0914657052689259,0.0894134358540952,0.8324839576210524
roughness,low_to_high,stable_low,1,275,late,-0.021246538962793812,0.3369206305423856,-0.003048150264369349,0.01032513062605979,-0.018198388698424463,0.3265954999163258
roughness,low_to_high,stable_low,1,275,mid,-0.11076860710239429,0.21305342475586522,-0.0260537690548972,-0.09068364510132537,-0.08471483804749709,0.3037370698571906
roughness,low_to_high,stable_low,1,276,all_post,0.14545320323401376,4.763532620601734,0.07487537789968222,0.09899056770283132,0.07057782533433153,4.664542052898903
roughness,low_to_high,stable_low,1,276,early,-0.01280709490412077,0.07584073673224646,0.09892345385384631,0.39265747334327866,-0.11173054875796708,-0.3168167366110322
roughness,low_to_high,stable_low,1,276,late,0.2928327342344571,9.610810165838675,0.05819605134060681,0.014258148943345919,0.23463668289385028,9.596552016895329
roughness,low_to_high,stable_low,1,276,mid,0.1072074600382239,2.9881877774886334,0.07306640402428537,-0.08169977959163562,0.034141056013938534,3.069887557080269
roughness,low_to_high,stable_low,1,277,all_post,0.212879968001333,0.1245217715184074,0.1844399966913076,-0.026202608559672835,0.028439971310025403,0.15072438007808023
roughness,low_to_high,stable_low,1,277,early,0.08625309422185751,-0.07900987377065409,0.0838869130736753,-0.07670267498065113,0.0023661811481822115,-0.0023071987900029622
roughness,low_to_high,stable_low,1,277,late,0.2803676084409787,0.10622173808139286,0.24605800931091573,0.02711887776567943,0.03430959913006296,0.07910286031571342
roughness,low_to_high,stable_low,1,277,mid,0.24952332119461432,0.35245346139015493,0.20283573014946235,-0.04679785723916424,0.046687591045151966,0.3992513186293192
roughness,low_to_high,stable_low,1,278,all_post,0.13184055974359396,0.24702930913509444,-0.008991949299943059,-0.010868356317157693,0.14083250904353703,0.2578976654522521
roughness,low_to_high,stable_low,1,278,early,-0.03525139621573775,-0.046268133507012754,-0.02509544481942973,-0.037666590327074,-0.010155951396308021,-0.008601543179938755
roughness,low_to_high,stable_low,1,278,late,0.288245989043302,0.5998524474101522,-0.0490708476851882,-0.02763696625352681,0.3373168367284902,0.627489413663679
roughness,low_to_high,stable_low,1,278,mid,0.09039194330331494,0.06989590074379136,0.06055007739987046,0.03828802427458411,0.029841865903444488,0.03160787646920725
roughness,low_to_high,stable_low,1,279,all_post,-0.048351314215823386,-0.04691345906935647,0.036789410663426274,0.04163679705961651,-0.08514072487924966,-0.08855025612897298
roughness,low_to_high,stable_low,1,279,early,-0.0005127986866184561,0.003944680983054627,0.01283913661493271,0.019680324290274453,-0.013351935301551167,-0.015735643307219827
roughness,low_to_high,stable_low,1,279,late,-0.007234732967195515,-0.0004964685034109413,0.05760707364937201,0.0642794885379049,-0.06484180661656752,-0.06477595704131583
roughness,low_to_high,stable_low,1,279,mid,-0.15101193807653215,-0.15966091987636163,0.03298280073065885,0.03340301452457406,-0.183994738807191,-0.1930639344009357
roughness,low_to_high,stable_low,3,270,all_post,0.01054089154905238,0.0453938884196705,-0.005072878373111931,-0.012134777837913894,0.015613769922164311,0.05752866625758439
roughness,low_to_high,stable_low,3,270,early,0.008301145397971206,-0.011842315007485763,0.008164394980784391,-0.0039037485262074082,0.00013675041718681433,-0.007938566481278355
roughness,low_to_high,stable_low,3,270,late,0.016216438802527156,0.1312497934432827,-0.002603621298186043,-0.01121839473100849,0.018820060100713198,0.1424681881742912
roughness,low_to_high,stable_low,3,270,mid,0.005213241362167188,-0.011844448184656168,-0.021602494493576107,-0.021587651292160916,0.026815735855743296,0.009743203107504749
roughness,low_to_high,stable_low,3,271,all_post,0.06431191319229299,0.005153030136397327,-0.008758712744731324,-0.009130307604669735,0.0730706259370243,0.014283337741067062
roughness,low_to_high,stable_low,3,271,early,-0.00023416483365973554,0.02233626536266764,0.00413723769990348,0.008674800745784582,-0.004371402533563215,0.013661464616883058
roughness,low_to_high,stable_low,3,271,late,0.08681320160697498,0.015598907611014531,-0.004490760704181154,-0.010291737248223734,0.09130396231115613,0.025890644859238265
roughness,low_to_high,stable_low,3,271,mid,0.09885627333200307,-0.025958041722695935,-0.027345265910099687,-0.025386843097052057,0.12620153924210276,-0.0005711986256438789
roughness,low_to_high,stable_low,3,272,all_post,0.002688808773500477,-0.014168164538934075,-0.004899431037656363,-0.020650880532110012,0.007588239811156841,0.006482715993175937
roughness,low_to_high,stable_low,3,272,early,-0.0033973407061962863,-0.018416596081305,0.015291154047878064,-0.013530083402943588,-0.01868849475407435,-0.004886512678361413
roughness,low_to_high,stable_low,3,272,late,0.005789262455146736,-0.01915992967222125,-0.026354845175816564,-0.0414146794978848,0.0321441076309633,0.02225474982566355
roughness,low_to_high,stable_low,3,272,mid,0.004641020011002222,-0.003264046152180247,0.003517202727689473,-8.661237357674284e-05,0.0011238172833127487,-0.0031774337786035045
roughness,low_to_high,stable_low,3,273,all_post,0.34765614209741386,0.3476520811382901,0.0032492047849310216,0.0032484920040958473,0.34440693731248284,0.3444035891341943
roughness,low_to_high,stable_low,3,273,early,0.010928678128703883,0.010926657312947988,0.004683361769350458,0.004681787899124425,0.006245316359353425,0.006244869413823563
roughness,low_to_high,stable_low,3,273,late,0.39806579215272364,0.39806726800509096,-0.005721548054250349,-0.005720864724779244,0.403787340206974,0.4037881327298702
roughness,low_to_high,stable_low,3,273,mid,0.6171707393257108,0.6171572558078978,0.013776051586086746,0.01377433841423406,0.603394687739624,0.6033829173936638
roughness,low_to_high,stable_low,3,274,all_post,0.2662003470882764,0.07855386824662977,0.0016843317495293386,-0.010455990705218332,0.264516015338747,0.0890098589518481
roughness,low_to_high,stable_low,3,274,early,0.05798256603663012,-0.04252589493145953,-0.0014973516895419713,-0.013311254262033943,0.059479917726172095,-0.029214640669425584
roughness,low_to_high,stable_low,3,274,late,0.2008977015849644,0.02100896507486741,-0.0162750918175769,-0.013380577724930514,0.2171727934025413,0.034389542799797924
roughness,low_to_high,stable_low,3,274,mid,0.5614883221443386,0.2763601689870689,0.028811913278075637,-0.003701277788786482,0.532676408866263,0.28006144677585537
roughness,low_to_high,stable_low,3,275,all_post,-0.0062621348682228555,-0.0062621348682228555,-0.006949469558294877,-0.006949469558294877,0.0006873346900720216,0.0006873346900720216
roughness,low_to_high,stable_low,3,275,early,0.05309662904238668,0.05309662904238668,0.0,0.0,0.05309662904238668,0.05309662904238668
roughness,low_to_high,stable_low,3,275,late,-0.015023185590519886,-0.015023185590519886,-1.1090640318857023e-05,-1.1090640318857023e-05,-0.015012094950201029,-0.015012094950201029
roughness,low_to_high,stable_low,3,275,mid,-0.0539394978157697,-0.0539394978157697,-0.023150111007224444,-0.023150111007224444,-0.030789386808545254,-0.030789386808545254
roughness,low_to_high,stable_low,3,276,all_post,0.004291129662104254,0.004291129662104254,-0.02575854036196231,-0.02575854036196231,0.030049670024066565,0.030049670024066565
roughness,low_to_high,stable_low,3,276,early,-0.0384099149067434,-0.0384099149067434,-0.06627624111428178,-0.06627624111428178,0.02786632620753838,0.02786632620753838
roughness,low_to_high,stable_low,3,276,late,0.03496816577875925,0.03496816577875925,-0.007188470687983044,-0.007188470687983044,0.042156636466742295,0.042156636466742295
roughness,low_to_high,stable_low,3,276,mid,0.006089459408745256,0.006089459408745256,-0.010000932508281874,-0.010000932508281874,0.01609039191702713,0.01609039191702713
roughness,low_to_high,stable_low,3,277,all_post,0.08586741563403957,0.08586348105486877,0.014669557969114974,0.014670166340122965,0.0711978576649246,0.0711933147147458
roughness,low_to_high,stable_low,3,277,early,0.011873885952645121,0.011868237023266552,0.01342883676781662,0.013427709728244613,-0.0015549508151714991,-0.0015594727049780613
roughness,low_to_high,stable_low,3,277,late,0.18720762037786498,0.18720636411442973,0.02607069927939483,0.0260768982621565,0.16113692109847016,0.16112946585227322
roughness,low_to_high,stable_low,3,277,mid,0.024740672323666835,0.024734881007056352,0.0007087574233735211,0.0007036470559565929,0.024031914900293314,0.02403123395109976
roughness,low_to_high,stable_low,3,278,all_post,1.2883710723748365,0.4994739880784115,0.01229421500307199,-0.031579688017119426,1.2760768573717645,0.5310536760955309
roughness,low_to_high,stable_low,3,278,early,0.06678050305449751,0.020955813105437298,0.013957482238191469,2.2008776137646496e-05,0.05282302081630604,0.02093380432929965
roughness,low_to_high,stable_low,3,278,late,3.1894565417433363,1.2333649823446775,0.03995831068792213,-0.06911164251085236,3.1494982310554143,1.30247662485553
roughness,low_to_high,stable_low,3,278,mid,-0.0248189841294908,-0.0005291626369690559,-0.02625451314518104,-0.013138778818732563,0.0014355290156902421,0.012609616181763508
roughness,low_to_high,stable_low,3,279,all_post,0.0005700972424233727,0.0005824906032779811,0.04133381601226505,0.04133615149547685,-0.04076371876984168,-0.04075366089219887
roughness,low_to_high,stable_low,3,279,early,0.005323787863104478,0.005360139718294891,0.022245711924961765,0.022247856860271337,-0.016921924061857288,-0.016887717141976444
roughness,low_to_high,stable_low,3,279,late,-0.0008849340036578765,-0.0008950509600137678,0.055829449345109576,0.05582269311031435,-0.05671438334876745,-0.05671774407032812
roughness,low_to_high,stable_low,3,279,mid,-0.002243551716816066,-0.002225103094016605,0.04109440898910898,0.04110905731089901,-0.04333796070592505,-0.04333416040491562
roughness,low_to_high,stable_low,6,270,all_post,-0.010518077575238514,0.053166863574392854,-0.012227690974374995,-0.028868944910534735,0.0017096133991364813,0.08203580848492759
roughness,low_to_high,stable_low,6,270,early,-0.0012651780576566328,-0.031226697945087565,0.008626334481486073,-0.006849342940572159,-0.009891512539142706,-0.024377355004515405
roughness,low_to_high,stable_low,6,270,late,-0.03493968180193914,0.17995127560479507,-0.017952039396453113,-0.04111737962397101,-0.016987642405486027,0.22106865522876606
roughness,low_to_high,stable_low,6,270,mid,0.0107560281905554,-0.020920089944129444,-0.025926280902638415,-0.03557800348870196,0.03668230909319382,0.014657913544572514
roughness,low_to_high,stable_low,6,271,all_post,0.062012118707762305,-0.031912992164482214,-0.003637079555036732,-0.00033120121338386645,0.06564919826279904,-0.031581790951098344
roughness,low_to_high,stable_low,6,271,early,0.0,0.044107521364511015,2.8577871845023952e-06,0.0052358591023598695,-2.8577871845023952e-06,0.03887166226215115
roughness,low_to_high,stable_low,6,271,late,0.08270699965674025,-0.038061563607145854,-0.002148962887191878,-0.00017508680644384527,0.08485596254393213,-0.03788647680070201
roughness,low_to_high,stable_low,6,271,mid,0.09815563622930218,-0.10024779139014589,-0.009137162732064032,-0.006093404537802632,0.1072927989613662,-0.09415438685234326
roughness,low_to_high,stable_low,6,272,all_post,-0.001690207288455957,-0.007692539943507706,-0.0241830203252259,-0.03298789712146688,0.022492813036769945,0.025295357177959173
roughness,low_to_high,stable_low,6,272,early,-0.003857250951552632,-0.010272449098377032,-0.00017957517868952855,-0.013286649098504815,-0.0036776757728631034,0.003014200000127783
roughness,low_to_high,stable_low,6,272,late,-0.004570948397152171,-0.007532711272720368,-0.05251424717505306,-0.06592391194918339,0.04794329877790089,0.058391200676463015
roughness,low_to_high,stable_low,6,272,mid,0.004077762760510984,-0.005312416627122552,-0.0127724319094783,-0.011519126609783334,0.016850194669989285,0.006206709982660782
roughness,low_to_high,stable_low,6,273,all_post,0.42504187230356294,0.42504206631639363,-0.012953931463398391,-0.01295403302823457,0.43799580376696134,0.4379960993446282
roughness,low_to_high,stable_low,6,273,early,0.03904538980722319,0.03904467549290498,-0.04509555581699872,-0.04509609614825818,0.08414094562422192,0.08414077164116315
roughness,low_to_high,stable_low,6,273,late,0.5155620378961703,0.515565182988459,-0.0006130994660999076,-0.0006126094056819913,0.5161751373622702,0.516177792394141
roughness,low_to_high,stable_low,6,273,mid,0.6978881478091434,0.6978855612998007,0.0037616528935788354,0.003761250563598333,0.6941264949155646,0.6941243107362024
roughness,low_to_high,stable_low,6,274,all_post,0.21829969760784876,0.05575710572552672,-0.014333796865083534,-0.02472530249127243,0.2326334944729323,0.08048240821679915
roughness,low_to_high,stable_low,6,274,early,0.014271424406248803,-0.08089708810611437,-0.017624684612953266,-0.02722575438295451,0.03189610901920207,-0.05367133372315987
roughness,low_to_high,stable_low,6,274,late,0.15681412156897348,0.024540449639296146,-0.009860802751695876,-0.008338717257840335,0.16667492432066935,0.03287916689713648
roughness,low_to_high,stable_low,6,274,mid,0.4991849408580428,0.23143211966495605,-0.016634151758948383,-0.04270808214138047,0.5158190926169912,0.2741402018063365
roughness,low_to_high,stable_low,6,275,all_post,0.01893331406077614,0.0787771708195278,0.002869972704190683,0.005585095038468308,0.016063341356585457,0.07319207578105949
roughness,low_to_high,stable_low,6,275,early,0.08026774286604225,0.19703669382817915,0.0,0.0035268482659909007,0.08026774286604225,0.19350984556218825
roughness,low_to_high,stable_low,6,275,late,0.01760167693429998,0.06438833763067131,0.008149760477548486,0.008970624953775161,0.009451916456751495,0.05541771267689615
roughness,low_to_high,stable_low,6,275,mid,-0.04073656833639475,-0.021496310703052936,-0.0008597893083158887,0.0034114294168121465,-0.03987677902807887,-0.024907740119865084
roughness,low_to_high,stable_low,6,276,all_post,0.9723481851494896,0.6980975081148113,0.06519843204023633,0.03121602533624906,0.9071497531092533,0.6668814827785623
roughness,low_to_high,stable_low,6,276,early,0.720486730451463,0.45099287550306544,0.12135395633733322,0.051086542603804706,0.5991327741141298,0.39990633289926075
roughness,low_to_high,stable_low,6,276,late,0.7808767402191904,0.6096254705549018,-0.005100986064102294,-0.010640980930986985,0.7859777262832927,0.6202664514858888
roughness,low_to_high,stable_low,6,276,mid,1.4635489460103903,1.0557921876764438,0.09691718037356269,0.06366676590273848,1.3666317656368276,0.9921254217737053
roughness,low_to_high,stable_low,6,277,all_post,0.1136226871332994,0.1136227427004706,0.010371692795298872,0.010371697372614513,0.10325099433800053,0.10325104532785609
roughness,low_to_high,stable_low,6,277,early,0.007915828014226316,0.007915906712887819,0.004779009636725646,0.004779033232773097,0.00313681837750067,0.0031368734801147215
roughness,low_to_high,stable_low,6,277,late,0.24513413309855517,0.24513419495038996,0.026811270604776245,0.02681124856774662,0.2183228624937789,0.21832294638264335
roughness,low_to_high,stable_low,6,277,mid,0.05494023879580273,0.05494026337565414,-0.004585096307974619,-0.0045850774814591945,0.05952533510377735,0.059525340857113335
roughness,low_to_high,stable_low,6,278,all_post,1.3695465749527633,0.3815636611500806,0.023695857008729018,-0.024971205534383093,1.3458507179440342,0.4065348666844637
roughness,low_to_high,stable_low,6,278,early,0.026977544435854695,-0.028295724271488614,0.004621045115046247,-0.01429697979420276,0.022356499320808448,-0.013998744477285854
roughness,low_to_high,stable_low,6,278,late,3.580050436910253,1.0288658586482713,0.0975926227353783,-0.035554504876306466,3.4824578141748743,1.0644203635245777
roughness,low_to_high,stable_low,6,278,mid,-0.051014221977189335,-0.017704700301088474,-0.049600288255899815,-0.022416307097159235,-0.0014139337212895203,0.0047116067960707615
roughness,low_to_high,stable_low,6,279,all_post,0.030657478903401748,-0.007094220886128009,0.0866182284354347,0.03685530282783873,-0.05596074953203295,-0.04394952371396674
roughness,low_to_high,stable_low,6,279,early,0.03629628277480834,0.014063938550954965,0.06461884800411725,0.019403994886502553,-0.028322565229308913,-0.005340056335547587
roughness,low_to_high,stable_low,6,279,late,0.07915251458674169,0.006869285271995251,0.13790415415332474,0.06600951195387281,-0.05875163956658305,-0.05914022668187756
roughness,low_to_high,stable_low,6,279,mid,-0.03560011957217978,-0.04570676302086507,0.04451020171938951,0.017863849361632305,-0.0801103212915693,-0.06357061238249738
roughness,low_to_high,stable_low,12,270,all_post,-0.1587834830387484,-0.1587834830387484,-0.018875814427622428,-0.018875814427622428,-0.13990766861112597,-0.13990766861112597
roughness,low_to_high,stable_low,12,270,early,-0.009682244547574886,-0.009682244547574886,-0.01923152838951123,-0.01923152838951123,0.009549283841936344,0.009549283841936344
roughness,low_to_high,stable_low,12,270,late,-0.43013429774691,-0.43013429774691,-0.06904946025540705,-0.06904946025540705,-0.36108483749150294,-0.36108483749150294
roughness,low_to_high,stable_low,12,270,mid,-0.01392133892941356,-0.01392133892941356,0.0358346825143664,0.0358346825143664,-0.04975602144377996,-0.04975602144377996
roughness,low_to_high,stable_low,12,271,all_post,-0.13029797551383793,-0.12254732250218009,-0.005566764360414003,-0.007744698125546797,-0.12473121115342392,-0.11480262437663329
roughness,low_to_high,stable_low,12,271,early,0.03968148997821763,0.04622428246612822,-0.01978222593060625,-0.02170080757550129,0.05946371590882388,0.06792509004162951
roughness,low_to_high,stable_low,12,271,late,-0.0564515022603993,-0.05094522005674372,0.006091593899604115,0.004180386227474246,-0.06254309616000342,-0.05512560628421797
roughness,low_to_high,stable_low,12,271,mid,-0.38027778703045195,-0.36888787178637794,-0.00398119090524138,-0.006707430058031768,-0.37629659612521055,-0.3621804417283462
roughness,low_to_high,stable_low,12,272,all_post,0.007757703488338981,-0.01614827746468309,0.05745698090047115,0.033908220689690745,-0.04969927741213217,-0.05005649815437384
roughness,low_to_high,stable_low,12,272,early,-0.004015492010772235,-0.01958486406026744,0.03582893991472436,-0.00939124839669546,-0.039844431925496596,-0.01019361566357198
roughness,low_to_high,stable_low,12,272,late,0.023691821280186806,-0.021564113383939796,0.1253528871173643,0.09059791510996135,-0.1016610658371775,-0.11216202849390114
roughness,low_to_high,stable_low,12,272,mid,0.0022689380462817196,-0.00684453528990397,0.005531123484583701,0.01579385415411712,-0.0032621854383019814,-0.022638389444021093
roughness,low_to_high,stable_low,12,273,all_post,0.6342897063951555,0.7918383553053494,-0.0659365459203618,-0.06302176519559656,0.7002262523155173,0.854860120500946
roughness,low_to_high,stable_low,12,273,early,0.06244182940250844,-0.012867070203928568,-0.12868445874732004,-0.12759619152654397,0.1911262881498285,0.11472912132261541
roughness,low_to_high,stable_low,12,273,late,0.9106899982137407,1.121674509592223,0.012542998720295807,0.0226268759104063,0.8981469994934449,1.0990476336818167
roughness,low_to_high,stable_low,12,273,mid,0.9067039339176685,1.2392212803371814,-0.08820813978744933,-0.09123336672948558,0.9949120737051178,1.330454647066667
roughness,low_to_high,stable_low,12,274,all_post,-0.05294417608537333,-0.17934166526456155,-0.04320937550688547,-0.04759136416847108,-0.009734800578487857,-0.13175030109609048
roughness,low_to_high,stable_low,12,274,early,0.020928919820521214,-0.07868482529600802,-0.015359379066912626,-0.021464342071895227,0.03628829888743384,-0.0572204832241128
roughness,low_to_high,stable_low,12,274,late,-0.03491142794532972,-0.09096274341760013,-0.01957831620367415,-0.015300793419206577,-0.01533311174165557,-0.07566194999839355
roughness,low_to_high,stable_low,12,274,mid,-0.14635274914298183,-0.37574233723398986,-0.09665968619200394,-0.10869983791008349,-0.04969306295097789,-0.2670424993239064
roughness,low_to_high,stable_low,12,275,all_post,-0.02680299810742853,0.0030549722702160505,0.00043495449941652857,-0.0005831209029057563,-0.02723795260684506,0.0036380931731218066
roughness,low_to_high,stable_low,12,275,early,-0.04477045067779451,0.006709766906420093,-0.0022383964346761437,-0.0008528390547010989,-0.042532054243118365,0.007562605961121192
roughness,low_to_high,stable_low,12,275,late,0.10276889573278626,0.12994724317210524,-0.000151249580392899,-0.0033964061403675546,0.10292014531317915,0.13334364931247278
roughness,low_to_high,stable_low,12,275,mid,-0.14920509719729516,-0.1380664491763679,0.0037433598533027474,0.0027343229228065347,-0.1529484570505979,-0.14080077209917444
roughness,low_to_high,stable_low,12,276,all_post,0.6394894528804724,6.962589982439532,-0.05027245532922231,0.03358034456438014,0.6897619082096947,6.929009637875152
roughness,low_to_high,stable_low,12,276,early,-0.21894947213544344,-1.0362864982786386,-0.1905834293600193,0.15436423043250222,-0.02836604277542415,-1.1906507287111407
roughness,low_to_high,stable_low,12,276,late,0.8912765623776019,15.909265195035546,-0.026466611045972595,0.021515646680518426,0.9177431734235745,15.887749548355028
roughness,low_to_high,stable_low,12,276,mid,1.2251590092744982,5.269234982845355,0.06424885406138749,-0.0741334519295584,1.1609101552131107,5.343368434774914
roughness,low_to_high,stable_low,12,277,all_post,0.15638316178702596,0.15638316178702596,0.005608402265584305,0.005608402265584305,0.15077475952144165,0.15077475952144165
roughness,low_to_high,stable_low,12,277,early,0.004201444733155452,0.004201444733155452,0.00016903114037754297,0.00016903114037754297,0.004032413592777909,0.004032413592777909
roughness,low_to_high,stable_low,12,277,late,0.43282269359650094,0.43282269359650094,0.01395412076925001,0.01395412076925001,0.41886857282725093,0.41886857282725093
roughness,low_to_high,stable_low,12,277,mid,0.009088719380631882,0.009088719380631882,0.0020065783451532226,0.0020065783451532226,0.00708214103547866,0.00708214103547866
roughness,low_to_high,stable_low,12,278,all_post,1.0300525583187745,0.08115562096155665,-0.02648473807167343,-0.052436243450212194,1.056537296390448,0.13359186441176885
roughness,low_to_high,stable_low,12,278,early,0.0077465260027529586,-0.03723113501779385,0.0009404938369605998,-0.016652252901026638,0.006806032165792359,-0.02057888211676721
roughness,low_to_high,stable_low,12,278,late,2.9855357285438404,0.27903095684961116,-0.024137628932820114,-0.13692934938876794,3.0096733574766605,0.4159603062383791
roughness,low_to_high,stable_low,12,278,mid,-0.06608151044235845,-0.014822570271151914,-0.056452671547398546,0.0033139641007043177,-0.009628838894959905,-0.018136534371856233
roughness,low_to_high,stable_low,12,279,all_post,-0.08578053459628054,-0.08675362569077479,0.0526944802592936,0.03636263942930302,-0.13847501485557415,-0.12311626512007781
roughness,low_to_high,stable_low,12,279,early,-0.0808959381454817,-0.06737438391101848,0.05547501604010468,0.037546449938908745,-0.13637095418558637,-0.10492083384992723
roughness,low_to_high,stable_low,12,279,late,-0.0025831930196826666,-0.024897224007000524,0.0794661656926988,0.05578960372737507,-0.08204935871238148,-0.08068682773437559
roughness,low_to_high,stable_low,12,279,mid,-0.18079558442172708,-0.17314396929461992,0.020911285258960206,0.014132950930119223,-0.2017068696806873,-0.18727692022473913
noise_scale,high_to_low,stable_high,1,270,all_post,0.006171747762626755,-0.005321812595907894,-0.0789645284237227,-0.1010112401028598,0.08513627618634946,0.09568942750695192
noise_scale,high_to_low,stable_high,1,270,early,-0.00157977102005922,0.0024938733571394887,-0.05057079183437408,-0.051893509257492476,0.04899102081431486,0.05438738261463197
noise_scale,high_to_low,stable_high,1,270,late,0.024424151335010073,-0.011789755154933353,-0.12282170462492066,-0.163819901414719,0.14724585595993073,0.15203014625978564
noise_scale,high_to_low,stable_high,1,270,mid,-0.01041327155119836,-0.004513575136921326,-0.04888203007814071,-0.06638408919908158,0.03846875852694235,0.06187051406216025
noise_scale,high_to_low,stable_high,1,271,all_post,-0.00389280850484633,-0.02323164879791146,0.1365202900331564,-0.12891308607902396,-0.14041309853800274,0.10568143728111251
noise_scale,high_to_low,stable_high,1,271,early,-0.019835772638689884,-0.052193296907961435,-0.00520052829262499,-0.38006974677229016,-0.014635244346064894,0.32787644986432873
noise_scale,high_to_low,stable_high,1,271,late,-0.007733879408368689,-0.02248695777703466,0.05806375994459175,-0.02731450486676238,-0.06579763935296044,0.00482754708972772
noise_scale,high_to_low,stable_high,1,271,mid,0.01717158350036038,0.004737077950969462,0.3828498151436906,-0.013221200335439767,-0.36567823164333024,0.01795827828640923
noise_scale,high_to_low,stable_high,1,272,all_post,0.22104715675661382,-0.030780872047933124,0.13793850093899046,-0.09777271668014428,0.08310865581762336,0.06699184463221117
noise_scale,high_to_low,stable_high,1,272,early,0.15962560850071053,-0.10039479443058157,0.14959661842314131,-0.23967200524112586,0.010028990077569216,0.13927721081054428
noise_scale,high_to_low,stable_high,1,272,late,0.20236319456245705,-0.016140304917643743,-0.03106706989079258,-0.0885493355356147,0.23343026445324963,0.07240903061797095
noise_scale,high_to_low,stable_high,1,272,mid,0.307380654604726,0.019312294160996158,0.35162114456121696,0.03182873035479788,-0.044240489956490936,-0.01251643619380172
noise_scale,high_to_low,stable_high,1,273,all_post,0.0521563330638213,0.05215621172955722,-0.11191282898786988,-0.1119126147115566,0.16406916205169117,0.1640688264411138
noise_scale,high_to_low,stable_high,1,273,early,0.03036324353834165,0.03036278943944266,-0.06803959903863006,-0.06803982774797955,0.09840284257697171,0.09840261718742221
noise_scale,high_to_low,stable_high,1,273,late,0.03136354575274129,0.03136279509299973,-0.2704320769712536,-0.27043244604398536,0.3017956227239949,0.3017952411369851
noise_scale,high_to_low,stable_high,1,273,mid,0.10167313900407426,0.10167418953508178,0.05557293837406865,0.05557437343477132,0.04610020063000561,0.04609981610031046
noise_scale,high_to_low,stable_high,1,274,all_post,0.0687357558984442,0.007876797925802,0.07868961110124435,0.04147651483391721,-0.00995385520280015,-0.03359971690811521
noise_scale,high_to_low,stable_high,1,274,early,0.02484916817196108,-0.01664046863316582,0.045214738674431654,0.09424886988477472,-0.020365570502470575,-0.11088933851794054
noise_scale,high_to_low,stable_high,1,274,late,0.06370090612409116,0.0044252709906652775,0.14402357535838814,0.11590412283506576,-0.08032266923429698,-0.11147885184440048
noise_scale,high_to_low,stable_high,1,274,mid,0.11933547665739806,0.03699610039828546,0.025052531185198654,-0.1105326508851384,0.09428294547219941,0.14752875128342385
noise_scale,high_to_low,stable_high,1,275,all_post,-0.012960867170039289,0.052961357012090614,-0.03505364549201677,0.013173313781652846,0.02209277832197748,0.03978804323043777
noise_scale,high_to_low,stable_high,1,275,early,-0.01780381936659659,0.1165751786270316,-0.026392869345391826,0.24413301706395574,0.008589049978795237,-0.12755783843692414
noise_scale,high_to_low,stable_high,1,275,late,-0.0045971219105175685,0.047046604891293996,0.004217222757734559,0.025029409001487868,-0.008814344668252127,0.022017195889806128
noise_scale,high_to_low,stable_high,1,275,mid,-0.019269575319510953,-0.002766128441788191,-0.0960755793049768,-0.23359451646043008,0.07680600398546585,0.2308283880186419
noise_scale,high_to_low,stable_high,1,276,all_post,0.016744784757549213,0.004352907076329957,0.1984381893345219,-0.0779081157101834,-0.1816934045769727,0.08226102278651336
noise_scale,high_to_low,stable_high,1,276,early,-0.007648023549335105,-0.03193788903567082,0.22429906753619402,-0.28885690867377034,-0.23194709108552913,0.25691901963809954
noise_scale,high_to_low,stable_high,1,276,late,0.02911061263088176,0.004115314250313208,0.17065530525164596,-0.02006478287709377,-0.1415446926207642,0.02418009712740698
noise_scale,high_to_low,stable_high,1,276,mid,0.024649822566656803,0.04096049362301974,0.20962115657668431,0.05591623347595062,-0.18497133401002752,-0.014955739852930881
noise_scale,high_to_low,stable_high,1,277,all_post,0.012618282634027039,0.001222606798575864,0.4063803408844427,0.13882921624107286,-0.39376205825041566,-0.137606609442497
noise_scale,high_to_low,stable_high,1,277,early,0.047105052320861464,0.07104292886200267,0.20176305455894294,0.12359124699830394,-0.1546580022380815,-0.05254831813630127
noise_scale,high_to_low,stable_high,1,277,late,0.008502256211960555,-0.015844823096887402,0.5216683648848778,0.17922799846176235,-0.5131661086729172,-0.19507282155864974
noise_scale,high_to_low,stable_high,1,277,mid,-0.016380451823385423,-0.045841142070899926,0.45728026187602877,0.10020214252292244,-0.4736607136994142,-0.14604328459382238
noise_scale,high_to_low,stable_high,1,278,all_post,0.022563272207484372,0.06955218602121094,-0.1151729870852038,-0.1029007663579828,0.13773625929268818,0.17245295237919372
noise_scale,high_to_low,stable_high,1,278,early,-0.032313673358651714,-0.03399370652187619,-0.09299295733064038,-0.12017087780707615,0.060679283971988664,0.08617717128519997
noise_scale,high_to_low,stable_high,1,278,late,0.08484820045616805,0.20852131537765256,-0.28040471721868343,-0.1804737069433562,0.36525291767485146,0.3889950223210088
noise_scale,high_to_low,stable_high,1,278,mid,-0.00560635322462441,-0.012194093910957422,0.08295595667153888,0.017799932538275175,-0.08856230989616329,-0.029994026449232596
noise_scale,high_to_low,stable_high,1,279,all_post,0.006583943941584121,0.007035917872983757,0.0781347139061954,0.0906692881614658,-0.07155076996461128,-0.08363337028848204
noise_scale,high_to_low,stable_high,1,279,early,-0.0010405100011511709,-0.0005934746125143761,0.025752344806528493,0.04431308580952831,-0.026792854807679664,-0.044906560422042684
noise_scale,high_to_low,stable_high,1,279,late,0.006872999345702894,0.009232476553106973,0.1479271166040084,0.16579225215802457,-0.1410541172583055,-0.1565597756049176
noise_scale,high_to_low,stable_high,1,279,mid,0.013822990678827718,0.011736565451650935,0.03746054607544499,0.03686153851799163,-0.02363755539661727,-0.02512497306634069
noise_scale,high_to_low,stable_high,3,270,all_post,0.0023430641077541586,0.0008905272752564107,-0.018014740410323964,-0.03063923206018443,0.020357804518078122,0.03152975933544084
noise_scale,high_to_low,stable_high,3,270,early,-0.0012255066752986307,-0.01558209570667396,-0.0052033068424123,-0.03295417153386402,0.003977800167113669,0.01737207582719006
noise_scale,high_to_low,stable_high,3,270,late,0.004035328092437993,0.013578372759757842,-0.017404621786946836,-0.03128502120475907,0.02143994987938483,0.04486339396451691
noise_scale,high_to_low,stable_high,3,270,mid,0.0036552829112284995,0.0004460229445182107,-0.031639665476071804,-0.027463240393738656,0.0352949483873003,0.027909263338256867
noise_scale,high_to_low,stable_high,3,271,all_post,0.0015901206410289651,-0.0020995673904217116,-0.007489246002982427,-0.0224475416140534,0.009079366644011393,0.020347974223631687
noise_scale,high_to_low,stable_high,3,271,early,0.016873817096017332,0.008189625087799296,0.032484550420912243,0.02252691302223149,-0.015610733324894911,-0.014337287934432194
noise_scale,high_to_low,stable_high,3,271,late,-0.008524021262067976,0.00036963105976559095,-0.040748569293713545,-0.023385174367004425,0.03222454803164557,0.023754805426770016
noise_scale,high_to_low,stable_high,3,271,mid,-0.00020805327649681127,-0.015681024468892458,-0.003117278039235611,-0.06617181924640357,0.0029092247627388,0.05049079477751112
noise_scale,high_to_low,stable_high,3,272,all_post,-0.000618020217992217,-0.0013358605514085164,-0.03513759886225512,-0.0373539007066913,0.0345195786442629,0.03601804015528278
noise_scale,high_to_low,stable_high,3,272,early,0.007446002518047938,0.006009071283764364,0.021214622828613305,0.017834541851589395,-0.013768620310565367,-0.011825470567825031
noise_scale,high_to_low,stable_high,3,272,late,-0.006123999388741158,-0.006806011956420404,-0.10612565368437203,-0.10871125549583763,0.10000165429563088,0.10190524353941723
noise_scale,high_to_low,stable_high,3,272,mid,-0.0013407373930337853,-0.0013872571798988823,0.0031609192096989946,0.0026007964538897407,-0.00450165660273278,-0.003988053633788623
noise_scale,high_to_low,stable_high,3,273,all_post,0.09306240470641206,0.04561815671942225,0.023818114259050633,-0.019222960391423124,0.06924429044736143,0.06484111711084538
noise_scale,high_to_low,stable_high,3,273,early,0.06771198986432587,-0.006274763841994233,0.04127883583359296,-0.034328902396738546,0.026433154030732917,0.028054138554744312
noise_scale,high_to_low,stable_high,3,273,late,0.08503504792626707,0.05791425541799207,0.007953484874507179,-0.005831187901828756,0.0770815630517599,0.06374544331982082
noise_scale,high_to_low,stable_high,3,273,mid,0.12911596192202485,0.08111627901607898,0.027510231863899528,-0.021972715038900192,0.10160573005812532,0.10308899405497918
noise_scale,high_to_low,stable_high,3,274,all_post,0.04028303413120077,-0.002112883609716375,-0.007994162930231651,-0.03980785911089093,0.04827719706143242,0.03769497550117455
noise_scale,high_to_low,stable_high,3,274,early,-0.0025491381143848343,-0.04686125305588274,-0.009948042348370092,-0.03787778800374678,0.007398904233985258,-0.008983465052135958
noise_scale,high_to_low,stable_high,3,274,late,0.027576910145095494,-0.0014374102131667452,-0.03952109705675215,-0.032769881610407295,0.06709800720184764,0.03133247139724055
noise_scale,high_to_low,stable_high,3,274,mid,0.10005670502492671,0.041734854641050485,0.03599562865660078,-0.05112190021867991,0.06406107636832592,0.0928567548597304
noise_scale,high_to_low,stable_high,3,275,all_post,3.3239252649419104e-05,3.3239252649419104e-05,-0.0367739844417458,-0.0367739844417458,0.03680722369439522,0.03680722369439522
noise_scale,high_to_low,stable_high,3,275,early,0.002529888480093861,0.002529888480093861,0.000876238504154539,0.000876238504154539,0.001653649975939322,0.001653649975939322
noise_scale,high_to_low,stable_high,3,275,late,-0.00371063228660273,-0.00371063228660273,-0.04422774823637847,-0.04422774823637847,0.04051711594977574,0.04051711594977574
noise_scale,high_to_low,stable_high,3,275,mid,0.0025284187442078435,0.0025284187442078435,-0.06448585566146924,-0.06448585566146924,0.06701427440567707,0.06701427440567707
noise_scale,high_to_low,stable_high,3,276,all_post,-0.006860835555682234,-0.00686046808847568,-0.06229167024128037,-0.06229132475105668,0.05543083468559814,0.055430856662581
noise_scale,high_to_low,stable_high,3,276,early,-0.031018605654758082,-0.0310183142216732,-0.1535537401291457,-0.15355354874004137,0.1225351344743876,0.12253523451836817
noise_scale,high_to_low,stable_high,3,276,late,0.00029474134874549283,0.00029513506804184145,-0.009936745951988287,-0.00993637847989566,0.010231487300733779,0.010231513547937502
noise_scale,high_to_low,stable_high,3,276,mid,0.007756165337489976,0.007756573836031809,-0.04083616607247123,-0.04083569579028667,0.048592331409961206,0.04859226962631848
noise_scale,high_to_low,stable_high,3,277,all_post,0.023638600500368596,0.023613228009195984,0.025904395403142877,0.02590260812860879,-0.0022657949027742805,-0.0022893801194128066
noise_scale,high_to_low,stable_high,3,277,early,0.0071695377055953705,0.007140385382089592,0.015360817277773999,0.01533860966539967,-0.008191279572178628,-0.008198224283310079
noise_scale,high_to_low,stable_high,3,277,late,0.041550945816219986,0.04153912237395124,0.07007329846544011,0.07011822372747478,-0.028522352649220123,-0.02857910135352354
noise_scale,high_to_low,stable_high,3,277,mid,0.016224536207339973,0.016184878149962032,-0.02244389722121788,-0.022487547540003403,0.03866843342855786,0.038672425689965435
noise_scale,high_to_low,stable_high,3,278,all_post,0.19383516731987033,0.09222142247434567,0.0636971405266126,-0.037830746139053184,0.13013802679325773,0.13005216861339886
noise_scale,high_to_low,stable_high,3,278,early,-0.012710101484077673,-8.334490198011902e-05,-0.03393084422470471,-0.014825260140309106,0.021220742740627033,0.014741915238328986
noise_scale,high_to_low,stable_high,3,278,late,0.4930104089341726,0.23315891867042304,0.19464953592025097,-0.08824282050552665,0.2983608730139216,0.3214017391759497
noise_scale,high_to_low,stable_high,3,278,mid,0.0014801139714152901,-0.0033904717440983536,-0.013278068580254605,0.006379867017500716,0.014758182551669895,-0.00977033876159907
noise_scale,high_to_low,stable_high,3,279,all_post,-0.001914149080747378,-0.0017202211403233264,0.04092401195524619,0.04042863552547101,-0.04283816103599357,-0.042148856665794335
noise_scale,high_to_low,stable_high,3,279,early,-0.006017969472376389,-0.005305709386806047,0.011132976861516658,0.011201891060002684,-0.017150946333893045,-0.01650760044680873
noise_scale,high_to_low,stable_high,3,279,late,0.0037810125974364847,0.003650510806811111,0.0650510681840921,0.06378140424185968,-0.061270055586655624,-0.06013089343504857
noise_scale,high_to_low,stable_high,3,279,mid,-0.005403877593363519,-0.00529570882335319,0.03854563874384783,0.038518355035754424,-0.04394951633721135,-0.04381406385910761
noise_scale,high_to_low,stable_high,6,270,all_post,-0.0005838701566405763,-0.0005838701566405763,-0.03857718892417136,-0.03857718892417136,0.03799331876753079,0.03799331876753079
noise_scale,high_to_low,stable_high,6,270,early,0.00035735728422934057,0.00035735728422934057,0.010276505240772829,0.010276505240772829,-0.009919147956543488,-0.009919147956543488
noise_scale,high_to_low,stable_high,6,270,late,-0.00949385603111916,-0.00949385603111916,-0.050270960854447704,-0.050270960854447704,0.040777104823328546,0.040777104823328546
noise_scale,high_to_low,stable_high,6,270,mid,0.009612384745587734,0.009612384745587734,-0.07281366817627015,-0.07281366817627015,0.08242605292185788,0.08242605292185788
noise_scale,high_to_low,stable_high,6,271,all_post,-0.010257652623359176,-0.00838371888651955,-0.009447798599181113,-0.013923257335728842,-0.0008098540241780628,0.005539538449209291
noise_scale,high_to_low,stable_high,6,271,early,-0.006841955868188085,-0.007534593403040757,-0.009491576879565209,-0.015884284570574076,0.0026496210113771236,0.00834969116753332
noise_scale,high_to_low,stable_high,6,271,late,0.0006093559154265543,0.0029397655135556264,-0.00026942945520997964,-0.0001830710857409638,0.000878785370636534,0.00312283659929659
noise_scale,high_to_low,stable_high,6,271,mid,-0.027257110052012437,-0.023387199870092298,-0.02087698174876093,-0.029137462913368457,-0.006380128303251506,0.005750263043276159
noise_scale,high_to_low,stable_high,6,272,all_post,-0.009451881499963451,-0.002247586028673045,-0.03108133221643411,-0.0194806840756717,0.02162945071647066,0.017233098046998654
noise_scale,high_to_low,stable_high,6,272,early,-0.0002916432183311766,0.01740320937591971,-0.012195903004514341,0.02461225198463224,0.011904259786183164,-0.007209042608712527
noise_scale,high_to_low,stable_high,6,272,late,-0.020405202503041297,-0.014694588545806702,-0.062120055720278455,-0.05958936461189332,0.041714853217237155,0.04489477606608662
noise_scale,high_to_low,stable_high,6,272,mid,-0.004920468527748415,-0.006339628286848728,-0.011168357048548433,-0.01343776946569863,0.006247888520800018,0.0070981411788499016
noise_scale,high_to_low,stable_high,6,273,all_post,0.12115212970062376,0.06032724044237515,0.009313167318400262,-0.04879698498095053,0.1118389623822235,0.10912422542332567
noise_scale,high_to_low,stable_high,6,273,early,0.034367698976742585,-0.06031489400048073,-0.08692186541318832,-0.187729997823043,0.12128956438993091,0.12741510382256227
noise_scale,high_to_low,stable_high,6,273,late,0.12868802379543162,0.09438202656244803,0.03705964432957012,0.011999039212727507,0.0916283794658615,0.08238298734972052
noise_scale,high_to_low,stable_high,6,273,mid,0.19851669280599504,0.1384008922351399,0.0708651037860265,0.01414099761904434,0.12765158901996854,0.12425989461609556
noise_scale,high_to_low,stable_high,6,274,all_post,0.02873918238513994,-0.007388961533800181,-0.04038252115469584,-0.06767948949181565,0.06912170353983578,0.06029052795801547
noise_scale,high_to_low,stable_high,6,274,early,-0.013084822987111189,-0.052207398027495557,-0.021655362138103054,-0.04128896262090776,0.008570539150991865,-0.010918435406587795
noise_scale,high_to_low,stable_high,6,274,late,0.026840971196054764,0.007725525957060894,-0.03078118556142105,-0.02720971437346738,0.05762215675747581,0.03493524033052828
noise_scale,high_to_low,stable_high,6,274,mid,0.07293595174374752,0.018536365596318858,-0.07111134966288211,-0.14465723526065888,0.14404730140662964,0.16319360085697773
noise_scale,high_to_low,stable_high,6,275,all_post,0.004444102442083458,0.00042589111701121573,0.004191343071823388,0.010459972316723165,0.00025275937026006997,-0.010034081199711949
noise_scale,high_to_low,stable_high,6,275,early,0.005359988547619929,-0.0019643812516666483,0.00376127258828036,-0.0024447741367118747,0.0015987159593395688,0.0004803928850452264
noise_scale,high_to_low,stable_high,6,275,late,0.00444378350756915,0.001153775150577089,0.01301071930292543,0.022689853030327712,-0.00856693579535628,-0.021536077879750624
noise_scale,high_to_low,stable_high,6,275,mid,0.003528615004689874,0.001906308443731737,-0.006402806733511138,0.008077367878152523,0.009931421738201012,-0.006171059434420786
noise_scale,high_to_low,stable_high,6,276,all_post,0.013559432947607033,0.01356006423446324,-0.02653515896017038,-0.026534539492411573,0.040094591907777415,0.04009460372687482
noise_scale,high_to_low,stable_high,6,276,early,0.011525407193113638,0.01152590866441836,-0.0007197259661085968,-0.0007193053751448723,0.012245133159222234,0.012245214039563232
noise_scale,high_to_low,stable_high,6,276,late,0.014294129249074531,0.014294803162012839,-0.031011828828264736,-0.031011197232373746,0.04530595807733927,0.045306000394386585
noise_scale,high_to_low,stable_high,6,276,mid,0.014675088325266053,0.014675796145071128,-0.04675475461911419,-0.04675395143472555,0.061429842944380246,0.061429747579796676
noise_scale,high_to_low,stable_high,6,277,all_post,0.023009221835348558,0.023001319403736127,0.024656433564107016,0.024653498789872066,-0.001647211728758459,-0.0016521793861359393
noise_scale,high_to_low,stable_high,6,277,early,-0.00010199492263274501,-0.00011275196551124552,-0.0024685601157260623,-0.0024786289818660573,0.002366565193093317,0.0023658770163548118
noise_scale,high_to_low,stable_high,6,277,late,0.04366348577157735,0.043657150709304475,0.07263707593612878,0.07264190023316232,-0.02897359016455143,-0.028984749523857843
noise_scale,high_to_low,stable_high,6,277,mid,0.020302608673043853,0.020295601641023057,-0.008194375721087102,-0.00819987524250262,0.028496984394130953,0.028495476883525675
noise_scale,high_to_low,stable_high,6,278,all_post,0.3539465872635546,0.15156202222453277,0.1506846085035577,0.0016609464530024127,0.2032619787599969,0.14990107577153036
noise_scale,high_to_low,stable_high,6,278,early,0.018854982820745547,-0.039070985717677614,0.041487705183148066,-0.05172482769372155,-0.02263272236240252,0.012653841976043939
noise_scale,high_to_low,stable_high,6,278,late,0.9174419834804682,0.4227975033021588,0.4163338910556613,0.049609666540325184,0.5011080924248069,0.37318783676183365
noise_scale,high_to_low,stable_high,6,278,mid,-0.015331053564778346,0.00315067881971064,-0.07218009136616217,-0.00488917950942708,0.056849037801383825,0.008039858329137721
noise_scale,high_to_low,stable_high,6,279,all_post,0.012957572224123592,0.0069804485414583246,0.17207174442970535,0.0790343706630729,-0.15911417220558177,-0.07205392212161457
noise_scale,high_to_low,stable_high,6,279,early,0.0027423927577139014,0.005773555232557413,0.13751489410357412,0.05630639650829602,-0.13477250134586022,-0.05053284127573861
noise_scale,high_to_low,stable_high,6,279,late,0.02587754623851736,0.010540667694839878,0.2767185054463091,0.1406190559216355,-0.25084095920779176,-0.13007838822679563
noise_scale,high_to_low,stable_high,6,279,mid,0.007022784172541073,0.003737067908632295,0.07582014348508197,0.024781488244646568,-0.0687973593125409,-0.021044420336014273
noise_scale,high_to_low,stable_high,12,270,all_post,-0.040481980907653585,-0.040481980907653585,-0.07436269727628173,-0.07436269727628173,0.03388071636862814,0.03388071636862814
noise_scale,high_to_low,stable_high,12,270,early,0.0,0.0,0.0,0.0,0.0,0.0
noise_scale,high_to_low,stable_high,12,270,late,-0.1260317466532705,-0.1260317466532705,-0.28411329537446417,-0.28411329537446417,0.15808154872119368,0.15808154872119368
noise_scale,high_to_low,stable_high,12,270,mid,0.011714951075777807,0.011714951075777807,0.07850442005380087,0.07850442005380087,-0.06678946897802307,-0.06678946897802307
noise_scale,high_to_low,stable_high,12,271,all_post,-0.014626478083532773,-0.013801012063298423,-0.006915161593188704,-0.015616018725070955,-0.0077113164903440685,0.0018150066617725318
noise_scale,high_to_low,stable_high,12,271,early,0.0003286574625597181,-1.9725143807964186e-05,-0.02788656446659929,-0.03483600551807174,0.02821522192915901,0.03481628037426378
noise_scale,high_to_low,stable_high,12,271,late,-0.0017854551174902344,-0.0011888938333733533,0.020140564887992603,0.013629045086300362,-0.021926020005482837,-0.014817938919673715
noise_scale,high_to_low,stable_high,12,271,mid,-0.04349272184283803,-0.04124542706520771,-0.015254129074391201,-0.028078184394389086,-0.028238592768446827,-0.013167242670818622
noise_scale,high_to_low,stable_high,12,272,all_post,-0.003347522641322949,0.00012546875363450373,0.10795697768656547,0.07970292402991674,-0.11130450032788841,-0.07957745527628224
noise_scale,high_to_low,stable_high,12,272,early,-0.004917513296912996,0.01874907319894192,-0.03016275568120226,-0.010063968865700402,0.025245242384289265,0.028813042064642323
noise_scale,high_to_low,stable_high,12,272,late,-0.007309683014461277,-0.01448254376705101,0.30473621408989116,0.21675108831536483,-0.31204589710435243,-0.23123363208241585
noise_scale,high_to_low,stable_high,12,272,mid,0.002514808418500284,-0.002672788794263605,0.03289920495073039,0.021000972282965175,-0.030384396532230108,-0.02367376107722878
noise_scale,high_to_low,stable_high,12,273,all_post,0.0025584100969349155,-0.030937015675386814,-0.1727226365390437,-0.2041697254458355,0.17528104663597863,0.1732327097704487
noise_scale,high_to_low,stable_high,12,273,early,-0.250620971978085,-0.29889019385757976,-0.39266602494763153,-0.44349521050231927,0.1420450529695465,0.14460501664473951
noise_scale,high_to_low,stable_high,12,273,late,0.1868972600308313,0.16688188292908357,0.0664264765093841,0.04940822288356644,0.12047078352144719,0.11747366004551713
noise_scale,high_to_low,stable_high,12,273,mid,0.056037371410233815,0.02271235568529659,-0.21185745393291935,-0.23955368441287064,0.2678948253431532,0.26226604009816723
noise_scale,high_to_low,stable_high,12,274,all_post,-0.03420473901914527,-0.05796105147508122,-0.1395308122790693,-0.15038714805856712,0.10532607325992403,0.09242609658348591
noise_scale,high_to_low,stable_high,12,274,early,-0.030679238751414203,-0.0593911152423428,-0.04043238479358169,-0.04682767457761275,0.009753146042167486,-0.012563440664730051
noise_scale,high_to_low,stable_high,12,274,late,-0.019398517001989187,-0.02144570964731354,-0.05606690853733468,-0.04509002081699741,0.0366683915353455,0.02364431116968387
noise_scale,high_to_low,stable_high,12,274,mid,-0.053770313138795434,-0.09608927468790128,-0.32904846881810274,-0.3680185093845553,0.2752781556793073,0.27192923469665403
noise_scale,high_to_low,stable_high,12,275,all_post,0.0042052718985023775,0.01195950936021048,-0.025483321054156738,-0.026709173002102776,0.029688592952659115,0.03866868236231326
noise_scale,high_to_low,stable_high,12,275,early,-0.003507223813030235,0.008509437549887918,-0.01001423115529688,0.0004182416047574152,0.006507007342266644,0.008091195945130502
noise_scale,high_to_low,stable_high,12,275,late,0.015020020407727337,0.02292437373382071,-0.04797915082065651,-0.05700062643625872,0.06299917122838385,0.07992500017007943
noise_scale,high_to_low,stable_high,12,275,mid,0.0002017900583746185,0.0035309780991219677,-0.01658192870597518,-0.02102084638862736,0.0167837187643498,0.024551824487749327
noise_scale,high_to_low,stable_high,12,276,all_post,0.2642134419304008,0.24320428694267035,0.16326940937000417,0.14496909065232622,0.10094403256039663,0.09823519629034413
noise_scale,high_to_low,stable_high,12,276,early,0.1240429776895637,0.07758313059686785,0.2034224063254866,0.1575159321495082,-0.07937942863592291,-0.07993280155264036
noise_scale,high_to_low,stable_high,12,276,late,0.6516424906749241,0.6354247992563007,0.4674197554939304,0.45594506531487894,0.1842227351809937,0.17947973394142175
noise_scale,high_to_low,stable_high,12,276,mid,-0.015330896635328835,-0.01608011171795993,-0.20637979588639832,-0.20446839006262105,0.1910488992510695,0.18838827834466113
noise_scale,high_to_low,stable_high,12,277,all_post,0.05594835926082944,0.05143278217881216,0.022250857643031436,0.021705714382662798,0.033697501617798,0.029727067796149365
noise_scale,high_to_low,stable_high,12,277,early,0.01789226625258113,0.013899080198832162,-0.0065061673154863525,-0.010327071193332647,0.024398433568067483,0.02422615139216481
noise_scale,high_to_low,stable_high,12,277,late,0.0739786895285514,0.06908651491904858,0.03932695158461211,0.04052530996570303,0.03465173794393929,0.028561204953345548
noise_scale,high_to_low,stable_high,12,277,mid,0.07447159447904562,0.06984160702353609,0.0325087808315035,0.033350604743698,0.041962813647542126,0.03649100227983809
noise_scale,high_to_low,stable_high,12,278,all_post,0.2715719466919305,0.0016557092252889039,-0.01115868262730113,-0.18212117377512868,0.28273062931923165,0.18377688300041758
noise_scale,high_to_low,stable_high,12,278,early,0.0028418431234072962,-0.05209220555924649,0.0024066397746122237,-0.0705818706763144,0.0004352033487950726,0.018489665117067906
noise_scale,high_to_low,stable_high,12,278,late,0.8022538785928089,0.06735384450832267,0.07155870025672366,-0.49710231867322047,0.7306951783360853,0.5644561631815431
noise_scale,high_to_low,stable_high,12,278,mid,-0.034603375965497875,-0.01576935588012893,-0.11433450315357467,0.04756909676565652,0.07973112718807679,-0.06333845264578546
noise_scale,high_to_low,stable_high,12,279,all_post,0.012149415294402716,0.006754753290498064,0.170718969820902,0.07008622800614074,-0.1585695545264993,-0.06333147471564268
noise_scale,high_to_low,stable_high,12,279,early,0.008434288425284773,0.009724007668607263,0.22136345117070547,0.11049991425973767,-0.2129291627454207,-0.10077590659113041
noise_scale,high_to_low,stable_high,12,279,late,0.023697126420728427,0.00898478155224447,0.24889498456181056,0.11389780099845823,-0.22519785814108212,-0.10491301944621376
noise_scale,high_to_low,stable_high,12,279,mid,0.0033545217766677896,0.0013696349621635958,0.035383805835114183,-0.017789995655800115,-0.03202928405844639,0.019159630617963712
persistence,high_to_low,stable_high,1,270,all_post,0.03874125648918302,0.06062589178344633,-0.00860657387783204,-0.019277706022008425,0.047347830367015065,0.07990359780545475
persistence,high_to_low,stable_high,1,270,early,-0.032520920368594615,-0.023294223509534223,0.009875404465561054,0.0020953473400991992,-0.04239632483415567,-0.025389570849633423
persistence,high_to_low,stable_high,1,270,late,-0.04854745344773193,-0.04446663234303575,-0.03708581375333723,-0.0512110381836549,-0.011461639694394704,0.006744405840619146
persistence,high_to_low,stable_high,1,270,mid,0.2263883799295139,0.28466937257840297,0.010883767612781791,0.0019270168314125743,0.21550461231673212,0.2827423557469904
persistence,high_to_low,stable_high,1,271,all_post,0.19131267729844664,-0.00235899390843205,0.06340278134466901,-0.013922803211812884,0.12790989595377764,0.011563809303380834
persistence,high_to_low,stable_high,1,271,early,0.004190542244059121,-0.14392078921749552,0.0030322473082282733,-0.04509025903637285,0.001158294935830848,-0.09883053018112267
persistence,high_to_low,stable_high,1,271,late,0.12740456485298554,-0.010295866694999004,0.08403065314365382,-0.0032969007858494478,0.04337391170933172,-0.006998965909149555
persistence,high_to_low,stable_high,1,271,mid,0.46364562894678235,0.14978529844938734,0.09626948631579661,0.0030767827114624897,0.3673761426309857,0.14670851573792484
persistence,high_to_low,stable_high,1,272,all_post,0.1608279066195456,0.1608279066195456,0.04231062019360288,0.04231062019360288,0.11851728642594273,0.11851728642594273
persistence,high_to_low,stable_high,1,272,early,0.2775594662164557,0.2775594662164557,0.025066052500167715,0.025066052500167715,0.25249341371628803,0.25249341371628803
persistence,high_to_low,stable_high,1,272,late,0.011687251259566322,0.011687251259566322,0.02325592952708486,0.02325592952708486,-0.011568678267518537,-0.011568678267518537
persistence,high_to_low,stable_high,1,272,mid,0.24295055416927455,0.24295055416927455,0.08496144210906205,0.08496144210906205,0.1579891120602125,0.1579891120602125
persistence,high_to_low,stable_high,1,273,all_post,0.0413706186886839,0.03697837727688791,-0.01563927823085267,-0.014634719620965886,0.05700989691953657,0.051613096897853795
persistence,high_to_low,stable_high,1,273,early,-0.02770772809187678,-0.02847143185151289,0.004122879650739265,0.005800754649042697,-0.03183060774261605,-0.034272186500555586
persistence,high_to_low,stable_high,1,273,late,0.16529495344984396,0.1564415691715232,-0.03722619519211192,-0.03769257954798049,0.2025211486419559,0.19413414871950369
persistence,high_to_low,stable_high,1,273,mid,-0.05478348087896882,-0.056856069454224945,-0.006618880164098944,-0.004326380654954991,-0.048164600714869873,-0.052529688799269954
persistence,high_to_low,stable_high,1,274,all_post,0.10605054921744865,0.10605054921744865,-0.02079358900601384,-0.02079358900601384,0.1268441382234625,0.1268441382234625
persistence,high_to_low,stable_high,1,274,early,0.041771008515270956,0.041771008515270956,-0.007664069852395935,-0.007664069852395935,0.04943507836766689,0.04943507836766689
persistence,high_to_low,stable_high,1,274,late,0.10566457771289843,0.10566457771289843,-0.04350282668522779,-0.04350282668522779,0.14916740439812623,0.14916740439812623
persistence,high_to_low,stable_high,1,274,mid,0.17084471859235997,0.17084471859235997,-0.0036441245873464795,-0.0036441245873464795,0.17448884317970645,0.17448884317970645
persistence,high_to_low,stable_high,1,275,all_post,0.13256218764233357,0.11871441228081688,-0.016656787264016204,-0.01754131112695082,0.14921897490634978,0.1362557234077677
persistence,high_to_low,stable_high,1,275,early,0.05330934169919832,0.039897806299674536,-0.00027179223577320904,0.00190364270053888,0.05358113393497153,0.037994163599135655
persistence,high_to_low,stable_high,1,275,late,0.21368641029669827,0.19714822674322835,-0.022774124603588845,-0.024542391958102754,0.23646053490028712,0.2216906187013311
persistence,high_to_low,stable_high,1,275,mid,0.10364940337964916,0.09295259897874392,-0.024885332506162334,-0.027651490512904598,0.1285347358858115,0.12060408949164851
persistence,high_to_low,stable_high,1,276,all_post,-0.06325288906920022,-0.06325288906920022,-0.030179307773274777,-0.030179307773274777,-0.03307358129592544,-0.03307358129592544
persistence,high_to_low,stable_high,1,276,early,-0.5339160018630081,-0.5339160018630081,-0.0691895301756136,-0.0691895301756136,-0.46472647168739456,-0.46472647168739456
persistence,high_to_low,stable_high,1,276,late,0.15877724200455967,0.15877724200455967,-0.0007146870539639586,-0.0007146870539639586,0.15949192905852363,0.15949192905852363
persistence,high_to_low,stable_high,1,276,mid,0.11137004895959442,0.11137004895959442,-0.030455246330017033,-0.030455246330017033,0.14182529528961146,0.14182529528961146
persistence,high_to_low,stable_high,1,277,all_post,1.5035984837039231,0.09671901847377642,0.11420060211593186,-0.028618453063360118,1.3893978815879913,0.12533747153713654
persistence,high_to_low,stable_high,1,277,early,0.5367888222541578,-0.021954180255674985,7.697978316555949e-05,-0.01672956810861707,0.5367118424709922,-0.0052246121470579145
persistence,high_to_low,stable_high,1,277,late,2.00216996609383,0.15678297402881902,0.18327131638506666,-0.010439409545956823,1.8188986497087636,0.16722238357477584
persistence,high_to_low,stable_high,1,277,mid,1.805646168633812,0.1353069431298377,0.13622993875651837,-0.06474606270797423,1.6694162298772937,0.20005300583781194
persistence,high_to_low,stable_high,1,278,all_post,0.08945002147292544,0.08945002147292544,-0.014566891195821673,-0.014566891195821673,0.10401691266874712,0.10401691266874712
persistence,high_to_low,stable_high,1,278,early,0.08469262421744224,0.08469262421744224,-0.0002979496036209439,-0.0002979496036209439,0.08499057382106319,0.08499057382106319
persistence,high_to_low,stable_high,1,278,late,-0.015493387846770276,-0.015493387846770276,-0.015951626326673247,-0.015951626326673247,0.00045823847990297123,0.00045823847990297123
persistence,high_to_low,stable_high,1,278,mid,0.23413196448800297,0.23413196448800297,-0.026989519280220312,-0.026989519280220312,0.2611214837682233,0.2611214837682233
persistence,high_to_low,stable_high,1,279,all_post,0.04547191328243235,0.05687974633797745,0.03661067912265069,0.03840709233803937,0.008861234159781663,0.018472653999938082
persistence,high_to_low,stable_high,1,279,early,-0.015831060686174053,-0.004556939461284294,-0.017430385815864684,-0.01623433316979613,0.001599325129690632,0.011677393708511834
persistence,high_to_low,stable_high,1,279,late,0.12312888235510892,0.13622976755396887,0.0884668365918028,0.08971513884569865,0.03466204576330613,0.04651462870827022
persistence,high_to_low,stable_high,1,279,mid,0.003232261820803342,0.012516403849250629,0.021510200768963234,0.024637789168995828,-0.01827793894815989,-0.0121213853197452
persistence,high_to_low,stable_high,3,270,all_post,-0.006648574371082655,0.32795280652547865,0.022473720047775907,0.10870657561262224,-0.029122294418858562,0.2192462309128564
persistence,high_to_low,stable_high,3,270,early,-0.000582491748500804,0.18023783983555422,0.0408161653240103,0.026083439473216327,-0.0413986570725111,0.1541544003623379
persistence,high_to_low,stable_high,3,270,late,-0.01498486792385089,0.3395379943430365,0.013685859539712693,0.1891182000094675,-0.028670727463563583,0.150419794333569
persistence,high_to_low,stable_high,3,270,mid,-0.0015995989233068622,0.460220856125326,0.015848422115625815,0.08411421255623451,-0.017448021038932678,0.37610664356909146
persistence,high_to_low,stable_high,3,271,all_post,0.1802021043308862,0.13915769628737112,-0.04692829475422259,-0.04134440749074426,0.2271303990851088,0.18050210377811537
persistence,high_to_low,stable_high,3,271,early,0.16186543306249396,0.12817209814687594,-0.02692770694066271,-0.02042178069395434,0.18879314000315667,0.14859387884083028
persistence,high_to_low,stable_high,3,271,late,0.17604033971462155,0.12903988942267897,-0.10292737408039575,-0.08819938686565658,0.2789677137950173,0.21723927628833556
persistence,high_to_low,stable_high,3,271,mid,0.20408779508763145,0.16363370358078916,0.007736556533781756,0.00020627154568223933,0.1963512385538497,0.16342743203510693
persistence,high_to_low,stable_high,3,272,all_post,-0.029930104571482607,-0.029978566978621845,0.05399639838835115,0.06482465143412097,-0.08392650295983375,-0.09480321841274282
persistence,high_to_low,stable_high,3,272,early,-0.013035523970524333,-0.011080466527232461,0.07236121205856234,0.0875492989193677,-0.08539673602908668,-0.09862976544660017
persistence,high_to_low,stable_high,3,272,late,-0.062282307663864,-0.06296146033111834,0.03895512741306904,0.0515480617224452,-0.10123743507693304,-0.11450952205356354
persistence,high_to_low,stable_high,3,272,mid,-0.00368841438259902,-0.004899476293349231,0.05568661268518271,0.05980212356444194,-0.059375027067781735,-0.06470159985779117
persistence,high_to_low,stable_high,3,273,all_post,0.22865878424061553,0.26013617382695137,-0.031121994829560157,-0.029695058066141228,0.2597807790701757,0.28983123189309257
persistence,high_to_low,stable_high,3,273,early,0.15263477311387813,0.1846670475175641,-0.04687533636513741,-0.04776191100901495,0.19951010947901554,0.23242895852657905
persistence,high_to_low,stable_high,3,273,late,0.3298894868376909,0.3700335577720466,0.0031180398489595094,0.008065599782436362,0.3267714469887314,0.36196795798961023
persistence,high_to_low,stable_high,3,273,mid,0.16970852523791913,0.18907545487621183,-0.06102203286534246,-0.061975748921370956,0.2307305581032616,0.2510512037975828
persistence,high_to_low,stable_high,3,274,all_post,0.13117072524856793,0.10053205638641907,-0.040149020733994456,-0.03839878897429852,0.1713197459825624,0.1389308453607176
persistence,high_to_low,stable_high,3,274,early,-0.006220265038476197,-0.028883600905021345,-0.043163715432278586,-0.03916898118143281,0.03694345039380239,0.010285380276411467
persistence,high_to_low,stable_high,3,274,late,0.25130342857174326,0.20983044060291872,-0.02538223410939145,-0.024753828242629436,0.2766856626811347,0.23458426884554817
persistence,high_to_low,stable_high,3,274,mid,0.10838477777137834,0.08421653472252659,-0.05682337486851436,-0.05582187774272299,0.1652081526398927,0.1400384124652496
persistence,high_to_low,stable_high,3,275,all_post,0.06593369840925187,0.13621943559110963,0.02324015943425393,0.0593950637027423,0.04269353897499793,0.07682437188836733
persistence,high_to_low,stable_high,3,275,early,0.0011961311770721228,0.037111154494364605,0.0008225862045408375,0.0074230195654910085,0.0003735449725312853,0.029688134928873598
persistence,high_to_low,stable_high,3,275,late,0.10153834354306254,0.18793590525943135,0.032842858991481094,0.07204496965842933,0.06869548455158145,0.11589093560100203
persistence,high_to_low,stable_high,3,275,mid,0.08319840546301734,0.16637242379675907,0.032854133254330814,0.09450056656574422,0.05034427220868652,0.07187185723101484
persistence,high_to_low,stable_high,3,276,all_post,0.20353884549922707,0.20353884549922707,-0.025558631715222095,-0.025558631715222095,0.22909747721444917,0.22909747721444917
persistence,high_to_low,stable_high,3,276,early,0.23678202298918652,0.23678202298918652,2.447116583444616e-15,2.447116583444616e-15,0.23678202298918408,0.23678202298918408
persistence,high_to_low,stable_high,3,276,late,0.22187998930837488,0.22187998930837488,-0.015925298131890486,-0.015925298131890486,0.23780528744026536,0.23780528744026536
persistence,high_to_low,stable_high,3,276,mid,0.14584080959707058,0.14584080959707058,-0.06396170820822211,-0.06396170820822211,0.2098025178052927,0.2098025178052927
persistence,high_to_low,stable_high,3,277,all_post,-0.025415174120108908,-0.03447691322695531,-0.019297566178103485,-0.04981386540077424,-0.006117607942005422,0.015336952173818932
persistence,high_to_low,stable_high,3,277,early,0.004824280019905414,-0.015766727648382883,-0.05455357308914668,-0.10663986860436375,0.059377853109052095,0.09087314095598087
persistence,high_to_low,stable_high,3,277,late,0.029902309281820767,0.006784542305679162,0.014227569463394811,-0.02949699618613276,0.015674739818425956,0.03628153849181192
persistence,high_to_low,stable_high,3,277,mid,-0.12941127279602943,-0.10820237284904034,-0.028741740122391373,-0.02007702115004002,-0.10066953267363805,-0.08812535169900032
persistence,high_to_low,stable_high,3,278,all_post,0.13991794685281556,0.13991794685281556,-0.006098312859149871,-0.006098312859149871,0.1460162597119654,0.1460162597119654
persistence,high_to_low,stable_high,3,278,early,0.1386794826221394,0.1386794826221394,0.0,0.0,0.1386794826221394,0.1386794826221394
persistence,high_to_low,stable_high,3,278,late,0.12916101971442692,0.12916101971442692,-0.011338647879112554,-0.011338647879112554,0.1404996675935395,0.1404996675935395
persistence,high_to_low,stable_high,3,278,mid,0.1554989806013432,0.1554989806013432,-0.0052095123583495015,-0.0052095123583495015,0.1607084929596927,0.1607084929596927
persistence,high_to_low,stable_high,3,279,all_post,0.07501058341375999,0.06995307004054829,0.039155288633770755,0.03624512069747009,0.035855294779989236,0.033707949343078206
persistence,high_to_low,stable_high,3,279,early,0.012302358366191412,0.00692807356011767,-0.028734005382641693,-0.028183069267584474,0.041036363748833106,0.03511114282770214
persistence,high_to_low,stable_high,3,279,late,0.10944031357986268,0.10507898944636147,0.08740589985661286,0.08227092555310893,0.022034413723249824,0.022808063893252545
persistence,high_to_low,stable_high,3,279,mid,0.09181250157319165,0.08614350731322806,0.0427104343530604,0.039305570855006175,0.04910206722013125,0.04683793645822189
persistence,high_to_low,stable_high,6,270,all_post,-0.027669876499634934,-0.0294427887941265,0.01627952264364061,-0.011559257666231802,-0.043949399143275544,-0.0178835311278947
persistence,high_to_low,stable_high,6,270,early,-0.0033222236462604553,-0.007086156396178589,-0.055100122446433274,-0.08361566437297789,0.05177789880017282,0.0765295079767993
persistence,high_to_low,stable_high,6,270,late,-0.06949421073357748,-0.07516364390034247,0.037845913398620624,0.022242675878643856,-0.1073401241321981,-0.09740631977898632
persistence,high_to_low,stable_high,6,270,mid,0.00026288843941878887,0.005351647690695527,0.06070117928998949,0.018244732109419706,-0.0604382908505707,-0.01289308441872418
persistence,high_to_low,stable_high,6,271,all_post,-0.02492622363733397,-0.025554968806329365,-0.0881247752918445,-0.08994670055118617,0.06319855165451052,0.06439173174485681
persistence,high_to_low,stable_high,6,271,early,-0.04494867720402008,-0.04682470362183735,0.04315595469558512,0.04133702726220755,-0.0881046318996052,-0.0881617308840449
persistence,high_to_low,stable_high,6,271,late,-0.0012873580601681146,-0.0009536540735462673,-0.042432646611489586,-0.043815678851382184,0.04114528855132147,0.04286202477783592
persistence,high_to_low,stable_high,6,271,mid,-0.0344523520421052,-0.03503687740680026,-0.2765206661297177,-0.27889420548933486,0.2420683140876125,0.2438573280825346
persistence,high_to_low,stable_high,6,272,all_post,-0.01801146993593533,-0.024753181294868035,0.08856047382951597,0.14866096418979025,-0.1065719437654513,-0.17341414548465828
persistence,high_to_low,stable_high,6,272,early,-0.036032282056127546,-0.04157251693327575,0.08922600331477108,0.2231306064349873,-0.12525828537089861,-0.26470312336826307
persistence,high_to_low,stable_high,6,272,late,-0.022808319210826274,-0.027484398720886174,0.11918393826736338,0.11839515247882777,-0.14199225747818967,-0.14587955119971394
persistence,high_to_low,stable_high,6,272,mid,0.006005403777870551,-0.004519823873937638,0.04961561379695154,0.11202358658329618,-0.04361021001908099,-0.11654341045723382
persistence,high_to_low,stable_high,6,273,all_post,0.10130871742593342,0.03846576892632947,0.04044280439265038,-0.017901913235673764,0.06086591303328304,0.05636768216200323
persistence,high_to_low,stable_high,6,273,early,0.14689185710008437,0.032625850088563446,0.09037424596825579,-0.03315364035574928,0.056517611131828585,0.06577949044431272
persistence,high_to_low,stable_high,6,273,late,0.07890826619657652,0.03733225349367244,0.03089578232729592,0.0003917244470118375,0.0480124838692806,0.0369405290466606
persistence,high_to_low,stable_high,6,273,mid,0.08372614178847859,0.045722582054916805,0.00244514039873805,-0.025517233218955233,0.08128100138974054,0.07123981527387203
persistence,high_to_low,stable_high,6,274,all_post,0.08341094066223723,0.07466264313586873,-0.1350391715661956,-0.13381795070092842,0.21845011222843283,0.20848059383679715
persistence,high_to_low,stable_high,6,274,early,-0.09198263595024016,-0.09582046270384864,-0.09539019911645447,-0.09182881978372322,0.0034075631662143085,-0.003991642920125424
persistence,high_to_low,stable_high,6,274,late,0.2246774863027473,0.2115989478274623,-0.01536753802458579,-0.015364216283836872,0.2400450243273331,0.2269631641112992
persistence,high_to_low,stable_high,6,274,mid,0.08222133522407704,0.07397536811109406,-0.324277685942949,-0.3238742496394979,0.406499021167026,0.39784961775059197
persistence,high_to_low,stable_high,6,275,all_post,0.039822853159918306,0.034691043790140055,0.029632714771002124,0.026686945104113312,0.010190138388916182,0.008004098686026744
persistence,high_to_low,stable_high,6,275,early,-0.0036122996127178953,-0.005203047023157947,-0.01399230203771755,-0.014944241560297394,0.010380002424999655,0.009741194537139447
persistence,high_to_low,stable_high,6,275,late,0.05206262588841743,0.046362682730298074,0.06337871249604252,0.059977820469950816,-0.011316086607625085,-0.013615137739652741
persistence,high_to_low,stable_high,6,275,mid,0.06795829002193061,0.05999558592824056,0.031075234423421305,0.026704537561227145,0.03688305559850931,0.03329104836701341
persistence,high_to_low,stable_high,6,276,all_post,0.3279760025552065,0.25516713682940495,0.4012824097896525,0.32785614470491087,-0.07330640723444604,-0.07268900787550592
persistence,high_to_low,stable_high,6,276,early,0.597924993676486,0.42617410636241426,0.9776551208508871,0.7959627538579247,-0.37973012717440113,-0.36978864749551044
persistence,high_to_low,stable_high,6,276,late,0.436569023043143,0.38678050283061993,0.33050676599905776,0.2881398200254403,0.10606225704408523,0.09864068280517962
persistence,high_to_low,stable_high,6,276,mid,-0.0777142641759937,-0.08035654020512302,-0.08662074653333851,-0.09060505859876472,0.008906482357344814,0.0102485183936417
persistence,high_to_low,stable_high,6,277,all_post,0.009108785677925831,-0.01552517403275599,-0.013174640921047701,-0.040077972901611365,0.022283426598973533,0.024552798868855377
persistence,high_to_low,stable_high,6,277,early,0.008501596456305271,-0.051400339590375516,-0.013326376787748622,-0.12531019174171712,0.021827973244053896,0.0739098521513416
persistence,high_to_low,stable_high,6,277,late,0.031160984125549854,-0.0025439492424723154,0.0077850748194582525,-0.0010797156147384413,0.023375909306091604,-0.0014642336277338741
persistence,high_to_low,stable_high,6,277,mid,-0.017849273159983633,0.0041234605370089605,-0.03922254972997922,-0.0035935756700967436,0.021373276569995586,0.007717036207105704
persistence,high_to_low,stable_high,6,278,all_post,0.09908030158697724,0.09908030158697724,-0.017167975049649956,-0.017167975049649956,0.11624827663662719,0.11624827663662719
persistence,high_to_low,stable_high,6,278,early,0.10691562941347665,0.10691562941347665,0.0,0.0,0.10691562941347665,0.10691562941347665
persistence,high_to_low,stable_high,6,278,late,0.05129378942277327,0.05129378942277327,-0.039572485964695196,-0.039572485964695196,0.09086627538746847,0.09086627538746847
persistence,high_to_low,stable_high,6,278,mid,0.15097811396573274,0.15097811396573274,-0.006330311455493352,-0.006330311455493352,0.15730842542122608,0.15730842542122608
persistence,high_to_low,stable_high,6,279,all_post,0.3252873074881323,0.1777732821118871,0.3529264779555207,0.22224474339858077,-0.027639170467388396,-0.044471461286693686
persistence,high_to_low,stable_high,6,279,early,0.2008510412859067,0.13758083138459742,0.24511758510270376,0.20451815508634283,-0.044266543816797066,-0.0669373237017454
persistence,high_to_low,stable_high,6,279,late,0.4194651098498102,0.25033476636977714,0.5310712116793675,0.315357893283991,-0.11160610182955732,-0.06502312691421386
persistence,high_to_low,stable_high,6,279,mid,0.33200132073826066,0.12726387751681412,0.23805445365352895,0.12357989435405599,0.09394686708473171,0.003683983162758128
persistence,high_to_low,stable_high,12,270,all_post,-0.06900601699344641,-0.0681458245898569,-0.19480519994072437,-0.1872066677752257,0.12579918294727796,0.11906084318536882
persistence,high_to_low,stable_high,12,270,early,0.019947161200421466,0.019305291452953535,-0.08524168891450246,-0.08089268462277362,0.10518885011492392,0.10019797607572715
persistence,high_to_low,stable_high,12,270,late,-0.24206999982930252,-0.23788349229715827,-0.2247669891513945,-0.22271567256149463,-0.017303010677908015,-0.01516781973566364
persistence,high_to_low,stable_high,12,270,mid,0.029526786218196533,0.028285532716909163,-0.2719101059887204,-0.25505256240921975,0.30143689220691694,0.2833380951261289
persistence,high_to_low,stable_high,12,271,all_post,-0.039469469986368556,-0.04105428869581979,-0.035783398231322296,-0.04095495811809491,-0.0036860717550462607,-9.933057772488346e-05
persistence,high_to_low,stable_high,12,271,early,-0.04602516491719278,-0.04777672017404606,0.015176547224641554,0.008646998115579967,-0.061201712141834334,-0.05642371828962602
persistence,high_to_low,stable_high,12,271,late,0.004795879022583349,0.0036772246239219633,0.014661795864446249,0.010987325911601406,-0.009865916841862901,-0.007310101287679443
persistence,high_to_low,stable_high,12,271,mid,-0.08086790314857557,-0.08279099664731378,-0.1413923039577021,-0.14682772205060746,0.060524400809126536,0.06403672540329368
persistence,high_to_low,stable_high,12,272,all_post,0.04718044537096657,-0.010055930858364176,0.021676491974599293,0.07695471403492565,0.02550395339636728,-0.08701064489328983
persistence,high_to_low,stable_high,12,272,early,-0.007128854062603274,-0.06772502942871698,0.05363366049539489,0.11473042277247088,-0.060762514557998165,-0.18245545220118786
persistence,high_to_low,stable_high,12,272,late,0.11181067365624527,0.01911924098355446,0.09584083911706687,0.06956134772670626,0.0159698345391784,-0.050442106743151804
persistence,high_to_low,stable_high,12,272,mid,0.031473664162151166,0.016006731549910124,-0.09062538595053621,0.04718848546461812,0.12209905011268737,-0.031181753914707993
persistence,high_to_low,stable_high,12,273,all_post,0.16297413434018404,0.13224171997393802,0.042909382229696195,0.01614026838660631,0.12006475211048784,0.1161014515873317
persistence,high_to_low,stable_high,12,273,early,0.1677998083626108,0.12110590555212868,0.14063609406713493,0.09439661945126691,0.02716371429547587,0.026709286100861762
persistence,high_to_low,stable_high,12,273,late,0.18617108882351013,0.16317076177630888,0.06678303454660545,0.0489551942060147,0.11938805427690469,0.11421556757029418
persistence,high_to_low,stable_high,12,273,mid,0.1330184262941541,0.1098710724431789,-0.08068045295106088,-0.09766558564908001,0.213698879245215,0.2075366580922589
persistence,high_to_low,stable_high,12,274,all_post,0.24392565958649728,-0.10771416135211438,-0.21264597140383157,-0.34019844176745995,0.4565716309903288,0.23248428041534558
persistence,high_to_low,stable_high,12,274,early,0.34562246377166833,-0.1596270783991722,0.4129205301614292,-0.15399645751187155,-0.06729806638976088,-0.0056306208873006525
persistence,high_to_low,stable_high,12,274,late,0.2508398786282037,-0.034622346813408825,-0.15196085521613917,-0.16255145405509108,0.4028007338443429,0.12792910724168227
persistence,high_to_low,stable_high,12,274,mid,0.13473845143947774,-0.1349840433886543,-0.9039546821724259,-0.7188513293781144,1.0386931336119036,0.58386728598946
persistence,high_to_low,stable_high,12,275,all_post,0.006099132551397915,-0.04683949308694715,0.025403247006173454,0.002256552642662408,-0.01930411445477554,-0.04909604572960956
persistence,high_to_low,stable_high,12,275,early,-0.011801649554111634,-0.022537392271948953,-0.04659653797346192,-0.03340761143337754,0.03479488841935029,0.010870219161428586
persistence,high_to_low,stable_high,12,275,late,-0.03840593771078079,-0.0975374449841402,0.08783422264559024,0.04648564085344401,-0.12624016035637103,-0.14402308583758422
persistence,high_to_low,stable_high,12,275,mid,0.07221374077426773,-0.016218812679986223,0.029769475043107313,-0.009994128842977722,0.04244426573116042,-0.006224683837008501
persistence,high_to_low,stable_high,12,276,all_post,0.04838473867200614,0.10626804569837014,0.030023871176681708,0.09005498094344946,0.018360867495324434,0.01621306475492068
persistence,high_to_low,stable_high,12,276,early,-0.03932627169796734,0.10079278401460919,0.00804892845211235,0.16144397831848892,-0.04737520015007969,-0.06065119430387973
persistence,high_to_low,stable_high,12,276,late,0.3968646362047893,0.433113447958718,0.2657916392311499,0.29585266384891534,0.1310729969736394,0.13726078410980264
persistence,high_to_low,stable_high,12,276,mid,-0.24142413995186876,-0.2423392117332457,-0.20341626815775615,-0.20428150624584465,-0.03800787179411261,-0.03805770548740106
persistence,high_to_low,stable_high,12,277,all_post,0.011760274125386633,0.007014461221963975,-0.061360268318178667,-0.05334462175059806,0.0731205424435653,0.06035908297256203
persistence,high_to_low,stable_high,12,277,early,-0.007606095145128794,-0.03049852574948868,-0.09515212996642641,-0.11588468775485779,0.08754603482129762,0.08538616200536911
persistence,high_to_low,stable_high,12,277,late,0.04282449169238736,0.04299145074885939,-0.061692783560465585,-0.035393916269497984,0.10451727525285295,0.07838536701835738
persistence,high_to_low,stable_high,12,277,mid,-0.002526258968348738,0.005552376205946595,-0.0272081818241201,-0.01025115335086342,0.024681922855771362,0.015803529556810015
persistence,high_to_low,stable_high,12,278,all_post,0.01365065635286907,0.06974224255784897,-0.09126025936351738,-0.0884896305553507,0.10491091571638644,0.15823187311319967
persistence,high_to_low,stable_high,12,278,early,0.04491701756341864,0.11594981676117505,-0.0037230084294102993,0.0037949966431271367,0.04864002599282894,0.11215482011804792
persistence,high_to_low,stable_high,12,278,late,-0.09593515625793965,-0.056888163181285215,-0.2885191691332355,-0.2931530872010627,0.19258401287529586,0.2362649240197775
persistence,high_to_low,stable_high,12,278,mid,0.10110225880402894,0.16071760790525155,0.034899641952903515,0.04094448694569284,0.06620261685112543,0.11977312095955872
persistence,high_to_low,stable_high,12,279,all_post,0.35525217911322493,0.18761220445723617,0.5002591031649481,0.3314096856196733,-0.14500692405172322,-0.14379748116243715
persistence,high_to_low,stable_high,12,279,early,0.35928179647806546,0.2568879012531886,0.656647459902772,0.5668514952512577,-0.2973656634247065,-0.30996359399806905
persistence,high_to_low,stable_high,12,279,late,0.4577523165316136,0.22991761769251604,0.6470800635768712,0.3428121572595558,-0.18932774704525762,-0.11289453956703979
persistence,high_to_low,stable_high,12,279,mid,0.24018074621179683,0.07250564332306388,0.18481470598087454,0.08361519837821606,0.05536604023092229,-0.011109555055152182
roughness,high_to_low,stable_high,1,270,all_post,-0.003754503186431499,-0.003207385778569177,-0.023753914461173503,-0.029007919351233823,0.019999411274742005,0.025800533572664645
roughness,high_to_low,stable_high,1,270,early,-0.023487910675196677,-0.023602890522597314,-0.032181360418103704,-0.03725873080359982,0.008693449742907026,0.013655840281002508
roughness,high_to_low,stable_high,1,270,late,-0.0040655579120435145,-0.005640004547220325,-0.026786963798001315,-0.044629218669657154,0.0227214058859578,0.03898921412243683
roughness,high_to_low,stable_high,1,270,mid,0.01639364393648304,0.020431610656993806,-0.011282402721806207,7.129119236329538e-05,0.027676046658289245,0.02036031946463051
roughness,high_to_low,stable_high,1,271,all_post,0.05032555782587914,-0.03132706550466764,0.009551205372197271,-0.05967857024654011,0.04077435245368187,0.028351504741872466
roughness,high_to_low,stable_high,1,271,early,-0.025281390187836622,-0.13490705828192695,-0.018259901870817333,-0.12897320860164285,-0.007021488317019289,-0.005933849680284098
roughness,high_to_low,stable_high,1,271,late,0.01736239164479557,-0.003930946450310401,-0.0287152859290477,-0.036237469801265756,0.04607767757384327,0.03230652335095535
roughness,high_to_low,stable_high,1,271,mid,0.1698833940810397,0.0357247685334487,0.08838430101687184,-0.021638732485136522,0.08149909306416786,0.05736350101858522
roughness,high_to_low,stable_high,1,272,all_post,-0.03435870456311517,-0.03970255662464753,-0.056730444081271945,-0.06198094822020976,0.022371739518156776,0.022278391595562233
roughness,high_to_low,stable_high,1,272,early,-0.023812795350677065,-0.03736347389219714,-0.00722525365312228,-0.0326914764841598,-0.016587541697554786,-0.004671997408037337
roughness,high_to_low,stable_high,1,272,late,-0.04011070642894364,-0.05989481904650515,-0.09529817669749141,-0.10347267849328073,0.05518747026854777,0.043577859446775585
roughness,high_to_low,stable_high,1,272,mid,-0.03723527795444865,-0.015118622794621076,-0.054811991021129,-0.03594811292549844,0.01757671306668035,0.020829490130877364
roughness,high_to_low,stable_high,1,273,all_post,-0.02028412221889675,-0.04802372252825559,0.031219911032188758,-0.012616044371436463,-0.051504033251085504,-0.035407678156819125
roughness,high_to_low,stable_high,1,273,early,0.11275463808412252,0.017310065070713258,0.1253871349714212,0.056888244389352895,-0.012632496887298686,-0.039578179318639634
roughness,high_to_low,stable_high,1,273,late,-0.11274796657992905,-0.11117145870926302,-0.0730062186982043,-0.09962938514701192,-0.03974174788172476,-0.011542073562251107
roughness,high_to_low,stable_high,1,273,mid,-0.030037756707206268,-0.029160528552547818,0.07602086006681374,0.033897454568541444,-0.10605861677402001,-0.06305798312108926
roughness,high_to_low,stable_high,1,274,all_post,0.011284364815431124,0.014868845291264235,0.010119045816345495,-0.03677471053343963,0.0011653189990856287,0.05164355582470386
roughness,high_to_low,stable_high,1,274,early,0.007400439826616194,0.05131336805808349,-0.08863073324637394,-0.053293283941918866,0.09603117307299014,0.10460665200000235
roughness,high_to_low,stable_high,1,274,late,0.05537703310085966,0.045036727796360976,0.016953984031382784,-0.017288858734127385,0.038423049069476876,0.062325586530488364
roughness,high_to_low,stable_high,1,274,mid,-0.04362193457632532,-0.06179952081568401,0.09975557392568186,-0.04623727285737669,-0.1433775085020072,-0.015562247958307317
roughness,high_to_low,stable_high,1,275,all_post,0.04691919821510153,0.03551722905923339,-0.0062577687273145475,-0.013197530553530004,0.053176966942416075,0.0487147596127634
roughness,high_to_low,stable_high,1,275,early,-0.017133763781062676,-0.0221747057668276,-0.009340303489670422,0.0004948003737309317,-0.007793460291392254,-0.022669506140558533
roughness,high_to_low,stable_high,1,275,late,0.08735232387388323,0.0727064979711152,0.028866572034372692,0.014875891026021548,0.05848575183951053,0.05783060694509365
roughness,high_to_low,stable_high,1,275,mid,0.057061325999556815,0.04362347200278532,-0.050007688313875,-0.06432109025352634,0.10706901431343181,0.10794456225631166
roughness,high_to_low,stable_high,1,276,all_post,0.09948454731061218,0.0650805078305221,0.10130424222693635,0.061470421121063025,-0.001819694916324166,0.0036100867094590802
roughness,high_to_low,stable_high,1,276,early,0.1592685740291812,0.10363952233118497,0.019407915797284906,-0.04505488741265599,0.1398606582318963,0.14869440974384096
roughness,high_to_low,stable_high,1,276,late,0.08136328295366002,0.06808045762711637,0.17207092372485933,0.15031507764658633,-0.0907076407711993,-0.08223462001946996
roughness,high_to_low,stable_high,1,276,mid,0.06386220640131275,0.022521560267733554,0.08884499332602386,0.04953618762075098,-0.024982786924711106,-0.027014627353017427
roughness,high_to_low,stable_high,1,277,all_post,0.15744491688190593,-0.044037407478567915,0.12816695452505572,-0.040267551720604956,0.029277962356850207,-0.003769855757962959
roughness,high_to_low,stable_high,1,277,early,0.1797397075769164,-0.09125325664362961,0.1735087173453792,-0.09198086367239162,0.006230990231537198,0.0007276070287620118
roughness,high_to_low,stable_high,1,277,late,0.0839647011966895,-0.024954014353554148,0.015639148392405617,-0.05103558213905987,0.06832555280428389,0.026081567785505723
roughness,high_to_low,stable_high,1,277,mid,0.2331237471005174,-0.022266082480191244,0.2328622665482657,0.02580313412245495,0.0002614805522516972,-0.048069216602646195
roughness,high_to_low,stable_high,1,278,all_post,-0.011029302636546456,-0.03191085243062464,-0.0017761941074599052,0.04043351961960688,-0.00925310852908655,-0.07234437205023152
roughness,high_to_low,stable_high,1,278,early,0.00843168912978535,-0.023612500938376385,-0.025527713177483913,-0.05761467747200285,0.033959402307269265,0.034002176533626464
roughness,high_to_low,stable_high,1,278,late,-0.07996568215795646,-0.08681659025381586,0.013818965928857022,0.1635974990238854,-0.09378464808681349,-0.25041408927770126
roughness,high_to_low,stable_high,1,278,mid,0.061424878292335096,0.032998446508048736,0.0011817782474748313,-0.025736922494488085,0.06024310004486026,0.05873536900253682
roughness,high_to_low,stable_high,1,279,all_post,0.03945019182501926,0.06339722900402504,0.018954367906029137,0.03813754726785081,0.02049582391899012,0.025259681736174232
roughness,high_to_low,stable_high,1,279,early,-0.019677875636278225,0.02647532389340657,-0.006131118304470878,0.043359078181493226,-0.013546757331807349,-0.016883754288086656
roughness,high_to_low,stable_high,1,279,late,0.10475149663339896,0.12408731858868165,0.07943844330184674,0.09796083113169028,0.025313053331552218,0.026126487456991365
roughness,high_to_low,stable_high,1,279,mid,0.0115098528751438,0.01939901466843472,-0.03660557974456097,-0.04684836213091089,0.048115432619704766,0.06624737679934561
roughness,high_to_low,stable_high,3,270,all_post,-8.85927756452659e-05,0.009958914648508801,-0.01855549936192909,-0.021681323215993163,0.018466906586283825,0.031640237864501965
roughness,high_to_low,stable_high,3,270,early,-0.0060275696367800185,-0.003119245307735883,-0.007932112693712481,-0.009637296962751334,0.001904543056932463,0.00651805165501545
roughness,high_to_low,stable_high,3,270,late,0.004704065989446618,0.015686931337997104,-0.046293200672306564,-0.0634827664852368,0.05099726666175318,0.07916969782323391
roughness,high_to_low,stable_high,3,270,mid,-0.0005398276012996903,0.015399719018769088,0.007804715717024257,0.02200990822308986,-0.008344543318323946,-0.006610189204320773
roughness,high_to_low,stable_high,3,271,all_post,0.0036575799456571014,0.016896265171708037,-0.013207334080887218,-0.025456657326208075,0.01686491402654432,0.04235292249791611
roughness,high_to_low,stable_high,3,271,early,0.009334737425419102,0.035512747477716405,0.0016008798043920583,0.017335202021468484,0.007733857621027043,0.01817754545624792
roughness,high_to_low,stable_high,3,271,late,-0.019098015788365952,-0.01209898749076875,-0.037134889070460864,-0.020166761778966466,0.018036873282094912,0.008067774288197715
roughness,high_to_low,stable_high,3,271,mid,0.02832121677792583,0.03694011974900205,0.0038878586865983672,-0.07530171073687345,0.024433358091327465,0.1122418304858755
roughness,high_to_low,stable_high,3,272,all_post,-0.0008392056077000262,-0.026692637511401947,-0.012591668064307698,-0.03278475821516216,0.011752462456607672,0.006092120703760216
roughness,high_to_low,stable_high,3,272,early,0.015123458939900357,-0.028200298281482707,0.005610492525627754,-0.016368256652077584,0.009512966414272604,-0.011832041629405123
roughness,high_to_low,stable_high,3,272,late,-0.02004814730970547,-0.04665826406778276,-0.05146159808805614,-0.07494724687788795,0.03141345077835067,0.02828898281010519
roughness,high_to_low,stable_high,3,272,mid,0.00881005211404018,0.0014358586671865809,0.021032744710754767,0.007015391772054315,-0.012222692596714586,-0.005579533104867734
roughness,high_to_low,stable_high,3,273,all_post,0.016639602206936194,-0.012684896560072744,0.025327556150338753,-0.02864351361885243,-0.00868795394340256,0.015958617058779684
roughness,high_to_low,stable_high,3,273,early,0.043670382826615395,-0.01816954942950116,0.070466957093085,-0.032182056734461194,-0.0267965742664696,0.014012507304960033
roughness,high_to_low,stable_high,3,273,late,0.0013334418627797503,0.006482761545347014,-0.04499899421775995,-0.022251041394183966,0.0463324360805397,0.02873380293953098
roughness,high_to_low,stable_high,3,273,mid,0.010017035379465572,-0.03275712116453735,0.0739568890317241,-0.0336282668028016,-0.06393985365225852,0.0008711456382642507
roughness,high_to_low,stable_high,3,274,all_post,-0.009344153367853034,-0.002069044345666178,0.012209473293004279,-0.025463350805958053,-0.021553626660857313,0.023394306460291874
roughness,high_to_low,stable_high,3,274,early,-0.011563998578313505,-0.0007798677683679792,-0.019632590959627275,-0.025702613244838746,0.00806859238131377,0.024922745476470765
roughness,high_to_low,stable_high,3,274,late,-0.004839618268672397,0.007955374833425633,-0.02281231242336731,-0.03472442085113921,0.017972694154694914,0.04267979568456484
roughness,high_to_low,stable_high,3,274,mid,-0.013130354956300078,-0.01672411316175346,0.09074725183413128,-0.012875994973502494,-0.10387760679043136,-0.0038481181882509662
roughness,high_to_low,stable_high,3,275,all_post,0.03869439827353714,0.022090069722509393,-0.004363082718870718,-0.010419965378715331,0.04305748099240786,0.03251003510122472
roughness,high_to_low,stable_high,3,275,early,0.0005086025079101801,-0.0035003893747520155,-0.010338727058866543,0.0022515784724448464,0.010847329566776722,-0.0057519678471968615
roughness,high_to_low,stable_high,3,275,late,0.0625561061880453,0.03989015918350084,0.01087430488577559,-0.003379225369867865,0.05168180130226971,0.043269384553368706
roughness,high_to_low,stable_high,3,275,mid,0.045064583486486544,0.023947076205115544,-0.01870395518506997,-0.03247916257500546,0.06376853867155652,0.056426238780121
roughness,high_to_low,stable_high,3,276,all_post,0.0232073588344251,0.2937691842962129,0.10449197778103084,0.1944961883200247,-0.08128461894660574,0.09927299597618822
roughness,high_to_low,stable_high,3,276,early,0.12675129024169532,0.5418192167724872,0.3777393591281673,0.2949867157129772,-0.25098806888647196,0.24683250105951005
roughness,high_to_low,stable_high,3,276,late,0.0020715784236585042,0.14651534880827424,-0.03164073399786446,0.26357089874016726,0.033712312421522964,-0.11705554993189302
roughness,high_to_low,stable_high,3,276,mid,-0.052155532025156354,0.24205759913719013,0.012754878805754702,0.0019060470335487342,-0.06491041083091105,0.2401515521036414
roughness,high_to_low,stable_high,3,277,all_post,0.0324167822179684,0.02685366333273682,0.005524047537210831,-0.026307783496611215,0.026892734680757566,0.053161446829348036
roughness,high_to_low,stable_high,3,277,early,0.026258404128361182,-0.0008125147541559579,0.03132901910157524,-0.0024300452079863252,-0.005070614973214059,0.0016175304538303672
roughness,high_to_low,stable_high,3,277,late,0.07402747862279638,0.039369972902022196,0.07161494044041103,-0.0042150961362814755,0.0024125381823853487,0.04358506903830367
roughness,high_to_low,stable_high,3,277,mid,-0.016905768232194997,0.03783142866058243,-0.10840211456475386,-0.07964243826567576,0.09149634633255886,0.11747386692625819
roughness,high_to_low,stable_high,3,278,all_post,0.059871618001351545,0.004601515917651458,1.3184718082805897,0.14616333115123856,-1.258600190279238,-0.1415618152335871
roughness,high_to_low,stable_high,3,278,early,0.10781320014672113,-0.012779099334756528,0.1913201800244659,-0.01742337639289467,-0.08350697987774477,0.004644277058138141
roughness,high_to_low,stable_high,3,278,late,0.07335925137786511,0.018902111179849548,3.1691938218698428,0.3736397131783744,-3.0958345704919776,-0.3547376019985249
roughness,high_to_low,stable_high,3,278,mid,-0.006053475312702811,0.0029146708204619946,-0.022005914915623394,0.0064481959925240155,0.015952439602920584,-0.003533525172062021
roughness,high_to_low,stable_high,3,279,all_post,0.06963711462404912,0.04791204360087842,0.04573232868371224,0.02676728301525792,0.023904785940336876,0.0211447605856205
roughness,high_to_low,stable_high,3,279,early,0.057987163249594985,0.009855111777764242,0.0286862394143791,-0.008328908277995461,0.029300923835215886,0.018184020055759705
roughness,high_to_low,stable_high,3,279,late,0.10889928478587714,0.09419954168025468,0.07735895787676196,0.06453676293695033,0.03154032690911518,0.02966277874330435
roughness,high_to_low,stable_high,3,279,mid,0.028937505782732548,0.024252311318157565,0.0206095790289791,0.011504167746254764,0.008327926753753448,0.012748143571902801
roughness,high_to_low,stable_high,6,270,all_post,-0.00038555762818255943,0.006974815528320068,-0.05077163406555546,-0.0554330907774421,0.050386076437372904,0.06240790630576217
roughness,high_to_low,stable_high,6,270,early,-0.006344612877800036,-0.005944987868519276,-0.020757884102466637,-0.0232958449955253,0.0144132712246666,0.017350857127006025
roughness,high_to_low,stable_high,6,270,late,0.007588045101816646,0.015575221356925791,-0.13238064899491744,-0.15099946485105636,0.1399686940967341,0.16657468620798216
roughness,high_to_low,stable_high,6,270,mid,-0.004393505791064092,0.009144111639402262,0.0212258846330582,0.03188763103265889,-0.02561939042412229,-0.022743519393256625
roughness,high_to_low,stable_high,6,271,all_post,0.018430528271070095,0.029180050407892903,-0.02075456494331276,-0.0369411385493605,0.039185093214382856,0.0661211889572534
roughness,high_to_low,stable_high,6,271,early,0.009760445604654184,0.03627278067848662,-0.00827416327998405,0.012873907367178847,0.01803460888463823,0.023398873311307772
roughness,high_to_low,stable_high,6,271,late,-0.00019131403675579455,0.008569009051586522,-0.0443642519025841,-0.005161375547028557,0.0441729378658283,0.01373038459861508
roughness,high_to_low,stable_high,6,271,mid,0.05037791382226836,0.04785112183268217,-0.003722857907552319,-0.12648088821881479,0.05410077172982068,0.17433201005149696
roughness,high_to_low,stable_high,6,272,all_post,0.030855430276400177,-0.02281780724405611,-0.00011739627298650131,-0.040454984766417554,0.030972826549386677,0.017637177522361443
roughness,high_to_low,stable_high,6,272,early,-0.00025250470347893084,-0.05890053326819408,-0.00782066175775462,-0.02629322861300803,0.00756815705427569,-0.03260730465518605
roughness,high_to_low,stable_high,6,272,late,0.04197406658245906,-0.013727300310330722,-0.07431312036542868,-0.09681151424412063,0.11628718694788774,0.08308421393378991
roughness,high_to_low,stable_high,6,272,mid,0.0480650698737057,0.0019017851129251098,0.10033052432733436,0.015828920927301777,-0.05226545445362866,-0.013927135814376667
roughness,high_to_low,stable_high,6,273,all_post,0.03194136806157614,-0.043272604972256185,0.06361726224199236,-0.07619119817840062,-0.03167589418041623,0.03291859320614443
roughness,high_to_low,stable_high,6,273,early,0.1345727057638927,-0.021572620305961784,0.21461626780071585,-0.061126423462404454,-0.08004356203682314,0.03955380315644267
roughness,high_to_low,stable_high,6,273,late,-0.02215663529578694,-0.011274946302607053,-0.10511696447785716,-0.048826544867102376,0.08296032918207022,0.037551598564495324
roughness,high_to_low,stable_high,6,273,mid,-0.0030674654440365997,-0.10496966297561201,0.12353604008308088,-0.12546178953351964,-0.12660350552711747,0.020492126557907622
roughness,high_to_low,stable_high,6,274,all_post,-0.019715632379983118,-0.01235637488303142,-0.020304880755169296,-0.07358820319028382,0.0005892483751861778,0.0612318283072524
roughness,high_to_low,stable_high,6,274,early,-0.010036299225201918,0.01023031863485708,-0.03578653986713696,-0.033530511179199925,0.02575024064193504,0.043760829814057
roughness,high_to_low,stable_high,6,274,late,-0.0018448602504909021,0.0073456533867954695,0.010556221073377415,-0.01232434185680609,-0.012401081323868317,0.019669995243601558
roughness,high_to_low,stable_high,6,274,mid,-0.05173343069662959,-0.05957060373820353,-0.043399598928885064,-0.19022572186821493,-0.008333831767744528,0.1306551181300114
roughness,high_to_low,stable_high,6,275,all_post,0.044019358124196814,0.03789532572734482,-0.006614459933172221,-0.008857032341326662,0.05063381805736904,0.04675235806867148
roughness,high_to_low,stable_high,6,275,early,0.002642116134962732,0.0003832519196662783,-0.015473231896571021,-0.011451744907725457,0.01811534803153375,0.011834996827391735
roughness,high_to_low,stable_high,6,275,late,0.05639951481508516,0.04963682179411482,0.0032989727487828034,-0.00015760840497741532,0.05310054206630235,0.049794430199092236
roughness,high_to_low,stable_high,6,275,mid,0.0699214042498205,0.06073052945156087,-0.010147478822217202,-0.017136599695364418,0.0800688830720377,0.07786712914692528
roughness,high_to_low,stable_high,6,276,all_post,0.02777940247948976,-0.019518859874996044,0.1333836629789005,-0.030692170989745103,-0.10560426049941074,0.01117331111474906
roughness,high_to_low,stable_high,6,276,early,0.13179135477438988,-0.05081207095356982,0.4240632317501381,-0.030316346989662468,-0.2922718769757482,-0.020495723963907354
roughness,high_to_low,stable_high,6,276,late,0.005148041436388793,0.008639323604765955,0.018778287212837374,-0.01294899866450101,-0.013630245776448582,0.021588322269266963
roughness,high_to_low,stable_high,6,276,mid,-0.047943348511534166,-0.023423378146124763,-0.014039186084758277,-0.05324696039638285,-0.03390416242677589,0.02982358225025809
roughness,high_to_low,stable_high,6,277,all_post,0.04557515982511764,0.032100507749712494,-0.002766386151318305,-0.047592248465254304,0.048341545976435946,0.0796927562149668
roughness,high_to_low,stable_high,6,277,early,0.00769117180607335,-0.016337039025568167,0.004481743670994287,-0.027896175732922673,0.003209428135079063,0.011559136707354506
roughness,high_to_low,stable_high,6,277,late,0.10363023890646415,0.05628014343439993,0.06357635605578676,-0.03451534282712921,0.04005388285067739,0.09079548626152914
roughness,high_to_low,stable_high,6,277,mid,0.01089029899247876,0.05031350991913385,-0.09294294373251223,-0.08363445324524228,0.10383324272499099,0.13394796316437613
roughness,high_to_low,stable_high,6,278,all_post,0.04754156533779268,-0.01535164935211277,1.4122573538276304,0.16238046337337558,-1.3647157884898378,-0.17773211272548836
roughness,high_to_low,stable_high,6,278,early,0.07207113849395287,-0.07674408219919816,0.1604478403428238,-0.09248444696774254,-0.08837670184887093,0.015740364768544374
roughness,high_to_low,stable_high,6,278,late,0.09273947119888089,0.01573811999352865,3.597635890834712,0.509117454486624,-3.5048964196358314,-0.4933793344930954
roughness,high_to_low,stable_high,6,278,mid,-0.03348539014472778,0.007178571812920854,-0.06765630394641554,-0.016175865177066994,0.03417091380168776,0.023354436989987848
roughness,high_to_low,stable_high,6,279,all_post,0.12743699353144752,0.10113371546835279,0.10640328997087543,0.08034050185126519,0.02103370356057209,0.020793213617087594
roughness,high_to_low,stable_high,6,279,early,0.05203748527138816,0.028450179229274175,0.04543740580002934,0.02476471711402063,0.006600079471358822,0.0036854621152535467
roughness,high_to_low,stable_high,6,279,late,0.2290652363526802,0.19648054914175786,0.19979487126717474,0.16588895175454255,0.029270365085505456,0.030591597387215314
roughness,high_to_low,stable_high,6,279,mid,0.07580119826496615,0.054633709615675104,0.05062969752134738,0.028980724209413056,0.025171500743618763,0.025652985406262048
roughness,high_to_low,stable_high,12,270,all_post,0.01238073406249682,-0.0038474448850991712,-0.266422983662903,-0.25947006473665435,0.27880371772539986,0.25562261985155516
roughness,high_to_low,stable_high,12,270,early,0.03479054404648234,0.020006175753545897,0.0189618670623448,0.006843892326976998,0.01582867698413754,0.013162283426568899
roughness,high_to_low,stable_high,12,270,late,-0.009034116575885586,-0.018487027672583665,-0.8602969390974902,-0.8117327221339484,0.8512628225216046,0.7932456944613647
roughness,high_to_low,stable_high,12,270,mid,0.013170345603425566,-0.011841517503969378,0.09155561733265184,0.07250052371344971,-0.07838527172922627,-0.08434204121741909
roughness,high_to_low,stable_high,12,271,all_post,0.11827469604305603,0.09049726118250274,0.09963797879088739,-0.007207827800876884,0.018636717252168644,0.09770508898337962
roughness,high_to_low,stable_high,12,271,early,0.04496674313243718,0.04002929039740649,-0.004485554902457798,0.0026792879290289035,0.04945229803489498,0.03735000246837759
roughness,high_to_low,stable_high,12,271,late,0.10942391547996988,0.09883018386014727,0.06615380314434917,0.06972247157884298,0.04327011233562071,0.029107712281304293
roughness,high_to_low,stable_high,12,271,mid,0.20117099456368484,0.13193789906681747,0.24003603610131563,-0.10043610119214585,-0.03886504153763079,0.23237400025896332
roughness,high_to_low,stable_high,12,272,all_post,0.2169529633865563,-0.0060901951212165425,0.2081392114936455,0.0004546940705031396,0.00881375189291081,-0.006544889191719682
roughness,high_to_low,stable_high,12,272,early,0.06404034774226959,-0.3197261146966598,-0.029731700989125646,-0.18718486006138865,0.09377204873139523,-0.13254125463527114
roughness,high_to_low,stable_high,12,272,late,0.4236369166606525,0.25784089314794933,0.31681710716919587,0.12382255665680215,0.10681980949145664,0.1340183364911472
roughness,high_to_low,stable_high,12,272,mid,0.14595796298390545,0.021620378829297016,0.3282757369945705,0.05444573040057097,-0.18231777401066507,-0.032825351571273954
roughness,high_to_low,stable_high,12,273,all_post,-0.2252527822010977,-0.2428550040390739,-0.1405003497430182,-0.18482872160422079,-0.08475243245807951,-0.05802628243485311
roughness,high_to_low,stable_high,12,273,early,-0.3105540720426992,-0.37779920379792936,-0.5498935178345908,-0.6155067920036629,0.23933944579189165,0.2377075882057335
roughness,high_to_low,stable_high,12,273,late,-0.039129266166419575,-0.036204271096516596,0.13784982343363503,0.11265195533679923,-0.1769790896000546,-0.1488562264333158
roughness,high_to_low,stable_high,12,273,mid,-0.3415853013970642,-0.33178243163465565,-0.03265320259281982,-0.0764213845575502,-0.3089320988042444,-0.25536104707710544
roughness,high_to_low,stable_high,12,274,all_post,0.014346972890095804,0.02296558672885493,-0.2623816108271161,-0.2812707380720258,0.2767285837172119,0.3042363248008807
roughness,high_to_low,stable_high,12,274,early,0.05685463971631285,0.07622555623552284,0.027135956125831546,0.03345227569817905,0.029718683590481302,0.042773280537343784
roughness,high_to_low,stable_high,12,274,late,0.005897176398150465,0.01512527829982428,-0.07714930732421302,-0.07143806776782818,0.08304648372236348,0.08656334606765247
roughness,high_to_low,stable_high,12,274,mid,-0.019006747736513795,-0.021800715313029767,-0.7525675065748757,-0.8233124780051115,0.7335607588383619,0.8015117626920818
roughness,high_to_low,stable_high,12,275,all_post,0.04283703777076566,0.0336151393752692,-0.07268563382396587,-0.07426792997587929,0.11552267159473154,0.1078830693511485
roughness,high_to_low,stable_high,12,275,early,0.004203364823969155,-0.000874680371239285,-0.053642260464717595,-0.047062431639124984,0.05784562528868675,0.0461877512678857
roughness,high_to_low,stable_high,12,275,late,0.06072893461507013,0.05054341124096551,-0.14313893948920467,-0.14311775400642396,0.20386787410427482,0.19366116524738947
roughness,high_to_low,stable_high,12,275,mid,0.062087822469565616,0.04976599793394001,-0.015404592712538766,-0.02688611894621022,0.07749241518210438,0.07665211688015022
roughness,high_to_low,stable_high,12,276,all_post,-0.03968060401731484,-0.22301076120459873,0.01734725182322451,-0.32771062202037343,-0.05702785584053935,0.1046998608157747
roughness,high_to_low,stable_high,12,276,early,-0.13849435717237288,-0.6633240168824013,-0.25032361851006585,-1.0216852303417772,0.11182926133769297,0.3583612134593759
roughness,high_to_low,stable_high,12,276,late,0.06428619846291747,0.047171694862832986,0.07303408216035158,0.07232275082555636,-0.008747883697434108,-0.02515105596272338
roughness,high_to_low,stable_high,12,276,mid,-0.05349755354917515,-0.0753951662665139,0.22469072262462722,-0.06710550094872672,-0.2781882761738024,-0.008289665317787173
roughness,high_to_low,stable_high,12,277,all_post,0.08785470714761001,0.08958088874810431,0.019389249198893416,-0.05372754461104481,0.0684654579487166,0.1433084333591491
roughness,high_to_low,stable_high,12,277,early,0.022410063355312038,-0.03431548937107028,-0.004682456298579461,-0.07609700536757112,0.0270925196538915,0.04178151599650084
roughness,high_to_low,stable_high,12,277,late,0.16574415837819212,0.17025786548310198,0.14972365399854465,0.064098000057721,0.01602050437964747,0.10615986542538099
roughness,high_to_low,stable_high,12,277,mid,0.06891911210677736,0.12607720873769804,-0.09773465050325587,-0.1590024239123481,0.16665376261003323,0.2850796326500461
roughness,high_to_low,stable_high,12,278,all_post,-0.03839711258954261,-0.04002621918575093,0.9298625971789413,0.11849274478901572,-0.9682597097684839,-0.15851896397476667
roughness,high_to_low,stable_high,12,278,early,-0.023050418124593353,-0.17321997017477705,-0.010565903935781667,-0.27457292683570234,-0.012484514188811685,0.10135295666092528
roughness,high_to_low,stable_high,12,278,late,-0.02120498052566031,0.02831265877758132,2.6936926033697737,0.5612684593491598,-2.714897583895434,-0.5329558005715785
roughness,high_to_low,stable_high,12,278,mid,-0.07236861679036437,0.019133747342998584,-0.04052474174640408,0.03188472564024442,-0.03184387504396029,-0.012750978297245839
roughness,high_to_low,stable_high,12,279,all_post,0.2600759574828205,0.17709169602977723,0.2306054592542556,0.15061939353291606,0.029470498228564873,0.026472302496861166
roughness,high_to_low,stable_high,12,279,early,0.16611113625266197,0.08845211266563692,0.13647764821943603,0.0698220018462345,0.029633488033225935,0.018630110819402426
roughness,high_to_low,stable_high,12,279,late,0.41686374305543317,0.3167013643438006,0.37328451722128525,0.2743132020458886,0.04357922583414792,0.04238816229791198
roughness,high_to_low,stable_high,12,279,mid,0.18418734434264875,0.11448747205372552,0.17016429082479304,0.09741515933054416,0.01402305351785571,0.017072312723181354
