mechanism,path,horizon,seed,period,n_blocks,adaptive_mse,frozen_local_mse,frozen_all_pre_mse,benchmark_mse,adaptive_advantage_vs_frozen_local,adaptive_advantage_vs_frozen_all_pre
noise_scale,high_to_low,1,630,all_post,40,0.13876836939970222,0.12449694274383756,0.11966447170618437,0.274460286326879,-0.014271426655864663,-0.019103897693517842
noise_scale,high_to_low,1,630,early,12,0.10222596701853293,0.10173435917544582,0.09746549798630326,0.47397114004208674,-0.000491607843087117,-0.004760469032229664
noise_scale,high_to_low,1,630,late,16,0.1580049433372824,0.1358707477095224,0.13834821139833592,0.16483465553934726,-0.022134195627760016,-0.019656731938946487
noise_scale,high_to_low,1,630,mid,12,0.1496620065307646,0.13209445302464953,0.11695179250319677,0.22111694032838028,-0.01756755350611507,-0.032710214027567824
noise_scale,high_to_low,1,631,all_post,40,0.15968563545967634,0.14476236365508383,0.14476236365508383,0.17053099343242867,-0.014923271804592502,-0.014923271804592502
noise_scale,high_to_low,1,631,early,12,0.12479342272508558,0.12388164228401614,0.12388164228401614,0.1290887787039073,-0.0009117804410694032,-0.0009117804410694032
noise_scale,high_to_low,1,631,late,16,0.12024374444156198,0.13176513140865684,0.13176513140865684,0.16555492344085707,0.011521386967094864,0.011521386967094864
noise_scale,high_to_low,1,631,mid,12,0.24716703621841965,0.18297272802138753,0.18297272802138753,0.21860796814971217,-0.0641943081970321,-0.0641943081970321
noise_scale,high_to_low,1,632,all_post,40,0.1131113740728344,0.10256228863601768,0.1069398781679819,0.14838851112893464,-0.010549085436816697,-0.006171495904852509
noise_scale,high_to_low,1,632,early,12,0.1585039182368505,0.14562775716369214,0.14924824750651533,0.1999392386878717,-0.012876161073158372,-0.009255670730335173
noise_scale,high_to_low,1,632,late,16,0.12728198640223493,0.0879665221893968,0.09137184004715171,0.18096736235067132,-0.03931546421283812,-0.03591014635508322
noise_scale,high_to_low,1,632,mid,12,0.04882468013628424,0.07895784203717111,0.08538889299055535,0.05339931527434875,0.030133161900886857,0.036564212854271104
noise_scale,high_to_low,1,633,all_post,40,0.11636219277991529,0.10059787612220568,0.09287728607817863,0.17784239571442365,-0.015764316657709613,-0.023484906701736655
noise_scale,high_to_low,1,633,early,12,0.1710766637933269,0.13507931743515664,0.13073684910470734,0.33336008551097845,-0.03599734635817025,-0.04033981468861954
noise_scale,high_to_low,1,633,late,16,0.112132565191369,0.10694925037954997,0.09573518476445059,0.14174899562177262,-0.005183314811819031,-0.01639738042691841
noise_scale,high_to_low,1,633,mid,12,0.06728722521789875,0.05764793579946232,0.05120719146995397,0.07044923937473678,-0.009639289418436428,-0.016080033747944773
noise_scale,high_to_low,1,634,all_post,40,0.12778556913209607,0.15395972104466085,0.12430560764766985,0.13417684036322003,0.026174151912564798,-0.003479961484426225
noise_scale,high_to_low,1,634,early,12,0.11402971114056465,0.1267389478530189,0.12334443799076544,0.16904319897968145,0.01270923671245427,0.009314726850200777
noise_scale,high_to_low,1,634,late,16,0.16188012611688113,0.170805989097015,0.14653534319477213,0.1536302634362811,0.008925862980133873,-0.015344782922109005
noise_scale,high_to_low,1,634,mid,12,0.09608201781058072,0.1587188034998306,0.09562712990843787,0.07337258431601049,0.0626367856892499,-0.00045488790214285566
noise_scale,high_to_low,1,635,all_post,40,0.10166275702591823,0.08347991663149164,0.0794523384380695,0.13980387654571755,-0.018182840394426587,-0.022210418587848724
noise_scale,high_to_low,1,635,early,12,0.05963341091842104,0.04898258467841304,0.053138478216119556,0.17763143573686913,-0.010650826240008,-0.006494932702301489
noise_scale,high_to_low,1,635,late,16,0.1467616367981619,0.10139793121277117,0.09173846785117849,0.18041414559908933,-0.04536370558539071,-0.055023168946983385
noise_scale,high_to_low,1,635,mid,12,0.0835602634370905,0.0940865624761975,0.08938469277587408,0.04782929195007033,0.010526299039106997,0.0058244293387835775
noise_scale,high_to_low,1,636,all_post,40,0.09925276535666565,0.1101980077127644,0.09544279865822838,0.09945136359318738,0.010945242356098745,-0.0038099666984372643
noise_scale,high_to_low,1,636,early,12,0.12038599378442223,0.11418059906473656,0.10664335912189225,0.1778277343768142,-0.006205394719685676,-0.013742634662529995
noise_scale,high_to_low,1,636,late,16,0.10117885656035433,0.13051628106864677,0.11557788225960985,0.06512448938074765,0.029337424508292412,0.014399025699255531
noise_scale,high_to_low,1,636,mid,12,0.07555141532399083,0.07912438521961576,0.05739546005938922,0.06684415842614684,0.003572969895624941,-0.018155955264601602
noise_scale,high_to_low,1,637,all_post,40,0.0952912364085913,0.25103883956185086,0.39462286092843646,0.20794221298660354,0.15574760315325958,0.29933162451984513
noise_scale,high_to_low,1,637,early,12,0.1069832957074886,0.18275499636877493,0.24932266266645198,0.29697624631537134,0.07577170066128634,0.14233936695896338
noise_scale,high_to_low,1,637,late,16,0.09209870212826295,0.3372807255883026,0.5350269158282526,0.2370053197392228,0.24518202346003964,0.44292821369998964
noise_scale,high_to_low,1,637,mid,12,0.08785588948346508,0.20433350138632458,0.35271765265733274,0.08015737065434347,0.11647761190285949,0.2648617631738676
noise_scale,high_to_low,1,638,all_post,40,0.08256338393902687,0.07990746894739956,0.07044971756983723,0.10951818163087905,-0.0026559149916273077,-0.012113666369189646
noise_scale,high_to_low,1,638,early,12,0.13035171558824707,0.11104415062619072,0.12513338050704412,0.18660541150504836,-0.0193075649620563,-0.005218335081202939
noise_scale,high_to_low,1,638,late,16,0.0708387098231439,0.06403633805708674,0.05050409043586891,0.10327316225188239,-0.00680237176605715,-0.02033461938727498
noise_scale,high_to_low,1,638,mid,12,0.050407951110983985,0.06993229512235881,0.0423602241445881,0.04075764426203851,0.019524344011374803,-0.0080477269663959
noise_scale,high_to_low,1,639,all_post,40,0.12218970824290336,0.17645073943858156,0.11369715249492258,0.12642947163677365,0.05426103119567819,-0.008492555747980805
noise_scale,high_to_low,1,639,early,12,0.11448694178906181,0.10086819687379668,0.09799434599840613,0.09826306574211174,-0.013618744915265116,-0.016492595790655665
noise_scale,high_to_low,1,639,late,16,0.08798667838494265,0.22681463827836834,0.12069725350426405,0.10538719777907585,0.13882795989342572,0.03271057511932141
noise_scale,high_to_low,1,639,mid,12,0.17549651450735929,0.1848814168836507,0.1200664909789837,0.18265224267503258,0.009384902376291445,-0.05543002352837558
noise_scale,high_to_low,3,630,all_post,40,0.12803300507781,0.12441779882618062,0.12837650189525224,0.32095210907039806,-0.003615206251629377,0.00034349681744223206
noise_scale,high_to_low,3,630,early,12,0.12648590142647145,0.1271306621924804,0.12861194978114285,0.5328559858165038,0.0006447607660089385,0.0021260483546713983
noise_scale,high_to_low,3,630,late,16,0.12250300350757351,0.13350131959833866,0.14063057119265798,0.19350812895589176,0.010998316090765162,0.018127567685084486
noise_scale,high_to_low,3,630,mid,12,0.13695344415613056,0.10959357443033678,0.11180229494615394,0.27897353914363404,-0.027359869725793743,-0.025151149209976614
noise_scale,high_to_low,3,631,all_post,40,0.10919392211877266,0.15467460886411338,0.189071705938003,0.19148313361072766,0.04548068674534071,0.0798777838192303
noise_scale,high_to_low,3,631,early,12,0.06200995109206663,0.06317463627747126,0.12569675061801755,0.14163624974325453,0.001164685185404619,0.06368679952595092
noise_scale,high_to_low,3,631,late,16,0.12386921519476844,0.20033892802624897,0.26115111827478293,0.2548745587849538,0.07646971283148056,0.1372819030800145
noise_scale,high_to_low,3,631,mid,12,0.13681083571081762,0.185288822567908,0.15634077814228178,0.15680811724589933,0.048477986857090344,0.019529942431464106
noise_scale,high_to_low,3,632,all_post,40,0.11842234507553169,0.12932842159883523,0.11724526331352028,0.14913112212637275,0.010906076523303535,-0.0011770817620114006
noise_scale,high_to_low,3,632,early,12,0.16114199959036243,0.14552285019077196,0.13337765982723931,0.23779563461518385,-0.015619149399590476,-0.02776433976312312
noise_scale,high_to_low,3,632,late,16,0.12574782505291146,0.13960910269913204,0.11062487018122126,0.14689191198671198,0.01386127764622059,-0.015122954871690209
noise_scale,high_to_low,3,632,mid,12,0.06593538392419455,0.09942641820650272,0.10994005764286663,0.06345222315710936,0.033491034282308145,0.04400467371867206
noise_scale,high_to_low,3,633,all_post,40,0.11073565281003442,0.10153321322234485,0.10153680410017289,0.14881176944825464,-0.009202439587689574,-0.009198848709861512
noise_scale,high_to_low,3,633,early,12,0.12612960729849562,0.1261271320909292,0.12612090308563959,0.207825690543986,-2.4752075664241646e-06,-8.704212856060906e-06
noise_scale,high_to_low,3,633,late,16,0.09413015997833488,0.08241640894440377,0.08240876581905797,0.12049442017984324,-0.011713751033931108,-0.011721394159276907
noise_scale,high_to_low,3,633,mid,12,0.11748235543050593,0.10242836672434857,0.1024567561561928,0.1275543140437385,-0.015053988706157343,-0.015025599274313108
noise_scale,high_to_low,3,634,all_post,40,0.13159921620861917,0.1217543860835939,0.1225602942922758,0.12060865769982307,-0.00984483012502526,-0.009038921916343357
noise_scale,high_to_low,3,634,early,12,0.16784987318485087,0.13853563657755,0.1383532457272014,0.13794012279849685,-0.029314236607300852,-0.029496627457649447
noise_scale,high_to_low,3,634,late,16,0.1416363829305991,0.13728407664554426,0.13880867369985733,0.1257707469122015,-0.004352306285054824,-0.002827709230741749
noise_scale,high_to_low,3,634,mid,12,0.08196567026974753,0.0842668815070373,0.08510283698057479,0.09639440698464473,0.0023012112372897547,0.0031371667108272615
noise_scale,high_to_low,3,635,all_post,40,0.08462003163471153,0.3753864110258306,0.26121626618745497,0.18684196219695037,0.2907663793911191,0.17659623455274343
noise_scale,high_to_low,3,635,early,12,0.0684187608011829,0.061376422379891514,0.057382272309708354,0.155358971780469,-0.007042338421291386,-0.011036488491474539
noise_scale,high_to_low,3,635,late,16,0.09194462525404588,0.7259065357575181,0.4684738327355848,0.282438604121345,0.6339619105034722,0.3765292074815389
noise_scale,high_to_low,3,635,mid,12,0.09105517764246106,0.22203623336285305,0.18870683800102847,0.09086276338090556,0.130981055720392,0.09765166035856741
noise_scale,high_to_low,3,636,all_post,40,0.07795248033570301,0.07202955032367296,0.07267727264759541,0.11386907002369466,-0.005922930012030061,-0.005275207688107621
noise_scale,high_to_low,3,636,early,12,0.09471616668553899,0.0893228502273309,0.09014754041683028,0.14999452429984092,-0.005393316458208078,-0.004568626268708691
noise_scale,high_to_low,3,636,late,16,0.08882513564206895,0.08178570456087442,0.08297836024927668,0.0983040334078848,-0.007039431081194539,-0.005846775392792278
noise_scale,high_to_low,3,636,mid,12,0.046691920244045816,0.04172804477041308,0.041472221409452135,0.09849699790196165,-0.004963875473632741,-0.005219698834593678
noise_scale,high_to_low,3,637,all_post,40,0.109231167913181,0.6341644391906214,0.7798067006062698,0.3100798062629572,0.5249332712774404,0.6705755326930889
noise_scale,high_to_low,3,637,early,12,0.1566025997034311,0.46245301104109493,0.5456748414921987,0.43471125243431924,0.30585041133766383,0.3890722417887676
noise_scale,high_to_low,3,637,late,16,0.08791674900600574,0.7973757921217475,0.9937513433075904,0.31126310969609566,0.7094590431157418,0.9058345943015846
noise_scale,high_to_low,3,637,mid,12,0.09027896133249787,0.5882607300986463,0.7286790361185801,0.18387062218074393,0.49798176876614836,0.6384000747860822
noise_scale,high_to_low,3,638,all_post,40,0.06764303122342206,0.07238193390662384,0.07366649918947421,0.12245355325631797,0.004738902683201767,0.006023467966052143
noise_scale,high_to_low,3,638,early,12,0.08805392299878427,0.08775147713458487,0.08936597525426787,0.20778139119440753,-0.000302445864199391,0.0013120522554836151
noise_scale,high_to_low,3,638,late,16,0.06740797123663152,0.07758226783874915,0.07794769515088065,0.11424036223887558,0.010174296602117622,0.010539723914249127
noise_scale,high_to_low,3,638,mid,12,0.04754555276378064,0.050078612102495756,0.05225876184280533,0.04807663667481823,0.0025330593387151152,0.004713209079024692
noise_scale,high_to_low,3,639,all_post,40,0.09642343535880489,0.16918100042105735,0.15443718165291465,0.19676081151365069,0.07275756506225248,0.05801374629410978
noise_scale,high_to_low,3,639,early,12,0.11662432093288654,0.10257102325797679,0.10640232764717521,0.16511525293643997,-0.01405329767490975,-0.010221993285711342
noise_scale,high_to_low,3,639,late,16,0.08757154546889598,0.2595078126068494,0.21173966972274333,0.19536561320668838,0.1719362671379534,0.12416812425384735
noise_scale,high_to_low,3,639,mid,12,0.0880250696379351,0.11535522800308189,0.12606871823221594,0.23026663450014448,0.027330158365146795,0.03804364859428084
noise_scale,high_to_low,6,630,all_post,39,0.1405587524640015,0.1460101840065069,0.14547493429726682,0.45917973756686903,0.0054514315425054005,0.004916181833265324
noise_scale,high_to_low,6,630,early,12,0.13895601413559813,0.13852565273588616,0.1383337173603814,0.7099096745744807,-0.00043036139971195747,-0.0006222967752167683
noise_scale,high_to_low,6,630,late,15,0.12186287332822861,0.17284671956380393,0.1718254854384089,0.24537851191968965,0.0509838462355753,0.04996261211018028
noise_scale,high_to_low,6,630,mid,12,0.165531339712121,0.11994904583050638,0.1196779623077247,0.4757013326182314,-0.04558229388161462,-0.04585337740439629
noise_scale,high_to_low,6,631,all_post,39,0.16324443122694268,0.21691342158990032,0.24450129622080638,0.3187566568605862,0.053668990362957615,0.0812568649938637
noise_scale,high_to_low,6,631,early,12,0.06891953813012351,0.068623554151631,0.06674472319050574,0.22279184633878826,-0.00029598397849250907,-0.0021748149396177627
noise_scale,high_to_low,6,631,late,15,0.2234441702166604,0.2999846029131563,0.34776895842888833,0.48618671916246986,0.07654043269649598,0.12432478821222795
noise_scale,high_to_low,6,631,mid,12,0.18231965058661484,0.26136431237409957,0.29317329149100474,0.20543388950502942,0.07904466178748477,0.11085364090438987
noise_scale,high_to_low,6,632,all_post,39,0.15023354123812893,0.1703798665656627,0.17038042701813913,0.1711355091690395,0.02014632532753376,0.020146885780010178
noise_scale,high_to_low,6,632,early,12,0.21858820288039904,0.18995702531040262,0.189957967895489,0.2873258449691064,-0.02863117756999641,-0.028630234984910085
noise_scale,high_to_low,6,632,late,15,0.12628394785140715,0.16795268812679212,0.1679523463819947,0.145431421893483,0.041668740275385016,0.04166839853058754
noise_scale,high_to_low,6,632,mid,12,0.11181587132926114,0.153836680869511,0.15383798693596987,0.08707528246341832,0.04202080954024987,0.04202211560670876
noise_scale,high_to_low,6,633,all_post,39,0.12728940042802805,0.12099323311628914,0.12099333833507596,0.16457743376084363,-0.006296167311738897,-0.006296062092952072
noise_scale,high_to_low,6,633,early,12,0.14130136715153363,0.15778988430007734,0.15779000202546273,0.21440203309384395,0.016488517148543713,0.016488634873929084
noise_scale,high_to_low,6,633,late,15,0.11301600806602423,0.09234565352107857,0.09234556262398554,0.12793133760533076,-0.02067035454494564,-0.02067044544203868
noise_scale,high_to_low,6,633,mid,12,0.13111917415702715,0.12000605642651409,0.1200063942835522,0.1605604546222345,-0.011113117730513072,-0.011112779873474974
noise_scale,high_to_low,6,634,all_post,39,0.13242262169888228,0.1357403596231482,0.13873494578400092,0.1418963015694522,0.003317737924265983,0.006312324085118687
noise_scale,high_to_low,6,634,early,12,0.13159329657040628,0.1371665814497067,0.1374066305177953,0.13915506585070012,0.0055732848793004315,0.005813333947389046
noise_scale,high_to_low,6,634,late,15,0.14476454158769503,0.16243391645004612,0.16782774349525212,0.1705788435908894,0.017669374862351074,0.023063201907557097
noise_scale,high_to_low,6,634,mid,12,0.11782454696634222,0.10094719176296739,0.10369726391114252,0.10878435976140788,-0.01687735520337483,-0.014127283055199684
noise_scale,high_to_low,6,635,all_post,39,0.10001754263956615,0.5892880619863853,0.37358210909138245,0.3880810346551044,0.48927051934681914,0.2735645664518162
noise_scale,high_to_low,6,635,early,12,0.07319854988994638,0.07153025234325915,0.0631596862217319,0.18641239028475484,-0.0016682975466872387,-0.010038863668214475
noise_scale,high_to_low,6,635,late,15,0.10479078315768955,1.2011350247859818,0.6988998349827639,0.6660207006928007,1.0963442416282922,0.5941090518250742
noise_scale,high_to_low,6,635,mid,12,0.1208699847415317,0.3422371681300158,0.27735737459680626,0.24232509647833314,0.22136718338848413,0.15648738985527458
noise_scale,high_to_low,6,636,all_post,39,0.0870874201639544,0.07850657744854043,0.07798769165490411,0.15078478881844865,-0.00858084271541398,-0.009099728509050291
noise_scale,high_to_low,6,636,early,12,0.09942348513825917,0.09281934096632365,0.09206556045980484,0.15598071333878197,-0.006604144171935537,-0.0073579246784543405
noise_scale,high_to_low,6,636,late,15,0.1124569335337948,0.09605402588765974,0.09545341186315198,0.17262626244752868,-0.016402907646135036,-0.017003521670642778
noise_scale,high_to_low,6,636,mid,12,0.04303946347734917,0.04225950338185807,0.042077672589693534,0.11828702226176524,-0.0007799600954910998,-0.0009617908876556302
noise_scale,high_to_low,6,637,all_post,39,0.1421852951369988,0.21733692998693938,1.7638128305304899,0.6307979193680228,0.07515163484994056,1.6216275353934915
noise_scale,high_to_low,6,637,early,12,0.19861152424841488,0.381019826395852,1.1357381608840902,0.6592950935689139,0.1824083021474371,0.9371266366356753
noise_scale,high_to_low,6,637,late,15,0.11181480017523843,0.13299430652350505,2.2951482661354183,0.7084410375339985,0.02117950634826661,2.1833334659601795
noise_scale,high_to_low,6,637,mid,12,0.12372218472778325,0.15908231290731956,1.7277182056707305,0.5052468474596613,0.0353601281795363,1.6039960209429474
noise_scale,high_to_low,6,638,all_post,39,0.07375404741325028,0.08119773501068238,0.08284581141661873,0.14774577310699794,0.007443687597432107,0.00909176400336845
noise_scale,high_to_low,6,638,early,12,0.094705444067321,0.092265320833626,0.09455279296127088,0.24597980996375282,-0.002440123233694996,-0.00015265110605012112
noise_scale,high_to_low,6,638,late,15,0.07434037657709992,0.0898532844988666,0.09083949887180766,0.13068317306021895,0.01551290792176671,0.016499122294707756
noise_scale,high_to_low,6,638,mid,12,0.0520697393043675,0.05931071232750846,0.0611467205529804,0.07083998630871677,0.007240973023140963,0.009076981248612894
noise_scale,high_to_low,6,639,all_post,39,0.11058777929145969,0.21816103442044188,0.17698528537646746,0.4016071630343177,0.10757325512898215,0.06639750608500776
noise_scale,high_to_low,6,639,early,12,0.1486167206100842,0.13798012114706312,0.1424849044299534,0.3797704464884335,-0.010636599463021076,-0.006131816180130788
noise_scale,high_to_low,6,639,late,15,0.09756362946489694,0.3650812249441166,0.24476382000239819,0.3871298604726706,0.26751759547921966,0.14720019053750127
noise_scale,high_to_low,6,639,mid,12,0.08883902525603854,0.11469170953922703,0.12676249804056794,0.44154050778226056,0.025852684283188484,0.037923472784529406
noise_scale,high_to_low,12,630,all_post,37,0.24011392002516735,0.197753459343755,0.20138507291346647,1.1411454565151997,-0.042360460681412325,-0.03872884711170081
noise_scale,high_to_low,12,630,early,12,0.2001766063161529,0.18471788748410456,0.18607850432700832,1.5570103829423128,-0.015458718832048302,-0.014098101989144596
noise_scale,high_to_low,12,630,late,13,0.20588604322225862,0.24327590171923877,0.250823130365461,0.5918832123253017,0.03738985849698011,0.04493708714320237
noise_scale,high_to_low,12,630,mid,12,0.3171314336039994,0.16147305196329792,0.16313374592693058,1.320314627960476,-0.15565838164070148,-0.15399768767706884
noise_scale,high_to_low,12,631,all_post,37,0.5690425846797613,0.437228165172324,0.46536729985716524,0.8017521715447391,-0.13181441950743739,-0.10367528482259616
noise_scale,high_to_low,12,631,early,12,0.10242772148941211,0.09442551001530708,0.08904299752309995,0.6127971952238653,-0.008002211474105035,-0.013384723966312156
noise_scale,high_to_low,12,631,late,13,0.7013156847266176,0.6267014707761335,0.6744054491090802,1.3407702064430256,-0.07461421395048416,-0.026910235617537435
noise_scale,high_to_low,12,631,mid,12,0.8923615894860163,0.5747680725918807,0.6152336071683223,0.40677094339246905,-0.3175935168941356,-0.27712798231769376
noise_scale,high_to_low,12,632,all_post,37,0.2853906711608119,0.25496312260367726,0.243050983446637,0.26368943932956135,-0.03042754855713467,-0.042339687714174894
noise_scale,high_to_low,12,632,early,12,0.3804633783486165,0.2916732659396848,0.27682402479838364,0.4731339945483934,-0.08879011240893168,-0.1036393535502328
noise_scale,high_to_low,12,632,late,13,0.30243049200825134,0.21739322357551524,0.1836229718380674,0.18051396303263728,-0.08503726843273605,-0.11880752017018394
noise_scale,high_to_low,12,632,mid,12,0.17185815805494806,0.2589537032148452,0.2736582880041742,0.14435165009906384,0.08709554515989715,0.10180012994922612
noise_scale,high_to_low,12,633,all_post,37,0.16920816607758146,0.15960849898549995,0.15124554026768378,0.1935427235168022,-0.009599667092081505,-0.01796262580989763
noise_scale,high_to_low,12,633,early,12,0.21727066963801125,0.20520067624292967,0.16747407385642835,0.2559645396528442,-0.012069993395081602,-0.049796595781582915
noise_scale,high_to_low,12,633,late,13,0.11156268014138614,0.10540318854904852,0.10254610456391686,0.13286211684408794,-0.006159491592337634,-0.009016575577469288
noise_scale,high_to_low,12,633,mid,12,0.18359493894802978,0.17273874136755918,0.1877747286913534,0.1968582312762008,-0.010856197580470605,0.004179789743323614
noise_scale,high_to_low,12,634,all_post,37,0.1970316972232791,0.2743828095256387,0.29716372596253865,0.18802853006833742,0.07735111230235955,0.10013202873925948
noise_scale,high_to_low,12,634,early,12,0.1373375501859552,0.2602665044452555,0.27987743668325676,0.12205185167763986,0.1229289542593003,0.14253988649730157
noise_scale,high_to_low,12,634,late,13,0.24769632272401618,0.27495558226100497,0.3082373500795584,0.2780808890097753,0.027259259536988805,0.06054102735554216
noise_scale,high_to_low,12,634,mid,12,0.2018391666348046,0.28787861080937505,0.30245358911504905,0.15644848627247732,0.08603944417457048,0.10061442248024449
noise_scale,high_to_low,12,635,all_post,37,0.1937201559838006,0.8657216413045847,0.6524492058496946,0.9789905361813517,0.6720014853207842,0.45872904986589397
noise_scale,high_to_low,12,635,early,12,0.08329176902294537,0.09050042217641906,0.08231606530843456,0.2852904765404748,0.007208653153473666,-0.0009757037145108286
noise_scale,high_to_low,12,635,late,13,0.1534172849837886,1.8094115035205007,1.2767009179462294,1.8082881447632544,1.655994218536712,1.1232836329624407
noise_scale,high_to_low,12,635,mid,12,0.34780998652800216,0.6186121763655085,0.5463096582863751,0.7742848531918339,0.2708021898375063,0.19849967175837305
noise_scale,high_to_low,12,636,all_post,37,0.10846123307784646,0.1008669046203304,0.09184603519379259,0.30446640433718497,-0.007594328457516048,-0.01661519788405389
noise_scale,high_to_low,12,636,early,12,0.12862794025604182,0.11541845714278827,0.1036252974281432,0.3221358223931025,-0.01320948311325354,-0.02500264282789863
noise_scale,high_to_low,12,636,late,13,0.14368880002525253,0.12018466293931247,0.11780904808859055,0.36828537657215293,-0.023504137085940034,-0.025879751936661952
noise_scale,high_to_low,12,636,mid,12,0.0501313283732945,0.06538778058564194,0.05194017565674408,0.21765976636005233,0.015256452212347433,0.001808847283449581
noise_scale,high_to_low,12,637,all_post,37,0.29801393680771265,1.1268252923671638,8.054405090396582,1.7795588595292193,0.828811355559451,7.756391153588867
noise_scale,high_to_low,12,637,early,12,0.5919369610015265,2.330518161227873,4.936470093675863,1.538901763526332,1.7385812002263463,4.344533132674337
noise_scale,high_to_low,12,637,late,13,0.1302853166633205,0.48140813417653655,11.091755065291833,2.105309092511506,0.3511228175132159,10.961469748628513
noise_scale,high_to_low,12,637,mid,12,0.18579691777032348,0.6223343448796336,7.881877614314107,1.667319869801295,0.4365374271093101,7.696080696543785
noise_scale,high_to_low,12,638,all_post,37,0.0853367185408055,0.07848390414952386,0.0972598611274586,0.1357983855559238,-0.006852814391281661,0.011923142586653099
noise_scale,high_to_low,12,638,early,12,0.11360639076067285,0.0914058151084836,0.09651521604746023,0.2040181851385969,-0.022200575652189265,-0.01709117471321262
noise_scale,high_to_low,12,638,late,13,0.07335027427585449,0.07503070107726861,0.10860976913559153,0.11394376136047694,0.0016804268014141283,0.035259494859737055
noise_scale,high_to_low,12,638,mid,12,0.07005236094130178,0.06930296318550729,0.08570877253197966,0.09125442885165141,-0.0007493977557944974,0.01565641159067786
noise_scale,high_to_low,12,639,all_post,37,0.1559284395298568,0.3387816637858053,0.24282041798889606,1.2731746994686248,0.18285322425594858,0.08689197845903934
noise_scale,high_to_low,12,639,early,12,0.20819005961454984,0.19078026491297292,0.19333785964802389,1.1710216292687932,-0.0174097947015769,-0.014852199966525967
noise_scale,high_to_low,12,639,late,13,0.14920651354858835,0.6542390872251036,0.34773827768210513,1.1454727844499872,0.5050325736765154,0.19853176413351686
noise_scale,high_to_low,12,639,mid,12,0.11094890592487111,0.14503752059939776,0.1786419616621251,1.513671510938648,0.03408861467452665,0.06769305573725402
noise_scale,low_to_high,1,630,all_post,40,1.0811340508405667,1.068974673030748,1.0386602461721341,1.7762728751948302,-0.0121593778098189,-0.042473804668432466
noise_scale,low_to_high,1,630,early,12,0.7642651504050865,0.784866436441722,0.7592123275261372,1.9655901849400268,0.020601286036635788,-0.005052822878949019
noise_scale,low_to_high,1,630,late,16,1.3768924071218192,1.2367108991325881,1.2146338696277046,1.413225396927393,-0.14018150798923096,-0.1622585374941145
noise_scale,low_to_high,1,630,mid,12,1.0036584762343768,1.1294346081506528,1.0834766668773705,2.0710188698062164,0.1257761319162759,0.07981819064299343
noise_scale,low_to_high,1,631,all_post,40,1.0618325344676407,0.9836252262055456,0.985152691504996,1.2947977770461727,-0.078207308262095,-0.07667984296264466
noise_scale,low_to_high,1,631,early,12,0.9831234839398816,0.9147405446173789,0.9159325658902303,0.9412143940446233,-0.06838293932250272,-0.0671909180496514
noise_scale,low_to_high,1,631,late,16,0.8469971732298014,0.784738777238708,0.7863800525801617,1.132895166042638,-0.06225839599109344,-0.060617120649639686
noise_scale,low_to_high,1,631,mid,12,1.426988733312519,1.3176918397494963,1.3194030023528744,1.8642513080524346,-0.10929689356302273,-0.10758573095964453
noise_scale,low_to_high,1,632,all_post,40,0.6774015509071042,0.5070849771615565,0.5082218168785738,0.9810981874712426,-0.17031657374554757,-0.16917973402853032
noise_scale,low_to_high,1,632,early,12,0.6284523995505927,0.5473473487437875,0.5513134063175321,0.6471429383377663,-0.08110505080680533,-0.0771389932330607
noise_scale,low_to_high,1,632,late,16,1.0175301524899996,0.6960526364434698,0.6889373743930671,1.6365916359633785,-0.3214775160465297,-0.32859277809693244
noise_scale,low_to_high,1,632,mid,12,0.27284590015308824,0.21486572653677458,0.2241761507536244,0.44106217194853753,-0.05798017361631361,-0.04866974939946378
noise_scale,low_to_high,1,633,all_post,40,0.8248197260821233,0.8401620912170351,0.8350599096887421,1.2985001556846334,0.015342365134912014,0.010240183606618995
noise_scale,low_to_high,1,633,early,12,1.032391275384665,1.0368124884712102,1.0333097623233531,1.9737582702423326,0.004421213086545223,0.0009184869386881234
noise_scale,low_to_high,1,633,late,16,0.907324998896019,0.9464537184224171,0.9356801310630578,1.2857340245488904,0.039128719526398126,0.028355132167038763
noise_scale,low_to_high,1,633,mid,12,0.5072411463610536,0.5017895243556842,0.5026497618883771,0.6402635493079257,-0.005451622005369343,-0.004591384472676481
noise_scale,low_to_high,1,634,all_post,40,1.059652509239648,1.1001006856278235,1.0936586915204722,1.197905253083282,0.04044817638817564,0.034006182280824235
noise_scale,low_to_high,1,634,early,12,0.8837426519218479,0.9906483061213306,0.9847809043673158,1.4102742879641446,0.10690565419948256,0.10103825244546781
noise_scale,low_to_high,1,634,late,16,1.3647316790034925,1.446950462279371,1.4319260987617337,1.4459520773052756,0.08221878327587845,0.06719441975824125
noise_scale,low_to_high,1,634,mid,12,0.8287901402056553,0.747086696265587,0.7515132690186133,0.6548071192397606,-0.08170344394006847,-0.07727687118704203
noise_scale,low_to_high,1,635,all_post,40,0.9039206907687483,0.7429627060825151,0.6840051052318583,0.8760436514768963,-0.1609579846862333,-0.21991558553689003
noise_scale,low_to_high,1,635,early,12,0.5028885411639944,0.4774255804194288,0.4670332142218698,0.7852860215553332,-0.02546296074456549,-0.03585532694212459
noise_scale,low_to_high,1,635,late,16,1.2173951751099001,0.8423710628463008,0.723212702702938,1.3052847109168586,-0.37502411226359905,-0.49418247240696184
noise_scale,low_to_high,1,635,mid,12,0.8869868612519669,0.8759553560605534,0.8487001996137403,0.39447986881184366,-0.011031505191413243,-0.038286661638226416
noise_scale,low_to_high,1,636,all_post,40,0.6699318699493884,0.6582302850546818,0.660547035432058,0.8871420741321522,-0.01170158489470638,-0.009384834517330371
noise_scale,low_to_high,1,636,early,12,0.9672241356489931,0.9498862225629376,0.9528340451494745,1.5953776242201994,-0.017337913086055545,-0.014390090499518565
noise_scale,low_to_high,1,636,late,16,0.640106644482316,0.6425369080124661,0.6436090899298459,0.5516322353471745,0.002430263530150134,0.0035024454475298464
noise_scale,low_to_high,1,636,mid,12,0.4124065715392131,0.3874988502693805,0.390843953050924,0.6262529757574087,-0.02490772126983257,-0.02156261848828915
noise_scale,low_to_high,1,637,all_post,40,0.7162324187486657,0.6575603338291546,0.63847326966004,1.0486456693871844,-0.05867208491951108,-0.07775914908862566
noise_scale,low_to_high,1,637,early,12,0.7523846495119445,0.5568019795352374,0.5852995063963256,0.868998762696521,-0.19558266997670692,-0.1670851431156188
noise_scale,low_to_high,1,637,late,16,0.7915182345888431,0.8441294730804292,0.785239226668089,1.6114790937653618,0.05261123849158614,-0.006279007920754157
noise_scale,low_to_high,1,637,mid,12,0.5796991001984838,0.509559835788039,0.4959590902463559,0.47784801024027806,-0.07013926441044485,-0.08374000995212788
noise_scale,low_to_high,1,638,all_post,40,0.6619789465623627,0.7006248691098578,0.6106453135881167,0.8609106693144032,0.03864592254749512,-0.05133363297424594
noise_scale,low_to_high,1,638,early,12,1.1918105547093278,1.2045136538386925,1.028288422181935,1.2627934345484373,0.012703099129364395,-0.1635221325273928
noise_scale,low_to_high,1,638,late,16,0.5274522010315851,0.5502925273487453,0.5269464097374137,0.9330942698908143,0.02284032631716025,-0.0005057912941713195
noise_scale,low_to_high,1,638,mid,12,0.31151633245643406,0.397179206729173,0.3046007434619022,0.36278310331182034,0.08566287427273898,-0.006915588994531877
noise_scale,low_to_high,1,639,all_post,40,0.8037452953845892,0.7555386430106932,0.7299214316548243,1.1198620818158151,-0.04820665237389591,-0.07382386372976486
noise_scale,low_to_high,1,639,early,12,0.4022729921368999,0.37481932885145136,0.39598639214575576,0.7146389948850659,-0.02745366328544854,-0.0062865999911442165
noise_scale,low_to_high,1,639,late,16,0.7597227502131463,0.7101851056128831,0.6532807982591222,0.864095441164835,-0.04953764460026319,-0.10644195195402406
noise_scale,low_to_high,1,639,mid,12,1.2639143255275354,1.196729340367015,1.166043982358162,1.8661073562812038,-0.06718498516052025,-0.09787034316937325
noise_scale,low_to_high,3,630,all_post,40,0.9324018053389043,0.9260706939110775,0.8933718055586792,1.8362847367854045,-0.006331111427826825,-0.03902999978022498
noise_scale,low_to_high,3,630,early,12,1.0070515979346244,1.0183955356016057,0.9734945421752506,2.5333944343400074,0.011343937666980821,-0.03355705575937407
noise_scale,low_to_high,3,630,late,16,0.9582153679364156,0.8558873104580904,0.8294569121819688,1.3145779314793422,-0.10232805747832513,-0.12875845575444683
noise_scale,low_to_high,3,630,mid,12,0.8233339292798356,0.9273236968245323,0.8984689267777223,1.8347841129722173,0.10398976754469659,0.07513499749788659
noise_scale,low_to_high,3,631,all_post,40,0.8293675726137824,0.8122978247431266,0.766057005272349,1.1404065231119973,-0.017069747870655894,-0.06331056734143355
noise_scale,low_to_high,3,631,early,12,0.5584151879728486,0.6037967003359607,0.5568256530633776,0.8175226841252575,0.04538151236311209,-0.0015895349094708518
noise_scale,low_to_high,3,631,late,16,0.90507381354195,0.833653980835797,0.7868424364539447,1.3326493353580375,-0.07141983270615299,-0.1182313770880054
noise_scale,low_to_high,3,631,mid,12,0.9993783026838265,0.9923240743600652,0.9475744492391928,1.20696661243735,-0.0070542283237611065,-0.051803853444633785
noise_scale,low_to_high,3,632,all_post,40,0.5403458883908583,0.5448189442416118,0.5457459298037544,0.8648508691113623,0.004473055850753522,0.005400041412896094
noise_scale,low_to_high,3,632,early,12,0.4265062650784243,0.4127348060180414,0.41356964913806804,0.6715211918212535,-0.013771459060382912,-0.012936615940356347
noise_scale,low_to_high,3,632,late,16,0.7971067956027325,0.8211054493434353,0.8208496704983229,1.2958483302561863,0.02399865374070286,0.02374287489559048
noise_scale,low_to_high,3,632,mid,12,0.3118376354207933,0.30852107566275083,0.3111172228766827,0.48351726487503877,-0.0033165597580424844,-0.0007204125441106478
noise_scale,low_to_high,3,633,all_post,40,0.7247297255349625,0.7141954064327825,0.7231081307043075,1.1527001119669562,-0.010534319102180122,-0.0016215948306550453
noise_scale,low_to_high,3,633,early,12,0.6807708982964913,0.6811422247329428,0.6873439085811772,1.308033671789673,0.00037132643645164734,0.006573010284686061
noise_scale,low_to_high,3,633,late,16,0.7406641616025254,0.715108076358117,0.7325535502361944,1.0622455951145617,-0.0255560852444083,-0.008110611366330943
noise_scale,low_to_high,3,633,mid,12,0.7474426380166834,0.7460316948988425,0.7462784601182552,1.1179725746140987,-0.0014109431178410032,-0.0011641778984282831
noise_scale,low_to_high,3,634,all_post,40,0.885744077285507,1.0162643227750465,0.9843753602975053,1.0414492333819854,0.1305202454895397,0.09863128301199824
noise_scale,low_to_high,3,634,early,12,0.8836997855110215,1.0674826236162847,1.031811536830014,1.1585511465130847,0.18378283810526327,0.14811175131899265
noise_scale,low_to_high,3,634,late,16,1.0116323842787716,1.170190078691646,1.1246233349384918,1.0596332097947174,0.15855769441287437,0.11299095065972017
noise_scale,low_to_high,3,634,mid,12,0.7199372930689726,0.7598116807116758,0.7499418842436806,0.9001020183672437,0.03987438764270316,0.030004591174707957
noise_scale,low_to_high,3,635,all_post,40,0.6936032267258916,0.7413123312610896,0.6788107003476082,0.8486335712290582,0.04770910453519799,-0.014792526378283419
noise_scale,low_to_high,3,635,early,12,0.4262342053398578,0.5189402501054214,0.48868217284900806,0.6918592510003693,0.0927060447655637,0.062447967509150194
noise_scale,low_to_high,3,635,late,16,0.9198085639215419,0.8092343191003559,0.7393622534617703,1.2761205563067297,-0.11057424482118583,-0.1804463104597715
noise_scale,low_to_high,3,635,mid,12,0.6593651318510586,0.8731217619644028,0.7882038236939923,0.4354252446875187,0.2137566301133441,0.1288386918429337
noise_scale,low_to_high,3,636,all_post,40,0.5848228035219605,0.6332940763792763,0.6270405114908518,0.8890547967490623,0.04847127285731584,0.042217707968891384
noise_scale,low_to_high,3,636,early,12,0.7638113468816581,0.7350234739414878,0.733520556201575,1.2485714928548286,-0.028787872940170444,-0.030290790680083213
noise_scale,low_to_high,3,636,late,16,0.518105364455864,0.59902381533393,0.5962419118382498,0.6878454127317746,0.08091845087806607,0.07813654738238585
noise_scale,low_to_high,3,636,mid,12,0.49479084558372466,0.5772583602108599,0.5616252663169313,0.7978172793330128,0.08246751462713513,0.0668344207332067
noise_scale,low_to_high,3,637,all_post,40,0.6533166879348753,0.7084424784737882,0.7047674699839879,1.1547608256745683,0.055125790538913,0.051450782049112555
noise_scale,low_to_high,3,637,early,12,0.7886740894061427,0.8539018252620504,0.8483589068912356,1.3913526725217837,0.06522773585590784,0.05968481748509294
noise_scale,low_to_high,3,637,late,16,0.6760773375586226,0.7170496361734039,0.7140178704214827,1.3402682181321361,0.040972298614781355,0.037940532862860026
noise_scale,low_to_high,3,637,mid,12,0.4876117536319447,0.5515069214193717,0.5488421658267469,0.6708257888839286,0.063895167787427,0.06123041219480224
noise_scale,low_to_high,3,638,all_post,40,0.5605053926002384,0.6458965836936593,0.676153750441293,0.9255042766932544,0.08539119109342094,0.11564835784105468
noise_scale,low_to_high,3,638,early,12,0.7443478635120151,0.7977374554849898,0.851174209594801,1.2988690690180695,0.05338959197297446,0.1068263460827859
noise_scale,low_to_high,3,638,late,16,0.5554610753190256,0.6684687859746773,0.6858714517827253,1.0305515189091916,0.11300771065565175,0.1304103764637
noise_scale,low_to_high,3,638,mid,12,0.3833886780634121,0.4639594421943051,0.4881763561658751,0.41207649474718905,0.08057076413089304,0.10478767810246303
noise_scale,low_to_high,3,639,all_post,40,0.6566232673184927,0.6218234382342063,0.62686055028385,1.033555353812435,-0.03479982908428656,-0.02976271703464285
noise_scale,low_to_high,3,639,early,12,0.4442317196621725,0.4168436233933804,0.4318597357239902,0.8106676335749321,-0.027388096268791923,-0.012371983938182158
noise_scale,low_to_high,3,639,late,16,0.6443353390174476,0.6467949502848231,0.6348784117166686,1.0857464833163342,0.002459611267375468,-0.009456927300779013
noise_scale,low_to_high,3,639,mid,12,0.8853987193762066,0.7935079036742095,0.8111708829332849,1.1868549013780723,-0.09189081570199724,-0.07422783644292198
noise_scale,low_to_high,6,630,all_post,39,0.9330121394337388,0.9107945804107911,0.8917902016983481,1.798045842525603,-0.022217559022947725,-0.04122193773539074
noise_scale,low_to_high,6,630,early,12,1.0552509174165856,1.0468331819348962,1.001984349912155,2.793231634405698,-0.008417735481689448,-0.053266567504430685
noise_scale,low_to_high,6,630,late,15,0.8999358896856707,0.7928984797568587,0.8047823700985985,1.1361817811471124,-0.10703740992881222,-0.09515351958707227
noise_scale,low_to_high,6,630,mid,12,0.8521186736359772,0.922126104704102,0.8903558429842285,1.6301901273686212,0.07000743106812461,0.038237169348251096
noise_scale,low_to_high,6,631,all_post,39,0.9627621268405372,0.8303985548557702,0.8189135984864462,1.1808818061667719,-0.13236357198476711,-0.14384852835409098
noise_scale,low_to_high,6,631,early,12,0.6103986094027961,0.5722290086622622,0.5675148034927611,0.7382672296801159,-0.03816960074053388,-0.04288380591003508
noise_scale,low_to_high,6,631,late,15,1.2088121524326552,0.8916868311780697,0.8920406817505234,1.5299649068585335,-0.3171253212545852,-0.3167714706821316
noise_scale,low_to_high,6,631,mid,12,1.0075631122881308,1.0119577556464032,0.9789035394000347,1.1871425067887256,0.004394643358272295,-0.02865957288809608
noise_scale,low_to_high,6,632,all_post,39,0.6173022876251546,0.5965837797081883,0.6019666514026542,0.8263033834065502,-0.02071850791696626,-0.015335636222500405
noise_scale,low_to_high,6,632,early,12,0.460047632382351,0.4468523487892215,0.45773582646848804,0.6299015572329779,-0.013195283593129619,-0.0023118059138629667
noise_scale,low_to_high,6,632,late,15,0.9312197316189653,0.8772245565460134,0.8746663088711365,1.2300082341378484,-0.05399517507295178,-0.05655342274782869
noise_scale,low_to_high,6,632,mid,12,0.3821601378756945,0.3955142395798736,0.40532290450121716,0.518074146166,0.013354101704179,0.023162766625522507
noise_scale,low_to_high,6,633,all_post,39,0.7241763692736024,0.7723002834669535,0.7780171018002527,1.2602819564102123,0.04812391419335111,0.0538407325266504
noise_scale,low_to_high,6,633,early,12,0.7122628231350595,0.7260832284796068,0.7296478238583934,1.3961485149869766,0.01382040534454737,0.01738500072333393
noise_scale,low_to_high,6,633,late,15,0.7220015442566311,0.8008855163541772,0.8088109024524658,1.0964982562663994,0.07888397209754622,0.08680935819583485
noise_scale,low_to_high,6,633,mid,12,0.7388084466833594,0.7827857973452703,0.7878941289268457,1.3291450230132138,0.043977350661910976,0.04908568224348633
noise_scale,low_to_high,6,634,all_post,39,0.8562987811384664,1.2134304614655242,1.0711549592298342,1.16395320682288,0.3571316803270576,0.2148561780913679
noise_scale,low_to_high,6,634,early,12,0.866036069988978,1.182348035706839,1.0549466029512564,1.1964154704736834,0.31631196571786097,0.18891053296227844
noise_scale,low_to_high,6,634,late,15,0.946206938355642,1.3443981893846446,1.17921063449166,1.2783507117995636,0.39819125102900277,0.23300369613601793
noise_scale,low_to_high,6,634,mid,12,0.7341762957664847,1.0808032273253076,0.9522937214311294,0.9884940619512221,0.346626931558823,0.21811742566464484
noise_scale,low_to_high,6,635,all_post,39,0.7412268050038759,0.8026647676394826,0.757209327403202,1.1815356946833389,0.06143796263560673,0.01598252239932629
noise_scale,low_to_high,6,635,early,12,0.4330278910230514,0.5745798338741465,0.5569838294785545,0.7634114469519341,0.1415519428510951,0.12395593845550316
noise_scale,low_to_high,6,635,late,15,0.9947968565260019,0.8981440853416058,0.8455104054928124,1.837445447106474,-0.0966527711843959,-0.14928645103318924
noise_scale,low_to_high,6,635,mid,12,0.7324631545820424,0.9114005542771643,0.8470584777158362,0.7797727518858247,0.1789373996951218,0.11459532313379389
noise_scale,low_to_high,6,636,all_post,39,0.5846821389395015,0.7099242615214519,0.7074614867390463,0.8634960770584837,0.12524212258195064,0.12277934779954496
noise_scale,low_to_high,6,636,early,12,0.7714870836673559,0.7463231545349133,0.7463551052500733,0.998971429830357,-0.025163929132442628,-0.02513197841728254
noise_scale,low_to_high,6,636,late,15,0.5067167968211103,0.7778588623028617,0.77460441401947,0.8426680343028109,0.2711420654817513,0.26788761719835963
noise_scale,low_to_high,6,636,mid,12,0.4953338718596357,0.5886071175312287,0.5846392091274898,0.7540557777312021,0.0932732456715931,0.08930533726785411
noise_scale,low_to_high,6,637,all_post,39,0.6652216298865145,0.7329240867369077,0.7308972520556243,1.5194044293699713,0.06770245685039321,0.06567562216910967
noise_scale,low_to_high,6,637,early,12,0.7707713039314524,0.857432571270191,0.8565346722689231,1.5858916881753284,0.08666126733873841,0.08576336833747063
noise_scale,low_to_high,6,637,late,15,0.697957288910906,0.7403863855738139,0.7364818603622965,1.8224004772518236,0.04242909666290782,0.03852457145139042
noise_scale,low_to_high,6,637,mid,12,0.5187523820610873,0.5990877286574922,0.5982790714589852,1.0741721107122997,0.08033534659640475,0.07952668939789778
noise_scale,low_to_high,6,638,all_post,39,0.5738395806759694,0.746377125546192,0.7703206941826148,1.0845741764971308,0.17253754487022244,0.1964811135066454
noise_scale,low_to_high,6,638,early,12,0.7443924653107122,0.8523837470897768,0.8869052085117938,1.449947606176762,0.10799128177906453,0.14251274320108154
noise_scale,low_to_high,6,638,late,15,0.5716962097434268,0.7845668667048787,0.7988205896956359,1.1896770363037135,0.21287065696145197,0.22712437995220913
noise_scale,low_to_high,6,638,mid,12,0.40596590970690505,0.5926333275542485,0.6181113104621596,0.5878221720592715,0.18666741784734345,0.21214540075525468
noise_scale,low_to_high,6,639,all_post,39,0.6621305045151875,0.6447095964735217,0.6404762075644879,1.0923199734648494,-0.01742090804166576,-0.021654296950699536
noise_scale,low_to_high,6,639,early,12,0.520684121100038,0.5102070129989392,0.5128148980015161,1.03634350153298,-0.01047710810109878,-0.007869223098521986
noise_scale,low_to_high,6,639,late,15,0.6805984677864874,0.6876753646249323,0.6695547553599367,1.1726029858249627,0.007076896838444837,-0.011043712426550669
noise_scale,low_to_high,6,639,mid,12,0.7804919338412118,0.7255049697588408,0.7317893323831487,1.0479426799465774,-0.05498696408237099,-0.048702601458063176
noise_scale,low_to_high,12,630,all_post,37,1.096789399784041,1.023499017998052,0.9935296412045321,2.4922442372917506,-0.07329038178598889,-0.10325975857950859
noise_scale,low_to_high,12,630,early,12,1.1451794242911617,1.1078927199952786,1.0325948668392655,3.6698247596407163,-0.03728670429588315,-0.11258455745189638
noise_scale,low_to_high,12,630,late,13,1.1624843232759299,0.8792754956622384,0.9240110258606895,1.545885840930261,-0.2832088276136917,-0.23847329741524062
noise_scale,low_to_high,12,630,mid,12,0.9772298748273734,1.0953474651979567,1.0297762488589621,2.339885311001068,0.11811759037058346,0.052546374031588856
noise_scale,low_to_high,12,631,all_post,37,1.573279846318966,1.1837486690194152,1.163604649469604,1.7725908863028408,-0.38953117729955056,-0.4096751968493621
noise_scale,low_to_high,12,631,early,12,0.7555895233550939,0.7397712765363343,0.7275893301570201,1.1540260719499786,-0.015818246818759523,-0.02800019319807363
noise_scale,low_to_high,12,631,late,13,2.3006104378398797,1.3713679848095883,1.3685525089876458,2.6293507354791257,-0.9292424530302915,-0.932057928852234
noise_scale,low_to_high,12,631,mid,12,1.6030286951351806,1.4244718027298084,1.3775931209709744,1.4629991973813938,-0.17855689240537212,-0.22543557416420593
noise_scale,low_to_high,12,632,all_post,37,0.7247785379595673,0.7584271050628878,0.7375608554732987,0.954292044771127,0.0336485671033204,0.01278231751373123
noise_scale,low_to_high,12,632,early,12,0.5938066551447237,0.5900355486089687,0.6069819805259474,0.8316232814825102,-0.003771106535755108,0.013175325381223749
noise_scale,low_to_high,12,632,late,13,0.9865023646183543,1.0587728928255369,0.9971666261659583,1.3638095475269694,0.07227052820718263,0.010664261547603932
noise_scale,low_to_high,12,632,mid,12,0.5722162752273918,0.6014440581072702,0.5869001455036017,0.6333168467409143,0.029227782879878483,0.01468387027620995
noise_scale,low_to_high,12,633,all_post,37,0.812041944977759,1.085415053278699,1.065268234659795,1.294339907959154,0.2733731083009401,0.25322628968203614
noise_scale,low_to_high,12,633,early,12,0.8419746736582172,1.0632630902247477,1.0449833208756278,1.4447740188081957,0.22128841656653042,0.20300864721741071
noise_scale,low_to_high,12,633,late,13,0.7432080473803085,1.118846646843416,1.0897805067088027,1.1197883426272983,0.37563859946310735,0.3465724593284941
noise_scale,low_to_high,12,633,mid,12,0.8566792720278723,1.0713494566375408,1.058998187057538,1.333003326219623,0.21467018460966839,0.2023189150296655
noise_scale,low_to_high,12,634,all_post,37,0.9762767046585039,0.8420110244071252,0.8361402412674829,1.2111679975478915,-0.13426568025137878,-0.14013646339102112
noise_scale,low_to_high,12,634,early,12,0.8298828252432767,0.8210833100479161,0.8177147491537001,1.0121063291128518,-0.00879951519536063,-0.012168076089576462
noise_scale,low_to_high,12,634,late,13,1.3082768752766165,0.7808956050510183,0.7733859305511145,1.3442742733279556,-0.527381270225598,-0.5348909447255021
noise_scale,low_to_high,12,634,mid,12,0.7630037325707762,0.9291471097354501,0.922549569990665,1.2660312005545282,0.1661433771646739,0.15954583741988873
noise_scale,low_to_high,12,635,all_post,37,0.9325753009905108,0.8791622186873003,0.7865829742252511,1.7415886581685123,-0.05341308230321038,-0.1459923267652596
noise_scale,low_to_high,12,635,early,12,0.4512996163944438,0.4443886595432403,0.45744741698207,1.0273929161283601,-0.006910956851203615,0.0061478005876261345
noise_scale,low_to_high,12,635,late,13,1.3203723632026885,1.2773201727427816,1.033841806717765,2.826469499171786,-0.043052190459906894,-0.28653055648492337
noise_scale,low_to_high,12,635,mid,12,0.9937375015233849,0.8825979942712557,0.8478547962682086,1.2804968224551188,-0.11113950725212923,-0.14588270525517633
noise_scale,low_to_high,12,636,all_post,37,0.5961398430780388,0.903158973125376,0.8954332046127023,1.0602696639784681,0.30701913004733683,0.2992933615346633
noise_scale,low_to_high,12,636,early,12,0.8266944539422707,0.8374602182359676,0.8357238082633606,1.1457296489158775,0.010765764293696833,0.009029354321089802
noise_scale,low_to_high,12,636,late,13,0.5140308609832055,1.1206930348822275,1.1081402305290178,1.208004301311818,0.6066621738990219,0.5941093695458125
noise_scale,low_to_high,12,636,mid,12,0.45453662948320983,0.7331958277781947,0.7247099895527015,0.8147638219299299,0.2786591982949849,0.2701733600694918
noise_scale,low_to_high,12,637,all_post,37,0.7712460154524636,0.7505478253496257,0.7614571259409134,2.68203267540308,-0.02069819010283807,-0.009788889511550252
noise_scale,low_to_high,12,637,early,12,0.7939099824178006,0.7753901786409498,0.7917509642588411,2.5900776413781417,-0.018519803776850984,-0.0021590181589598995
noise_scale,low_to_high,12,637,late,13,0.8687533372963678,0.8465838948946012,0.8585885677678409,3.306731689314958,-0.022169442401766437,-0.010164769528526758
noise_scale,low_to_high,12,637,mid,12,0.6429491164895641,0.6216663967179115,0.6259375589771482,2.097230444356819,-0.021282719771652744,-0.017011557512416037
noise_scale,low_to_high,12,638,all_post,37,0.6191009348188455,0.8480971644259132,0.8741675361733925,0.9795481848456857,0.22899622960706775,0.2550666013545471
noise_scale,low_to_high,12,638,early,12,0.8611662414863684,0.9385760505398304,0.9841383490323344,1.2321308666616841,0.07740980905346166,0.12297210754596603
noise_scale,low_to_high,12,638,late,13,0.5582250691745979,0.8685850435494958,0.8860682759572677,1.013576205122741,0.3103599743748978,0.3278432067826697
noise_scale,low_to_high,12,638,mid,12,0.4429844825992575,0.7354230759281156,0.751304255215253,0.6901018143962102,0.29243859332885797,0.30831977261599547
noise_scale,low_to_high,12,639,all_post,37,0.8330416374433701,0.7259171004423433,0.7258557806805226,1.971523484205346,-0.10712453700102684,-0.10718585676284755
noise_scale,low_to_high,12,639,early,12,0.6329537041478247,0.5767249540894119,0.5878987928737166,1.9960920460372806,-0.05622875005841282,-0.04505491127410812
noise_scale,low_to_high,12,639,late,13,0.8672438378604495,0.828041189119008,0.8182745120888387,2.0060467733303975,-0.03920264874144148,-0.048969325771610804
noise_scale,low_to_high,12,639,mid,12,0.9960771869537465,0.7644748173955547,0.7636924761283196,1.909554692487939,-0.2316023695581917,-0.2323847108254268
noise_scale,stable_high,1,630,all_post,40,1.082372205897125,1.0453274662825613,1.0032765545523097,1.869758900424765,-0.03704473961456346,-0.07909565134481511
noise_scale,stable_high,1,630,early,12,0.8104536515455761,0.7850154260795117,0.7553240487087808,2.2772102690398097,-0.025438225466064585,-0.05512960283679565
noise_scale,stable_high,1,630,late,16,1.3553722680679812,1.1917179680491148,1.161362329636033,1.413225396927393,-0.1636543000188661,-0.19400993843194814
noise_scale,stable_high,1,630,mid,12,0.990290677354198,1.1104521707968729,1.0404480269508742,2.0710188698062164,0.12016149344267452,0.05015734959667612
noise_scale,stable_high,1,631,all_post,40,1.0494341010897235,0.8473986649823516,0.8473986649823516,1.2993668640305827,-0.20203543610737165,-0.20203543610737165
noise_scale,stable_high,1,631,early,12,0.8453345287849995,0.798311488672315,0.798311488672315,0.9564446839926571,-0.047023040112684156,-0.047023040112684156
noise_scale,stable_high,1,631,late,16,0.8545320825833207,0.64200166863626,0.64200166863626,1.132895166042638,-0.21253041394706082,-0.21253041394706082
noise_scale,stable_high,1,631,mid,12,1.5134030314029845,1.1703485030871776,1.1703485030871776,1.8642513080524346,-0.3430545283158069,-0.3430545283158069
noise_scale,stable_high,1,632,all_post,40,0.6659108538717489,0.5380519481030628,0.5426245287545571,1.0110035904960974,-0.12785890576868586,-0.12328632511719165
noise_scale,stable_high,1,632,early,12,0.6399173210183129,0.6264117734074718,0.632109225676064,0.7468276150872822,-0.013505547610841209,-0.007808095342249036
noise_scale,stable_high,1,632,late,16,1.0192012070262069,0.6958142659876011,0.7015997930707774,1.6365916359633785,-0.3233869410386057,-0.31760141395542946
noise_scale,stable_high,1,632,mid,12,0.2208505825192404,0.23934236561926972,0.24117281274475652,0.44106217194853753,0.018491783100029316,0.020322230225516113
noise_scale,stable_high,1,633,all_post,40,0.8573507679040195,0.8018666534939112,0.7680410522309742,1.3569002900692007,-0.05548411441010852,-0.08930971567304534
noise_scale,stable_high,1,633,early,12,1.018894154162467,0.9666912799366559,1.0107858178027922,2.168425384857556,-0.052202874225810915,-0.008108336359674853
noise_scale,stable_high,1,633,late,16,0.9099316704616223,0.9112992093323649,0.8510214840785748,1.2857340245488904,0.0013675388707425282,-0.058910186383047396
noise_scale,stable_high,1,633,mid,12,0.6256995115687687,0.49113195259989445,0.4146557108623555,0.6402635493079257,-0.1345675589688742,-0.21104380070641313
noise_scale,stable_high,1,634,all_post,40,1.0443882805965325,1.006938126130681,1.048401179124554,1.2061373754574016,-0.037450154465851856,0.004012898528021169
noise_scale,stable_high,1,634,early,12,0.929730781823639,0.8829774071711284,0.9583397058390218,1.4377146958778775,-0.04675337465251058,0.028608924015382797
noise_scale,stable_high,1,634,late,16,1.3647505522147894,1.170365116283615,1.3115811604800651,1.4459520773052756,-0.19438543593117424,-0.053169391734724375
noise_scale,stable_high,1,634,mid,12,0.7318960838784173,0.9129961915529873,0.7875560106027373,0.6548071192397606,0.1811001076745701,0.05565992672432024
noise_scale,stable_high,1,635,all_post,40,0.85110662715671,0.7339461262733711,0.6839800387984643,0.893353816711105,-0.1171605008833391,-0.16712658835824584
noise_scale,stable_high,1,635,early,12,0.5101190702051313,0.4759267299801948,0.487641741340169,0.8429865723360289,-0.03419234022493638,-0.022477328864962173
noise_scale,stable_high,1,635,late,16,1.2173933906876995,0.8165824093856009,0.7022281862802897,1.3052847109168586,-0.40081098130209875,-0.5151652044074098
noise_scale,stable_high,1,635,mid,12,0.7037118327336364,0.8817838117502407,0.8559874729476588,0.39447986881184366,0.17807197901660443,0.1522756402140224
noise_scale,stable_high,1,636,all_post,40,0.6516215317617052,0.6369591194869065,0.6316349936938728,0.8916984607864334,-0.01466241227479865,-0.01998653806783245
noise_scale,stable_high,1,636,early,12,0.910876616309929,0.8739434493550601,0.8861191445637129,1.6105655797344696,-0.036933166954869104,-0.024757471746216314
noise_scale,stable_high,1,636,late,16,0.6387377068597546,0.6452180768326277,0.6378917261668159,0.5516322353471745,0.006480369972873035,-0.0008459806929387616
noise_scale,stable_high,1,636,mid,12,0.409544880416082,0.38896284649112484,0.36880853286010856,0.6262529757574087,-0.02058203392495712,-0.04073634755597349
noise_scale,stable_high,1,637,all_post,40,0.65015915794766,0.8915979669041694,1.0219557723886972,1.0996407718793535,0.24143880895650938,0.3717966144410373
noise_scale,stable_high,1,637,early,12,0.536182682324993,0.7223639783795509,0.7459775486806355,1.0389824376704178,0.1861812960545581,0.20979486635564257
noise_scale,stable_high,1,637,late,16,0.789525739356374,1.2286563172730514,1.4146778576818846,1.6114790937653618,0.4391305779166773,0.6251521183255104
noise_scale,stable_high,1,637,mid,12,0.5783135250253745,0.6114208216036113,0.7743045490391757,0.47784801024027806,0.03310729657823679,0.19599102401380109
noise_scale,stable_high,1,638,all_post,40,0.6103332397788911,0.5678399341164442,0.5612467172565367,0.863287825602093,-0.042493305662447,-0.04908652252235435
noise_scale,stable_high,1,638,early,12,1.0005331485984843,0.901008153211223,0.9422171635000095,1.2707172888407372,-0.09952499538726138,-0.05831598509847478
noise_scale,stable_high,1,638,late,16,0.5370041376114364,0.4681769144039155,0.4533464148039079,0.9330942698908143,-0.06882722320752081,-0.08365772280752842
noise_scale,stable_high,1,638,mid,12,0.31790546718257073,0.36755574130503654,0.3241433409499023,0.36278310331182034,0.049650274122465775,0.006237873767331534
noise_scale,stable_high,1,639,all_post,40,0.8384871190343486,0.8516107586425814,0.7514411820062918,1.1198246055960104,0.013123639608232707,-0.08704593702805674
noise_scale,stable_high,1,639,early,12,0.44144624506152047,0.4254445548389705,0.47051748302621643,0.7145140741523835,-0.01600169022255003,0.029071237964695924
noise_scale,stable_high,1,639,late,16,0.796226863832757,0.840582249789833,0.6754438006533741,0.864095441164835,0.044355385957076,-0.12078306317938287
noise_scale,stable_high,1,639,mid,12,1.2918749999426324,1.2924816409165234,1.1336947227902578,1.8661073562812038,0.0006066409738910485,-0.15818027715237457
noise_scale,stable_high,3,630,all_post,40,0.9400444964537622,0.8952324306077861,0.8921512020106623,1.8807793400996822,-0.04481206584597612,-0.04789329444309979
noise_scale,stable_high,3,630,early,12,0.9747214305104386,0.9940365155018083,0.9887707692365856,2.681709778720933,0.01931508499136976,0.014049338726146892
noise_scale,stable_high,3,630,late,16,0.9642480107878605,0.8427056610007458,0.8431713872815736,1.3145779314793422,-0.1215423497871147,-0.12107662350628688
noise_scale,stable_high,3,630,mid,12,0.8730962099516213,0.8664640385231509,0.8608380544235242,1.8347841129722173,-0.006632171428470566,-0.012258155528096984
noise_scale,stable_high,3,631,all_post,40,0.8358263719242707,0.7618088371269632,0.8431238550273086,1.1425942268281635,-0.07401753479730735,0.007297483103037866
noise_scale,stable_high,3,631,early,12,0.5198776395672204,0.5264509460768164,0.6295669206062577,0.8248150298458117,0.00657330650959589,0.10968928103903725
noise_scale,stable_high,3,631,late,16,0.9284955191714278,0.83763846166989,0.9727434183515101,1.3326493353580375,-0.0908570575015379,0.04424789918008214
noise_scale,stable_high,3,631,mid,12,1.0282162412851108,0.8960605621198744,0.8838547050160903,1.20696661243735,-0.13215567916523652,-0.1443615362690205
noise_scale,stable_high,3,632,all_post,40,0.5912706975470272,0.5795011050232924,0.5465614896067386,0.8997542656976272,-0.011769592523734764,-0.04470920794028847
noise_scale,stable_high,3,632,early,12,0.5123557363215419,0.4868079020205572,0.48946501126134656,0.7878658471088037,-0.025547834300984684,-0.022890725060195318
noise_scale,stable_high,3,632,late,16,0.8620004681952049,0.8338817640353979,0.7566691359674788,1.2958483302561863,-0.028118704159806815,-0.10533133222772613
noise_scale,stable_high,3,632,mid,12,0.3092126312416088,0.33302009600988675,0.32351443947114406,0.48351726487503877,0.023807464768277886,0.014301808229535239
noise_scale,stable_high,3,633,all_post,40,0.7379716676261672,0.7120508328743338,0.7120483344587324,1.1751971538912742,-0.025920834751833478,-0.02592333316743476
noise_scale,stable_high,3,633,early,12,0.6761511303514078,0.6761492941350715,0.6761409984822028,1.3830238115373994,-1.8362163363971433e-06,-1.0131869205045932e-05
noise_scale,stable_high,3,633,late,16,0.7407592350471912,0.7131563352408459,0.7131455339551358,1.0622455951145617,-0.027602899806345373,-0.027613701092055423
noise_scale,stable_high,3,633,mid,12,0.7960754483395612,0.7464783684582463,0.7464927377733909,1.1179725746140987,-0.049597079881314676,-0.04958271056617025
noise_scale,stable_high,3,634,all_post,40,0.8935782117308543,0.8474139527251922,0.8464786089159407,1.045941935899631,-0.04616425900566222,-0.04709960281491363
noise_scale,stable_high,3,634,early,12,0.9305612382596036,0.9523081353416444,0.9490282819128232,1.1735268215719026,0.02174689708204085,0.01846704365321956
noise_scale,stable_high,3,634,late,16,0.9872415622883295,0.9181127100954283,0.9163736437677649,1.0596332097947174,-0.06912885219290124,-0.07086791852056468
noise_scale,stable_high,3,634,mid,12,0.7317107177921379,0.648254760281758,0.6507355561166258,0.9001020183672437,-0.08345595751037994,-0.08097516167551208
noise_scale,stable_high,3,635,all_post,40,0.6790361271836095,0.8273499292565715,0.7231578400673371,0.857725279570214,0.14831380207296196,0.044121712883727474
noise_scale,stable_high,3,635,early,12,0.39137774274589093,0.3870314756289324,0.3952623932316004,0.7221649454708882,-0.004346267116958502,0.0038846504857094712
noise_scale,stable_high,3,635,late,16,0.9198085639215422,1.2971748065917224,1.0321644978980093,1.2761205563067297,0.3773662426701802,0.11235593397646697
noise_scale,stable_high,3,635,mid,12,0.6456645959707512,0.6412352131040092,0.6390444097955107,0.4354252446875187,-0.004429382866742007,-0.006620186175240521
noise_scale,stable_high,3,636,all_post,40,0.5672641640806303,0.5577134048987678,0.5543697437041566,0.8878047917405786,-0.009550759181862507,-0.012894420376473727
noise_scale,stable_high,3,636,early,12,0.7527785630230568,0.7337537702136423,0.7350555459920537,1.244404809493216,-0.019024792809414572,-0.0177230170310031
noise_scale,stable_high,3,636,late,16,0.5169051330625319,0.5411451080253192,0.5373018688187562,0.6878454127317746,0.024239974962787257,0.020396735756224225
noise_scale,stable_high,3,636,mid,12,0.4488951398290015,0.4037641020818247,0.3964411079301265,0.7978172793330128,-0.045131037747176785,-0.052454031898874966
noise_scale,stable_high,3,637,all_post,40,0.6541510807674868,1.2084325366660056,1.3387396810495737,1.1979866043172276,0.5542814558985188,0.6845886002820867
noise_scale,stable_high,3,637,early,12,0.7768312604594988,1.2053082243529334,1.2726606755050778,1.5354386013306482,0.42847696389343476,0.4958294150455793
noise_scale,stable_high,3,637,late,16,0.6850506742406974,1.4217031220261758,1.6047503742410627,1.3402682181321361,0.7366524477854783,0.9196997000003653
noise_scale,stable_high,3,637,mid,12,0.49027144311119414,0.9271960684988511,1.0501377623387504,0.6708257888839286,0.4369246253876571,0.5598663192275564
noise_scale,stable_high,3,638,all_post,40,0.5592682224182164,0.5753640472294466,0.5995280140413715,0.9412148775661004,0.01609582481123027,0.04025979162315514
noise_scale,stable_high,3,638,early,12,0.7483505704185965,0.6893648252537932,0.7244339616833592,1.3512377385942234,-0.05898574516480315,-0.023916608735237377
noise_scale,stable_high,3,638,late,16,0.5590426197605146,0.6197078405440803,0.6380799876892237,1.0305515189091916,0.06066522078356583,0.07903736792870913
noise_scale,stable_high,3,638,mid,12,0.3704866779614384,0.40223821145225463,0.42321943486891417,0.41207649474718905,0.03175153349081629,0.05273275690747567
noise_scale,stable_high,3,639,all_post,40,0.6693483167262799,0.7221297653023172,0.6692097422329428,1.0335748902447022,0.052781448576037414,-0.00013857449333699867
noise_scale,stable_high,3,639,early,12,0.4979638555415587,0.45101864315529355,0.4443399103582754,0.8107327550158234,-0.04694521238626531,-0.053623945183283346
noise_scale,stable_high,3,639,late,16,0.6444386213420189,0.8617677120861249,0.7344545898493076,1.0857464833163342,0.21732909074410608,0.09001596850728871
noise_scale,stable_high,3,639,mid,12,0.8739457050900157,0.8070569584042642,0.8070864439524573,1.1868549013780723,-0.06688874668575139,-0.06685926113755826
noise_scale,stable_high,6,630,all_post,39,0.9215591975049561,0.9006052376223074,0.9006093206807213,1.8224263459297658,-0.020953959882648757,-0.02094987682423492
noise_scale,stable_high,6,630,early,12,1.0327297290840338,1.0133334398245712,1.0139033639599007,2.872468270469227,-0.019396289259462494,-0.01882636512413342
noise_scale,stable_high,6,630,late,15,0.8945931243227874,0.842493118601182,0.8416394790203623,1.1361817811471124,-0.05210000572160527,-0.05295364530242498
noise_scale,stable_high,6,630,mid,12,0.8440962574035896,0.8605171841964503,0.8610275794769907,1.6301901273686212,0.01642092679286063,0.01693132207340117
noise_scale,stable_high,6,631,all_post,39,1.0000454217905788,0.8264173290958757,0.8454371222322411,1.1854965798941461,-0.17362809269470303,-0.15460829955833744
noise_scale,stable_high,6,631,early,12,0.549006079690223,0.5481254741403471,0.5433467306335487,0.7532652442940829,-0.0008806055498758932,-0.00565934905667433
noise_scale,stable_high,6,631,late,15,1.2300213539207558,0.9842400174966808,1.0319299823296832,1.5299649068585335,-0.24578133642407493,-0.19809137159107246
noise_scale,stable_high,6,631,mid,12,1.163614848728213,0.9074308235503978,0.9144114387091314,1.1871425067887256,-0.2561840251778153,-0.24920341001908175
noise_scale,stable_high,6,632,all_post,39,0.6592857785088139,0.6465394810832519,0.6465400365038183,0.8647299536108439,-0.01274629742556215,-0.012745742004995708
noise_scale,stable_high,6,632,early,12,0.6294266046391074,0.5693684005550851,0.5693698458197425,0.7547879103969323,-0.06005820408402216,-0.06005675881936475
noise_scale,stable_high,6,632,late,15,0.907947228185405,0.8875594642450543,0.8875589489549748,1.2300082341378484,-0.020387763940350603,-0.02038827923043012
noise_scale,stable_high,6,632,mid,12,0.378318140282782,0.4224355826591655,0.4224365866239484,0.518074146166,0.044117442376383424,0.04411844634116633
noise_scale,stable_high,6,633,all_post,39,0.7234444554398113,0.7527546064265028,0.7527545651382076,1.273754211565838,0.02931015098669162,0.02931010969839648
noise_scale,stable_high,6,633,early,12,0.7165953791020986,0.7165754187617214,0.7165753922232162,1.4399333442427602,-1.996034037729059e-05,-1.9986878882480297e-05
noise_scale,stable_high,6,633,late,15,0.7207124730995166,0.773036284284599,0.7730361004404944,1.0964982562663994,0.052323811185082295,0.05232362734097785
noise_scale,stable_high,6,633,mid,12,0.7337085097028919,0.7635816967686639,0.7635818189253406,1.3291450230132138,0.029873187065772192,0.029873309222448727
noise_scale,stable_high,6,634,all_post,39,0.8514875082303113,0.8677198949696078,0.8623589740448774,1.1671988535860887,0.016232386739296507,0.010871465814566253
noise_scale,stable_high,6,634,early,12,0.8422915540893842,0.9373413626269312,0.9263967240810049,1.2069638224541117,0.09504980853754685,0.0841051699916207
noise_scale,stable_high,6,634,late,15,0.9328900175801835,0.9276449446771288,0.9205358685186166,1.2783507117995636,-0.005245072903054915,-0.012354149061566962
noise_scale,stable_high,6,634,mid,12,0.7589303256838978,0.7231921151778833,0.7256001059165763,0.9884940619512221,-0.03573821050601456,-0.03333021976732167
noise_scale,stable_high,6,635,all_post,39,0.7276767022578067,1.0366273090055913,0.8327112227661254,1.2011677856655485,0.30895060674778435,0.10503452050831869
noise_scale,stable_high,6,635,early,12,0.40245300877738904,0.39215279998410363,0.40434940116918133,0.8272157426441161,-0.010300208793285318,0.0018963923917924043
noise_scale,stable_high,6,635,late,15,0.9909376482173752,1.8060489936977293,1.281767845970881,1.837445447106474,0.815111345480354,0.2908301977535063
noise_scale,stable_high,6,635,mid,12,0.723824213288764,0.7193247121619059,0.6997522653571245,0.7797727518858247,-0.004499501126858049,-0.024071947931639442
noise_scale,stable_high,6,636,all_post,39,0.5481973574668315,0.5620785733405473,0.566572828794582,0.8615242599548847,0.013881215873715784,0.018375471327750487
noise_scale,stable_high,6,636,early,12,0.7596611354282204,0.7459718763626069,0.7454026993505977,0.9925630242436596,-0.01368925906561363,-0.014258436077622685
noise_scale,stable_high,6,636,late,15,0.5081412360094462,0.5637304782553545,0.571437696487321,0.8426680343028109,0.05558924224590836,0.06329646047787495
noise_scale,stable_high,6,636,mid,12,0.3868037313271744,0.376120389174979,0.3816618736226424,0.7540557777312021,-0.010683342152195525,-0.005141857704531916
noise_scale,stable_high,6,637,all_post,39,0.6696534216927026,0.7195452353255778,2.302969665425595,1.561176014869669,0.04989181363287522,1.633316243732892
noise_scale,stable_high,6,637,early,12,0.7702536366736967,0.9866516613179224,1.8406991465946625,1.7216493410493456,0.2163980246442255,1.0704455099209655
noise_scale,stable_high,6,637,late,15,0.6976159537660866,0.6865504688342032,2.893224631510058,1.8224004772518236,-0.011065484931883252,2.1956086777439716
noise_scale,stable_high,6,637,mid,12,0.5341000416199787,0.49368226744745175,2.0274214766509493,1.0741721107122997,-0.04041777417252696,1.4933214350309703
noise_scale,stable_high,6,638,all_post,39,0.5527235126173574,0.6187046106611148,0.639742626168351,1.113256027799763,0.06598109804375761,0.08701911355099355
noise_scale,stable_high,6,638,early,12,0.6812583448950127,0.6929934222441388,0.718119251853254,1.5431636229103163,0.011735077349126226,0.03686090695824129
noise_scale,stable_high,6,638,late,15,0.5716475784856694,0.6906408758347684,0.7082357925058262,1.1896770363037135,0.11899329734909907,0.13658821402015678
noise_scale,stable_high,6,638,mid,12,0.4005335980043119,0.45449546761102405,0.4757495425616038,0.5878221720592715,0.053961869606712176,0.07521594455729182
noise_scale,stable_high,6,639,all_post,39,0.6785443624117365,0.7876781331506079,0.6995609833954135,1.0923386426522372,0.10913377073887134,0.02101662098367683
noise_scale,stable_high,6,639,early,12,0.5766923213637044,0.5635375054226966,0.5703522002809565,1.0364041763919902,-0.0131548159410078,-0.006340121082748007
noise_scale,stable_high,6,639,late,15,0.6754245599000203,1.0085453310700483,0.7790920076826799,1.1726029858249627,0.33312077117002814,0.10366744778265945
noise_scale,stable_high,6,639,mid,12,0.7842961565994139,0.7357347634792184,0.7293559861507872,1.0479426799465774,-0.048561393120195445,-0.05494017044862662
noise_scale,stable_high,12,630,all_post,37,1.0762891228615878,1.0128068175125515,1.0106214052737392,2.516981641124025,-0.06348230534903596,-0.06566771758784873
noise_scale,stable_high,12,630,early,12,1.0876450435166352,1.0967423291506062,1.0910631231860444,3.746098421456894,0.009097285633970692,0.003418079669408982
noise_scale,stable_high,12,630,late,13,1.1466003767826105,0.9617608100400354,0.9665476327322315,1.545885840930261,-0.1848395667425751,-0.18005274405037916
noise_scale,stable_high,12,630,mid,12,0.9887626771254322,0.9841711473030571,0.9779262742814003,2.339885311001068,-0.004591529822375188,-0.010836402844031812
noise_scale,stable_high,12,631,all_post,37,1.6164960478793702,1.1354465970309473,1.1496555267184554,1.7809240340714951,-0.48104945084842254,-0.4668405211609146
noise_scale,stable_high,12,631,early,12,0.6861332897817608,0.6595591396271894,0.6461761098719089,1.1797199442366633,-0.026574150154571267,-0.03995717990985188
noise_scale,stable_high,12,631,late,13,2.3083983345419923,1.5044055020793912,1.5479417622828886,2.6293507354791257,-0.8039928324626016,-0.7604565722591041
noise_scale,stable_high,12,631,mid,12,1.7972979954258055,1.2116285739655586,1.2216581883701998,1.4629991973813938,-0.5856694214602468,-0.5756398070556054
noise_scale,stable_high,12,632,all_post,37,0.8001642594652455,0.7895077821398787,0.7030508555864153,1.0105677526473238,-0.010656477325366889,-0.09711340387883034
noise_scale,stable_high,12,632,early,12,0.8859144929885038,0.767420374494304,0.7187376791941388,1.0051400474341177,-0.11849411849419972,-0.1671768137943648
noise_scale,stable_high,12,632,late,13,1.021717435366432,0.9975173177288386,0.8733378780009609,1.3638095475269694,-0.024200117637593607,-0.14837955736547143
noise_scale,stable_high,12,632,mid,12,0.47439808538236855,0.5862515262307467,0.5028864243629338,0.6333168467409143,0.11185344084837823,0.028488338980565384
noise_scale,stable_high,12,633,all_post,37,0.7606673919973919,0.8021538177493985,0.7724550782257321,1.3128149877472912,0.04148642575200662,0.011787686228340305
noise_scale,stable_high,12,633,early,12,0.7812076641641643,0.7849835420854697,0.7613509298858165,1.5017388481549514,0.0037758779213055336,-0.01985673427834772
noise_scale,stable_high,12,633,late,13,0.729991623154781,0.8113308599291066,0.7533451849333801,1.1197883426272983,0.08133923677432561,0.02335356177859908
noise_scale,stable_high,12,633,mid,12,0.773359202743448,0.8093822977186435,0.804261610965696,1.333003326219623,0.036023094975195465,0.030902408222247973
noise_scale,stable_high,12,634,all_post,37,0.9336956554516107,0.8387260785112607,0.8526298982472945,1.2144494851911178,-0.0949695769403501,-0.08106575720431627
noise_scale,stable_high,12,634,early,12,0.7904297877973833,0.8732493072230972,0.8888520036911172,1.0222242493461333,0.08281951942571403,0.09842221589373372
noise_scale,stable_high,12,634,late,13,1.2229436072292454,0.7914197847475608,0.8152712976873562,1.3442742733279556,-0.4315238224816846,-0.4076723095418891
noise_scale,stable_high,12,634,mid,12,0.7636095753467343,0.855451334710099,0.8568796100767385,1.2660312005545282,0.09184175936336474,0.09327003473000424
noise_scale,stable_high,12,635,all_post,37,0.9435174063047106,1.2983253208663639,1.0917605576567062,1.7651161455560256,0.354807914561653,0.14824315135199556
noise_scale,stable_high,12,635,early,12,0.41859109662072364,0.41463857689657396,0.41995096371120594,1.0999360022398597,-0.003952519724149742,0.0013598670904822797
noise_scale,stable_high,12,635,late,13,1.3953342109097464,2.4199538104227463,1.8607701993191912,2.826469499171786,1.0246195995129999,0.46543598840944467
noise_scale,stable_high,12,635,mid,12,0.9789755109999083,0.9669145344834053,0.9304763731345141,1.2804968224551188,-0.012060976516503216,-0.048499137865394344
noise_scale,stable_high,12,636,all_post,37,0.5736372478937513,0.5543584602507298,0.5777003860144898,1.0572161766590624,-0.01927878764302176,0.00406313812073849
noise_scale,stable_high,12,636,early,12,0.7874683049171424,0.7528653553247541,0.7552409696465826,1.1363147296810434,-0.034602949592388306,-0.03222733527055982
noise_scale,stable_high,12,636,late,13,0.5236610283447246,0.5420994831979751,0.5884425800804391,1.208004301311818,0.01843845485325042,0.06478155173571448
noise_scale,stable_high,12,636,mid,12,0.4139470953818059,0.3691321236505225,0.3885224254776187,0.8147638219299299,-0.044814971731283425,-0.02542466990418719
noise_scale,stable_high,12,637,all_post,37,0.9299974656001136,1.597644799510549,8.44214372939875,2.754674550972014,0.6676473339104353,7.512146263798639
noise_scale,stable_high,12,637,early,12,1.3385096986913612,3.0072106068201756,5.697386108361088,2.814056757715687,1.668700908128815,4.358876409669726
noise_scale,stable_high,12,637,late,13,0.8751019876273917,0.9656931171981497,11.384795678159122,3.306731689314958,0.09059112957075824,10.509693690531728
noise_scale,stable_high,12,637,mid,12,0.5809553336459815,0.8726933147060209,7.999028405946016,2.097230444356819,0.29173798106003956,7.418073072300036
noise_scale,stable_high,12,638,all_post,37,0.5517617652150651,0.5732239731473479,0.6454018463230894,0.9951809661394585,0.021462207932282637,0.09364008110802424
noise_scale,stable_high,12,638,early,12,0.6421742625037551,0.637082045891128,0.6821934497032393,1.2803319423174837,-0.005092216612626904,0.040019187199484205
noise_scale,stable_high,12,638,late,13,0.5593148586812897,0.616231779910319,0.737441634527455,1.013576205122741,0.056916921229029145,0.17812677584616535
noise_scale,stable_high,12,638,mid,12,0.45316675000463214,0.4627741097436822,0.5089004723882101,0.6901018143962102,0.009607359739050136,0.05573372238357808
noise_scale,stable_high,12,639,all_post,37,0.7896552845729091,0.965275940753318,0.7824230563895886,1.9716760792899481,0.1756206561804089,-0.007232228183320354
noise_scale,stable_high,12,639,early,12,0.6646683276735512,0.6509649745677882,0.6387562963985615,1.9965625475481374,-0.013703353105763224,-0.025912031274989877
noise_scale,stable_high,12,639,late,13,0.9064251367101985,1.4392195137971164,0.919626738800053,2.0060467733303975,0.5327943770869185,0.013201602089854606
noise_scale,stable_high,12,639,mid,12,0.7881415683235368,0.7661480361413991,0.7774524937692799,1.909554692487939,-0.021993532182137676,-0.010689074554257041
noise_scale,stable_low,1,630,all_post,40,0.12677034424744243,0.12534505059367096,0.12098357874668544,0.21333591317640904,-0.0014252936537715074,-0.005786765500757014
noise_scale,stable_low,1,630,early,12,0.09668391170354457,0.09579522035422183,0.09048623962279245,0.2702232295405201,-0.0008886913493227287,-0.006197672080752124
noise_scale,stable_low,1,630,late,16,0.1594518458804205,0.1409061925064588,0.1419706164051897,0.16483465553934726,-0.018545653373961697,-0.01748122947523078
noise_scale,stable_low,1,630,mid,12,0.11328144128070299,0.1341466916160696,0.12349820099257276,0.22111694032838028,0.020865250335366636,0.010216759711869779
noise_scale,stable_low,1,631,all_post,40,0.15649206702712878,0.12863986248186554,0.12876384225967308,0.16601496344273142,-0.027852204545263264,-0.027728224767455727
noise_scale,stable_low,1,631,early,12,0.12027582807567035,0.11736522513947194,0.1175410470936245,0.11403534540491649,-0.0029106029361984087,-0.0027347809820458366
noise_scale,stable_low,1,631,late,16,0.12023478446043834,0.10617542658332557,0.10629722785313594,0.16555492344085707,-0.014059357877112773,-0.013937556607302398
noise_scale,stable_low,1,631,mid,12,0.24105134940084116,0.1698670810223124,0.16994212330110448,0.21860796814971217,-0.07118426837852877,-0.07110922609973673
noise_scale,stable_low,1,632,all_post,40,0.0752607147336096,0.06508999943130211,0.06685775784522544,0.11446065341433095,-0.010170715302307485,-0.008402956888384154
noise_scale,stable_low,1,632,early,12,0.06979557963786924,0.07496711702043415,0.07722250427742132,0.08684637963919266,0.00517153738256492,0.007426924639552087
noise_scale,stable_low,1,632,late,16,0.10158442279051474,0.0796387457621139,0.07839215542971219,0.18096736235067132,-0.021945677028400848,-0.023192267360802567
noise_scale,stable_low,1,632,mid,12,0.04562757242014309,0.03581455340108767,0.0411138146337139,0.05339931527434875,-0.009813019019055408,-0.004513757786429176
noise_scale,stable_low,1,633,all_post,40,0.10758138751345019,0.10620403182017686,0.10575455409622955,0.15121096289894898,-0.0013773556932733231,-0.0018268334172206065
noise_scale,stable_low,1,633,early,12,0.1508217843863941,0.15692822208465734,0.15606053262408084,0.24458864279272963,0.006106437698263235,0.005238748237686732
noise_scale,stable_low,1,633,late,16,0.11218937232026578,0.10417617486529705,0.10422649182891816,0.14174899562177262,-0.00801319745496873,-0.007962880491347607
noise_scale,stable_low,1,633,mid,12,0.058197010898085454,0.058183650828869456,0.05748599192479351,0.07044923937473678,-1.3360069216007513e-05,-0.0007110189732919461
noise_scale,stable_low,1,634,all_post,40,0.12473864539966129,0.12516389956983454,0.12441170361661583,0.13042603062492722,0.0004252541701732296,-0.00032694178304548265
noise_scale,stable_low,1,634,early,12,0.10894609883576593,0.11420030942966973,0.11316951419982084,0.15654049985203877,0.005254210593903811,0.0042234153640549115
noise_scale,stable_low,1,634,late,16,0.1618750188498827,0.16197272752827996,0.16022552792778724,0.1536302634362811,9.770867839724653e-05,-0.0016494909220954486
noise_scale,stable_low,1,634,mid,12,0.09101602736326143,0.08704905243207207,0.0879021272851822,0.07337258431601049,-0.003966974931189366,-0.0031139000780792563
noise_scale,stable_low,1,635,all_post,40,0.10068701201623978,0.08438610941132765,0.07891848982502422,0.11619217358126192,-0.01630090260491215,-0.021768522191215566
noise_scale,stable_low,1,635,early,12,0.04700661160323133,0.04961853701853595,0.043846354038690895,0.09892575918868368,0.0026119254153046216,-0.00316025756454043
noise_scale,stable_low,1,635,late,16,0.1491985455125724,0.10350512319269112,0.09542058149584855,0.18041414559908933,-0.045693422319881244,-0.053777964016723814
noise_scale,stable_low,1,635,mid,12,0.08968536776747144,0.09366166342896802,0.09198783671692508,0.04782929195007033,0.003976295661496544,0.002302468949453619
noise_scale,stable_low,1,636,all_post,40,0.09147044579027726,0.07897871248632109,0.07867413723953784,0.09728164331667671,-0.012491733303956174,-0.012796308550739408
noise_scale,stable_low,1,636,early,12,0.11075579218540214,0.10969370492065761,0.10991218257720341,0.17059533345511202,-0.0010620872647445258,-0.0008436096081987239
noise_scale,stable_low,1,636,late,16,0.09991292416574567,0.08649166013980261,0.08551348719443501,0.06512448938074765,-0.013421264025943062,-0.014399436971310669
noise_scale,stable_low,1,636,mid,12,0.060928461561194504,0.03824645651400919,0.03831695862867608,0.06684415842614684,-0.022682005047185306,-0.022611502932518415
noise_scale,stable_low,1,637,all_post,40,0.0750197091496411,0.08187555216726826,0.07395594903344482,0.1641378625905404,0.006855843017627169,-0.001063760116196288
noise_scale,stable_low,1,637,early,12,0.06326095406630092,0.06179554071306483,0.06531852536033281,0.15096174499516077,-0.0014654133532360928,0.0020575712940318824
noise_scale,stable_low,1,637,late,16,0.09209867861180629,0.10334280973311305,0.08736478212828051,0.2370053197392228,0.011244131121306771,-0.004733896483525766
noise_scale,stable_low,1,637,mid,12,0.06400650495009436,0.07333255353367865,0.0647149285801092,0.08015737065434347,0.009326048583584292,0.0007084236300148443
noise_scale,stable_low,1,638,all_post,40,0.08903679792720756,0.07818609066032692,0.06894961616625753,0.09627846868956813,-0.010850707266880652,-0.02008718176095005
noise_scale,stable_low,1,638,early,12,0.1523712381639232,0.13493075278470587,0.11700093200971091,0.142473035034012,-0.017440485379217278,-0.03537030615421226
noise_scale,stable_low,1,638,late,16,0.07164214787835584,0.06046735015430839,0.057460693183111866,0.10327316225188239,-0.011174797724047435,-0.014181454695243963
noise_scale,stable_low,1,638,mid,12,0.04889522442229426,0.04506641587730597,0.03621686430033164,0.04075764426203851,-0.0038288085449883196,-0.012678360121962625
noise_scale,stable_low,1,639,all_post,40,0.09788275018332952,0.12179101120136067,0.09968405056172268,0.1264268309855417,0.02390826101803114,0.001801300378393151
noise_scale,stable_low,1,639,early,12,0.06308648722981082,0.05948778745041241,0.06063116094040049,0.09825426357133864,-0.003598699779398423,-0.002455326289410331
noise_scale,stable_low,1,639,late,16,0.08798272475255914,0.15154454744464863,0.11073194315308323,0.10538719777907585,0.06356182269208947,0.022749218400524074
noise_scale,stable_low,1,639,mid,12,0.14587904704454208,0.1444228532945917,0.12400641672789749,0.18265224267503258,-0.0014561937499504042,-0.021872630316644607
noise_scale,stable_low,3,630,all_post,40,0.12632568466769906,0.11254217933925384,0.11698625656179278,0.280399065017392,-0.01378350532844524,-0.009339428105906282
noise_scale,stable_low,3,630,early,12,0.11981869188562998,0.1157237277370265,0.10919639339441133,0.3976791723064836,-0.004094964148603471,-0.010622298491218657
noise_scale,stable_low,3,630,late,16,0.12777611483380483,0.10560539475623737,0.11339277167807377,0.19350812895589176,-0.022170720077567457,-0.01438334315573107
noise_scale,stable_low,3,630,mid,12,0.13089877056162716,0.11860967705216975,0.12956743290746628,0.27897353914363404,-0.012289093509457378,-0.0013313376541608662
noise_scale,stable_low,3,631,all_post,40,0.11105222781676334,0.1173519877378435,0.11336827541748025,0.1869880106973805,0.006299759921080178,0.0023160476007169284
noise_scale,stable_low,3,631,early,12,0.06545664003983577,0.07945749772270365,0.06405138568162475,0.12665250669876402,0.014000857682867901,-0.0014052543582110145
noise_scale,stable_low,3,631,late,16,0.12258880307991801,0.1385119799983603,0.13066688776796664,0.2548745587849538,0.0159231769184423,0.008078084688048649
noise_scale,stable_low,3,631,mid,12,0.14126571524281797,0.1270331547389609,0.13962034868602055,0.15680811724589933,-0.014232560503857038,-0.0016453665567974223
noise_scale,stable_low,3,632,all_post,40,0.08208063067952656,0.0896915640456595,0.09157852425674311,0.11119451390706483,0.007610933366132963,0.009497893577216567
noise_scale,stable_low,3,632,early,12,0.05750934266998744,0.06163209089901057,0.06256149111137904,0.11134027388415747,0.004122748229023142,0.0050521484413916205
noise_scale,stable_low,3,632,late,16,0.1258685038536193,0.1222573114709886,0.12402359854480502,0.14689191198671198,-0.0036111923826307084,-0.0018449053088142862
noise_scale,stable_low,3,632,mid,12,0.04826808779027534,0.07433004062520303,0.07733545835135798,0.06345222315710936,0.02606195283492768,0.029067370561082637
noise_scale,stable_low,3,633,all_post,40,0.0994716704840988,0.09765028224458042,0.09496572789270342,0.1345927754841109,-0.001821388239518374,-0.004505942591395385
noise_scale,stable_low,3,633,early,12,0.11414128447644013,0.11385445330936628,0.1071759620957275,0.16042904399684008,-0.0002868311670738511,-0.006965322380712639
noise_scale,stable_low,3,633,late,16,0.09413137800086335,0.08254375101725646,0.08397759933009763,0.12049442017984324,-0.011587626983606897,-0.01015377867076573
noise_scale,stable_low,3,633,mid,12,0.09192244646940469,0.10158815281622652,0.09740633177315368,0.1275543140437385,0.009665706346821802,0.005483885303748996
noise_scale,stable_low,3,634,all_post,40,0.11800328989898685,0.11616564727196263,0.11319226820941666,0.11792820911050432,-0.0018376426270242205,-0.004811021689570187
noise_scale,stable_low,3,634,early,12,0.1209107630203658,0.12912047427749623,0.12489565845563937,0.1290052941674343,0.008209711257130426,0.0039848954352735486
noise_scale,stable_low,3,634,late,16,0.1416342045222343,0.13013368848958734,0.12557461475959075,0.1257707469122015,-0.01150051603264694,-0.016059589762643534
noise_scale,stable_low,3,634,mid,12,0.08358793061327797,0.08458676530959608,0.08497908256296187,0.09639440698464473,0.0009988346963180916,0.0013911519496838734
noise_scale,stable_low,3,635,all_post,40,0.07732080803678233,0.08143738990749928,0.07637484835937942,0.1680306448737542,0.0041165818707169545,-0.0009459596774029168
noise_scale,stable_low,3,635,early,12,0.05040762307749116,0.053376526192365416,0.04907038938474715,0.09265458070314841,0.002968903114874268,-0.001337233692744003
noise_scale,stable_low,3,635,late,16,0.09056214699491769,0.09290135454458134,0.0878638497128219,0.282438604121345,0.002339207549663676,-0.0026982972820957813
noise_scale,stable_low,3,635,mid,12,0.08657887438522638,0.09421296743985703,0.08836063886275503,0.09086276338090556,0.007634093054630679,0.0017817644775286572
noise_scale,stable_low,3,636,all_post,40,0.07904130077374315,0.07368707498053197,0.07327436714721258,0.11414079072202694,-0.00535422579321119,-0.005766933626530583
noise_scale,stable_low,3,636,early,12,0.0891660515881098,0.08668806203565989,0.08660001172535918,0.15090025996094844,-0.0024779895524498956,-0.002566039862750625
noise_scale,stable_low,3,636,late,16,0.0883596708364934,0.07494609696752197,0.07523438547394454,0.0983040334078848,-0.013413573868971431,-0.013125285362548873
noise_scale,stable_low,3,636,mid,12,0.05649205654237619,0.05900739194275068,0.05733536480009003,0.09849699790196165,0.0025153354003745057,0.0008433082577138452
noise_scale,stable_low,3,637,all_post,40,0.09494838641023859,0.08475372761911293,0.08455019083141202,0.26555142563925255,-0.010194658791125662,-0.010398195578826581
noise_scale,stable_low,3,637,early,12,0.10820987188644654,0.09940654695539762,0.09885660087836458,0.28628331702197024,-0.008803324931048915,-0.00935327100808196
noise_scale,stable_low,3,637,late,16,0.08730253978183614,0.08161301253057368,0.08131944562200824,0.31126310969609566,-0.005689527251262445,-0.005983094159827879
noise_scale,stable_low,3,637,mid,12,0.09188136310523393,0.07428852840088057,0.07455144106366446,0.18387062218074393,-0.017592834704353365,-0.017329922041569468
noise_scale,stable_low,3,638,all_post,40,0.07084152094843764,0.07537533558413517,0.07809450802931062,0.10447673051181336,0.004533814635697529,0.007252987080872976
noise_scale,stable_low,3,638,early,12,0.09016866969637172,0.09041930008572606,0.096012310100913,0.14785864871272555,0.0002506303893543291,0.005843640404541296
noise_scale,stable_low,3,638,late,16,0.07141522335339243,0.07837763543122701,0.07898648569707424,0.11424036223887558,0.0069624120778345976,0.007571262343681825
noise_scale,stable_low,3,638,mid,12,0.050749435660563856,0.05632830461975516,0.05898740240069004,0.04807663667481823,0.005578868959191304,0.008237966740126194
noise_scale,stable_low,3,639,all_post,40,0.08490598873939503,0.10205714974860607,0.08083265635045941,0.19672532322790445,0.017151161009211012,-0.004073332388935607
noise_scale,stable_low,3,639,early,12,0.06278892154129877,0.06764040677682535,0.05876896676464582,0.16499695865061922,0.004851485235526604,-0.004019954776652931
noise_scale,stable_low,3,639,late,16,0.08763584429185965,0.12562025309735603,0.08477263266240165,0.19536561320668838,0.03798440880549636,-0.002863211629458014
noise_scale,stable_low,3,639,mid,12,0.10338324853420516,0.10505642158872013,0.09764304418701676,0.23026663450014448,0.0016731730545149557,-0.005740204347188403
noise_scale,stable_low,6,630,all_post,39,0.13958076899719993,0.11982339705403877,0.12707452408010897,0.4309227721617356,-0.019757371943161104,-0.01250624491709093
noise_scale,stable_low,6,630,early,12,0.13171510827427607,0.11720074958624611,0.10984460882088647,0.6180745370077975,-0.01451435868802993,-0.02187049945338961
noise_scale,stable_low,6,630,late,15,0.12195955978818378,0.10935927786075289,0.12530603225818346,0.24537851191968965,-0.012600281927430885,0.0033464724699996933
noise_scale,stable_low,6,630,mid,12,0.16947294123139386,0.13552619351343878,0.1465150541167383,0.4757013326182314,-0.03394674771795506,-0.022957887114655528
noise_scale,stable_low,6,631,all_post,39,0.16298702530933495,0.1450469056069248,0.15070270067042796,0.3120789646908393,-0.017940119702410138,-0.012284324638906967
noise_scale,stable_low,6,631,early,12,0.07169239470832857,0.06817065556615455,0.0676310944398497,0.20108934678711066,-0.0035217391421740346,-0.004061300268478888
noise_scale,stable_low,6,631,late,15,0.21885345079831692,0.17750467402503237,0.18833172278263563,0.48618671916246986,-0.041348776773284586,-0.030521728015681284
noise_scale,stable_low,6,631,mid,12,0.1844486240491139,0.1813509451250607,0.18673802926074679,0.20543388950502942,-0.003097678924053198,0.0022894052116328584
noise_scale,stable_low,6,632,all_post,39,0.0963989931909947,0.11751136624849917,0.12685981311454642,0.12755559540864445,0.021112373057504453,0.03046081992355167
noise_scale,stable_low,6,632,early,12,0.06986285635636356,0.078322550945037,0.08505690051873059,0.1456911252478224,0.008459694588673438,0.015194044162367007
noise_scale,stable_low,6,632,late,15,0.12709866045614931,0.14812681905355543,0.1550559479451291,0.145431421893483,0.021028158597406102,0.02795728748897984
noise_scale,stable_low,6,632,mid,12,0.08456054594418266,0.11843086554564108,0.1334175571721338,0.08707528246341832,0.03387031960145842,0.048857011227951115
noise_scale,stable_low,6,633,all_post,39,0.12763757267148848,0.11206923252452303,0.11180010541957462,0.15362784319084496,-0.015568340146965407,-0.01583746725191383
noise_scale,stable_low,6,633,early,12,0.14140114934343848,0.13442787775900233,0.1336013614836312,0.17881586374134814,-0.006973271584436116,-0.007799787859807232
noise_scale,stable_low,6,633,late,15,0.11301874907275437,0.0940192687906082,0.09468121329832918,0.12793133760533076,-0.01899948028214622,-0.018337535774425203
noise_scale,stable_low,6,633,mid,12,0.13214752549795605,0.11227304195743736,0.11139746450707479,0.1605604546222345,-0.019874483540518687,-0.020750060990881235
noise_scale,stable_low,6,634,all_post,39,0.12475997586399899,0.13821444660478835,0.12610037814194663,0.13933558666616674,0.013454470740789364,0.0013404022779476429
noise_scale,stable_low,6,634,early,12,0.11518730318608421,0.1455508467218869,0.1309449145444234,0.1308327424150222,0.030363543535802687,0.01575761135833921
noise_scale,stable_low,6,634,late,15,0.14475116954682046,0.1477503385033611,0.13374601729970165,0.1705788435908894,0.002999168956540643,-0.011005152247118814
noise_scale,stable_low,6,634,mid,12,0.10934365643838695,0.1189581816144739,0.11169879279227611,0.10878435976140788,0.009614525176086918,0.002355136353889151
noise_scale,stable_low,6,635,all_post,39,0.0958763245227486,0.09209237728657492,0.08944887968025571,0.36836633168585975,-0.003783947236173676,-0.006427444842492896
noise_scale,stable_low,6,635,early,12,0.05949567377494134,0.05119475598748463,0.04919093899973545,0.12233960563470987,-0.00830091778745671,-0.010304734775205894
noise_scale,stable_low,6,635,late,15,0.10665391859568742,0.10952641857075479,0.10595826524892459,0.6660207006928007,0.00287249997506736,-0.0006956533467628367
noise_scale,stable_low,6,635,mid,12,0.11878498267938233,0.11119744698044039,0.10907008839993987,0.24232509647833314,-0.007587535698941936,-0.00971489427944247
noise_scale,stable_low,6,636,all_post,39,0.08827915615264031,0.08530447128796413,0.085094237830261,0.15214637195798067,-0.002974684864676193,-0.0031849183223793135
noise_scale,stable_low,6,636,early,12,0.09670120348540288,0.08853155861845761,0.08855420693912636,0.16040585854226105,-0.008169644866945288,-0.008146996546276548
noise_scale,stable_low,6,636,late,15,0.10882515024735143,0.10270259023513265,0.1024595498983135,0.17262626244752868,-0.0061225600122188,-0.006365600349037912
noise_scale,stable_low,6,636,mid,12,0.05417461620148887,0.06032973527351002,0.059927628636330034,0.11828702226176524,0.006155119072021163,0.0057530124348411675
noise_scale,stable_low,6,637,all_post,39,0.11116662484459476,0.09388139768855697,0.0938528849804351,0.5816027315566593,-0.017285227156037766,-0.017313739864159634
noise_scale,stable_low,6,637,early,12,0.11192892202096938,0.10153085975830116,0.1022290579301644,0.49941073318198304,-0.01039806226266822,-0.009699864090804955
noise_scale,stable_low,6,637,late,15,0.10000813612923568,0.08448738817051153,0.08386676203375111,0.7084410375339985,-0.015520747958724133,-0.016141374095484568
noise_scale,stable_low,6,637,mid,12,0.12435243856241897,0.09797444751636959,0.09795936571406083,0.5052468474596613,-0.026377991046049352,-0.026393072848358134
noise_scale,stable_low,6,638,all_post,39,0.07618412815018151,0.0892563524261852,0.09153585134501376,0.12468109577064632,0.013072224276003705,0.01535172319483222
noise_scale,stable_low,6,638,early,12,0.09869652867539114,0.10005142270104045,0.10390144773292236,0.17101960862061003,0.0013548940256493198,0.0052049190575312
noise_scale,stable_low,6,638,late,15,0.07224297422075944,0.09396156520223742,0.09465691991168353,0.13068317306021895,0.02171859098147801,0.022413945690924076
noise_scale,stable_low,6,638,mid,12,0.05859817003674949,0.07257976618126467,0.0752689192487679,0.07083998630871677,0.013981596144515204,0.01667074921201842
noise_scale,stable_low,6,639,all_post,39,0.10062027319987271,0.12031063816922362,0.09423482912933318,0.40154878700969504,0.01969036496935092,-0.006385444070539545
noise_scale,stable_low,6,639,early,12,0.08995385650895744,0.08980817899520988,0.07594236337605166,0.3795807244084099,-0.0001456775137475714,-0.014011493132905778
noise_scale,stable_low,6,639,late,15,0.09758418087689685,0.15454710069029778,0.1058838231877222,0.3871298604726706,0.05696291981340093,0.008299642310825328
noise_scale,stable_low,6,639,mid,12,0.11508180529450779,0.10801751919189467,0.09796605230962836,0.44154050778226056,-0.007064286102613102,-0.0171157529848794
noise_scale,stable_low,12,630,all_post,37,0.2308502094183026,0.1667249852249017,0.18760832586248535,1.1248709557239056,-0.06412522419340091,-0.04324188355581727
noise_scale,stable_low,12,630,early,12,0.16939351264852665,0.12840681292909886,0.11549346122104674,1.506830672169156,-0.040986699719427803,-0.053900051427479945
noise_scale,stable_low,12,630,late,13,0.21591883168712878,0.1380189123479058,0.18102449710863427,0.5918832123253017,-0.077899919339223,-0.03489433457849449
noise_scale,stable_low,12,630,mid,12,0.3084825653968501,0.23614140313745,0.26685567165392915,1.320314627960476,-0.07234116225940013,-0.04162689374292095
noise_scale,stable_low,12,631,all_post,37,0.4416882217864642,0.30971637742311486,0.3161318343837855,0.790533047487082,-0.13197184436334936,-0.1255563874026787
noise_scale,stable_low,12,631,early,12,0.10010173761548354,0.09846261064078597,0.09651015832801031,0.5782048960460892,-0.0016391269746975756,-0.003591579287473237
noise_scale,stable_low,12,631,late,13,0.6834346971008975,0.40902646073144244,0.4230256492251926,1.3407702064430256,-0.27440823636945516,-0.26040904787570507
noise_scale,stable_low,12,631,mid,12,0.5213826910334755,0.41338422062142227,0.41995187769470305,0.40677094339246905,-0.10799847041205307,-0.10143081333877235
noise_scale,stable_low,12,632,all_post,37,0.25158378559972394,0.19780647120334333,0.21260104136376498,0.20564189011254924,-0.05377731439638062,-0.03898274423595896
noise_scale,stable_low,12,632,early,12,0.1682533808790763,0.13478355066542919,0.15668521687655443,0.29415405112927256,-0.03346983021364711,-0.011568164002521858
noise_scale,stable_low,12,632,late,13,0.3454307258314474,0.22544287748082031,0.2182847887564914,0.18051396303263728,-0.11998784835062709,-0.12714593707495597
noise_scale,stable_low,12,632,mid,12,0.23324667173600466,0.23088995160732417,0.2623594728421887,0.14435165009906384,-0.0023567201286804895,0.029112801106184066
noise_scale,stable_low,12,633,all_post,37,0.17569150594486416,0.22048790019193001,0.21700492197989052,0.1799842413125805,0.04479639424706583,0.04131341603502636
noise_scale,stable_low,12,633,early,12,0.23283230048196643,0.3117940538460508,0.3040496798590806,0.21415921952316064,0.07896175336408445,0.07121737937711418
noise_scale,stable_low,12,633,late,13,0.1106002801860959,0.13397660988382615,0.1322751683213874,0.13286211684408794,0.02337632969773025,0.021674888135291483
noise_scale,stable_low,12,633,mid,12,0.18906620597976087,0.22290231103825495,0.2217507305640789,0.1968582312762008,0.03383610505849408,0.03268452458431799
noise_scale,stable_low,12,634,all_post,37,0.1904152095816563,0.15391917023366597,0.15526546784234396,0.18502285843624966,-0.03649603934799039,-0.035149741739312367
noise_scale,stable_low,12,634,early,12,0.11476154608021209,0.13948116238279862,0.14026917929932523,0.11278436414536924,0.02471961630258654,0.02550763321911315
noise_scale,stable_low,12,634,late,13,0.29082926706998535,0.12121885827991058,0.12237985759683741,0.2780808890097753,-0.16961040879007477,-0.16844940947314796
noise_scale,stable_low,12,634,mid,12,0.15728697747074416,0.20378251603443495,0.20588783415132816,0.15644848627247732,0.04649553856369077,0.048600856680583976
noise_scale,stable_low,12,635,all_post,37,0.13713888733352553,0.4210864167258119,0.3098739370312904,0.9626851747613324,0.2839475293922865,0.1727350496977649
noise_scale,stable_low,12,635,early,12,0.06830302550741653,0.08011357939358296,0.06989507272160547,0.23501561216208158,0.01181055388616642,0.0015920472141889297
noise_scale,stable_low,12,635,late,13,0.1447606173356913,0.7030229276577852,0.45364988290362557,1.8082881447632544,0.558262310322094,0.3088892655679343
noise_scale,stable_low,12,635,mid,12,0.19771787499062152,0.4566280338817365,0.39409552664594566,0.7742848531918339,0.25891015889111496,0.19637765165532417
noise_scale,stable_low,12,636,all_post,37,0.10295163192252878,0.11287879685316704,0.11214209069495852,0.30782343459320427,0.009927164930638223,0.009190458772429732
noise_scale,stable_low,12,636,early,12,0.1089114380437482,0.10398880988418091,0.10386408779379513,0.3324866656824952,-0.004922628159567284,-0.005047350249953048
noise_scale,stable_low,12,636,late,13,0.1438809487562101,0.1541161269463209,0.15293764560254106,0.36828537657215293,0.01023517819011076,0.009056696846330918
noise_scale,stable_low,12,636,mid,12,0.05265173256482127,0.07709500955456976,0.07622490911290751,0.21765976636005233,0.02444327698974849,0.02357317654808623
noise_scale,stable_low,12,637,all_post,37,0.14232905847164384,0.12422939396750128,0.12361206021306578,1.7091284614538529,-0.01809966450414257,-0.018716998258578078
noise_scale,stable_low,12,637,early,12,0.11771588305953402,0.10953714544221489,0.10997899029559256,1.3217413694606188,-0.008178737617319113,-0.007736892763941444
noise_scale,stable_low,12,637,late,13,0.1015282726305901,0.09395551196329283,0.09518142162436513,2.105309092511506,-0.007572760667297261,-0.006346851006224965
noise_scale,stable_low,12,637,mid,12,0.21114308521156192,0.17171834799734684,0.1680449886016313,1.667319869801295,-0.03942473721421511,-0.04309809660993059
noise_scale,stable_low,12,638,all_post,37,0.083427155283086,0.11178093724686607,0.1133105782892814,0.11588652360396129,0.028353781963780054,0.029883423006195408
noise_scale,stable_low,12,638,early,12,0.10688265174239663,0.11410845403520498,0.12033711920919817,0.14262327745337916,0.007225802292808341,0.013454467466801548
noise_scale,stable_low,12,638,late,13,0.07311696237756135,0.11947787569817549,0.11847510448577207,0.11394376136047694,0.0463609133206141,0.045358142108210715
noise_scale,stable_low,12,638,mid,12,0.07114103447142708,0.10111507046960864,0.10068913398983309,0.09125442885165141,0.029974035998181547,0.029548099518405996
noise_scale,stable_low,12,639,all_post,37,0.15725165795050064,0.1719008742931136,0.14611591691373693,1.2730164265771386,0.014649216342612962,-0.011135741036763682
noise_scale,stable_low,12,639,early,12,0.14735439850856175,0.12197215780444881,0.11159516693080677,1.1705336211867101,-0.025382240704112935,-0.035759231577754964
noise_scale,stable_low,12,639,late,13,0.14882296974340192,0.23988946295778318,0.1897866028432287,1.1454727844499872,0.09106649321438129,0.04096363309982676
noise_scale,stable_low,12,639,mid,12,0.1762799962834631,0.14817528639505292,0.13332675713971773,1.513671510938648,-0.028104709888410156,-0.042953239143745374
persistence,high_to_low,1,630,all_post,40,0.5314792529974366,0.9513193534691746,0.9248629533056928,0.7943493579239886,0.4198401004717381,0.3933837003082563
persistence,high_to_low,1,630,early,12,0.5211009158677272,1.0615661756214185,1.0207506239926174,0.9012998238122397,0.5404652597536913,0.49964970812489023
persistence,high_to_low,1,630,late,16,0.6193853418995865,0.6958749200332146,0.6979297316484205,0.6332461360817253,0.07648957813362808,0.07854438974883403
persistence,high_to_low,1,630,mid,12,0.4246494715909459,1.1816651092315442,1.1315529114951313,0.9022031878254219,0.757015637640598,0.7069034399041851
persistence,high_to_low,1,631,all_post,40,0.5581780050106631,0.5952731120656974,0.5952731120656974,0.5952731157102829,0.03709510705503425,0.03709510705503425
persistence,high_to_low,1,631,early,12,0.6221637283187968,0.4297041326634827,0.4297041326634827,0.4297041337987086,-0.1924595956553142,-0.1924595956553142
persistence,high_to_low,1,631,late,16,0.36158301997275766,0.5369495506743442,0.5369495506743442,0.5369495543352237,0.17536653070158645,0.17536653070158645
persistence,high_to_low,1,631,mid,12,0.7563189284197368,0.8386068399897164,0.8386068399897164,0.8386068461219361,0.08228791156997975,0.08228791156997975
persistence,high_to_low,1,632,all_post,40,0.398024298223931,0.4721818608252503,0.4721818608252503,0.47218186836488585,0.07415756260131935,0.07415756260131935
persistence,high_to_low,1,632,early,12,0.5391521516609702,0.40593511644586283,0.40593511644586283,0.40593512087943684,-0.13321703521510733,-0.13321703521510733
persistence,high_to_low,1,632,late,16,0.5088248917911393,0.7261868415199625,0.7261868415199625,0.7261868531522515,0.21736194972882322,0.21736194972882322
persistence,high_to_low,1,632,mid,12,0.10916232003061416,0.19975529761168842,0.19975529761168842,0.19975530280051398,0.09059297758107425,0.09059297758107425
persistence,high_to_low,1,633,all_post,40,0.39003796675939595,0.5336739556852884,0.5365637791080985,0.5851816643845383,0.14363598892589247,0.14652581234870252
persistence,high_to_low,1,633,early,12,0.509057048736041,0.8108780985307856,0.8163279346070177,0.9069068098077907,0.3018210497947447,0.307270885870977
persistence,high_to_low,1,633,late,16,0.42643329676530567,0.5565665659860466,0.5575555798164684,0.5701695029803275,0.13013326922074078,0.13112228305116266
persistence,high_to_low,1,633,mid,12,0.22249177810820475,0.22594633243878048,0.22881055599801933,0.2834727341669006,0.0034545543305757125,0.006318777889814563
persistence,high_to_low,1,634,all_post,40,0.5417096185800441,0.6697356017485658,0.5568894977084884,0.5568895040055326,0.1280259831685217,0.015179879128444304
persistence,high_to_low,1,634,early,12,0.650499199566042,0.7449412761508345,0.7189083571006193,0.718908370542623,0.09444207658479246,0.06840915753457737
persistence,high_to_low,1,634,late,16,0.6312939038994441,0.8489889566951108,0.6345557978685741,0.6345558004916387,0.2176950527956666,0.003261893969130042
persistence,high_to_low,1,634,mid,12,0.31347432383484647,0.3555254540842376,0.29131557143624337,0.29131557548696724,0.04205113024939113,-0.02215875239860306
persistence,high_to_low,1,635,all_post,40,0.4239374304323865,0.4025694758801782,0.3908053653659838,0.4025694799738971,-0.021367954552208347,-0.03313206506640266
persistence,high_to_low,1,635,early,12,0.3189004120408636,0.3611486256788059,0.33755362037231107,0.3611486340268277,0.04224821363794224,0.018653208331447412
persistence,high_to_low,1,635,late,16,0.5403546632602891,0.6037646001332341,0.5882924395871686,0.603764605143228,0.06340993687294495,0.04793777632687955
persistence,high_to_low,1,635,mid,12,0.37375147172003936,0.17573016041080927,0.18074101139807697,0.1757301590285252,-0.19802131130922998,-0.19301046032196234
persistence,high_to_low,1,636,all_post,40,0.35287326446513917,0.3255943338771835,0.33701111466673206,0.3908485184840683,-0.02727893058795571,-0.015862149798407128
persistence,high_to_low,1,636,early,12,0.49845314961529524,0.5245783583075698,0.5557166727135366,0.6988942358679661,0.0261252086922744,0.05726352309824142
persistence,high_to_low,1,636,late,16,0.36613048598852566,0.23178175078037264,0.23258076618229614,0.2470979224059423,-0.134348735208153,-0.13354971980622946
persistence,high_to_low,1,636,mid,12,0.1896170839504678,0.25169375357587837,0.257546021265842,0.2744702625376718,0.06207666962541054,0.06792893731537412
persistence,high_to_low,1,637,all_post,40,0.3227516419422708,0.49283039392118155,0.49283039392118155,0.49283039941841056,0.17007875197891062,0.17007875197891062
persistence,high_to_low,1,637,early,12,0.3827143996562039,0.3959744137060299,0.3959744137060299,0.395974418981915,0.013260014049825996,0.013260014049825996
persistence,high_to_low,1,637,late,16,0.355317997555299,0.762762817485015,0.762762817485015,0.7627628275965344,0.40744481992971593,0.40744481992971593
persistence,high_to_low,1,637,mid,12,0.21936707674430023,0.22977647605122178,0.22977647605122178,0.22977647561740802,0.010409399306921604,0.010409399306921604
persistence,high_to_low,1,638,all_post,40,0.3396300948035923,0.38412812572114763,0.360235480336632,0.38412813267758616,0.04449803091755543,0.020605385533039727
persistence,high_to_low,1,638,early,12,0.6118949418727703,0.5666164756414264,0.5402207581788036,0.5666164833551478,-0.045278466231343795,-0.07167418369396678
persistence,high_to_low,1,638,late,16,0.2878478306843439,0.4142453419740906,0.38009876951755717,0.41424535191448275,0.12639751128974672,0.09225093883321335
persistence,high_to_low,1,638,mid,12,0.1364082665600789,0.16148348746361177,0.15376581691989358,0.16148348968416235,0.025075220903532907,0.017357550359814688
persistence,high_to_low,1,639,all_post,40,0.45264137802824944,0.44605879297257867,0.40643096745970925,0.49524687583457494,-0.0065825850556707425,-0.0462104105685401
persistence,high_to_low,1,639,early,12,0.4146122108427521,0.30880016855255554,0.26522020763503606,0.3405815881389546,-0.10581204229019664,-0.14939200320771626
persistence,high_to_low,1,639,late,16,0.3635540594195944,0.43264413831041393,0.3235437824867152,0.38571685782887044,0.06909007889081945,-0.04001027693287927
persistence,high_to_low,1,639,mid,12,0.6094536366919531,0.6012036236088214,0.6581579739150415,0.7959521875378011,-0.008250013083131698,0.04870433722308826
persistence,high_to_low,3,630,all_post,40,0.5292888503434453,0.864198207810178,0.7731110130853857,0.8641982199529272,0.3349093574667328,0.24382216274194043
persistence,high_to_low,3,630,early,12,0.7506750836620754,1.2054741202679913,1.034237834129119,1.20547414239665,0.45479903660591586,0.28356275046704355
persistence,high_to_low,3,630,late,16,0.4534687057169753,0.6197436057130977,0.5832606282789594,0.6197436112972994,0.1662748999961224,0.12979192256198413
persistence,high_to_low,3,630,mid,12,0.4089961431934419,0.8488617648151386,0.765118038450221,0.8488617757167082,0.4398656216216969,0.35612189525677906
persistence,high_to_low,3,631,all_post,40,0.39281106410710576,0.5493341615889906,0.5493341615889906,0.5493341664611009,0.15652309748188484,0.15652309748188484
persistence,high_to_low,3,631,early,12,0.29958674945033786,0.3865656054053425,0.3865656054053425,0.38656560787751343,0.0869788559550047,0.0869788559550047
persistence,high_to_low,3,631,late,16,0.42951047678412924,0.6691779937132807,0.6691779937132807,0.6691779999877738,0.23966751692915145,0.23966751692915145
persistence,high_to_low,3,631,mid,12,0.43710282852784244,0.5523109416069186,0.5523109416069186,0.5523109470091244,0.11520811307907615,0.11520811307907615
persistence,high_to_low,3,632,all_post,40,0.35086666026236263,0.43180587454507685,0.4276999070587431,0.43180588110378226,0.08093921428271424,0.07683324679638046
persistence,high_to_low,3,632,early,12,0.4133498738705473,0.4476007637882351,0.44417962519936444,0.4476007692637975,0.034250889917687814,0.030829751328817146
persistence,high_to_low,3,632,late,16,0.44366136526369926,0.5775090027493621,0.5723358327889518,0.5775090109907917,0.13384763748566292,0.12867446752525252
persistence,high_to_low,3,632,mid,12,0.16465717331906257,0.22174014769620498,0.21837228794451036,0.2217401530944212,0.05708297437714238,0.0537151146254477
persistence,high_to_low,3,633,all_post,40,0.3406009297239415,0.4335515611682473,0.4389063857198929,0.5181041538115675,0.09295063144430574,0.09830545599595135
persistence,high_to_low,3,633,early,12,0.3569742704348205,0.4699735529970368,0.4780327979629834,0.5965182237160975,0.11299928256221632,0.1210585275281628
persistence,high_to_low,3,633,late,16,0.3433378064557976,0.43930234190622264,0.44218386449394054,0.4739326476798258,0.09596453545042502,0.09884605803814293
persistence,high_to_low,3,633,mid,12,0.3205784200372544,0.38946186168882385,0.3954100017780721,0.4985854254160265,0.06888344165156948,0.07483158174081776
persistence,high_to_low,3,634,all_post,40,0.4399966308233091,0.4813774519700001,0.4813774519700001,0.481377457884639,0.04138082114669105,0.04138082114669105
persistence,high_to_low,3,634,early,12,0.5279130855844796,0.5774573912293953,0.5774573912293953,0.5774573983831465,0.04954430564491572,0.04954430564491572
persistence,high_to_low,3,634,late,16,0.44521001888200956,0.47418055913466955,0.47418055913466955,0.474180563156799,0.02897054025266002,0.02897054025266002
persistence,high_to_low,3,634,mid,12,0.3451289919838713,0.394893369824379,0.394893369824379,0.3948933770232513,0.04976437784050772,0.04976437784050772
persistence,high_to_low,3,635,all_post,40,0.34206399176724067,0.4266404152717012,0.42402715179208295,0.42664041763929567,0.08457642350446047,0.0819631600248423
persistence,high_to_low,3,635,early,12,0.30446822816043934,0.3330860276576418,0.3257360945324999,0.3330860343417519,0.028617799497202504,0.02126786637206057
persistence,high_to_low,3,635,late,16,0.3773539918554686,0.6527873046192274,0.6498347359043126,0.6527873071704371,0.27543331276375893,0.2724807440488441
persistence,high_to_low,3,635,mid,12,0.33260642192307155,0.2186656170890587,0.22124143023535983,0.21866561489531758,-0.11394080483401281,-0.1113649916877117
persistence,high_to_low,3,636,all_post,40,0.283367988623778,0.33473791977227885,0.3495441359585943,0.40307483016617784,0.05136993114850087,0.0661761473348163
persistence,high_to_low,3,636,early,12,0.423260058889823,0.4167813403365126,0.44599775954920723,0.5602657538535848,-0.006478718553310429,0.02273770065938413
persistence,high_to_low,3,636,late,16,0.2662983169622962,0.2774198212323614,0.28515776434497864,0.31798838801327606,0.011121504270065138,0.01885944738268239
persistence,high_to_low,3,636,mid,12,0.1662354805730419,0.3291186305946017,0.33893900785280223,0.3593324960159731,0.16288315002155984,0.17270352727976038
persistence,high_to_low,3,637,all_post,40,0.3701842533750792,0.5969322513747788,0.5958494822353859,0.5969322557920069,0.22674799799969964,0.22566522886030677
persistence,high_to_low,3,637,early,12,0.5546553065312393,0.6869760578237667,0.6854688825607816,0.6869760639671328,0.1323207512925275,0.1308135760295425
persistence,high_to_low,3,637,late,16,0.3207600797459876,0.705735206299382,0.7043329105718306,0.7057352120133948,0.3849751265533945,0.383572830825843
persistence,high_to_low,3,637,mid,12,0.2516120983910414,0.36181783835965314,0.3615855107947308,0.3618178393216969,0.11020573996861179,0.10997341240368941
persistence,high_to_low,3,638,all_post,40,0.2842416613280484,0.35150801098636214,0.3868158173034598,0.4182152330801593,0.06726634965831378,0.10257415597541146
persistence,high_to_low,3,638,early,12,0.4371549398178318,0.4968446718665465,0.5528923746098654,0.5993868375244631,0.0596897320487147,0.11573743479203341
persistence,high_to_low,3,638,late,16,0.25316710741536214,0.3738394078531208,0.417182348762941,0.4574870313751589,0.1206723004377587,0.16401524134757886
persistence,high_to_low,3,638,mid,12,0.17276112138851327,0.1763961542838329,0.1802505513844129,0.1846812309091894,0.0036350328953196447,0.00748942999589965
persistence,high_to_low,3,639,all_post,40,0.3191246456915511,0.40256008235155416,0.3176009431468987,0.5064010788648651,0.08343543666000312,-0.0015237025446523645
persistence,high_to_low,3,639,early,12,0.2749012338417281,0.3250344657670426,0.25224008460062625,0.4087197199597982,0.050133231925314437,-0.022661149241101908
persistence,high_to_low,3,639,late,16,0.3164091802208758,0.4911370715502781,0.3265842306452326,0.5219486332624244,0.17472789132940234,0.010175050424356836
persistence,high_to_low,3,639,mid,12,0.36696867816894096,0.36198304667110054,0.3709840850287259,0.5833523652398527,-0.004985631497840458,0.004015406859784908
persistence,high_to_low,6,630,all_post,39,0.45887776911127215,0.4502809795205968,0.4214059674775689,0.9431399845288647,-0.00859678959067531,-0.03747180163370312
persistence,high_to_low,6,630,early,12,0.5121389388861042,0.5307271531523956,0.4691666653220498,1.4457377481088252,0.018588214266291384,-0.042972273564054385
persistence,high_to_low,6,630,late,15,0.44698955468725,0.398850276102811,0.4054080988445922,0.5848956722278807,-0.04813927858443896,-0.04158145584265774
persistence,high_to_low,6,630,mid,12,0.42047686736646767,0.43412318516103027,0.3936426054243092,0.8883476113251337,0.013646317794562548,-0.026834261942158554
persistence,high_to_low,6,631,all_post,39,0.5033576662427954,0.41940292184787964,0.4430561672362578,0.6474645590007255,-0.08395474439491579,-0.06030149900653761
persistence,high_to_low,6,631,early,12,0.2780065742092576,0.2786599935429199,0.27807441051698456,0.40278403180124456,0.000653419333662324,6.783630772694398e-05
persistence,high_to_low,6,631,late,15,0.710222774332027,0.486233966100707,0.5385957449806272,0.8976859912285259,-0.2239888082313199,-0.17162702935139962
persistence,high_to_low,6,631,mid,12,0.4701273731647939,0.47660704483680516,0.48861345177506926,0.5793682959154559,0.006479671672011175,0.01848607861027536
persistence,high_to_low,6,632,all_post,39,0.38840115864224994,0.3265150323769988,0.4325540261191804,0.43255403154816674,-0.06188612626525103,0.04415286747693043
persistence,high_to_low,6,632,early,12,0.40779637286510173,0.30976894129349686,0.4654098339867688,0.4654098384017063,-0.09802743157160487,0.05761346112166708
persistence,high_to_low,6,632,late,15,0.4694456001553637,0.42828588323849964,0.5513643320965909,0.5513643385513275,-0.041159716916864104,0.0819187319412271
persistence,high_to_low,6,632,mid,12,0.26770039252800576,0.21604755988362498,0.25118533577982877,0.25118534094067596,-0.05165283264438079,-0.01651505674817698
persistence,high_to_low,6,633,all_post,39,0.3532946030047985,0.4479630709723815,0.4326664408410652,0.5705430949614474,0.09466846796758309,0.07937183783626675
persistence,high_to_low,6,633,early,12,0.3543091657642068,0.46335465672530424,0.4415769484441974,0.6414591713461756,0.1090454909610975,0.0872677826799907
persistence,high_to_low,6,633,late,15,0.3574740619052472,0.44583173549660354,0.43649169601834625,0.4916076371176796,0.08835767359135628,0.07901763411309895
persistence,high_to_low,6,633,mid,12,0.3470557166198292,0.4352356545641815,0.4189743642663318,0.5982963408814291,0.08817993794435214,0.0719186476465025
persistence,high_to_low,6,634,all_post,39,0.4441535418730909,0.5355689452847363,0.5355689452847363,0.5355689527817439,0.09141540341164527,0.09141540341164527
persistence,high_to_low,6,634,early,12,0.5167899124207714,0.5812601517648596,0.5812601517648596,0.5812601602090174,0.06447023934408803,0.06447023934408803
persistence,high_to_low,6,634,late,15,0.44385378598112124,0.5812896976801845,0.5812896976801845,0.5812897053362165,0.13743591169906322,0.13743591169906322
persistence,high_to_low,6,634,mid,12,0.3718918661903723,0.4327267983103024,0.4327267983103024,0.43272680466137964,0.060834932119930046,0.060834932119930046
persistence,high_to_low,6,635,all_post,39,0.3682323189619291,0.6745186785814977,0.6745186785814977,0.6745186807093931,0.30628635961956846,0.30628635961956846
persistence,high_to_low,6,635,early,12,0.2620394896668043,0.37000252427091285,0.37000252427091285,0.370002531244742,0.1079630346041086,0.1079630346041086
persistence,high_to_low,6,635,late,15,0.38081120984859346,1.1039944728019901,1.1039944728019901,1.1039944740555216,0.7231832629533969,0.7231832629533969
persistence,high_to_low,6,635,mid,12,0.4587015346487236,0.4421900901164664,0.4421900901164664,0.4421900884913836,-0.01651144453225707,-0.01651144453225707
persistence,high_to_low,6,636,all_post,39,0.2843485662535127,0.3651635060249828,0.2780055642581389,0.415877902819291,0.08081493977147008,-0.006343001995373788
persistence,high_to_low,6,636,early,12,0.41784583386778484,0.38967940917913885,0.3377533681681535,0.46886143912293193,-0.028166424688645986,-0.08009246569963126
persistence,high_to_low,6,636,late,15,0.2707728549348054,0.3746573215572476,0.299969236113335,0.4236043593722563,0.10388446662244225,0.029196381178529563
persistence,high_to_low,6,636,mid,12,0.16782093778762477,0.3287803334554957,0.1908031705291293,0.353236295824443,0.16095939566787096,0.02298223274150453
persistence,high_to_low,6,637,all_post,39,0.3937144242955688,0.9323189665462334,0.9116548812542538,0.9362165065491191,0.5386045422506646,0.517940456958685
persistence,high_to_low,6,637,early,12,0.5571896728031435,0.8940701728309776,0.8550619922459393,0.9007781197173904,0.33688050002783393,0.2978723194427955
persistence,high_to_low,6,637,late,15,0.350046025069319,1.1386624306705546,1.1104519253643896,1.1436330907387005,0.7886164056012356,0.7604059002950705
persistence,high_to_low,6,637,mid,12,0.28482467482080637,0.7126384301060876,0.7197514651248987,0.7123841631438714,0.4278137552852812,0.43492679030409254
persistence,high_to_low,6,638,all_post,39,0.2674048105621144,0.3753729985292389,0.42186967901169053,0.495256102978047,0.10796818796712447,0.15446486844957608
persistence,high_to_low,6,638,early,12,0.3569263105308609,0.5113642276044106,0.5841766115512498,0.6867726578233292,0.15443791707354962,0.2272503010203889
persistence,high_to_low,6,638,late,15,0.26252059890851936,0.37486249422071605,0.42916419083223534,0.526503768499323,0.1123418953121967,0.16664359192371597
persistence,high_to_low,6,638,mid,12,0.1839885751603617,0.24001989983972075,0.25044460669645,0.26467996623116946,0.05603132467935904,0.06645603153608833
persistence,high_to_low,6,639,all_post,39,0.34594434780386624,0.46299836810564327,0.3518549593667004,0.6504204766085777,0.11705402030177704,0.0059106115628342
persistence,high_to_low,6,639,early,12,0.3565130067831433,0.41453923112352425,0.32422486867589245,0.6324906134681219,0.058026224340380905,-0.03228813810725085
persistence,high_to_low,6,639,late,15,0.34615696172030624,0.6184650288136198,0.37762083803509033,0.6660392638141416,0.2723080670933133,0.03146387631478406
persistence,high_to_low,6,639,mid,12,0.3351099214290391,0.31712417920279196,0.347277701722021,0.6488268557420791,-0.01798574222624714,0.012167780292981933
persistence,high_to_low,12,630,all_post,37,0.5890701517216977,0.5671091783101108,0.5084661010551557,1.635251500506931,-0.021960973411586995,-0.08060405066654201
persistence,high_to_low,12,630,early,12,0.6071026294495783,0.632339991690409,0.5227529835731787,2.3356223028276815,0.025237362240830587,-0.08434964587639947
persistence,high_to_low,12,630,late,13,0.5801077475267028,0.5149808980556276,0.5397505745202088,0.9621464232597672,-0.06512684947107503,-0.04035717300649379
persistence,high_to_low,12,630,mid,12,0.5807469452050616,0.5583506685388356,0.4602877056166581,1.6640778652039412,-0.02239627666622589,-0.1204592395884035
persistence,high_to_low,12,631,all_post,37,1.0990147738344196,0.6726986437168369,0.705480645577913,1.1741580920625132,-0.4263161301175826,-0.39353412825650635
persistence,high_to_low,12,631,early,12,0.3858929753933267,0.3688194275032903,0.3436942310599183,0.7940795858521752,-0.017073547890036428,-0.042198744333408346
persistence,high_to_low,12,631,late,13,1.5387875569589673,0.8725670479278058,0.9589504405012785,1.8578108850153596,-0.6662205090311613,-0.5798371164576884
persistence,high_to_low,12,631,mid,12,1.3357160572239186,0.7600537553685002,0.7926747822622616,0.8136127392406007,-0.5756623018554187,-0.5430412749616572
persistence,high_to_low,12,632,all_post,37,0.5281811041950247,0.48201205436733224,0.4194850923707011,0.5479057904599819,-0.046169049827692446,-0.1086960118243237
persistence,high_to_low,12,632,early,12,0.6526565080683548,0.5051160457982813,0.4277417364368692,0.6816814507801281,-0.14754046227007367,-0.22491477163148577
persistence,high_to_low,12,632,late,13,0.5679595486692994,0.5599231444596158,0.4472008877166399,0.622433874860763,-0.008036404209683672,-0.1207586609526595
persistence,high_to_low,12,632,mid,12,0.3606123854745637,0.3745043820030764,0.3812030033464325,0.3333913720389898,0.013891996528512626,0.020590617871868732
persistence,high_to_low,12,633,all_post,37,0.38556847908498815,0.36998881413205653,0.3761787385594105,0.6004637324078467,-0.015579664952931628,-0.009389740525577735
persistence,high_to_low,12,633,early,12,0.3970433966786085,0.34877878556170927,0.36242758933751834,0.6869917372540142,-0.048264611116899246,-0.03461580734109022
persistence,high_to_low,12,633,late,13,0.35725367412987635,0.3447454168798156,0.33363762967325966,0.500913666775737,-0.012508257250060743,-0.023616044456616726
persistence,high_to_low,12,633,mid,12,0.40476793352607215,0.4185458563923314,0.4360160890746327,0.6217816319964643,0.01377792286625921,0.03124815554856032
persistence,high_to_low,12,634,all_post,37,0.5436615914977593,0.825477193494752,0.8474450423393529,0.578605176645804,0.2818156019969926,0.3037834508415936
persistence,high_to_low,12,634,early,12,0.6221972442751654,1.1295551348919137,1.16777183414667,0.49919536835222383,0.5073578906167486,0.5455745898715048
persistence,high_to_low,12,634,late,13,0.5982313891801124,0.8261003223293275,0.8492563797088277,0.6716161857457238,0.2278689331492152,0.2510249905287151
persistence,high_to_low,12,634,mid,12,0.40600865789780366,0.5207241958601326,0.5251559683817711,0.5572530584144707,0.11471553796232903,0.1191473104839675
persistence,high_to_low,12,635,all_post,37,0.5304963629564806,1.07348582411759,0.8970729371800704,1.2446333601581332,0.5429894611611092,0.3665765742235898
persistence,high_to_low,12,635,early,12,0.17531504262518252,0.1759249864279071,0.17360759607418505,0.5423680262362596,0.0006099438027245725,-0.0017074465509974816
persistence,high_to_low,12,635,late,13,0.6815681759276111,2.221093666634918,1.7561509603258865,2.1507109249652134,1.5395254907073073,1.0745827843982754
persistence,high_to_low,12,635,mid,12,0.7220165525690544,0.7278048324135004,0.6898704198779887,0.9653146655390037,0.0057882798444459545,-0.0321461326910658
persistence,high_to_low,12,636,all_post,37,0.27043588305305066,0.2600749905345877,0.2668852628810076,0.5814956942018805,-0.010360892518463012,-0.003550620172043198
persistence,high_to_low,12,636,early,12,0.3273758411476602,0.33429325132198556,0.3372888449990831,0.6257612537447128,0.006917410174325393,0.009913003851422892
persistence,high_to_low,12,636,late,13,0.28214265629607327,0.26976348569610614,0.28700697031415406,0.6775562852933963,-0.01237917059996711,0.00486431401808088
persistence,high_to_low,12,636,mid,12,0.20081358727850018,0.1753608599888782,0.17468316437702316,0.43316449430990583,-0.025452727289621984,-0.026130422901477046
persistence,high_to_low,12,637,all_post,37,0.6630384748404994,1.003459420526166,9.03512210955628,2.0738444598742487,0.34042094568566644,8.372083634715779
persistence,high_to_low,12,637,early,12,1.258468163696268,1.9631737952420174,5.841876487834103,1.7866711759873486,0.7047056315457496,4.583408324137836
persistence,high_to_low,12,637,late,13,0.42494938263635024,0.5294395807073383,12.326670690320071,2.5812790575889006,0.10449019807098822,11.901721307683722
persistence,high_to_low,12,637,mid,12,0.3255386358725596,0.5572665389473778,8.662523435451014,1.811296929570276,0.23172790307481808,8.336984799578454
persistence,high_to_low,12,638,all_post,37,0.2587891158400148,0.3041451087587589,0.398883000561633,0.44491833377285434,0.045355992918744155,0.14009388472161827
persistence,high_to_low,12,638,early,12,0.31850468214436584,0.3609442924206335,0.5077915183412366,0.5693668463235014,0.04243961027626766,0.18928683619687073
persistence,high_to_low,12,638,late,13,0.25660599573379356,0.3007435984032894,0.3920791454729836,0.4497690647371205,0.0441376026694958,0.13547314973918995
persistence,high_to_low,12,638,mid,12,0.20143859631740327,0.251030894648643,0.297345325794733,0.31521486267758553,0.049592298331239716,0.09590672947732971
persistence,high_to_low,12,639,all_post,37,0.4553116672111187,0.5945290890467448,0.44338706920619414,1.5075892051779123,0.13921742183562605,-0.011924598004924708
persistence,high_to_low,12,639,early,12,0.4887719108748618,0.4848383480920026,0.4028468645551923,1.4687341756356342,-0.003933562782859302,-0.08592504631966962
persistence,high_to_low,12,639,late,13,0.4283666164708283,0.9378718643330851,0.5206289962606241,1.4390393033803461,0.5095052478622567,0.0922623797897958
persistence,high_to_low,12,639,mid,12,0.4510418951826903,0.3322651567746185,0.4002485195482301,1.6207066283342202,-0.11877673840807185,-0.05079337563446032
persistence,low_to_high,1,630,all_post,40,0.19359790572466654,0.3313818396844977,0.2611300811873239,0.15454141144581318,0.13778393395983116,0.06753217546265737
persistence,low_to_high,1,630,early,12,0.20703739271491597,0.3813125626743605,0.3249378321182425,0.1324723546873898,0.17427516995944445,0.1179004394033265
persistence,low_to_high,1,630,late,16,0.20267864835326763,0.24709135978407723,0.20986899821898847,0.16875319264477734,0.04441271143080959,0.007190349865720827
persistence,low_to_high,1,630,mid,12,0.16805076189628224,0.39383842322852886,0.2656704408808525,0.15766142660561774,0.2257876613322466,0.09761967898457025
persistence,low_to_high,1,631,all_post,40,0.20013835842148833,0.21409785716875077,0.21409785716875077,0.14813958233724886,0.013959498747262471,0.013959498747262471
persistence,low_to_high,1,631,early,12,0.161900100175618,0.15763869473287398,0.15763869473287398,0.13245167187630794,-0.004261405442744065,-0.004261405442744065
persistence,low_to_high,1,631,late,16,0.2159104950312743,0.27075256137009035,0.27075256137009035,0.135092346488318,0.05484206633881604,0.05484206633881604
persistence,low_to_high,1,631,mid,12,0.2173471011876439,0.19501741400284145,0.19501741400284145,0.1812238072634309,-0.022329687184802438,-0.022329687184802438
persistence,low_to_high,1,632,all_post,40,0.09867800332598384,0.1417077844441959,0.15119314866527228,0.08193986844370442,0.043029781118212054,0.05251514533928847
persistence,low_to_high,1,632,early,12,0.11083318595969267,0.1569079184976878,0.17298124842211696,0.08174385267469808,0.04607473253799511,0.06214806246242429
persistence,low_to_high,1,632,late,16,0.13271079830721916,0.1695965578470734,0.1749903212619224,0.11564491221996227,0.03688575953985421,0.042279522954703254
persistence,low_to_high,1,632,mid,12,0.04114576071729454,0.0893226191868673,0.0976754854462275,0.037195825844366946,0.04817685846957276,0.05652972472893297
persistence,low_to_high,1,633,all_post,40,0.15345324769802807,0.21066619626475944,0.2106367323580364,0.12291591633215122,0.05721294856673137,0.05718348466000831
persistence,low_to_high,1,633,early,12,0.19914049943885867,0.17627181821536797,0.17660821855490763,0.16985774391827932,-0.022868681223490717,-0.022532280883951043
persistence,low_to_high,1,633,late,16,0.1639820527893026,0.19952907001426265,0.19946487007377664,0.12757882325773867,0.03554701722496002,0.03548281728447399
persistence,low_to_high,1,633,mid,12,0.09372758916883135,0.2599100759814799,0.2595610625401781,0.06975687951190657,0.1661824868126486,0.16583347337134674
persistence,low_to_high,1,634,all_post,40,0.17341775041166158,0.2398301366038858,0.23497774434185778,0.14632739067245407,0.06641238619222418,0.06155999393019619
persistence,low_to_high,1,634,early,12,0.13706553284499104,0.15025707590520118,0.15037634395242008,0.13615628988552617,0.013191543060210151,0.013310811107429078
persistence,low_to_high,1,634,late,16,0.1956054805395085,0.19967787092769282,0.2075960829216832,0.1701887410937274,0.004072390388184299,0.011990602382174694
persistence,low_to_high,1,634,mid,12,0.1801863278078697,0.3829395515374944,0.3560880266248616,0.12468335756435084,0.2027532237296247,0.175901698816992
persistence,low_to_high,1,635,all_post,40,0.20898343321371096,0.2465559383145393,0.32294471153430254,0.1217312087855336,0.037572505100828345,0.11396127832059148
persistence,low_to_high,1,635,early,12,0.24236246824916843,0.23077354644229145,0.36125718426969894,0.08268021718948865,-0.011588921806876902,0.11889471602053052
persistence,low_to_high,1,635,late,16,0.2519755507393938,0.2074051753067305,0.26262974349477963,0.15069732260475038,-0.04457037543266332,0.010654192755385844
persistence,low_to_high,1,635,mid,12,0.11828157481067648,0.31453934753053225,0.3650521961849365,0.12216071528928955,0.19625777271985578,0.24677062137426006
persistence,low_to_high,1,636,all_post,40,0.13084729228518915,0.22212757158604549,0.21409734398593852,0.09957145612371066,0.09128027930085635,0.08325005170074942
persistence,low_to_high,1,636,early,12,0.1584348166527653,0.15721588730591715,0.15016167581894915,0.14097273444924388,-0.0012189293468481417,-0.008273140833816132
persistence,low_to_high,1,636,late,16,0.09874017770210403,0.29978859648324224,0.2934484584347018,0.09555190027246274,0.20104841878113822,0.19470828073259777
persistence,low_to_high,1,636,mid,12,0.1460692540283931,0.18349122266991139,0.1722315262212436,0.0635295855998413,0.03742196864151833,0.026162272192850482
persistence,low_to_high,1,637,all_post,40,0.1651137621748783,0.23627294518392294,0.22587397305069795,0.14036342235839414,0.07115918300904467,0.06076021087581962
persistence,low_to_high,1,637,early,12,0.1673364618553942,0.1465455207730839,0.1683020197666697,0.11348781693275456,-0.020790941082310308,0.0009655579112755226
persistence,low_to_high,1,637,late,16,0.17454775001602546,0.3195914592229744,0.28454677741699513,0.18870598341948014,0.14504370920694892,0.1099990274009697
persistence,low_to_high,1,637,mid,12,0.15031241203949952,0.2149090175426935,0.20521552051299644,0.10278227970258574,0.064596605503194,0.05490310847349694
persistence,low_to_high,1,638,all_post,40,0.13552205912715634,0.18397046816629975,0.14031083974378444,0.09212005998790082,0.048448409039143416,0.0047887806166281
persistence,low_to_high,1,638,early,12,0.25373563508110264,0.21479117873159115,0.19853952597061064,0.15506350729936455,-0.03894445634951153,-0.055196109110492005
persistence,low_to_high,1,638,late,16,0.10359630102444756,0.19357800277974407,0.11782536266586167,0.07561302314979783,0.08998170175529652,0.014229061641414128
persistence,low_to_high,1,638,mid,12,0.05987616064348839,0.14033971144974933,0.11206278962085521,0.05118599512724111,0.08046355080626093,0.052186628977366846
persistence,low_to_high,1,639,all_post,40,0.1439428975966599,0.3702306781892989,0.26653177780151616,0.11475529815108673,0.22628778059263902,0.1225888802048563
persistence,low_to_high,1,639,early,12,0.13513876532301725,0.12826851995164676,0.11144639095900429,0.07091613202978303,-0.006870245371370483,-0.023692374364012964
persistence,low_to_high,1,639,late,16,0.1163168975127612,0.5713308134390122,0.3694671143500604,0.10486692659577737,0.4550139159262509,0.2531502168372992
persistence,low_to_high,1,639,mid,12,0.18958169664883406,0.3440593227606667,0.2843700492459691,0.17177895967946957,0.1544776261118326,0.09478835259713497
persistence,low_to_high,3,630,all_post,40,0.4349950733892827,0.4015720988733106,0.41500603528164853,0.3382681197472269,-0.03342297451597218,-0.01998903810763422
persistence,low_to_high,3,630,early,12,0.5466009565707383,0.4421653297000374,0.4187127131974866,0.351366343583412,-0.10443562687070075,-0.12788824337325166
persistence,low_to_high,3,630,late,16,0.44196420412371124,0.32525914368639347,0.3636789046306229,0.3248347735901371,-0.11670506043731776,-0.0782852994930883
persistence,low_to_high,3,630,mid,12,0.314097015895256,0.4627294749624731,0.479735531567178,0.34308102412049474,0.14863245906721714,0.16563851567192203
persistence,low_to_high,3,631,all_post,40,0.33577816506074426,0.24611772784662062,0.3488199895719445,0.23896182184834663,-0.08966043721412362,0.01304182451120029
persistence,low_to_high,3,631,early,12,0.14743981181779803,0.1423560893785455,0.22543491852586184,0.19334436069323044,-0.0050837224392525585,0.07799510670806381
persistence,low_to_high,3,631,late,16,0.48415618880374134,0.3036147276674443,0.4902799896589068,0.2596266373525677,-0.18054146113629704,0.00612380085516543
persistence,low_to_high,3,631,mid,12,0.32627915331302765,0.27321669988693087,0.28359172716874426,0.25702619566450147,-0.053062453426096785,-0.04268742614428341
persistence,low_to_high,3,632,all_post,40,0.14177321979851804,0.21420761741151986,0.20644947440540645,0.12526715970985935,0.07243439761300183,0.0646762546068884
persistence,low_to_high,3,632,early,12,0.15736048973776592,0.24243292656781582,0.22988028428996307,0.13102701746157025,0.0850724368300499,0.07251979455219716
persistence,low_to_high,3,632,late,16,0.1912275925051043,0.27278937989197755,0.26594412889055136,0.18255282698282616,0.08156178738687328,0.07471653638544712
persistence,low_to_high,3,632,mid,12,0.060246786250488425,0.10787329161461355,0.10369245854065647,0.04312641226085936,0.04762650536412511,0.04344567229016805
persistence,low_to_high,3,633,all_post,40,0.19344142673113024,0.2829420770158531,0.2829420231770138,0.15955613211498534,0.08950065028472286,0.0895005964458835
persistence,low_to_high,3,633,early,12,0.2421710494228629,0.22770798351765184,0.22770795588767667,0.15421937977834596,-0.014463065905211058,-0.014463093535186268
persistence,low_to_high,3,633,late,16,0.18862105636532833,0.29228725313759785,0.2922872401244906,0.18835724254041442,0.10366619677226953,0.10366618375916231
persistence,low_to_high,3,633,mid,12,0.15113896452713352,0.32571593568506146,0.3257158012030483,0.1264914038843859,0.17457697115792792,0.1745768366759148
persistence,low_to_high,3,634,all_post,40,0.22384920189235108,0.2682356523282995,0.2687420879349284,0.22034694024581722,0.044386450435948466,0.04489288604257724
persistence,low_to_high,3,634,early,12,0.18293917858002565,0.1922390093924059,0.19173948610392108,0.20842660137437882,0.009299830812380248,0.008800307523895398
persistence,low_to_high,3,634,late,16,0.26374793317317036,0.2874334150005113,0.2876833567894952,0.26374793190706125,0.023685481827340957,0.023935423616324836
persistence,low_to_high,3,634,mid,12,0.2115609168302508,0.31863527836791083,0.32048966462651307,0.1743992902355969,0.10707436153766002,0.10892874779626231
persistence,low_to_high,3,635,all_post,40,0.3410383758633511,0.4584126167273663,0.39526067802951903,0.24730964041242412,0.11737424086401527,0.05422230216616801
persistence,low_to_high,3,635,early,12,0.3088154485654809,0.3667962177984904,0.3708248857099232,0.15519329086928754,0.05798076923300946,0.06200943714444219
persistence,low_to_high,3,635,late,16,0.364024420788933,0.5872684676955695,0.40138655828379266,0.28312561909203515,0.22324404690663652,0.0373621374948597
persistence,low_to_high,3,635,mid,12,0.34261324326044534,0.37822121436530476,0.4115286300100836,0.2916713517160792,0.035607971104859394,0.06891538674963826
persistence,low_to_high,3,636,all_post,40,0.2015139947561811,0.27350465285003933,0.2699966367544436,0.1728549550929572,0.07199065809385827,0.06848264199826247
persistence,low_to_high,3,636,early,12,0.24894220545827608,0.22589610525644144,0.22698226462834029,0.19335662034469212,-0.02304610020183469,-0.02195994082993581
persistence,low_to_high,3,636,late,16,0.16379768170838377,0.3490101422314711,0.34402425973361883,0.1600930050614704,0.18521246052308737,0.1802265780252351
persistence,low_to_high,3,636,mid,12,0.20437420145114918,0.22043921460172825,0.21430751157497985,0.16936922321653805,0.016065013150579066,0.009933310123830627
persistence,low_to_high,3,637,all_post,40,0.23017160107766238,0.25402887098134413,0.21836632432940126,0.3296535761601155,0.02385726990368174,-0.011805276748261099
persistence,low_to_high,3,637,early,12,0.20220463436451394,0.1964695595728523,0.24418730198454977,0.39172164501064016,-0.005735074791661641,0.04198266762003581
persistence,low_to_high,3,637,late,16,0.27230297703158013,0.3362474578845307,0.23255141627450782,0.36963376895958777,0.06394448085295058,-0.039751560757072285
persistence,low_to_high,3,637,mid,12,0.20196339985225387,0.20196339985225387,0.17363189074744412,0.2142785835769612,0.0,-0.02833150910480978
persistence,low_to_high,3,638,all_post,40,0.1903494643990115,0.2206318560399569,0.23067645123639427,0.1725998469505408,0.03028239164094538,0.040326986837382776
persistence,low_to_high,3,638,early,12,0.22961028808627879,0.21680470954000977,0.23234487057667763,0.23339794173055048,-0.012805578546268988,0.0027345824903988124
persistence,low_to_high,3,638,late,16,0.17605893210311463,0.23013993760243362,0.2299435740404577,0.15903107627155552,0.05408100549931896,0.05388464193734306
persistence,low_to_high,3,638,mid,12,0.17014268377294006,0.21178156045660176,0.22998520149069313,0.1298934464091782,0.041638876683661646,0.059842517717753035
persistence,low_to_high,3,639,all_post,40,0.2516896829738026,0.43993279522691947,0.26915593264712057,0.25936811261104603,0.1882431122531169,0.01746624967331793
persistence,low_to_high,3,639,early,12,0.21508498594581926,0.1804784540805722,0.16914632061120372,0.19029853396193927,-0.03460653186524704,-0.04593866533461554
persistence,low_to_high,3,639,late,16,0.24624295927497408,0.6675554856031595,0.3128639788629876,0.24544043329467644,0.42131252632818533,0.06662101958801356
persistence,low_to_high,3,639,mid,12,0.29555667826689064,0.39589021587161355,0.3108881497285479,0.3470079303486456,0.10033353760472295,0.015331471461657198
persistence,low_to_high,6,630,all_post,39,0.5529428447711394,0.5471386696795038,0.5416523536134138,0.5487113548659436,-0.005804175091635757,-0.011290491157725655
persistence,low_to_high,6,630,early,12,0.555204109452995,0.5562703561066767,0.5370650598372304,0.6353110192887008,0.0010662466536817336,-0.018139049615764624
persistence,low_to_high,6,630,late,15,0.5947457813438862,0.4625838833487358,0.47756279627678916,0.4167521843700623,-0.13216189799515027,-0.11718298506709693
persistence,low_to_high,6,630,mid,12,0.4984279093733505,0.6437004661657905,0.6263515940603779,0.6270606535630386,0.14527255679243992,0.1279236846870274
persistence,low_to_high,6,631,all_post,39,0.5870897007113373,0.35606934446449806,0.3760282487806704,0.3882408870478915,-0.23102035624683914,-0.21106145193066686
persistence,low_to_high,6,631,early,12,0.1875578226225604,0.18744485637345276,0.18060054182024912,0.2994155952956468,-0.00011296624910760976,-0.006957280802311286
persistence,low_to_high,6,631,late,15,0.9709891712402233,0.511506773917159,0.5487700258022593,0.5326182149017564,-0.45948239732306434,-0.4222191454379642
persistence,low_to_high,6,631,mid,12,0.5067472406390063,0.33039704573971723,0.3555287344641056,0.296594518982805,-0.17635019489928916,-0.15121850617490076
persistence,low_to_high,6,632,all_post,39,0.2483881661281601,0.2963161427429171,0.296318473011525,0.1898036921969951,0.04792797661475697,0.04793030688336488
persistence,low_to_high,6,632,early,12,0.37704592275654236,0.35769843801482576,0.3577038527918916,0.22810996737022252,-0.019347484741716593,-0.019342069964650793
persistence,low_to_high,6,632,late,15,0.23944916340344646,0.3547060701102605,0.35470615635228675,0.24087312554531143,0.11525690670681404,0.11525699294884036
persistence,low_to_high,6,632,mid,12,0.1309041629056698,0.16194643826182906,0.16194848905520604,0.08766062533837221,0.03104227535615923,0.031044326149536217
persistence,low_to_high,6,633,all_post,39,0.2937517975819114,0.36551778139601226,0.36551805528960507,0.2604286599815423,0.0717659838141009,0.07176625770769367
persistence,low_to_high,6,633,early,12,0.3195983135152955,0.3212703930944543,0.3212708672928329,0.22730756452375678,0.0016720795791588829,0.0016725537775374704
persistence,low_to_high,6,633,late,15,0.3141269398138824,0.36147655943884627,0.36147664491546894,0.30106116284373485,0.04734961962496393,0.047349705101586495
persistence,low_to_high,6,633,mid,12,0.24243635385856352,0.41481669714402764,0.4148170062540473,0.24275912686158688,0.17238034328546412,0.17238065239548386
persistence,low_to_high,6,634,all_post,39,0.35663464685589163,0.3478985754092599,0.3499358303665897,0.31115847924116896,-0.00873607144663168,-0.00669881648930196
persistence,low_to_high,6,634,early,12,0.18869837903235961,0.23772833819199982,0.2339816276830503,0.2635022027346093,0.04902995915964022,0.045283248650690694
persistence,low_to_high,6,634,late,15,0.4350888567049659,0.358305141170766,0.3600593383657208,0.3284614321606672,-0.07678371553419995,-0.0750295183392451
persistence,low_to_high,6,634,mid,12,0.4265031523680807,0.4450606054246375,0.453235648051215,0.33718606459835576,0.018557453056556778,0.026732495683134294
persistence,low_to_high,6,635,all_post,39,0.5281378979073919,0.6352065889804762,0.5319549769784035,0.5245210078834693,0.1070686910730844,0.0038170790710117817
persistence,low_to_high,6,635,early,12,0.3922509489645573,0.381971301438939,0.4198826878124573,0.32416343213270815,-0.010279647525618241,0.027631738847899975
persistence,low_to_high,6,635,late,15,0.7136830106592406,0.985873636435307,0.6718889138874322,0.6596063445048396,0.2721906257760663,-0.04179409677180824
persistence,low_to_high,6,635,mid,12,0.4320934559104151,0.4501080672034748,0.46910984500806374,0.5560219128575178,0.018014611293059656,0.037016389097648594
persistence,low_to_high,6,636,all_post,39,0.3295737256919783,0.3574538322364065,0.3636424713756077,0.2928085172395944,0.02788010654442824,0.03406874568362936
persistence,low_to_high,6,636,early,12,0.288813259057291,0.27419906069808975,0.2745071188323635,0.2085020357277867,-0.014614198359201224,-0.01430614022492746
persistence,low_to_high,6,636,late,15,0.4067802064765372,0.48049568135083304,0.4899950824205806,0.34575344134879915,0.07371547487429585,0.0832148759440434
persistence,low_to_high,6,636,mid,12,0.2738260913459672,0.2869062923816904,0.29483706011263583,0.31093384361489623,0.0130802010357232,0.021010968766668636
persistence,low_to_high,6,637,all_post,39,0.2865226980962587,0.33694548273479547,0.28267617078633217,0.7207254507437267,0.05042278463853686,-0.003846527309926443
persistence,low_to_high,6,637,early,12,0.24698795243898472,0.20328587036875467,0.2960297094773546,0.7547343441524075,-0.04370208207022999,0.0490417570383699
persistence,low_to_high,6,637,late,15,0.34039267995123723,0.506453585667617,0.32679557967906075,0.8218530614505054,0.16606090571637983,-0.013597100272176444
persistence,low_to_high,6,637,mid,12,0.2587199664348094,0.2587199664348094,0.21417337097939906,0.5603070439515727,0.0,-0.04454659545541029
persistence,low_to_high,6,638,all_post,39,0.20013302709881983,0.2780829823943273,0.2913290926236438,0.2759733443127237,0.07794995529550751,0.091196065524824
persistence,low_to_high,6,638,early,12,0.21440132189405534,0.21663283394748803,0.22980351428567036,0.3563477427946258,0.0022315120534327176,0.01540219239161505
persistence,low_to_high,6,638,late,15,0.1998281473210924,0.3250331334556732,0.332233163660199,0.2321526727229114,0.1252049861345808,0.13240501633910667
persistence,low_to_high,6,638,mid,12,0.1862458320257437,0.28084544201448436,0.30172458216592324,0.25037478531808677,0.0945996099887406,0.11547875014017955
persistence,low_to_high,6,639,all_post,39,0.3643915464860722,0.5718517286153518,0.3490460035257713,0.53085371182535,0.20746018212927964,-0.015345542960300919
persistence,low_to_high,6,639,early,12,0.2652380432397991,0.23724459459375621,0.22906621547685105,0.4873461452744046,-0.027993448646042807,-0.03617182776294798
persistence,low_to_high,6,639,late,15,0.3478761341294086,0.899466839192717,0.40504492752970583,0.5204741900227374,0.5515907050633084,0.05716879340029724
persistence,low_to_high,6,639,mid,12,0.48418931517817493,0.4969399744152411,0.39902713656977334,0.5873356806295612,0.012750659237066114,-0.08516217860840154
persistence,low_to_high,12,630,all_post,37,0.7681063861483325,0.8496826220775131,0.8245268145491218,1.3687315128882953,0.08157623592918074,0.0564204284007893
persistence,low_to_high,12,630,early,12,0.804423469090258,0.774643632238618,0.7044442099486292,1.5016333176917185,-0.029779836851639912,-0.09997925914162868
persistence,low_to_high,12,630,late,13,0.8879777579763181,0.8109776252289852,0.8659415330828348,0.935337492831006,-0.07700013274733286,-0.02203622489348312
persistence,low_to_high,12,630,mid,12,0.6019286503927559,0.9666520251689804,0.8997434740714251,1.7053398964802688,0.3647233747762244,0.29781482367866907
persistence,low_to_high,12,631,all_post,37,1.3240487355309938,0.67155181893381,0.6820823013773515,0.9051975176168672,-0.6524969165971836,-0.6419664341536424
persistence,low_to_high,12,631,early,12,0.3017303747792136,0.28397315108978893,0.2765297110637268,0.7284475072336772,-0.017757223689424673,-0.025200663715486845
persistence,low_to_high,12,631,late,13,2.200516514087253,1.1306551314752349,1.1628797029883233,1.4659614005480641,-1.0698613826120185,-1.03763681109893
persistence,low_to_high,12,631,mid,12,1.3968603361801588,0.5617685648579543,0.5667710399457563,0.4744533214912599,-0.8350917713222049,-0.830089296234403
persistence,low_to_high,12,632,all_post,37,0.4611053764658686,0.4286698141563619,0.46694767781743585,0.32633983048786647,-0.032435562309506734,0.005842301351567158
persistence,low_to_high,12,632,early,12,0.6027357750632453,0.5486146584712713,0.6470576417279806,0.5084463553849256,-0.05412111659197394,0.04432186666473545
persistence,low_to_high,12,632,late,13,0.4352792143477615,0.45841995277559483,0.4774526537982316,0.29386982000866885,0.023140738427833304,0.04217343945047008
persistence,low_to_high,12,632,mid,12,0.34745332016310804,0.2764956530039501,0.27545732326102873,0.1794091502766049,-0.07095766715915792,-0.07199599690207925
persistence,low_to_high,12,633,all_post,37,0.409092407200514,0.49933019494473485,0.4805123748347462,0.3634132490612577,0.09023778774422087,0.0714199676342321
persistence,low_to_high,12,633,early,12,0.5563279902237978,0.5100435881074065,0.49051850396555846,0.381205359473044,-0.046284402116391225,-0.06580948625823922
persistence,low_to_high,12,633,late,13,0.33614360123311915,0.4409649755823113,0.42125358549235137,0.35687060716881663,0.10482137434919209,0.08510998425923223
persistence,low_to_high,12,633,mid,12,0.3408846973085748,0.5518457894246889,0.534703267491528,0.3527090006996161,0.21096109211611416,0.19381857018295323
persistence,low_to_high,12,634,all_post,37,0.43380889230361136,0.4327476964854677,0.36517606299705524,0.4335279010844762,-0.0010611958181436937,-0.06863282930655612
persistence,low_to_high,12,634,early,12,0.21453524761091483,0.27189790149402854,0.28228059490661467,0.29118984180559926,0.05736265388311371,0.06774534729569986
persistence,low_to_high,12,634,late,13,0.6053678987191007,0.45160558331144934,0.27759114198462725,0.46880545822436065,-0.15376231540765137,-0.3277767567344735
persistence,low_to_high,12,634,mid,12,0.46722694671286114,0.5731681140820932,0.5429551955176262,0.5376486067951451,0.1059411673692322,0.07572824880476507
persistence,low_to_high,12,635,all_post,37,0.9097297445019632,0.9309870654515567,0.8166254814277564,1.1884217201774616,0.021257320949593258,-0.09310426307420688
persistence,low_to_high,12,635,early,12,0.4464862028079905,0.43928902241985224,0.47801234863776343,0.679113360763055,-0.007197180388138204,0.031526145829772985
persistence,low_to_high,12,635,late,13,1.569797133088907,1.6355058967915979,1.2703057845418835,1.7856885139650391,0.06570876370269092,-0.2994913485470233
persistence,low_to_high,12,635,mid,12,0.6579002818934142,0.6594563745315499,0.6637516191774454,1.0506910529886588,0.0015560926381356064,0.0058513372840311205
persistence,low_to_high,12,636,all_post,37,0.3568407870398442,0.43102253883088376,0.46698651607303465,0.5557946291635202,0.0741817517910396,0.11014572903319046
persistence,low_to_high,12,636,early,12,0.3484122108713883,0.3367595818354309,0.3460033781938472,0.4140502190805356,-0.011652629035957388,-0.0024088326775411222
persistence,low_to_high,12,636,late,13,0.4492652088227641,0.6048117703042966,0.6616104165979979,0.7172689109739108,0.15554656148153237,0.21234520777523372
persistence,low_to_high,12,636,mid,12,0.2651429062768035,0.3370138283968062,0.3771270950501788,0.5226085672852483,0.0718709221200027,0.11198418877337525
persistence,low_to_high,12,637,all_post,37,0.40682728805371704,0.806693911895579,0.3773264650154147,1.9297133823378285,0.399866623841862,-0.02950082303830236
persistence,low_to_high,12,637,early,12,0.4178402223352385,1.704935858950205,0.41839569301233537,1.7219286938249079,1.2870956366149666,0.0005554706770969248
persistence,low_to_high,12,637,late,13,0.409493162072731,0.38128399656270273,0.4485066500236104,2.3824681245455106,-0.028209165510028274,0.039013487950879396
persistence,low_to_high,12,637,mid,12,0.39292632358493046,0.3693127064515691,0.25914536992628195,1.647013766792427,-0.02361361713336142,-0.13378095365864853
persistence,low_to_high,12,638,all_post,37,0.2060088295260983,0.34890449953873137,0.36904589822037315,0.2998597500411838,0.14289567001263306,0.1630370686942749
persistence,low_to_high,12,638,early,12,0.1969417341996638,0.21217944185776963,0.22774747803534523,0.29914385981857655,0.015237707658105809,0.030805743835681475
persistence,low_to_high,12,638,late,13,0.22496068387193316,0.5356975541177662,0.5527251787644449,0.290503388987541,0.31073687024583296,0.3277644948925117
persistence,low_to_high,12,638,mid,12,0.1945447493112117,0.28327041475907216,0.3113584311493235,0.3107116980719041,0.08872566544786044,0.11681368183811179
persistence,low_to_high,12,639,all_post,37,0.7058350749702986,0.7894941317353487,0.5335642322858577,1.4860198224138255,0.08365905676504996,-0.172270842684441
persistence,low_to_high,12,639,early,12,0.3964973132041658,0.29394398130179117,0.31051438312397694,1.4007697129686971,-0.1025533319023746,-0.08598293008018883
persistence,low_to_high,12,639,late,13,0.716013432114968,1.1389981713604813,0.5956443320517694,1.359036637902648,0.42298473924551316,-0.12036910006319869
persistence,low_to_high,12,639,mid,12,1.0041462831630397,0.9064149059083458,0.6893606400346672,1.7088350484127293,-0.09773137725469398,-0.3147856431283724
persistence,stable_high,1,630,all_post,40,0.18072154765264217,0.21690068871703744,0.21186973011012472,0.15198951728451737,0.03617914106439527,0.03114818245748254
persistence,stable_high,1,630,early,12,0.17072427592005715,0.17792458590823182,0.1679603393985526,0.1239666173580166,0.007200309988174662,-0.0027639365215045794
persistence,stable_high,1,630,late,16,0.20259346718592708,0.24683486841813368,0.2472357312775044,0.1687531930505467,0.04424140123220661,0.04464226409157732
persistence,stable_high,1,630,mid,12,0.16155626000751397,0.21596455192438135,0.20862445259852394,0.157660849522979,0.05440829191686742,0.047068192591009944
persistence,stable_high,1,631,all_post,40,0.2050251740846118,0.14813813506815635,0.14813813506815635,0.14813813514963653,-0.05688703901645549,-0.05688703901645549
persistence,stable_high,1,631,early,12,0.19141534904804203,0.13244684947465307,0.13244684947465307,0.13244684885354496,-0.0589684995733889,-0.0589684995733889
persistence,stable_high,1,631,late,16,0.21017583217383695,0.1350923468121789,0.1350923468121789,0.13509234648856855,-0.07508348536165806,-0.07508348536165806
persistence,stable_high,1,631,mid,12,0.21176745500221486,0.18122380500296287,0.18122380500296287,0.18122380632715207,-0.030543649999251993,-0.030543649999251993
persistence,stable_high,1,632,all_post,40,0.09472218688231178,0.0834469647688792,0.0834469647688792,0.08344696539627997,-0.011275222113432595,-0.011275222113432595
persistence,stable_high,1,632,early,12,0.10197225390565436,0.08676542764715946,0.08676542764715946,0.08676542770037993,-0.01520682625849488,-0.01520682625849488
persistence,stable_high,1,632,late,16,0.1327146259672043,0.11564491109551941,0.11564491109551941,0.11564491263953877,-0.017069714871684898,-0.017069714871684898
persistence,stable_high,1,632,mid,12,0.036815534412445845,0.03719790678841195,0.03719790678841195,0.03719790676783491,0.0003823723759660987,0.0003823723759660987
persistence,stable_high,1,633,all_post,40,0.1359913277265982,0.11782381201913769,0.11794346597125993,0.12055066792805007,-0.018167515707460495,-0.01804786175533827
persistence,stable_high,1,633,early,12,0.145811045540466,0.1503019561736231,0.1509537430452562,0.16197341331432585,0.004490910633157115,0.005142697504790204
persistence,stable_high,1,633,late,16,0.16398151682341144,0.12477430477855524,0.12492869047094626,0.12757882323716557,-0.039207212044856214,-0.039052826352465195
persistence,stable_high,1,633,mid,12,0.0888513577836461,0.07607834418542894,0.07561955623101525,0.06975704879628696,-0.012773013598217142,-0.01323180155263084
persistence,stable_high,1,634,all_post,40,0.15941087278987714,0.22601248865779427,0.14663944221415748,0.1466394418291516,0.06660161586791716,-0.01277143057571967
persistence,stable_high,1,634,early,12,0.1538538830194176,0.20581454089702733,0.13719683331496116,0.13719683420386714,0.05196065787760971,-0.016657049704456448
persistence,stable_high,1,634,late,16,0.19560660066318794,0.31811460981081646,0.17018874113620444,0.17018874108006202,0.12250800914762852,-0.025417859526983517
persistence,stable_high,1,634,mid,12,0.11670689206258898,0.12340760821453171,0.12468298588395788,0.12468298378655544,0.006700716151942742,0.007976093821368907
persistence,stable_high,1,635,all_post,40,0.1485787556953287,0.12206901053552803,0.12584573410793493,0.12206900941519745,-0.026509745159800674,-0.022733021587393754
persistence,stable_high,1,635,early,12,0.07626633343912335,0.08380828615386372,0.08491750534448068,0.08380828589204777,0.0075419527147403895,0.008651171905357344
persistence,stable_high,1,635,late,16,0.2519838389644082,0.15069732486780343,0.15499330023328653,0.15069732364201982,-0.10128651409660475,-0.09699053873112162
persistence,stable_high,1,635,mid,12,0.08301773359276143,0.12215864914082514,0.12791054137092042,0.12215864730258402,0.039140915548063676,0.04489280777815896
persistence,stable_high,1,636,all_post,40,0.13414165278674345,0.10765915197019023,0.10476821197532846,0.09933264507085379,-0.026482500816553234,-0.029373440811415002
persistence,stable_high,1,636,early,12,0.1684156157370663,0.13184993080381405,0.13297238078751608,0.14017562967778413,-0.03656568493325228,-0.0354432349495502
persistence,stable_high,1,636,late,16,0.09873503110453763,0.11741521412446798,0.11111285735721507,0.09555190039917785,0.018680183019930345,0.012377826252677459
persistence,stable_high,1,636,mid,12,0.14707651874602834,0.07046029026419606,0.06810451598729193,0.06353065335949139,-0.07661622848183229,-0.07897200275873643
persistence,stable_high,1,637,all_post,40,0.13510957095634646,0.13664616147665667,0.13664616147665667,0.13664616110984024,0.0015365905203102077,0.0015365905203102077
persistence,stable_high,1,637,early,12,0.11206991900667419,0.10109654033797566,0.10109654033797566,0.1010965406854042,-0.010973378668698524,-0.010973378668698524
persistence,stable_high,1,637,late,16,0.17453988164637613,0.18870598233410787,0.18870598233410787,0.1887059823247078,0.014166100687731751,0.014166100687731751
persistence,stable_high,1,637,mid,12,0.10557547531931256,0.1027826881387361,0.1027826881387361,0.10278268658111957,-0.0027927871805764615,-0.0027927871805764615
persistence,stable_high,1,638,all_post,40,0.1033213997217473,0.09212800312899329,0.09308652281348487,0.09212800296517495,-0.01119339659275401,-0.010234876908262424
persistence,stable_high,1,638,early,12,0.1550899337115231,0.1550899337115226,0.15770808436601502,0.15508993315537864,-5.06394694695563e-16,0.0026181506544918757
persistence,stable_high,1,638,late,16,0.10359651422746054,0.07561302274557588,0.07443607232103569,0.07561302314377241,-0.02798349148188465,-0.029160441906424826
persistence,stable_high,1,638,mid,12,0.05118604639102047,0.05118604639102047,0.05333222858422029,0.05118604587017465,0.0,0.0021461821931998168
persistence,stable_high,1,639,all_post,40,0.1434613133822195,0.3568776832979113,0.12917005847962398,0.11502888850779044,0.21341636991569177,-0.014291254902595515
persistence,stable_high,1,639,early,12,0.12992556032644778,0.20261163711876384,0.08727074936318896,0.07183133712627492,0.07268607679231605,-0.042654810963258814
persistence,stable_high,1,639,late,16,0.11896139603505873,0.5108379906472337,0.13840186690484801,0.10486692647013067,0.391876594612175,0.019440470869789263
persistence,stable_high,1,639,mid,12,0.18966362290087227,0.3058633196779624,0.15876028969576042,0.17177572260618568,0.11619969677708997,-0.030903333205111915
persistence,stable_high,3,630,all_post,40,0.4246493802313812,0.33793150784356973,0.33571517362078557,0.3379315085339042,-0.08671787238781145,-0.08893420661059562
persistence,stable_high,3,630,early,12,0.5823453885746179,0.3502416981136473,0.34153554928651547,0.35024169987665205,-0.2321036904609707,-0.24080983928810254
persistence,stable_high,3,630,late,16,0.3889318449504996,0.32483477573928776,0.3234494611781815,0.32483477611338024,-0.06409706921121186,-0.0654823837723181
persistence,stable_high,3,630,mid,12,0.3145767522626531,0.343083627045868,0.34624908121186104,0.34308362708518797,0.028506874783214953,0.031672328949207906
persistence,stable_high,3,631,all_post,40,0.3508980031468162,0.2389595706176689,0.2389595706176689,0.23895957073533708,-0.11193843252914733,-0.11193843252914733
persistence,stable_high,3,631,early,12,0.19348921385180132,0.1933368583107011,0.1933368583107011,0.19333685764038586,-0.00015235554110023958,-0.00015235554110023958
persistence,stable_high,3,631,late,16,0.48623791087333745,0.25962663728107194,0.25962663728107194,0.25962663735358865,-0.22661127359226552,-0.22661127359226552
persistence,stable_high,3,631,mid,12,0.3278535821398028,0.25702619404009935,0.25702619404009935,0.257026195005953,-0.07082738809970347,-0.07082738809970347
persistence,stable_high,3,632,all_post,40,0.15537599334768867,0.13118749188160123,0.13082915874075943,0.1311874924586846,-0.024188501466087465,-0.02454683460692924
persistence,stable_high,3,632,early,12,0.2054962718351342,0.1507577664425567,0.1505649165772707,0.15075776675945174,-0.05473850539257744,-0.05493135525786352
persistence,stable_high,3,632,late,16,0.19121889940442577,0.18255282690659275,0.18184483110764377,0.1825528280343174,-0.008666072497833006,-0.009374068296782005
persistence,stable_high,3,632,mid,12,0.05746517345126037,0.04313010395399027,0.04307250441506908,0.043130104057073716,-0.014335069497270085,-0.014392669036191278
persistence,stable_high,3,633,all_post,40,0.16058776335017688,0.1543655403233603,0.1543321723763659,0.1572022754924602,-0.006222223026816532,-0.0062555909738109625
persistence,stable_high,3,633,early,12,0.1377917025237408,0.1320502605890672,0.13288555701728763,0.1463743446229487,-0.005741441934673623,-0.0049061455064531275
persistence,stable_high,3,633,late,16,0.1886139648005965,0.18559670244100807,0.18565655095388778,0.18835724194763465,-0.003017262359588435,-0.0029574138467087403
persistence,stable_high,3,633,mid,12,0.14601555557605336,0.1350392705674565,0.13401294963208163,0.1264902510884058,-0.010976285008596905,-0.012002605943971761
persistence,stable_high,3,634,all_post,40,0.22402299412630233,0.2238197046363684,0.2238197046363684,0.22381970353829428,-0.0002032894899339645,-0.0002032894899339645
persistence,stable_high,3,634,early,12,0.22068068256911488,0.2200030509360024,0.2200030509360024,0.2200030511189394,-0.000677631633112449,-0.000677631633112449
persistence,stable_high,3,634,late,16,0.263747932654125,0.26374793265412466,0.26374793265412466,0.2637479313880152,-3.076423664427619e-16,-3.076423664427619e-16
persistence,stable_high,3,634,mid,12,0.17439872097972622,0.1743987209797259,0.1743987209797259,0.17439871882468785,-3.550400714165865e-16,-3.550400714165865e-16
persistence,stable_high,3,635,all_post,40,0.29828039009398283,0.2510129511773435,0.2533602180772097,0.25101294914870875,-0.04726743891663929,-0.04492017201677314
persistence,stable_high,3,635,early,12,0.16754176562268872,0.16754176562268872,0.1685438052143898,0.16754176477012686,0.0,0.0010020395917010802
persistence,stable_high,3,635,late,16,0.36402452628677895,0.2831256247418572,0.28593692339321786,0.28312562233711347,-0.08089890154492177,-0.07808760289356106
persistence,stable_high,3,635,mid,12,0.3413601663082155,0.29166723864598015,0.2947410238520186,0.291667235942751,-0.04969292766223526,-0.046619142456196826
persistence,stable_high,3,636,all_post,40,0.22123344630809183,0.1845004498797152,0.18006678653161362,0.17354336778036292,-0.03673299642837663,-0.041166659776478216
persistence,stable_high,3,636,early,12,0.28698025340533334,0.19627000206722836,0.19499993808352112,0.19564817515297853,-0.09071025133810494,-0.09198031532181217
persistence,stable_high,3,636,late,16,0.16378490073781382,0.1833183185122131,0.1747201709989245,0.16009300521800623,0.019533417774399292,0.010935270261110668
persistence,stable_high,3,636,mid,12,0.23208469997122105,0.17430707284887148,0.17226245568995827,0.1693723771575563,-0.05777762712234957,-0.05982224428126277
persistence,stable_high,3,637,all_post,40,0.2848476813979391,0.32059040402176053,0.320731777859444,0.32059040346042084,0.035742722623821485,0.03588409646150499
persistence,stable_high,3,637,early,12,0.3728658317895875,0.3615132114299009,0.36126472861766135,0.3615132124440228,-0.011352620359686568,-0.011601103171926105
persistence,stable_high,3,637,late,16,0.2794546863418843,0.36963376631180067,0.36980556658942915,0.3696337656295826,0.09017907996991642,0.09035088024754487
persistence,stable_high,3,637,mid,12,0.20402019108103034,0.2142764468935667,0.21476710879457997,0.2142764449179365,0.010256255812536303,0.010746917713549582
persistence,stable_high,3,638,all_post,40,0.1985319629947158,0.17410363996592154,0.17275197762357847,0.1726766982086349,-0.024428323028794236,-0.025779985371137338
persistence,stable_high,3,638,early,12,0.24993929141831225,0.23200528915184881,0.23177536337970087,0.23365401249208306,-0.017934002266463436,-0.018163928038611405
persistence,stable_high,3,638,late,16,0.17585834375502368,0.15200513848320246,0.15598729477531947,0.15903107624579277,-0.023853205271821193,-0.01987104897970419
persistence,stable_high,3,638,mid,12,0.17735612689070882,0.1456666594236197,0.13608150233180136,0.12989354654230953,-0.031689467467089116,-0.04127462455890746
persistence,stable_high,3,639,all_post,40,0.2508646422543101,0.4545021079121979,0.2810431573484426,0.25843680519533496,0.2036374656578878,0.030178515094132496
persistence,stable_high,3,639,early,12,0.23925184066710084,0.2830156042237943,0.20219012530865835,0.1872010486021584,0.04376376355669347,-0.03706171535844246
persistence,stable_high,3,639,late,16,0.24638554698863593,0.6627976758651348,0.31602492443683033,0.24544043209068564,0.4164121288764988,0.0696393774481944
persistence,stable_high,3,639,mid,12,0.26844957086241833,0.3482611876633525,0.3132538332703766,0.3470010592613772,0.07981161680093414,0.044804262407958234
persistence,stable_high,6,630,all_post,39,0.5885830631362794,0.5463700814922152,0.5288839261655297,0.5531905944948067,-0.0422129816440641,-0.05969913697074976
persistence,stable_high,6,630,early,12,0.6368877944201184,0.6172615394871371,0.5414832681611002,0.6498572040119328,-0.01962625493298133,-0.09540452625901831
persistence,stable_high,6,630,late,15,0.6152766812584383,0.4398290758507536,0.45099442598894873,0.41675218959013577,-0.17544760540768464,-0.16428225526948956
persistence,stable_high,6,630,mid,12,0.5069113091997414,0.6086548805491203,0.613646459390685,0.627071991108519,0.10174357134937885,0.10673515019094353
persistence,stable_high,6,631,all_post,39,0.5629860092576126,0.3652281291203742,0.39403528741890026,0.3882342169457651,-0.19775788013723827,-0.1689507218387123
persistence,stable_high,6,631,early,12,0.22130094376519582,0.22675257269961543,0.23418259096757166,0.2993939203984075,0.005451628934419607,0.012881647202375812
persistence,stable_high,6,631,late,15,0.9621403719514472,0.48755552635717475,0.5514890973729144,0.5326182149049318,-0.4745848455942724,-0.4106512745785327
persistence,stable_high,6,631,mid,12,0.4057281213827359,0.35079443899513235,0.35707072142771107,0.29659451604416437,-0.05493368238760349,-0.04865739995502488
persistence,stable_high,6,632,all_post,39,0.2499594598512605,0.2742625899425963,0.2042280525444955,0.20422805283009499,0.024303130091335737,-0.04573140730676495
persistence,stable_high,6,632,early,12,0.4009258355371396,0.3339677169124664,0.27498142400037606,0.27498142407386844,-0.06695811862467317,-0.1259444115367635
persistence,stable_high,6,632,late,15,0.23932648443848298,0.3280208514588781,0.24087312657259466,0.24087312728916627,0.08869436702039517,0.0015466421341117005
persistence,stable_high,6,632,mid,12,0.1122843034313533,0.14735963607737368,0.08766833855349106,0.08766833851248247,0.03507533264602036,-0.024615964877862245
persistence,stable_high,6,633,all_post,39,0.265315886959241,0.2477515958650345,0.24730151138208362,0.2566278854875467,-0.01756429109420647,-0.0180143755771574
persistence,stable_high,6,633,early,12,0.20064208221665125,0.19108720718947536,0.1886807231637502,0.21495696312987922,-0.009554875027175926,-0.01196135905290104
persistence,stable_high,6,633,late,15,0.31411347402844064,0.2960283382615475,0.29535120580914664,0.3010611613068861,-0.01808513576689322,-0.018762268219294113
persistence,stable_high,6,633,mid,12,0.268992707865331,0.24407005654495248,0.24586018156658818,0.2427572130710399,-0.024922651320378592,-0.023132526298742878
persistence,stable_high,6,634,all_post,39,0.414298913876794,0.31714706886053406,0.31714706886053406,0.3171470679986187,-0.09715184501625997,-0.09715184501625997
persistence,stable_high,6,634,early,12,0.2778486881619039,0.28296386949179037,0.28296386949179037,0.28296387003100876,0.0051151813298864575,0.0051151813298864575
persistence,stable_high,6,634,late,15,0.47429459180248956,0.3284614303736991,0.3284614303736991,0.3284614298032666,-0.14583316142879052,-0.14583316142879052
persistence,stable_high,6,634,mid,12,0.47575454218456464,0.3371873163378214,0.3371873163378214,0.33718731371041866,-0.13856722584674322,-0.13856722584674322
persistence,stable_high,6,635,all_post,39,0.5602832717834646,0.5249036145146749,0.5249036145146749,0.524903612355011,-0.035379657268789715,-0.035379657268789715
persistence,stable_high,6,635,early,12,0.317686782275259,0.3254097819042437,0.3254097819042437,0.32540978094752177,0.007722999628984692,0.007722999628984692
persistence,stable_high,6,635,late,15,0.7745617758899189,0.6596063562680082,0.6596063562680082,0.6596063535673296,-0.11495541962191057,-0.11495541962191057
persistence,stable_high,6,635,mid,12,0.5350316311586024,0.5560190199334395,0.5560190199334395,0.5560190172471028,0.020987388774836923,0.020987388774836923
persistence,stable_high,6,636,all_post,39,0.3297264198701299,0.3104825743603118,0.368356122982752,0.29442977353090327,-0.019243845509818107,0.03862970311262217
persistence,stable_high,6,636,early,12,0.3714646299535933,0.23977515822703235,0.2770705101619647,0.21376435221305645,-0.1316894717265609,-0.09439411979162858
persistence,stable_high,6,636,late,15,0.40678404354184344,0.36736804274031737,0.4974422334804419,0.34575344192521,-0.039416000801526005,0.0906581899385985
persistence,stable_high,6,636,mid,12,0.19166618019702453,0.3100831550185841,0.29828409768142705,0.3109406093558667,0.11841697482155955,0.10661791748440254
persistence,stable_high,6,637,all_post,39,0.34976830805560194,0.6984693700391508,0.7100032922439836,0.6973687169394682,0.34870106198354883,0.3602349841883817
persistence,stable_high,6,637,early,12,0.47323189886826517,0.6780435316693657,0.6747850403223756,0.6788387221147435,0.2048116328011004,0.2015531414541104
persistence,stable_high,6,637,late,15,0.34881386365285094,0.8233205344921354,0.8382551313010457,0.8218530527692497,0.47450667083928455,0.4894412676481947
persistence,stable_high,6,637,mid,12,0.22749777274637742,0.5628312528427052,0.584906745344264,0.5602932919769661,0.33533348009632774,0.3574089725978866
persistence,stable_high,6,638,all_post,39,0.2049300026318583,0.25573677214870033,0.2646670323669883,0.27623433939117303,0.05080676951684213,0.059737029735130016
persistence,stable_high,6,638,early,12,0.21990738468259408,0.30760868832138516,0.32996719932083746,0.3571958146962801,0.08770130363879104,0.11005981463824333
persistence,stable_high,6,638,late,15,0.20161993484666088,0.21171601727674588,0.21896069047061184,0.2321526726483017,0.01009608243008499,0.017340755623950925
persistence,stable_high,6,638,mid,12,0.19409020531261922,0.2588907995659589,0.2564997927836098,0.25037494751465517,0.06480059425333967,0.06240958747099057
persistence,stable_high,6,639,all_post,39,0.3742844924456872,0.5970205162035247,0.3734548658647936,0.5271364622432516,0.2227360237578376,-0.0008296265808936088
persistence,stable_high,6,639,early,12,0.3168207545080212,0.38613861466954086,0.28173501695826975,0.475274805634444,0.0693178601615197,-0.035085737549751445
persistence,stable_high,6,639,late,15,0.348408411294711,0.9208486722132775,0.4290795768658944,0.5204741866306113,0.5724402609185664,0.08067116557118328
persistence,stable_high,6,639,mid,12,0.4640933318220735,0.4031172227253179,0.3956438260199416,0.5873259633678599,-0.060976109096755604,-0.0684495058021319
persistence,stable_high,12,630,all_post,37,0.7955877585371401,1.1207198130091565,0.8040775462498689,1.383001584223147,0.3251320544720163,0.008489787712728545
persistence,stable_high,12,630,early,12,0.7481299017871595,1.2065347908926507,0.7680767195718629,1.5456002363774448,0.4584048891054912,0.019946817784703377
persistence,stable_high,12,630,late,13,0.9216218141992579,0.914743879710005,0.7908807708960377,0.9353375067944137,-0.006877934489253061,-0.1307410433032202
persistence,stable_high,12,630,mid,12,0.7065087216531598,1.2580454295330763,0.8543748795611913,1.7053723492833102,0.5515367078799164,0.1478661579080316
persistence,stable_high,12,631,all_post,37,1.3105473926267117,0.6980812593938144,0.728977044246044,0.9051783621128441,-0.6124661332328971,-0.5815703483806672
persistence,stable_high,12,631,early,12,0.3927206930616875,0.37749906019330304,0.3596422998111571,0.7283884528951569,-0.015221632868384523,-0.033078393250530295
persistence,stable_high,12,631,late,13,2.133617612120894,1.1187684911049578,1.2050288020295292,1.465961400559212,-1.0148491210159363,-0.9285888100913648
persistence,stable_high,12,631,mid,12,1.3367146877397038,0.5629189575739204,0.5825890510821555,0.4744533130136334,-0.7737957301657836,-0.7541256366575482
persistence,stable_high,12,632,all_post,37,0.4884775367791868,0.511465342754206,0.38625375296607434,0.36266663480181327,0.02298780597501908,-0.1022237838131123
persistence,stable_high,12,632,early,12,0.8909574260341828,0.7181365521872095,0.5577780295247837,0.6204394593547728,-0.17282087384697312,-0.33317939650939904
persistence,stable_high,12,632,late,13,0.3100691366790628,0.5056954129778581,0.28962836843840534,0.29386982092742336,0.19562627629879514,-0.020440768240657523
persistence,stable_high,12,632,mid,12,0.279273414299325,0.31104489057891216,0.3194069763123401,0.17942369194610922,0.03177147627958714,0.040133562013015066
persistence,stable_high,12,633,all_post,37,0.3563929620085405,0.4110920605635525,0.40762218683855084,0.35488631912804003,0.05469909855501202,0.05122922483001032
persistence,stable_high,12,633,early,12,0.36643685858995956,0.36407027114635065,0.4055256584079568,0.35491851874128927,-0.002366587443608853,0.03908879981799736
persistence,stable_high,12,633,late,13,0.33504714123380136,0.35478654247869024,0.3187903047934496,0.3568706051503173,0.019739401244888814,-0.01625683644035182
persistence,stable_high,12,633,mid,12,0.3694737045997556,0.5191114945726886,0.5059532541513379,0.3527044763239906,0.14963778997293303,0.13647954955158229
persistence,stable_high,12,634,all_post,37,0.5132680095553185,0.6779537455046821,0.6961485405615054,0.4451513963995241,0.16468573594936342,0.18288053100618704
persistence,stable_high,12,634,early,12,0.41471595120430343,1.0488432505616054,1.088321273096842,0.3270185368734822,0.6341272993573022,0.6736053218925386
persistence,stable_high,12,634,late,13,0.5967039203174562,0.5035334844456075,0.5179015414541082,0.4688054561405419,-0.09317043587184884,-0.07880237886334816
persistence,stable_high,12,634,mid,12,0.5214311645806842,0.49601952326175563,0.4970767237258495,0.5376590245394638,-0.0254116413189286,-0.024354440854834746
persistence,stable_high,12,635,all_post,37,0.8750120394162569,1.1818477881404412,1.0125935185484578,1.1807062769154064,0.30683574872418484,0.1375814791322011
persistence,stable_high,12,635,early,12,0.3870880040241906,0.38173723801522347,0.386844864448032,0.655296663672541,-0.005350766008967114,-0.00024313957615859869
persistence,stable_high,12,635,late,13,1.572078410791129,2.4507825859261336,1.9552074093345884,1.7856885403525773,0.8787041751350043,0.3831289985434594
persistence,stable_high,12,635,mid,12,0.6077808391522114,0.6072789739978269,0.6171771242972423,1.050718438101338,-0.0005018651543843844,0.0093962851450309
persistence,stable_high,12,636,all_post,37,0.3309845770531017,0.33003175177612504,0.3779482118278427,0.5604570842836036,-0.0009528252769766214,0.04696363477474113
persistence,stable_high,12,636,early,12,0.27908886550583195,0.29118766295050597,0.31469161992679423,0.4284130761291815,0.012098797444674033,0.035602754420962314
persistence,stable_high,12,636,late,13,0.44449692785062117,0.4526968924354401,0.5261581507621976,0.7172689125563132,0.008199964584818984,0.08166122291157653
persistence,stable_high,12,636,mid,12,0.259908575236392,0.23598860488748616,0.2806440365500069,0.5226216118092561,-0.023919970348905844,0.020735461313614905
persistence,stable_high,12,637,all_post,37,0.662566249670411,0.9339812437007643,8.658525940952709,1.8610965900002756,0.27141499403035313,7.9959596912823
persistence,stable_high,12,637,early,12,1.2015999304718838,1.9890635214709673,6.013892410765812,1.5104153221455763,0.7874635909990836,4.812292480293928
persistence,stable_high,12,637,late,13,0.48903001873803953,0.4033576236381029,11.196193796040887,2.382468099113015,-0.08567239509993677,10.70716377730285
persistence,stable_high,12,637,mid,12,0.31153015237900766,0.45374122099844466,8.554019294794083,1.6469587229828406,0.14221106861943694,8.242489142415076
persistence,stable_high,12,638,all_post,37,0.20980420122541862,0.25949475342550127,0.2911336331695721,0.3000996765154326,0.0496905522000826,0.08132943194415349
persistence,stable_high,12,638,early,12,0.18055492706788198,0.22664593736422753,0.28197781289423735,0.29988352636433885,0.046091010296345554,0.10142288582635535
persistence,stable_high,12,638,late,13,0.2236276445190091,0.2763757513733204,0.2838798732272484,0.29050338888523053,0.05274810685431132,0.06025222870823928
persistence,stable_high,12,638,mid,12,0.2240780784815656,0.27405582170997084,0.30814769338242437,0.3107118049325787,0.04997774322840521,0.08406961490085874
persistence,stable_high,12,639,all_post,37,0.6575816689607717,0.8691901697210543,0.5643168655369837,1.469062034417741,0.2116085007602828,-0.09326480342378812
persistence,stable_high,12,639,early,12,0.4602785234040711,0.49288874551472356,0.38295900865555627,1.3485004214330416,0.03261022211065258,-0.07731951474851485
persistence,stable_high,12,639,late,13,0.7569002098551567,1.421050181556679,0.632468557056518,1.3590366293322078,0.6641499717015222,-0.12443165279863887
persistence,stable_high,12,639,mid,12,0.7472897285485552,0.6476432477721256,0.6718437232722487,1.7088178362451005,-0.09964648077642953,-0.0754460052763065
persistence,stable_low,1,630,all_post,40,0.49739313804995433,0.4709779127677022,0.45272515322145973,0.8307537234063845,-0.026415225282252208,-0.044667984828494704
persistence,stable_low,1,630,early,12,0.36135776200372666,0.3537785026951827,0.33893663758659803,1.0226477087535597,-0.007579259308543931,-0.022421124417128565
persistence,stable_low,1,630,late,16,0.6141298510628145,0.536226889932859,0.5278040682952467,0.6332461360817253,-0.07790296112995534,-0.08632578276756772
persistence,stable_low,1,630,mid,12,0.47777956341236877,0.5011786866200125,0.4664084487579386,0.9022031878254219,0.02339912320764369,-0.011371114654430178
persistence,stable_low,1,631,all_post,40,0.4764150678932915,0.40134589741936944,0.40134589741936944,0.5952796928900176,-0.07506917047392203,-0.07506917047392203
persistence,stable_low,1,631,early,12,0.38204148118814013,0.36005060225941626,0.36005060225941626,0.42972605773115763,-0.02199087892872391,-0.02199087892872391
persistence,stable_low,1,631,late,16,0.36392419373656315,0.314748183235497,0.314748183235497,0.5369495543352237,-0.04917601050106618,-0.04917601050106618
persistence,stable_low,1,631,mid,12,0.7207764868074141,0.5581048114911528,0.5581048114911528,0.8386068461219361,-0.16267167531626128,-0.16267167531626128
persistence,stable_low,1,632,all_post,40,0.3307814809930793,0.24157008872540758,0.24714969256857441,0.4507056970880926,-0.08921139226767175,-0.08363178842450489
persistence,stable_low,1,632,early,12,0.3070013045296001,0.28088104565955707,0.2909171660104582,0.33434788329012627,-0.026120258870043062,-0.016084138519141977
persistence,stable_low,1,632,late,16,0.5049699170038482,0.3024508424673564,0.3035533196354684,0.7261868531522515,-0.20251907453649184,-0.2014165973683798
persistence,stable_low,1,632,mid,12,0.12231040944220002,0.12108479346865976,0.1281773830374988,0.19975530280051398,-0.0012256159735402501,0.005866973595298776
persistence,stable_low,1,633,all_post,40,0.38080157811419124,0.37144251771283515,0.37119228585241937,0.6032511972847179,-0.00935906040135608,-0.00960929226177186
persistence,stable_low,1,633,early,12,0.46876024186051457,0.4737240912044535,0.4730749580078794,0.9671385861417222,0.004963849343938893,0.0043147161473647685
persistence,stable_low,1,633,late,16,0.42578752445715773,0.4094650959975723,0.40940053526759934,0.5701695029803275,-0.01632242845958551,-0.01638698918955841
persistence,stable_low,1,633,mid,12,0.2328616525772458,0.21846417317490063,0.21836528114338605,0.2834727341669006,-0.014397479402345157,-0.01449637143385975
persistence,stable_low,1,634,all_post,40,0.48926585043767484,0.45895486675183045,0.47362497784667623,0.5319051393837351,-0.03031098368584434,-0.015640872590998604
persistence,stable_low,1,634,early,12,0.41018513957837116,0.39937420891860564,0.43226773082790665,0.6356271551366315,-0.010810930659765572,0.022082591249535488
persistence,stable_low,1,634,late,16,0.6293587510806895,0.5417210649566033,0.5971608658498921,0.6345558004916387,-0.08763768612408608,-0.03219788523079738
persistence,stable_low,1,634,mid,12,0.3815560271062921,0.408180593645358,0.3502677075278244,0.29131557548696724,0.026624566539065888,-0.031288319578467734
persistence,stable_low,1,635,all_post,40,0.37436857628111936,0.3282828127273068,0.30287546803139936,0.4079089075079195,-0.04608576355381252,-0.07149310824971997
persistence,stable_low,1,635,early,12,0.17554698118497944,0.2068908743233184,0.20471492194998617,0.3789467258069024,0.03134389313833897,0.029167940765006756
persistence,stable_low,1,635,late,16,0.5436262984044975,0.37529564292453016,0.3243085362794429,0.603764605143228,-0.16833065547996734,-0.21931776212505466
persistence,stable_low,1,635,mid,12,0.3475132085460884,0.3869909775349975,0.372458589782088,0.1757301590285252,0.039477768988909055,0.02494538123599954
persistence,stable_low,1,636,all_post,40,0.3331352548493357,0.29904356578904984,0.2924082500729879,0.39282578484987807,-0.03409168906028585,-0.04072700477634777
persistence,stable_low,1,636,early,12,0.4110461068456322,0.3957287822819208,0.40413049116756045,0.7054851237539986,-0.015317324563711402,-0.006915615678071692
persistence,stable_low,1,636,late,16,0.3414380207081045,0.3179812333928171,0.30711205403509056,0.2470979224059423,-0.02345678731528741,-0.03432596667301391
persistence,stable_low,1,636,mid,12,0.2441540483746807,0.17710812582448912,0.16108093702894502,0.2744702625376718,-0.06704592255019153,-0.08307311134573565
persistence,stable_low,1,637,all_post,40,0.2944501125163089,0.32071524503080734,0.31177011978115327,0.521581140751467,0.026265132514498447,0.0173200072648444
persistence,stable_low,1,637,early,12,0.23035749718236279,0.22409793629221494,0.24105078248601933,0.49181022342543623,-0.006259560890147865,0.01069328530365654
persistence,stable_low,1,637,late,16,0.3590638703409772,0.42325357900638544,0.3960183115657587,0.7627628275965344,0.06418970866540825,0.03695444122478149
persistence,stable_low,1,637,mid,12,0.27239105075069725,0.28061477513529565,0.27015853469681345,0.22977647561740802,0.00822372438459835,-0.002232516053883849
persistence,stable_low,1,638,all_post,40,0.3368725835581933,0.26494869245186137,0.25985034191441425,0.3839331313737607,-0.0719238911063319,-0.07702224164377895
persistence,stable_low,1,638,early,12,0.5775723402461435,0.4176670432311827,0.441159327083451,0.5659664790090632,-0.15990529701496078,-0.13641301316269241
persistence,stable_low,1,638,late,16,0.28801279616723396,0.21537083737027607,0.2091133327328371,0.41424535191448275,-0.07264195879695791,-0.07889946343439684
persistence,stable_low,1,638,mid,12,0.16131921005818883,0.17833414844798715,0.1461907023208138,0.16148348968416235,0.017014938389798354,-0.01512850773737501
persistence,stable_low,1,639,all_post,40,0.36911496294290924,0.42383564735161094,0.3462023667259798,0.49220227352312323,0.054720684408701745,-0.022912596216929388
persistence,stable_low,1,639,early,12,0.229005335246266,0.2039986517975716,0.21662765255200786,0.330432913767449,-0.0250066834486944,-0.012377682694258166
persistence,stable_low,1,639,late,16,0.3169799651067769,0.46363349474108323,0.3293363458992734,0.38571685782887044,0.14665352963430636,0.012356380792496532
persistence,stable_low,1,639,mid,12,0.5787379210877289,0.590608846386354,0.4982651086688936,0.7959521875378011,0.011870925298625096,-0.08047281241883515
persistence,stable_low,3,630,all_post,40,0.43595292743756564,0.41105292981175817,0.4012957802341548,0.8803136775687845,-0.024899997625807403,-0.03465714720341083
persistence,stable_low,3,630,early,12,0.4378716606152093,0.4519569653390783,0.4135557835310401,1.2591923344495077,0.014085304723869053,-0.024315877084169223
persistence,stable_low,3,630,late,16,0.4521494242166132,0.39380121640960564,0.3846634333655421,0.6197436112972994,-0.05834820780700754,-0.06748599085107107
persistence,stable_low,3,630,mid,12,0.4124388652211917,0.3931511788206414,0.411212239428753,0.8488617757167082,-0.019287686400550345,-0.0012266257924387833
persistence,stable_low,3,631,all_post,40,0.4067540464764751,0.36514371188616296,0.4185509361379111,0.5493390035680062,-0.04161033459031226,0.011796889661435947
persistence,stable_low,3,631,early,12,0.23703895347794737,0.24115862479126074,0.2879364862344601,0.38658173156719783,0.004119671313313376,0.05089753275651276
persistence,stable_low,3,631,late,16,0.4288530401183479,0.40405564219756995,0.5152572887568956,0.6691779999877738,-0.024797397920778036,0.0864042486385476
persistence,stable_low,3,631,mid,12,0.5470038146191726,0.4372462252325224,0.4202235825493828,0.5523109470091244,-0.10975758938665019,-0.12678023206978972
persistence,stable_low,3,632,all_post,40,0.2669859950334128,0.28551269557986025,0.28158641123742995,0.40793342635253504,0.01852670054644747,0.01460041620401716
persistence,stable_low,3,632,early,12,0.22142908229318445,0.2250803362543435,0.22228738752429947,0.3680259200929736,0.003651253961159002,0.0008583052311150185
persistence,stable_low,3,632,late,16,0.3904235674254529,0.40458929632367713,0.400430875369342,0.5775090109907917,0.014165728898224145,0.010007307943889113
persistence,stable_low,3,632,mid,12,0.14795947791758762,0.18717625391362136,0.1824261494413443,0.2217401530944212,0.0392167759960337,0.0344666715237567
persistence,stable_low,3,633,all_post,40,0.3402661814272744,0.3283426135275633,0.3283426043963556,0.5252249264887601,-0.011923567899711057,-0.011923577030918786
persistence,stable_low,3,633,early,12,0.3267856718195407,0.3267803763113251,0.32678037740729393,0.6202541326400729,-5.295508215591206e-06,-5.294412246787071e-06
persistence,stable_low,3,633,late,16,0.3433578663823861,0.3182453219192003,0.3182453634980526,0.4739326476798258,-0.02511254446318584,-0.02511250288433349
persistence,stable_low,3,633,mid,12,0.34962444442819235,0.34336790622161883,0.3433678192498211,0.4985854254160265,-0.006256538206573477,-0.006256625178371178
persistence,stable_low,3,634,all_post,40,0.41431173826307344,0.38793665227646174,0.38793994290997075,0.46399408933293473,-0.026375085986611656,-0.026371795353102672
persistence,stable_low,3,634,early,12,0.43303638364777924,0.4347712581547322,0.43405480701231197,0.5195128365441323,0.0017348745069529446,0.0010184233645326446
persistence,stable_low,3,634,late,16,0.44517067230639185,0.42647176608796045,0.4264482026632589,0.474180563156799,-0.018698906218431434,-0.01872246964313304
persistence,stable_low,3,634,mid,12,0.3544418474872763,0.2897218946495264,0.2904807324699122,0.3948933770232513,-0.0647199528377499,-0.06396111501736416
persistence,stable_low,3,635,all_post,40,0.29618828727092295,0.3835604528406328,0.30700043269363764,0.4253199823552188,0.08737216556970981,0.010812145422714673
persistence,stable_low,3,635,early,12,0.17723337500708802,0.17364018736587628,0.17606759979404932,0.3286845833948288,-0.0035931876412117632,-0.001165775213038715
persistence,stable_low,3,635,late,16,0.3574084084467958,0.5709304964376118,0.39390932923915073,0.6527873071704371,0.2135220879908161,0.03650092079235499
persistence,stable_low,3,635,mid,12,0.33351637130026096,0.34365399351941733,0.32205473686587527,0.21866561489531758,0.010137622219156367,-0.011461634434385692
persistence,stable_low,3,636,all_post,40,0.2790052600536647,0.26296733639655684,0.2604990369561502,0.40202994408853227,-0.01603792365710784,-0.018506223097514523
persistence,stable_low,3,636,early,12,0.34924332750787385,0.32959486239601415,0.3300620529573364,0.5567828002614329,-0.01964846511185959,-0.019181274550537333
persistence,stable_low,3,636,late,16,0.2727330083050239,0.2607378609529343,0.25911038209559445,0.31798838801327606,-0.011995147352089619,-0.01362262620942949
persistence,stable_low,3,636,mid,12,0.2171301949309767,0.19931244432192963,0.19278756076903825,0.3593324960159731,-0.017817750609047046,-0.024342634161938433
persistence,stable_low,3,637,all_post,40,0.30333625552823673,0.31689699760261975,0.2939479637405228,0.6224460517174399,0.013560742074382941,-0.009388291787713974
persistence,stable_low,3,637,early,12,0.342648530016741,0.342144808854457,0.3428385055401079,0.772022050385243,-0.0005037211622839858,0.00018997552336689344
persistence,stable_low,3,637,late,16,0.31674338095713384,0.3520051132601033,0.30335451618418974,0.7057352120133948,0.0352617323029695,-0.013388864772944042
persistence,stable_low,3,637,mid,12,0.24614781380120312,0.24483836547413754,0.23251535201604842,0.3618178393216969,-0.0013094483270655506,-0.013632461785154738
persistence,stable_low,3,638,all_post,40,0.25531239751512835,0.26851524945003585,0.2799232137386733,0.4178009040933691,0.01320285193490744,0.024610816223544905
persistence,stable_low,3,638,early,12,0.3360851605798627,0.3226671423314919,0.3409846041676257,0.5980057409018293,-0.013418018248370807,0.004899443587762953
persistence,stable_low,3,638,late,16,0.25264772634544586,0.28723506573847335,0.29427627353861247,0.4574870313751589,0.034587339393027494,0.04162854719316656
persistence,stable_low,3,638,mid,12,0.178092529343304,0.18940360151732963,0.19972441024313536,0.1846812309091894,0.01131107217402562,0.02163188089983131
persistence,stable_low,3,639,all_post,40,0.316124996812574,0.37229332052103137,0.3023527219196815,0.5061154220404256,0.056168323708457424,-0.01377227489289252
persistence,stable_low,3,639,early,12,0.22589571022729427,0.21429024930845242,0.20693883648826275,0.40776753054499976,-0.01160546091884194,-0.018956873739031557
persistence,stable_low,3,639,late,16,0.31710083071843054,0.4903356023914453,0.32480203910227423,0.5219486332624244,0.17323477167301476,0.007701208383843742
persistence,stable_low,3,639,mid,12,0.40505317152337833,0.37290668257305876,0.36783418444097654,0.5833523652398527,-0.03214648895031965,-0.03721898708240184
persistence,stable_low,6,630,all_post,39,0.4415670890702296,0.4074558433695011,0.40759659738646453,0.949579763461642,-0.034111245700728474,-0.03397049168376509
persistence,stable_low,6,630,early,12,0.46226458091350353,0.4299057405552776,0.42300222211585686,1.4666670296403517,-0.03235884035822598,-0.039262358797646696
persistence,stable_low,6,630,late,15,0.44913022703402133,0.38486814217328047,0.391515790182373,0.5848956722278807,-0.06426208486074086,-0.05761443685164844
persistence,stable_low,6,630,mid,12,0.4114156747722159,0.41324057267900044,0.41229198166218656,0.8883476113251337,0.0018248979067845654,0.0008763068899707016
persistence,stable_low,6,631,all_post,39,0.5399397334977414,0.4208008185664742,0.43276160363598404,0.6474727349591921,-0.1191389149312672,-0.10717812986175758
persistence,stable_low,6,631,early,12,0.2502198233310357,0.2560819511769515,0.24842153957788407,0.40281060366626104,0.005862127845915863,-0.0017982837531516475
persistence,stable_low,6,631,late,15,0.7047796787450804,0.513108513349658,0.5362784846405806,0.8976859912285259,-0.19167116539542225,-0.1685011941044998
persistence,stable_low,6,631,mid,12,0.6236097121052737,0.4701350674770172,0.4877055664383379,0.5793682959154559,-0.1534746446282564,-0.13590414566693573
persistence,stable_low,6,632,all_post,39,0.34117737030900797,0.3326784582873463,0.33268016199813877,0.4061275885843289,-0.008498912021661571,-0.008497208310869133
persistence,stable_low,6,632,early,12,0.2846375265645154,0.27074795607224617,0.27075089886986636,0.3795238987692337,-0.013889570492269252,-0.013886627694649004
persistence,stable_low,6,632,late,15,0.47852212158363916,0.4437632448940294,0.443763113643314,0.5513643385513275,-0.034758876689609676,-0.03475900794032509
persistence,stable_low,6,632,mid,12,0.2260362749602113,0.25575297724409257,0.255755735569942,0.25118534094067596,0.02971670228388124,0.0297194606097307
persistence,stable_low,6,633,all_post,39,0.359669765261417,0.3551095024671739,0.3551095247570515,0.5748471322398271,-0.004560262794243082,-0.004560240504365411
persistence,stable_low,6,633,early,12,0.3604744473380417,0.36047338060106365,0.3604734709858393,0.6554472925009097,-1.0667369780744302e-06,-9.763522024035705e-07
persistence,stable_low,6,633,late,15,0.3570601979459484,0.34658635303753016,0.34658627679323334,0.4916076371176796,-0.010473844908418335,-0.010473921152715088
persistence,stable_low,6,633,mid,12,0.36212704232912785,0.36039956112033883,0.3603996384830365,0.5982963408814291,-0.0017274812087890192,-0.0017274038460913244
persistence,stable_low,6,634,all_post,39,0.40579101013947083,0.40563257315685974,0.40430455691650374,0.5201904859113838,-0.00015843698261106201,-0.0014864532229671606
persistence,stable_low,6,634,early,12,0.39301552157625025,0.42760209471796723,0.42428494602730726,0.531280142880347,0.034586573141717016,0.03126942445105705
persistence,stable_low,6,634,late,15,0.4476927115958905,0.44742110456998596,0.4457930237471846,0.5812897053362165,-0.0002716070259045263,-0.0018996878487059258
persistence,stable_low,6,634,mid,12,0.3661893718821669,0.33142738732934457,0.33246358426734895,0.43272680466137964,-0.03476198455282231,-0.03372578761481792
persistence,stable_low,6,635,all_post,39,0.3232003520865653,0.5414998552919581,0.41571613727263046,0.6786525140052139,0.21829950320539274,0.09251578518606522
persistence,stable_low,6,635,early,12,0.17946891632398754,0.17864866665253543,0.17889976360671808,0.38343748945615924,-0.000820249671452109,-0.000569152717269474
persistence,stable_low,6,635,late,15,0.36110515917806124,0.9185515900376839,0.6192342579268024,1.1039944740555216,0.5574464308596229,0.2581290987487412
persistence,stable_low,6,635,mid,12,0.4195507789847733,0.43303637549922297,0.3981348601208281,0.4421900884913836,0.01348559651444973,-0.021415918863945088
persistence,stable_low,6,636,all_post,39,0.2741789172652317,0.27301943836930437,0.27545057071932555,0.41415669215843165,-0.0011594788959272755,0.001271653454093875
persistence,stable_low,6,636,early,12,0.3477773973330696,0.3359082420633767,0.3356529218707322,0.4632675044751391,-0.011869155269692983,-0.01212447546233745
persistence,stable_low,6,636,late,15,0.28831239489922905,0.2935170729373762,0.2970980779977076,0.4236043593722563,0.005204678038147118,0.008785683098478507
persistence,stable_low,6,636,mid,12,0.18291359015489694,0.18450859146514234,0.1881888354699414,0.353236295824443,0.0015950013102454294,0.005275245315044412
persistence,stable_low,6,637,all_post,39,0.33128220108163,0.34809013396150634,0.3062073331766263,0.9628267243788705,0.016807932879876426,-0.025074867905003597
persistence,stable_low,6,637,early,12,0.353238062923978,0.3496865138536896,0.3438848475477723,0.9872613276640827,-0.0035515490702884545,-0.009353215376205669
persistence,stable_low,6,637,late,15,0.341090767951603,0.3925846592645604,0.31117530115790054,1.1436330907387005,0.051493891312957445,-0.02991546679370243
persistence,stable_low,6,637,mid,12,0.29706563065181557,0.2908755974405056,0.26231985882888753,0.7123841631438714,-0.006190033211309961,-0.03474577182292799
persistence,stable_low,6,638,all_post,39,0.2621588820569731,0.2974758613784824,0.30762097809784106,0.49462244540788475,0.03531697932150928,0.04546209604086799
persistence,stable_low,6,638,early,12,0.3278064680980413,0.33315713352922843,0.3464671371766923,0.6847132707203021,0.005350665431187032,0.018660669078650934
persistence,stable_low,6,638,late,15,0.2612339518356812,0.32854293766821246,0.33554806327701026,0.526503768499323,0.06730898583253132,0.07431411144132902
persistence,stable_low,6,638,mid,12,0.19766745879251976,0.22296074386557374,0.23386596254502856,0.26467996623116946,0.025293285073054006,0.036198503752508805
persistence,stable_low,6,639,all_post,39,0.326686122268446,0.4228186620842935,0.32638325809701163,0.650760263912833,0.0961325398158475,-0.00030286417143433495
persistence,stable_low,6,639,early,12,0.27842176061977164,0.269661653345195,0.2641811930236978,0.6335949222069518,-0.008760107274576642,-0.014240567596073825
persistence,stable_low,6,639,late,15,0.34581296282664786,0.602227423817949,0.36129924723937507,0.6660392638141416,0.2564144609913013,0.0154862844127272
persistence,stable_low,6,639,mid,12,0.35104193321936794,0.35171471865632237,0.3449403367423712,0.6488268557420791,0.000672785436954417,-0.006101596476996762
persistence,stable_low,12,630,all_post,37,0.5485298456160879,0.47903289332899895,0.48316473510003066,1.6378187634380375,-0.06949695228708899,-0.06536511051605734
persistence,stable_low,12,630,early,12,0.5098676992054865,0.44568678472200135,0.431677368821439,2.343538030198593,-0.064180914483485,-0.07819033038404741
persistence,stable_low,12,630,late,13,0.5839903907825791,0.45393495541801016,0.4773316955189325,0.9621464232597672,-0.1300554353645689,-0.10665869526364656
persistence,stable_low,12,630,mid,12,0.5487764014296573,0.5395684346729009,0.5409712275914784,1.6640778652039412,-0.009207966756756414,-0.007805173838178951
persistence,stable_low,12,631,all_post,37,1.0446812559708811,0.6605884334791701,0.6726604219118784,1.1741722507259171,-0.38409282249171095,-0.37202083405900266
persistence,stable_low,12,631,early,12,0.3307551248332017,0.3168775091680613,0.30937563479065106,0.794123241731004,-0.01387761566514043,-0.02137949004255062
persistence,stable_low,12,631,late,13,1.4366075469954755,0.8840439063514077,0.9158187778240261,1.8578108850153596,-0.552563640644068,-0.5207887691714497
persistence,stable_low,12,631,mid,12,1.334020571831916,0.7622225955120214,0.7725236567949455,0.8136127392406007,-0.5717979763198947,-0.5614969150369705
persistence,stable_low,12,632,all_post,37,0.4514051267278332,0.42648819474761995,0.4496559538171069,0.5126322341161241,-0.02491693198021316,-0.0017491729107263203
persistence,stable_low,12,632,early,12,0.4268028024161732,0.3738078891618463,0.4072228281297934,0.5729213187198998,-0.052994913254326946,-0.019579974286379895
persistence,stable_low,12,632,late,13,0.5660667493124931,0.5188730193720801,0.5299081121865391,0.622433874860763,-0.047193729940412966,-0.036158637125953914
persistence,stable_low,12,632,mid,12,0.3517906932394448,0.3790849403235619,0.40514924127086854,0.3333913720389898,0.027294247084117106,0.05335854803142382
persistence,stable_low,12,633,all_post,37,0.4129609109597368,0.4043733458079504,0.4010846387281259,0.6064261606570087,-0.0085875651517864,-0.011876272231610911
persistence,stable_low,12,633,early,12,0.4460908136913268,0.4336975275127776,0.42821402507385037,0.7053758910222636,-0.012393286178549229,-0.017876788617476384
persistence,stable_low,12,633,late,13,0.3683095331146365,0.3749156064667376,0.367939773430844,0.500913666775737,0.006606073352101227,-0.00036975968379241955
persistence,stable_low,12,633,mid,12,0.42820333422700546,0.4069617150561036,0.40986218978779004,0.6217816319964643,-0.021241619170901848,-0.018341144439215477
persistence,stable_low,12,634,all_post,37,0.49318748818859864,0.4596785534438339,0.43393279259416345,0.5621316222227716,-0.033508934744764546,-0.059254695594435094
persistence,stable_low,12,634,early,12,0.37020549381049145,0.38928641157253024,0.42642478781814286,0.44840190888120723,0.019080917762038803,0.05621929400765147
persistence,stable_low,12,634,late,13,0.6998414974663396,0.546956890982062,0.40249412844711785,0.6716161857457238,-0.1528846064842775,-0.29734736901922165
persistence,stable_low,12,634,mid,12,0.392294305849153,0.4355191629820574,0.47549935019615003,0.5572530584144707,0.04322485713290447,0.08320504434699716
persistence,stable_low,12,635,all_post,37,0.42779064768627856,0.7855041934669932,0.6496656311868666,1.2481512839236124,0.35771354578071474,0.22187498350058832
persistence,stable_low,12,635,early,12,0.19040487794218727,0.19401243000824805,0.1903514734392967,0.5532149578464874,0.003607552066060725,-5.340450289056132e-05
persistence,stable_low,12,635,late,13,0.4264166603724498,1.426056819491973,1.0833556715193693,2.1507109249652134,0.9996401591195229,0.6569390111469192
persistence,stable_low,12,635,mid,12,0.6666649036870173,0.6830639453986773,0.6391489119075592,0.9653146655390037,0.016399041711660137,-0.027515991779458137
persistence,stable_low,12,636,all_post,37,0.2882754003842345,0.28283734870532135,0.2932221754062747,0.5786199572006842,-0.005438051678913153,0.004946775022040205
persistence,stable_low,12,636,early,12,0.35607373394359826,0.35082514679607263,0.35257970409184747,0.6168943979910243,-0.0052485871475256895,-0.003494029851750816
persistence,stable_low,12,636,late,13,0.30206635191622533,0.31136836893038916,0.3296648683006248,0.6775562852933963,0.009302017014163725,0.027598516384399394
persistence,stable_low,12,636,mid,12,0.20553686933188065,0.1839409453707467,0.19438506275182274,0.43316449430990583,-0.02159592396113391,-0.011151806580057903
persistence,stable_low,12,637,all_post,37,0.47076423651846794,0.8174066030634233,0.3606050780713452,2.1235736691041396,0.34664236654495556,-0.11015915844712265
persistence,stable_low,12,637,early,12,0.5675301740623755,1.5071407559010648,0.41335055293165107,1.9400029044461782,0.9396105818386893,-0.15417962113072448
persistence,stable_low,12,637,late,13,0.47370548107699134,0.47934866869530013,0.34891602019124385,2.5812790575889006,0.005643187618308864,-0.1247894608857474
persistence,stable_low,12,637,mid,12,0.3708119507028263,0.4939018791245821,0.3205227492478157,1.811296929570276,0.1230899284217558,-0.05028920145501061
persistence,stable_low,12,638,all_post,37,0.26459194481416837,0.31425201528524044,0.32674102603764454,0.444481020885024,0.049660070471072,0.06214908122347613
persistence,stable_low,12,638,early,12,0.3225709774165145,0.32840240479088484,0.34241545589401107,0.5680184649193581,0.005831427374370418,0.019844478477496635
persistence,stable_low,12,638,late,13,0.25601102913564194,0.35728339703192713,0.3673707205852969,0.4497690647371205,0.10127236789628521,0.11135969144965505
persistence,stable_low,12,638,mid,12,0.21590890419689268,0.25348429555401863,0.2670510937546544,0.31521486267758553,0.03757539135712595,0.051142189557761765
persistence,stable_low,12,639,all_post,37,0.42392967620863753,0.5036261612163443,0.406328437945427,1.5149984646148007,0.07969648500770671,-0.017601238263210573
persistence,stable_low,12,639,early,12,0.3757350942977277,0.3150002204266609,0.3242177739118202,1.4915793922327067,-0.06073487387106676,-0.0515173203859075
persistence,stable_low,12,639,late,13,0.41267336066129057,0.7638906935675123,0.4922990672404399,1.4390393033803461,0.35121733290622187,0.07962570657914933
persistence,stable_low,12,639,mid,12,0.48431859996250665,0.4102988586255954,0.39530425357610305,1.6207066283342202,-0.07401974133691124,-0.08901434638640356
roughness,high_to_low,1,630,all_post,40,0.5089364670940005,0.4790856305811772,0.46224188995638116,0.8605977322284639,-0.02985083651282334,-0.046694577137619306
roughness,high_to_low,1,630,early,12,0.37501986373560564,0.3673927376977926,0.3438767646216749,1.061989501167919,-0.007627126037812955,-0.03114309911393075
roughness,high_to_low,1,630,late,16,0.6226929054265651,0.5482745918873574,0.5372357875126139,0.6974673478749184,-0.07441831353920772,-0.08545711791395114
roughness,high_to_low,1,630,mid,12,0.49117781934230925,0.4985265750563213,0.4806151518827771,0.8767131424270698,0.007348755714012084,-0.010562667459532103
roughness,high_to_low,1,631,all_post,40,0.4387758253983735,0.44524659813483236,0.4459674371930314,0.5395320764628154,0.006470772736458952,0.007191611794657922
roughness,high_to_low,1,631,early,12,0.45597995779599215,0.44750298938854155,0.44821115725561805,0.45713077455986434,-0.008476968407450556,-0.007768800540374115
roughness,high_to_low,1,631,late,16,0.34814903252060964,0.34567421554553657,0.3463722843030942,0.39822071711354334,-0.0024748169750730053,-0.001776748217515358
roughness,high_to_low,1,631,mid,12,0.5424074168377733,0.575753383666851,0.5765172543170276,0.8103485241647962,0.03334596682907774,0.03410983747925435
roughness,high_to_low,1,632,all_post,40,0.2924465923483874,0.23048894889533003,0.23037239206390292,0.47185743030513655,-0.0619576434530574,-0.06207420028448453
roughness,high_to_low,1,632,early,12,0.26100465061618766,0.2581395937767827,0.2580821378430869,0.3558662343501475,-0.0028650568394049322,-0.002922512773100706
roughness,high_to_low,1,632,late,16,0.4469886064960723,0.311545270232339,0.3085812435027967,0.7137640670241197,-0.1354433362637333,-0.1384073629932756
roughness,high_to_low,1,632,mid,12,0.11783251521700733,0.09476320889786533,0.0983841776995271,0.2653064439681479,-0.023069306319141964,-0.019448337517480194
roughness,high_to_low,1,633,all_post,40,0.41495947670083855,0.3595507961851415,0.3560242722779035,0.6437655937375151,-0.05540868051569704,-0.05893520442293502
roughness,high_to_low,1,633,early,12,0.5339392607233509,0.4110421117079969,0.40867491965748465,0.9258103191364454,-0.12289714901535387,-0.12526434106586617
roughness,high_to_low,1,633,late,16,0.46495043821681525,0.4216889711647622,0.41624259796205476,0.6542959264958881,-0.043261467052052985,-0.04870784025476048
roughness,high_to_low,1,633,mid,12,0.22932507732369065,0.2252085806894584,0.22308252398612075,0.3476804246607537,-0.004116496634232233,-0.0062425533375698936
roughness,high_to_low,1,634,all_post,40,0.47766029738927573,0.49340880149748906,0.49011325550400864,0.5216299992316112,0.015748504108213324,0.012452958114732904
roughness,high_to_low,1,634,early,12,0.48105369726942104,0.4561707310669716,0.4521599320534689,0.6309145845482245,-0.024882966202449425,-0.028893765215952077
roughness,high_to_low,1,634,late,16,0.5581762486040478,0.6433636506197561,0.6367557305614976,0.616035508227187,0.08518740201570829,0.07857948195744971
roughness,high_to_low,1,634,mid,12,0.3669122958894342,0.3307070730983171,0.3325432788778964,0.2864714019208969,-0.03620522279111719,-0.0343690170115378
roughness,high_to_low,1,635,all_post,40,0.4257661339923732,0.3299452619770399,0.30433174780339345,0.43062203791948656,-0.09582087201533322,-0.12143438618897968
roughness,high_to_low,1,635,early,12,0.2316477889872458,0.21520503720940934,0.21379565323756952,0.4444805612415377,-0.01644275177783646,-0.01785213574967626
roughness,high_to_low,1,635,late,16,0.6850805908322601,0.36975913227032364,0.31539856767427976,0.6021094698322305,-0.3153214585619364,-0.36968202315798027
roughness,high_to_low,1,635,mid,12,0.2741318698776512,0.39160032635362546,0.3801120825413689,0.18811360538044364,0.11746845647597422,0.10598021266371777
roughness,high_to_low,1,636,all_post,40,0.3046895277731845,0.2856552054453977,0.2867004712181649,0.39356954449296294,-0.019034322327786762,-0.01798905655501959
roughness,high_to_low,1,636,early,12,0.3990287831889517,0.4010547716845915,0.40208937969291886,0.6495313765287846,0.0020259884956398424,0.0030605965039671515
roughness,high_to_low,1,636,late,16,0.3151608420025452,0.28157470284697994,0.282353417122486,0.27488921582946424,-0.033586139155565214,-0.03280742488005914
roughness,high_to_low,1,636,mid,12,0.19638852005160298,0.17569630933742755,0.17710763487098272,0.29584815067513964,-0.020692210714175433,-0.01928088518062025
roughness,high_to_low,1,637,all_post,40,0.30719876073307084,0.294517235088935,0.2859932289756909,0.6082285742081507,-0.01268152564413586,-0.021205531757379915
roughness,high_to_low,1,637,early,12,0.2791297760880372,0.2665383867855898,0.26984922428066477,0.6043799807482583,-0.012591389302447423,-0.009280551807372453
roughness,high_to_low,1,637,late,16,0.37359465831363275,0.37177276481084187,0.3492046390276041,0.8669733409780063,-0.0018218935027908695,-0.02439001928602868
roughness,high_to_low,1,637,mid,12,0.24673988193735527,0.2194887104297376,0.21785535360149957,0.26708414530823577,-0.027251171507617637,-0.028884528335855683
roughness,high_to_low,1,638,all_post,40,0.34347959865314914,0.31086725238093155,0.29464083472313296,0.3902025435213729,-0.03261234627221756,-0.04883876393001618
roughness,high_to_low,1,638,early,12,0.589804714941996,0.5329006628998643,0.49478517554532253,0.5772463603580688,-0.0569040520421318,-0.09501953939667353
roughness,high_to_low,1,638,late,16,0.28832422761394105,0.24504730754475018,0.2349899698991324,0.41031284767620313,-0.043276920069190865,-0.05333425771480867
roughness,high_to_low,1,638,mid,12,0.17069497708324624,0.17659376831024062,0.1740309803329441,0.1763449878115703,0.005898791226994393,0.003336003249697841
roughness,high_to_low,1,639,all_post,40,0.36082378084662514,0.31932890552458304,0.32309511439318983,0.4920901435280439,-0.04149487532204206,-0.03772866645343524
roughness,high_to_low,1,639,early,12,0.1394518322791584,0.15209915236729796,0.1763784749598688,0.3420608943583798,0.012647320088139576,0.03692664268071046
roughness,high_to_low,1,639,late,16,0.37872939505741743,0.29723801721141735,0.2816160554527951,0.38489856255998545,-0.08149137784600005,-0.09711333960462232
roughness,high_to_low,1,639,mid,12,0.5583215771330354,0.5160131764327557,0.5251171657470374,0.7850415006551194,-0.04230840070027971,-0.033204411385998195
roughness,high_to_low,3,630,all_post,40,0.41849240499332385,0.4140168671571291,0.398151151854705,1.155492670122382,-0.004475537836194693,-0.020341253138618825
roughness,high_to_low,3,630,early,12,0.4528796411609833,0.45855022305861254,0.4337010669356527,1.5434888196776526,0.005670581897629336,-0.019178574225330612
roughness,high_to_low,3,630,late,16,0.41336370319513893,0.3773541556793528,0.36389338182609177,0.9621431488713557,-0.03600954751578608,-0.04947032136904719
roughness,high_to_low,3,630,mid,12,0.39094343788991087,0.4183671265593473,0.40827826347857493,1.0252958822351461,0.02742368866943647,0.017334825588664116
roughness,high_to_low,3,631,all_post,40,0.3528896735294862,0.364085879331236,0.33348510664305503,0.571306314497174,0.011196205801749803,-0.019404566886431142
roughness,high_to_low,3,631,early,12,0.25330467431613374,0.2987733576980874,0.24701292292521196,0.5340576076359177,0.04546868338195372,-0.0062917513909217385
roughness,high_to_low,3,631,late,16,0.4017527325560117,0.3575483757260455,0.33781373414200305,0.5035013665658785,-0.04420435682996618,-0.06393899841400857
roughness,high_to_low,3,631,mid,12,0.38732392737413807,0.43811507243797193,0.4141857870289674,0.6989616186001576,0.050791145063833865,0.026861859654829363
roughness,high_to_low,3,632,all_post,40,0.2661130427234151,0.23922292486159558,0.23900080163892934,0.5432488575101512,-0.02689011786181957,-0.027112241084485778
roughness,high_to_low,3,632,early,12,0.196008654835099,0.19461698938108607,0.19416805353023747,0.5571568055340291,-0.0013916654540128929,-0.0018406013048615285
roughness,high_to_low,3,632,late,16,0.42780766670671166,0.3558371016454993,0.35520971703500887,0.6778007319797651,-0.07197056506121237,-0.07259794967170284
roughness,high_to_low,3,632,mid,12,0.12062459863400245,0.12834329129689995,0.12888832921951518,0.3499384101934546,0.007718692662897486,0.00826373058551271
roughness,high_to_low,3,633,all_post,40,0.3140718203958143,0.3151167882141844,0.31738194370443285,0.592167116167449,0.0010449678183699798,0.0033101233086185178
roughness,high_to_low,3,633,early,12,0.29996439911877176,0.29899701426805625,0.295506545707593,0.6584691325399813,-0.0009673848507155127,-0.0044578534111787554
roughness,high_to_low,3,633,late,16,0.29899679506002075,0.3176417175095523,0.32533502933939157,0.5435388390331962,0.01864492244953149,0.026338234279370806
roughness,high_to_low,3,633,mid,12,0.34827927545391507,0.32786998976648857,0.3286532275213278,0.590702802640587,-0.020409285687426542,-0.01962604793258726
roughness,high_to_low,3,634,all_post,40,0.4021509777572888,0.4629221633678607,0.4474297472418717,0.47711690324163225,0.06077118561057193,0.045278769484582905
roughness,high_to_low,3,634,early,12,0.5053388430817741,0.5092938976360787,0.4896580368354049,0.5298110642999151,0.00395505455430457,-0.015680806246369288
roughness,high_to_low,3,634,late,16,0.36484668753428395,0.5215275832314968,0.501176989060245,0.48821959398768716,0.1566808956972128,0.13633030152596104
roughness,high_to_low,3,634,mid,12,0.34870216606347637,0.33840986928146116,0.333538468557174,0.409619154521943,-0.010292296782015207,-0.01516369750630242
roughness,high_to_low,3,635,all_post,40,0.2677877317522833,0.3314154673951382,0.30311978584852517,0.50279414987416,0.06362773564285487,0.03533205409624179
roughness,high_to_low,3,635,early,12,0.19158831096856385,0.23569656389970553,0.22259813252661498,0.46174645813221343,0.0441082529311417,0.031009821558051157
roughness,high_to_low,3,635,late,16,0.3344046353974371,0.35891380210472085,0.3271337970871627,0.6867223959987349,0.024509166707283786,-0.007270838310274329
roughness,high_to_low,3,635,mid,12,0.2551646143424647,0.39046992461112756,0.3516227575189186,0.2986041801166736,0.1353053102686628,0.09645814317645392
roughness,high_to_low,3,636,all_post,40,0.25516557463187517,0.282578263416221,0.2797985497404043,0.5955369619878723,0.027412688784345822,0.02463297510852913
roughness,high_to_low,3,636,early,12,0.3318877878758484,0.3303464704082541,0.32984876699492977,0.6879803735973239,-0.0015413174675943029,-0.0020390208809185893
roughness,high_to_low,3,636,late,16,0.2128823328052003,0.263580726553837,0.26221609549838015,0.5302630716656955,0.0506983937486367,0.04933376269317986
roughness,high_to_low,3,636,mid,12,0.23482101715680173,0.2601401055740332,0.25319160480857766,0.5901254041413231,0.025319088417231444,0.018370587651775877
roughness,high_to_low,3,637,all_post,40,0.309914806484652,0.3146684069403746,0.3130194222205581,0.9025674383018696,0.004753600455722704,0.0031046157359061917
roughness,high_to_low,3,637,early,12,0.42003723351834393,0.38209949618437894,0.37972558999413425,1.1379402364888997,-0.03793773733396503,-0.04031164352420974
roughness,high_to_low,3,637,late,16,0.2878544560180881,0.31826631475768985,0.3169103510906885,0.9852045434357244,0.03041185873960172,0.029055895072600355
roughness,high_to_low,3,637,mid,12,0.22920618007304513,0.2424401072732835,0.24112534928680837,0.5570118332697008,0.013233927200238414,0.011919169213763237
roughness,high_to_low,3,638,all_post,40,0.25793959968561175,0.287832801022312,0.3013809142348123,0.42955544898467385,0.02989320133670017,0.04344131454920049
roughness,high_to_low,3,638,early,12,0.3506330153499346,0.35858275711121285,0.38259263966584617,0.6263437448283298,0.007949741761278366,0.031959624315911615
roughness,high_to_low,3,638,late,16,0.2529338870302912,0.29622578138916417,0.30424052544742236,0.454979554096844,0.04329189435887297,0.051306638417131206
roughness,high_to_low,3,638,mid,12,0.17192046756171653,0.2058922044442748,0.21635637385363163,0.19886834632479078,0.033971736882558216,0.04443590629191508
roughness,high_to_low,3,639,all_post,40,0.274526681953264,0.26793136026536396,0.278603858698047,0.5620404656056148,-0.006595321687900085,0.004077176744782968
roughness,high_to_low,3,639,early,12,0.17069525666874472,0.17528253910361405,0.19293279775062758,0.47877756093510904,0.004587282434869318,0.022237541081882865
roughness,high_to_low,3,639,late,16,0.2886982260554507,0.27759795014790956,0.28223399984658853,0.5707095191181099,-0.011100275907541085,-0.006464226208862171
roughness,high_to_low,3,639,mid,12,0.35946271510153444,0.34769139491705287,0.35943473144741106,0.6337446322594605,-0.011771320184481493,-2.798365412340816e-05
roughness,high_to_low,6,630,all_post,39,0.43291466585547905,0.4080075462989595,0.39755868824798124,1.7793087155853033,-0.02490711955651954,-0.035355977607497736
roughness,high_to_low,6,630,early,12,0.5376468565563566,0.47956811886589534,0.45832229341063885,2.315693903783848,-0.05807873769046115,-0.0793245631457177
roughness,high_to_low,6,630,late,15,0.38517268558496753,0.3461805661096013,0.34859379607883,1.4730505910121616,-0.03899211947536634,-0.03657888950613761
roughness,high_to_low,6,630,mid,12,0.3878599504927409,0.41373069896872156,0.3980011982967629,1.6257461831031845,0.025870748475980615,0.010141247804022029
roughness,high_to_low,6,631,all_post,39,0.3979248086756749,0.3563820951529765,0.34962072875795686,0.7847993181582117,-0.0415427135226984,-0.04830407991771805
roughness,high_to_low,6,631,early,12,0.2668799490150293,0.2559225272107742,0.2534019588410179,0.901731628736008,-0.010957421804255088,-0.013477990174011432
roughness,high_to_low,6,631,late,15,0.5095376440141469,0.37461861218475107,0.37199531645544576,0.5111161468720381,-0.13491903182939596,-0.13754232755870133
roughness,high_to_low,6,631,mid,12,0.3894536241632304,0.43404601680546057,0.4178712640530349,1.0099709716881324,0.0445923926422302,0.02841763988980447
roughness,high_to_low,6,632,all_post,39,0.24654000352401148,0.25837915215694285,0.25868787102103447,0.8260744332687653,0.011839148632931446,0.012147867497023053
roughness,high_to_low,6,632,early,12,0.21267867222440776,0.21169380616523525,0.21529518298365424,0.9355680897738533,-0.0009848660591724769,0.0026165107592464863
roughness,high_to_low,6,632,late,15,0.3453915480162822,0.37540644197598855,0.3723450057971901,0.8584973438818226,0.030014893959706423,0.02695345778090791
roughness,high_to_low,6,632,mid,12,0.1568369042082768,0.15878038587484347,0.16000914058822036,0.6760521384973549,0.0019434816665666443,0.003172236379943542
roughness,high_to_low,6,633,all_post,39,0.32081676944709897,0.33698291573985617,0.33915277457198595,0.8042331065987667,0.016166146292757304,0.018336005124887
roughness,high_to_low,6,633,early,12,0.30799800679415484,0.3083711700321336,0.3084848359758501,0.8315356372902647,0.0003731632379787621,0.00048682918169522943
roughness,high_to_low,6,633,late,15,0.3055347989751353,0.3553081738125236,0.3588369906687421,0.734619227348139,0.04977337483738838,0.053302191693606844
roughness,high_to_low,6,633,mid,12,0.35273799518999766,0.3426880888567447,0.3452154430471766,0.8639479249705531,-0.010049906333253004,-0.007522552142821046
roughness,high_to_low,6,634,all_post,39,0.40897196857142415,0.48565739269864966,0.48645168313988524,0.5656380119912058,0.0766854241272255,0.07747971456846113
roughness,high_to_low,6,634,early,12,0.5176132733616654,0.4860124921552092,0.4865693365088492,0.5648903712990349,-0.031600781206456256,-0.03104393685281628
roughness,high_to_low,6,634,late,15,0.353091833748991,0.533934141443645,0.5332181234351115,0.6286501814294548,0.18084230769465412,0.18012628968612057
roughness,high_to_low,6,634,mid,12,0.37018083230922433,0.42495635731084574,0.4278759794018887,0.48762044088556555,0.05477552500162145,0.05769514709266429
roughness,high_to_low,6,635,all_post,39,0.3099651556253268,0.35966543436669945,0.33894012323521305,0.922524258530035,0.04970027874137257,0.02897496760988626
roughness,high_to_low,6,635,early,12,0.2171094671078269,0.26819576848092086,0.26099006904065436,0.7425822571349571,0.05108630137309392,0.04388060193282747
roughness,high_to_low,6,635,late,15,0.4115997593911624,0.3971783111305761,0.373283623438055,1.23464138230495,-0.01442144826058622,-0.038316135953107414
roughness,high_to_low,6,635,mid,12,0.2757775894355324,0.4042440042976321,0.3739608021762195,0.7123198552064695,0.12846641486209967,0.09818321274068713
roughness,high_to_low,6,636,all_post,39,0.2641015410139341,0.31568360335086076,0.3146100007266462,1.093093825683568,0.051582062336926665,0.05050845971271208
roughness,high_to_low,6,636,early,12,0.34289800442105284,0.3338699605535355,0.33398250552041314,1.051547229548902,-0.009028043867517271,-0.008915498900639649
roughness,high_to_low,6,636,late,15,0.2196414458779356,0.34097474904029834,0.3395198644597316,1.1604571125487178,0.12133330316236271,0.11987841858179608
roughness,high_to_low,6,636,mid,12,0.24088019652681336,0.2658833140363889,0.26410016626652216,1.0504363132367964,0.02500311750957553,0.023219969739708798
roughness,high_to_low,6,637,all_post,39,0.32262247673721656,0.3243422585247458,0.3243937094702116,1.8203814311410735,0.0017197817875292472,0.0017712327329950878
roughness,high_to_low,6,637,early,12,0.42449429090409135,0.38369484138791515,0.3861832296307081,2.0009812423078768,-0.04079944951617612,-0.03831106127338323
roughness,high_to_low,6,637,late,15,0.29567417618910874,0.32892036228132554,0.32726541992354374,2.002779748802885,0.033246186092216745,0.03159124373443489
roughness,high_to_low,6,637,mid,12,0.2544360382554764,0.2592670459658516,0.25901455124305,1.4117837228970058,0.00483100771037523,0.004578512987573658
roughness,high_to_low,6,638,all_post,39,0.28235695619044204,0.33387073982282167,0.34469562189313435,0.5261560817617864,0.051513783632379684,0.06233866570269235
roughness,high_to_low,6,638,early,12,0.38041620288143935,0.38733452188245154,0.40310107598967604,0.7420309501026562,0.006918319001012227,0.0226848731082369
roughness,high_to_low,6,638,late,15,0.2701593687800769,0.3472161093965901,0.35377934561204744,0.5339468898424469,0.07705674061651316,0.0836199768319705
roughness,high_to_low,6,638,mid,12,0.1995446937624011,0.2637252457959814,0.2749355131479512,0.30054270332009125,0.0641805520335803,0.07539081938555008
roughness,high_to_low,6,639,all_post,39,0.28278555685929646,0.27418793746445774,0.28172986197961986,0.843683537189444,-0.008597619394838711,-0.0010556948796766248
roughness,high_to_low,6,639,early,12,0.22239318763929064,0.21158471413589183,0.22414726313514055,0.8770024997742535,-0.010808473503398877,0.0017540754958499012
roughness,high_to_low,6,639,late,15,0.3031554520652404,0.2914640696484258,0.2957181639977033,0.8520076714786294,-0.011691382416814666,-0.007437288067537173
roughness,high_to_low,6,639,mid,12,0.3177155570718723,0.3151959955630637,0.32182708330149484,0.7999594067431532,-0.002519561508808598,0.0041115262296225336
roughness,high_to_low,12,630,all_post,37,0.4940435529297314,0.46076134918461453,0.44656147643682065,4.567040060131845,-0.03328220374511677,-0.047482076492910655
roughness,high_to_low,12,630,early,12,0.6051987860055553,0.5300354048456638,0.5062487569041767,5.278747819106107,-0.07516338115989149,-0.09895002910137866
roughness,high_to_low,12,630,late,13,0.4420747638024633,0.3808062844988821,0.39354850597058094,4.018098657208351,-0.06126847930358111,-0.04852625783188232
roughness,high_to_low,12,630,mid,12,0.43918784140844774,0.47810528026644206,0.4443049139745577,4.450018820991365,0.03891743885799432,0.0051170725661099925
roughness,high_to_low,12,631,all_post,37,0.5865738052362732,0.4860159135477327,0.47488379589289187,1.90069285859556,-0.10055789168854067,-0.11169000934338137
roughness,high_to_low,12,631,early,12,0.346034439349046,0.3402884185311941,0.33389196707146246,2.6901437465344045,-0.005746020817851939,-0.012142472277583588
roughness,high_to_low,12,631,late,13,0.8707746961506095,0.5384156666633406,0.5334705237293831,0.9598921432343185,-0.33235902948726886,-0.3373041724212263
roughness,high_to_low,12,631,mid,12,0.5192288726329696,0.5749770093556956,0.5524066695581223,2.130442745631395,0.0557481367227261,0.03317779692515286
roughness,high_to_low,12,632,all_post,37,0.2968306689156657,0.3252002986876063,0.31137724446846615,1.989765409843995,0.028369629771940588,0.014546575552800515
roughness,high_to_low,12,632,early,12,0.29422946625871044,0.29678589134571176,0.2960860816281086,2.4751630863078096,0.0025564250870012475,0.001856615369398099
roughness,high_to_low,12,632,late,13,0.3772267226025469,0.44058689212343033,0.414195981119993,1.6614189698518507,0.06336016952088355,0.03696925851744611
roughness,high_to_low,12,632,mid,12,0.21233614674516632,0.22861256314069134,0.2152814426030032,1.8600763767050028,0.016276416395525035,0.0029452958578368668
roughness,high_to_low,12,633,all_post,37,0.32153161942619335,0.450218391622383,0.43999399368273884,1.4597130998480377,0.12868677219618962,0.11846237425654543
roughness,high_to_low,12,633,early,12,0.3187585451839169,0.39251110110380444,0.3805419680607844,1.5147689486649396,0.0737525559198876,0.061783422876867534
roughness,high_to_low,12,633,late,13,0.31176041274882016,0.5019798221762737,0.4888909802540977,1.4727141216621351,0.19021940942745344,0.1771305675052775
roughness,high_to_low,12,633,mid,12,0.33489016756895723,0.4518507990409131,0.44647428385238747,1.3905728107325306,0.11696063147195583,0.11158411628343028
roughness,high_to_low,12,634,all_post,37,0.4221858028646328,0.6758774157642867,0.6765700634123786,0.7266767994957473,0.25369161289965386,0.2543842605477457
roughness,high_to_low,12,634,early,12,0.5481894328319701,0.5496610879886471,0.5540209223789359,0.5836530132813135,0.0014716551566770208,0.005831489546965832
roughness,high_to_low,12,634,late,13,0.31929299443194764,0.7895529510287189,0.7886764795446044,0.8545363103767448,0.47025995659677133,0.46938348511265693
roughness,high_to_low,12,634,mid,12,0.4076493820327047,0.6789452470034582,0.677670586969243,0.7311861155890998,0.27129586497075353,0.27002120493653853
roughness,high_to_low,12,635,all_post,37,0.3668542256453496,0.3276815938663779,0.30831102274206285,2.1255198825744617,-0.03917263177897164,-0.058543202903286705
roughness,high_to_low,12,635,early,12,0.2394647657997233,0.21086144908583745,0.21870175154344892,1.737930178757473,-0.028603316713885895,-0.020763014256274425
roughness,high_to_low,12,635,late,13,0.5203051273164573,0.4480325113666327,0.3891129463699875,2.6756379960035637,-0.0722726159498247,-0.13119218094646998
roughness,high_to_low,12,635,mid,12,0.32800520868060906,0.31412157802164253,0.3103848766770919,1.917148296843257,-0.01388363065896655,-0.01762033200351715
roughness,high_to_low,12,636,all_post,37,0.27734936902777085,0.402758377826644,0.3994260060505432,3.097185812509646,0.1254090087988732,0.12207663702277233
roughness,high_to_low,12,636,early,12,0.3722617591639799,0.3760110999325506,0.3755943862881815,3.075143406062271,0.0037493407685707525,0.003332627124201656
roughness,high_to_low,12,636,late,13,0.22868630459661568,0.4934303265549075,0.48786499813249684,3.265441246167531,0.2647440219582917,0.25917869353588113
roughness,high_to_low,12,636,mid,12,0.23515529869197982,0.33127771126511874,0.3274487177241216,2.9369514991609775,0.09612241257313892,0.09229341903214182
roughness,high_to_low,12,637,all_post,37,0.35071595417238743,0.3342607167342485,0.33903497894245815,5.015564527181988,-0.01645523743813894,-0.011680975229929273
roughness,high_to_low,12,637,early,12,0.4375997329862704,0.3673835331938691,0.3735382417704356,5.209032419186388,-0.07021619979240117,-0.06406149121583478
roughness,high_to_low,12,637,late,13,0.32537971744907074,0.37905891313071677,0.38430442486634653,5.422843654194851,0.053679195681646114,0.058924707417275846
roughness,high_to_low,12,637,mid,12,0.2912797651420977,0.2526065208451205,0.25548981636360163,4.380877580913654,-0.038673244296977195,-0.03578994877849596
roughness,high_to_low,12,638,all_post,37,0.30452091873279646,0.3770876107701972,0.389922852619057,0.5194690865721693,0.07256669203740064,0.08540193388626047
roughness,high_to_low,12,638,early,12,0.4101010437389731,0.4249488358712568,0.4474337792609661,0.703913807974614,0.014847792132283854,0.03733273552199307
roughness,high_to_low,12,638,late,13,0.2795590671841801,0.37956139164617053,0.38813138386168033,0.46035738285686556,0.10000232446199041,0.10857231667750011
roughness,high_to_low,12,638,mid,12,0.22598279957095438,0.32654645638683294,0.3343526837976392,0.3990620441946371,0.10056365681587853,0.10836988422668486
roughness,high_to_low,12,639,all_post,37,0.3177641217797225,0.30012467794320175,0.3107149364479752,2.2269209247043045,-0.0176394438365207,-0.0070491853317471796
roughness,high_to_low,12,639,early,12,0.2282268050477828,0.2338252639597367,0.2506547835957245,2.3309430843419188,0.00559845891195394,0.02242797854794172
roughness,high_to_low,12,639,late,13,0.3949804223996936,0.3391767216195151,0.3488891178758766,2.175691966248962,-0.05580370078017842,-0.046091304523816885
roughness,high_to_low,12,639,mid,12,0.32365044617336003,0.3241177112773272,0.32941972608666614,2.1783968033933117,0.00046726510396719506,0.005769279913306109
roughness,low_to_high,1,630,all_post,40,0.5450091714391216,0.4837099063728667,0.48053389416351733,0.8307016351318438,-0.06129926506625483,-0.06447527727560429
roughness,low_to_high,1,630,early,12,0.3686873935654295,0.3655020242003895,0.36545023650753566,1.0263343355478458,-0.0031853693650398997,-0.0032371570578938625
roughness,low_to_high,1,630,late,16,0.6914306218709126,0.5414564629787717,0.5356936737773081,0.6186438021167113,-0.14997415889214105,-0.15573694809360436
roughness,low_to_high,1,630,mid,12,0.5261023487370923,0.524922379737471,0.522071179001111,0.9178127120693512,-0.00117996899962144,-0.004031169735981307
roughness,low_to_high,1,631,all_post,40,0.6660100621592958,0.5448794749836586,0.5448794749836586,0.7528841466831164,-0.12113058717563721,-0.12113058717563721
roughness,low_to_high,1,631,early,12,0.43676041394982695,0.37846541394650646,0.37846541394650646,0.43010424986434986,-0.058295000003320586,-0.058295000003320586
roughness,low_to_high,1,631,late,16,0.48113827477356447,0.5260149998209832,0.5260149998209832,0.860041958308589,0.044876725047418714,0.044876725047418714
roughness,low_to_high,1,631,mid,12,1.141755426883073,0.7364461695710447,0.7364461695710447,0.9327869613345864,-0.4053092573120283,-0.4053092573120283
roughness,low_to_high,1,632,all_post,40,0.3651095706859048,0.4052001098663691,0.4624816985603687,0.47500260654829524,0.040090539180464374,0.09737212787446385
roughness,low_to_high,1,632,early,12,0.42286609570332084,0.3162247670928236,0.5319416320640021,0.3451773855840385,-0.10664132861049731,0.10907553636068128
roughness,low_to_high,1,632,late,16,0.4744069689417033,0.6261030228176334,0.42470908063722956,0.7862505384381848,0.15169605387593016,-0.049697888304473775
roughness,low_to_high,1,632,mid,12,0.16162318132742415,0.19963823537156242,0.44338525562092074,0.18983058499269942,0.03801505404413831,0.2817620742934966
roughness,low_to_high,1,633,all_post,40,0.5084949987016463,0.4504085033053419,0.7222550854877314,0.6019461586115679,-0.058086495396304415,0.2137600867860852
roughness,low_to_high,1,633,early,12,0.8074112062337867,0.6976389540487388,0.7001052904698731,1.037879898353066,-0.10977225218504812,-0.10730591576391386
roughness,low_to_high,1,633,late,16,0.4850923623020194,0.43051625452947584,0.7486709474130011,0.5280632412792512,-0.05457610777254361,0.2635785851109817
roughness,low_to_high,1,633,mid,12,0.24078230636900808,0.22970105092976634,0.709183731271897,0.2645229753131585,-0.011081255439241792,0.46840142490288894
roughness,low_to_high,1,634,all_post,40,0.547479242346233,0.6311163929367261,0.47462484138694033,0.5367331390266632,0.083637150590493,-0.0728544009592927
roughness,low_to_high,1,634,early,12,0.45104437336563435,0.4075129754584703,0.42214095871521856,0.6382779530816531,-0.043531397907163906,-0.028903414650415668
roughness,low_to_high,1,634,late,16,0.6434438722032013,0.7591723959703398,0.5778515815823034,0.637656546525109,0.11572852376713855,-0.06559229062089794
roughness,low_to_high,1,634,mid,12,0.5159612715175407,0.6839784730368296,0.38947307046484453,0.3006237816404122,0.16801720151928912,-0.12648820105269612
roughness,low_to_high,1,635,all_post,40,0.4393097822580724,0.3331953949721539,0.31791817013666873,0.41659299395233684,-0.10611438728591845,-0.12139161212140363
roughness,low_to_high,1,635,early,12,0.2208424085080503,0.19446300149307214,0.1686642605094741,0.339269528914188,-0.02637940701497816,-0.052178147998576195
roughness,low_to_high,1,635,late,16,0.6198654973000953,0.4048338488447939,0.39018778795614006,0.6575741962583838,-0.2150316484553014,-0.22967770934395523
roughness,low_to_high,1,635,mid,12,0.4170362026187306,0.3764098499543824,0.37081258933790145,0.1726081892490898,-0.04062635266434813,-0.04622361328082902
roughness,low_to_high,1,636,all_post,40,0.37308514670267234,0.5840547741140302,0.4796357476172817,0.42981186575181296,0.2109696274113578,0.1065506009146093
roughness,low_to_high,1,636,early,12,0.5644070085237284,0.7198180089967993,0.6397901375706482,0.7818859713281703,0.1554110004730709,0.07538312904691974
roughness,low_to_high,1,636,late,16,0.38795180849616057,0.5550782915010536,0.4902241498843122,0.26659531736621456,0.1671264830048929,0.10227234138815162
roughness,low_to_high,1,636,mid,12,0.1619410691569654,0.4869268493818965,0.3053634879745412,0.2953598246895866,0.3249857802249312,0.14342241881757584
roughness,low_to_high,1,637,all_post,40,0.3008836505412241,0.500882952489838,0.7048206320085159,0.5109151366417425,0.19999930194861384,0.40393698146729173
roughness,low_to_high,1,637,early,12,0.21710072555093174,0.29451033689106154,0.3024409452403099,0.4562355927816408,0.07740961134012982,0.08534021968937812
roughness,low_to_high,1,637,late,16,0.3678250372729437,0.7280793229772633,1.073983056043974,0.7541871231166719,0.36025428570431955,0.7061580187710305
roughness,low_to_high,1,637,mid,12,0.2954113932225573,0.4043270741053808,0.6149837533961109,0.24123203186860476,0.10891568088282357,0.3195723601735536
roughness,low_to_high,1,638,all_post,40,0.2882714024937298,0.29094274373502593,0.26132841522982214,0.3817199012569501,0.0026713412412961157,-0.026942987263907713
roughness,low_to_high,1,638,early,12,0.4222387787309556,0.4146550919357572,0.4383253377200013,0.5620681378069986,-0.007583686795198343,0.016086558989045638
roughness,low_to_high,1,638,late,16,0.2900666207997086,0.2597349047410101,0.23965327859421,0.4180028258816176,-0.030331716058698527,-0.050413342205498604
roughness,low_to_high,1,638,mid,12,0.15191040184853236,0.2088408475263158,0.11323167492045916,0.15299443187401177,0.05693044567778343,-0.03867872692807323
roughness,low_to_high,1,639,all_post,40,0.3914674916287714,0.684537900636642,0.6105192982396347,0.4920717292308738,0.2930704090078705,0.21905180661086332
roughness,low_to_high,1,639,early,12,0.2813527465319917,0.34740747269592825,0.42046688183663555,0.341556164921016,0.06605472616393655,0.13911413530464384
roughness,low_to_high,1,639,late,16,0.349963875332916,0.90418124111843,0.8053502648934694,0.39714225554218086,0.5542173657855138,0.45538638956055344
roughness,low_to_high,1,639,mid,12,0.5569203917866918,0.7288105412683051,0.540797092437521,0.7691599251256553,0.1718901494816134,-0.01612329934917069
roughness,low_to_high,3,630,all_post,40,0.49813022364084614,0.5302780471266548,0.5503270590579168,0.8225745712631036,0.032147823485808705,0.05219683541707065
roughness,low_to_high,3,630,early,12,0.4966867491453267,0.5097259107173173,0.5143455182240197,1.2073873632913534,0.01303916157199069,0.01765876907869304
roughness,low_to_high,3,630,late,16,0.5044283859932837,0.6010072081669784,0.6392980240379216,0.5300049675175535,0.09657882217369475,0.13486963804463792
roughness,low_to_high,3,630,mid,12,0.49117614833311557,0.4565246354822275,0.46768064658514086,0.8278545842289207,-0.034651512850887994,-0.023495501747974754
roughness,low_to_high,3,631,all_post,40,0.4696236268913453,0.6870551551443607,0.6870551551443607,0.9587051613259996,0.2174315282530152,0.2174315282530152
roughness,low_to_high,3,631,early,12,0.23762772581444025,0.29444183605177704,0.29444183605177704,0.3655950614819139,0.056814110237336846,0.056814110237336846
roughness,low_to_high,3,631,late,16,0.491856008943172,1.0426638802902688,1.0426638802902688,1.6052384827045967,0.5508078713470967,0.5508078713470967
roughness,low_to_high,3,631,mid,12,0.6719763518991483,0.6055235073757331,0.6055235073757331,0.6897708326652893,-0.06645284452341509,-0.06645284452341509
roughness,low_to_high,3,632,all_post,40,0.35298209077260373,0.4302617635625142,0.48259744157579104,0.49178826317803404,0.07727967278991052,0.12961535080318726
roughness,low_to_high,3,632,early,12,0.2584427781525111,0.29191762676416816,0.4366684754244036,0.34749307170261795,0.03347484861165708,0.1782256972718925
roughness,low_to_high,3,632,late,16,0.5313795502920527,0.5584381445976703,0.4755932526641114,0.7222141045488923,0.02705859430561742,-0.055786297627941364
roughness,low_to_high,3,632,mid,12,0.20965812403343106,0.3977040589806525,0.5378653262760846,0.3288489994923057,0.1880459349472214,0.32820720224265354
roughness,low_to_high,3,633,all_post,40,0.432837620530396,0.40898998317497004,1.3696954521395373,0.6341032795270845,-0.023847637355425926,0.9368578316091412
roughness,low_to_high,3,633,early,12,0.5734860379216014,0.5140058513390711,0.7309543458406469,0.7192620944640714,-0.05948018658253016,0.15746830791904545
roughness,low_to_high,3,633,late,16,0.3625726360482092,0.32971330253812936,1.692504603182071,0.5870382945737118,-0.03285933351007986,1.3299319671338616
roughness,low_to_high,3,633,mid,12,0.38587584911543954,0.4096763558599897,1.578024357048383,0.6116977778612608,0.023800506744550236,1.1921485079329435
roughness,low_to_high,3,634,all_post,40,0.448218694379343,0.6512845712433925,0.41557633664912996,0.4688456081880342,0.20306587686404956,-0.03264235773021298
roughness,low_to_high,3,634,early,12,0.4706743827804165,0.502647975404919,0.4619151753194599,0.5289062444608953,0.03197359262450255,-0.008759207460956542
roughness,low_to_high,3,634,late,16,0.4503416957883275,0.7258737198702876,0.44105038044160483,0.4778146181361148,0.27553202408196,-0.009291315346722666
roughness,low_to_high,3,634,mid,12,0.42293233743295655,0.7004689689126725,0.33527210625549997,0.396826291984399,0.2775366314797159,-0.08766023117745651
roughness,low_to_high,3,635,all_post,40,0.34588228489077383,2.0982803802182546,1.5039843495662737,0.4809434786765424,1.752398095327481,1.1581020646754998
roughness,low_to_high,3,635,early,12,0.2491645451282992,0.2705339395577562,0.24532455933609446,0.28092139481152384,0.021369394429457022,-0.0038399857922047282
roughness,low_to_high,3,635,late,16,0.4380111570100711,4.228570933028954,2.8886767791565444,0.8259591704767864,3.790559776018883,2.4506656221464738
roughness,low_to_high,3,635,mid,12,0.31976152849418565,1.0856394171311539,0.916387567009425,0.22094464014123583,0.7658778886369683,0.5966260385152394
roughness,low_to_high,3,636,all_post,40,0.3074814489035453,0.32639826870082655,0.3297316942139009,0.4302253340307223,0.018916819797281305,0.022250245310355677
roughness,low_to_high,3,636,early,12,0.3820340746965165,0.4312053387395309,0.43582033844069096,0.6236329487134947,0.049171264043014286,0.05378626374417437
roughness,low_to_high,3,636,late,16,0.3427118905157053,0.3667481139234672,0.3701820110580532,0.33139846452097643,0.024036223407761962,0.027470120542347928
roughness,low_to_high,3,636,mid,12,0.1859549009610273,0.1677914050319347,0.1697092941949079,0.3685868786942775,-0.01816349592909254,-0.016245606766119348
roughness,low_to_high,3,637,all_post,40,0.36165406273633816,1.742061268992952,1.5472997123982037,0.5902317968326891,1.380407206256614,1.1856456496618655
roughness,low_to_high,3,637,early,12,0.38606280758965655,0.6589340972910676,0.6273521521794899,0.6765008888800664,0.2728712897014111,0.2412893445898335
roughness,low_to_high,3,637,late,16,0.39369138261374564,2.8046419924887394,2.4435303003725384,0.6932345166636222,2.4109506098749933,2.049838917758793
roughness,low_to_high,3,637,mid,12,0.2945288913798096,1.4084141427004535,1.272273155317804,0.36662574501073414,1.1138852513206436,0.9777442639379944
roughness,low_to_high,3,638,all_post,40,0.28050138856112083,0.2725008669816575,0.28148734212546644,0.41624751331201304,-0.008000521579463321,0.0009859535643456055
roughness,low_to_high,3,638,early,12,0.3382513440723049,0.3210976943836939,0.3211633705754258,0.5806861507149557,-0.017153649688610977,-0.017087973496879075
roughness,low_to_high,3,638,late,16,0.29256549254972086,0.31169072596560354,0.31093099558730275,0.46653450075753905,0.019125233415882726,0.018365503037581908
roughness,low_to_high,3,638,mid,12,0.2066659610651368,0.1716508942676931,0.20255310905972534,0.18475955931503588,-0.035015066797443734,-0.004112852005411453
roughness,low_to_high,3,639,all_post,40,0.3403842958770806,0.8010007886522856,0.8204888247642146,0.5434403178759395,0.460616492775205,0.48010452888713395
roughness,low_to_high,3,639,early,12,0.28772352922726724,0.554506198164774,0.5664810560456646,0.4237032671361014,0.26678266893750674,0.2787575268183973
roughness,low_to_high,3,639,late,16,0.34920623511740656,1.1643501190361722,1.1988854138083953,0.5603924960669489,0.8151438839187658,0.8496791786909887
roughness,low_to_high,3,639,mid,12,0.38128247687312616,0.5630296052946149,0.5699678080905235,0.6405744643610981,0.18174712842148869,0.18868533121739736
roughness,low_to_high,6,630,all_post,39,0.5286508287961148,0.644567794140223,0.6346930670850593,0.8110525340236773,0.11591696534410814,0.1060422382889445
roughness,low_to_high,6,630,early,12,0.555474242803727,0.5542711560578707,0.5521895279163815,1.3187697765929467,-0.0012030867458562207,-0.0032847148873454968
roughness,low_to_high,6,630,late,15,0.48781198977263573,0.8230829089837872,0.8032036911837256,0.4478187285831246,0.33527091921115165,0.31539170141108985
roughness,low_to_high,6,630,mid,12,0.5528759635678512,0.5117205386681195,0.506558326130404,0.7573775482550987,-0.04115542489973182,-0.04631763743744733
roughness,low_to_high,6,631,all_post,39,0.7432647252797739,1.0012138130174675,1.1344085645977147,1.887606583032467,0.2579490877376934,0.3911438393179409
roughness,low_to_high,6,631,early,12,0.25593366087096353,0.2547683549750815,0.2516380891888765,0.3187018771790581,-0.0011653058958820222,-0.004295571682087042
roughness,low_to_high,6,631,late,15,0.8839598539440441,1.4376389719138907,1.671605552326125,3.7576785435123456,0.5536791179698464,0.7876456983820808
roughness,low_to_high,6,631,mid,12,1.0547268788582465,1.2021278224393244,1.3456828053460403,1.1189213382860284,0.14740094358107766,0.2909559264877938
roughness,low_to_high,6,632,all_post,39,0.5347460200393835,0.5668010016513347,0.6636590138940616,0.69388913092311,0.03205498161195114,0.12891299385467805
roughness,low_to_high,6,632,early,12,0.42552828830867817,0.38699267736581083,0.6061083398910276,0.350444710897237,-0.03853561094286731,0.18058005158234947
roughness,low_to_high,6,632,late,15,0.7302536112016964,0.6718136931624639,0.5870978009231236,1.047676390951435,-0.05843991803923258,-0.14315581027857277
roughness,low_to_high,6,632,mid,12,0.3995792628171977,0.6153434615479471,0.8169112041107681,0.5950994759135769,0.21576419873074926,0.4173319412935703
roughness,low_to_high,6,633,all_post,39,0.5533961641462349,1.834676610795544,1.9074250524679688,0.917373941619122,1.2812804466493084,1.3540288883217344
roughness,low_to_high,6,633,early,12,0.839917415913567,0.9458734990216272,0.9761914071071317,0.9276843812157803,0.10595608310806026,0.13627399119356493
roughness,low_to_high,6,633,late,15,0.3994551882293669,2.224252877853965,2.3130389374627347,0.8374097756419189,1.8247976896245983,1.9135837492333674
roughness,low_to_high,6,633,mid,12,0.4593011322749881,2.2365093887464336,2.3316413415853505,1.0070187094939687,1.7772082564714455,1.872340209310363
roughness,low_to_high,6,634,all_post,39,0.5174591664326291,0.7548685139598763,0.7548685139598763,0.5406099667481762,0.23740934752724727,0.23740934752724727
roughness,low_to_high,6,634,early,12,0.5295854267610297,0.5479118694559657,0.5479118694559657,0.5663802642201471,0.018326442694936107,0.018326442694936107
roughness,low_to_high,6,634,late,15,0.4735122016472469,0.8294148964801291,0.8294148964801291,0.5943556623262415,0.3559026948328822,0.3559026948328822
roughness,low_to_high,6,634,mid,12,0.5602666120859557,0.8686421803134707,0.8686421803134707,0.44765754980362393,0.3083755682275149,0.3083755682275149
roughness,low_to_high,6,635,all_post,39,0.40685995842901473,2.5583116109533957,2.0236174638581708,0.8644337984997456,2.15145165252438,1.6167575054291559
roughness,low_to_high,6,635,early,12,0.2413659476202462,0.3014461513814987,0.277099452188377,0.27974839486475256,0.06008020376125247,0.03573350456813081
roughness,low_to_high,6,635,late,15,0.42205582788648677,5.236566806395244,3.9951797655087167,1.6544378535193225,4.814510978508756,3.5731239376222304
roughness,low_to_high,6,635,mid,12,0.5533591324159434,1.4673580762229814,1.3056825984647815,0.4616141333602673,0.9139989438070381,0.7523234660488383
roughness,low_to_high,6,636,all_post,39,0.36884415307928403,0.40329268276977653,0.36044219157481333,0.4730980230260633,0.03444852969049251,-0.008401961504470682
roughness,low_to_high,6,636,early,12,0.44648716375654574,0.5382415387434835,0.48128236863807095,0.5508680721087724,0.09175437498693785,0.03479520488152524
roughness,low_to_high,6,636,late,15,0.4305655667854376,0.4309523296661589,0.4065188250087964,0.44123098960281126,0.00038676288072131046,-0.02404674177664122
roughness,low_to_high,6,636,mid,12,0.2140493752693304,0.2337692681755915,0.18200622271907693,0.4351617657224192,0.019719892906261166,-0.0320431525502534
roughness,low_to_high,6,637,all_post,39,0.4147244686154572,13.549760644421594,3.7246150766668027,0.8688526776644235,13.135036175806135,3.309890608051345
roughness,low_to_high,6,637,early,12,0.43849656442743656,2.3158673090643362,1.0478224273470556,0.7306503128885496,1.8773707446368997,0.609325862919619
roughness,low_to_high,6,637,late,15,0.4374464536108341,25.901735210662206,6.367153509766013,1.108210272418676,25.464288757051367,5.929707056155177
roughness,low_to_high,6,637,mid,12,0.3625498915592566,9.343685771978087,3.0982346846125384,0.7078580489974814,8.981135880418833,2.735684793053282
roughness,low_to_high,6,638,all_post,39,0.3082496689977992,0.29194422645992885,0.30970269935296035,0.4961685571612001,-0.016305442537870442,0.0014530303551610697
roughness,low_to_high,6,638,early,12,0.3386171691064756,0.32642341603117914,0.32435377636850127,0.6655315185379024,-0.012193753075296432,-0.014263392737974346
roughness,low_to_high,6,638,late,15,0.3293208256257813,0.3458190061405437,0.35836052091501447,0.5421228771046216,0.016498180514762515,0.02903969528923313
roughness,low_to_high,6,638,mid,12,0.2515432231041454,0.19012156228790977,0.23422934538485182,0.2693626958552214,-0.06142166081623563,-0.0173138777192936
roughness,low_to_high,6,639,all_post,39,0.4072234215588151,0.8646784063472183,0.9344492341906312,0.7774625845566959,0.4574549847884033,0.5272258126318159
roughness,low_to_high,6,639,early,12,0.4527134317658887,0.49542509922866634,0.7493210785158642,0.6962828568424312,0.04271166746277757,0.29660764674997553
roughness,low_to_high,6,639,late,15,0.4052661036939129,1.458994421261314,1.373369406404017,0.7808310251114212,1.053728317567401,0.9681033027101041
roughness,low_to_high,6,639,mid,12,0.36418005868286923,0.4910366948231511,0.5709271745986655,0.8544317615775543,0.12685663614028178,0.2067471159157962
roughness,low_to_high,12,630,all_post,37,0.849349686590654,0.8649340778871601,0.8751377341695236,1.1622184515999434,0.015584391296506206,0.02578804757886959
roughness,low_to_high,12,630,early,12,0.8623431307819348,0.7364196597192253,0.73929049856195,1.867024068822981,-0.1259234710627096,-0.12305263221998501
roughness,low_to_high,12,630,late,13,0.7178850786223495,1.153355663309706,1.1757100672655467,0.51796932543297,0.4354705846873568,0.4578249886431972
roughness,low_to_high,12,630,mid,12,0.9787762343650366,0.6809917785140039,0.6853649422564058,1.1553493877244605,-0.29778445585103275,-0.29341129210863065
roughness,low_to_high,12,631,all_post,37,2.200080286308287,1.9439238047142373,2.0893098230610145,5.269778806596481,-0.2561564815940491,-0.1107704632472721
roughness,low_to_high,12,631,early,12,0.32472278659642284,0.31494727142098733,0.30689396833574545,0.42292076993373834,-0.009775515175435484,-0.01782881826067736
roughness,low_to_high,12,631,late,13,2.6475517023588306,2.852185527067825,3.0948280503165955,11.553294533564555,0.20463382470899377,0.44727634795776494
roughness,low_to_high,12,631,mid,12,3.5906770852987275,2.5889501387911014,2.78241426492607,3.3094948057104747,-1.001726946507626,-0.8082628203726566
roughness,low_to_high,12,632,all_post,37,1.3284850796666658,0.8524895478376753,1.0271966236977808,1.5539500573104317,-0.47599553182899046,-0.301288455968885
roughness,low_to_high,12,632,early,12,0.8307153837073619,0.6246098086484311,0.9708313484270693,0.5188526106850161,-0.20610557505893087,0.14011596471970741
roughness,low_to_high,12,632,late,13,1.545130927854409,0.8751148932278645,0.8031407640336548,2.4773927897546,-0.6700160346265445,-0.7419901638207544
roughness,low_to_high,12,632,mid,12,1.591555106755914,1.055858496187548,1.3262890802712957,1.5886512104546648,-0.5356966105683665,-0.2652660264846187
roughness,low_to_high,12,633,all_post,37,0.947405039943122,2.8593439254681554,2.79043855086354,1.7869148441837406,1.9119388855250332,1.8430335109204188
roughness,low_to_high,12,633,early,12,1.666967069331064,1.4415699510843087,1.4216013430260233,1.4825346991465136,-0.2253971182467552,-0.24536572630504053
roughness,low_to_high,12,633,late,13,0.4747248531987127,3.180503807565837,3.0853627324682575,1.595566559841008,2.7057789543671245,2.610637879269545
roughness,low_to_high,12,633,mid,12,0.7399132128616231,3.9291946942461795,3.8397745619626136,2.2985889639255936,3.189281481384557,3.0998613491009905
roughness,low_to_high,12,634,all_post,37,0.7566224280142749,1.3065881163998476,1.0717644346516049,0.6618415640360293,0.5499656883855727,0.31514200663732994
roughness,low_to_high,12,634,early,12,0.696184341699421,0.6695017366681087,0.6844836909428801,0.6020469735332894,-0.026682605031312426,-0.011700650756541031
roughness,low_to_high,12,634,late,13,0.7329979675374724,2.070052385791322,1.3100059655751475,0.7457266284761249,1.3370544182538493,0.5770079980376749
roughness,low_to_high,12,634,mid,12,0.8426536798456649,1.1165882042908228,1.200950186526492,0.6307606680619994,0.27393452444515787,0.3582965066808271
roughness,low_to_high,12,635,all_post,37,0.6879020261461967,3.7651140003528143,3.2213849529811824,1.791201470416247,3.077211974206617,2.533482926834985
roughness,low_to_high,12,635,early,12,0.36691185771926965,0.38387804793757097,0.35960723544033124,0.2817928370492358,0.016966190218301255,-0.007304622278938471
roughness,low_to_high,12,635,late,13,0.6065399061002305,7.932775851585799,6.57841276153602,3.8011356500750493,7.326235945485569,5.971872855435789
roughness,low_to_high,12,635,mid,12,1.097034491289587,2.631382947265655,2.446382544587626,1.1231814091528902,1.534348455976068,1.3493480532980386
roughness,low_to_high,12,636,all_post,37,0.47837459268423693,0.5284512942894363,0.4671611560558233,0.7307478261857531,0.05007670160519946,-0.011213436628413613
roughness,low_to_high,12,636,early,12,0.6362673331615732,0.7387839710358325,0.659584374159453,0.6810436700874147,0.10251663787425917,0.023317040997879724
roughness,low_to_high,12,636,late,13,0.567156809285268,0.4900894017175311,0.4797432991615548,0.7747326187155661,-0.07706740756773695,-0.08741351012371325
roughness,low_to_high,12,636,mid,12,0.22430111755578333,0.3596773344959375,0.2611072829209844,0.7328017903767945,0.13537621694015417,0.03680616536520101
roughness,low_to_high,12,637,all_post,37,0.7119713237184201,16.591738693920203,7.266905192368536,1.838962379118751,15.87976737020178,6.5549338686501155
roughness,low_to_high,12,637,early,12,0.695581299931385,3.1936509606299404,1.919789091708726,1.157039261468548,2.498069660698555,1.224207791777341
roughness,low_to_high,12,637,late,13,0.9130362901359341,32.41838277742982,12.984850741716077,2.5331452433272776,31.505346487293885,12.071814451580142
roughness,low_to_high,12,637,mid,12,0.5105409672198147,12.844295336741718,6.419580281235178,1.76885406054305,12.333754369521905,5.909039314015363
roughness,low_to_high,12,638,all_post,37,0.3258468700213649,0.3281677958284514,0.3239701577369808,0.4765577070907211,0.0023209258070864586,-0.0018767122843841644
roughness,low_to_high,12,638,early,12,0.3307149868354829,0.33426584940950915,0.34145310041644095,0.5498270306432763,0.0035508625740263123,0.010738113580958109
roughness,low_to_high,12,638,late,13,0.32443687537317134,0.3855470081792952,0.3429050399731849,0.5194739022614315,0.06111013280612387,0.018468164600013586
roughness,low_to_high,12,638,mid,12,0.3225062474094568,0.2599089288673129,0.28597442596829953,0.35679583876989635,-0.06259731854214391,-0.036531821441157325
roughness,low_to_high,12,639,all_post,37,0.6367102819742099,1.472160324164418,1.1350603442382878,2.002212447407737,0.8354500421902085,0.4983500622640779
roughness,low_to_high,12,639,early,12,0.8484990366427055,0.7654100050075471,0.9411370598194911,1.7235916416773618,-0.08308903163515857,0.09263802317678542
roughness,low_to_high,12,639,late,13,0.5968919138595715,2.8949861224078117,1.6521499676108506,1.7810544440495542,2.2980942085482403,1.0552580537512788
roughness,low_to_high,12,639,mid,12,0.46805809276323895,0.6375160285576137,0.7688032033368084,2.5204210901094783,0.16945793579437454,0.3007451105735694
roughness,stable_high,1,630,all_post,40,0.5071238377041828,0.5013802023715896,0.4839343149865263,0.8599538728504428,-0.005743635332593161,-0.02318952271765659
roughness,stable_high,1,630,early,12,0.3867277686171869,0.38318088151126967,0.36194495849077146,1.0908020944938306,-0.003546887105917227,-0.024782810126415467
roughness,stable_high,1,630,late,16,0.6378071950801945,0.5636247696377361,0.5678824656207311,0.6678148139164457,-0.07418242544245834,-0.06992472945946346
roughness,stable_high,1,630,mid,12,0.4532754302898298,0.5365867668770476,0.49399280397000805,0.8852910631190505,0.08331133658721786,0.040717373680178116
roughness,stable_high,1,631,all_post,40,0.6259682670325437,0.5145594502287786,0.5150553693873091,0.6562799834852265,-0.1114088168037651,-0.11091289764523467
roughness,stable_high,1,631,early,12,0.4811033124801061,0.4694609001803402,0.47016418807237215,0.46299827119696707,-0.01164241229976593,-0.01093912440773403
roughness,stable_high,1,631,late,16,0.4809391367720199,0.42470170640027,0.4251889115375121,0.6405502418278054,-0.05623743037174987,-0.05575022523450781
roughness,stable_high,1,631,mid,12,0.9642053952656798,0.679468325381895,0.6797684945019755,0.8705346846500471,-0.28473706988378467,-0.2844369007637044
roughness,stable_high,1,632,all_post,40,0.3025656836510689,0.2603599977251994,0.26743103138201285,0.45906658271814643,-0.04220568592586952,-0.035134652269056016
roughness,stable_high,1,632,early,12,0.27918231846039876,0.2998684680820841,0.30889001711179437,0.35113787920118805,0.020686149621685305,0.02970769865139555
roughness,stable_high,1,632,late,16,0.40633769116318064,0.3185549830485186,0.3135686217190259,0.7191900781146602,-0.08778270811466202,-0.0927690694441548
roughness,stable_high,1,632,mid,12,0.1875863721589233,0.143258213603889,0.1644552585362141,0.2201639590397534,-0.044328158555034324,-0.02313111362270923
roughness,stable_high,1,633,all_post,40,0.44060444193648995,0.42481612690593284,0.4230182167029139,0.6081578459862758,-0.01578831503055719,-0.017586225233576062
roughness,stable_high,1,633,early,12,0.6312313488113106,0.6277128886695981,0.6242421303541997,0.9714298781889462,-0.0035184601417124783,-0.0069892184571108615
roughness,stable_high,1,633,late,16,0.4694068025289234,0.41670469851637226,0.41690596806470237,0.5762204822044422,-0.0527021040125512,-0.052500834464221144
roughness,stable_high,1,633,mid,12,0.2115743876050913,0.2327346029950148,0.22994396790257685,0.28746896549271667,0.021160215389923454,0.018369580297485515
roughness,stable_high,1,634,all_post,40,0.5111411303834341,0.5006555982793768,0.49764681446649595,0.5166849698688928,-0.01048553210405724,-0.013494315916938115
roughness,stable_high,1,634,early,12,0.47185559000110766,0.45680123771874404,0.4526780567993329,0.6223763388785961,-0.01505435228236369,-0.019177533201774875
roughness,stable_high,1,634,late,16,0.6536798446938292,0.6478909101131997,0.6409021117112218,0.6060693372012855,-0.0057889345806294915,-0.012777732982607364
roughness,stable_high,1,634,mid,12,0.3603750516852336,0.3481962097282458,0.35160850914069114,0.2918144444159993,-0.012178841956987797,-0.008766542544542398
roughness,stable_high,1,635,all_post,40,0.40272143344554745,0.33754443764532605,0.3156739593046642,0.47620793711812237,-0.0651769958002214,-0.08704747414088329
roughness,stable_high,1,635,early,12,0.18805879867929207,0.19847414807416006,0.17538541615703976,0.4086619434173764,0.010415349394867969,-0.012673382522252233
roughness,stable_high,1,635,late,16,0.5966515603772029,0.41402049277078895,0.3816823259899403,0.7360230932004874,-0.18263106760641398,-0.21496923438726256
roughness,stable_high,1,635,mid,12,0.3588105656362624,0.3746466537158752,0.3679513468719205,0.19733372270904803,0.015836088079612648,0.009140781235658028
roughness,stable_high,1,636,all_post,40,0.3662918775674274,0.31591484994596486,0.3146965489590029,0.3890555244506985,-0.05037702762146257,-0.051595328608424515
roughness,stable_high,1,636,early,12,0.4430231687369684,0.43877481968716836,0.4396487303128529,0.6761276652457812,-0.004248349049800038,-0.003374438424115559
roughness,stable_high,1,636,late,16,0.40066028392315245,0.3459666405560284,0.34205394877561446,0.26406251593247226,-0.05469364336712406,-0.05860633514753805
roughness,stable_high,1,636,mid,12,0.24373604459025303,0.15298582605801,0.15326783451633766,0.2686407283465842,-0.09075021853224308,-0.09046821007391544
roughness,stable_high,1,637,all_post,40,0.30015205995887456,0.3275022087135075,0.2958237961337672,0.676255370600345,0.027350148754632975,-0.004328263825107375
roughness,stable_high,1,637,early,12,0.2530438170287552,0.24718216323918843,0.2612741014412073,0.6237619210043285,-0.00586165378956677,0.00823028441245203
roughness,stable_high,1,637,late,16,0.36857695789514844,0.4133712388276098,0.34945912851307015,0.9728747526744164,0.044794280932461406,-0.019117829382078264
roughness,stable_high,1,637,mid,12,0.2560271056406286,0.2933302140356901,0.2588597143205897,0.33325631076426626,0.03730310839506148,0.002832608679961083
roughness,stable_high,1,638,all_post,40,0.3630324452909351,0.3127443626413178,0.29678229464555433,0.38875404291393395,-0.05028808264961724,-0.06625015064538071
roughness,stable_high,1,638,early,12,0.6095685122925906,0.5397230111388258,0.5029774200120997,0.5771162111901301,-0.06984550115376476,-0.1065910922804909
roughness,stable_high,1,638,late,16,0.2934815520264897,0.24186940061723655,0.23136238841542012,0.4100147415576598,-0.051612151409253126,-0.062119163611069575
roughness,stable_high,1,638,mid,12,0.20923090264187327,0.18026566350925136,0.17781371091918793,0.17204427644610334,-0.028965239132621893,-0.03141719172268536
roughness,stable_high,1,639,all_post,40,0.3974351026054494,0.4871640235749891,0.3987362118238023,0.501422037614421,0.08972892096953969,0.001301109218352934
roughness,stable_high,1,639,early,12,0.2523528684283709,0.23795117032030647,0.24252464334604404,0.38274278539812295,-0.014401698108064446,-0.009828225082326886
roughness,stable_high,1,639,late,16,0.3666865023373145,0.606178154005561,0.44292778917234554,0.41555811220487937,0.23949165166824646,0.07624128683503106
roughness,stable_high,1,639,mid,12,0.5835154704733744,0.5776913695889091,0.4960256771701695,0.7345865237101075,-0.005824100884465143,-0.08748979330320472
roughness,stable_high,3,630,all_post,40,0.5051670102894134,0.4501687252773946,0.4679450519279623,1.172429897773738,-0.054998285012018644,-0.037221958361451105
roughness,stable_high,3,630,early,12,0.47922957902761537,0.4628949112023683,0.4367855733975081,1.6502645228580788,-0.016334667825247035,-0.04244400563010716
roughness,stable_high,3,630,late,16,0.5111044577861463,0.4224215839380631,0.4535711139402152,0.8191818557400647,-0.0886828738480832,-0.05753334384593113
roughness,stable_high,3,630,mid,12,0.5231878448889007,0.47443872780486324,0.5182697811087458,1.1655926620676285,-0.04874911708403749,-0.004918063780155038
roughness,stable_high,3,631,all_post,40,0.44420891048830546,0.46940795070298813,0.45347310166505883,0.7376110940595556,0.025199040214682757,0.009264191176753436
roughness,stable_high,3,631,early,12,0.2618265600949203,0.3178299906217038,0.25620554272727186,0.5410947885738951,0.056003430526783526,-0.005621017367648495
roughness,stable_high,3,631,late,16,0.49035521042115604,0.5540479190740835,0.5226675510669825,0.9613727793380342,0.06369270865292745,0.0323123406458265
roughness,stable_high,3,631,mid,12,0.565062860971223,0.5081326196228122,0.5584813947336144,0.6357784858405778,-0.05693024134841096,-0.006581466237608721
roughness,stable_high,3,632,all_post,40,0.3282449222204935,0.3587662561829435,0.36631409702849427,0.45480696812590293,0.030521333962449985,0.03806917480800076
roughness,stable_high,3,632,early,12,0.2300373714529731,0.24652836359751187,0.2502459644481168,0.4743029840989059,0.016490992144538804,0.020208592995143725
roughness,stable_high,3,632,late,16,0.5032800135904829,0.48902924588271524,0.49609439417849793,0.5861561786501482,-0.014250767707767589,-0.007185619411984895
roughness,stable_high,3,632,mid,12,0.19307235116136157,0.2973201625020129,0.3093418334088669,0.26017867145390633,0.10424781134065131,0.11626948224750537
roughness,stable_high,3,633,all_post,40,0.3870038034239186,0.3906011289493896,0.3798629115725712,0.5359163345185884,0.003597325525470906,-0.007140891851347493
roughness,stable_high,3,633,early,12,0.4565533901321182,0.45541781315237695,0.42870384838600634,0.6422443373199188,-0.0011355769797413834,-0.027849541746111938
roughness,stable_high,3,633,late,16,0.3586206545146167,0.33017500405778016,0.33591039731779604,0.47799285368051125,-0.02844565045683653,-0.022710257196820634
roughness,stable_high,3,633,mid,12,0.35529841526145495,0.40635261126854805,0.3896253270988362,0.5068196395013607,0.05105419600709312,0.03432691183738113
roughness,stable_high,3,634,all_post,40,0.4766665388839805,0.46466258908783387,0.4527690728376391,0.4792019797455767,-0.012003949796146612,-0.023897466046341364
roughness,stable_high,3,634,early,12,0.5002999213662266,0.5164818971099724,0.49958263382254425,0.5168402501101312,0.016181975743745663,-0.0007172875436824849
roughness,stable_high,3,634,late,16,0.5537479097232083,0.5205347539583183,0.5022984590383175,0.5200575530636591,-0.03321315576489002,-0.051449450684890805
roughness,stable_high,3,634,mid,12,0.3502579952827638,0.33834706123838276,0.3399163302518295,0.38708961162357897,-0.011910934044381026,-0.01034166503093433
roughness,stable_high,3,635,all_post,40,0.3092896021952725,0.3257495596300028,0.3054993934374609,0.7193148730653378,0.016459957434730298,-0.003790208757811561
roughness,stable_high,3,635,early,12,0.20166502444968024,0.21350610476947515,0.19628155753901277,0.3991351032958685,0.011841080319794894,-0.005383466910667438
roughness,stable_high,3,635,late,16,0.3622485864650413,0.37160541817833254,0.35145539885119814,1.1976711805210214,0.0093568317132912,-0.010793187613843208
roughness,stable_high,3,635,mid,12,0.3463022009145064,0.37685186975942425,0.35344255545092634,0.4016862328938957,0.030549668844917832,0.007140354536419836
roughness,stable_high,3,636,all_post,40,0.31616868513531393,0.294748299922089,0.29309746858878993,0.4789570845880993,-0.021420385213224917,-0.023071216546523974
roughness,stable_high,3,636,early,12,0.3566642063547712,0.34675224814271455,0.34640004690156107,0.6211209450690174,-0.009911958212056723,-0.01026415945321024
roughness,stable_high,3,636,late,16,0.3534343908384952,0.2997843878699644,0.3009375418956013,0.4193394127614528,-0.05365000296853076,-0.052496848942893956
roughness,stable_high,3,636,mid,12,0.22598555631161485,0.23602956777096282,0.2293414592002704,0.4162834532093767,0.010044011459348004,0.0033559028886556174
roughness,stable_high,3,637,all_post,40,0.3797547307885686,0.3390149104763638,0.33820076332554627,1.1319702844822097,-0.040739820312204744,-0.04155396746302228
roughness,stable_high,3,637,early,12,0.43283948590892257,0.39762618782129855,0.3954264035131187,1.2145408346625475,-0.035213298087624044,-0.03741308239580395
roughness,stable_high,3,637,late,16,0.34911344906794883,0.3264520501223037,0.32527778248803785,1.3233477144990882,-0.022661398945645148,-0.023835666579911086
roughness,stable_high,3,637,mid,12,0.3675250179623741,0.29715411360350913,0.29820576425465184,0.7942298276127008,-0.07037090435886491,-0.0693192537077222
roughness,stable_high,3,638,all_post,40,0.2970031363474185,0.30150134233660825,0.3123780321178783,0.42342342316285536,0.004498205989189779,0.015374895770459803
roughness,stable_high,3,638,early,12,0.36067442174103753,0.36167720034127243,0.38404924040420624,0.6043041452542555,0.0010027786002347993,0.023374818663168703
roughness,stable_high,3,638,late,16,0.3241923131458818,0.3135105417250438,0.3159459427885788,0.4533908652142329,-0.010681771420838053,-0.008246370357302989
roughness,stable_high,3,638,mid,12,0.19707961522251485,0.22531321848069666,0.23594960960394948,0.2025861116696185,0.028233603258181875,0.038869994381434625
roughness,stable_high,3,639,all_post,40,0.3395224623166279,0.40822859905894776,0.3233306254007707,0.7384305983835192,0.06870613674231987,-0.016191836915857225
roughness,stable_high,3,639,early,12,0.2511556915880638,0.2705616270900799,0.23507586705866854,0.6126534003511733,0.01940593550201621,-0.01607982452939521
roughness,stable_high,3,639,late,16,0.3502896523505913,0.5024810125863299,0.33909053064579897,0.7365369895829921,0.1521913602357387,-0.011199121704792361
roughness,stable_high,3,639,mid,12,0.41353297966657426,0.42022568632463936,0.3905721767495018,0.8667326081499013,0.006692706658065112,-0.022960802917072393
roughness,stable_high,6,630,all_post,39,0.5585403167664407,0.47929361004943105,0.5082981352524435,1.8827832551861008,-0.07924670671700963,-0.05024218151399727
roughness,stable_high,6,630,early,12,0.5268499730878629,0.46880300527677593,0.4393784508127266,2.656289139069362,-0.058046967811086946,-0.08747152227513627
roughness,stable_high,6,630,late,15,0.4878382389670532,0.437437129596371,0.5012241588875136,1.1014379287285487,-0.05040110937068227,0.013385919920460353
roughness,stable_high,6,630,mid,12,0.6786082576942528,0.5421048153884113,0.5860602901483227,2.0859590293747776,-0.13650344230584163,-0.0925479675459303
roughness,stable_high,6,631,all_post,39,0.6519480981949634,0.5801876224225814,0.6028108026745271,1.2205258230423308,-0.07176047577238198,-0.04913729552043616
roughness,stable_high,6,631,early,12,0.2867695787126842,0.2726826222651399,0.27052437775998,0.919918941719794,-0.014086956447544324,-0.016245200952704212
roughness,stable_high,6,631,late,15,0.8754137953796142,0.7100186960944571,0.7533268911236237,1.7674000972975534,-0.16539509928515703,-0.12208690425599042
roughness,stable_high,6,631,mid,12,0.737794496196429,0.7254037804901783,0.7469521170277038,0.8375398615458387,-0.01239071570625079,0.009157620831274721
roughness,stable_high,6,632,all_post,39,0.38416634133082017,0.4700454649961249,0.5074392524688353,0.5387846835265168,0.08587912366530469,0.12327291113801514
roughness,stable_high,6,632,early,12,0.2794514279497919,0.3132902037840133,0.3402276020901814,0.6656313273615213,0.03383877583422142,0.06077617414038957
roughness,stable_high,6,632,late,15,0.5046775980791272,0.5925072762131923,0.6202237917801978,0.5734375281086211,0.08782967813406496,0.11554619370107051
roughness,stable_high,6,632,mid,12,0.33824218377646464,0.47372346218690237,0.5336702287082861,0.3686219839638814,0.13548127841043764,0.19542804493182156
roughness,stable_high,6,633,all_post,39,0.496265269066987,0.4482769300990358,0.4472004216794016,0.6078893417824991,-0.04798833896795107,-0.04906484738758539
roughness,stable_high,6,633,early,12,0.5656044600546674,0.5377115110362316,0.534405445936021,0.7234757543584541,-0.027892949018435684,-0.031199014118646274
roughness,stable_high,6,633,late,15,0.39519362566015925,0.37607707516016475,0.37872485319057153,0.5013600553055773,-0.01911655049999449,-0.016468772469587844
roughness,stable_high,6,633,mid,12,0.5532656323378412,0.44909216783542893,0.4455898580338198,0.6254645373026961,-0.10417346450241216,-0.10767577430402143
roughness,stable_high,6,634,all_post,39,0.5065943482023247,0.5354701148427176,0.5411683926691432,0.5848213604047303,0.028875766640392812,0.03457404446681847
roughness,stable_high,6,634,early,12,0.5034838623948881,0.4625152263948025,0.46327289673257327,0.5254963437787977,-0.04096863600008562,-0.040210965662314975
roughness,stable_high,6,634,late,15,0.5529969733773543,0.6925919386328949,0.7026802409634058,0.7399545171445773,0.13959496525554047,0.14968326758605124
roughness,stable_high,6,634,mid,12,0.45170155254097405,0.41202272355291075,0.41717407823788494,0.45022993110585435,-0.039678828988063346,-0.03452747430308909
roughness,stable_high,6,635,all_post,39,0.38352252142970744,0.36836950914596794,0.3577955187204748,1.6245766411827425,-0.01515301228373943,-0.02572700270923259
roughness,stable_high,6,635,early,12,0.23803873235524378,0.20477902394996048,0.19676375599909127,0.5669651868286603,-0.033259708405283285,-0.04127497635615244
roughness,stable_high,6,635,late,15,0.42661563407590375,0.43810567428256114,0.42383306099494067,2.888918013528205,0.01149004020665734,-0.0027825730809631316
roughness,stable_high,6,635,mid,12,0.4751399196964256,0.4447897879212341,0.4362803535987761,1.101761380104996,-0.030350131775191542,-0.03885956609764956
roughness,stable_high,6,636,all_post,39,0.35312057785545936,0.34121788515181556,0.34037695132095175,0.686609721338838,-0.01190269270364384,-0.012743626534507592
roughness,stable_high,6,636,early,12,0.38680481394620475,0.35412623447412966,0.3542168277568372,0.714945786310656,-0.032678579472074996,-0.03258798618936743
roughness,stable_high,6,636,late,15,0.43531087933062135,0.4108103609401673,0.409838199592813,0.7804896213899692,-0.02450051839045407,-0.025472679737808483
roughness,stable_high,6,636,mid,12,0.21669846492076142,0.2413189410940616,0.2397105145452398,0.5409237813031061,0.0246204761733001,0.023012049624478354
roughness,stable_high,6,637,all_post,39,0.4446665039996816,0.3755255907574618,0.3754115399213339,2.5449876893450454,-0.06914091324221995,-0.06925496407834777
roughness,stable_high,6,637,early,12,0.44771568666984995,0.4061234390404152,0.4089162317195592,2.1958592843990075,-0.041592247629434746,-0.03879945495029074
roughness,stable_high,6,637,late,15,0.400032558848606,0.3379495526822783,0.33546704813499073,3.0809741002160504,-0.06208300616632781,-0.06456551071361535
roughness,stable_high,6,637,mid,12,0.4974097527683579,0.3918977900684875,0.39183746285603754,2.2241330807023263,-0.10551196269987034,-0.10557228991232033
roughness,stable_high,6,638,all_post,39,0.32113303954742073,0.35702540970528696,0.3661434053812099,0.514357668328019,0.03589237015786628,0.04501036583378925
roughness,stable_high,6,638,early,12,0.39478613366450993,0.4002056908040939,0.4156057909330066,0.7126485461259731,0.005419557139583968,0.02081965726849667
roughness,stable_high,6,638,late,15,0.32585048826121993,0.37584626080929145,0.3786276796472541,0.5206116073184849,0.049995772548071436,0.052777191386034115
roughness,stable_high,6,638,mid,12,0.24158313453808225,0.2903190647264744,0.30107567699685805,0.3082493667919823,0.048735930188392174,0.05949254245877572
roughness,stable_high,6,639,all_post,39,0.4023629669193123,0.48124255274148764,0.376939316515648,1.4427303839000265,0.07887958582217548,-0.025423650403664223
roughness,stable_high,6,639,early,12,0.35981488016414315,0.35923271595395345,0.30376945350540924,1.3559177789528345,-0.0005821642101896835,-0.05604542665873388
roughness,stable_high,6,639,late,15,0.3900296470126937,0.6181884029789944,0.4235352927449146,1.394719964785782,0.22815875596630056,0.033505645732220805
roughness,stable_high,6,639,mid,12,0.4603277035577547,0.432070076732139,0.3918642092393038,1.589556012740024,-0.028257626825615695,-0.06846349431845085
roughness,stable_high,12,630,all_post,37,0.9247429882325136,0.6669000011433578,0.7504333399060257,5.075716023543445,-0.25784298708915565,-0.17430964832648757
roughness,stable_high,12,630,early,12,0.6775740535577309,0.5136272804919254,0.4619738906108813,6.688625153745124,-0.16394677306580566,-0.2156001629468496
roughness,stable_high,12,630,late,13,0.8636291636308856,0.5520756740662023,0.7240978653205861,2.7899933891303212,-0.3115534895646833,-0.1395312983102994
roughness,stable_high,12,630,mid,12,1.238118566225726,0.9445657427950419,1.0674228866687299,5.939006413955983,-0.29355282343068395,-0.17069567955699608
roughness,stable_high,12,631,all_post,37,1.766752868935228,1.2388655096832815,1.2645273375241763,3.0852503808786658,-0.5278873592519467,-0.5022255314110515
roughness,stable_high,12,631,early,12,0.40040695046275276,0.3938504425650377,0.3860406333138932,2.7453438936864694,-0.006556507897715083,-0.014366317148859525
roughness,stable_high,12,631,late,13,2.733738736740551,1.636105842915652,1.6921025968905683,4.765958611269172,-1.0976328938248991,-1.0416361398499836
roughness,stable_high,12,631,mid,12,2.0855307639519363,1.6535368824664562,1.6798075107542028,1.6043896184811473,-0.43199388148548007,-0.40572325319773395
roughness,stable_high,12,632,all_post,37,0.9928301128797887,0.7912258848151105,0.8504041654839309,0.9147288750094612,-0.20160422806467818,-0.14242594739585787
roughness,stable_high,12,632,early,12,0.6730135282176309,0.5391342026652541,0.6267408675495627,1.4501221318080353,-0.13387932555237678,-0.04627266066806817
roughness,stable_high,12,632,late,13,1.3432855239813126,0.9017715099217083,0.8731391550223665,0.6805461131128229,-0.4415140140596045,-0.47014636895894635
roughness,stable_high,12,632,mid,12,0.932986668848629,0.9235598064328201,1.0494378914183276,0.6330336102655784,-0.009426862415809367,0.1164512225696982
roughness,stable_high,12,633,all_post,37,0.7190781689048601,0.8819516001234863,0.8680196878677551,0.6986937240811795,0.162873431218626,0.14894151896289493
roughness,stable_high,12,633,early,12,0.9313256689153638,1.2471762136552955,1.216198718976169,0.9077400374471388,0.31585054473993196,0.28487305006080504
roughness,stable_high,12,633,late,13,0.37063168236976873,0.5359064400155463,0.5291006742488572,0.5106742912977407,0.16527475764577776,0.15846899187908853
roughness,stable_high,12,633,mid,12,0.8843143626407054,0.8916092433752779,0.8870029215131474,0.6933351295639455,0.007294880734572448,0.0026885588724417653
roughness,stable_high,12,634,all_post,37,0.7964076068868914,0.8366565538323023,0.8434209131111633,0.8460606575490441,0.040248946945410945,0.047013306224272126
roughness,stable_high,12,634,early,12,0.4484801597923085,0.4441337948911421,0.4488302740152954,0.460072628051352,-0.004346364901166488,0.0003501142229868579
roughness,stable_high,12,634,late,13,1.1522316254141214,1.335257979734846,1.3470394170176108,1.340388950154631,0.18302635432072453,0.19480779160348932
roughness,stable_high,12,634,mid,12,0.7588590339103081,0.6890277680457065,0.6924248396417134,0.6965263700573506,-0.06983126586460132,-0.06643419426859452
roughness,stable_high,12,635,all_post,37,0.5485845534920691,1.684345662865063,1.2394957476179151,4.369155283259824,1.1357611093729938,0.6909111941258459
roughness,stable_high,12,635,early,12,0.27326841582900246,0.3204543164778783,0.2795802904781538,1.2006048534958045,0.047185900648875824,0.006311874649151371
roughness,stable_high,12,635,late,13,0.579042466756239,2.8120917008727253,1.8145995302913522,8.004140837470025,2.233049234116486,1.2355570635351134
roughness,stable_high,12,635,mid,12,0.7909046184522849,1.8265121347439475,1.5763821068614525,3.5998046959627916,1.0356075162916627,0.7854774884091675
roughness,stable_high,12,636,all_post,37,0.411811728776047,0.4515151874130699,0.4485683627799372,1.511703103033522,0.03970345863702291,0.03675663400389022
roughness,stable_high,12,636,early,12,0.43564575217878576,0.4159552395379737,0.4154563511764504,1.6259501387601423,-0.0196905126408122,-0.0201894010023353
roughness,stable_high,12,636,late,13,0.5755385981166796,0.6164645077848403,0.6117505824091727,1.7743486465902694,0.04092590966816078,0.03621198429249312
roughness,stable_high,12,636,mid,12,0.21060693025428956,0.3083800382187482,0.30489963645175217,1.1129233951204245,0.09777310796445869,0.0942927061974626
roughness,stable_high,12,637,all_post,37,0.5693162331399351,0.49691757586870117,0.4944482408506482,7.5949205438014165,-0.07239865727123396,-0.07486799228928687
roughness,stable_high,12,637,early,12,0.47086353211374904,0.438148581763595,0.43991596117802584,5.952673365465572,-0.032714950350153975,-0.030947570935723104
roughness,stable_high,12,637,late,13,0.4061130905088166,0.3758220478521367,0.38072568649649613,9.27479009958088,-0.030291042656679975,-0.0253874040123205
roughness,stable_high,12,637,mid,12,0.8445723386831666,0.6868733919917522,0.6721799544069356,7.417309036709508,-0.15769894669141415,-0.17239238427623085
roughness,stable_high,12,638,all_post,37,0.3816826957699349,0.44712374898828966,0.45324231315680924,0.5014683021687749,0.06544105321835476,0.07155961738687446
roughness,stable_high,12,638,early,12,0.42753060637005075,0.4564338161425006,0.48134847683627147,0.6356606430732229,0.02890320977244998,0.053817870466220726
roughness,stable_high,12,638,late,13,0.36636578688772664,0.47791150279265104,0.47390041794286997,0.4526911631066691,0.1115457159049243,0.10753463105514321
roughness,stable_high,12,638,mid,12,0.35242810312554457,0.40446028187935384,0.402756535959115,0.42011786191494127,0.0520321787538092,0.05032843283357036
roughness,stable_high,12,639,all_post,37,0.6290100994178298,0.6876034972254099,0.5844636676512642,4.487664821305326,0.05859339780758008,-0.0445464317665656
roughness,stable_high,12,639,early,12,0.5894190031430463,0.48788863118834924,0.4463806677250637,4.098524337727445,-0.10153037195469705,-0.14303833541798264
roughness,stable_high,12,639,late,13,0.5952918789710765,0.9595578520396478,0.7591464113598565,4.023251037582793,0.36426597306857145,0.16385453238878023
roughness,stable_high,12,639,mid,12,0.7051292678432626,0.5927011455470458,0.5333070285598227,5.379920237249283,-0.1124281222962168,-0.1718222392834399
roughness,stable_low,1,630,all_post,40,0.4833088305971597,0.46166014770964514,0.45813696463273834,0.8333463696415784,-0.02164868288751454,-0.025171865964421385
roughness,stable_low,1,630,early,12,0.3607360162764115,0.34706513082018886,0.3458052582167232,1.0079830402325063,-0.013670885456222722,-0.01493075805968838
roughness,stable_low,1,630,late,16,0.5933910981756045,0.526065046702527,0.5194932326152951,0.6248255520182155,-0.06732605147307748,-0.07389786556030942
roughness,stable_low,1,630,mid,12,0.459105288146648,0.49038196594192546,0.4886603137386776,0.9367374558818008,0.03127667779527752,0.029555025592029643
roughness,stable_low,1,631,all_post,40,0.4550061594647021,0.3687584557728958,0.3687584557728958,0.5731377837845081,-0.08624770369180627,-0.08624770369180627
roughness,stable_low,1,631,early,12,0.42087275541665964,0.3528574398994783,0.3528574398994783,0.42330573106499614,-0.06801531551718143,-0.06801531551718143
roughness,stable_low,1,631,late,16,0.3597304786539514,0.27839406469399475,0.27839406469399475,0.4955159123532772,-0.0813364139599567,-0.0813364139599567
roughness,stable_low,1,631,mid,12,0.6161738045937453,0.5051453264181814,0.5051453264181814,0.8264656650789944,-0.1110284781755639,-0.1110284781755639
roughness,stable_low,1,632,all_post,40,0.3065198763730532,0.25829362546347534,0.23697813704531204,0.4491602101605561,-0.04822625090957785,-0.06954173932774119
roughness,stable_low,1,632,early,12,0.3080761079786786,0.2598515197017591,0.2671553425663683,0.3312842007744614,-0.048224588276919424,-0.040920765412310274
roughness,stable_low,1,632,late,16,0.45824908176880724,0.3756178965501726,0.31863938459343355,0.7306525347834818,-0.08263118521863466,-0.13960969717537372
roughness,stable_low,1,632,mid,12,0.10265803757308921,0.10030336977626202,0.09791926812676048,0.19171312004941635,-0.002354667796827204,-0.004738769446328725
roughness,stable_low,1,633,all_post,40,0.36108031850047945,0.3498015494014847,0.31999816689835836,0.6013721044846723,-0.011278769098994713,-0.04108215160212107
roughness,stable_low,1,633,early,12,0.3776803516014911,0.41016830018356587,0.423389238862987,0.9662831052331599,0.03248794858207473,0.04570888726149599
roughness,stable_low,1,633,late,16,0.39155368366568777,0.40251456925026874,0.3384632388657197,0.5673007984540432,0.010960885584581009,-0.05309044479996805
roughness,stable_low,1,633,mid,12,0.30384913184585655,0.2191507721543581,0.1919869989772477,0.2818895117770232,-0.08469835969149843,-0.11186213286860887
roughness,stable_low,1,634,all_post,40,0.4526094045411025,0.43937081064671296,0.46185569424735035,0.5418623043952872,-0.013238593894389533,0.009246289706247907
roughness,stable_low,1,634,early,12,0.40964124575080363,0.3871691646394413,0.4229202321608569,0.6430830019040331,-0.022472081111362282,0.013278986410053234
roughness,stable_low,1,634,late,16,0.5290567988577348,0.5038115064663489,0.5750711839650808,0.6530294715195436,-0.025245292391385815,0.04601438510734615
roughness,stable_low,1,634,mid,12,0.3936477042425581,0.4056515288944698,0.3498371700435365,0.2924187173875326,0.012003824651911613,-0.04381053419902175
roughness,stable_low,1,635,all_post,40,0.37726055972292516,0.3254002867783803,0.29958009638416677,0.39125956205965445,-0.05186027294454485,-0.07768046333875836
roughness,stable_low,1,635,early,12,0.22119062387662103,0.21422034671573398,0.21398102953844553,0.36800501092267623,-0.0069702771608870255,-0.007209594338175485
roughness,stable_low,1,635,late,16,0.5220914920060761,0.35692859908442914,0.30935484861995616,0.5699296335090682,-0.16516289292164693,-0.21273664338611986
roughness,stable_low,1,635,mid,12,0.3402225858583614,0.39454247709962825,0.3721461602488356,0.1762873512640808,0.05431989124126679,0.03192357439047416
roughness,stable_low,1,636,all_post,40,0.30191500303760993,0.27516427421652684,0.27474848271038166,0.400822583943553,-0.02675072882108307,-0.02716652032722826
roughness,stable_low,1,636,early,12,0.40281384273327664,0.38813537023267336,0.39160160730315896,0.7271533912529967,-0.014678472500603203,-0.011212235430117559
roughness,stable_low,1,636,late,16,0.29310842761181866,0.27074513136191625,0.2705162572632914,0.24527628161515294,-0.022363296249902468,-0.022592170348527237
roughness,stable_low,1,636,mid,12,0.21275826390966482,0.16808536867319443,0.16353832538039118,0.2818868464053095,-0.044672895236470396,-0.04921993852927368
roughness,stable_low,1,637,all_post,40,0.28809590363784743,0.35007786898906956,0.39236599204364403,0.4698734958708145,0.061981965351222114,0.10427008840579659
roughness,stable_low,1,637,early,12,0.2285698072244342,0.28571307209234975,0.2836649142269801,0.4422672567672175,0.05714326486791554,0.055095107002545905
roughness,stable_low,1,637,late,16,0.3637610973149815,0.47885371624968476,0.546117930710086,0.6891793430899231,0.11509261893470323,0.1823568333951045
roughness,stable_low,1,637,mid,12,0.24673507514841528,0.2427415362049691,0.29606448497171867,0.2050719386822665,-0.003993538943446171,0.049329409823303395
roughness,stable_low,1,638,all_post,40,0.2524290910682884,0.24721553676902347,0.23317468346766884,0.38212716466587826,-0.0052135542992650125,-0.019254407600619562
roughness,stable_low,1,638,early,12,0.40025985822299753,0.3946334575185519,0.39285751687647963,0.5608658215553471,-0.005626400704445671,-0.007402341346518049
roughness,stable_low,1,638,late,16,0.24351587277315762,0.2066482511694975,0.19777586571167333,0.41673914677189905,-0.0368676216036601,-0.04574000706148427
roughness,stable_low,1,638,mid,12,0.11648261497375371,0.15388733015219613,0.12069027373351891,0.15723919830171487,0.03740471517844241,0.004207658759765204
roughness,stable_low,1,639,all_post,40,0.3666373377323565,0.3609537263164155,0.32032343102082567,0.5003805106399469,-0.005683611415941025,-0.046313906711530836
roughness,stable_low,1,639,early,12,0.18735740748562357,0.18286452310872933,0.1646190922858691,0.31409199948823885,-0.00449288437689425,-0.02273831519975447
roughness,stable_low,1,639,late,16,0.3413657976118313,0.3395420359539623,0.2955746075262213,0.38404761370908375,-0.001823761657868933,-0.04579119008561
roughness,stable_low,1,639,mid,12,0.5796126548064565,0.5675918500073726,0.5090262010819214,0.841779551032806,-0.012020804799083927,-0.07058645372453502
roughness,stable_low,3,630,all_post,40,0.40593453122774276,0.3903935438394878,0.3890911347270637,0.8139476380903176,-0.015540987388254986,-0.01684339650067903
roughness,stable_low,3,630,early,12,0.43221248432612835,0.4363163889620208,0.4344230051275521,1.1577358213167723,0.004103904635892468,0.002210520801423744
roughness,stable_low,3,630,late,16,0.41723859318090006,0.36371792705028183,0.36369766063469144,0.5601710211877956,-0.053520666130618275,-0.05354093254620863
roughness,stable_low,3,630,mid,12,0.36458449552514754,0.38003818776922954,0.37761722978307194,0.808528277400559,0.015453692244081945,0.013032734257924332
roughness,stable_low,3,631,all_post,40,0.3442058776386222,0.35391328583104925,0.35391328583104925,0.49517706399592515,0.009707408192427089,0.009707408192427089
roughness,stable_low,3,631,early,12,0.22956514767749056,0.27321393488872187,0.27321393488872187,0.3581902042652824,0.04364878721123131,0.04364878721123131
roughness,stable_low,3,631,late,16,0.38038229538468105,0.39167708609881613,0.39167708609881613,0.5730431472373702,0.011294790714135031,0.011294790714135031
roughness,stable_low,3,631,mid,12,0.410611383938342,0.3842609030830209,0.3842609030830209,0.5283424794046415,-0.02635048085532105,-0.02635048085532105
roughness,stable_low,3,632,all_post,40,0.25674352806044026,0.24720242896599948,0.23413352788112457,0.3957655451290768,-0.00954109909444075,-0.022610000179315682
roughness,stable_low,3,632,early,12,0.22869261217363612,0.21394037340139252,0.20990268543747623,0.33765851493492766,-0.014752238772243596,-0.01878992673615992
roughness,stable_low,3,632,late,16,0.3802821945836893,0.35687153447100745,0.32749012877899986,0.5772907612343556,-0.023410660112681895,-0.052792065804689446
roughness,stable_low,3,632,mid,12,0.12007622191624558,0.13423901052392917,0.13388890246093915,0.21183895384952098,0.014162788607683616,0.013812680544693569
roughness,stable_low,3,633,all_post,40,0.31483555024224474,0.3123481632373367,0.3065923179661854,0.5223665987110812,-0.0024873870049080572,-0.008243232276059389
roughness,stable_low,3,633,early,12,0.29457173336234777,0.29084181624725464,0.29465265719002004,0.6153000593339574,-0.0037299171150931704,8.0923827672322e-05
roughness,stable_low,3,633,late,16,0.31534111417240857,0.3167877130262963,0.31628047654051084,0.47251108562364086,0.0014465988538877928,0.000939362368102303
roughness,stable_low,3,633,mid,12,0.33442528188192333,0.32793511050880597,0.3056144339765834,0.49590715553812537,-0.006490171373117415,-0.028810847905340026
roughness,stable_low,3,634,all_post,40,0.38490292660218695,0.3591543342852262,0.36997667664148975,0.46712809496816765,-0.02574859231696075,-0.014926249960697153
roughness,stable_low,3,634,early,12,0.41106375481047713,0.4020185340414528,0.41980453369231857,0.5246676609627595,-0.009045220769024412,0.008740778881841485
roughness,stable_low,3,634,late,16,0.3988146628632977,0.3593629939827404,0.39900250288903194,0.4705792654797405,-0.039451668880557324,0.00018784002573419764
roughness,stable_low,3,634,mid,12,0.34019311671241564,0.31601192159898067,0.2814477179272714,0.40498696829147884,-0.02418119511343499,-0.05874539878514424
roughness,stable_low,3,635,all_post,40,0.28708803245529496,0.3418916214890485,0.30835802725022143,0.36081657042587567,0.05480358903375351,0.021269994794926486
roughness,stable_low,3,635,early,12,0.17576298100255236,0.17563954835052,0.17862850766959137,0.31218986909648433,-0.00012343265203225833,0.0028655266670390496
roughness,stable_low,3,635,late,16,0.39713109431771615,0.5342527405733496,0.4446387831532615,0.5315924181584498,0.13712164625563347,0.04750768883554534
roughness,stable_low,3,635,mid,12,0.2516890014248094,0.25166220251517535,0.25637987229346487,0.18174214144516807,-2.679890963403972e-05,0.00469087086865545
roughness,stable_low,3,636,all_post,40,0.2457507066507457,0.23777804916759343,0.237329532868321,0.3925593757036465,-0.007972657483152288,-0.008421173782424674
roughness,stable_low,3,636,early,12,0.3313283735008725,0.32436184527813783,0.3244538757057712,0.5565365583365548,-0.006966528222734695,-0.0068744977951013045
roughness,stable_low,3,636,late,16,0.21825161604287213,0.227190653986169,0.22670478199983207,0.3003823836300612,0.008939037943296903,0.008453165956959949
roughness,stable_low,3,636,mid,12,0.19683849394445022,0.16531077996561472,0.16437152452218937,0.35148484916885203,-0.03152771397883547,-0.03246696942226088
roughness,stable_low,3,637,all_post,40,0.29324556720256073,0.6131516453055833,0.5655934219659979,0.48719805035196034,0.31990607810302263,0.27234785476343715
roughness,stable_low,3,637,early,12,0.3578155086614603,0.5308737673690678,0.506008395385993,0.6287603188306452,0.17305825870760735,0.14819288672453254
roughness,stable_low,3,637,late,16,0.30077669368331544,0.7781869261389278,0.7096154743245177,0.5415028726253506,0.4774102324556124,0.40883878064120216
roughness,stable_low,3,637,mid,12,0.21863412376932148,0.47538248213097306,0.43314904540131005,0.27322935217542194,0.2567483583616515,0.21451492163198851
roughness,stable_low,3,638,all_post,40,0.240921189399812,0.23881769502851866,0.25792889894757975,0.4176344172891426,-0.002103494371293374,0.01700770954776773
roughness,stable_low,3,638,early,12,0.29725755026249107,0.28734071179074927,0.30970554348094037,0.5969325310286183,-0.00991683847174185,0.012447993218449227
roughness,stable_low,3,638,late,16,0.2583598332101886,0.25931526770177993,0.27647662092659353,0.4614186094241909,0.0009554344915913555,0.018116787716404886
roughness,stable_low,3,638,mid,12,0.1613333034566308,0.16296458136860628,0.18142195844220088,0.17995738070293574,0.0016312779119754678,0.02008865498557003
roughness,stable_low,3,639,all_post,40,0.279552711882135,0.29356347822546003,0.29516632174920165,0.44989603161958486,0.014010766343325043,0.015613609867066678
roughness,stable_low,3,639,early,12,0.20282702708108458,0.19248363299974322,0.19312669140260522,0.3501441903553488,-0.010343394081341405,-0.009700335678479366
roughness,stable_low,3,639,late,16,0.2826889996334842,0.3238089548897644,0.3268739142180305,0.47524133895264264,0.0411199552562802,0.04418491458454634
roughness,stable_low,3,639,mid,12,0.35209667968138647,0.35431602123210443,0.35492916213735964,0.515854129773077,0.002219341550717945,0.002832482455973173
roughness,stable_low,6,630,all_post,39,0.4018742680263808,0.39129583330632717,0.3913658975901183,0.7447718165447801,-0.010578434720053768,-0.010508370436262642
roughness,stable_low,6,630,early,12,0.4584670963686079,0.4448450485848523,0.4456209902092047,1.1868588723134574,-0.013622047783755517,-0.012846106159403159
roughness,stable_low,6,630,late,15,0.3845793314019449,0.3611216757371654,0.36008205054458625,0.4581344218840704,-0.023457655664779604,-0.02449728085735868
roughness,stable_low,6,630,mid,12,0.36690011046469895,0.3754643149892542,0.3762156137779468,0.6609815041019904,0.008564204524555275,0.009315503313247922
roughness,stable_low,6,631,all_post,39,0.3969527069088162,0.3415849283980857,0.3464847717814061,0.49021002497204746,-0.055367778510730443,-0.05046793512741013
roughness,stable_low,6,631,early,12,0.24123806237710863,0.23982895233899157,0.23805487326856253,0.30469330043448317,-0.0014091100381170493,-0.003183189108546057
roughness,stable_low,6,631,late,15,0.49254910699374455,0.40176082426431364,0.4156910632660145,0.6276629568701676,-0.09078828272943086,-0.07685804372773003
roughness,stable_low,6,631,mid,12,0.43317185133436326,0.3681210346243949,0.3684068059384889,0.5039105846369616,-0.0650508167099683,-0.06476504539587431
roughness,stable_low,6,632,all_post,39,0.28480308612572053,0.2706793789799026,0.2515356227263971,0.37452312594375364,-0.014123707145817947,-0.03326746339932343
roughness,stable_low,6,632,early,12,0.2570711118995448,0.2476940523553793,0.2288780117632614,0.30629231853280753,-0.009377059544165477,-0.028193100136283383
roughness,stable_low,6,632,late,15,0.41450341058725004,0.374835135569688,0.3411454304855026,0.5524223052284175,-0.03966827501756201,-0.07335798010174739
roughness,stable_low,6,632,mid,12,0.15040965477498447,0.16347000986719415,0.16218097399065096,0.22037995924886986,0.013060355092209666,0.011771319215666489
roughness,stable_low,6,633,all_post,39,0.31820048720855243,0.3163704410584717,0.3159614274314446,0.5657987287596304,-0.001830046150080774,-0.002239059777107811
roughness,stable_low,6,633,early,12,0.2878606704491295,0.2862110861931188,0.28549590503140904,0.639552674021351,-0.0016495842560106538,-0.0023647654177204845
roughness,stable_low,6,633,late,15,0.31619757704346696,0.33547032506606017,0.3347671098856471,0.488307244577326,0.019272748022593263,0.018569532842180138
roughness,stable_low,6,633,mid,12,0.3510439416743323,0.3226549409143389,0.32291984676372726,0.5889091387257905,-0.02838900075999344,-0.028124094910605076
roughness,stable_low,6,634,all_post,39,0.3604802170581621,0.35228237746114943,0.35228237746114943,0.522328794847806,-0.008197839597012542,-0.008197839597012542
roughness,stable_low,6,634,early,12,0.3878061715617694,0.3895750839107477,0.3895750839107477,0.5452265058501536,0.0017689123489782708,0.0017689123489782708
roughness,stable_low,6,634,late,15,0.35530976467763803,0.34077902952439415,0.34077902952439415,0.564593115916171,-0.014530735153243839,-0.014530735153243839
roughness,stable_low,6,634,mid,12,0.3396173280302097,0.32936885593249543,0.32936885593249543,0.44660068251000284,-0.010248472097714234,-0.010248472097714234
roughness,stable_low,6,635,all_post,39,0.29484360549998573,0.3724363134023689,0.3413733084449539,0.46654223263939965,0.07759270790238319,0.04652970294496823
roughness,stable_low,6,635,early,12,0.18011978163808062,0.18010637226530565,0.18320771265332733,0.3509863985750899,-1.3409372775004548e-05,0.0030879310152466893
roughness,stable_low,6,635,late,15,0.40750145580797664,0.6092973425427537,0.5253881110341936,0.6924587333049822,0.20179588673477708,0.11788665522621701
roughness,stable_low,6,635,mid,12,0.2687451164769022,0.2686899681139511,0.26952040100003094,0.29970244087173153,-5.514836295101612e-05,0.0007752845231287706
roughness,stable_low,6,636,all_post,39,0.23486175515373584,0.23375512919139965,0.2386235952237164,0.3695262062170925,-0.0011066259623361246,0.0037618400699805632
roughness,stable_low,6,636,early,12,0.333946663435248,0.32855127175634635,0.3284239535354359,0.4382827475646031,-0.005395391678901608,-0.005522709899812024
roughness,stable_low,6,636,late,15,0.2149879045467185,0.22187703482645446,0.2307416257449588,0.34925039098740984,0.006889130279735956,0.01575372119824026
roughness,stable_low,6,636,mid,12,0.16061916013099528,0.15380660458263454,0.15867569876044382,0.3261144339066852,-0.006812555548360743,-0.0019434613705514685
roughness,stable_low,6,637,all_post,39,0.31471951735222947,3.5208003321992614,1.07411201434979,0.5634029159415459,3.206080814847032,0.7593924969975606
roughness,stable_low,6,637,early,12,0.4224517538024845,1.8541410993534158,0.7747892792406276,0.639857455935989,1.4316893455509312,0.35233752543814295
roughness,stable_low,6,637,late,15,0.3013700575770881,5.128737151302281,1.4388741031166339,0.6508429665427596,4.8273670937251945,1.137504045539546
roughness,stable_low,6,637,mid,12,0.22367410562090137,3.177538541166332,0.9174821385003981,0.37764831269558563,2.95386443554543,0.6938080328794968
roughness,stable_low,6,638,all_post,39,0.24436501407454445,0.2470880695415778,0.2712419447927344,0.49299710484613374,0.0027230554670333294,0.026876930718189876
roughness,stable_low,6,638,early,12,0.29074296071217964,0.28302255303807256,0.30365892353736595,0.6774090605718497,-0.007720407674107049,0.012915962825186372
roughness,stable_low,6,638,late,15,0.27372342173427094,0.2770137346696433,0.3023141448063577,0.5357114491936797,0.0032903129353723487,0.028590723072086772
roughness,stable_low,6,638,mid,12,0.16128905786225142,0.17374650463500133,0.19998471603107362,0.25519221868598535,0.012457446772749936,0.03869565816882225
roughness,stable_low,6,639,all_post,39,0.2946409343719353,0.3207221946205402,0.30744184688367693,0.45087669485011317,0.026081260248604864,0.01280091251174165
roughness,stable_low,6,639,early,12,0.2386709686424208,0.24262243820210583,0.2518557644820552,0.4221443216024918,0.003951469559685058,0.013184795839634436
roughness,stable_low,6,639,late,15,0.2989880544502959,0.3863463188402029,0.34630471733200946,0.4928463107379033,0.08735826438990706,0.047316662881713614
roughness,stable_low,6,639,mid,12,0.3451770000034991,0.31679179576439603,0.314449341224883,0.4271470482379969,-0.028385204239103054,-0.030727658778616093
roughness,stable_low,12,630,all_post,37,0.44534705836011207,0.42933135900500546,0.42873079281724985,0.8780246070498254,-0.01601569935510652,-0.016616265542862184
roughness,stable_low,12,630,early,12,0.47878762045916323,0.4756453659115984,0.47435969738718603,1.355071257783453,-0.0031422545475646942,-0.004427923071977082
roughness,stable_low,12,630,late,13,0.44983529248902,0.3997465997343245,0.40059215881879734,0.5327497178300573,-0.05008869275469558,-0.04924313367022277
roughness,stable_low,12,630,mid,12,0.4070442426214105,0.41506750797498365,0.4135854084123039,0.7750257529709467,0.00802326535357314,0.006541165790893336
roughness,stable_low,12,631,all_post,37,0.6110660724730593,0.4341216648335175,0.437313028242531,0.6737916086638844,-0.1769444076395419,-0.17375304423052826
roughness,stable_low,12,631,early,12,0.28986745481743453,0.2821569841395233,0.2769872195281797,0.3944417170623546,-0.007710470677911249,-0.012880235289254928
roughness,stable_low,12,631,late,13,0.8757358640735193,0.564530613450375,0.5770194693488784,1.0069369442453815,-0.31120525062314436,-0.298716394724641
roughness,stable_low,12,631,mid,12,0.645539082561519,0.4448099845259159,0.4462901924250063,0.5922340533854585,-0.20072909803560313,-0.19924889013651273
roughness,stable_low,12,632,all_post,37,0.3355069426206635,0.3225251720997852,0.2856316437146653,0.42279586875304775,-0.012981770520878162,-0.049875298905998046
roughness,stable_low,12,632,early,12,0.34592115632800985,0.33069775485650105,0.2844072985055363,0.36423060757131803,-0.015223401471508862,-0.061513857822473594
roughness,stable_low,12,632,late,13,0.42756661761786324,0.4141126932023242,0.37021576312180254,0.6300148828048576,-0.013453924415539043,-0.05735085449606062
roughness,stable_low,12,632,mid,12,0.22536141433301704,0.2151327748153189,0.1952231928993957,0.25687386471198353,-0.010228639517698167,-0.03013822143362138
roughness,stable_low,12,633,all_post,37,0.37049272269334876,0.33140249127533145,0.3316202483491237,0.5845969275497898,-0.03909023141801737,-0.03887247434422518
roughness,stable_low,12,633,early,12,0.32578743569651014,0.2936214457391588,0.29506685074892613,0.6622105673356509,-0.0321659899573513,-0.030720584947583996
roughness,stable_low,12,633,late,13,0.32293972879634036,0.3429332322387065,0.34265455101479864,0.5003276537476967,0.019993503442366126,0.01971482221845826
roughness,stable_low,12,633,mid,12,0.4667137530786134,0.3566919007678478,0.3562198180615066,0.5982750010495291,-0.11002185231076556,-0.1104939350171068
roughness,stable_low,12,634,all_post,37,0.3494454686505618,0.37187645680878045,0.3448377711472466,0.5385074605354855,0.022430988158218593,-0.004607697503315159
roughness,stable_low,12,634,early,12,0.3916833562867364,0.4239093403626279,0.3713443446408404,0.4731242143307182,0.032225984075891584,-0.02033901164589607
roughness,stable_low,12,634,late,13,0.3284666343559281,0.35378434670368003,0.3233424204207733,0.5614172292023987,0.025317712347751955,-0.005124213935154746
roughness,stable_low,12,634,mid,12,0.32993465150024065,0.33944335920212504,0.34161782760733256,0.5790717906844303,0.009508707701884472,0.01168317610709197
roughness,stable_low,12,635,all_post,37,0.3526401015737814,0.4418726630612679,0.4093831748446402,0.5719475948432433,0.08923256148748648,0.05674307327085882
roughness,stable_low,12,635,early,12,0.188952687154353,0.18875059821605703,0.19092959843958335,0.4315578749027273,-0.00020208893829602495,0.001976911285230268
roughness,stable_low,12,635,late,13,0.5290387217862085,0.7833402615591484,0.691239907450385,0.8839381274365928,0.25430153977293984,0.16220118566417657
roughness,stable_low,12,635,mid,12,0.32522901076308036,0.32507149620044157,0.3224919575934735,0.3743475711409641,-0.0001575145626388092,-0.0027370531696068686
roughness,stable_low,12,636,all_post,37,0.23742266276931626,0.23566963159927679,0.240891888018861,0.41691839541441933,-0.0017530311700394744,0.0034692252495447428
roughness,stable_low,12,636,early,12,0.3282527487281696,0.3247348580594921,0.3269172745499839,0.4566395897953452,-0.0035178906686775466,-0.0013354741781857378
roughness,stable_low,12,636,late,13,0.21598143121240704,0.22310343818266387,0.23364692407466306,0.4652179662488829,0.007122006970256823,0.017665492862256025
roughness,stable_low,12,636,mid,12,0.16982057766378122,0.1602177813403922,0.1627152124272859,0.3248726659628246,-0.009602796323389057,-0.0071053652364953266
roughness,stable_low,12,637,all_post,37,0.4019712746713832,4.29919022191246,1.904519223464401,0.8041596103720821,3.897218947241076,1.5025479487930178
roughness,stable_low,12,637,early,12,0.6300377274350852,2.3618836084874997,1.2919522261821939,0.8840456111196827,1.7318458810524147,0.6619144987471085
roughness,stable_low,12,637,late,13,0.3584980032570927,6.309508049992261,2.6181809693789124,0.9619260140844612,5.951010046735168,2.2596829661218205
roughness,stable_low,12,637,mid,12,0.22100086593982934,4.058652521584299,1.7439526626725537,0.5533600056027376,3.83765165564447,1.5229517967327248
roughness,stable_low,12,638,all_post,37,0.2404812226842779,0.23936493010468557,0.26770895173551423,0.4439085629594,-0.0011162925795923351,0.02722772905123626
roughness,stable_low,12,638,early,12,0.2607352151616937,0.25543180114578035,0.2976124149071689,0.5555161979442796,-0.005303414015913323,0.036877199745475236
roughness,stable_low,12,638,late,13,0.2730365155177178,0.2728447291971976,0.28729805455293883,0.47296894715737786,-0.00019178632052016745,0.014261539035220976
roughness,stable_low,12,638,mid,12,0.18495899630396903,0.1870282767133695,0.21658396051164955,0.3008188450933776,0.002069280409400473,0.03162496420768052
roughness,stable_low,12,639,all_post,37,0.33276326203726025,0.3863575286284011,0.32244393770272933,0.7378209146291287,0.05359426659114085,-0.01031932433453093
roughness,stable_low,12,639,early,12,0.2776842307955832,0.27600519780951677,0.2642240871653058,0.7564603786567733,-0.0016790329860664661,-0.013460143630277407
roughness,stable_low,12,639,late,13,0.3810353453803298,0.5518325524503409,0.3767488292116198,0.779905425146285,0.1707972070700112,-0.004286516168709947
roughness,stable_low,12,639,mid,12,0.3355475363239453,0.3174452503068506,0.32183348910552145,0.6735898975412313,-0.018102286017094696,-0.01371404721842385
