mechanism,direction,horizon,relative_origin,n_pairs,transition_smoothness,start_smoothness,target_smoothness,mean_abs_smoothness_gap_to_target,mean_transition_order,mean_start_order,mean_target_order,mean_transition_window,mean_start_window,mean_target_window,order_match_target_share,window_match_target_share,discrete_config_match_target_share,mean_transition_window_post_fraction
noise_scale,high_to_low,1,0,10,0.9134846306480273,0.9134846306480273,0.9498082940101542,0.11941589185563624,2.4,2.4,2.5,55.2,55.2,57.6,0.6,0.6,0.3,0.0
noise_scale,high_to_low,1,3,10,0.950940450667542,0.9537068274905585,0.9509179576365447,0.0674397971172973,2.4,2.4,2.5,57.6,57.6,55.2,0.9,0.5,0.5,0.0625
noise_scale,high_to_low,1,6,10,0.8970804761960643,0.8344547084517016,0.950116768574763,0.060699246154830425,2.3,2.1,2.5,60.0,60.0,52.8,0.8,0.5,0.4,0.1125
noise_scale,high_to_low,1,9,10,0.8886890131367384,0.904563824625239,0.8829624403135703,0.07187607259956463,2.2,2.1,2.4,55.2,55.2,45.6,0.6,0.3,0.2,0.19375
noise_scale,high_to_low,1,12,10,0.819514673736589,0.9014467363643573,0.8391989685421077,0.11094354341935979,2.0,2.2,2.1,57.6,55.2,45.6,0.8,0.6,0.5,0.25
noise_scale,high_to_low,1,15,10,0.8750772459122729,0.9002068158115083,0.8360036591305768,0.04636888460179586,2.1,2.0,2.1,52.8,55.2,45.6,1.0,0.6,0.6,0.33333333333333337
noise_scale,high_to_low,1,18,10,0.9351070762262251,0.9178766492249633,0.97023972859504,0.054767513781400434,2.3,2.2,2.5,52.8,62.4,52.8,0.8,0.4,0.4,0.425
noise_scale,high_to_low,1,21,10,0.7890080856934358,0.9081752503526614,0.883339423031325,0.12299338414553378,1.9,2.3,2.3,55.2,67.2,55.2,0.7,0.6,0.5,0.4520833333333334
noise_scale,high_to_low,1,24,10,0.8234291659816563,0.915862805329899,0.8987271641121936,0.10762117683204737,1.9,2.2,2.3,55.2,67.2,55.2,0.8,0.8,0.8,0.5166666666666667
noise_scale,high_to_low,1,27,10,0.8415902791156681,0.896143802989163,0.881064555402977,0.06171931967553297,2.1,2.1,2.3,57.6,60.0,57.6,0.9,0.7,0.7,0.5375
noise_scale,high_to_low,1,30,10,0.8865081899011189,0.8891393292274927,0.8813274341640269,0.01958101242005448,2.0,2.0,2.3,60.0,62.4,55.2,0.8,0.4,0.4,0.5541666666666667
noise_scale,high_to_low,1,33,10,0.8984917962063823,0.9101825839662789,0.8996693119245265,0.029255618915337633,2.0,1.9,2.3,52.8,62.4,50.4,0.8,0.4,0.4,0.675
noise_scale,high_to_low,1,36,10,0.9054061744072339,0.9937190900099303,0.9288634802239839,0.04649882715951902,2.2,2.2,2.3,60.0,60.0,43.2,0.9,0.3,0.3,0.625
noise_scale,high_to_low,1,39,10,0.898377709490173,0.9868268944748643,0.9278837147373677,0.04992128238811908,2.3,2.3,2.3,57.6,57.6,48.0,0.8,0.5,0.5,0.6791666666666666
noise_scale,high_to_low,1,42,10,0.868189614406141,0.9924490092853231,0.9224243803657763,0.08004786416200557,2.0,2.2,2.3,55.2,60.0,43.2,0.8,0.4,0.4,0.7375
noise_scale,high_to_low,1,45,10,0.8610331198762508,0.9927463435689733,0.9249920188327654,0.08697616538675351,1.9,2.2,2.0,52.8,64.8,45.6,0.7,0.3,0.3,0.8
noise_scale,high_to_low,1,48,10,0.8737126616732482,0.977727992146155,0.9210413743189061,0.08759287395175605,2.1,2.2,2.0,55.2,64.8,45.6,0.7,0.3,0.2,0.8333333333333334
noise_scale,high_to_low,1,51,10,0.9499913401060281,0.989240317514992,0.9356666974986473,0.015328999498939922,2.4,2.2,2.3,57.6,55.2,45.6,0.9,0.6,0.5,0.825
noise_scale,high_to_low,1,54,10,0.9501122202080913,0.986736903692624,0.9663530414883048,0.033107857875426236,2.3,2.2,2.2,50.4,57.6,48.0,0.9,0.5,0.4,0.9
noise_scale,high_to_low,1,57,10,0.9811669613093696,0.9566218548517803,0.9779321862316918,0.008487194304737277,2.4,2.2,2.4,52.8,64.8,43.2,1.0,0.7,0.7,0.875
noise_scale,high_to_low,1,60,10,0.9561515458481467,0.9844190529914462,0.958128291617553,0.011463169034446519,2.1,2.2,2.1,50.4,57.6,50.4,1.0,0.8,0.8,0.9333333333333333
noise_scale,high_to_low,1,63,10,0.9479286585387567,0.9849179686890054,0.9594426051915914,0.016644666064396428,2.1,2.4,2.1,50.4,67.2,50.4,1.0,0.6,0.6,0.95
noise_scale,high_to_low,1,66,10,0.9537627505518069,0.9806714701826929,0.953770718830978,0.01408317531846307,2.1,2.3,1.9,50.4,52.8,45.6,0.8,0.6,0.5,0.9666666666666666
noise_scale,high_to_low,1,69,10,0.9638244103242736,0.9559735780893043,0.9648408627583315,0.006224518704866811,2.1,2.1,2.1,55.2,62.4,55.2,1.0,0.8,0.8,0.975
noise_scale,high_to_low,1,72,10,0.9681254006213893,0.9759440507370755,0.9687625106815592,0.005606639272460456,2.3,2.2,2.1,62.4,62.4,55.2,0.8,0.8,0.7,1.0
noise_scale,high_to_low,1,75,10,0.9759073978392546,0.9837359130633679,0.9754945531015504,0.008767093895749211,2.3,2.2,2.2,55.2,57.6,52.8,0.9,0.7,0.6,1.0
noise_scale,high_to_low,1,78,10,0.9546442041864183,0.9741473649603005,0.9526382724440087,0.0031778653658180445,2.2,2.1,2.2,55.2,60.0,60.0,0.8,0.9,0.8,1.0
noise_scale,high_to_low,1,81,10,0.953001043355154,0.9821700431155158,0.9490318909383261,0.005750575456160733,2.3,2.3,2.2,60.0,64.8,60.0,0.9,0.8,0.8,1.0
noise_scale,high_to_low,1,84,10,0.9496725045444535,0.9432921538501635,0.9545329829817998,0.004919104238439631,2.1,2.1,2.1,50.4,50.4,55.2,1.0,0.9,0.9,1.0
noise_scale,high_to_low,1,87,10,0.9571942232906953,0.9709678693346552,0.9545722953224354,0.003284799476223643,2.2,2.3,2.2,50.4,55.2,48.0,1.0,0.9,0.9,1.0
noise_scale,high_to_low,1,90,10,0.9566537707333594,0.9836348734239364,0.955541318833531,0.0035114442555687743,2.4,2.5,2.3,62.4,62.4,60.0,0.9,0.9,0.8,1.0
noise_scale,high_to_low,1,93,10,0.9614707187535817,0.9781536188662863,0.9597021022588652,0.0022280348675625893,2.4,2.5,2.3,55.2,62.4,55.2,0.9,1.0,0.9,1.0
noise_scale,high_to_low,1,96,10,0.9610862360519299,0.9947201551396343,0.9502121356729182,0.011039389348079954,2.4,2.7,2.2,55.2,64.8,57.6,0.8,0.9,0.7,1.0
noise_scale,high_to_low,1,99,10,0.9476544949487945,0.9474480731635488,0.9464054926799932,0.0012491874183046315,2.3,2.4,2.3,50.4,60.0,52.8,1.0,0.9,0.9,1.0
noise_scale,high_to_low,1,102,10,0.9557645677150772,0.9964364588704943,0.9567587638712431,0.0010591361193281411,2.4,2.5,2.4,52.8,48.0,50.4,1.0,0.9,0.9,1.0
noise_scale,high_to_low,1,105,10,0.9085912203271519,0.982995140199356,0.9109562007289348,0.0023812029085015563,2.3,2.2,2.3,55.2,40.8,50.4,1.0,0.8,0.8,1.0
noise_scale,high_to_low,1,108,10,0.888415293476028,0.9765719872560938,0.8884147711317452,5.226182098971854e-07,2.3,2.2,2.3,52.8,52.8,52.8,1.0,1.0,1.0,1.0
noise_scale,high_to_low,1,111,10,0.9075176600232371,0.9498282673244214,0.9075176598063128,2.1692428964215083e-10,2.2,2.1,2.2,40.8,48.0,40.8,1.0,1.0,1.0,1.0
noise_scale,high_to_low,1,114,10,0.9150591844515839,0.9007930021973394,0.9150591923266598,8.423141506508359e-09,2.2,2.1,2.2,43.2,55.2,43.2,1.0,1.0,1.0,1.0
noise_scale,high_to_low,1,117,10,0.9205939402093499,0.8926933346581615,0.9205590154485908,3.492476075926954e-05,2.2,2.0,2.2,38.4,55.2,38.4,1.0,1.0,1.0,1.0
noise_scale,high_to_low,3,0,10,0.9901671532544837,0.9901671532544837,0.9651606921445597,0.02500646110992403,2.2,2.2,2.2,48.0,48.0,45.6,0.6,0.3,0.3,0.0
noise_scale,high_to_low,3,3,10,0.9905670031576491,0.9903096552656778,0.9647673936164118,0.02615643778832453,2.2,2.2,2.2,48.0,48.0,57.6,0.8,0.5,0.4,0.075
noise_scale,high_to_low,3,6,10,0.986330652217568,0.9595424769642673,0.9647540627751667,0.022421340123634392,2.1,2.0,2.2,50.4,48.0,50.4,0.7,0.4,0.3,0.1375
noise_scale,high_to_low,3,9,10,0.9838313850672573,0.9833304248853905,0.9578865821690773,0.02594480289818,2.1,2.1,2.0,50.4,50.4,48.0,0.9,0.5,0.4,0.20625
noise_scale,high_to_low,3,12,10,0.9467634716241443,0.9510752252216698,0.9096367309868428,0.037126740637301564,2.0,2.0,1.9,50.4,50.4,36.0,0.9,0.6,0.5,0.275
noise_scale,high_to_low,3,15,10,0.9265956194917484,0.9275154549913655,0.9133706094220331,0.033905215065328245,1.9,1.9,1.9,52.8,50.4,36.0,0.8,0.4,0.3,0.33333333333333337
noise_scale,high_to_low,3,18,10,0.9279100672075119,0.9327078254031468,0.9276341713428786,0.02773446114674938,1.8,1.8,2.0,55.2,55.2,33.6,0.9,0.4,0.3,0.3875
noise_scale,high_to_low,3,21,10,0.9280803255851365,0.9412307070398628,0.9023832642538452,0.04088468902782638,1.8,1.8,1.8,57.6,55.2,48.0,1.0,0.4,0.4,0.4083333333333333
noise_scale,high_to_low,3,24,10,0.959290253856285,0.9530281634603213,0.9413012974942483,0.039290815684675615,1.8,1.8,2.0,60.0,55.2,40.8,0.9,0.5,0.4,0.45
noise_scale,high_to_low,3,27,10,0.9717301303962247,0.9623652229807439,0.9171413899951034,0.05458874040112116,1.9,1.8,1.8,55.2,52.8,50.4,0.9,0.7,0.6,0.55625
noise_scale,high_to_low,3,30,10,0.9691189992673441,0.9642974314089573,0.9567647367075878,0.03202848302167669,1.8,1.7,2.0,52.8,50.4,50.4,0.9,0.6,0.5,0.6166666666666667
noise_scale,high_to_low,3,33,10,0.9673720238141407,0.9537583840939104,0.951493342081933,0.03766479652917197,1.8,1.7,2.0,52.8,50.4,43.2,0.9,0.3,0.2,0.6583333333333333
noise_scale,high_to_low,3,36,10,0.971524858383497,0.9584154999044852,0.9706787064544917,0.02102804885108034,1.9,1.8,2.1,60.0,50.4,33.6,0.9,0.2,0.1,0.625
noise_scale,high_to_low,3,39,10,0.930261569077713,0.9429764224450302,0.9438364337435574,0.04311459438005696,1.7,1.7,2.0,40.8,52.8,43.2,0.7,0.7,0.5,0.8604166666666666
noise_scale,high_to_low,3,42,10,0.9556752320185045,0.950784328111139,0.9667829659171876,0.03404269309986757,1.9,2.0,2.1,48.0,55.2,36.0,0.8,0.4,0.4,0.8083333333333333
noise_scale,high_to_low,3,45,10,0.9712038386133246,0.9475254727288835,0.9520658006697253,0.02252823635242286,2.0,2.0,2.0,45.6,55.2,36.0,1.0,0.7,0.7,0.84375
noise_scale,high_to_low,3,48,10,0.9787387060731987,0.9530735675756924,0.9541475649834819,0.02879402118431581,2.1,2.0,2.0,50.4,67.2,38.4,0.9,0.7,0.7,0.8333333333333334
noise_scale,high_to_low,3,51,10,0.9442713494838916,0.9557669015704292,0.9545307353845127,0.02641929086205479,2.1,2.0,2.0,50.4,50.4,38.4,0.9,0.7,0.7,0.8541666666666666
noise_scale,high_to_low,3,54,10,0.9311227604392588,0.9563418712795861,0.9589581224633095,0.04520995844536192,2.0,2.0,2.0,52.8,50.4,38.4,1.0,0.6,0.6,0.85
noise_scale,high_to_low,3,57,10,0.9604729289657558,0.983938038276402,0.9644077171152363,0.023601954461166773,2.2,2.2,2.1,62.4,55.2,36.0,0.7,0.4,0.3,0.8333333333333333
noise_scale,high_to_low,3,60,10,0.9626176996960888,0.9802089861520283,0.9670129593308256,0.015770678029739537,2.1,2.1,2.2,48.0,57.6,40.8,0.9,0.8,0.7,0.9166666666666666
noise_scale,high_to_low,3,63,10,0.9488840001591141,0.9852447904118605,0.9555504914405182,0.012216669757237331,2.1,2.3,2.1,48.0,55.2,45.6,0.8,0.8,0.6,0.95
noise_scale,high_to_low,3,66,10,0.9511560576440944,0.9876636091039938,0.9532169466611954,0.0027373809845995024,2.0,2.2,2.0,48.0,60.0,48.0,1.0,1.0,1.0,0.9666666666666666
noise_scale,high_to_low,3,69,10,0.953586840493952,0.9834029187316677,0.9529468145326565,0.006779708102060356,2.0,2.2,2.0,48.0,69.6,48.0,1.0,0.7,0.7,0.9833333333333334
noise_scale,high_to_low,3,72,10,0.9517435806695336,0.9823829145838339,0.9520621336625723,0.005163061770627498,2.0,2.1,2.0,43.2,67.2,48.0,1.0,0.7,0.7,1.0
noise_scale,high_to_low,3,75,10,0.9547538642584422,0.98914479194896,0.9543954902138327,0.0013057567311428042,2.1,2.2,2.1,40.8,69.6,45.6,1.0,0.8,0.8,1.0
noise_scale,high_to_low,3,78,10,0.9654522059028581,0.9901419735647504,0.9648584761349994,0.0036673000329482176,2.2,2.2,2.2,36.0,69.6,40.8,1.0,0.9,0.9,1.0
noise_scale,high_to_low,3,81,10,0.9738946688531567,0.986548512416696,0.9714938549272032,0.010827953094659693,2.4,2.1,2.2,43.2,72.0,45.6,0.8,0.6,0.6,1.0
noise_scale,high_to_low,3,84,10,0.9677884395364155,0.98726327699893,0.9688485409630788,0.0011853835829936266,2.2,2.1,2.2,45.6,69.6,45.6,1.0,1.0,1.0,1.0
noise_scale,high_to_low,3,87,10,0.9730186610673675,0.9930047863905808,0.9689308610434754,0.005307961657857829,2.3,2.3,2.2,45.6,67.2,45.6,0.9,1.0,0.9,1.0
noise_scale,high_to_low,3,90,10,0.9659240415125158,0.9868624240970723,0.9646969585995955,0.0026716915189085922,2.1,2.2,2.1,45.6,67.2,45.6,1.0,0.8,0.8,1.0
noise_scale,high_to_low,3,93,10,0.967802781125328,0.9892488552747526,0.968922511741615,0.0012013201183487588,2.1,2.3,2.1,40.8,69.6,36.0,1.0,0.8,0.8,1.0
noise_scale,high_to_low,3,96,10,0.9713558104937177,0.9882239999522081,0.9716216313101148,0.0005151068597634368,2.2,2.3,2.2,40.8,72.0,40.8,1.0,1.0,1.0,1.0
noise_scale,high_to_low,3,99,10,0.9101466132218861,0.9881930366265503,0.9106551522744961,0.000773413757993302,2.1,2.2,2.1,50.4,64.8,48.0,1.0,0.9,0.9,1.0
noise_scale,high_to_low,3,102,10,0.8898673733197346,0.965929303324498,0.8900766483975584,0.00027852299965441807,1.9,2.0,1.9,48.0,64.8,48.0,1.0,1.0,1.0,1.0
noise_scale,high_to_low,3,105,10,0.9452085740889109,0.9842285311717035,0.9454022332766499,0.0002579235379276512,2.0,2.1,2.0,45.6,55.2,45.6,1.0,1.0,1.0,1.0
noise_scale,high_to_low,3,108,10,0.9729534533174015,0.9696087774906704,0.9730649130863481,0.00018536937902293715,2.2,2.0,2.2,40.8,64.8,40.8,1.0,1.0,1.0,1.0
noise_scale,high_to_low,3,111,10,0.9340805682828167,0.9785775907661444,0.9345189608567367,0.0004383925739200545,2.1,2.1,2.1,40.8,50.4,38.4,1.0,0.9,0.9,1.0
noise_scale,high_to_low,3,114,10,0.9344264558764748,0.9789435083273738,0.9344410547622022,1.4798723298325989e-05,2.1,2.1,2.1,38.4,57.6,38.4,1.0,1.0,1.0,1.0
noise_scale,high_to_low,3,117,10,0.9236983918275878,0.9706345091134212,0.9236983918275878,0.0,1.9,2.1,1.9,26.4,52.8,26.4,1.0,1.0,1.0,1.0
noise_scale,high_to_low,6,0,10,0.9812116303600782,0.9812116303600782,0.960145063973506,0.02299183392904819,2.2,2.2,2.2,55.2,55.2,57.6,0.8,0.3,0.2,0.0
noise_scale,high_to_low,6,3,10,0.981381090623571,0.9811454282209114,0.9665808413905002,0.01724765521014593,2.2,2.2,2.3,55.2,55.2,52.8,0.7,0.3,0.3,0.06041666666666666
noise_scale,high_to_low,6,6,10,0.980443768907163,0.9801008923476633,0.95973482736613,0.023139677942407167,2.1,2.1,2.1,55.2,55.2,52.8,0.8,0.3,0.3,0.12083333333333332
noise_scale,high_to_low,6,9,10,0.9781110650176078,0.9778605418568882,0.953957260538296,0.024153804479311914,2.0,2.0,2.0,55.2,55.2,55.2,1.0,0.4,0.4,0.18125
noise_scale,high_to_low,6,12,10,0.9769483408365478,0.9782372206340432,0.9559356330297593,0.021230909396578058,2.0,2.0,2.1,52.8,52.8,52.8,0.9,0.4,0.3,0.25
noise_scale,high_to_low,6,15,10,0.9609648587422489,0.963688974017647,0.9083771477694533,0.06139026157597549,1.9,1.9,2.0,55.2,55.2,45.6,0.9,0.5,0.5,0.3229166666666667
noise_scale,high_to_low,6,18,10,0.9462064223654878,0.9556886490513005,0.908325642342881,0.06056182898510505,1.8,2.0,1.9,57.6,50.4,38.4,0.9,0.3,0.2,0.375
noise_scale,high_to_low,6,21,10,0.9503733900119169,0.9755212067414145,0.964704656959824,0.02811380793622743,1.8,2.1,2.0,57.6,55.2,48.0,0.8,0.4,0.3,0.4375
noise_scale,high_to_low,6,24,10,0.9535827948833289,0.9675459474848906,0.9349599620554075,0.03215793296876639,1.8,1.9,1.9,48.0,52.8,40.8,0.9,0.8,0.7,0.6333333333333333
noise_scale,high_to_low,6,27,10,0.9674379484118008,0.9546621855486613,0.9444498745777666,0.03335995241295868,1.8,1.7,1.9,48.0,50.4,33.6,0.9,0.6,0.5,0.6625
noise_scale,high_to_low,6,30,10,0.9715837678096761,0.9743220213498975,0.9538441735685017,0.028292984805034328,1.8,1.8,1.9,48.0,52.8,33.6,0.9,0.6,0.5,0.6916666666666667
noise_scale,high_to_low,6,33,10,0.9722457865481744,0.9760580253183339,0.9521643911542637,0.03275509531830364,1.8,1.8,1.9,43.2,48.0,45.6,0.9,0.7,0.6,0.7666666666666666
noise_scale,high_to_low,6,36,10,0.9627264370801087,0.9724724257764811,0.9621684203621875,0.018714572652105542,1.8,1.8,2.0,52.8,48.0,45.6,0.8,0.4,0.3,0.7
noise_scale,high_to_low,6,39,10,0.9666840825773482,0.9747016296470349,0.9619990688199455,0.017795863614970497,1.9,1.8,2.0,60.0,52.8,38.4,0.9,0.4,0.3,0.66875
noise_scale,high_to_low,6,42,10,0.9558507886633792,0.9400799232184935,0.9639097536789564,0.027248169205813556,1.9,1.7,2.1,45.6,57.6,36.0,0.8,0.8,0.6,0.8375
noise_scale,high_to_low,6,45,10,0.9673161639444967,0.9473441595549733,0.9659326001071233,0.01859339093777629,2.0,1.9,2.1,48.0,55.2,38.4,0.9,0.7,0.6,0.8125
noise_scale,high_to_low,6,48,10,0.9666152926435607,0.9449635650115485,0.9483466500990245,0.020778534765193413,2.0,1.9,2.0,48.0,57.6,40.8,1.0,0.8,0.8,0.8333333333333334
noise_scale,high_to_low,6,51,10,0.9675068070196826,0.9504060748174789,0.9529107506676846,0.01772048077633921,2.0,1.9,2.0,48.0,55.2,38.4,1.0,0.7,0.7,0.8541666666666666
noise_scale,high_to_low,6,54,10,0.9639792580337122,0.983778383644976,0.9512617253799988,0.0161405799399696,2.1,2.2,2.0,60.0,57.6,45.6,0.9,0.6,0.6,0.825
noise_scale,high_to_low,6,57,10,0.961241546526464,0.9852098442240479,0.9462107741932234,0.020225036885163604,2.1,2.2,1.9,57.6,57.6,45.6,0.8,0.4,0.3,0.875
noise_scale,high_to_low,6,60,10,0.9610844380740691,0.984507891261661,0.9574634292041899,0.01331691941432297,2.1,2.2,2.1,60.0,60.0,45.6,1.0,0.6,0.6,0.8833333333333334
noise_scale,high_to_low,6,63,10,0.9523000988069337,0.9854191789014829,0.9533541564494243,0.012841364983635051,2.0,2.2,2.1,57.6,55.2,48.0,0.9,0.7,0.6,0.9125
noise_scale,high_to_low,6,66,10,0.9480033365130142,0.9877157554189967,0.9464421407860337,0.007134583695619224,2.1,2.3,2.0,60.0,57.6,57.6,0.9,0.9,0.8,0.9416666666666667
noise_scale,high_to_low,6,69,10,0.9477592555828004,0.9856691176262083,0.9551088423286224,0.008394655880069856,2.0,2.2,2.0,60.0,64.8,50.4,1.0,0.7,0.7,0.9708333333333334
noise_scale,high_to_low,6,72,10,0.947524556730756,0.9890469206986033,0.9451740022070443,0.006730625488759645,2.1,2.2,2.0,62.4,67.2,60.0,0.9,0.7,0.7,1.0
noise_scale,high_to_low,6,75,10,0.9485789944039273,0.9870922511572507,0.9463036202174914,0.003768953425078214,2.1,2.1,2.1,52.8,64.8,60.0,1.0,0.8,0.8,1.0
noise_scale,high_to_low,6,78,10,0.9530913127875227,0.9897256919299832,0.9454303197647196,0.010009020854450901,2.2,2.2,2.1,55.2,69.6,60.0,0.9,0.7,0.6,1.0
noise_scale,high_to_low,6,81,10,0.969920715347236,0.988368574601435,0.9673171368621976,0.012259986961108926,2.3,2.2,2.2,43.2,72.0,52.8,0.9,0.7,0.6,1.0
noise_scale,high_to_low,6,84,10,0.9718855763105904,0.9894581033771728,0.9675717439122398,0.007102941126590001,2.3,2.2,2.2,55.2,69.6,57.6,0.9,0.9,0.9,1.0
noise_scale,high_to_low,6,87,10,0.9704291276990157,0.9878657149814446,0.9684566149227907,0.01077474364637312,2.3,2.1,2.2,50.4,67.2,60.0,0.9,0.8,0.7,1.0
noise_scale,high_to_low,6,90,10,0.9686719818212367,0.9897781209302188,0.969269938470568,0.008196545910437758,2.2,2.2,2.1,48.0,67.2,52.8,0.9,0.9,0.8,1.0
noise_scale,high_to_low,6,93,10,0.9642097251644337,0.9896073235432935,0.9667592585374682,0.00410688433381492,2.1,2.3,2.1,48.0,64.8,55.2,1.0,0.8,0.8,1.0
noise_scale,high_to_low,6,96,10,0.9689780227557782,0.9897392837815845,0.9722784453455052,0.0034927325829962387,2.1,2.3,2.1,38.4,64.8,43.2,1.0,0.9,0.9,1.0
noise_scale,high_to_low,6,99,10,0.9711517188183809,0.9891089702077647,0.9743633996635793,0.0035770483187353764,2.1,2.2,2.1,38.4,64.8,43.2,1.0,0.9,0.9,1.0
noise_scale,high_to_low,6,102,10,0.9709056591627357,0.9823795277508621,0.9709303484599111,0.00042295165647304733,2.2,2.1,2.2,50.4,60.0,50.4,1.0,1.0,1.0,1.0
noise_scale,high_to_low,6,105,10,0.9749583113455451,0.980741331377964,0.9764706691150039,0.0015753173719542767,2.2,2.1,2.2,43.2,57.6,40.8,1.0,0.9,0.9,1.0
noise_scale,high_to_low,6,108,10,0.9749571950214095,0.9851280080375678,0.9766876408830681,0.0018353791083002835,2.2,2.1,2.2,48.0,55.2,45.6,1.0,0.9,0.9,1.0
noise_scale,high_to_low,6,111,10,0.9726383299133479,0.9741486786757324,0.9726106546071375,0.0003159405175770402,2.2,2.0,2.3,40.8,62.4,45.6,0.9,0.9,0.9,1.0
noise_scale,high_to_low,6,114,10,0.9297164019679119,0.9863950540672894,0.9303558111324264,0.0006396588816837245,2.1,2.1,2.1,43.2,52.8,40.8,1.0,0.9,0.9,1.0
noise_scale,high_to_low,12,0,10,0.9856980149813239,0.9856980149813239,0.9603716760996466,0.02553163325052853,2.3,2.3,2.3,52.8,52.8,57.6,1.0,0.5,0.5,0.0
noise_scale,high_to_low,12,3,10,0.988597025680126,0.9886091098284894,0.9607422155317382,0.02792900771927489,2.3,2.3,2.3,50.4,50.4,60.0,1.0,0.6,0.6,0.07291666666666666
noise_scale,high_to_low,12,6,10,0.9847487815683028,0.9848391554214659,0.9581111395902351,0.027917565654453646,2.2,2.2,2.2,50.4,50.4,60.0,0.8,0.5,0.4,0.1375
noise_scale,high_to_low,12,9,10,0.9818404346453644,0.9818128743231265,0.9575754006201643,0.025363133315842147,2.1,2.1,2.2,50.4,50.4,52.8,0.7,0.3,0.3,0.20625
noise_scale,high_to_low,12,12,10,0.9790161827218811,0.9813657282941124,0.9554620591672964,0.026395687355405418,2.0,2.0,2.0,55.2,50.4,50.4,1.0,0.4,0.4,0.2583333333333333
noise_scale,high_to_low,12,15,10,0.9769789123904659,0.9785257843499586,0.9603906294380925,0.02114220367402333,2.0,2.0,2.0,57.6,52.8,40.8,1.0,0.3,0.3,0.2916666666666667
noise_scale,high_to_low,12,18,10,0.9566221803814059,0.9607427451437142,0.964736114754454,0.030095865783473386,1.9,1.9,2.1,55.2,52.8,36.0,0.8,0.3,0.3,0.4125
noise_scale,high_to_low,12,21,10,0.9360446255220942,0.9395432409604572,0.8839151539994061,0.08344718891975143,1.8,1.8,1.9,55.2,55.2,40.8,0.9,0.5,0.4,0.48125
noise_scale,high_to_low,12,24,10,0.9434389918340147,0.9487756414451651,0.891423748837046,0.07779861895960101,1.8,1.9,1.9,55.2,55.2,45.6,0.9,0.4,0.3,0.5166666666666666
noise_scale,high_to_low,12,27,10,0.9525331203435415,0.9615527362222709,0.8908745338538033,0.06410317407734223,1.8,1.9,1.8,55.2,55.2,45.6,1.0,0.6,0.6,0.55625
noise_scale,high_to_low,12,30,10,0.9557929463494184,0.9675987874359151,0.9021828907654404,0.05862549750316466,1.8,1.9,1.9,48.0,52.8,45.6,0.9,0.8,0.7,0.6916666666666667
noise_scale,high_to_low,12,33,10,0.965097595100068,0.9700073382282784,0.9120617321220866,0.05303586297798139,1.8,1.8,1.8,48.0,50.4,40.8,1.0,0.8,0.8,0.7208333333333333
noise_scale,high_to_low,12,36,10,0.9668712865222089,0.972153273011554,0.9143811831581241,0.05249010336408483,1.8,1.8,1.8,43.2,45.6,40.8,1.0,0.7,0.7,0.8
noise_scale,high_to_low,12,39,10,0.9664242386205624,0.9732686115804349,0.949444766993051,0.034332973458826396,1.8,1.8,1.9,43.2,45.6,40.8,0.9,0.4,0.3,0.8416666666666666
noise_scale,high_to_low,12,42,10,0.9591993818031929,0.9729708454944657,0.9287085939751909,0.03918481153261979,1.8,1.8,1.9,50.4,48.0,43.2,0.9,0.6,0.6,0.8125
noise_scale,high_to_low,12,45,10,0.966114533953377,0.9789129143266886,0.934733436509638,0.03138109744373909,1.9,1.9,1.9,55.2,55.2,40.8,1.0,0.6,0.6,0.81875
noise_scale,high_to_low,12,48,10,0.9478055658092559,0.9800342835206595,0.9377872466514943,0.04155783251705555,1.9,1.9,2.0,50.4,55.2,38.4,0.9,0.3,0.3,0.8666666666666666
noise_scale,high_to_low,12,51,10,0.9647204208421719,0.9794739553035197,0.9364041550473179,0.029419411937483476,2.0,2.0,2.0,50.4,52.8,45.6,1.0,0.7,0.7,0.8833333333333334
noise_scale,high_to_low,12,54,10,0.9679700043829985,0.9817025065703122,0.939949023205821,0.030543857895250326,2.0,2.0,2.0,52.8,50.4,40.8,1.0,0.6,0.6,0.875
noise_scale,high_to_low,12,57,10,0.9694263525736929,0.9823706766989776,0.9523079917267507,0.018954135180814412,2.0,2.0,2.0,52.8,52.8,40.8,1.0,0.7,0.7,0.8958333333333333
noise_scale,high_to_low,12,60,10,0.9673572259644233,0.9839586680677627,0.959000780223256,0.018092599914693874,2.2,2.2,2.1,52.8,57.6,43.2,0.9,0.5,0.4,0.9333333333333333
noise_scale,high_to_low,12,63,10,0.9589641085879856,0.983158602463495,0.9545069703911816,0.02296357639527664,2.1,2.2,2.0,60.0,60.0,55.2,0.9,0.4,0.3,0.925
noise_scale,high_to_low,12,66,10,0.9620388380544513,0.9847067138687488,0.9537153337604558,0.014132138045641595,2.2,2.3,2.1,60.0,62.4,64.8,0.9,0.7,0.6,0.9416666666666667
noise_scale,high_to_low,12,69,10,0.9628409332184324,0.9852576934138627,0.9537036939743491,0.009137363466498705,2.2,2.3,2.1,57.6,62.4,60.0,0.9,0.7,0.6,0.975
noise_scale,high_to_low,12,72,10,0.9567708812933912,0.9859283176926927,0.9549738118894755,0.00526161079794032,2.1,2.2,2.1,50.4,64.8,60.0,1.0,0.6,0.6,1.0
noise_scale,high_to_low,12,75,10,0.9555345612426942,0.9881325578884586,0.9556328145921575,0.005801193237219527,2.1,2.2,2.1,57.6,67.2,60.0,1.0,0.7,0.7,1.0
noise_scale,high_to_low,12,78,10,0.9724517289622092,0.9860801552829581,0.9542192339372733,0.021585092671297167,2.2,2.1,2.2,60.0,64.8,67.2,1.0,0.6,0.6,1.0
noise_scale,high_to_low,12,81,10,0.9703896653058088,0.9897100073835746,0.9519402639040191,0.024689589521753187,2.2,2.2,2.2,60.0,64.8,62.4,1.0,0.7,0.7,1.0
noise_scale,high_to_low,12,84,10,0.9788494658259728,0.9887464728687482,0.95026905897252,0.029555221742900716,2.3,2.2,2.2,57.6,69.6,62.4,0.9,0.8,0.8,1.0
noise_scale,high_to_low,12,87,10,0.9802649191680795,0.9892992208462742,0.9734007785877313,0.008740652266483706,2.4,2.2,2.3,50.4,67.2,57.6,0.9,0.7,0.7,1.0
noise_scale,high_to_low,12,90,10,0.9804683776012235,0.9895325413819214,0.9735221962285314,0.007859394381011386,2.4,2.2,2.3,52.8,67.2,62.4,0.9,0.7,0.7,1.0
noise_scale,high_to_low,12,93,10,0.9806411828147649,0.9869842886347169,0.9757769109896722,0.0084500224544253,2.4,2.1,2.3,57.6,67.2,60.0,0.9,0.8,0.7,1.0
noise_scale,high_to_low,12,96,10,0.9798630294298544,0.9863620877166012,0.9760229638063281,0.004530436478063604,2.3,2.2,2.2,50.4,64.8,50.4,0.9,1.0,0.9,1.0
noise_scale,high_to_low,12,99,10,0.9742379052749921,0.9861325095637763,0.9746346318543344,0.0022026402034128756,2.2,2.2,2.2,50.4,64.8,50.4,1.0,0.8,0.8,1.0
noise_scale,high_to_low,12,102,10,0.969778490074928,0.9865345620180601,0.9691584446349049,0.00084698274103856,2.1,2.2,2.1,45.6,64.8,48.0,1.0,0.9,0.9,1.0
noise_scale,high_to_low,12,105,10,0.9683011798103032,0.9864538999156036,0.9698820093615155,0.0020197511264986923,2.2,2.2,2.1,55.2,64.8,48.0,0.9,0.8,0.8,1.0
noise_scale,high_to_low,12,108,10,0.9686068602650876,0.9729640099922623,0.9681196038490167,0.0010548306093933868,2.2,2.0,2.2,50.4,57.6,52.8,1.0,0.9,0.9,1.0
noise_scale,low_to_high,1,0,10,0.9498082940101542,0.9498082940101542,0.9134846306480273,0.11941589185563624,2.5,2.5,2.4,57.6,57.6,55.2,0.6,0.6,0.3,0.0
noise_scale,low_to_high,1,3,10,0.9542190358493519,0.9509179576365447,0.9537068274905585,0.06475164843987781,2.5,2.5,2.4,52.8,55.2,57.6,0.9,0.4,0.4,0.06666666666666667
noise_scale,low_to_high,1,6,10,0.8745786309304696,0.950116768574763,0.8344547084517016,0.07575177230176956,2.4,2.5,2.1,57.6,52.8,60.0,0.8,0.5,0.5,0.11666666666666665
noise_scale,low_to_high,1,9,10,0.9120068270284959,0.8829624403135703,0.904563824625239,0.04923982851933698,2.2,2.4,2.1,60.0,45.6,55.2,0.8,0.6,0.4,0.18125
noise_scale,low_to_high,1,12,10,0.9048869387312461,0.8391989685421077,0.9014467363643573,0.05862958154295318,2.2,2.1,2.2,55.2,45.6,55.2,0.5,0.5,0.3,0.275
noise_scale,low_to_high,1,15,10,0.9195628360954904,0.8360036591305768,0.9002068158115083,0.07022643780275516,2.2,2.1,2.0,50.4,45.6,55.2,0.7,0.6,0.5,0.36458333333333337
noise_scale,low_to_high,1,18,10,0.8964534462191501,0.97023972859504,0.9178766492249633,0.026830793552707878,2.3,2.5,2.2,55.2,52.8,62.4,0.9,0.6,0.6,0.3875
noise_scale,low_to_high,1,21,10,0.8847069426662996,0.883339423031325,0.9081752503526614,0.026345962644997473,2.3,2.3,2.3,57.6,55.2,67.2,0.8,0.6,0.6,0.4083333333333333
noise_scale,low_to_high,1,24,10,0.9007571439904325,0.8987271641121936,0.915862805329899,0.01809120735762271,2.3,2.3,2.2,62.4,55.2,67.2,0.9,0.9,0.8,0.4333333333333333
noise_scale,low_to_high,1,27,10,0.8944834986039287,0.881064555402977,0.896143802989163,0.004497819422588766,2.3,2.3,2.1,60.0,57.6,60.0,0.8,0.8,0.7,0.49375
noise_scale,low_to_high,1,30,10,0.8943564412499109,0.8813274341640269,0.8891393292274927,0.01332056568338862,2.1,2.3,2.0,57.6,55.2,62.4,0.8,0.6,0.5,0.5583333333333333
noise_scale,low_to_high,1,33,10,0.9784738670321558,0.8996693119245265,0.9101825839662789,0.0829690605190614,2.1,2.3,1.9,52.8,50.4,62.4,0.9,0.5,0.5,0.6666666666666667
noise_scale,low_to_high,1,36,10,0.9912130410225244,0.9288634802239839,0.9937190900099303,0.005507306620932873,2.1,2.3,2.2,55.2,43.2,60.0,0.9,0.6,0.5,0.675
noise_scale,low_to_high,1,39,10,0.9834310267934985,0.9278837147373677,0.9868268944748643,0.00612351885687622,2.1,2.3,2.3,57.6,48.0,57.6,0.8,0.8,0.6,0.6875
noise_scale,low_to_high,1,42,10,0.990531699943333,0.9224243803657763,0.9924490092853231,0.003973199236427272,2.1,2.3,2.2,60.0,43.2,60.0,0.9,0.8,0.7,0.7125
noise_scale,low_to_high,1,45,10,0.969566737675577,0.9249920188327654,0.9927463435689733,0.02638449850264184,2.0,2.0,2.2,60.0,45.6,64.8,0.8,0.8,0.7,0.75625
noise_scale,low_to_high,1,48,10,0.9649759724186966,0.9210413743189061,0.977727992146155,0.04185430060674551,2.0,2.0,2.2,57.6,45.6,64.8,0.6,0.8,0.6,0.8
noise_scale,low_to_high,1,51,10,0.9710914169691908,0.9356666974986473,0.989240317514992,0.024153592328622984,2.1,2.3,2.2,52.8,45.6,55.2,0.7,0.6,0.5,0.8541666666666666
noise_scale,low_to_high,1,54,10,0.9814907059249791,0.9663530414883048,0.986736903692624,0.007150286599474654,2.1,2.2,2.2,60.0,48.0,57.6,0.9,0.8,0.7,0.85
noise_scale,low_to_high,1,57,10,0.9806669481269484,0.9779321862316918,0.9566218548517803,0.03086217124015923,2.3,2.4,2.2,62.4,43.2,64.8,0.7,0.6,0.6,0.8333333333333333
noise_scale,low_to_high,1,60,10,0.9857766612754506,0.958128291617553,0.9844190529914462,0.003934178009005374,2.5,2.1,2.2,67.2,50.4,57.6,0.7,0.7,0.6,0.85
noise_scale,low_to_high,1,63,10,0.9851523107970044,0.9594426051915914,0.9849179686890054,0.0024298882968659453,2.4,2.1,2.4,64.8,50.4,67.2,1.0,0.9,0.9,0.9
noise_scale,low_to_high,1,66,10,0.9814377084028288,0.953770718830978,0.9806714701826929,0.002537080401722436,2.4,1.9,2.3,57.6,45.6,52.8,0.9,0.9,0.9,0.95
noise_scale,low_to_high,1,69,10,0.9576075708103803,0.9648408627583315,0.9559735780893043,0.0021004163714223646,2.2,2.1,2.1,62.4,55.2,62.4,0.9,0.7,0.7,0.9708333333333334
noise_scale,low_to_high,1,72,10,0.9772926812415115,0.9687625106815592,0.9759440507370755,0.00219200199799533,2.3,2.1,2.2,64.8,55.2,62.4,0.9,0.8,0.8,1.0
noise_scale,low_to_high,1,75,10,0.9838280081251334,0.9754945531015504,0.9837359130633679,0.0007544586561226696,2.2,2.2,2.2,60.0,52.8,57.6,1.0,0.9,0.9,1.0
noise_scale,low_to_high,1,78,10,0.9736322083814084,0.9526382724440087,0.9741473649603005,0.0006811776647883905,2.2,2.2,2.1,64.8,60.0,60.0,0.9,0.8,0.8,1.0
noise_scale,low_to_high,1,81,10,0.9824776304860492,0.9490318909383261,0.9821700431155158,0.0005183954947307834,2.3,2.2,2.3,64.8,60.0,64.8,1.0,1.0,1.0,1.0
noise_scale,low_to_high,1,84,10,0.9409888059408027,0.9545329829817998,0.9432921538501635,0.002481196417677112,2.1,2.1,2.1,55.2,55.2,50.4,1.0,0.9,0.9,1.0
noise_scale,low_to_high,1,87,10,0.9749351354233712,0.9545722953224354,0.9709678693346552,0.00446773699439903,2.2,2.2,2.3,57.6,48.0,55.2,0.9,0.9,0.9,1.0
noise_scale,low_to_high,1,90,10,0.9841482615444381,0.955541318833531,0.9836348734239364,0.0005135462207638941,2.5,2.3,2.5,62.4,60.0,62.4,1.0,1.0,1.0,1.0
noise_scale,low_to_high,1,93,10,0.9843491674454189,0.9597021022588652,0.9781536188662863,0.006195727268808215,2.5,2.3,2.5,64.8,55.2,62.4,0.8,0.9,0.8,1.0
noise_scale,low_to_high,1,96,10,0.9948655723402838,0.9502121356729182,0.9947201551396343,0.00020299760303529312,2.7,2.2,2.7,64.8,57.6,64.8,1.0,1.0,1.0,1.0
noise_scale,low_to_high,1,99,10,0.9529445045235555,0.9464054926799932,0.9474480731635488,0.005569956540119958,2.3,2.3,2.4,62.4,52.8,60.0,0.9,0.9,0.9,1.0
noise_scale,low_to_high,1,102,10,0.9963353546133427,0.9567587638712431,0.9964364588704943,0.00010921455135499691,2.5,2.4,2.5,48.0,50.4,48.0,1.0,1.0,1.0,1.0
noise_scale,low_to_high,1,105,10,0.9829831407429953,0.9109562007289348,0.982995140199356,8.588669676328209e-05,2.2,2.3,2.2,40.8,50.4,40.8,1.0,1.0,1.0,1.0
noise_scale,low_to_high,1,108,10,0.9772194219805931,0.8884147711317452,0.9765719872560938,0.0006624375755036827,2.2,2.3,2.2,57.6,52.8,52.8,1.0,0.9,0.9,1.0
noise_scale,low_to_high,1,111,10,0.9498284067836422,0.9075176598063128,0.9498282673244214,1.394673822652237e-07,2.1,2.2,2.1,48.0,40.8,48.0,1.0,1.0,1.0,1.0
noise_scale,low_to_high,1,114,10,0.9044890500355672,0.9150591923266598,0.9007930021973394,0.003812863437964431,2.2,2.2,2.1,52.8,43.2,55.2,0.9,0.9,0.9,1.0
noise_scale,low_to_high,1,117,10,0.8932744554627634,0.9205590154485908,0.8926933346581615,0.0006800669505065305,2.0,2.2,2.0,52.8,38.4,55.2,1.0,0.9,0.9,1.0
noise_scale,low_to_high,3,0,10,0.9651606921445597,0.9651606921445597,0.9901671532544837,0.02500646110992403,2.2,2.2,2.2,45.6,45.6,48.0,0.6,0.3,0.3,0.0
noise_scale,low_to_high,3,3,10,0.9687758195797913,0.9647673936164118,0.9903096552656778,0.021812553256034716,2.3,2.2,2.2,55.2,57.6,48.0,0.7,0.5,0.4,0.06458333333333334
noise_scale,low_to_high,3,6,10,0.9646923216741069,0.9647540627751667,0.9595424769642673,0.03759870625066451,2.2,2.2,2.0,52.8,50.4,48.0,0.6,0.4,0.3,0.14166666666666666
noise_scale,low_to_high,3,9,10,0.9610365707035884,0.9578865821690773,0.9833304248853905,0.02229385418180215,2.0,2.0,2.1,48.0,48.0,50.4,0.9,0.5,0.4,0.2375
noise_scale,low_to_high,3,12,10,0.9236057710833266,0.9096367309868428,0.9510752252216698,0.027469454138343053,2.0,1.9,2.0,48.0,36.0,50.4,0.8,0.8,0.7,0.3
noise_scale,low_to_high,3,15,10,0.8872207793585816,0.9133706094220331,0.9275154549913655,0.04891327785107229,1.9,1.9,1.9,45.6,36.0,50.4,0.8,0.6,0.5,0.40625
noise_scale,low_to_high,3,18,10,0.9197217893670654,0.9276341713428786,0.9327078254031468,0.07074572089932718,2.0,2.0,1.8,57.6,33.6,55.2,0.8,0.6,0.6,0.375
noise_scale,low_to_high,3,21,10,0.9021799106194053,0.9023832642538452,0.9412307070398628,0.048637850208696966,1.8,1.8,1.8,52.8,48.0,55.2,1.0,0.6,0.6,0.525
noise_scale,low_to_high,3,24,10,0.9167059721069561,0.9413012974942483,0.9530281634603213,0.04258586648003375,1.9,2.0,1.8,45.6,40.8,55.2,0.9,0.7,0.7,0.6833333333333333
noise_scale,low_to_high,3,27,10,0.8840754361992325,0.9171413899951034,0.9623652229807439,0.07828978678151141,1.8,1.8,1.8,52.8,50.4,52.8,1.0,0.8,0.8,0.6
noise_scale,low_to_high,3,30,10,0.8850752542300981,0.9567647367075878,0.9642974314089573,0.08738735635672774,1.8,2.0,1.7,45.6,50.4,50.4,0.9,0.7,0.6,0.7125
noise_scale,low_to_high,3,33,10,0.9253315699700358,0.951493342081933,0.9537583840939104,0.04362552649494302,1.8,2.0,1.7,48.0,43.2,50.4,0.9,0.7,0.7,0.7125
noise_scale,low_to_high,3,36,10,0.9244697038607409,0.9706787064544917,0.9584154999044852,0.03407382394648547,1.9,2.1,1.8,50.4,33.6,50.4,0.9,0.8,0.8,0.725
noise_scale,low_to_high,3,39,10,0.9292463806032847,0.9438364337435574,0.9429764224450302,0.01865975114573414,1.8,2.0,1.7,52.8,43.2,52.8,0.9,0.8,0.7,0.7333333333333333
noise_scale,low_to_high,3,42,10,0.9574325083862345,0.9667829659171876,0.950784328111139,0.04458528499131108,1.9,2.1,2.0,50.4,36.0,55.2,0.8,0.9,0.8,0.7958333333333334
noise_scale,low_to_high,3,45,10,0.9720034994964596,0.9520658006697253,0.9475254727288835,0.03146744575215584,2.0,2.0,2.0,52.8,36.0,55.2,0.8,0.7,0.6,0.825
noise_scale,low_to_high,3,48,10,0.9411907884012999,0.9541475649834819,0.9530735675756924,0.018140202497004154,1.9,2.0,2.0,52.8,38.4,67.2,0.9,0.6,0.6,0.8333333333333333
noise_scale,low_to_high,3,51,10,0.9509842351074876,0.9545307353845127,0.9557669015704292,0.0074586866614757994,1.9,2.0,2.0,48.0,38.4,50.4,0.9,0.9,0.9,0.8833333333333334
noise_scale,low_to_high,3,54,10,0.9498112821705049,0.9589581224633095,0.9563418712795861,0.008713176686180824,2.0,2.0,2.0,48.0,38.4,50.4,1.0,0.9,0.9,0.925
noise_scale,low_to_high,3,57,10,0.9487208761916515,0.9644077171152363,0.983938038276402,0.040968690283990174,2.1,2.1,2.2,52.8,36.0,55.2,0.9,0.7,0.6,0.9166666666666666
noise_scale,low_to_high,3,60,10,0.9850896939203173,0.9670129593308256,0.9802089861520283,0.0073763709872349485,2.2,2.2,2.1,57.6,40.8,57.6,0.9,0.8,0.8,0.9
noise_scale,low_to_high,3,63,10,0.986047787619094,0.9555504914405182,0.9852447904118605,0.005422096385510933,2.2,2.1,2.3,57.6,45.6,55.2,0.9,0.8,0.7,0.925
noise_scale,low_to_high,3,66,10,0.9882929077196095,0.9532169466611954,0.9876636091039938,0.0035263338739647933,2.2,2.0,2.2,64.8,48.0,60.0,1.0,0.7,0.7,0.9416666666666667
noise_scale,low_to_high,3,69,10,0.990030723208388,0.9529468145326565,0.9834029187316677,0.008487472397765882,2.2,2.0,2.2,64.8,48.0,69.6,1.0,0.8,0.8,0.9708333333333334
noise_scale,low_to_high,3,72,10,0.9840057304503024,0.9520621336625723,0.9823829145838339,0.0031228257424438244,2.1,2.0,2.1,64.8,48.0,67.2,1.0,0.9,0.9,1.0
noise_scale,low_to_high,3,75,10,0.9905692385028321,0.9543954902138327,0.98914479194896,0.0030452216344208026,2.2,2.1,2.2,67.2,45.6,69.6,1.0,0.9,0.9,1.0
noise_scale,low_to_high,3,78,10,0.9914507303869511,0.9648584761349994,0.9901419735647504,0.0037037094804371895,2.2,2.2,2.2,64.8,40.8,69.6,1.0,0.8,0.8,1.0
noise_scale,low_to_high,3,81,10,0.9876886942142807,0.9714938549272032,0.986548512416696,0.0024252326599281783,2.1,2.2,2.1,69.6,45.6,72.0,1.0,0.9,0.9,1.0
noise_scale,low_to_high,3,84,10,0.9875191515790543,0.9688485409630788,0.98726327699893,0.0011741626937386228,2.1,2.2,2.1,69.6,45.6,69.6,1.0,1.0,1.0,1.0
noise_scale,low_to_high,3,87,10,0.9898099967303816,0.9689308610434754,0.9930047863905808,0.004980829072469661,2.2,2.2,2.3,67.2,45.6,67.2,0.9,0.8,0.8,1.0
noise_scale,low_to_high,3,90,10,0.9875390062387444,0.9646969585995955,0.9868624240970723,0.0021836254417540004,2.2,2.1,2.2,67.2,45.6,67.2,1.0,0.8,0.8,1.0
noise_scale,low_to_high,3,93,10,0.9902672353178623,0.968922511741615,0.9892488552747526,0.0015989853340580896,2.3,2.1,2.3,67.2,36.0,69.6,1.0,0.9,0.9,1.0
noise_scale,low_to_high,3,96,10,0.9888729992044499,0.9716216313101148,0.9882239999522081,0.000769701084092822,2.3,2.2,2.3,72.0,40.8,72.0,1.0,1.0,1.0,1.0
noise_scale,low_to_high,3,99,10,0.989069065917614,0.9106551522744961,0.9881930366265503,0.00088708031185738,2.2,2.1,2.2,62.4,48.0,64.8,1.0,0.9,0.9,1.0
noise_scale,low_to_high,3,102,10,0.9659661233588048,0.8900766483975584,0.965929303324498,0.00011453210445377948,2.0,1.9,2.0,64.8,48.0,64.8,1.0,1.0,1.0,1.0
noise_scale,low_to_high,3,105,10,0.9842039044018932,0.9454022332766499,0.9842285311717035,2.5493993810388192e-05,2.1,2.0,2.1,55.2,45.6,55.2,1.0,1.0,1.0,1.0
noise_scale,low_to_high,3,108,10,0.9689526439079736,0.9730649130863481,0.9696087774906704,0.0006562348891600012,2.0,2.2,2.0,67.2,40.8,64.8,1.0,0.9,0.9,1.0
noise_scale,low_to_high,3,111,10,0.9787626139294833,0.9345189608567367,0.9785775907661444,0.00024395443973780352,2.1,2.1,2.1,50.4,38.4,50.4,1.0,1.0,1.0,1.0
noise_scale,low_to_high,3,114,10,0.9789071184513022,0.9344410547622022,0.9789435083273738,3.664002087867546e-05,2.1,2.1,2.1,57.6,38.4,57.6,1.0,1.0,1.0,1.0
noise_scale,low_to_high,3,117,10,0.970576024785554,0.9236983918275878,0.9706345091134212,5.871129377196249e-05,2.1,1.9,2.1,52.8,26.4,52.8,1.0,1.0,1.0,1.0
noise_scale,low_to_high,6,0,10,0.960145063973506,0.960145063973506,0.9812116303600782,0.02299183392904819,2.2,2.2,2.2,57.6,57.6,55.2,0.8,0.3,0.2,0.0
noise_scale,low_to_high,6,3,10,0.966054111337965,0.9665808413905002,0.9811454282209114,0.017240684343517387,2.3,2.3,2.2,52.8,52.8,55.2,0.7,0.3,0.3,0.07083333333333333
noise_scale,low_to_high,6,6,10,0.9623962468618622,0.95973482736613,0.9801008923476633,0.020096685817991365,2.2,2.1,2.1,52.8,52.8,55.2,0.7,0.3,0.3,0.14166666666666666
noise_scale,low_to_high,6,9,10,0.9649349872521892,0.953957260538296,0.9778605418568882,0.020669940892181195,2.2,2.0,2.0,50.4,55.2,55.2,0.8,0.4,0.4,0.23125
noise_scale,low_to_high,6,12,10,0.9640647572381056,0.9559356330297593,0.9782372206340432,0.015461650797597792,2.1,2.1,2.0,45.6,52.8,52.8,0.9,0.5,0.4,0.325
noise_scale,low_to_high,6,15,10,0.9292165633595838,0.9083771477694533,0.963688974017647,0.03691947972082317,2.0,2.0,1.9,43.2,45.6,55.2,0.9,0.7,0.7,0.4166666666666667
noise_scale,low_to_high,6,18,10,0.8819631593930227,0.908325642342881,0.9556886490513005,0.09983028846481186,1.9,1.9,2.0,48.0,38.4,50.4,0.7,0.7,0.4,0.45
noise_scale,low_to_high,6,21,10,0.8608873580553713,0.964704656959824,0.9755212067414145,0.11787205477249393,1.8,2.0,2.1,50.4,48.0,55.2,0.8,0.4,0.4,0.5395833333333333
noise_scale,low_to_high,6,24,10,0.9168085685100753,0.9349599620554075,0.9675459474848906,0.050921297686220515,1.9,1.9,1.9,55.2,40.8,52.8,1.0,0.9,0.9,0.55
noise_scale,low_to_high,6,27,10,0.9057324960513709,0.9444498745777666,0.9546621855486613,0.04938745070574602,1.7,1.9,1.7,45.6,33.6,50.4,1.0,0.8,0.8,0.70625
noise_scale,low_to_high,6,30,10,0.8829234256049447,0.9538441735685017,0.9743220213498975,0.09267558468045056,1.7,1.9,1.8,48.0,33.6,52.8,0.9,0.6,0.6,0.6916666666666667
noise_scale,low_to_high,6,33,10,0.9724795992458273,0.9521643911542637,0.9760580253183339,0.02142411114861671,1.9,1.9,1.8,55.2,45.6,48.0,0.9,0.6,0.5,0.6354166666666666
noise_scale,low_to_high,6,36,10,0.9046221590800558,0.9621684203621875,0.9724724257764811,0.07901426746361044,1.9,2.0,1.8,55.2,45.6,48.0,0.8,0.7,0.6,0.675
noise_scale,low_to_high,6,39,10,0.9144904826182831,0.9619990688199455,0.9747016296470349,0.07209371115503263,1.9,2.0,1.8,52.8,38.4,52.8,0.8,0.8,0.7,0.75
noise_scale,low_to_high,6,42,10,0.9349126427617206,0.9639097536789564,0.9400799232184935,0.026060217639283567,2.0,2.1,1.7,55.2,36.0,57.6,0.8,0.7,0.6,0.7541666666666667
noise_scale,low_to_high,6,45,10,0.9456248003132564,0.9659326001071233,0.9473441595549733,0.06104555054376193,1.8,2.1,1.9,48.0,38.4,55.2,0.8,0.6,0.6,0.8375
noise_scale,low_to_high,6,48,10,0.9786680672945789,0.9483466500990245,0.9449635650115485,0.03583505848793213,2.0,2.0,1.9,50.4,40.8,57.6,0.9,0.5,0.5,0.8666666666666666
noise_scale,low_to_high,6,51,10,0.9436016428241081,0.9529107506676846,0.9504060748174789,0.013560176928708412,1.9,2.0,1.9,48.0,38.4,55.2,1.0,0.8,0.8,0.8833333333333334
noise_scale,low_to_high,6,54,10,0.9848610757924409,0.9512617253799988,0.983778383644976,0.0027716536743519816,2.0,2.0,2.2,50.4,45.6,57.6,0.8,0.8,0.8,0.9
noise_scale,low_to_high,6,57,10,0.9860825524239573,0.9462107741932234,0.9852098442240479,0.004352566407514169,2.2,1.9,2.2,52.8,45.6,57.6,1.0,0.8,0.8,0.9375
noise_scale,low_to_high,6,60,10,0.9864554914409714,0.9574634292041899,0.984507891261661,0.005911900246857537,2.2,2.1,2.2,52.8,45.6,60.0,1.0,0.7,0.7,0.95
noise_scale,low_to_high,6,63,10,0.9903944844318368,0.9533541564494243,0.9854191789014829,0.00761333937596711,2.3,2.1,2.2,55.2,48.0,55.2,0.9,0.7,0.6,0.95
noise_scale,low_to_high,6,66,10,0.9852698309982365,0.9464421407860337,0.9877157554189967,0.004939337159408308,2.2,2.0,2.3,64.8,57.6,57.6,0.9,0.8,0.8,0.9416666666666667
noise_scale,low_to_high,6,69,10,0.9886789889820579,0.9551088423286224,0.9856691176262083,0.004958536906517885,2.2,2.0,2.2,64.8,50.4,64.8,1.0,0.8,0.8,0.9708333333333334
noise_scale,low_to_high,6,72,10,0.9905846061624217,0.9451740022070443,0.9890469206986033,0.0035690540775628167,2.2,2.0,2.2,64.8,60.0,67.2,1.0,0.9,0.9,1.0
noise_scale,low_to_high,6,75,10,0.988141587202184,0.9463036202174914,0.9870922511572507,0.0035604457399975977,2.1,2.1,2.1,62.4,60.0,64.8,1.0,0.9,0.9,1.0
noise_scale,low_to_high,6,78,10,0.9897112728282252,0.9454303197647196,0.9897256919299832,0.005136441429142724,2.2,2.1,2.2,64.8,60.0,69.6,1.0,0.6,0.6,1.0
noise_scale,low_to_high,6,81,10,0.9901859376252877,0.9673171368621976,0.988368574601435,0.003654464458694917,2.2,2.2,2.2,67.2,52.8,72.0,1.0,0.8,0.8,1.0
noise_scale,low_to_high,6,84,10,0.9873223029784954,0.9675717439122398,0.9894581033771728,0.0052415108103086696,2.1,2.2,2.2,69.6,57.6,69.6,0.9,0.8,0.8,1.0
noise_scale,low_to_high,6,87,10,0.9878055582533165,0.9684566149227907,0.9878657149814446,0.0022016061939108987,2.1,2.2,2.1,67.2,60.0,67.2,1.0,0.8,0.8,1.0
noise_scale,low_to_high,6,90,10,0.9874615113314886,0.969269938470568,0.9897781209302188,0.0042791496571510605,2.2,2.1,2.2,64.8,52.8,67.2,0.8,0.7,0.6,1.0
noise_scale,low_to_high,6,93,10,0.9894849362793323,0.9667592585374682,0.9896073235432935,0.002180133985161614,2.3,2.1,2.3,67.2,55.2,64.8,1.0,0.7,0.7,1.0
noise_scale,low_to_high,6,96,10,0.9879792637402007,0.9722784453455052,0.9897392837815845,0.0022053421002816266,2.2,2.1,2.3,67.2,43.2,64.8,0.9,0.9,0.8,1.0
noise_scale,low_to_high,6,99,10,0.9897585613164296,0.9743633996635793,0.9891089702077647,0.0009342509089274254,2.2,2.1,2.2,64.8,43.2,64.8,1.0,0.8,0.8,1.0
noise_scale,low_to_high,6,102,10,0.9823791126195219,0.9709303484599111,0.9823795277508621,0.00022615666537944,2.1,2.2,2.1,60.0,50.4,60.0,1.0,1.0,1.0,1.0
noise_scale,low_to_high,6,105,10,0.9806687876170359,0.9764706691150039,0.980741331377964,0.0001513378786552333,2.1,2.2,2.1,57.6,40.8,57.6,1.0,1.0,1.0,1.0
noise_scale,low_to_high,6,108,10,0.9849988900132429,0.9766876408830681,0.9851280080375678,0.00014305194298244172,2.1,2.2,2.1,55.2,45.6,55.2,1.0,1.0,1.0,1.0
noise_scale,low_to_high,6,111,10,0.9739723285962605,0.9726106546071375,0.9741486786757324,0.00019035401504072791,2.0,2.3,2.0,62.4,45.6,62.4,1.0,1.0,1.0,1.0
noise_scale,low_to_high,6,114,10,0.9863382712390119,0.9303558111324264,0.9863950540672894,6.35190643058281e-05,2.1,2.1,2.1,52.8,40.8,52.8,1.0,1.0,1.0,1.0
noise_scale,low_to_high,12,0,10,0.9603716760996466,0.9603716760996466,0.9856980149813239,0.02553163325052853,2.3,2.3,2.3,57.6,57.6,52.8,1.0,0.5,0.5,0.0
noise_scale,low_to_high,12,3,10,0.9606635409802438,0.9607422155317382,0.9886091098284894,0.02794556884824547,2.3,2.3,2.3,60.0,60.0,50.4,1.0,0.6,0.6,0.06041666666666666
noise_scale,low_to_high,12,6,10,0.9627258715716038,0.9581111395902351,0.9848391554214659,0.023969039873319397,2.3,2.2,2.2,55.2,60.0,50.4,0.7,0.6,0.4,0.12916666666666665
noise_scale,low_to_high,12,9,10,0.9573836199863471,0.9575754006201643,0.9818128743231265,0.025873091843449603,2.1,2.2,2.1,48.0,52.8,50.4,0.8,0.3,0.3,0.2375
noise_scale,low_to_high,12,12,10,0.9586197255229141,0.9554620591672964,0.9813657282941124,0.02836415510015865,2.1,2.0,2.0,48.0,50.4,50.4,0.9,0.5,0.4,0.31666666666666665
noise_scale,low_to_high,12,15,10,0.9633645855915642,0.9603906294380925,0.9785257843499586,0.020207748109294453,2.1,2.0,2.0,38.4,40.8,52.8,0.9,0.3,0.2,0.4791666666666667
noise_scale,low_to_high,12,18,10,0.9251061715833316,0.964736114754454,0.9607427451437142,0.04124794778112483,2.0,2.1,1.9,31.2,36.0,52.8,0.9,0.5,0.4,0.6375
noise_scale,low_to_high,12,21,10,0.9294091700809151,0.8839151539994061,0.9395432409604572,0.05217163286016622,2.0,1.9,1.8,43.2,40.8,55.2,0.8,0.7,0.5,0.6125
noise_scale,low_to_high,12,24,10,0.8945128139882996,0.891423748837046,0.9487756414451651,0.05914053744982879,1.9,1.9,1.9,48.0,45.6,55.2,1.0,0.6,0.6,0.6333333333333333
noise_scale,low_to_high,12,27,10,0.9106592427389684,0.8908745338538033,0.9615527362222709,0.05263703874306412,1.9,1.8,1.9,52.8,45.6,55.2,1.0,0.7,0.7,0.6
noise_scale,low_to_high,12,30,10,0.9127090245400128,0.9021828907654404,0.9675987874359151,0.05878268330661938,1.9,1.9,1.9,50.4,45.6,52.8,0.8,0.9,0.7,0.6541666666666667
noise_scale,low_to_high,12,33,10,0.9276996983781514,0.9120617321220866,0.9700073382282784,0.047894728764052354,1.8,1.8,1.8,45.6,40.8,50.4,1.0,0.9,0.9,0.74375
noise_scale,low_to_high,12,36,10,0.9210570376905471,0.9143811831581241,0.972153273011554,0.055578763384638866,1.8,1.8,1.8,43.2,40.8,45.6,1.0,0.7,0.7,0.8
noise_scale,low_to_high,12,39,10,0.920463615392068,0.949444766993051,0.9732686115804349,0.05696577049251537,1.8,1.9,1.8,48.0,40.8,45.6,1.0,0.7,0.7,0.7791666666666666
noise_scale,low_to_high,12,42,10,0.9590771438280467,0.9287085939751909,0.9729708454944657,0.01813500786962634,1.8,1.9,1.8,48.0,43.2,48.0,1.0,0.6,0.6,0.8083333333333333
noise_scale,low_to_high,12,45,10,0.9784545988586879,0.934733436509638,0.9789129143266886,0.009222843892649435,1.9,1.9,1.9,45.6,40.8,55.2,1.0,0.6,0.6,0.84375
noise_scale,low_to_high,12,48,10,0.9829206164780668,0.9377872466514943,0.9800342835206595,0.008012313435605123,2.0,2.0,1.9,50.4,38.4,55.2,0.9,0.5,0.5,0.8333333333333334
noise_scale,low_to_high,12,51,10,0.9827830658636462,0.9364041550473179,0.9794739553035197,0.006667625831801338,2.0,2.0,2.0,48.0,45.6,52.8,1.0,0.7,0.7,0.8833333333333334
noise_scale,low_to_high,12,54,10,0.9832030685246446,0.939949023205821,0.9817025065703122,0.0038328426515901624,2.0,2.0,2.0,48.0,40.8,50.4,1.0,0.8,0.8,0.9
noise_scale,low_to_high,12,57,10,0.9848458205631111,0.9523079917267507,0.9823706766989776,0.003874431907844056,2.0,2.0,2.0,48.0,40.8,52.8,1.0,0.9,0.9,0.9166666666666666
noise_scale,low_to_high,12,60,10,0.9832923639187593,0.959000780223256,0.9839586680677627,0.005042229958373922,2.1,2.1,2.2,57.6,43.2,57.6,0.9,1.0,0.9,0.9
noise_scale,low_to_high,12,63,10,0.9874969175960089,0.9545069703911816,0.983158602463495,0.009747296457142595,2.2,2.0,2.2,55.2,55.2,60.0,0.8,0.8,0.6,0.9375
noise_scale,low_to_high,12,66,10,0.9871603214806882,0.9537153337604558,0.9847067138687488,0.007796370896770266,2.3,2.1,2.3,60.0,64.8,62.4,0.8,0.9,0.7,0.95
noise_scale,low_to_high,12,69,10,0.9849655062513868,0.9537036939743491,0.9852576934138627,0.006339143047049278,2.2,2.1,2.3,62.4,60.0,62.4,0.9,0.8,0.8,0.9708333333333334
noise_scale,low_to_high,12,72,10,0.9875979738651722,0.9549738118894755,0.9859283176926927,0.0035055130749948927,2.2,2.1,2.2,62.4,60.0,64.8,1.0,0.9,0.9,1.0
noise_scale,low_to_high,12,75,10,0.9853760459530087,0.9556328145921575,0.9881325578884586,0.005393367084753453,2.1,2.1,2.2,62.4,60.0,67.2,0.9,0.8,0.8,1.0
noise_scale,low_to_high,12,78,10,0.9860730355325794,0.9542192339372733,0.9860801552829581,0.0009482024679678292,2.1,2.2,2.1,64.8,67.2,64.8,1.0,1.0,1.0,1.0
noise_scale,low_to_high,12,81,10,0.9910241247880783,0.9519402639040191,0.9897100073835746,0.0026371991519573814,2.2,2.2,2.2,62.4,62.4,64.8,1.0,0.9,0.9,1.0
noise_scale,low_to_high,12,84,10,0.9900319190054475,0.95026905897252,0.9887464728687482,0.003970617152890066,2.2,2.2,2.2,67.2,62.4,69.6,1.0,0.7,0.7,1.0
noise_scale,low_to_high,12,87,10,0.9894525268994506,0.9734007785877313,0.9892992208462742,0.0028360480619868066,2.2,2.3,2.2,67.2,57.6,67.2,1.0,0.8,0.8,1.0
noise_scale,low_to_high,12,90,10,0.9866772375224879,0.9735221962285314,0.9895325413819214,0.0035497588445313256,2.1,2.3,2.2,67.2,62.4,67.2,0.9,1.0,0.9,1.0
noise_scale,low_to_high,12,93,10,0.986743659034188,0.9757769109896722,0.9869842886347169,0.0006376420516220893,2.1,2.3,2.1,67.2,60.0,67.2,1.0,1.0,1.0,1.0
noise_scale,low_to_high,12,96,10,0.987168361455218,0.9760229638063281,0.9863620877166012,0.0011324126281944125,2.2,2.2,2.2,62.4,50.4,64.8,1.0,0.9,0.9,1.0
noise_scale,low_to_high,12,99,10,0.9862903157549532,0.9746346318543344,0.9861325095637763,0.0017117421908161457,2.2,2.2,2.2,64.8,50.4,64.8,1.0,0.8,0.8,1.0
noise_scale,low_to_high,12,102,10,0.9865963429065119,0.9691584446349049,0.9865345620180601,0.0001418086742888347,2.2,2.1,2.2,64.8,48.0,64.8,1.0,1.0,1.0,1.0
noise_scale,low_to_high,12,105,10,0.9872324570057552,0.9698820093615155,0.9864538999156036,0.0008582599535641,2.2,2.1,2.2,62.4,48.0,64.8,1.0,0.9,0.9,1.0
noise_scale,low_to_high,12,108,10,0.973587961386108,0.9681196038490167,0.9729640099922623,0.0007072597889967059,2.0,2.2,2.0,55.2,52.8,57.6,1.0,0.9,0.9,1.0
persistence,high_to_low,1,0,10,0.48593678850285826,0.48593678850285826,0.9030564160215253,0.43211013282401967,1.6,1.6,2.6,45.6,45.6,64.8,0.0,0.4,0.0,0.0
persistence,high_to_low,1,3,10,0.4579716020472698,0.49897771988377515,0.9830120899225872,0.5250404878753173,1.5,1.6,2.5,45.6,43.2,52.8,0.1,0.4,0.0,0.07291666666666666
persistence,high_to_low,1,6,10,0.4507353685142359,0.4550027376598231,0.8921131089051411,0.44137774039090527,1.3,1.5,2.3,50.4,45.6,52.8,0.2,0.4,0.1,0.1375
persistence,high_to_low,1,9,10,0.5396315292511302,0.49112460271870584,0.8857339871893707,0.34610245793824035,1.5,1.6,2.1,45.6,43.2,57.6,0.5,0.4,0.3,0.23125
persistence,high_to_low,1,12,10,0.5529187517898824,0.5192517067887379,0.8887382818052328,0.3358195300153506,1.5,1.6,2.2,40.8,38.4,48.0,0.5,0.3,0.2,0.35833333333333334
persistence,high_to_low,1,15,10,0.5505851397055997,0.49486970236831934,0.8870470138548665,0.33646187414926676,1.5,1.6,2.1,52.8,38.4,48.0,0.5,0.4,0.2,0.3541666666666667
persistence,high_to_low,1,18,10,0.6532902861801528,0.3254537613397498,0.9857592403981886,0.3324689542180358,1.5,1.3,2.4,48.0,45.6,55.2,0.3,0.3,0.2,0.475
persistence,high_to_low,1,21,10,0.7143888961513334,0.3806387365537539,0.9016252637680099,0.18723636761667656,1.4,1.3,2.2,45.6,52.8,64.8,0.3,0.4,0.2,0.56875
persistence,high_to_low,1,24,10,0.6891932554002167,0.42622249984931804,0.9121263698682407,0.22293311446802405,1.4,1.4,2.2,45.6,57.6,64.8,0.4,0.3,0.1,0.65
persistence,high_to_low,1,27,10,0.700448374187318,0.3837194071527503,0.8937773938320884,0.19332901964477028,1.5,1.3,2.1,45.6,50.4,60.0,0.5,0.4,0.3,0.68125
persistence,high_to_low,1,30,10,0.7916600671478535,0.3871712804517108,0.8928038719838636,0.10114380483601004,1.7,1.3,2.1,48.0,55.2,57.6,0.7,0.7,0.5,0.675
persistence,high_to_low,1,33,10,0.8051441094973057,0.4620903382748568,0.9043129655041569,0.1085887871501497,1.7,1.3,1.9,48.0,43.2,62.4,0.8,0.6,0.5,0.7125
persistence,high_to_low,1,36,10,0.913022822707994,0.5317017647229545,0.9873300870747841,0.07430730183895232,1.8,1.4,2.1,52.8,48.0,57.6,0.8,0.6,0.5,0.7
persistence,high_to_low,1,39,10,0.8997909019990431,0.4917290500787404,0.9783484611740277,0.0785575743397423,1.8,1.5,2.2,52.8,38.4,55.2,0.7,0.8,0.6,0.7416666666666666
persistence,high_to_low,1,42,10,0.8912235655520417,0.407312325461481,0.9774060333019381,0.08618248625009275,1.8,1.4,2.1,50.4,45.6,52.8,0.7,0.7,0.5,0.8125
persistence,high_to_low,1,45,10,0.8964694068962779,0.45950956823767264,0.9661758677785063,0.06970646088222837,1.7,1.5,2.0,50.4,50.4,57.6,0.8,0.3,0.3,0.83125
persistence,high_to_low,1,48,10,0.9068019051806067,0.4443780630201249,0.9598317772405679,0.05302987205996136,1.7,1.5,2.0,48.0,33.6,52.8,0.7,0.3,0.3,0.9
persistence,high_to_low,1,51,10,0.9344384646862484,0.40222619117408,0.9745387091009394,0.0404862176174153,1.9,1.4,2.3,45.6,40.8,57.6,0.6,0.5,0.3,0.9416666666666667
persistence,high_to_low,1,54,10,0.9486866249444154,0.4288613361419397,0.9870295975511322,0.03886137929863646,2.0,1.4,2.3,50.4,45.6,50.4,0.7,0.6,0.4,0.925
persistence,high_to_low,1,57,10,0.9146251582201668,0.40849334013711197,0.9837697805385879,0.06962075323828029,2.1,1.4,2.6,48.0,40.8,55.2,0.5,0.6,0.4,0.9375
persistence,high_to_low,1,60,10,0.9366904604951773,0.3494274334717936,0.9754028661882786,0.039089073315713575,2.0,1.3,2.3,55.2,50.4,57.6,0.7,0.9,0.6,0.9166666666666666
persistence,high_to_low,1,63,10,0.9844114353741817,0.3650529978067586,0.9762545349945799,0.008810000851081867,2.4,1.4,2.3,62.4,50.4,57.6,0.9,0.7,0.7,0.9125
persistence,high_to_low,1,66,10,0.9761630041660284,0.41710773674171336,0.9778144895126862,0.00890642661317973,2.3,1.4,2.4,57.6,45.6,57.6,0.9,0.7,0.6,0.9583333333333333
persistence,high_to_low,1,69,10,0.9724097318784125,0.5010303185442325,0.9733440263167532,0.0030642241423050054,2.3,1.5,2.3,67.2,48.0,67.2,1.0,1.0,1.0,0.9625
persistence,high_to_low,1,72,10,0.9710692365611617,0.43708238011096096,0.973477896191717,0.004484900533967518,2.1,1.5,2.3,62.4,50.4,67.2,0.8,0.9,0.8,1.0
persistence,high_to_low,1,75,10,0.9811737723305127,0.4890727739073424,0.979858958330247,0.0035259878259090937,2.2,1.5,2.2,57.6,43.2,62.4,1.0,0.8,0.8,1.0
persistence,high_to_low,1,78,10,0.9718244575837245,0.5223057957856695,0.9713443852151409,0.0023512446742709357,2.2,1.7,2.2,64.8,45.6,67.2,1.0,0.9,0.9,1.0
persistence,high_to_low,1,81,10,0.9759000899228498,0.5462647432529383,0.9724629916515763,0.005588858814017961,2.3,1.7,2.2,64.8,43.2,64.8,0.9,1.0,0.9,1.0
persistence,high_to_low,1,84,10,0.9700379578234962,0.5385501799306999,0.9612172226763143,0.00949502178923567,2.1,1.7,2.2,60.0,40.8,64.8,0.9,0.9,0.9,1.0
persistence,high_to_low,1,87,10,0.9657206409784245,0.6122269968949114,0.9716196220131286,0.006792681013520896,2.4,1.9,2.2,62.4,52.8,60.0,0.8,0.9,0.8,1.0
persistence,high_to_low,1,90,10,0.9790372570047132,0.4582444051389386,0.9791600936875049,0.0026038270409856736,2.6,1.8,2.5,64.8,57.6,64.8,0.9,1.0,0.9,1.0
persistence,high_to_low,1,93,10,0.9758333336842806,0.4914276810148491,0.9796084226249763,0.005842370343738667,2.7,1.8,2.5,64.8,45.6,64.8,0.8,0.8,0.7,1.0
persistence,high_to_low,1,96,10,0.9906685233912527,0.48432740882378944,0.9914872346027706,0.0018886221727833052,2.7,1.8,2.6,62.4,43.2,62.4,0.9,1.0,0.9,1.0
persistence,high_to_low,1,99,10,0.9352436463915588,0.4335944961909344,0.9400854458279954,0.0048417994364366446,2.5,1.7,2.4,57.6,48.0,57.6,0.9,0.8,0.8,1.0
persistence,high_to_low,1,102,10,0.9796294276832291,0.37233640825865744,0.9800213136003706,0.0003918859171414102,2.4,1.6,2.4,40.8,45.6,40.8,1.0,1.0,1.0,1.0
persistence,high_to_low,1,105,10,0.971783340981079,0.36542298922497546,0.9815088653733979,0.009946737400027428,2.4,1.6,2.4,50.4,45.6,50.4,1.0,1.0,1.0,1.0
persistence,high_to_low,1,108,10,0.9542453227744087,0.35461136642798785,0.9537352033257539,0.0005691327395058954,2.3,1.6,2.3,48.0,48.0,50.4,1.0,0.9,0.9,1.0
persistence,high_to_low,1,111,10,0.9297268018704195,0.3466907122971908,0.9296735546780791,5.324719740329442e-05,2.0,1.6,2.0,38.4,50.4,38.4,1.0,1.0,1.0,1.0
persistence,high_to_low,1,114,10,0.9449170732507518,0.3599481887961541,0.944925822907545,8.74965679327211e-06,2.1,1.7,2.1,36.0,40.8,36.0,1.0,1.0,1.0,1.0
persistence,high_to_low,1,117,10,0.9404885241066869,0.41409788400642744,0.9404799805677531,8.543538933858396e-06,2.1,1.7,2.1,36.0,45.6,36.0,1.0,1.0,1.0,1.0
persistence,high_to_low,3,0,10,0.5563108655425307,0.5563108655425307,0.9834683067497908,0.4271574412072601,1.5,1.5,2.2,43.2,43.2,48.0,0.4,0.5,0.2,0.0
persistence,high_to_low,3,3,10,0.5554091975447757,0.5562186552673787,0.9840330790811826,0.42862388153640685,1.5,1.5,2.2,40.8,45.6,48.0,0.4,0.4,0.2,0.08958333333333332
persistence,high_to_low,3,6,10,0.5821120429125148,0.4923795962304595,0.9418901801253055,0.35977813721279056,1.5,1.4,2.0,38.4,36.0,50.4,0.6,0.2,0.2,0.18333333333333332
persistence,high_to_low,3,9,10,0.5775831949749278,0.4059456794527169,0.978367226563034,0.40078403158810616,1.5,1.3,2.0,40.8,40.8,43.2,0.5,0.5,0.3,0.25625
persistence,high_to_low,3,12,10,0.6688603797733316,0.40535428436273124,0.9346527787809741,0.26579239900764245,1.6,1.3,1.9,43.2,40.8,50.4,0.7,0.5,0.3,0.35
persistence,high_to_low,3,15,10,0.7033633322744663,0.39527746262205227,0.9352151944263799,0.23185186215191367,1.6,1.3,1.9,43.2,48.0,48.0,0.7,0.4,0.3,0.4166666666666667
persistence,high_to_low,3,18,10,0.7262666069973729,0.392853863834735,0.9350637049312478,0.2087970979338749,1.6,1.3,1.8,43.2,43.2,48.0,0.8,0.4,0.3,0.5
persistence,high_to_low,3,21,10,0.7244097124082367,0.5294178354928525,0.9422726884939981,0.21845258626370936,1.5,1.5,1.8,40.8,40.8,48.0,0.7,0.6,0.5,0.6270833333333333
persistence,high_to_low,3,24,10,0.788232996322763,0.4272128827895979,0.9366691459978622,0.14843614967509927,1.7,1.4,1.8,48.0,43.2,43.2,0.9,0.6,0.5,0.6333333333333333
persistence,high_to_low,3,27,10,0.8039404618606143,0.43407037292003725,0.9444923985853017,0.14267641586302232,1.7,1.4,1.8,45.6,48.0,52.8,0.9,0.5,0.5,0.68125
persistence,high_to_low,3,30,10,0.8155719030306015,0.5935295533675375,0.964000683067933,0.1552058958257586,1.7,1.7,1.8,38.4,45.6,50.4,0.9,0.3,0.2,0.7916666666666667
persistence,high_to_low,3,33,10,0.8189351363846005,0.4808054981177346,0.9352765912018179,0.12882754935438154,1.7,1.5,1.7,31.2,40.8,48.0,1.0,0.3,0.3,0.90625
persistence,high_to_low,3,36,10,0.8696021324285015,0.7168232305831822,0.9709602990753444,0.1030605592417843,1.6,1.5,1.9,43.2,38.4,55.2,0.7,0.3,0.2,0.8
persistence,high_to_low,3,39,10,0.8735598597441128,0.5550436985996678,0.9257283058539378,0.05463541501077303,1.6,1.5,1.8,45.6,43.2,57.6,0.9,0.5,0.5,0.80625
persistence,high_to_low,3,42,10,0.8734349616591773,0.42175315910181654,0.9709167807385191,0.10092083706365948,1.6,1.4,2.0,48.0,45.6,50.4,0.7,0.3,0.2,0.825
persistence,high_to_low,3,45,10,0.8853863400093657,0.381792630408874,0.9724191490843976,0.08999829605417678,1.7,1.4,2.1,43.2,43.2,50.4,0.7,0.6,0.4,0.875
persistence,high_to_low,3,48,10,0.9079396093107185,0.48620713562817225,0.9841805354165765,0.0793651779302495,1.8,1.5,2.1,52.8,48.0,50.4,0.7,0.6,0.5,0.8333333333333334
persistence,high_to_low,3,51,10,0.9202638189690594,0.49989049228798493,0.974042530711646,0.05561359683619592,1.9,1.5,2.1,50.4,60.0,55.2,0.8,0.5,0.4,0.8833333333333334
persistence,high_to_low,3,54,10,0.923720917766895,0.5182471823273254,0.9804944398554103,0.057878837452502684,1.9,1.5,2.1,50.4,55.2,50.4,0.8,0.5,0.4,0.9
persistence,high_to_low,3,57,10,0.9594082721513342,0.5680008712672922,0.9749334759403185,0.016907582358450034,2.0,1.5,2.2,52.8,40.8,50.4,0.8,0.7,0.6,0.9166666666666666
persistence,high_to_low,3,60,10,0.9650830734909256,0.6567250257707391,0.974780183415325,0.012467929116256304,2.1,1.7,2.1,52.8,48.0,50.4,1.0,0.7,0.7,0.9333333333333333
persistence,high_to_low,3,63,10,0.9707569718630762,0.6655171028318579,0.9754685947342567,0.007910424973249541,2.2,1.6,2.2,55.2,48.0,52.8,1.0,0.9,0.9,0.9375
persistence,high_to_low,3,66,10,0.9777157156206249,0.7808146850819553,0.9756358319767713,0.00864908327209869,2.2,1.7,2.1,57.6,36.0,57.6,0.9,0.6,0.5,0.9583333333333334
persistence,high_to_low,3,69,10,0.9768061725616807,0.7418323311287109,0.9753517150160642,0.01059434026750331,2.3,1.7,2.1,62.4,50.4,60.0,0.8,0.7,0.6,0.975
persistence,high_to_low,3,72,10,0.9766640546374724,0.7381846235278801,0.9766943180583836,0.005438171209712428,2.1,1.8,2.1,62.4,48.0,64.8,1.0,0.6,0.6,1.0
persistence,high_to_low,3,75,10,0.9883544463550458,0.7445902765264611,0.9859732454451724,0.004780161272498018,2.2,1.8,2.2,52.8,50.4,60.0,1.0,0.6,0.6,1.0
persistence,high_to_low,3,78,10,0.9773100459304921,0.7332129428461717,0.9777787217894647,0.0032212756594799828,2.1,1.8,2.1,67.2,52.8,62.4,1.0,0.8,0.8,1.0
persistence,high_to_low,3,81,10,0.9849277249514685,0.62410296232418,0.9841171022264108,0.003498985618115724,2.2,1.6,2.2,67.2,52.8,67.2,1.0,0.8,0.8,1.0
persistence,high_to_low,3,84,10,0.9875479212569447,0.5526624827552966,0.9820595995028963,0.005735975679980665,2.2,1.5,2.1,62.4,52.8,67.2,0.9,0.8,0.8,1.0
persistence,high_to_low,3,87,10,0.98798039430505,0.5309024290765196,0.9883968413802849,0.001685925845018199,2.4,1.5,2.4,62.4,50.4,62.4,1.0,1.0,1.0,1.0
persistence,high_to_low,3,90,10,0.9879996427586436,0.4670152926793077,0.98165854295385,0.0073503332299555526,2.4,1.4,2.2,60.0,50.4,64.8,0.8,0.7,0.7,1.0
persistence,high_to_low,3,93,10,0.9857544578037235,0.4659952216417209,0.9831646954339789,0.004820262526394647,2.3,1.4,2.2,62.4,45.6,62.4,0.9,0.8,0.7,1.0
persistence,high_to_low,3,96,10,0.9826172754257421,0.37945211250724814,0.9811056380670207,0.0021761742699078048,2.2,1.4,2.3,62.4,50.4,69.6,0.9,0.8,0.8,1.0
persistence,high_to_low,3,99,10,0.9817853839886151,0.38336604364919263,0.9841888479710275,0.003908780007463641,2.2,1.5,2.3,62.4,55.2,64.8,0.9,0.7,0.7,1.0
persistence,high_to_low,3,102,10,0.928528060176904,0.3460082114828855,0.9284838882616698,0.0003727708317387113,2.0,1.4,2.0,55.2,57.6,57.6,1.0,0.9,0.9,1.0
persistence,high_to_low,3,105,10,0.9724347830163331,0.5255309749443484,0.972611864557169,0.0003627310076805612,2.1,1.6,2.1,50.4,52.8,50.4,1.0,1.0,1.0,1.0
persistence,high_to_low,3,108,10,0.9915491545119643,0.5176982021711365,0.991443290673016,0.0001613671140832329,2.3,1.6,2.3,48.0,52.8,48.0,1.0,1.0,1.0,1.0
persistence,high_to_low,3,111,10,0.9686383329638234,0.5189114854506266,0.9686685382507095,0.0005772484660798383,2.1,1.6,2.1,45.6,55.2,45.6,1.0,1.0,1.0,1.0
persistence,high_to_low,3,114,10,0.9672962313363191,0.5229263049050032,0.9674911681593029,0.0005110935558691021,2.1,1.5,2.1,50.4,48.0,50.4,1.0,1.0,1.0,1.0
persistence,high_to_low,3,117,10,0.9584897458821178,0.5818087539271226,0.9578645640807926,0.006188243121469028,2.0,1.6,1.9,43.2,40.8,38.4,0.9,0.9,0.8,1.0
persistence,high_to_low,6,0,10,0.6776569283018159,0.6776569283018159,0.979931916232406,0.30600392685798733,1.7,1.7,2.3,50.4,50.4,48.0,0.5,0.7,0.5,0.0
persistence,high_to_low,6,3,10,0.6549768951204432,0.6625376637391638,0.9776871434930786,0.3262434846785207,1.6,1.6,2.2,45.6,43.2,48.0,0.5,0.6,0.3,0.07708333333333332
persistence,high_to_low,6,6,10,0.689844245837743,0.6961483317167483,0.9780953959226422,0.29687807404131566,1.7,1.7,2.1,40.8,40.8,45.6,0.6,0.2,0.2,0.17916666666666667
persistence,high_to_low,6,9,10,0.7597072319159273,0.665910371288183,0.9715851325957496,0.22080895755965493,1.7,1.7,2.0,40.8,38.4,48.0,0.7,0.3,0.2,0.25625
persistence,high_to_low,6,12,10,0.7199010428653632,0.6243691180876996,0.9740030500234985,0.25672993689575374,1.6,1.6,2.0,45.6,50.4,45.6,0.6,0.5,0.3,0.325
persistence,high_to_low,6,15,10,0.7127298975839508,0.6354862801439614,0.9498427406110052,0.23938437184442152,1.7,1.6,1.9,43.2,45.6,43.2,0.8,0.4,0.3,0.4166666666666667
persistence,high_to_low,6,18,10,0.7367999167392161,0.6679905811383933,0.9479354653811205,0.21113554950717606,1.7,1.7,1.9,38.4,43.2,45.6,0.8,0.4,0.3,0.575
persistence,high_to_low,6,21,10,0.7747481876801744,0.5502767951244012,0.9436516672384239,0.1714270963985622,1.7,1.5,1.8,48.0,52.8,45.6,0.9,0.6,0.5,0.5541666666666667
persistence,high_to_low,6,24,10,0.790354981257973,0.6832113802557352,0.9498998467114006,0.1612931139811108,1.7,1.7,1.8,48.0,48.0,48.0,0.9,0.8,0.7,0.6333333333333333
persistence,high_to_low,6,27,10,0.8194544035407979,0.710088714545104,0.9584517478275931,0.1447877399660293,1.8,1.8,1.8,48.0,50.4,50.4,0.8,0.5,0.5,0.6875
persistence,high_to_low,6,30,10,0.827217505649856,0.7804135459902184,0.9599062029312835,0.14294971145890784,1.7,1.8,1.8,43.2,50.4,50.4,0.9,0.6,0.6,0.7666666666666667
persistence,high_to_low,6,33,10,0.8175994429384084,0.7752068766127859,0.9757399725779241,0.1612595356081113,1.7,1.7,1.9,38.4,36.0,48.0,0.8,0.2,0.2,0.8291666666666666
persistence,high_to_low,6,36,10,0.8681995370779333,0.77650231487428,0.9634693001248937,0.10402967645082235,1.7,1.7,1.9,36.0,40.8,55.2,0.8,0.1,0.0,0.875
persistence,high_to_low,6,39,10,0.8776929363768191,0.8420113642122123,0.9646404631849643,0.09504472299485342,1.7,1.6,1.9,40.8,45.6,57.6,0.8,0.3,0.2,0.8520833333333334
persistence,high_to_low,6,42,10,0.8516285673200024,0.8351177194585071,0.9563346487339197,0.11274980290311429,1.6,1.6,1.9,50.4,45.6,55.2,0.8,0.5,0.4,0.8125
persistence,high_to_low,6,45,10,0.8500944387809921,0.7492795967670831,0.9684480338035908,0.12293235388276616,1.6,1.6,2.0,45.6,48.0,50.4,0.7,0.7,0.5,0.86875
persistence,high_to_low,6,48,10,0.9083629855569137,0.7654970795398527,0.969142018426217,0.06549658855381604,1.8,1.7,2.0,43.2,50.4,50.4,0.8,0.6,0.5,0.9
persistence,high_to_low,6,51,10,0.9098016536835258,0.7658566090154069,0.9726457242164896,0.0667247758340958,1.9,1.7,2.0,52.8,50.4,50.4,0.9,0.7,0.7,0.8833333333333334
persistence,high_to_low,6,54,10,0.9204389861384508,0.860008103845408,0.9737791284497895,0.05644491079321442,1.9,1.9,2.1,50.4,50.4,60.0,0.8,0.6,0.5,0.9
persistence,high_to_low,6,57,10,0.97063976977349,0.8629805593683418,0.9779686694306241,0.010061996032696318,2.1,1.9,2.2,55.2,50.4,50.4,0.9,0.4,0.4,0.8958333333333334
persistence,high_to_low,6,60,10,0.9689270832755857,0.7623085406664933,0.974004990621609,0.008494714328693486,2.1,1.7,2.1,50.4,48.0,52.8,1.0,0.5,0.5,0.95
persistence,high_to_low,6,63,10,0.9691652286534407,0.7498527228344279,0.9747033893604927,0.00826386051419834,2.1,1.7,2.1,55.2,48.0,55.2,1.0,0.8,0.8,0.95
persistence,high_to_low,6,66,10,0.9745576286862161,0.8560529409387895,0.9818010781735799,0.010880609699201915,2.2,2.0,2.3,57.6,52.8,57.6,0.9,0.8,0.7,0.9583333333333334
persistence,high_to_low,6,69,10,0.9827249010747533,0.860169464749624,0.9816860984686684,0.005362842703393234,2.3,2.0,2.2,57.6,52.8,62.4,0.9,0.8,0.7,0.9791666666666666
persistence,high_to_low,6,72,10,0.9837309433633475,0.8791175065821021,0.9780241378788143,0.008050423641921278,2.3,2.1,2.1,62.4,57.6,62.4,0.8,0.8,0.7,1.0
persistence,high_to_low,6,75,10,0.9818899937471203,0.8401293012371844,0.9811190014885105,0.004390225602332476,2.2,2.0,2.1,64.8,60.0,64.8,0.9,0.8,0.7,1.0
persistence,high_to_low,6,78,10,0.9881569672169013,0.9765023785238431,0.9849824396006962,0.004713966277961312,2.2,2.0,2.2,60.0,62.4,64.8,1.0,0.5,0.5,1.0
persistence,high_to_low,6,81,10,0.9884834418572479,0.8808874668312132,0.986089737246739,0.004341824238675041,2.3,1.9,2.3,62.4,62.4,67.2,1.0,0.6,0.6,1.0
persistence,high_to_low,6,84,10,0.9895821117267186,0.8846360871115195,0.9884914590832814,0.003936201371625947,2.3,1.9,2.3,62.4,67.2,64.8,1.0,0.7,0.7,1.0
persistence,high_to_low,6,87,10,0.9905301027944524,0.8825240904665546,0.9846364832563864,0.010343343924202431,2.3,1.8,2.3,60.0,67.2,57.6,1.0,0.9,0.9,1.0
persistence,high_to_low,6,90,10,0.9885174505927022,0.8783116113730076,0.9898309664069871,0.002161453414876813,2.4,1.9,2.4,60.0,64.8,57.6,1.0,0.9,0.9,1.0
persistence,high_to_low,6,93,10,0.986652844515058,0.8779592955344961,0.9827750520023966,0.0056991062083534775,2.3,1.9,2.2,60.0,64.8,62.4,0.9,0.7,0.7,1.0
persistence,high_to_low,6,96,10,0.9857892835466169,0.8710230377321798,0.985222294190919,0.0009213710415987841,2.2,1.9,2.2,57.6,64.8,60.0,1.0,0.9,0.9,1.0
persistence,high_to_low,6,99,10,0.9836447914120884,0.7671917150883505,0.9846261596781007,0.0011523641181875321,2.2,1.8,2.2,62.4,64.8,60.0,1.0,0.9,0.9,1.0
persistence,high_to_low,6,102,10,0.9872810252455416,0.7718893554809558,0.9885387756826125,0.0014261816361974989,2.2,1.8,2.3,57.6,64.8,57.6,0.9,0.8,0.8,1.0
persistence,high_to_low,6,105,10,0.9745034113203811,0.7679616211102529,0.974193138690721,0.0006255001671448546,2.1,1.8,2.1,50.4,64.8,52.8,1.0,0.9,0.9,1.0
persistence,high_to_low,6,108,10,0.9733338192926482,0.7699828105631884,0.9735565271375355,0.00023158963456020308,2.1,1.8,2.1,45.6,60.0,45.6,1.0,1.0,1.0,1.0
persistence,high_to_low,6,111,10,0.9888112294318836,0.7722797194250303,0.9890640904082426,0.00034628852231740617,2.3,1.8,2.3,52.8,60.0,52.8,1.0,1.0,1.0,1.0
persistence,high_to_low,6,114,10,0.9675542844708478,0.776668404643647,0.9694972879813063,0.0021044463804298585,2.1,1.8,2.1,57.6,64.8,52.8,1.0,0.8,0.8,1.0
persistence,high_to_low,12,0,10,0.886798295156564,0.886798295156564,0.9788635647890456,0.10372342308301455,2.1,2.1,2.3,57.6,57.6,55.2,0.8,0.5,0.4,0.0
persistence,high_to_low,12,3,10,0.8746063395460345,0.8895164538473926,0.9798667362510634,0.12186731146178009,1.9,2.1,2.3,45.6,50.4,50.4,0.7,0.5,0.4,0.07708333333333334
persistence,high_to_low,12,6,10,0.8018948793715065,0.8006489605845856,0.9784637597399884,0.1924582797894748,1.9,1.9,2.3,52.8,52.8,50.4,0.6,0.5,0.3,0.13333333333333333
persistence,high_to_low,12,9,10,0.6917735766543042,0.6913596184126211,0.9790811269818847,0.298564787902405,1.8,1.8,2.2,50.4,50.4,48.0,0.6,0.7,0.5,0.20625
persistence,high_to_low,12,12,10,0.7124702463227179,0.7151242020905849,0.9771067961032026,0.28106772301567207,1.7,1.7,2.1,43.2,43.2,50.4,0.6,0.3,0.3,0.33333333333333337
persistence,high_to_low,12,15,10,0.8114359189118229,0.6876556414610924,0.9736790778810865,0.17743241719243,1.7,1.7,2.0,43.2,43.2,50.4,0.7,0.5,0.4,0.4375
persistence,high_to_low,12,18,10,0.7977065707701392,0.6884682876893791,0.9389311911905793,0.1816441442712295,1.6,1.7,1.9,48.0,48.0,43.2,0.7,0.3,0.3,0.475
persistence,high_to_low,12,21,10,0.8002309889682422,0.6875419712729574,0.9091720736256045,0.15100240282275273,1.7,1.7,1.8,50.4,52.8,50.4,0.9,0.6,0.5,0.5104166666666667
persistence,high_to_low,12,24,10,0.8109103240916957,0.6586223403333751,0.9171160137758644,0.1576922505220391,1.7,1.6,1.8,48.0,55.2,50.4,0.9,0.7,0.6,0.6
persistence,high_to_low,12,27,10,0.8187937729323022,0.7773498002952923,0.9409174401147918,0.15152787490449215,1.8,1.8,1.8,50.4,50.4,52.8,0.8,0.8,0.6,0.61875
persistence,high_to_low,12,30,10,0.8369534628645463,0.7820863379747247,0.9458660000552094,0.13633281688044524,1.8,1.8,1.8,48.0,52.8,52.8,0.8,0.9,0.7,0.6916666666666667
persistence,high_to_low,12,33,10,0.8575224757271143,0.7868273994063008,0.954440275500619,0.11525221686559801,1.8,1.8,1.8,50.4,52.8,52.8,0.8,0.7,0.6,0.6979166666666666
persistence,high_to_low,12,36,10,0.8683873839170854,0.7900602124260668,0.9540330297318654,0.1145641388065263,1.8,1.8,1.8,52.8,50.4,48.0,0.8,0.7,0.6,0.7
persistence,high_to_low,12,39,10,0.8625687302918079,0.7914948775812295,0.9576752690073554,0.12278827329874642,1.8,1.7,1.8,50.4,48.0,45.6,0.8,0.7,0.6,0.7604166666666666
persistence,high_to_low,12,42,10,0.9015203021601474,0.7908450651832716,0.9566669585954373,0.078732955555835,1.7,1.7,1.8,45.6,48.0,45.6,0.9,0.7,0.7,0.8541666666666666
persistence,high_to_low,12,45,10,0.8981372357433448,0.860784228589161,0.9665085388236282,0.07761744708227601,1.7,1.7,1.9,45.6,50.4,48.0,0.8,0.6,0.6,0.89375
persistence,high_to_low,12,48,10,0.850490624428496,0.8446007420955277,0.96832107696218,0.12596894473367518,1.6,1.7,2.0,50.4,50.4,50.4,0.7,0.4,0.3,0.9
persistence,high_to_low,12,51,10,0.8478162859135715,0.7744296597581031,0.9677858682615348,0.12434839240152784,1.7,1.7,2.0,50.4,55.2,52.8,0.8,0.5,0.4,0.8833333333333334
persistence,high_to_low,12,54,10,0.9099644600043932,0.8716344382506291,0.9717550079211204,0.06546907864419955,1.9,1.9,2.0,52.8,52.8,52.8,0.9,0.5,0.5,0.9
persistence,high_to_low,12,57,10,0.910962027616771,0.871119255530172,0.9743012277517238,0.0670611850145087,1.9,1.9,2.0,55.2,52.8,52.8,0.9,0.6,0.6,0.8958333333333333
persistence,high_to_low,12,60,10,0.9670217740624574,0.8668280673153589,0.9755399372312292,0.011643436356523207,2.1,1.9,2.1,62.4,50.4,57.6,1.0,0.7,0.7,0.9
persistence,high_to_low,12,63,10,0.96489320415667,0.8449175809303838,0.9793389809406611,0.017205553180640643,2.1,1.8,2.2,57.6,50.4,55.2,0.9,0.4,0.4,0.9375
persistence,high_to_low,12,66,10,0.9660369507525328,0.9386807974261684,0.9754887857242972,0.012425902155882606,2.1,2.0,2.2,57.6,52.8,60.0,0.9,0.6,0.5,0.9583333333333334
persistence,high_to_low,12,69,10,0.9670882601293116,0.9386048241074455,0.9767165203433876,0.012509632869531263,2.2,2.1,2.2,55.2,55.2,60.0,1.0,0.7,0.7,0.9833333333333334
persistence,high_to_low,12,72,10,0.9781990145615795,0.9581016518580672,0.9783345315264448,0.014645237435975168,2.3,2.1,2.1,57.6,55.2,62.4,0.8,0.5,0.4,1.0
persistence,high_to_low,12,75,10,0.9845992001995167,0.9800514219611325,0.9816265290960887,0.011409653285714116,2.3,2.2,2.1,64.8,57.6,62.4,0.8,0.7,0.6,1.0
persistence,high_to_low,12,78,10,0.9869353859595453,0.9856457434119879,0.981620922245862,0.008619583075410508,2.3,2.2,2.1,64.8,64.8,64.8,0.8,0.8,0.7,1.0
persistence,high_to_low,12,81,10,0.9834413616871529,0.9890727694254038,0.9854839273691022,0.007401360487689734,2.1,2.2,2.2,57.6,64.8,64.8,0.9,0.8,0.7,1.0
persistence,high_to_low,12,84,10,0.9880955215836877,0.9831051296325164,0.9865789163722731,0.0036872322431398485,2.2,2.0,2.2,55.2,64.8,62.4,1.0,0.8,0.8,1.0
persistence,high_to_low,12,87,10,0.9901843679854553,0.9753106625123408,0.9882706843869036,0.003955732084563401,2.3,1.9,2.3,55.2,62.4,62.4,1.0,0.8,0.8,1.0
persistence,high_to_low,12,90,10,0.9887855430238112,0.981624058947465,0.9896352648973397,0.003897036372507523,2.3,1.9,2.3,60.0,64.8,60.0,1.0,0.8,0.8,1.0
persistence,high_to_low,12,93,10,0.9820093194031895,0.9826089452880277,0.9857925270504829,0.006113716074877829,2.2,1.9,2.3,55.2,64.8,55.2,0.9,0.8,0.8,1.0
persistence,high_to_low,12,96,10,0.9824654591811465,0.9855465518356805,0.9837757648567758,0.0036375793390932996,2.2,2.0,2.2,57.6,67.2,57.6,1.0,0.8,0.8,1.0
persistence,high_to_low,12,99,10,0.9824436740167851,0.9863552480688031,0.9816644731678912,0.0024895953740218025,2.2,2.0,2.2,57.6,67.2,62.4,1.0,0.8,0.8,1.0
persistence,high_to_low,12,102,10,0.9826948842062887,0.9703390058164885,0.9841063833913335,0.003115005794663406,2.2,1.9,2.2,57.6,62.4,60.0,1.0,0.7,0.7,1.0
persistence,high_to_low,12,105,10,0.9845747345036922,0.9684599075887664,0.9842176573998966,0.0009128199736280096,2.2,1.9,2.2,55.2,60.0,57.6,1.0,0.9,0.9,1.0
persistence,high_to_low,12,108,10,0.9566134796867445,0.9693772972744291,0.9560309499739056,0.0006145334136145042,2.1,1.8,2.2,50.4,57.6,55.2,0.9,0.9,0.9,1.0
persistence,low_to_high,1,0,10,0.9030564160215253,0.9030564160215253,0.48593678850285826,0.43211013282401967,2.6,2.6,1.6,64.8,64.8,45.6,0.0,0.4,0.0,0.0
persistence,low_to_high,1,3,10,0.9772014161286862,0.9830120899225872,0.49897771988377515,0.4782236962449108,2.5,2.5,1.6,57.6,52.8,43.2,0.2,0.4,0.1,0.0625
persistence,low_to_high,1,6,10,0.874954505390902,0.8921131089051411,0.4550027376598231,0.4230120590852432,2.3,2.3,1.5,57.6,52.8,45.6,0.1,0.3,0.0,0.11666666666666667
persistence,low_to_high,1,9,10,0.8638479994113956,0.8857339871893707,0.49112460271870584,0.42652427265170917,2.2,2.1,1.6,55.2,57.6,43.2,0.2,0.4,0.1,0.19375
persistence,low_to_high,1,12,10,0.7836952277325607,0.8887382818052328,0.5192517067887379,0.36325831033292444,2.0,2.2,1.6,50.4,48.0,38.4,0.2,0.6,0.1,0.29166666666666663
persistence,low_to_high,1,15,10,0.9000447071087606,0.8870470138548665,0.49486970236831934,0.4051750047404413,2.3,2.1,1.6,48.0,48.0,38.4,0.4,0.4,0.1,0.375
persistence,low_to_high,1,18,10,0.8456271177051073,0.9857592403981886,0.3254537613397498,0.5201733563653577,2.1,2.4,1.3,48.0,55.2,45.6,0.3,0.5,0.1,0.45
persistence,low_to_high,1,21,10,0.7478855152770882,0.9016252637680099,0.3806387365537539,0.39291126026755335,1.9,2.2,1.3,55.2,64.8,52.8,0.3,0.7,0.2,0.48125
persistence,low_to_high,1,24,10,0.7788266627757243,0.9121263698682407,0.42622249984931804,0.359409872454004,1.9,2.2,1.4,62.4,64.8,57.6,0.4,0.6,0.1,0.4333333333333333
persistence,low_to_high,1,27,10,0.7250250793934608,0.8937773938320884,0.3837194071527503,0.3616873583251779,1.7,2.1,1.3,60.0,60.0,50.4,0.4,0.5,0.2,0.49375
persistence,low_to_high,1,30,10,0.7924062028004755,0.8928038719838636,0.3871712804517108,0.4193194083513001,1.9,2.1,1.3,62.4,57.6,55.2,0.3,0.6,0.2,0.5166666666666667
persistence,low_to_high,1,33,10,0.791495890296058,0.9043129655041569,0.4620903382748568,0.4211081276036831,2.0,1.9,1.3,57.6,62.4,43.2,0.2,0.4,0.1,0.6125
persistence,low_to_high,1,36,10,0.8840434885681552,0.9873300870747841,0.5317017647229545,0.35234172384520057,2.2,2.1,1.4,55.2,57.6,48.0,0.3,0.4,0.2,0.675
persistence,low_to_high,1,39,10,0.7903091401288819,0.9783484611740277,0.4917290500787404,0.29858009005014147,1.9,2.2,1.5,57.6,55.2,38.4,0.5,0.3,0.2,0.6875
persistence,low_to_high,1,42,10,0.7665157640825697,0.9774060333019381,0.407312325461481,0.3592034386210888,1.8,2.1,1.4,57.6,52.8,45.6,0.6,0.4,0.3,0.7416666666666667
persistence,low_to_high,1,45,10,0.6417032429541121,0.9661758677785063,0.45950956823767264,0.4071485227826727,1.5,2.0,1.5,60.0,57.6,50.4,0.6,0.5,0.2,0.75625
persistence,low_to_high,1,48,10,0.6336187248280389,0.9598317772405679,0.4443780630201249,0.3061553787337884,1.6,2.0,1.5,48.0,52.8,33.6,0.7,0.5,0.4,0.8666666666666666
persistence,low_to_high,1,51,10,0.6682717148726043,0.9745387091009394,0.40222619117408,0.26787315437456916,1.7,2.3,1.4,50.4,57.6,40.8,0.7,0.3,0.2,0.8833333333333334
persistence,low_to_high,1,54,10,0.6251192356488591,0.9870295975511322,0.4288613361419397,0.19757725929670458,1.5,2.3,1.4,52.8,50.4,45.6,0.9,0.6,0.6,0.9
persistence,low_to_high,1,57,10,0.5573235278924664,0.9837697805385879,0.40849334013711197,0.15005507225747222,1.5,2.6,1.4,52.8,55.2,40.8,0.9,0.4,0.4,0.9166666666666666
persistence,low_to_high,1,60,10,0.36907166506921124,0.9754028661882786,0.3494274334717936,0.030935278741100674,1.3,2.3,1.3,52.8,57.6,50.4,1.0,0.7,0.7,0.9333333333333333
persistence,low_to_high,1,63,10,0.4200286787194208,0.9762545349945799,0.3650529978067586,0.06037462975388378,1.4,2.3,1.4,50.4,57.6,50.4,1.0,1.0,1.0,0.9625
persistence,low_to_high,1,66,10,0.4846982362916462,0.9778144895126862,0.41710773674171336,0.07375489094714212,1.5,2.4,1.4,55.2,57.6,45.6,0.9,0.7,0.7,0.9666666666666666
persistence,low_to_high,1,69,10,0.4990488969182385,0.9733440263167532,0.5010303185442325,0.00205094427261972,1.5,2.3,1.5,50.4,67.2,48.0,1.0,0.7,0.7,0.9875
persistence,low_to_high,1,72,10,0.5102172772997533,0.973477896191717,0.43708238011096096,0.079072083800269,1.6,2.3,1.5,55.2,67.2,50.4,0.9,0.7,0.7,1.0
persistence,low_to_high,1,75,10,0.48316923581313864,0.979858958330247,0.4890727739073424,0.005986907367000029,1.5,2.2,1.5,48.0,62.4,43.2,1.0,0.6,0.6,1.0
persistence,low_to_high,1,78,10,0.5340237889399595,0.9713443852151409,0.5223057957856695,0.014073212036789254,1.7,2.2,1.7,50.4,67.2,45.6,1.0,0.6,0.6,1.0
persistence,low_to_high,1,81,10,0.5453393452344433,0.9724629916515763,0.5462647432529383,0.0009270742962168302,1.7,2.2,1.7,43.2,64.8,43.2,1.0,0.8,0.8,1.0
persistence,low_to_high,1,84,10,0.5526317478875391,0.9612172226763143,0.5385501799306999,0.015799294164315754,1.7,2.2,1.7,43.2,64.8,40.8,1.0,0.9,0.9,1.0
persistence,low_to_high,1,87,10,0.6121763726282237,0.9716196220131286,0.6122269968949114,6.142351815725741e-05,1.9,2.2,1.9,52.8,60.0,52.8,1.0,1.0,1.0,1.0
persistence,low_to_high,1,90,10,0.45824458810898994,0.9791600936875049,0.4582444051389386,3.201756453950783e-06,1.8,2.5,1.8,52.8,64.8,57.6,1.0,0.8,0.8,1.0
persistence,low_to_high,1,93,10,0.49137808459048077,0.9796084226249763,0.4914276810148491,0.0005962220014163055,1.8,2.5,1.8,50.4,64.8,45.6,1.0,0.6,0.6,1.0
persistence,low_to_high,1,96,10,0.48412284509091386,0.9914872346027706,0.48432740882378944,0.00020501825014727963,1.8,2.6,1.8,48.0,62.4,43.2,1.0,0.8,0.8,1.0
persistence,low_to_high,1,99,10,0.43401464241778365,0.9400854458279954,0.4335944961909344,0.00042040611252663754,1.7,2.4,1.7,43.2,57.6,48.0,1.0,0.8,0.8,1.0
persistence,low_to_high,1,102,10,0.3721629997455159,0.9800213136003706,0.37233640825865744,0.0001734824320043793,1.6,2.4,1.6,48.0,40.8,45.6,1.0,0.9,0.9,1.0
persistence,low_to_high,1,105,10,0.3652497661942141,0.9815088653733979,0.36542298922497546,0.00017323919189420888,1.6,2.4,1.6,50.4,50.4,45.6,1.0,0.7,0.7,1.0
persistence,low_to_high,1,108,10,0.3542788578969491,0.9537352033257539,0.35461136642798785,0.00033250853103872213,1.6,2.3,1.6,52.8,50.4,48.0,1.0,0.8,0.8,1.0
persistence,low_to_high,1,111,10,0.34654736360494043,0.9296735546780791,0.3466907122971908,0.0001433844490867827,1.6,2.0,1.6,50.4,38.4,50.4,1.0,0.6,0.6,1.0
persistence,low_to_high,1,114,10,0.359948183893244,0.944925822907545,0.3599481887961541,6.015992915856078e-09,1.7,2.1,1.7,45.6,36.0,40.8,1.0,0.7,0.7,1.0
persistence,low_to_high,1,117,10,0.41409849620299227,0.9404799805677531,0.41409788400642744,7.590136545496521e-07,1.7,2.1,1.7,48.0,36.0,45.6,1.0,0.8,0.8,1.0
persistence,low_to_high,3,0,10,0.9834683067497908,0.9834683067497908,0.5563108655425307,0.4271574412072601,2.2,2.2,1.5,48.0,48.0,43.2,0.4,0.5,0.2,0.0
persistence,low_to_high,3,3,10,0.9833318923578446,0.9840330790811826,0.5562186552673787,0.4271132370904659,2.2,2.2,1.5,48.0,48.0,45.6,0.4,0.6,0.3,0.075
persistence,low_to_high,3,6,10,0.9368284564999414,0.9418901801253055,0.4923795962304595,0.44444886026948194,2.0,2.0,1.4,45.6,50.4,36.0,0.5,0.5,0.4,0.1625
persistence,low_to_high,3,9,10,0.9355801729651748,0.978367226563034,0.4059456794527169,0.529634493512458,2.0,2.0,1.3,40.8,43.2,40.8,0.4,0.5,0.2,0.26875
persistence,low_to_high,3,12,10,0.9315703313487758,0.9346527787809741,0.40535428436273124,0.5262160469860444,2.0,1.9,1.3,38.4,50.4,40.8,0.4,0.7,0.3,0.36666666666666664
persistence,low_to_high,3,15,10,0.8993733510467049,0.9352151944263799,0.39527746262205227,0.5040958884246527,1.8,1.9,1.3,40.8,48.0,48.0,0.5,0.6,0.4,0.4479166666666667
persistence,low_to_high,3,18,10,0.8972390759189187,0.9350637049312478,0.392853863834735,0.5043852120841839,1.8,1.8,1.3,40.8,48.0,43.2,0.5,0.5,0.3,0.5375
persistence,low_to_high,3,21,10,0.8841752868731276,0.9422726884939981,0.5294178354928525,0.35475745138027515,1.7,1.8,1.5,40.8,48.0,40.8,0.8,0.6,0.5,0.65625
persistence,low_to_high,3,24,10,0.923489397154753,0.9366691459978622,0.4272128827895979,0.4962765143651552,2.1,1.8,1.4,45.6,43.2,43.2,0.5,0.7,0.4,0.6833333333333333
persistence,low_to_high,3,27,10,0.8937390606972233,0.9444923985853017,0.43407037292003725,0.46034516701129446,1.8,1.8,1.4,55.2,52.8,48.0,0.6,0.4,0.3,0.58125
persistence,low_to_high,3,30,10,0.9513780287548796,0.964000683067933,0.5935295533675375,0.3602042698201407,2.0,1.8,1.7,45.6,50.4,45.6,0.6,0.3,0.2,0.7125
persistence,low_to_high,3,33,10,0.8849119215035846,0.9352765912018179,0.4808054981177346,0.4099179482853222,1.9,1.7,1.5,50.4,48.0,40.8,0.7,0.4,0.3,0.6979166666666667
persistence,low_to_high,3,36,10,0.9117891647595002,0.9709602990753444,0.7168232305831822,0.19496593417631808,1.7,1.9,1.5,48.0,55.2,38.4,0.8,0.4,0.3,0.75
persistence,low_to_high,3,39,10,0.8382686525533142,0.9257283058539378,0.5550436985996678,0.2832249539536463,1.7,1.8,1.5,55.2,57.6,43.2,0.8,0.6,0.6,0.7145833333333333
persistence,low_to_high,3,42,10,0.8050677511946468,0.9709167807385191,0.42175315910181654,0.3834499660083677,1.6,2.0,1.4,55.2,50.4,45.6,0.8,0.7,0.7,0.7375
persistence,low_to_high,3,45,10,0.7437654774016729,0.9724191490843976,0.381792630408874,0.4396657283450576,1.6,2.1,1.4,57.6,50.4,43.2,0.6,0.5,0.4,0.7625
persistence,low_to_high,3,48,10,0.7047049465436814,0.9841805354165765,0.48620713562817225,0.21849781091550913,1.6,2.1,1.5,57.6,50.4,48.0,0.9,0.7,0.7,0.8
persistence,low_to_high,3,51,10,0.7236716894724136,0.974042530711646,0.49989049228798493,0.2237811971844287,1.7,2.1,1.5,50.4,55.2,60.0,0.8,0.5,0.4,0.9125
persistence,low_to_high,3,54,10,0.6963478995138705,0.9804944398554103,0.5182471823273254,0.18154306698689351,1.6,2.1,1.5,50.4,50.4,55.2,0.9,0.7,0.6,0.925
persistence,low_to_high,3,57,10,0.589810401821141,0.9749334759403185,0.5680008712672922,0.051237858145480875,1.7,2.2,1.5,52.8,50.4,40.8,0.8,0.7,0.7,0.9166666666666666
persistence,low_to_high,3,60,10,0.6684365329507174,0.974780183415325,0.6567250257707391,0.02614588151747661,1.7,2.1,1.7,50.4,50.4,48.0,1.0,0.6,0.6,0.95
persistence,low_to_high,3,63,10,0.6688765180567717,0.9754685947342567,0.6655171028318579,0.01669276715243854,1.6,2.2,1.6,43.2,52.8,48.0,1.0,0.8,0.8,0.975
persistence,low_to_high,3,66,10,0.705690737461802,0.9756358319767713,0.7808146850819553,0.09623950188486083,1.6,2.1,1.7,43.2,57.6,36.0,0.9,0.6,0.6,0.9833333333333334
persistence,low_to_high,3,69,10,0.745738757264266,0.9753517150160642,0.7418323311287109,0.008832509178244402,1.7,2.1,1.7,50.4,60.0,50.4,1.0,0.7,0.7,0.9833333333333334
persistence,low_to_high,3,72,10,0.7408753478210088,0.9766943180583836,0.7381846235278801,0.003460573203241801,1.8,2.1,1.8,48.0,64.8,48.0,1.0,1.0,1.0,1.0
persistence,low_to_high,3,75,10,0.7432732927190381,0.9859732454451724,0.7445902765264611,0.01148473385380043,1.7,2.2,1.8,48.0,60.0,50.4,0.9,0.9,0.8,1.0
persistence,low_to_high,3,78,10,0.7323080199486096,0.9777787217894647,0.7332129428461717,0.0037350220567731406,1.8,2.1,1.8,55.2,62.4,52.8,1.0,0.9,0.9,1.0
persistence,low_to_high,3,81,10,0.6177708297456446,0.9841171022264108,0.62410296232418,0.010903840059641479,1.6,2.2,1.6,52.8,67.2,52.8,1.0,0.8,0.8,1.0
persistence,low_to_high,3,84,10,0.5390425362804779,0.9820595995028963,0.5526624827552966,0.015403315373780434,1.5,2.1,1.5,57.6,67.2,52.8,1.0,0.8,0.8,1.0
persistence,low_to_high,3,87,10,0.5304754854537544,0.9883968413802849,0.5309024290765196,0.0015357709493549533,1.5,2.4,1.5,52.8,62.4,50.4,1.0,0.9,0.9,1.0
persistence,low_to_high,3,90,10,0.46683642927462,0.98165854295385,0.4670152926793077,0.0010928258914621903,1.4,2.2,1.4,52.8,64.8,50.4,1.0,0.9,0.9,1.0
persistence,low_to_high,3,93,10,0.46655566103432766,0.9831646954339789,0.4659952216417209,0.000606063995678352,1.4,2.2,1.4,45.6,62.4,45.6,1.0,1.0,1.0,1.0
persistence,low_to_high,3,96,10,0.37944455618681644,0.9811056380670207,0.37945211250724814,8.032708441064772e-06,1.4,2.3,1.4,45.6,69.6,50.4,1.0,0.9,0.9,1.0
persistence,low_to_high,3,99,10,0.38005919772077945,0.9841888479710275,0.38336604364919263,0.0033094567863526715,1.4,2.3,1.5,55.2,64.8,55.2,0.9,1.0,0.9,1.0
persistence,low_to_high,3,102,10,0.3459790028710472,0.9284838882616698,0.3460082114828855,3.531604099630731e-05,1.4,2.0,1.4,50.4,57.6,57.6,1.0,0.8,0.8,1.0
persistence,low_to_high,3,105,10,0.5230651887011485,0.972611864557169,0.5255309749443484,0.0032083239285056993,1.5,2.1,1.6,50.4,50.4,52.8,0.9,0.7,0.7,1.0
persistence,low_to_high,3,108,10,0.5148724373074277,0.991443290673016,0.5176982021711365,0.0032451065136127354,1.5,2.3,1.6,50.4,48.0,52.8,0.9,0.7,0.7,1.0
persistence,low_to_high,3,111,10,0.5161214651832039,0.9686685382507095,0.5189114854506266,0.0031877623931885835,1.5,2.1,1.6,52.8,45.6,55.2,0.9,0.7,0.7,1.0
persistence,low_to_high,3,114,10,0.5229323648038513,0.9674911681593029,0.5229263049050032,6.9521992363927636e-06,1.5,2.1,1.5,52.8,50.4,48.0,1.0,0.9,0.9,1.0
persistence,low_to_high,3,117,10,0.5819877223124948,0.9578645640807926,0.5818087539271226,0.00023060985355412219,1.6,1.9,1.6,43.2,38.4,40.8,1.0,0.7,0.7,1.0
persistence,low_to_high,6,0,10,0.979931916232406,0.979931916232406,0.6776569283018159,0.30600392685798733,2.3,2.3,1.7,48.0,48.0,50.4,0.5,0.7,0.5,0.0
persistence,low_to_high,6,3,10,0.9808055138186196,0.9776871434930786,0.6625376637391638,0.3217325597463945,2.3,2.2,1.6,48.0,48.0,43.2,0.4,0.3,0.2,0.075
persistence,low_to_high,6,6,10,0.9774981626988298,0.9780953959226422,0.6961483317167483,0.2898578919800571,2.1,2.1,1.7,45.6,45.6,40.8,0.6,0.4,0.3,0.15416666666666667
persistence,low_to_high,6,9,10,0.9764284873821047,0.9715851325957496,0.665910371288183,0.31541590559310434,2.1,2.0,1.7,43.2,48.0,38.4,0.7,0.4,0.3,0.25
persistence,low_to_high,6,12,10,0.9425177076295344,0.9740030500234985,0.6243691180876996,0.31814858954183467,1.9,2.0,1.6,38.4,45.6,50.4,0.7,0.4,0.3,0.36666666666666664
persistence,low_to_high,6,15,10,0.9459331163580194,0.9498427406110052,0.6354862801439614,0.310446836214058,1.9,1.9,1.6,33.6,43.2,45.6,0.7,0.4,0.4,0.5
persistence,low_to_high,6,18,10,0.9034605981756293,0.9479354653811205,0.6679905811383933,0.2361576528638803,1.8,1.9,1.7,45.6,45.6,43.2,0.9,0.5,0.5,0.5125
persistence,low_to_high,6,21,10,0.9083733943467351,0.9436516672384239,0.5502767951244012,0.3588999526988213,1.9,1.8,1.5,48.0,45.6,52.8,0.6,0.4,0.4,0.5833333333333334
persistence,low_to_high,6,24,10,0.8958072535027455,0.9498998467114006,0.6832113802557352,0.21897000742082592,1.8,1.8,1.7,48.0,48.0,48.0,0.9,0.5,0.5,0.6666666666666666
persistence,low_to_high,6,27,10,0.9290971225694324,0.9584517478275931,0.710088714545104,0.22112509016441026,1.8,1.8,1.8,48.0,50.4,50.4,1.0,0.7,0.7,0.6875
persistence,low_to_high,6,30,10,0.932867900165345,0.9599062029312835,0.7804135459902184,0.16537238201092402,1.8,1.8,1.8,52.8,50.4,50.4,0.8,0.6,0.5,0.65
persistence,low_to_high,6,33,10,0.9525460250836748,0.9757399725779241,0.7752068766127859,0.18461949721311963,1.8,1.9,1.7,40.8,48.0,36.0,0.9,0.3,0.3,0.7979166666666666
persistence,low_to_high,6,36,10,0.9210611743220033,0.9634693001248937,0.77650231487428,0.16046211283281825,1.7,1.9,1.7,45.6,55.2,40.8,1.0,0.4,0.4,0.775
persistence,low_to_high,6,39,10,0.9093468547087584,0.9646404631849643,0.8420113642122123,0.07115296838569996,1.7,1.9,1.6,45.6,57.6,45.6,0.9,0.6,0.6,0.80625
persistence,low_to_high,6,42,10,0.8818019111468939,0.9563346487339197,0.8351177194585071,0.049699712907577645,1.7,1.9,1.6,52.8,55.2,45.6,0.9,0.6,0.6,0.7666666666666667
persistence,low_to_high,6,45,10,0.8961156681993921,0.9684480338035908,0.7492795967670831,0.1499122024809068,1.9,2.0,1.6,57.6,50.4,48.0,0.8,0.6,0.6,0.7625
persistence,low_to_high,6,48,10,0.7779677497360462,0.969142018426217,0.7654970795398527,0.01533799163961043,1.7,2.0,1.7,52.8,50.4,50.4,1.0,0.9,0.9,0.8333333333333334
persistence,low_to_high,6,51,10,0.7799303257381488,0.9726457242164896,0.7658566090154069,0.015416844365973598,1.7,2.0,1.7,48.0,50.4,50.4,1.0,0.7,0.7,0.8833333333333334
persistence,low_to_high,6,54,10,0.8865455044162894,0.9737791284497895,0.860008103845408,0.031299510757506054,1.9,2.1,1.9,52.8,60.0,50.4,1.0,0.7,0.7,0.9
persistence,low_to_high,6,57,10,0.8741361219606926,0.9779686694306241,0.8629805593683418,0.016255204479046194,1.9,2.2,1.9,50.4,50.4,50.4,1.0,0.6,0.6,0.9375
persistence,low_to_high,6,60,10,0.8683547558288076,0.974004990621609,0.7623085406664933,0.11149679916012475,2.1,2.1,1.7,48.0,52.8,48.0,0.7,0.6,0.5,0.9666666666666668
persistence,low_to_high,6,63,10,0.8744918302764836,0.9747033893604927,0.7498527228344279,0.12553536215968886,2.2,2.1,1.7,55.2,55.2,48.0,0.7,0.8,0.6,0.95
persistence,low_to_high,6,66,10,0.8557765004913183,0.9818010781735799,0.8560529409387895,0.012938515812706376,2.0,2.3,2.0,52.8,57.6,52.8,1.0,0.8,0.8,0.9666666666666666
persistence,low_to_high,6,69,10,0.8645111234977116,0.9816860984686684,0.860169464749624,0.007708735643323616,2.0,2.2,2.0,50.4,62.4,52.8,1.0,0.8,0.8,0.9833333333333334
persistence,low_to_high,6,72,10,0.8832875120845728,0.9780241378788143,0.8791175065821021,0.00502801658208527,2.1,2.1,2.1,60.0,62.4,57.6,1.0,0.9,0.9,1.0
persistence,low_to_high,6,75,10,0.8811189550527194,0.9811190014885105,0.8401293012371844,0.05762739392303695,2.0,2.1,2.0,55.2,64.8,60.0,0.8,0.6,0.6,1.0
persistence,low_to_high,6,78,10,0.9799248591985231,0.9849824396006962,0.9765023785238431,0.0035066115943186427,2.0,2.2,2.0,60.0,64.8,62.4,1.0,0.9,0.9,1.0
persistence,low_to_high,6,81,10,0.9834214214116214,0.986089737246739,0.8808874668312132,0.10256121005457533,2.1,2.3,1.9,62.4,67.2,62.4,0.8,0.8,0.7,1.0
persistence,low_to_high,6,84,10,0.8831188394699817,0.9884914590832814,0.8846360871115195,0.005220431063007469,1.9,2.3,1.9,62.4,64.8,67.2,1.0,0.7,0.7,1.0
persistence,low_to_high,6,87,10,0.8821639220007954,0.9846364832563864,0.8825240904665546,0.0018690502272443177,1.8,2.3,1.8,69.6,57.6,67.2,1.0,0.9,0.9,1.0
persistence,low_to_high,6,90,10,0.877382040715563,0.9898309664069871,0.8783116113730076,0.0020171504265241837,1.9,2.4,1.9,67.2,57.6,64.8,1.0,0.9,0.9,1.0
persistence,low_to_high,6,93,10,0.8774580895012619,0.9827750520023966,0.8779592955344961,0.0015001466720166445,1.9,2.2,1.9,67.2,62.4,64.8,1.0,0.9,0.9,1.0
persistence,low_to_high,6,96,10,0.8710821757776909,0.985222294190919,0.8710230377321798,0.0012187539119318358,1.9,2.2,1.9,64.8,60.0,64.8,1.0,0.8,0.8,1.0
persistence,low_to_high,6,99,10,0.7638950057080184,0.9846261596781007,0.7671917150883505,0.00371756972947771,1.7,2.2,1.8,64.8,60.0,64.8,0.9,1.0,0.9,1.0
persistence,low_to_high,6,102,10,0.7686495334188971,0.9885387756826125,0.7718893554809558,0.0034871397758765134,1.7,2.3,1.8,64.8,57.6,64.8,0.9,1.0,0.9,1.0
persistence,low_to_high,6,105,10,0.7647147224122981,0.974193138690721,0.7679616211102529,0.003394234536164884,1.7,2.1,1.8,62.4,52.8,64.8,0.9,0.9,0.8,1.0
persistence,low_to_high,6,108,10,0.7694800250710815,0.9735565271375355,0.7699828105631884,0.0005799353974182707,1.7,2.1,1.8,57.6,45.6,60.0,0.9,0.8,0.8,1.0
persistence,low_to_high,6,111,10,0.7721734453165279,0.9890640904082426,0.7722797194250303,0.00015987150856976092,1.8,2.3,1.8,62.4,52.8,60.0,1.0,0.9,0.9,1.0
persistence,low_to_high,6,114,10,0.7738309373460193,0.9694972879813063,0.776668404643647,0.00287962951007236,1.7,2.1,1.8,62.4,52.8,64.8,0.9,0.7,0.7,1.0
persistence,low_to_high,12,0,10,0.9788635647890456,0.9788635647890456,0.886798295156564,0.10372342308301455,2.3,2.3,2.1,55.2,55.2,57.6,0.8,0.5,0.4,0.0
persistence,low_to_high,12,3,10,0.9798478155322197,0.9798667362510634,0.8895164538473926,0.10700837743057127,2.3,2.3,2.1,50.4,50.4,50.4,0.8,0.6,0.5,0.07708333333333332
persistence,low_to_high,12,6,10,0.9783531458221111,0.9784637597399884,0.8006489605845856,0.1937538259588049,2.3,2.3,1.9,50.4,50.4,52.8,0.6,0.5,0.3,0.14583333333333331
persistence,low_to_high,12,9,10,0.9769625320167578,0.9790811269818847,0.6913596184126211,0.3024299657630068,2.1,2.2,1.8,40.8,48.0,50.4,0.5,0.5,0.3,0.26875
persistence,low_to_high,12,12,10,0.9730341739396401,0.9771067961032026,0.7151242020905849,0.2738017717234407,2.0,2.1,1.7,48.0,50.4,43.2,0.7,0.4,0.4,0.31666666666666665
persistence,low_to_high,12,15,10,0.973619684939961,0.9736790778810865,0.6876556414610924,0.30216679837237737,2.0,2.0,1.7,45.6,50.4,43.2,0.7,0.4,0.4,0.40625
persistence,low_to_high,12,18,10,0.9339331210597626,0.9389311911905793,0.6884682876893791,0.25466020321597593,1.9,1.9,1.7,36.0,43.2,48.0,0.8,0.6,0.5,0.5875
persistence,low_to_high,12,21,10,0.9296999441087461,0.9091720736256045,0.6875419712729574,0.250427965240423,1.9,1.8,1.7,50.4,50.4,52.8,0.8,0.7,0.6,0.5104166666666667
persistence,low_to_high,12,24,10,0.9123956283670787,0.9171160137758644,0.6586223403333751,0.25692358298553153,1.9,1.8,1.6,50.4,50.4,55.2,0.7,0.5,0.4,0.6166666666666666
persistence,low_to_high,12,27,10,0.90230484239123,0.9409174401147918,0.7773498002952923,0.15692739836681496,1.8,1.8,1.8,50.4,52.8,50.4,1.0,0.7,0.7,0.64375
persistence,low_to_high,12,30,10,0.9151674621296217,0.9458660000552094,0.7820863379747247,0.16139080147794643,1.9,1.8,1.8,50.4,52.8,52.8,0.9,0.9,0.8,0.6708333333333333
persistence,low_to_high,12,33,10,0.9245161819410554,0.954440275500619,0.7868273994063008,0.16448016643620816,1.8,1.8,1.8,48.0,52.8,52.8,0.8,0.6,0.4,0.7291666666666666
persistence,low_to_high,12,36,10,0.9564612329618793,0.9540330297318654,0.7900602124260668,0.18840919890701796,1.8,1.8,1.8,48.0,48.0,50.4,0.8,0.5,0.5,0.75
persistence,low_to_high,12,39,10,0.9584301108391458,0.9576752690073554,0.7914948775812295,0.1873598844623186,1.8,1.8,1.7,48.0,45.6,48.0,0.9,0.6,0.6,0.7875
persistence,low_to_high,12,42,10,0.9594977820707232,0.9566669585954373,0.7908450651832716,0.1870822517782532,1.8,1.8,1.7,50.4,45.6,48.0,0.9,0.7,0.7,0.7958333333333334
persistence,low_to_high,12,45,10,0.9702519824752065,0.9665085388236282,0.860784228589161,0.11239813853688448,1.9,1.9,1.7,60.0,48.0,50.4,0.8,0.5,0.5,0.73125
persistence,low_to_high,12,48,10,0.9708807901109575,0.96832107696218,0.8446007420955277,0.12860537211384307,1.9,2.0,1.7,60.0,50.4,50.4,0.8,0.5,0.5,0.7666666666666666
persistence,low_to_high,12,51,10,0.8928009178290187,0.9677858682615348,0.7744296597581031,0.12485448902019966,1.9,2.0,1.7,62.4,52.8,55.2,0.9,0.5,0.5,0.7958333333333334
persistence,low_to_high,12,54,10,0.8810435009355515,0.9717550079211204,0.8716344382506291,0.014201896977055446,1.9,2.0,1.9,55.2,52.8,52.8,1.0,0.5,0.5,0.875
persistence,low_to_high,12,57,10,0.8792417417602634,0.9743012277517238,0.871119255530172,0.011682268219520878,1.9,2.0,1.9,52.8,52.8,52.8,1.0,0.6,0.6,0.8958333333333333
persistence,low_to_high,12,60,10,0.9766522019351859,0.9755399372312292,0.8668280673153589,0.11162551981823517,2.1,2.1,1.9,50.4,57.6,50.4,0.8,0.6,0.5,0.9333333333333333
persistence,low_to_high,12,63,10,0.9735258280168019,0.9793389809406611,0.8449175809303838,0.12860824708641805,2.1,2.2,1.8,52.8,55.2,50.4,0.7,0.5,0.4,0.95
persistence,low_to_high,12,66,10,0.9678760747962734,0.9754887857242972,0.9386807974261684,0.029195277370105056,2.2,2.2,2.0,57.6,60.0,52.8,0.8,0.5,0.4,0.9583333333333333
persistence,low_to_high,12,69,10,0.9539025637461066,0.9767165203433876,0.9386048241074455,0.01980669699054599,2.1,2.2,2.1,57.6,60.0,55.2,1.0,0.7,0.7,0.9791666666666666
persistence,low_to_high,12,72,10,0.9812549348009615,0.9783345315264448,0.9581016518580672,0.023574680330307407,2.2,2.1,2.1,60.0,62.4,55.2,0.9,0.9,0.9,1.0
persistence,low_to_high,12,75,10,0.9867336163204122,0.9816265290960887,0.9800514219611325,0.007021606584367579,2.2,2.1,2.2,60.0,62.4,57.6,1.0,0.9,0.9,1.0
persistence,low_to_high,12,78,10,0.9901666636503395,0.981620922245862,0.9856457434119879,0.00500476048251699,2.2,2.1,2.2,62.4,64.8,64.8,1.0,0.9,0.9,1.0
persistence,low_to_high,12,81,10,0.9887259133867901,0.9854839273691022,0.9890727694254038,0.0071493073676140665,2.1,2.2,2.2,60.0,64.8,64.8,0.9,0.8,0.8,1.0
persistence,low_to_high,12,84,10,0.986081535726656,0.9865789163722731,0.9831051296325164,0.0036316755082550834,2.0,2.2,2.0,62.4,62.4,64.8,1.0,0.9,0.9,1.0
persistence,low_to_high,12,87,10,0.9873297452868313,0.9882706843869036,0.9753106625123408,0.012824958812610499,2.1,2.3,1.9,67.2,62.4,62.4,0.8,0.8,0.8,1.0
persistence,low_to_high,12,90,10,0.9821628782294001,0.9896352648973397,0.981624058947465,0.0021492727225895236,1.9,2.3,1.9,67.2,60.0,64.8,1.0,0.9,0.9,1.0
persistence,low_to_high,12,93,10,0.9863563350302543,0.9857925270504829,0.9826089452880277,0.004717648811777641,2.0,2.3,1.9,64.8,55.2,64.8,0.9,1.0,0.9,1.0
persistence,low_to_high,12,96,10,0.9861730277957517,0.9837757648567758,0.9855465518356805,0.0018461615710828384,2.0,2.2,2.0,67.2,57.6,67.2,1.0,1.0,1.0,1.0
persistence,low_to_high,12,99,10,0.9784893689379602,0.9816644731678912,0.9863552480688031,0.009954446718075115,2.0,2.2,2.0,62.4,62.4,67.2,1.0,0.9,0.9,1.0
persistence,low_to_high,12,102,10,0.9699006236137079,0.9841063833913335,0.9703390058164885,0.0011821622800648468,1.9,2.2,1.9,64.8,60.0,62.4,1.0,0.9,0.9,1.0
persistence,low_to_high,12,105,10,0.9684370873385912,0.9842176573998966,0.9684599075887664,0.0005842081183712433,1.9,2.2,1.9,60.0,57.6,60.0,1.0,1.0,1.0,1.0
persistence,low_to_high,12,108,10,0.9692933906461725,0.9560309499739056,0.9693772972744291,0.0004445505286008622,1.8,2.2,1.8,57.6,55.2,57.6,1.0,1.0,1.0,1.0
roughness,high_to_low,1,0,10,0.9498082817887225,0.9498082817887225,0.9170604534564143,0.11812546778192232,2.5,2.5,2.4,57.6,57.6,62.4,0.6,0.4,0.3,0.0
roughness,high_to_low,1,3,10,0.9509557941959439,0.9509179414878494,0.9626767186648859,0.05900702279243384,2.5,2.5,2.4,55.2,55.2,62.4,0.9,0.5,0.5,0.06458333333333333
roughness,high_to_low,1,6,10,0.9500800720150446,0.9501167650099587,0.8465539267730191,0.11502342265283372,2.5,2.5,2.1,52.8,52.8,62.4,0.7,0.4,0.4,0.14166666666666666
roughness,high_to_low,1,9,10,0.8788392204080887,0.8793463170110334,0.9690022703756285,0.10356380586023492,2.4,2.4,2.2,45.6,45.6,55.2,0.8,0.3,0.3,0.25625
roughness,high_to_low,1,12,10,0.83837946258169,0.8347033073994403,0.8574400533333593,0.1356420441688129,2.4,2.1,2.1,55.2,45.6,55.2,0.6,0.6,0.3,0.24166666666666664
roughness,high_to_low,1,15,10,0.8685913331643045,0.8629148071193237,0.9144493706476438,0.09943516192095812,2.4,2.2,2.1,48.0,43.2,60.0,0.5,0.2,0.2,0.375
roughness,high_to_low,1,18,10,0.9732510100570723,0.9702397285060218,0.9234942295007436,0.09099120562340403,2.6,2.5,2.2,55.2,52.8,57.6,0.5,0.3,0.2,0.3625
roughness,high_to_low,1,21,10,0.888553739299158,0.8835723995268863,0.9093651350984926,0.020811648725946125,2.4,2.3,2.2,55.2,55.2,64.8,0.6,0.3,0.2,0.39375
roughness,high_to_low,1,24,10,0.9055834055303574,0.9000146359595533,0.9183602355115903,0.020038243694350356,2.3,2.3,2.0,55.2,55.2,57.6,0.7,0.2,0.2,0.45
roughness,high_to_low,1,27,10,0.8864553815558661,0.8827382532590917,0.8984859939592535,0.02331777791708624,2.4,2.3,2.1,62.4,57.6,55.2,0.7,0.2,0.2,0.45
roughness,high_to_low,1,30,10,0.8630846982808039,0.8813273929837144,0.8995774835173636,0.03649278523655965,2.1,2.3,2.0,62.4,55.2,52.8,0.5,0.2,0.1,0.5
roughness,high_to_low,1,33,10,0.9001942011130624,0.887643461739318,0.9981620056698255,0.09953538659113766,2.2,2.1,1.9,55.2,52.8,50.4,0.5,0.1,0.0,0.6354166666666666
roughness,high_to_low,1,36,10,0.9355521612187332,0.928997632731875,0.9982820253085081,0.06357666882753345,2.4,2.3,2.1,55.2,43.2,57.6,0.7,0.3,0.3,0.675
roughness,high_to_low,1,39,10,0.9357031137531923,0.9262158172624735,0.99207636326882,0.056373249515627666,2.3,2.3,2.2,52.8,48.0,57.6,0.7,0.7,0.5,0.7333333333333333
roughness,high_to_low,1,42,10,0.9387682746023798,0.9219461221875151,0.9971054969992938,0.05909467526321534,2.3,2.3,2.1,50.4,43.2,60.0,0.8,0.5,0.5,0.7958333333333334
roughness,high_to_low,1,45,10,0.9489230998377574,0.9226143554556658,0.9882954671696996,0.0595231759101118,2.3,2.0,2.1,52.8,45.6,60.0,0.9,0.5,0.5,0.825
roughness,high_to_low,1,48,10,0.9733335409146264,0.9197064246281744,0.9963341770450208,0.023806578226097518,2.3,2.0,2.1,60.0,45.6,67.2,0.6,0.6,0.5,0.7666666666666666
roughness,high_to_low,1,51,10,0.9536400923571714,0.9360531281654317,0.9938738565239449,0.04289041372627998,2.2,2.3,2.1,52.8,45.6,64.8,0.9,0.7,0.6,0.8541666666666666
roughness,high_to_low,1,54,10,0.9737147828433267,0.967491367341111,0.9883689033667473,0.018534853803442518,2.3,2.2,2.2,55.2,48.0,62.4,0.9,0.6,0.5,0.875
roughness,high_to_low,1,57,10,0.9802616363255646,0.9779321444899886,0.961294618700404,0.03173532347469871,2.4,2.4,2.2,48.0,43.2,69.6,0.6,0.4,0.3,0.9375
roughness,high_to_low,1,60,10,0.9713160118433531,0.9602931486477745,0.9600188066680401,0.0415167394574945,2.2,2.1,2.1,48.0,50.4,67.2,0.7,0.5,0.4,0.95
roughness,high_to_low,1,63,10,0.9710644662366423,0.9616530525195672,0.9595625932322299,0.044729522153349646,2.3,2.1,2.2,50.4,50.4,64.8,0.5,0.4,0.3,0.9625
roughness,high_to_low,1,66,10,0.9839673973654147,0.9568740205588459,0.9583647002571147,0.03646132448096492,2.5,1.9,2.3,52.8,43.2,62.4,0.3,0.4,0.3,0.9666666666666666
roughness,high_to_low,1,69,10,0.9527884774365072,0.9648326237061935,0.9603424006964009,0.00858619684926144,2.2,2.1,2.2,50.4,55.2,60.0,0.6,0.4,0.3,0.9875
roughness,high_to_low,1,72,10,0.975021850988121,0.9685569766335991,0.960055773775446,0.021403094085470774,2.4,2.1,2.2,55.2,55.2,60.0,0.6,0.4,0.3,1.0
roughness,high_to_low,1,75,10,0.9838573072645408,0.975092290838325,0.9855421180062605,0.005806984323231656,2.4,2.2,2.2,52.8,52.8,52.8,0.6,0.6,0.5,1.0
roughness,high_to_low,1,78,10,0.9736396140729925,0.9527119565550184,0.9758458722077823,0.0022062970582848117,2.6,2.2,2.3,64.8,60.0,60.0,0.7,0.8,0.7,1.0
roughness,high_to_low,1,81,10,0.9811462350327999,0.9485286671007269,0.9842415174811044,0.003095282448304737,2.6,2.2,2.4,60.0,60.0,62.4,0.8,0.8,0.7,1.0
roughness,high_to_low,1,84,10,0.9425375991730377,0.954532988159347,0.9458058906240842,0.0032682914510729797,2.3,2.1,2.1,48.0,55.2,50.4,0.8,0.8,0.7,1.0
roughness,high_to_low,1,87,10,0.9708196619256968,0.9545729262685267,0.9736488317449735,0.002829270469785283,2.4,2.2,2.4,55.2,48.0,55.2,0.8,1.0,0.8,1.0
roughness,high_to_low,1,90,10,0.977658961656239,0.9555415455755941,0.9841565964542172,0.006498919978450157,2.5,2.3,2.5,57.6,60.0,62.4,0.8,0.9,0.7,1.0
roughness,high_to_low,1,93,10,0.9784725134900201,0.9597024246590348,0.9814811106497171,0.003174855340224725,2.7,2.3,2.6,62.4,55.2,62.4,0.7,1.0,0.7,1.0
roughness,high_to_low,1,96,10,0.9615182051728903,0.9502121355962581,0.9556590861912101,0.07289861197179107,2.6,2.2,2.4,60.0,57.6,57.6,0.4,0.7,0.3,1.0
roughness,high_to_low,1,99,10,0.9895043413374651,0.9464054924616574,0.9536531494132474,0.04068859906429088,2.5,2.3,2.3,50.4,52.8,55.2,0.7,0.7,0.5,1.0
roughness,high_to_low,1,102,10,0.9990565321495014,0.9022253929094267,0.9675533534619799,0.03189597713530305,2.6,2.3,2.3,55.2,55.2,48.0,0.8,0.8,0.7,1.0
roughness,high_to_low,1,105,10,0.954643230722773,0.9093588342873222,0.9857897704009992,0.032023856398091965,2.1,2.3,2.2,43.2,50.4,40.8,0.8,0.9,0.8,1.0
roughness,high_to_low,1,108,10,0.9554798594912534,0.8869154279666004,0.9859691626169177,0.030795613845022562,2.1,2.3,2.3,50.4,52.8,52.8,0.9,0.8,0.8,1.0
roughness,high_to_low,1,111,10,0.9602387040557533,0.9044033735912773,0.9938355027497648,0.036184709123358305,2.0,2.2,2.2,48.0,40.8,52.8,0.9,0.9,0.9,1.0
roughness,high_to_low,1,114,10,0.969786156380307,0.9125467141416195,0.9196416810660821,0.061955500494682084,2.1,2.2,2.0,43.2,43.2,48.0,0.7,0.8,0.6,1.0
roughness,high_to_low,1,117,10,0.9703083973486691,0.9172261348706907,0.9194073513721717,0.06118324005122613,2.1,2.2,2.0,43.2,38.4,48.0,0.7,0.6,0.6,1.0
roughness,high_to_low,3,0,10,0.9651606926587932,0.9651606926587932,0.9619167496980825,0.04042591977481955,2.2,2.2,1.8,45.6,45.6,40.8,0.4,0.4,0.2,0.0
roughness,high_to_low,3,3,10,0.9647374621246403,0.9647673948519742,0.9690407002550667,0.031663380746794145,2.2,2.2,1.8,57.6,57.6,45.6,0.6,0.3,0.2,0.0625
roughness,high_to_low,3,6,10,0.9646779035266156,0.9647540628080951,0.9680509466284011,0.028065514337919185,2.2,2.2,1.7,50.4,50.4,43.2,0.5,0.3,0.2,0.14583333333333331
roughness,high_to_low,3,9,10,0.9572788561841292,0.9578865821698589,0.9784584096261704,0.03110358505406279,2.0,2.0,1.8,48.0,48.0,43.2,0.8,0.4,0.4,0.2375
roughness,high_to_low,3,12,10,0.9062996993143286,0.9075150243472019,0.9664286374821673,0.07280850395631452,2.0,1.9,1.7,45.6,36.0,50.4,0.7,0.5,0.3,0.325
roughness,high_to_low,3,15,10,0.9122664407573822,0.9122988680274178,0.9724398468645875,0.0738331993073699,2.0,1.9,1.8,38.4,33.6,50.4,0.6,0.5,0.3,0.4791666666666667
roughness,high_to_low,3,18,10,0.9597077975373398,0.9675732350375263,0.9724318931697734,0.027970157208969337,2.1,2.1,1.8,48.0,38.4,55.2,0.5,0.4,0.2,0.475
roughness,high_to_low,3,21,10,0.9259840264295771,0.927779482965408,0.9780097359056029,0.05541997219671737,1.9,2.0,1.8,43.2,48.0,52.8,0.7,0.4,0.3,0.6125
roughness,high_to_low,3,24,10,0.9425115622671173,0.9418682300780155,0.9637599531825126,0.061154178662593574,2.0,2.0,1.7,38.4,36.0,52.8,0.6,0.4,0.2,0.7666666666666666
roughness,high_to_low,3,27,10,0.9458337527856756,0.9456438655211734,0.9710656565751015,0.05650591324637255,2.0,2.0,1.6,55.2,48.0,55.2,0.7,0.5,0.3,0.58125
roughness,high_to_low,3,30,10,0.9356846997879407,0.9591095301913575,0.9869538141996108,0.05126911441167009,1.9,2.0,1.7,48.0,45.6,60.0,0.6,0.3,0.2,0.6916666666666667
roughness,high_to_low,3,33,10,0.9295521261795541,0.9570185804695027,0.9806716555613564,0.05712991924537394,1.9,2.0,1.7,50.4,38.4,55.2,0.6,0.4,0.2,0.6895833333333333
roughness,high_to_low,3,36,10,0.9700082802429195,0.9706786857295088,0.9893012753913147,0.0210396951960073,2.0,2.1,1.8,55.2,33.6,55.2,0.8,0.5,0.4,0.675
roughness,high_to_low,3,39,10,0.9278097290065143,0.9492645955101408,0.9594204124458567,0.03161068343934252,1.9,2.0,1.9,52.8,40.8,55.2,0.7,0.5,0.4,0.7333333333333333
roughness,high_to_low,3,42,10,0.9319394006572683,0.9567794682738209,0.9586015847859235,0.02666218412865511,1.8,2.0,1.9,52.8,36.0,57.6,0.8,0.4,0.4,0.7666666666666667
roughness,high_to_low,3,45,10,0.9463853207984586,0.950463082997462,0.9564419619954216,0.013567524172367718,1.9,2.0,2.0,43.2,36.0,60.0,0.7,0.2,0.1,0.875
roughness,high_to_low,3,48,10,0.9436320391352174,0.9700322955817713,0.9599354938041051,0.016333831632377484,1.8,2.1,2.0,45.6,40.8,64.8,0.8,0.5,0.5,0.8666666666666666
roughness,high_to_low,3,51,10,0.9536614454230342,0.9545666384463904,0.9583638365155913,0.013559818208866615,1.9,2.0,2.0,43.2,38.4,57.6,0.7,0.4,0.4,0.9125
roughness,high_to_low,3,54,10,0.9586047370157702,0.9593780231563421,0.9592769458290118,0.0053347702578569025,2.0,2.0,2.0,45.6,38.4,57.6,0.8,0.4,0.4,0.9
roughness,high_to_low,3,57,10,0.9556030880810729,0.96445589853509,0.9628464310584375,0.009316936396204668,2.0,2.1,2.2,40.8,36.0,60.0,0.8,0.5,0.5,0.9583333333333334
roughness,high_to_low,3,60,10,0.9756256193658764,0.9686394290424983,0.9925167119170639,0.01869233975670027,2.0,2.2,2.3,40.8,40.8,62.4,0.7,0.5,0.5,0.9833333333333334
roughness,high_to_low,3,63,10,0.9847655620241806,0.9585565632672978,0.9938408283466089,0.010260082220442012,2.1,2.1,2.4,48.0,43.2,64.8,0.7,0.6,0.5,0.9625
roughness,high_to_low,3,66,10,0.9820890268547521,0.9561232013758932,0.9875565337592278,0.010385313764175253,2.1,2.0,2.2,43.2,48.0,64.8,0.7,0.4,0.4,0.9833333333333334
roughness,high_to_low,3,69,10,0.9806833306486465,0.9572813525863818,0.9890227614044911,0.010824789379319345,2.0,2.0,2.2,50.4,48.0,67.2,0.8,0.6,0.6,0.9833333333333334
roughness,high_to_low,3,72,10,0.9649374214240852,0.9548382200233887,0.9884219688737707,0.025076141930350182,1.8,2.0,2.2,48.0,48.0,67.2,0.7,0.5,0.5,1.0
roughness,high_to_low,3,75,10,0.9865000057247928,0.9566285098084089,0.9888980853140339,0.006562935846278539,2.2,2.1,2.2,48.0,45.6,67.2,0.8,0.4,0.4,1.0
roughness,high_to_low,3,78,10,0.9806270759462864,0.9648585422641153,0.9869640762511283,0.022895334887353312,2.1,2.2,2.2,43.2,40.8,69.6,0.5,0.2,0.2,1.0
roughness,high_to_low,3,81,10,0.9798794500977278,0.9714938509615914,0.9854790075597843,0.016573379587223137,2.0,2.2,2.1,52.8,45.6,69.6,0.7,0.4,0.3,1.0
roughness,high_to_low,3,84,10,0.9774151531919882,0.9688486938081711,0.9891280345594616,0.021684554360014863,1.9,2.2,2.2,50.4,45.6,69.6,0.6,0.4,0.3,1.0
roughness,high_to_low,3,87,10,0.9807429969726471,0.9689308745926457,0.9926922724793652,0.013348301722998512,1.9,2.2,2.3,50.4,45.6,67.2,0.6,0.4,0.3,1.0
roughness,high_to_low,3,90,10,0.9822829638539007,0.9646969589230977,0.9886214222256722,0.0133824186096979,2.0,2.1,2.1,55.2,45.6,64.8,0.7,0.5,0.5,1.0
roughness,high_to_low,3,93,10,0.9878035787499737,0.9689225127382078,0.9955840190069308,0.010075433505731557,2.0,2.1,2.4,52.8,36.0,69.6,0.7,0.4,0.4,1.0
roughness,high_to_low,3,96,10,0.990625166403586,0.9524906523272293,0.9917119698730602,0.005581435066241725,2.2,2.1,2.3,57.6,40.8,72.0,0.5,0.6,0.4,1.0
roughness,high_to_low,3,99,10,0.992972577777615,0.9065952985944048,0.9868193950074847,0.009386075496012392,2.1,2.1,2.1,57.6,48.0,64.8,0.8,0.6,0.6,1.0
roughness,high_to_low,3,102,10,0.983522671153994,0.8849941417792927,0.9731966039044219,0.012739094340994628,2.0,1.9,2.0,55.2,50.4,60.0,0.6,0.7,0.5,1.0
roughness,high_to_low,3,105,10,0.9770183067357554,0.9438417701981618,0.9871025914700754,0.017501011659290057,2.1,2.0,2.1,57.6,50.4,62.4,0.6,0.6,0.5,1.0
roughness,high_to_low,3,108,10,0.9741552328146017,0.973063412762143,0.9776828541200061,0.016570630560817347,2.0,2.2,2.0,52.8,40.8,64.8,0.6,0.7,0.6,1.0
roughness,high_to_low,3,111,10,0.9689234282898823,0.9726581511519095,0.9791273870137822,0.020625525480992925,2.0,2.3,2.0,62.4,40.8,67.2,0.8,0.9,0.8,1.0
roughness,high_to_low,3,114,10,0.9717597086919746,0.9314171797652657,0.9599928877845738,0.04181529109184804,2.0,2.1,1.9,55.2,40.8,52.8,0.7,0.7,0.7,1.0
roughness,high_to_low,3,117,10,0.9657322969554352,0.9180003090796026,0.9409550362725447,0.05135424955657784,2.0,1.9,1.9,48.0,26.4,50.4,0.7,0.8,0.7,1.0
roughness,high_to_low,6,0,10,0.9601450649767103,0.9601450649767103,0.9837162114039536,0.024991923726582266,2.2,2.2,2.0,57.6,57.6,55.2,0.8,0.3,0.3,0.0
roughness,high_to_low,6,3,10,0.9666036200077656,0.9665808428487873,0.9864957060392252,0.021766359211039654,2.3,2.3,2.0,52.8,52.8,48.0,0.7,0.4,0.3,0.07083333333333333
roughness,high_to_low,6,6,10,0.9675816352249715,0.959734827390827,0.9853880556009147,0.021421710815255512,2.3,2.1,2.0,55.2,52.8,50.4,0.7,0.4,0.3,0.12916666666666668
roughness,high_to_low,6,9,10,0.9571630552400645,0.9539572605391967,0.9828239807062167,0.02607779748891185,2.1,2.0,1.9,55.2,55.2,50.4,0.8,0.3,0.3,0.20625
roughness,high_to_low,6,12,10,0.955245911928454,0.9559356330304934,0.9756870087715015,0.025317386177620027,2.1,2.1,1.8,52.8,52.8,48.0,0.7,0.4,0.3,0.2833333333333333
roughness,high_to_low,6,15,10,0.9082809062196648,0.9050788697779403,0.9625822802292896,0.07830848421393687,2.1,2.0,1.7,43.2,43.2,57.6,0.6,0.4,0.1,0.4166666666666667
roughness,high_to_low,6,18,10,0.9052674703187753,0.9067190801844717,0.9677582650934706,0.07674133839687403,2.0,1.9,1.8,48.0,38.4,57.6,0.6,0.3,0.0,0.45
roughness,high_to_low,6,21,10,0.9644337944053303,0.9647046569589044,0.9742404304972286,0.01953637021883429,2.0,2.0,1.8,45.6,48.0,57.6,0.6,0.3,0.2,0.56875
roughness,high_to_low,6,24,10,0.9349896703909566,0.9330506566514647,0.9777976746914503,0.0497336407388476,1.9,1.9,1.8,40.8,40.8,57.6,0.7,0.3,0.3,0.7166666666666667
roughness,high_to_low,6,27,10,0.9426317315550247,0.9438264364107305,0.9819141363280653,0.03981328873001947,1.9,1.9,1.7,38.4,33.6,57.6,0.8,0.1,0.1,0.7625
roughness,high_to_low,6,30,10,0.9528978973342055,0.9540142768613586,0.9849577034674194,0.03205980613321395,1.9,1.9,1.7,43.2,33.6,62.4,0.8,0.2,0.2,0.75
roughness,high_to_low,6,33,10,0.9608476600324589,0.9533649647703317,0.9791088416578801,0.029979796562830886,2.0,1.9,1.7,48.0,45.6,60.0,0.7,0.3,0.2,0.7208333333333333
roughness,high_to_low,6,36,10,0.9574973406148704,0.9533785745512354,0.9885136856111265,0.031016344996256127,1.9,1.9,1.8,50.4,40.8,57.6,0.7,0.5,0.5,0.725
roughness,high_to_low,6,39,10,0.9649256804641302,0.961999068821829,0.9878835042345239,0.022957823770393626,2.0,2.0,1.9,60.0,38.4,60.0,0.9,0.6,0.5,0.6770833333333333
roughness,high_to_low,6,42,10,0.928236952176775,0.9531644973894592,0.9596480282792662,0.03141107610249109,1.9,2.0,1.9,50.4,33.6,57.6,0.7,0.5,0.4,0.7958333333333333
roughness,high_to_low,6,45,10,0.9454260651944493,0.9659326001193606,0.9875581670509405,0.04349318787486829,2.0,2.1,2.0,45.6,38.4,62.4,0.6,0.3,0.2,0.86875
roughness,high_to_low,6,48,10,0.9472842959893637,0.9664821971095385,0.957730803165059,0.011290103141648555,2.0,2.1,2.0,52.8,40.8,60.0,0.6,0.6,0.5,0.8333333333333334
roughness,high_to_low,6,51,10,0.9442202284217569,0.9521592586238808,0.9642478691890155,0.020027640767258624,1.9,2.0,2.1,55.2,38.4,60.0,0.8,0.7,0.6,0.825
roughness,high_to_low,6,54,10,0.9506412087753044,0.951914873297178,0.9608271532542731,0.01626196109518131,1.9,2.0,2.0,52.8,43.2,57.6,0.7,0.7,0.6,0.875
roughness,high_to_low,6,57,10,0.9526498964328324,0.9467451521591773,0.9872063926583372,0.04378098347995868,1.9,1.9,2.2,43.2,45.6,60.0,0.5,0.2,0.1,0.9375
roughness,high_to_low,6,60,10,0.9831098659085642,0.95896012472327,0.9934524740916297,0.01228459824160626,2.1,2.1,2.3,48.0,43.2,62.4,0.8,0.6,0.6,0.95
roughness,high_to_low,6,63,10,0.9702926632140807,0.9552624428299665,0.993085203531671,0.022793454362318943,2.0,2.1,2.3,45.6,45.6,62.4,0.7,0.6,0.5,0.975
roughness,high_to_low,6,66,10,0.9720437064978773,0.9491590478173805,0.9941813877770331,0.02213768127915584,2.1,2.0,2.4,52.8,55.2,64.8,0.7,0.7,0.6,0.9666666666666666
roughness,high_to_low,6,69,10,0.9744847316025023,0.95877957905327,0.9872819170186338,0.013368324208039507,2.0,2.0,2.2,52.8,50.4,67.2,0.8,0.6,0.6,0.9833333333333334
roughness,high_to_low,6,72,10,0.9747181200117752,0.9502432497251758,0.9887646164928979,0.014538919460831533,2.0,2.0,2.2,55.2,60.0,67.2,0.8,0.6,0.6,1.0
roughness,high_to_low,6,75,10,0.9767709302643393,0.955874619935537,0.9886044812246692,0.012042443793440882,2.0,2.1,2.2,52.8,60.0,67.2,0.8,0.5,0.5,1.0
roughness,high_to_low,6,78,10,0.9804808060613812,0.9463117767341748,0.9896267715955253,0.010217503416155082,2.1,2.1,2.3,52.8,60.0,72.0,0.8,0.3,0.3,1.0
roughness,high_to_low,6,81,10,0.9730557360762886,0.9673173676465548,0.9854339912115616,0.02103107269257599,1.9,2.2,2.2,52.8,52.8,72.0,0.5,0.3,0.2,1.0
roughness,high_to_low,6,84,10,0.9749191728023947,0.9675717441470969,0.9874148859290699,0.02084052440184687,1.9,2.2,2.2,55.2,57.6,69.6,0.6,0.5,0.4,1.0
roughness,high_to_low,6,87,10,0.9770328609525147,0.9684566158412734,0.9847950656296047,0.017632427302086907,1.9,2.2,2.1,52.8,60.0,69.6,0.6,0.4,0.3,1.0
roughness,high_to_low,6,90,10,0.9792083262511599,0.9692699390102038,0.990296567456306,0.012652531506909459,1.9,2.1,2.2,52.8,52.8,67.2,0.7,0.5,0.4,1.0
roughness,high_to_low,6,93,10,0.9837112432792445,0.9667592588461492,0.9925596052913793,0.01046051700709868,2.0,2.1,2.3,55.2,55.2,67.2,0.7,0.6,0.5,1.0
roughness,high_to_low,6,96,10,0.9899446806772063,0.9722784454144173,0.9948883088095621,0.007512747348406912,2.1,2.1,2.4,50.4,43.2,69.6,0.6,0.4,0.3,1.0
roughness,high_to_low,6,99,10,0.9923893757886507,0.9743633992590205,0.9903042042312542,0.0041058428579797135,2.0,2.1,2.2,50.4,43.2,69.6,0.8,0.4,0.4,1.0
roughness,high_to_low,6,102,10,0.9968509853562711,0.9709303488616735,0.9895197569299613,0.011080870511112062,2.0,2.2,2.2,48.0,50.4,60.0,0.6,0.5,0.4,1.0
roughness,high_to_low,6,105,10,0.9886253947218406,0.9764706360978366,0.9860105824992444,0.011814509901182347,1.9,2.2,2.2,52.8,40.8,67.2,0.5,0.4,0.3,1.0
roughness,high_to_low,6,108,10,0.9765844206162427,0.976686730327355,0.984772902637423,0.01997570404928791,1.9,2.2,2.2,57.6,45.6,72.0,0.5,0.6,0.5,1.0
roughness,high_to_low,6,111,10,0.9759865647936415,0.9726103538049518,0.9820158704416349,0.019583252243263804,1.9,2.3,2.0,55.2,45.6,62.4,0.7,0.8,0.7,1.0
roughness,high_to_low,6,114,10,0.9755131911604776,0.9727077513447584,0.985190324963137,0.0201877775148529,2.0,2.3,2.0,57.6,40.8,62.4,0.8,0.9,0.8,1.0
roughness,high_to_low,12,0,10,0.960371681904747,0.960371681904747,0.967914812571852,0.04179090816660984,2.3,2.3,1.9,57.6,57.6,48.0,0.7,0.4,0.2,0.0
roughness,high_to_low,12,3,10,0.9607164663288416,0.9607422197893213,0.969598553003587,0.04105271935217721,2.3,2.3,1.9,60.0,60.0,50.4,0.7,0.6,0.4,0.06041666666666666
roughness,high_to_low,12,6,10,0.9620507355671842,0.9581111434444445,0.9697327790898976,0.03242147176412671,2.3,2.2,1.9,57.6,60.0,48.0,0.6,0.6,0.3,0.125
roughness,high_to_low,12,9,10,0.957609797780313,0.9575754041905965,0.9629729052273834,0.03504084846758597,2.2,2.2,1.8,52.8,52.8,55.2,0.6,0.3,0.2,0.2125
roughness,high_to_low,12,12,10,0.9553177500529818,0.955462059167302,0.9547858926481407,0.03817015863750434,2.0,2.0,1.7,50.4,50.4,50.4,0.7,0.2,0.2,0.3083333333333333
roughness,high_to_low,12,15,10,0.9623464214684893,0.9603906294388805,0.9553011761000325,0.03402564437433144,2.1,2.0,1.7,38.4,40.8,52.8,0.6,0.2,0.1,0.4791666666666667
roughness,high_to_low,12,18,10,0.9615800159483191,0.9647361147546716,0.9575036358431301,0.03290448058173393,2.1,2.1,1.7,43.2,36.0,57.6,0.6,0.1,0.1,0.525
roughness,high_to_low,12,21,10,0.8870768971530751,0.8803093924399187,0.9601633785629178,0.09778476391206312,2.0,1.9,1.7,38.4,40.8,57.6,0.7,0.2,0.2,0.6416666666666667
roughness,high_to_low,12,24,10,0.8948028841794956,0.8918367849316073,0.9664914189329753,0.08842872460920963,1.9,1.9,1.8,45.6,45.6,60.0,0.7,0.3,0.3,0.65
roughness,high_to_low,12,27,10,0.9215395624070155,0.9177443480033413,0.9779853374587291,0.05850984669499294,1.9,1.9,1.8,40.8,45.6,57.6,0.7,0.3,0.3,0.74375
roughness,high_to_low,12,30,10,0.9290938231697374,0.9299394913885086,0.9823772045737922,0.05328338140405482,1.9,2.0,1.8,45.6,45.6,60.0,0.7,0.3,0.3,0.7125
roughness,high_to_low,12,33,10,0.9441030070158561,0.9390682631446967,0.9828564280798018,0.03875342106394573,1.9,1.9,1.7,36.0,40.8,62.4,0.8,0.0,0.0,0.8520833333333334
roughness,high_to_low,12,36,10,0.9514956599155621,0.9472029745440276,0.9839419838366021,0.03244632392103993,1.9,1.9,1.7,43.2,40.8,60.0,0.8,0.1,0.1,0.8
roughness,high_to_low,12,39,10,0.9603977005170661,0.952444823418818,0.9857476913062981,0.025349990789231967,1.9,1.9,1.8,43.2,40.8,48.0,0.9,0.4,0.4,0.825
roughness,high_to_low,12,42,10,0.9606311273191563,0.9507344375910153,0.9898349460833756,0.029203818764219302,1.9,1.9,1.9,48.0,38.4,55.2,0.8,0.4,0.4,0.8083333333333333
roughness,high_to_low,12,45,10,0.9361474750428955,0.9481006215391042,0.9904631337323124,0.054315658689416915,1.9,1.9,1.9,55.2,38.4,57.6,0.8,0.2,0.2,0.79375
roughness,high_to_low,12,48,10,0.9256051285695269,0.9463652469920723,0.9903846988290468,0.06477957025951987,1.8,2.1,1.9,45.6,40.8,57.6,0.7,0.3,0.3,0.9
roughness,high_to_low,12,51,10,0.9398516429525996,0.9345534605399729,0.9919269907825408,0.052119403385351634,1.9,2.0,2.0,55.2,45.6,60.0,0.7,0.6,0.5,0.825
roughness,high_to_low,12,54,10,0.9402743889116815,0.9386322042796007,0.9866194123954584,0.048955574102915275,1.9,2.0,2.0,55.2,40.8,57.6,0.7,0.4,0.4,0.85
roughness,high_to_low,12,57,10,0.9412434158197358,0.9519340931509609,0.9854227362550155,0.05041767712625746,1.9,2.0,2.0,52.8,40.8,60.0,0.7,0.5,0.5,0.875
roughness,high_to_low,12,60,10,0.9817538330991449,0.9594656782468285,0.9857353702175017,0.013655286550949441,2.0,2.1,2.2,45.6,43.2,62.4,0.6,0.4,0.3,0.9333333333333333
roughness,high_to_low,12,63,10,0.9882923929436245,0.9569369332853356,0.984962573391243,0.01244187314291766,2.1,2.0,2.2,38.4,55.2,62.4,0.7,0.2,0.2,0.975
roughness,high_to_low,12,66,10,0.9671035860151319,0.955828866689276,0.9853400820093468,0.020839715491960044,2.0,2.1,2.2,38.4,62.4,60.0,0.8,0.4,0.4,0.9916666666666666
roughness,high_to_low,12,69,10,0.9711041679062802,0.9570558032778935,0.9859982493141223,0.016904138461702613,1.9,2.1,2.2,36.0,57.6,57.6,0.7,0.4,0.4,0.9958333333333333
roughness,high_to_low,12,72,10,0.9691704580930104,0.9608300583724262,0.9858646910968558,0.018336996312212018,1.9,2.1,2.2,48.0,60.0,62.4,0.7,0.6,0.5,1.0
roughness,high_to_low,12,75,10,0.9735939620333424,0.9659602263136279,0.9875083826350561,0.01528617458770054,2.0,2.1,2.2,52.8,60.0,62.4,0.8,0.7,0.7,1.0
roughness,high_to_low,12,78,10,0.9743830857285088,0.9685353864344423,0.9885277622743285,0.01523497407687654,2.0,2.2,2.2,52.8,67.2,62.4,0.8,0.7,0.7,1.0
roughness,high_to_low,12,81,10,0.9734551247164582,0.9537518398385376,0.9867067405289609,0.016361882712045927,1.9,2.2,2.2,50.4,62.4,62.4,0.7,0.7,0.6,1.0
roughness,high_to_low,12,84,10,0.9765254918302233,0.9494629294468624,0.9860691067539159,0.018915691407574552,2.0,2.2,2.2,55.2,62.4,64.8,0.6,0.8,0.6,1.0
roughness,high_to_low,12,87,10,0.9692520294745343,0.9734007777247478,0.9837494814574074,0.025551561670063904,1.9,2.3,2.2,57.6,57.6,64.8,0.5,0.6,0.5,1.0
roughness,high_to_low,12,90,10,0.9739836438339008,0.9735221946142781,0.9829691039341067,0.020931641768833442,1.9,2.3,2.1,55.2,62.4,62.4,0.6,0.5,0.5,1.0
roughness,high_to_low,12,93,10,0.9765196762896752,0.9757769092515607,0.9841448794710251,0.017203704782798156,1.9,2.3,2.1,52.8,60.0,62.4,0.6,0.5,0.5,1.0
roughness,high_to_low,12,96,10,0.9827722037859399,0.976022962190249,0.984845648867909,0.01343011134303349,2.0,2.2,2.1,50.4,50.4,62.4,0.7,0.5,0.5,1.0
roughness,high_to_low,12,99,10,0.9853255994659058,0.9746346303311997,0.984221333863055,0.011153766083656324,2.0,2.2,2.1,50.4,50.4,62.4,0.7,0.5,0.5,1.0
roughness,high_to_low,12,102,10,0.9869708038680377,0.9691584443909342,0.983950412447097,0.010034153756767772,2.0,2.1,2.1,55.2,48.0,64.8,0.7,0.5,0.4,1.0
roughness,high_to_low,12,105,10,0.9918141947209096,0.9698820090670063,0.9837784236375311,0.010458450666298979,2.0,2.1,2.1,52.8,48.0,62.4,0.7,0.6,0.6,1.0
roughness,high_to_low,12,108,10,0.9901649525419991,0.9681196043153026,0.9840523747329671,0.01077693208045719,2.0,2.2,2.2,57.6,52.8,62.4,0.6,0.7,0.5,1.0
roughness,low_to_high,1,0,10,0.9170604534564143,0.9170604534564143,0.9498082817887225,0.11812546778192232,2.4,2.4,2.5,62.4,62.4,57.6,0.6,0.4,0.3,0.0
roughness,low_to_high,1,3,10,0.9625644754326945,0.9626767186648859,0.9509179414878494,0.059120339038461256,2.4,2.4,2.5,62.4,62.4,55.2,0.9,0.5,0.5,0.05416666666666666
roughness,low_to_high,1,6,10,0.8471102699743985,0.8465539267730191,0.9501167650099587,0.1145786556754607,2.1,2.1,2.5,60.0,62.4,52.8,0.7,0.5,0.4,0.1125
roughness,low_to_high,1,9,10,0.9132198849446889,0.9690022703756285,0.8793463170110334,0.09599811750587574,2.1,2.2,2.4,62.4,55.2,45.6,0.7,0.2,0.2,0.15
roughness,low_to_high,1,12,10,0.8585379863138094,0.8574400533333593,0.8347033073994403,0.1345535312291927,2.1,2.1,2.1,60.0,55.2,45.6,0.7,0.4,0.2,0.225
roughness,low_to_high,1,15,10,0.9110426915321564,0.9144493706476438,0.8629148071193237,0.10293969923081472,2.2,2.1,2.2,60.0,60.0,43.2,0.6,0.3,0.3,0.30208333333333337
roughness,low_to_high,1,18,10,0.8874670218747409,0.9234942295007436,0.9702397285060218,0.10233854042754068,1.9,2.2,2.5,52.8,57.6,52.8,0.5,0.1,0.1,0.45
roughness,low_to_high,1,21,10,0.9034217392807312,0.9093651350984926,0.8835723995268863,0.022226183666931444,2.2,2.2,2.3,60.0,64.8,55.2,0.5,0.2,0.1,0.4229166666666667
roughness,low_to_high,1,24,10,0.9102906166483011,0.9183602355115903,0.9000146359595533,0.01915709311457305,2.1,2.0,2.3,45.6,57.6,55.2,0.6,0.4,0.3,0.6833333333333333
roughness,low_to_high,1,27,10,0.8949889159270287,0.8984859939592535,0.8827382532590917,0.017568533514795752,2.2,2.1,2.3,50.4,55.2,57.6,0.7,0.6,0.5,0.61875
roughness,low_to_high,1,30,10,0.891059854906117,0.8995774835173636,0.8813273929837144,0.015344927805589926,2.1,2.0,2.3,55.2,52.8,55.2,0.6,0.4,0.3,0.5958333333333333
roughness,low_to_high,1,33,10,0.9073144328480065,0.9981620056698255,0.887643461739318,0.03071555164557266,2.2,1.9,2.1,50.4,50.4,52.8,0.5,0.3,0.2,0.6895833333333333
roughness,low_to_high,1,36,10,0.9312030678911306,0.9982820253085081,0.928997632731875,0.01333448349646551,2.4,2.1,2.3,52.8,57.6,43.2,0.5,0.4,0.3,0.7
roughness,low_to_high,1,39,10,0.9335765191702,0.99207636326882,0.9262158172624735,0.011558030501684085,2.4,2.2,2.3,50.4,57.6,48.0,0.5,0.6,0.5,0.7520833333333333
roughness,low_to_high,1,42,10,0.9279475578385693,0.9971054969992938,0.9219461221875151,0.012293713916509274,2.3,2.1,2.3,43.2,60.0,43.2,0.6,0.6,0.5,0.85
roughness,low_to_high,1,45,10,0.9376049007037182,0.9882954671696996,0.9226143554556658,0.017304612333526835,2.3,2.1,2.0,52.8,60.0,45.6,0.5,0.4,0.3,0.775
roughness,low_to_high,1,48,10,0.9328307173885604,0.9963341770450208,0.9197064246281744,0.018446500060465533,2.2,2.1,2.0,50.4,67.2,45.6,0.6,0.5,0.4,0.8333333333333333
roughness,low_to_high,1,51,10,0.9387711244916824,0.9938738565239449,0.9360531281654317,0.010853461168044708,2.3,2.1,2.3,50.4,64.8,45.6,0.8,0.8,0.7,0.8833333333333334
roughness,low_to_high,1,54,10,0.9465285927837552,0.9883689033667473,0.967491367341111,0.03242551135282955,2.3,2.2,2.2,50.4,62.4,48.0,0.7,0.7,0.5,0.9
roughness,low_to_high,1,57,10,0.9760847775175507,0.961294618700404,0.9779321444899886,0.005857503259396835,2.4,2.2,2.4,48.0,69.6,43.2,1.0,0.6,0.6,0.9166666666666666
roughness,low_to_high,1,60,10,0.9693485716660748,0.9600188066680401,0.9602931486477745,0.013099178687141767,2.2,2.1,2.1,50.4,67.2,50.4,0.9,0.6,0.6,0.9166666666666666
roughness,low_to_high,1,63,10,0.9665252962977,0.9595625932322299,0.9616530525195672,0.016337707488905163,2.2,2.2,2.1,55.2,64.8,50.4,0.9,0.5,0.5,0.925
roughness,low_to_high,1,66,10,0.9463525441831722,0.9583647002571147,0.9568740205588459,0.012101779343983276,1.9,2.3,1.9,43.2,62.4,43.2,1.0,0.8,0.8,0.9833333333333334
roughness,low_to_high,1,69,10,0.9489598126348078,0.9603424006964009,0.9648326237061935,0.018008853721226882,2.1,2.2,2.1,55.2,60.0,55.2,1.0,0.6,0.6,0.9791666666666666
roughness,low_to_high,1,72,10,0.9426287435938852,0.960055773775446,0.9685569766335991,0.027528710678433987,2.1,2.2,2.1,55.2,60.0,55.2,0.8,0.6,0.6,1.0
roughness,low_to_high,1,75,10,0.9503606514425312,0.9855421180062605,0.975092290838325,0.026686312313716397,2.1,2.2,2.2,48.0,52.8,52.8,0.9,0.7,0.7,1.0
roughness,low_to_high,1,78,10,0.9373539414291585,0.9758458722077823,0.9527119565550184,0.017389756903558918,2.0,2.3,2.2,52.8,60.0,60.0,0.8,0.7,0.7,1.0
roughness,low_to_high,1,81,10,0.9440110447726795,0.9842415174811044,0.9485286671007269,0.014859353447273538,2.2,2.4,2.2,55.2,62.4,60.0,0.8,0.8,0.8,1.0
roughness,low_to_high,1,84,10,0.9494531899729258,0.9458058906240842,0.954532988159347,0.005234684941416578,2.1,2.1,2.1,50.4,50.4,55.2,1.0,0.9,0.9,1.0
roughness,low_to_high,1,87,10,0.9550704227378656,0.9736488317449735,0.9545729262685267,0.0011897660108433072,2.2,2.4,2.2,45.6,55.2,48.0,1.0,0.9,0.9,1.0
roughness,low_to_high,1,90,10,0.9576640386595765,0.9841565964542172,0.9555415455755941,0.00266786759139116,2.4,2.5,2.3,60.0,62.4,60.0,0.9,1.0,0.9,1.0
roughness,low_to_high,1,93,10,0.960928631637306,0.9814811106497171,0.9597024246590348,0.0035774131031839906,2.3,2.6,2.3,50.4,62.4,55.2,0.8,0.9,0.8,1.0
roughness,low_to_high,1,96,10,0.9500090488048223,0.9556590861912101,0.9502121355962581,0.00020724858177706418,2.2,2.4,2.2,57.6,57.6,57.6,1.0,1.0,1.0,1.0
roughness,low_to_high,1,99,10,0.9477171939373841,0.9536531494132474,0.9464054924616574,0.0016687267695578046,2.3,2.3,2.3,50.4,55.2,52.8,1.0,0.9,0.9,1.0
roughness,low_to_high,1,102,10,0.9566778334515327,0.9675533534619799,0.9022253929094267,0.05463732755042248,2.4,2.3,2.3,50.4,48.0,55.2,0.9,0.9,0.9,1.0
roughness,low_to_high,1,105,10,0.9579872260393708,0.9857897704009992,0.9093588342873222,0.04863133469240653,2.4,2.2,2.3,45.6,40.8,50.4,0.9,0.9,0.9,1.0
roughness,low_to_high,1,108,10,0.8892183748707204,0.9859691626169177,0.8869154279666004,0.0023029845654634674,2.3,2.3,2.3,50.4,52.8,52.8,1.0,0.9,0.9,1.0
roughness,low_to_high,1,111,10,0.9051693463563852,0.9938355027497648,0.9044033735912773,0.0007659727725044419,2.2,2.2,2.2,40.8,52.8,40.8,1.0,1.0,1.0,1.0
roughness,low_to_high,1,114,10,0.9131646998795523,0.9196416810660821,0.9125467141416195,0.0006179857392322741,2.2,2.0,2.2,43.2,48.0,43.2,1.0,1.0,1.0,1.0
roughness,low_to_high,1,117,10,0.9179937635234362,0.9194073513721717,0.9172261348706907,0.000772194627166245,2.2,2.0,2.2,38.4,48.0,38.4,1.0,1.0,1.0,1.0
roughness,low_to_high,3,0,10,0.9619167496980825,0.9619167496980825,0.9651606926587932,0.04042591977481955,1.8,1.8,2.2,40.8,40.8,45.6,0.4,0.4,0.2,0.0
roughness,low_to_high,3,3,10,0.9692562798692311,0.9690407002550667,0.9647673948519742,0.03149349046191365,1.8,1.8,2.2,45.6,45.6,57.6,0.6,0.3,0.2,0.08125
roughness,low_to_high,3,6,10,0.9678176269337422,0.9680509466284011,0.9647540628080951,0.027688169544128248,1.7,1.7,2.2,43.2,43.2,50.4,0.5,0.3,0.2,0.16666666666666669
roughness,low_to_high,3,9,10,0.9759105502077482,0.9784584096261704,0.9578865821698589,0.0332762430449773,1.8,1.8,2.0,43.2,43.2,48.0,0.8,0.4,0.4,0.25
roughness,low_to_high,3,12,10,0.9411878231143211,0.9664286374821673,0.9075150243472019,0.0447396255821949,1.7,1.7,1.9,52.8,50.4,36.0,0.8,0.3,0.2,0.26666666666666666
roughness,low_to_high,3,15,10,0.9163834425540841,0.9724398468645875,0.9122988680274178,0.0522380308246041,1.6,1.8,1.9,50.4,50.4,33.6,0.7,0.4,0.2,0.36458333333333337
roughness,low_to_high,3,18,10,0.9343491753425404,0.9724318931697734,0.9675732350375263,0.05940442206393465,1.7,1.8,2.1,50.4,55.2,38.4,0.5,0.4,0.2,0.4125
roughness,low_to_high,3,21,10,0.9581581191828515,0.9780097359056029,0.927779482965408,0.04656452015747028,1.9,1.8,2.0,52.8,52.8,48.0,0.6,0.3,0.1,0.4666666666666667
roughness,low_to_high,3,24,10,0.9369611762951482,0.9637599531825126,0.9418682300780155,0.062486506330072675,1.9,1.7,2.0,52.8,52.8,36.0,0.4,0.4,0.1,0.6
roughness,low_to_high,3,27,10,0.9564098925550779,0.9710656565751015,0.9456438655211734,0.05065093874286203,2.1,1.6,2.0,57.6,55.2,48.0,0.6,0.3,0.1,0.5375
roughness,low_to_high,3,30,10,0.9704219164097448,0.9869538141996108,0.9591095301913575,0.02596686414024456,2.2,1.7,2.0,62.4,60.0,45.6,0.6,0.4,0.2,0.5
roughness,low_to_high,3,33,10,0.9716559627377883,0.9806716555613564,0.9570185804695027,0.020248068646338335,2.3,1.7,2.0,57.6,55.2,38.4,0.7,0.2,0.2,0.6041666666666667
roughness,low_to_high,3,36,10,0.9656435467063382,0.9893012753913147,0.9706786857295088,0.029732631712193824,2.4,1.8,2.1,57.6,55.2,33.6,0.4,0.3,0.1,0.65
roughness,low_to_high,3,39,10,0.947227096101822,0.9594204124458567,0.9492645955101408,0.02134794550365281,2.1,1.9,2.0,52.8,55.2,40.8,0.7,0.3,0.2,0.7333333333333333
roughness,low_to_high,3,42,10,0.9736495957474215,0.9586015847859235,0.9567794682738209,0.01797584874244108,2.3,1.9,2.0,50.4,57.6,36.0,0.7,0.4,0.4,0.7958333333333333
roughness,low_to_high,3,45,10,0.9722251696556471,0.9564419619954216,0.950463082997462,0.02868440172135369,2.4,2.0,2.0,60.0,60.0,36.0,0.6,0.3,0.2,0.73125
roughness,low_to_high,3,48,10,0.9592717502826197,0.9599354938041051,0.9700322955817713,0.02261568903047697,2.1,2.0,2.1,45.6,64.8,40.8,0.8,0.7,0.6,0.8666666666666666
roughness,low_to_high,3,51,10,0.968573122108084,0.9583638365155913,0.9545666384463904,0.02663726129993411,2.2,2.0,2.0,52.8,57.6,38.4,0.8,0.6,0.5,0.8541666666666666
roughness,low_to_high,3,54,10,0.9748695953509019,0.9592769458290118,0.9593780231563421,0.022682500686547525,2.3,2.0,2.0,48.0,57.6,38.4,0.7,0.7,0.5,0.925
roughness,low_to_high,3,57,10,0.9733234608708419,0.9628464310584375,0.96445589853509,0.0227902598588291,2.3,2.2,2.1,45.6,60.0,36.0,0.6,0.7,0.5,0.9375
roughness,low_to_high,3,60,10,0.9748931365253078,0.9925167119170639,0.9686394290424983,0.019802573898136343,2.3,2.3,2.2,45.6,62.4,40.8,0.7,0.8,0.6,0.95
roughness,low_to_high,3,63,10,0.9708799373901712,0.9938408283466089,0.9585565632672978,0.014082892098681864,2.3,2.4,2.1,43.2,64.8,43.2,0.8,0.8,0.7,0.975
roughness,low_to_high,3,66,10,0.9666174207538036,0.9875565337592278,0.9561232013758932,0.011639804347545479,2.2,2.2,2.0,43.2,64.8,48.0,0.8,0.8,0.7,0.9833333333333332
roughness,low_to_high,3,69,10,0.9641884456960381,0.9890227614044911,0.9572813525863818,0.010024319565105444,2.3,2.2,2.0,45.6,67.2,48.0,0.7,0.9,0.7,0.9875
roughness,low_to_high,3,72,10,0.9647097924509236,0.9884219688737707,0.9548382200233887,0.012346360377937371,2.2,2.2,2.0,43.2,67.2,48.0,0.8,0.9,0.8,1.0
roughness,low_to_high,3,75,10,0.9644054077254189,0.9888980853140339,0.9566285098084089,0.01202962865313043,2.2,2.2,2.1,45.6,67.2,45.6,0.9,0.8,0.8,1.0
roughness,low_to_high,3,78,10,0.9656698723242831,0.9869640762511283,0.9648585422641153,0.0010271872205967591,2.2,2.2,2.2,40.8,69.6,40.8,1.0,1.0,1.0,1.0
roughness,low_to_high,3,81,10,0.9685873102505903,0.9854790075597843,0.9714938509615914,0.004004170682104258,2.2,2.1,2.2,40.8,69.6,45.6,1.0,0.9,0.9,1.0
roughness,low_to_high,3,84,10,0.9689632863065609,0.9891280345594616,0.9688486938081711,0.0024270638486097564,2.2,2.2,2.2,45.6,69.6,45.6,1.0,0.8,0.8,1.0
roughness,low_to_high,3,87,10,0.9661750415984434,0.9926922724793652,0.9689308745926457,0.00481199192488505,2.1,2.3,2.2,43.2,67.2,45.6,0.9,0.9,0.8,1.0
roughness,low_to_high,3,90,10,0.9648628218415768,0.9886214222256722,0.9646969589230977,0.00023614463127714648,2.1,2.1,2.1,45.6,64.8,45.6,1.0,1.0,1.0,1.0
roughness,low_to_high,3,93,10,0.9297215000404175,0.9955840190069308,0.9689225127382078,0.03933404830643339,2.0,2.4,2.1,33.6,69.6,36.0,0.9,0.9,0.9,1.0
roughness,low_to_high,3,96,10,0.908507725898484,0.9917119698730602,0.9524906523272293,0.04548959093725295,2.0,2.3,2.1,40.8,72.0,40.8,0.9,0.8,0.7,1.0
roughness,low_to_high,3,99,10,0.8834595602525377,0.9868193950074847,0.9065952985944048,0.03805694328425656,2.0,2.1,2.1,45.6,64.8,48.0,0.9,0.8,0.8,1.0
roughness,low_to_high,3,102,10,0.892327510463631,0.9731966039044219,0.8849941417792927,0.012426058018377706,1.9,2.0,1.9,50.4,60.0,50.4,1.0,0.7,0.7,1.0
roughness,low_to_high,3,105,10,0.9441227118546227,0.9871025914700754,0.9438417701981618,0.0006037809573640751,2.0,2.1,2.0,50.4,62.4,50.4,1.0,1.0,1.0,1.0
roughness,low_to_high,3,108,10,0.9731828925455147,0.9776828541200061,0.973063412762143,0.00012006288783529273,2.2,2.0,2.2,40.8,64.8,40.8,1.0,1.0,1.0,1.0
roughness,low_to_high,3,111,10,0.9064622211670011,0.9791273870137822,0.9726581511519095,0.06619592998588689,2.0,2.0,2.3,33.6,67.2,40.8,0.8,0.8,0.8,1.0
roughness,low_to_high,3,114,10,0.9060935036638872,0.9599928877845738,0.9314171797652657,0.026368571208858983,2.0,1.9,2.1,38.4,52.8,40.8,0.9,0.8,0.8,1.0
roughness,low_to_high,3,117,10,0.919258862609437,0.9409550362725447,0.9180003090796026,0.0012585535439246897,1.9,1.9,1.9,26.4,50.4,26.4,1.0,1.0,1.0,1.0
roughness,low_to_high,6,0,10,0.9837162114039536,0.9837162114039536,0.9601450649767103,0.024991923726582266,2.0,2.0,2.2,55.2,55.2,57.6,0.8,0.3,0.3,0.0
roughness,low_to_high,6,3,10,0.9864539382095732,0.9864957060392252,0.9665808428487873,0.02175759213971328,2.0,2.0,2.3,48.0,48.0,52.8,0.7,0.4,0.3,0.07083333333333333
roughness,low_to_high,6,6,10,0.98542219932203,0.9853880556009147,0.959734827390827,0.027794732324856054,2.0,2.0,2.1,50.4,50.4,52.8,0.7,0.2,0.2,0.1375
roughness,low_to_high,6,9,10,0.9830795454047063,0.9828239807062167,0.9539572605391967,0.02912228486550956,1.9,1.9,2.0,50.4,50.4,55.2,0.9,0.3,0.3,0.20625
roughness,low_to_high,6,12,10,0.9640770149531687,0.9756870087715015,0.9559356330304934,0.03300512940678085,1.7,1.8,2.1,48.0,48.0,52.8,0.6,0.2,0.1,0.3
roughness,low_to_high,6,15,10,0.9628607315216904,0.9625822802292896,0.9050788697779403,0.07728421890505482,1.7,1.7,2.0,57.6,57.6,43.2,0.7,0.5,0.3,0.3125
roughness,low_to_high,6,18,10,0.9637507874971577,0.9677582650934706,0.9067190801844717,0.07070214471220101,1.7,1.8,1.9,50.4,57.6,38.4,0.8,0.4,0.3,0.4125
roughness,low_to_high,6,21,10,0.9677835605888913,0.9742404304972286,0.9647046569589044,0.026409255166662905,1.9,1.8,2.0,57.6,57.6,48.0,0.5,0.2,0.1,0.4083333333333333
roughness,low_to_high,6,24,10,0.9645309823865249,0.9777976746914503,0.9330506566514647,0.051741747096939475,2.0,1.8,1.9,50.4,57.6,40.8,0.7,0.5,0.3,0.6166666666666666
roughness,low_to_high,6,27,10,0.967891554580196,0.9819141363280653,0.9438264364107305,0.02929322336369533,2.0,1.7,1.9,50.4,57.6,33.6,0.9,0.3,0.3,0.64375
roughness,low_to_high,6,30,10,0.9750687861709958,0.9849577034674194,0.9540142768613586,0.02130307523212811,2.2,1.7,1.9,52.8,62.4,33.6,0.7,0.2,0.2,0.6333333333333333
roughness,low_to_high,6,33,10,0.9715966654053453,0.9791088416578801,0.9533649647703317,0.021998539535479634,2.2,1.7,1.9,60.0,60.0,45.6,0.7,0.6,0.4,0.5895833333333333
roughness,low_to_high,6,36,10,0.9804765198983999,0.9885136856111265,0.9533785745512354,0.027097945347164587,2.3,1.8,1.9,50.4,57.6,40.8,0.6,0.4,0.3,0.725
roughness,low_to_high,6,39,10,0.9663731606547232,0.9878835042345239,0.961999068821829,0.03619367010829013,2.3,1.9,2.0,50.4,60.0,38.4,0.5,0.4,0.1,0.7604166666666666
roughness,low_to_high,6,42,10,0.9583416374797119,0.9596480282792662,0.9531644973894592,0.03491563593815755,2.2,1.9,2.0,50.4,57.6,33.6,0.6,0.6,0.4,0.7791666666666667
roughness,low_to_high,6,45,10,0.9753118663219356,0.9875581670509405,0.9659326001193606,0.0132734097697207,2.4,2.0,2.1,50.4,62.4,38.4,0.7,0.4,0.3,0.83125
roughness,low_to_high,6,48,10,0.971949366325551,0.957730803165059,0.9664821971095385,0.014813739780744661,2.3,2.0,2.1,48.0,60.0,40.8,0.8,0.5,0.3,0.9
roughness,low_to_high,6,51,10,0.9705828546237903,0.9642478691890155,0.9521592586238808,0.030266983031275684,2.2,2.1,2.0,48.0,60.0,38.4,0.8,0.6,0.5,0.9125
roughness,low_to_high,6,54,10,0.9705487255049958,0.9608271532542731,0.951914873297178,0.028179261854099046,2.3,2.0,2.0,50.4,57.6,43.2,0.7,0.7,0.5,0.9
roughness,low_to_high,6,57,10,0.9533703496168844,0.9872063926583372,0.9467451521591773,0.017352731563375957,2.2,2.2,1.9,50.4,60.0,45.6,0.7,0.7,0.5,0.8958333333333333
roughness,low_to_high,6,60,10,0.972787823990157,0.9934524740916297,0.95896012472327,0.01785838376855555,2.3,2.3,2.1,48.0,62.4,43.2,0.8,0.7,0.6,0.9333333333333333
roughness,low_to_high,6,63,10,0.9660541904295851,0.993085203531671,0.9552624428299665,0.012371803714387054,2.2,2.3,2.1,45.6,62.4,45.6,0.9,0.8,0.7,0.9625
roughness,low_to_high,6,66,10,0.9662533996449814,0.9941813877770331,0.9491590478173805,0.021686427199904233,2.3,2.4,2.0,50.4,64.8,55.2,0.7,0.6,0.4,0.975
roughness,low_to_high,6,69,10,0.9648628709308215,0.9872819170186338,0.95877957905327,0.013288571007368377,2.3,2.2,2.0,48.0,67.2,50.4,0.7,0.6,0.5,0.9833333333333334
roughness,low_to_high,6,72,10,0.960221737552294,0.9887646164928979,0.9502432497251758,0.011791986267762834,2.3,2.2,2.0,52.8,67.2,60.0,0.7,0.8,0.6,1.0
roughness,low_to_high,6,75,10,0.9581277402076569,0.9886044812246692,0.955874619935537,0.005531989405591431,2.2,2.2,2.1,55.2,67.2,60.0,0.9,0.6,0.6,1.0
roughness,low_to_high,6,78,10,0.9612091375658164,0.9896267715955253,0.9463117767341748,0.015161617341960875,2.2,2.3,2.1,50.4,72.0,60.0,0.9,0.7,0.7,1.0
roughness,low_to_high,6,81,10,0.9633470410436178,0.9854339912115616,0.9673173676465548,0.006751079327496967,2.2,2.2,2.2,48.0,72.0,52.8,1.0,0.7,0.7,1.0
roughness,low_to_high,6,84,10,0.9642449790006596,0.9874148859290699,0.9675717441470969,0.005945142187679819,2.2,2.2,2.2,52.8,69.6,57.6,1.0,0.7,0.7,1.0
roughness,low_to_high,6,87,10,0.9669288330941445,0.9847950656296047,0.9684566158412734,0.005066365329054634,2.2,2.1,2.2,52.8,69.6,60.0,1.0,0.8,0.8,1.0
roughness,low_to_high,6,90,10,0.9661968587931902,0.990296567456306,0.9692699390102038,0.005054861526963805,2.1,2.2,2.1,45.6,67.2,52.8,1.0,0.8,0.8,1.0
roughness,low_to_high,6,93,10,0.9656347487336399,0.9925596052913793,0.9667592588461492,0.005049119950251457,2.1,2.3,2.1,43.2,67.2,55.2,1.0,0.6,0.6,1.0
roughness,low_to_high,6,96,10,0.9696441941752004,0.9948883088095621,0.9722784454144173,0.00392505563147717,2.1,2.4,2.1,36.0,69.6,43.2,1.0,0.8,0.8,1.0
roughness,low_to_high,6,99,10,0.9180672421434956,0.9903042042312542,0.9743633992590205,0.056536739572748296,2.0,2.2,2.1,43.2,69.6,43.2,0.9,0.8,0.8,1.0
roughness,low_to_high,6,102,10,0.8865721160984457,0.9895197569299613,0.9709303488616735,0.0845280483095148,2.0,2.2,2.2,50.4,60.0,50.4,0.8,0.8,0.7,1.0
roughness,low_to_high,6,105,10,0.9451718531781355,0.9860105824992444,0.9764706360978366,0.03156582241148189,2.1,2.2,2.2,45.6,67.2,40.8,0.9,0.9,0.9,1.0
roughness,low_to_high,6,108,10,0.976414239897955,0.984772902637423,0.976686730327355,0.000526016170203547,2.2,2.2,2.2,45.6,72.0,45.6,1.0,1.0,1.0,1.0
roughness,low_to_high,6,111,10,0.9726773386302405,0.9820158704416349,0.9726103538049518,9.965269333538363e-05,2.3,2.0,2.3,45.6,62.4,45.6,1.0,1.0,1.0,1.0
roughness,low_to_high,6,114,10,0.8986581627378228,0.985190324963137,0.9727077513447584,0.07405685773335643,2.0,2.0,2.3,40.8,62.4,40.8,0.8,0.7,0.7,1.0
roughness,low_to_high,12,0,10,0.967914812571852,0.967914812571852,0.960371681904747,0.04179090816660984,1.9,1.9,2.3,48.0,48.0,57.6,0.7,0.4,0.2,0.0
roughness,low_to_high,12,3,10,0.9696591846401075,0.969598553003587,0.9607422197893213,0.041015130289952476,1.9,1.9,2.3,50.4,50.4,60.0,0.7,0.6,0.4,0.07291666666666666
roughness,low_to_high,12,6,10,0.9696432055975022,0.9697327790898976,0.9581111434444445,0.03642492244792075,1.9,1.9,2.2,48.0,48.0,60.0,0.7,0.5,0.3,0.15
roughness,low_to_high,12,9,10,0.9629322433118528,0.9629729052273834,0.9575754041905965,0.035400536902642055,1.8,1.8,2.2,55.2,55.2,52.8,0.6,0.3,0.2,0.18125
roughness,low_to_high,12,12,10,0.9555796702011742,0.9547858926481407,0.955462059167302,0.03725140860248993,1.7,1.7,2.0,52.8,50.4,50.4,0.7,0.1,0.1,0.26666666666666666
roughness,low_to_high,12,15,10,0.9566951291163237,0.9553011761000325,0.9603906294388805,0.03365129389740588,1.7,1.7,2.0,55.2,52.8,40.8,0.7,0.2,0.1,0.3229166666666667
roughness,low_to_high,12,18,10,0.9588821417323349,0.9575036358431301,0.9647361147546716,0.03225054319147678,1.7,1.7,2.1,57.6,57.6,36.0,0.6,0.1,0.1,0.35
roughness,low_to_high,12,21,10,0.9612298524219438,0.9601633785629178,0.8803093924399187,0.09708991038625389,1.8,1.7,1.9,57.6,57.6,40.8,0.7,0.3,0.1,0.4375
roughness,low_to_high,12,24,10,0.9622606469413878,0.9664914189329753,0.8918367849316073,0.08337941065230824,1.8,1.8,1.9,60.0,60.0,45.6,0.7,0.2,0.1,0.45
roughness,low_to_high,12,27,10,0.9710061004860403,0.9779853374587291,0.9177443480033413,0.05816151741306432,1.9,1.8,1.9,57.6,57.6,45.6,0.6,0.2,0.1,0.5125
roughness,low_to_high,12,30,10,0.9557006700973437,0.9823772045737922,0.9299394913885086,0.05856128618454583,2.0,1.8,2.0,55.2,60.0,45.6,0.8,0.4,0.3,0.6125
roughness,low_to_high,12,33,10,0.9517958978200086,0.9828564280798018,0.9390682631446967,0.049411877439345595,2.0,1.7,1.9,55.2,62.4,40.8,0.7,0.3,0.2,0.6354166666666667
roughness,low_to_high,12,36,10,0.9462243919612316,0.9839419838366021,0.9472029745440276,0.04097686521271774,2.1,1.7,1.9,55.2,60.0,40.8,0.6,0.4,0.2,0.675
roughness,low_to_high,12,39,10,0.9411314931278246,0.9857476913062981,0.952444823418818,0.04119064020844574,2.1,1.8,1.9,60.0,48.0,40.8,0.6,0.4,0.2,0.6604166666666667
roughness,low_to_high,12,42,10,0.9534397782765722,0.9898349460833756,0.9507344375910153,0.052820841540293414,2.2,1.9,1.9,52.8,55.2,38.4,0.5,0.4,0.2,0.7666666666666667
roughness,low_to_high,12,45,10,0.954650737318089,0.9904631337323124,0.9481006215391042,0.059446418985658465,2.3,1.9,1.9,52.8,57.6,38.4,0.4,0.4,0.1,0.8
roughness,low_to_high,12,48,10,0.9565574273466979,0.9903846988290468,0.9463652469920723,0.06336590686984554,2.2,1.9,2.1,50.4,57.6,40.8,0.6,0.4,0.3,0.8666666666666666
roughness,low_to_high,12,51,10,0.9549772178850422,0.9919269907825408,0.9345534605399729,0.02941548575813071,2.3,2.0,2.0,50.4,60.0,45.6,0.7,0.6,0.4,0.8833333333333334
roughness,low_to_high,12,54,10,0.953005643614719,0.9866194123954584,0.9386322042796007,0.024279378763639947,2.2,2.0,2.0,45.6,57.6,40.8,0.8,0.6,0.5,0.925
roughness,low_to_high,12,57,10,0.9552506684056082,0.9854227362550155,0.9519340931509609,0.021405328176240235,2.3,2.0,2.0,45.6,60.0,40.8,0.7,0.5,0.3,0.9375
roughness,low_to_high,12,60,10,0.9586664306558831,0.9857353702175017,0.9594656782468285,0.01962360739407908,2.4,2.2,2.1,48.0,62.4,43.2,0.7,0.5,0.4,0.9333333333333333
roughness,low_to_high,12,63,10,0.9508013051851611,0.984962573391243,0.9569369332853356,0.028901984620032593,2.3,2.2,2.0,48.0,62.4,55.2,0.7,0.3,0.2,0.95
roughness,low_to_high,12,66,10,0.9552797189799186,0.9853400820093468,0.955828866689276,0.02799231536203902,2.3,2.2,2.1,48.0,60.0,62.4,0.8,0.3,0.2,0.9666666666666666
roughness,low_to_high,12,69,10,0.9539800923512776,0.9859982493141223,0.9570558032778935,0.024870889034253107,2.3,2.2,2.1,50.4,57.6,57.6,0.8,0.6,0.5,0.9833333333333334
roughness,low_to_high,12,72,10,0.9435657580079235,0.9858646910968558,0.9608300583724262,0.025177248815223686,2.2,2.2,2.1,55.2,62.4,60.0,0.9,0.9,0.8,1.0
roughness,low_to_high,12,75,10,0.9413928587029172,0.9875083826350561,0.9659602263136279,0.026576992312648796,2.1,2.2,2.1,55.2,62.4,60.0,1.0,0.9,0.9,1.0
roughness,low_to_high,12,78,10,0.9396614672660787,0.9885277622743285,0.9685353864344423,0.030410024197357,2.2,2.2,2.2,60.0,62.4,67.2,1.0,0.7,0.7,1.0
roughness,low_to_high,12,81,10,0.9437144309378758,0.9867067405289609,0.9537518398385376,0.01585742245159576,2.2,2.2,2.2,52.8,62.4,62.4,1.0,0.7,0.7,1.0
roughness,low_to_high,12,84,10,0.943615462510059,0.9860691067539159,0.9494629294468624,0.011245287709807528,2.2,2.2,2.2,55.2,64.8,62.4,1.0,0.8,0.8,1.0
roughness,low_to_high,12,87,10,0.9712007044308019,0.9837494814574074,0.9734007777247478,0.005572376459598749,2.3,2.2,2.3,50.4,64.8,57.6,1.0,0.8,0.8,1.0
roughness,low_to_high,12,90,10,0.9717056165076009,0.9829691039341067,0.9735221946142781,0.005049161435024374,2.3,2.1,2.3,55.2,62.4,62.4,1.0,0.8,0.8,1.0
roughness,low_to_high,12,93,10,0.9740639415913414,0.9841448794710251,0.9757769092515607,0.004312324782381238,2.3,2.1,2.3,52.8,62.4,60.0,1.0,0.8,0.8,1.0
roughness,low_to_high,12,96,10,0.973481044512555,0.984845648867909,0.976022962190249,0.004414146278175246,2.2,2.1,2.2,43.2,62.4,50.4,1.0,0.8,0.8,1.0
roughness,low_to_high,12,99,10,0.9177349808546404,0.984221333863055,0.9746346303311997,0.06031872293501143,2.1,2.1,2.2,45.6,62.4,50.4,0.9,0.6,0.6,1.0
roughness,low_to_high,12,102,10,0.9224915203118025,0.983950412447097,0.9691584443909342,0.060217843644446066,2.1,2.1,2.1,48.0,64.8,48.0,0.8,0.8,0.7,1.0
roughness,low_to_high,12,105,10,0.909828922367274,0.9837784236375311,0.9698820090670063,0.06035981294376236,2.0,2.1,2.1,52.8,62.4,48.0,0.9,0.9,0.9,1.0
roughness,low_to_high,12,108,10,0.9253956227956504,0.9840523747329671,0.9681196043153026,0.044137430991763794,2.1,2.2,2.2,55.2,62.4,52.8,0.9,0.8,0.8,1.0
