mechanism,path,horizon,seed,period,n_blocks,adaptive_mse,frozen_local_mse,frozen_all_pre_mse,benchmark_mse,adaptive_advantage_vs_frozen_local,adaptive_advantage_vs_frozen_all_pre
noise_scale,high_to_low,1,350,all_post,40,0.1345108854200156,0.11422606062297062,0.12508515576325135,0.24803743099467232,-0.020284824797044965,-0.009425729656764248
noise_scale,high_to_low,1,350,early,12,0.16985857148704098,0.14451648092411987,0.145944764505576,0.2593707271249989,-0.025342090562921128,-0.023913806981465027
noise_scale,high_to_low,1,350,late,16,0.1542975393224879,0.13414572939361064,0.12555872116461708,0.31513751680616314,-0.020151809928877253,-0.028738818157870816
noise_scale,high_to_low,1,350,mid,12,0.07278099414969384,0.057376081960968106,0.10359412648577247,0.14723735378235797,-0.015404912188725741,0.03081313233607863
noise_scale,high_to_low,1,351,all_post,40,0.09274201967366426,0.08209617030871681,0.08044092652369043,0.11050039780389569,-0.01064584936494744,-0.012301093149973814
noise_scale,high_to_low,1,351,early,12,0.0958439885479445,0.07400449531372393,0.06493051395410106,0.11435495610344137,-0.02183949323422058,-0.030913474593843433
noise_scale,high_to_low,1,351,late,16,0.10486322481928456,0.09616335936736886,0.09877395999865014,0.09411409598406126,-0.00869986545191571,-0.006089264820634414
noise_scale,high_to_low,1,351,mid,12,0.07347844393855693,0.07143159322550699,0.07150729446000022,0.12849424193079587,-0.002046850713049938,-0.001971149478556715
noise_scale,high_to_low,1,352,all_post,40,0.15151018165708385,0.4421000004816644,0.1996753361951535,0.2618505839226225,0.2905898188245806,0.048165154538069674
noise_scale,high_to_low,1,352,early,12,0.17439224703053605,0.21472284659362798,0.1718312507290436,0.28175352598246506,0.04033059956309195,-0.002560996301492445
noise_scale,high_to_low,1,352,late,16,0.16451840965962689,0.35293432728084867,0.1441699101205416,0.27523515124310705,0.18841591762122178,-0.020348499539085282
noise_scale,high_to_low,1,352,mid,12,0.11128381228024098,0.7883647186374553,0.3015266564274128,0.2241015521021338,0.6770809063572143,0.19024284414717174
noise_scale,high_to_low,1,353,all_post,40,0.12014833037450727,0.1586356465952771,0.1586356465952771,0.16418348610273548,0.0384873162207698,0.0384873162207698
noise_scale,high_to_low,1,353,early,12,0.10007931326538826,0.1771171451866318,0.1771171451866318,0.1641367059334971,0.07703783192124349,0.07703783192124349
noise_scale,high_to_low,1,353,late,16,0.14056284613944195,0.17078138310465246,0.17078138310465246,0.131758341287128,0.030218536965210503,0.030218536965210503
noise_scale,high_to_low,1,353,mid,12,0.11299799313038007,0.12395983265808858,0.12395983265808858,0.2074637926927839,0.010961839527708512,0.010961839527708512
noise_scale,high_to_low,1,354,all_post,40,0.11382103751620372,1.2580022231793468,1.1537821178110579,0.15428336098312626,1.1441811856631432,1.0399610802948542
noise_scale,high_to_low,1,354,early,12,0.1530385501201826,1.0514661069074716,0.9267051350481798,0.18207551183046855,0.8984275567872887,0.7736665849279971
noise_scale,high_to_low,1,354,late,16,0.0904641789979087,1.6440618716351156,1.5109267582413874,0.15249421189422327,1.5535976926372068,1.4204625792434789
noise_scale,high_to_low,1,354,mid,12,0.10574600293661814,0.9497921415101974,0.9046662466668298,0.12887674225432125,0.8440461385735795,0.7989202437302119
noise_scale,high_to_low,1,355,all_post,40,0.11846571108066481,0.14974776180524346,0.13220136932892879,0.0871485410568027,0.03128205072457864,0.013735658248263944
noise_scale,high_to_low,1,355,early,12,0.16082866656568987,0.16196523141567423,0.13923080312409042,0.05408093608337602,0.0011365648499843735,-0.021597863441599446
noise_scale,high_to_low,1,355,late,16,0.08368797177773933,0.15506556347713685,0.14259947399803286,0.07298717985866623,0.07137759169939753,0.058911502220293524
noise_scale,high_to_low,1,355,mid,12,0.12247307466620712,0.13043988996562153,0.11130779597496167,0.139097960961078,0.007966815299414405,-0.011165278691245452
noise_scale,high_to_low,1,356,all_post,40,0.10329059741895748,0.12598042495493553,0.12666998840298338,0.12292420797688286,0.022689827535978056,0.023379390984025895
noise_scale,high_to_low,1,356,early,12,0.14712822558802113,0.08761143282974987,0.06940553155943584,0.1633465577725318,-0.059516792758271264,-0.07772269402858528
noise_scale,high_to_low,1,356,late,16,0.04661506981039831,0.1828539260373724,0.19665388531803463,0.07879263471302377,0.13623885622697413,0.15003881550763631
noise_scale,high_to_low,1,356,mid,12,0.13502033939463942,0.08851808230353869,0.09062258269312927,0.1413439558663794,-0.0465022570911007,-0.04439775670151013
noise_scale,high_to_low,1,357,all_post,40,0.08236235341674641,0.07923332217416429,0.07923332217416429,0.16197664183660376,-0.003129031242582123,-0.003129031242582123
noise_scale,high_to_low,1,357,early,12,0.08296338098051649,0.08296338098051649,0.08296338098051649,0.13838682684370587,0.0,0.0
noise_scale,high_to_low,1,357,late,16,0.08632837101422813,0.08525428317673082,0.08525428317673082,0.13883135506842464,-0.0010740878374973172,-0.0010740878374973172
noise_scale,high_to_low,1,357,mid,12,0.07647330238966736,0.06747531536439004,0.06747531536439004,0.21642683918707376,-0.008997987025277319,-0.008997987025277319
noise_scale,high_to_low,1,358,all_post,40,0.10156677721974719,0.2507809736539695,0.15597087428251505,0.17922713510973082,0.14921419643422232,0.05440409706276783
noise_scale,high_to_low,1,358,early,12,0.10066327335947246,0.0959109362922374,0.07902687198035965,0.23482027174145037,-0.004752337067235059,-0.021636401379112807
noise_scale,high_to_low,1,358,late,16,0.05111987116403597,0.21643156310007636,0.09532548109152365,0.18211120074729298,0.1653116919360404,0.044205609927487684
noise_scale,high_to_low,1,358,mid,12,0.16973282248763688,0.4514502250875591,0.31377540083932554,0.1197885776279284,0.28171740259992223,0.14404257835168868
noise_scale,high_to_low,1,359,all_post,40,0.11839298617347056,0.2912196707575906,0.1286694455842793,0.11050066322780583,0.17282668458412,0.010276459410808732
noise_scale,high_to_low,1,359,early,12,0.15028819826040332,0.15443915783031387,0.10454882881205857,0.11923791173850869,0.004150959569910509,-0.0457393694483448
noise_scale,high_to_low,1,359,late,16,0.1148585026253292,0.45458863616463185,0.17379780087532012,0.11754376834375002,0.33973013353930265,0.058939298249990904
noise_scale,high_to_low,1,359,mid,12,0.09121041881739295,0.21017489647547902,0.09261892196844564,0.09237260789584405,0.11896447765808604,0.0014085031510526755
noise_scale,high_to_low,3,350,all_post,40,0.10054058460087316,0.10529982529383794,0.12337717714292702,0.6303381378612712,0.004759240692964786,0.02283659254205388
noise_scale,high_to_low,3,350,early,12,0.10630861139564991,0.10974870744761178,0.12839082527832327,0.4159294487836733,0.0034400960519618794,0.022082213882673344
noise_scale,high_to_low,3,350,late,16,0.12495303938598684,0.11816229096503025,0.12124827886657522,0.8028438298989231,-0.006790748420956587,-0.0037047605194116297
noise_scale,high_to_low,3,350,mid,12,0.06222261809261148,0.08370098891180766,0.12120206004266658,0.6147392375553334,0.02147837081919619,0.058979441950055084
noise_scale,high_to_low,3,351,all_post,40,0.0968848290967712,0.09691715208509318,0.09691715208509318,0.1296243030147513,3.2322988321973475e-05,3.2322988321973475e-05
noise_scale,high_to_low,3,351,early,12,0.14310468733601536,0.14211205986220934,0.14211205986220934,0.1432846194086964,-0.0009926274738060147,-0.0009926274738060147
noise_scale,high_to_low,3,351,late,16,0.07260911808932154,0.07656779316212947,0.07656779316212947,0.09662481449439933,0.003958675072807933,0.003958675072807933
noise_scale,high_to_low,3,351,mid,12,0.08303258553412657,0.07885472287192857,0.07885472287192857,0.15996330464794217,-0.004177862662197983,-0.004177862662197983
noise_scale,high_to_low,3,352,all_post,40,0.15771879514274137,0.5759202600202434,0.23122097466794544,0.3640766012524577,0.4182014648775021,0.07350217952520408
noise_scale,high_to_low,3,352,early,12,0.23410384441640786,0.24573737080316874,0.17440448672862707,0.23541278202254046,0.011633526386760904,-0.05969935768778072
noise_scale,high_to_low,3,352,late,16,0.1396745147208335,0.4886628274264685,0.14963338762586076,0.4696631037321494,0.348988312705635,0.009958872905027257
noise_scale,high_to_low,3,352,mid,12,0.10539278643161869,1.0224463926956846,0.39682091199670994,0.35195841717611925,0.9170536062640661,0.2914281255650913
noise_scale,high_to_low,3,353,all_post,40,0.0988632376997082,0.14302871244200616,0.1724851628954299,0.1314297025690748,0.044165474742298,0.07362192519572175
noise_scale,high_to_low,3,353,early,12,0.09726974428268913,0.09765692416172228,0.09853507614098406,0.14696780530577824,0.0003871798790331473,0.001265331858294966
noise_scale,high_to_low,3,353,late,16,0.09761691673633696,0.19816947817971733,0.2609814338527482,0.10640611140288395,0.10055256144338037,0.16336451711641123
noise_scale,high_to_low,3,353,mid,12,0.10211849240122223,0.11487947973867525,0.12844022170678474,0.14925638805395924,0.01276098733745302,0.026321729305562525
noise_scale,high_to_low,3,354,all_post,40,0.1091732959324562,0.8222811213801421,0.6407221615537599,0.19285021063296975,0.7131078254476859,0.5315488656213038
noise_scale,high_to_low,3,354,early,12,0.19518485633030494,0.6573413513531103,0.5191399369771229,0.2111750537476921,0.4621564950228052,0.32395508064681805
noise_scale,high_to_low,3,354,late,16,0.06663736301956295,1.1235224853500287,0.8698624514827087,0.21351216381532806,1.0568851223304656,0.8032250884631458
noise_scale,high_to_low,3,354,mid,12,0.07987631275179838,0.585565739447325,0.4567839995584653,0.1469760966084363,0.5056894266955265,0.376907686806667
noise_scale,high_to_low,3,355,all_post,40,0.12573237686868416,0.1764795225876074,0.11873217745617884,0.11087760949024675,0.05074714571892321,-0.007000199412505334
noise_scale,high_to_low,3,355,early,12,0.1681798325651042,0.22367671080406792,0.13162400778611436,0.07879593627380604,0.055496878238963744,-0.03655582477898986
noise_scale,high_to_low,3,355,late,16,0.11500638597828364,0.186587390264345,0.13311048965603756,0.12936838040308118,0.07158100428606137,0.018104103677753912
noise_scale,high_to_low,3,355,mid,12,0.09758624235946482,0.11580517746882997,0.08666926419309835,0.11830492148957479,0.018218935109365134,-0.010916978166366477
noise_scale,high_to_low,3,356,all_post,40,0.10405818152393054,0.1786356096635894,0.15586853806924045,0.24160679293948512,0.07457742813965887,0.051810356545309924
noise_scale,high_to_low,3,356,early,12,0.11133665268080307,0.09296187507286752,0.07661362692230657,0.26229955799534993,-0.018374777607935575,-0.03472302575849652
noise_scale,high_to_low,3,356,late,16,0.10076722401401955,0.3058980079498097,0.26183850712940604,0.2539237809275824,0.20513078393579012,0.1610712831153865
noise_scale,high_to_low,3,356,mid,12,0.10116765371360596,0.09462614653935092,0.09383015713595359,0.20449137723282393,-0.006541507174255054,-0.007337496577652384
noise_scale,high_to_low,3,357,all_post,40,0.12814598997473775,0.12488901265022494,0.12488901265022494,0.23754853625358088,-0.003256977324512793,-0.003256977324512793
noise_scale,high_to_low,3,357,early,12,0.19779417916381994,0.17840638033362433,0.17840638033362433,0.2826546708211258,-0.01938779883019563,-0.01938779883019563
noise_scale,high_to_low,3,357,late,16,0.09830826984942054,0.0966591321542053,0.0966591321542053,0.15894373171257217,-0.0016491376952152388,-0.0016491376952152388
noise_scale,high_to_low,3,357,mid,12,0.09828142761941176,0.10901148562818508,0.10901148562818508,0.29724880774071416,0.010730058008773302,0.010730058008773302
noise_scale,high_to_low,3,358,all_post,40,0.103780155392072,0.1650179853911887,0.1826810881900171,0.37255075171013646,0.06123782999911672,0.07890093279794515
noise_scale,high_to_low,3,358,early,12,0.08108857924154647,0.07769674339621079,0.08024976457964518,0.2451904202614291,-0.003391835845335691,-0.0008388146619012835
noise_scale,high_to_low,3,358,late,16,0.09706130970135726,0.13420669452539463,0.1456660854387768,0.49264972399072987,0.03714538482403738,0.04860477573741954
noise_scale,high_to_low,3,358,mid,12,0.13543019246355045,0.29342094854055867,0.3344657488020428,0.3397791201180527,0.15799075607700827,0.19903555633849235
noise_scale,high_to_low,3,359,all_post,40,0.09361932883250133,0.39937119531456594,0.09960066024133842,0.12411409592173173,0.30575186648206454,0.005981331408837077
noise_scale,high_to_low,3,359,early,12,0.11105137526142587,0.11223178349105883,0.1326316119703491,0.10519793360089773,0.0011804082296329645,0.021580236708923232
noise_scale,high_to_low,3,359,late,16,0.07628837433577751,0.672732257101917,0.07896943198504093,0.1491897229281225,0.5964438827661394,0.002681057649263431
noise_scale,high_to_low,3,359,mid,12,0.09929522173254186,0.32202919142160497,0.09407801285405769,0.10959608890071133,0.22273396968906312,-0.005217208878484214
noise_scale,high_to_low,6,350,all_post,39,0.1234733658614535,0.12253085254720422,0.14689635919918217,1.7015828082527418,-0.0009425133142492543,0.02342299333772869
noise_scale,high_to_low,6,350,early,12,0.12231628170379139,0.11971615627047218,0.1262597635128699,1.0983393515383963,-0.0026001254333191883,0.003943481809078526
noise_scale,high_to_low,6,350,late,15,0.16694481568585703,0.13980788971862573,0.14494031766407137,2.1705412260022263,-0.027136925967231256,-0.02200449802178568
noise_scale,high_to_low,6,350,mid,12,0.0702911377386112,0.10374925235965939,0.16997800680438302,1.718628242780232,0.03345811462104818,0.0996868690657718
noise_scale,high_to_low,6,351,all_post,39,0.12062711193719465,0.12227820979542556,0.12227820979542556,0.13898533410442945,0.0016510978582309366,0.0016510978582309366
noise_scale,high_to_low,6,351,early,12,0.17977339164835324,0.18950007872999233,0.18950007872999233,0.11988786495779298,0.009726687081639143,0.009726687081639143
noise_scale,high_to_low,6,351,late,15,0.07394697609616464,0.08680530243591399,0.08680530243591399,0.11359229447665256,0.012858326339749378,0.012858326339749378
noise_scale,high_to_low,6,351,mid,12,0.11983100202732365,0.09939747506024832,0.09939747506024832,0.18982410278578707,-0.020433526967075327,-0.020433526967075327
noise_scale,high_to_low,6,352,all_post,39,0.22070873638637628,0.9802045803069214,0.3171094067428483,0.8232129416579929,0.7594958439205449,0.0964006703564721
noise_scale,high_to_low,6,352,early,12,0.36620563316707444,0.3416259415783802,0.2142127853461008,0.2751600183407949,-0.02457969158869414,-0.15199284782097355
noise_scale,high_to_low,6,352,late,15,0.14562356667059062,0.8878738345082476,0.18590690602303497,1.1925342132933527,0.7422502678376574,0.040283339352444374
noise_scale,high_to_low,6,352,mid,12,0.16906830175041024,1.7341966512838043,0.5840091540393627,0.90961427543099,1.5651283495333939,0.41494085228895244
noise_scale,high_to_low,6,353,all_post,39,0.11868943339647252,0.16433672303223132,0.22136330688898603,0.15100508987303907,0.04564728963575883,0.10267387349251364
noise_scale,high_to_low,6,353,early,12,0.10274360736421678,0.10019747713983444,0.10298605162317219,0.13674852092739273,-0.0025461302243823375,0.00024244425895539787
noise_scale,high_to_low,6,353,late,15,0.12344072553388412,0.23304877858687892,0.3573795993518493,0.13796608492896228,0.10960805305299479,0.23393887381796527
noise_scale,high_to_low,6,353,mid,12,0.12869614425696374,0.1425858994813188,0.16972019657622098,0.18156041499878128,0.013889755224355066,0.04102405231925727
noise_scale,high_to_low,6,354,all_post,39,0.18155425199518715,1.0130307372633889,0.8705963173482733,0.3523886059566922,0.8314764852682017,0.6890420653530861
noise_scale,high_to_low,6,354,early,12,0.3787014793588073,0.8286996257303972,0.7175700248086475,0.3440212612692626,0.4499981463715901,0.3388685454498402
noise_scale,high_to_low,6,354,late,15,0.09688536721902684,1.3975719438514307,1.1982367892383563,0.44951674861495056,1.300686576632404,1.1013514220193297
noise_scale,high_to_low,6,354,mid,12,0.09024313060176742,0.7166853405613284,0.6140720200252956,0.2393457723212988,0.6264422099595608,0.5238288894235282
noise_scale,high_to_low,6,355,all_post,39,0.15319482376371554,0.22505202030127242,0.14031633301491298,0.11989055009327262,0.07185719653755686,-0.012878490748802558
noise_scale,high_to_low,6,355,early,12,0.21949777653930236,0.26880557886641915,0.13628926619619153,0.07601102407570691,0.049307802327116707,-0.08320851034311084
noise_scale,high_to_low,6,355,late,15,0.1510345283166138,0.24159459437957,0.172488980364874,0.1466152631243837,0.0905600660629562,0.021454452048260218
noise_scale,high_to_low,6,355,mid,12,0.08959224029700581,0.16062024413825365,0.10412759064618311,0.1303641848219494,0.07102800384124784,0.01453535034917728
noise_scale,high_to_low,6,356,all_post,39,0.12705568130474534,0.20087274995490173,0.1999378366685369,0.4302422221041671,0.0738170686501564,0.07288215536379156
noise_scale,high_to_low,6,356,early,12,0.12579704492876567,0.09194226918149946,0.0812807315711178,0.3765639972996677,-0.033854775747266225,-0.044516313357647865
noise_scale,high_to_low,6,356,late,15,0.15133312986463984,0.3746835072306761,0.381165528708903,0.5695831081378387,0.22335037736603613,0.22983239884426315
noise_scale,high_to_low,6,356,mid,12,0.09796750698085686,0.09253978413358614,0.0920603267154983,0.3097443393665766,-0.005427722847270724,-0.005907180265358548
noise_scale,high_to_low,6,357,all_post,39,0.17127431391999315,0.16372891233867917,0.16372891233867917,0.44412094376321365,-0.007545401581313998,-0.007545401581313998
noise_scale,high_to_low,6,357,early,12,0.2639331214821089,0.26091406280116786,0.26091406280116786,0.640189123370033,-0.003019058680940989,-0.003019058680940989
noise_scale,high_to_low,6,357,late,15,0.12220975817677568,0.11111069001458063,0.11111069001458063,0.30123077196841475,-0.011099068162195032,-0.011099068162195032
noise_scale,high_to_low,6,357,mid,12,0.13994620103689928,0.1323165397813136,0.1323165397813136,0.4266654788998929,-0.007629661255585699,-0.007629661255585699
noise_scale,high_to_low,6,358,all_post,39,0.13680266087645815,0.15121487301005015,0.15693633499117757,0.9010613048875522,0.014412212133592043,0.020133674114719457
noise_scale,high_to_low,6,358,early,12,0.08098390072487752,0.07547191322885759,0.0773694631127389,0.4877717330083757,-0.005511987496019929,-0.0036144376121385966
noise_scale,high_to_low,6,358,late,15,0.11569588708894216,0.1311157982362029,0.13133653878533563,1.2310794181435538,0.015419911147260748,0.015640651696393507
noise_scale,high_to_low,6,358,mid,12,0.21900488826243372,0.2520816762585519,0.2685029521269187,0.9018282351967274,0.03307678799611813,0.049498063864484985
noise_scale,high_to_low,6,359,all_post,39,0.11794612719882401,0.46418437445892924,0.11694118973797882,0.17187342717345813,0.3462382472601052,-0.0010049374608451993
noise_scale,high_to_low,6,359,early,12,0.11851110532464004,0.11872987574478906,0.15684346521413334,0.11526850069067857,0.0002187704201490259,0.0383323598894933
noise_scale,high_to_low,6,359,late,15,0.08044538563761515,0.8037363422244503,0.08891840591215121,0.24605762735298384,0.7232909565868351,0.008473020274536057
noise_scale,high_to_low,6,359,mid,12,0.16425707602451903,0.38519891346616825,0.11206739404410876,0.1357481034318306,0.2209418374416492,-0.05218968198041026
noise_scale,high_to_low,12,350,all_post,37,0.22103003594943274,0.24999460286251737,0.23694557845377284,5.773282510356121,0.028964566913084605,0.015915542504340022
noise_scale,high_to_low,12,350,early,12,0.2683789912800433,0.19663033835464816,0.17376615413635196,3.9150170370627513,-0.07174865292539509,-0.09461283714369134
noise_scale,high_to_low,12,350,late,13,0.2506778002038111,0.2733141106042428,0.20892294980437867,7.5067431004009775,0.022636310400431816,-0.04175485039943242
noise_scale,high_to_low,12,350,mid,12,0.14156266934324582,0.2780960673168507,0.3304828504747041,5.75363234443423,0.13653339797360484,0.18892018113145817
noise_scale,high_to_low,12,351,all_post,37,0.19824567404601892,0.20429285157082946,0.20429285157082946,0.20651964233645384,0.006047177524810566,0.006047177524810566
noise_scale,high_to_low,12,351,early,12,0.31787974315569106,0.33729750761562244,0.33729750761562244,0.12465142053480173,0.019417764459931406,0.019417764459931406
noise_scale,high_to_low,12,351,late,13,0.09215767233994146,0.11093994954410659,0.11093994954410659,0.21525696351883672,0.018782277204165147,0.018782277204165147
noise_scale,high_to_low,12,351,mid,12,0.19354027345126382,0.17242050605498613,0.17242050605498613,0.27892243285719104,-0.02111976739627774,-0.02111976739627774
noise_scale,high_to_low,12,352,all_post,37,0.4695511453569862,1.8183238121692529,0.6028482443039342,2.5559551117858392,1.3487726668122668,0.13329709894694816
noise_scale,high_to_low,12,352,early,12,0.7398810456604171,0.5806759333225027,0.3467191751104979,0.5642393760939308,-0.15920511233791437,-0.39316187054991913
noise_scale,high_to_low,12,352,late,13,0.20420279607420325,1.6056707654781035,0.2802828721372785,3.895027756570234,1.4014679694039007,0.07608007606307518
noise_scale,high_to_low,12,352,mid,12,0.48668195677656995,3.286345824931415,1.2084231333445812,3.097008815627987,2.799663868154845,0.7217411765680114
noise_scale,high_to_low,12,353,all_post,37,0.2159447985943025,0.260695785059466,0.2917041187632617,0.20469056277716066,0.04475098646516347,0.07575932016895906
noise_scale,high_to_low,12,353,early,12,0.10578759688289968,0.10680413172957215,0.10702074080025203,0.13055648340027423,0.001016534846672465,0.0012331439173523691
noise_scale,high_to_low,12,353,late,13,0.2941272528597047,0.3996836630326026,0.4702184361883131,0.21379319562179613,0.10555641017289778,0.1760911833286084
noise_scale,high_to_low,12,353,mid,12,0.24140434151818635,0.26401723725179527,0.2829969861824654,0.26896345657235865,0.022612895733608956,0.041592644664279005
noise_scale,high_to_low,12,354,all_post,37,0.4515728936063835,1.0309519793195048,1.5956954006053792,0.8918484464455079,0.5793790857131212,1.144122506998996
noise_scale,high_to_low,12,354,early,12,1.1493231109133555,2.631481584424491,1.3906160424135543,0.7952929980440198,1.482158473511136,0.24129293150019882
noise_scale,high_to_low,12,354,late,13,0.1451285988957978,0.4040856504129613,2.2397268804904225,1.247742521669968,0.25895705151716353,2.0945982815946245
noise_scale,high_to_low,12,354,mid,12,0.08580399556921244,0.10952756386327385,1.1030739889217411,0.6028519800204973,0.0237235682940614,1.0172699933525284
noise_scale,high_to_low,12,355,all_post,37,0.19916241690377298,0.3343599047262678,0.1964462731250367,0.15418501179792732,0.13519748782249483,-0.0027161437787362203
noise_scale,high_to_low,12,355,early,12,0.29034093422583335,0.3682852487880635,0.21097662502501638,0.09586834129501576,0.07794431456223018,-0.07936430920081698
noise_scale,high_to_low,12,355,late,13,0.1734236811133202,0.3423326922696625,0.21597492725582834,0.17791235708936842,0.16890901115634238,0.042551246142508076
noise_scale,high_to_low,12,355,mid,12,0.13586753002136973,0.29179737415912765,0.1607598792500329,0.18679705823511103,0.15592984413775796,0.024892349228663197
noise_scale,high_to_low,12,356,all_post,37,0.21044108944156692,0.2444099482007513,0.3090480399455522,1.1424937280129697,0.03396885875918436,0.09860695050398523
noise_scale,high_to_low,12,356,early,12,0.1258575922612084,0.09551270085018639,0.09996495246039931,0.816422260586319,-0.030344891411021997,-0.025892639800809084
noise_scale,high_to_low,12,356,late,13,0.3750289179474194,0.505837953225199,0.6913740138642748,1.8652000650195943,0.1308090352777795,0.3163450959168554
noise_scale,high_to_low,12,356,mid,12,0.11672110574058543,0.11009352344149805,0.10394465568542234,0.6856333303491106,-0.006627582299087386,-0.012776450055163096
noise_scale,high_to_low,12,357,all_post,37,0.35051861805178514,0.3649306598855612,0.2755011224401447,1.1721513028627528,0.014412041833775964,-0.07501749561164062
noise_scale,high_to_low,12,357,early,12,0.6042837227892626,0.6494909737817411,0.4720321176607158,1.8546712133450143,0.04520725099247869,-0.1322516051285467
noise_scale,high_to_low,12,357,late,13,0.1888106653242478,0.11814386905626394,0.13948714465987216,0.8050839368961659,-0.07066679626798388,-0.04932352066437567
noise_scale,high_to_low,12,357,mid,12,0.2719371287691402,0.34772270272112005,0.22631860314820199,0.8872877055109601,0.07578557395197974,-0.045618525620938176
noise_scale,high_to_low,12,358,all_post,37,0.2568008961696938,0.2361830538710967,0.23561511980701663,2.8635688145880542,-0.020617842298597158,-0.021185776362677246
noise_scale,high_to_low,12,358,early,12,0.08874707782103312,0.08920788060127216,0.09048933699684598,1.479563228078845,0.0004608027802390704,0.0017422591758129008
noise_scale,high_to_low,12,358,late,13,0.16996435001033544,0.17523827842733755,0.16756025421861304,3.9252672273621467,0.005273928417002093,-0.0024040957917224113
noise_scale,high_to_low,12,358,mid,12,0.5189276395243263,0.4491817338716603,0.4544670070046244,3.097401120591995,-0.0697459056526659,-0.06446063251970179
noise_scale,high_to_low,12,359,all_post,37,0.2602709541013118,0.6323994948263779,0.16393874441457523,0.3572189434621325,0.37212854072506624,-0.09633220968673649
noise_scale,high_to_low,12,359,early,12,0.2281651894279515,0.19771670966993746,0.21886613368034188,0.17006366231379358,-0.030448479758014037,-0.009299055747609655
noise_scale,high_to_low,12,359,late,13,0.13182694805629588,1.1447311797854938,0.1363689736892434,0.6175641946880236,1.012904231729198,0.004542025632947511
noise_scale,high_to_low,12,359,mid,12,0.43152439199010595,0.5120562879437763,0.13887860676791816,0.26233353578242286,0.08053189595367044,-0.2926457852221877
noise_scale,low_to_high,1,350,all_post,40,1.0310885239061895,1.0535852003540145,0.9857540651755377,1.5447436597490896,0.022496676447824916,-0.0453344587306518
noise_scale,low_to_high,1,350,early,12,1.2653010759588248,1.4471944445503044,1.308271572433998,2.0009326548951694,0.18189336859147942,0.04297049647517326
noise_scale,low_to_high,1,350,late,16,1.145255541763785,1.2172824509651603,1.1267460031425702,1.8828402678979645,0.07202690920137518,-0.018509538621215058
noise_scale,low_to_high,1,350,mid,12,0.64465328137676,0.4417129553428634,0.4752473072943675,0.6377591870711767,-0.20294032603389658,-0.16940597408239247
noise_scale,low_to_high,1,351,all_post,40,0.631680551391585,0.7269823587422548,0.7968903267816033,1.0138611189370894,0.09530180735066976,0.16520977539001835
noise_scale,low_to_high,1,351,early,12,0.4815523877313927,0.5980704762696963,0.6766466746474505,1.1253665203674499,0.11651808853830359,0.19509428691605776
noise_scale,low_to_high,1,351,late,16,0.691315675865627,0.8624178926772119,0.9240387230902165,0.8584316347387404,0.1711022168115848,0.23272304722458942
noise_scale,low_to_high,1,351,mid,12,0.7022952157530545,0.675313529301537,0.7476027838376053,1.1095950297711943,-0.026981686451517457,0.045307568084550796
noise_scale,low_to_high,1,352,all_post,40,1.084181657324701,1.1300000937943533,0.9946164530419438,1.6676048871783415,0.04581843646965226,-0.08956520428275727
noise_scale,low_to_high,1,352,early,12,0.9112845208191076,0.8134876994755356,0.8531154066975799,1.530209768211378,-0.09779682134357187,-0.05816911412152739
noise_scale,low_to_high,1,352,late,16,1.144078118459472,1.008883818167348,1.014041205884773,2.035872493241931,-0.13519430029212387,-0.1300369125746989
noise_scale,low_to_high,1,352,mid,12,1.1772168456506,1.6080008556158443,1.1102178289292015,1.313976531393853,0.4307840099652445,-0.06699901672139826
noise_scale,low_to_high,1,353,all_post,40,1.2084980887105254,1.0040129249846674,1.0074325960577815,1.4395828908742714,-0.20448516372585795,-0.20106549265274407
noise_scale,low_to_high,1,353,early,12,0.8374114472716828,0.8967866643731276,0.901757794014901,1.4708142895463265,0.05937521710144444,0.06434634674321789
noise_scale,low_to_high,1,353,late,16,1.710256679872757,1.1470185094338972,1.1480181817028252,1.1116816612607545,-0.5632381704388598,-0.5622384981699318
noise_scale,low_to_high,1,353,mid,12,0.9105732752663923,0.9205650729972343,0.9256599505739366,1.8455531316869054,0.009991797730842059,0.01508667530754428
noise_scale,low_to_high,1,354,all_post,40,0.656618251112266,0.6031333326274473,0.8556146703812493,1.0761274629543283,-0.05348491848481883,0.19899641926898326
noise_scale,low_to_high,1,354,early,12,0.45247586106968263,0.4244450714204035,0.7444060645683934,1.1051255885840094,-0.028030789649279176,0.29193020349871074
noise_scale,low_to_high,1,354,late,16,0.6516007200100331,0.5974804341778741,0.8850576486171882,1.1099608819692648,-0.05412028583215899,0.23345692860715492
noise_scale,low_to_high,1,354,mid,12,0.8674506826244933,0.789358791767255,0.9275659718795201,1.0020181119713987,-0.07809189085723833,0.06011528925502697
noise_scale,low_to_high,1,355,all_post,40,0.757669851456438,0.6102251583727771,0.6245578097015552,0.7786742479830118,-0.14744469308366073,-0.13311204175488284
noise_scale,low_to_high,1,355,early,12,0.6081153182651772,0.5871528306332517,0.5831736216629556,0.5295397653422339,-0.020962487631925472,-0.02494169660222167
noise_scale,low_to_high,1,355,late,16,0.5857783032720767,0.4979972649406766,0.5016665092784185,0.6534227196920414,-0.08778103833140002,-0.08411179399365805
noise_scale,low_to_high,1,355,mid,12,1.1364131155601802,0.7829346773551031,0.8297970649710033,1.194810768345083,-0.353478438205077,-0.30661605058917696
noise_scale,low_to_high,1,356,all_post,40,0.6922682945456942,0.5134205784498659,0.528787800640145,0.9407353371868531,-0.17884771609582834,-0.16348049390554928
noise_scale,low_to_high,1,356,early,12,0.675509334997335,0.4070401764234914,0.3800968062976146,1.1098873955989654,-0.2684691585738437,-0.29541252869972057
noise_scale,low_to_high,1,356,late,16,0.3921950236551636,0.2906768267264368,0.3168773932398903,0.6512270990876194,-0.10151819692872682,-0.07531763041527337
noise_scale,low_to_high,1,356,mid,12,1.1091249486147607,0.9167926494408124,0.9600260048496815,1.157594262907053,-0.19233229917394837,-0.1490989437650793
noise_scale,low_to_high,1,357,all_post,40,0.6484700938255892,0.7890556940133753,0.640698004970113,1.262209719170395,0.14058560018778607,-0.0077720888554762835
noise_scale,low_to_high,1,357,early,12,0.8440295497873097,0.8142622075430737,0.6788487440508996,0.9997910924901164,-0.029767342244236068,-0.16518080573641017
noise_scale,low_to_high,1,357,late,16,0.5593976640662784,0.9379441163359261,0.7385535227432711,1.2095404427609964,0.37854645226964756,0.17915585867699263
noise_scale,low_to_high,1,357,mid,12,0.5716738775429494,0.5653312840536092,0.47207324219178187,1.5948540477298716,-0.006342593489340261,-0.09960063535116757
noise_scale,low_to_high,1,358,all_post,40,0.6801093111406787,0.5833141970183829,0.5848340667568372,1.18487307105737,-0.09679511412229595,-0.0952752443838416
noise_scale,low_to_high,1,358,early,12,0.9366380779875545,0.8428594148367742,0.8456210457928606,1.6231327571452925,-0.09377866315078048,-0.09101703219469405
noise_scale,low_to_high,1,358,late,16,0.370638293773211,0.34623892088588004,0.34428548323685293,1.1927534189798257,-0.024399372887330996,-0.026352810536358122
noise_scale,low_to_high,1,358,mid,12,0.8362085674504267,0.639869347376662,0.6447785324141262,0.7361062544061737,-0.1963392200737647,-0.1914300350363005
noise_scale,low_to_high,1,359,all_post,40,1.010099386346645,0.8253379386439356,0.8235102777796286,0.96981813413427,-0.18476144770270936,-0.18658910856701647
noise_scale,low_to_high,1,359,early,12,1.5313193115853736,1.189517400273581,1.2328311184049852,1.1513866022546346,-0.34180191131179266,-0.2984881931803888
noise_scale,low_to_high,1,359,late,16,0.9347649425265829,0.7754615975167555,0.7650021303133551,0.948556939819529,-0.15930334500982746,-0.16976281221322778
noise_scale,low_to_high,1,359,mid,12,0.5893253862013322,0.5276602651838637,0.49220030044263635,0.8165979251002269,-0.06166512101746849,-0.09712508575869581
noise_scale,low_to_high,3,350,all_post,40,0.7892611160096015,0.8119981467219823,0.7736738539595148,1.748104181794384,0.0227370307123807,-0.015587262050086665
noise_scale,low_to_high,3,350,early,12,0.8181277136291674,0.9009908090351111,0.8414613033499868,1.5158558456296187,0.08286309540594369,0.02333358972081956
noise_scale,low_to_high,3,350,late,16,0.942225284749538,1.0069999464302217,0.9572697921546001,2.225759908130036,0.0647746616806836,0.015044507405062024
noise_scale,low_to_high,3,350,mid,12,0.5564422934034535,0.4630030847978674,0.46109182030892915,1.3434782161782797,-0.09343920860558617,-0.09535047309452445
noise_scale,low_to_high,3,351,all_post,40,0.6434851240362549,0.7306674462231741,0.652460283947233,1.1064119294070256,0.08718232218691925,0.008975159910978062
noise_scale,low_to_high,3,351,early,12,0.8411531272387852,0.8237446003003616,0.743592342069904,1.3251231622678852,-0.01740852693842339,-0.0975607851688813
noise_scale,low_to_high,3,351,late,16,0.5666976545899547,0.6893764204630779,0.6246425415954378,0.8156797473400871,0.12267876587312312,0.05794488700548312
noise_scale,low_to_high,3,351,mid,12,0.5482004134287917,0.6926449931594485,0.5984185489602889,1.27534360596875,0.14444457973065675,0.05021813553149731
noise_scale,low_to_high,3,352,all_post,40,0.8628313741561142,0.8402583648866091,0.8219567863458291,1.5848965953260552,-0.02257300926950518,-0.04087458781028526
noise_scale,low_to_high,3,352,early,12,0.775876904662813,0.7204113755019298,0.7280161322994396,1.4056653962533616,-0.05546552916088331,-0.047860772363373404
noise_scale,low_to_high,3,352,late,16,0.9794710773103035,0.8376351000499882,0.878597093479345,1.9561651816577352,-0.14183597726031524,-0.10087398383095844
noise_scale,low_to_high,3,352,mid,12,0.7942662394438299,0.9636030407201162,0.8403770308808635,1.2691030126231755,0.16933680127628636,0.046110791437033775
noise_scale,low_to_high,3,353,all_post,40,0.7740084996268495,0.7913087606766499,0.8000511086203467,1.1478490929251366,0.017300261049800425,0.02604260899349716
noise_scale,low_to_high,3,353,early,12,0.8499345204148058,0.8829743400326634,0.86238020412086,1.3720133622589046,0.03303981961785756,0.01244568370605418
noise_scale,low_to_high,3,353,late,16,0.814167467113479,0.8093422553709819,0.7903725417898495,0.876674652336937,-0.004825211742497164,-0.023794925323629493
noise_scale,low_to_high,3,353,mid,12,0.6445371888567203,0.6755985217281936,0.7506267688938294,1.285250744375635,0.03106133287147339,0.10608958003710904
noise_scale,low_to_high,3,354,all_post,40,0.608491392670305,0.5822634714714872,0.5968187215750633,1.0650269959873422,-0.026227921198817977,-0.011672671095241751
noise_scale,low_to_high,3,354,early,12,0.6594119226713264,0.6356653641432414,0.6002533901095214,1.2497863080468787,-0.023746558528084966,-0.05915853256180498
noise_scale,low_to_high,3,354,late,16,0.4975385426926023,0.47483880960011254,0.49416558102760566,1.0277445887312284,-0.02269973309248965,-0.0033729616649965724
noise_scale,low_to_high,3,354,mid,12,0.7055079959728876,0.6720944612948987,0.7302549071038821,0.929977560269291,-0.033413534677988736,0.02474691113099456
noise_scale,low_to_high,3,355,all_post,40,0.7002708026177868,0.6756806855185575,0.6879503719005742,0.963789402301899,-0.0245901170992295,-0.012320430717212661
noise_scale,low_to_high,3,355,early,12,0.6381432420912981,0.6148872329186684,0.61515228217581,0.7257164714093743,-0.023256009172629696,-0.022990959915488274
noise_scale,low_to_high,3,355,late,16,0.7500618379095015,0.7019248901112531,0.7153923668285231,1.094149155409012,-0.04813694779824844,-0.03466947108097831
noise_scale,low_to_high,3,355,mid,12,0.696010316088656,0.7014818653281853,0.7241591350547399,1.028049329051606,0.005471549239529273,0.028148818966083806
noise_scale,low_to_high,3,356,all_post,40,0.7290760881976526,0.6855543472206593,0.7024047117853426,1.397318676490558,-0.043521740976993274,-0.02667137641230996
noise_scale,low_to_high,3,356,early,12,0.5696467717173584,0.5546548965994852,0.5674229879062201,1.454517478509855,-0.014991875117873118,-0.002223783811138353
noise_scale,low_to_high,3,356,late,16,0.7841421225743266,0.6742854743561993,0.6830206981792177,1.296184909099551,-0.10985664821812728,-0.10112142439510889
noise_scale,low_to_high,3,356,mid,12,0.815084025509048,0.8314789616611132,0.8632317871392984,1.4749648976592706,0.016394936152065248,0.04814776163025033
noise_scale,low_to_high,3,357,all_post,40,0.7788569959476236,0.7708805940058787,0.7694272427470759,1.4108417254697674,-0.007976401941745028,-0.009429753200547827
noise_scale,low_to_high,3,357,early,12,0.8578301197569259,0.8115868436011459,0.8081617756857232,1.380177988392701,-0.04624327615578003,-0.04966834407120265
noise_scale,low_to_high,3,357,late,16,0.7284689927059441,0.7888081296278695,0.7862220601331595,0.951588508283607,0.06033913692192551,0.05775306742721541
noise_scale,low_to_high,3,357,mid,12,0.7670678764605611,0.7062709635812906,0.7082996199603171,2.0538430854617147,-0.06079691287927075,-0.058768256500243976
noise_scale,low_to_high,3,358,all_post,40,0.699913509655771,0.6649149310522168,0.6509851975915991,1.471861392240939,-0.0349985786035543,-0.048928312064171996
noise_scale,low_to_high,3,358,early,12,0.6260137183138116,0.6367924829549118,0.6315973269649989,1.3510088343229982,0.010778764641100098,0.005583608651187425
noise_scale,low_to_high,3,358,late,16,0.8392355018286239,0.7475245555761107,0.7234587471079218,1.9375425143870348,-0.0917109462525132,-0.11577675472070217
noise_scale,low_to_high,3,358,mid,12,0.5880506447672601,0.5828912131176632,0.5737416688631022,0.9718057872974183,-0.005159431649596822,-0.014308975904157849
noise_scale,low_to_high,3,359,all_post,40,0.694830743003094,0.9058917682423393,0.698906002500254,0.9073725864146069,0.2110610252392453,0.004075259497160147
noise_scale,low_to_high,3,359,early,12,1.0148090195410882,1.3407796532063534,0.9900315769757121,0.9841307016911981,0.3259706336652653,-0.024777442565375896
noise_scale,low_to_high,3,359,late,16,0.597339695134362,0.7752153080702987,0.6382603790095109,0.9160761807444306,0.17787561293593665,0.040920683875148856
noise_scale,low_to_high,3,359,mid,12,0.5048405302900757,0.6452391635077125,0.488641259345787,0.8190096786982508,0.1403986332176368,-0.016199270944288788
noise_scale,low_to_high,6,350,all_post,39,0.8280867092996151,0.8999736277291097,0.800153572806533,2.7654031888061104,0.07188691842949475,-0.027933136493082083
noise_scale,low_to_high,6,350,early,12,0.7956917098358051,0.831756500875002,0.7503517503047448,1.8668988164110563,0.03606479103919682,-0.04533995953106041
noise_scale,low_to_high,6,350,late,15,1.027512293834564,1.201645522178255,1.0707147048698356,3.5815319843199216,0.17413322834369144,0.04320241103527152
noise_scale,low_to_high,6,350,mid,12,0.6111997280947391,0.5911008865217859,0.5117539802291933,2.643746566808901,-0.020098841572953163,-0.09944574786554576
noise_scale,low_to_high,6,351,all_post,39,0.6575725387301882,0.7115748884807697,0.7028264213570157,1.0401835904741659,0.05400234975058167,0.0452538826268276
noise_scale,low_to_high,6,351,early,12,0.8279981046292688,0.7804220995952605,0.7734370032428691,1.1176905415538094,-0.047576005034008335,-0.05456110138639964
noise_scale,low_to_high,6,351,late,15,0.5346706816086321,0.6594257497449482,0.6506241595229685,0.7964718042034487,0.12475506813631614,0.11595347791433651
noise_scale,low_to_high,6,351,mid,12,0.6407742942330524,0.7079141007860561,0.697468666763721,1.2673163722329195,0.06713980655300365,0.056694372530668696
noise_scale,low_to_high,6,352,all_post,39,0.9410019877138465,0.9341425039956602,0.8675329013405766,1.9630986291883192,-0.006859483718186383,-0.07346908637327007
noise_scale,low_to_high,6,352,early,12,0.8055373025007743,0.6854851780512741,0.6748744410369562,1.1987303175721273,-0.12005212444950003,-0.13066286146381803
noise_scale,low_to_high,6,352,late,15,1.0904285847318584,0.8740424960336398,0.9127210103601835,2.607177252201736,-0.21638608869821885,-0.17770757437167492
noise_scale,low_to_high,6,352,mid,12,0.8896834266544041,1.2579248398925722,1.0037062253696882,1.9223686620377418,0.3682414132381678,0.11402279871528398
noise_scale,low_to_high,6,353,all_post,39,0.8231087546854943,0.8405010029398097,0.8156383059250683,1.173336703375341,0.017392248254315273,-0.007470448760425998
noise_scale,low_to_high,6,353,early,12,0.7608499973764774,0.7873409551089076,0.7579365566468917,1.1866460014970943,0.026490957732430192,-0.0029134407295856174
noise_scale,low_to_high,6,353,late,15,0.9847540859045746,0.8248420603053503,0.818339133862035,0.9663858841077869,-0.15991202559922402,-0.16641495204253953
noise_scale,low_to_high,6,353,mid,12,0.683310847970661,0.9132347290637856,0.8699640202820365,1.4187159293380294,0.22992388109312453,0.18665317231137557
noise_scale,low_to_high,6,354,all_post,39,0.6848724416644928,0.6883009723013092,0.6772460281609787,1.2579511702791797,0.003428530636816395,-0.007626413503513997
noise_scale,low_to_high,6,354,early,12,0.754689932191105,0.6983509460928644,0.6542905717945587,1.39081016145546,-0.056338986098240486,-0.10039936039654619
noise_scale,low_to_high,6,354,late,15,0.5604976008892244,0.5763709074855721,0.5548275925044677,1.3721690585035586,0.015873306596347753,-0.005670008384756562
noise_scale,low_to_high,6,354,mid,12,0.7705235021069661,0.8181635795294252,0.8532245290980375,0.9823198188224257,0.04764007742245907,0.0827010269910714
noise_scale,low_to_high,6,355,all_post,39,0.6859199299193249,0.6893522627123445,0.7316551602152306,0.9605339902587219,0.0034323327930194858,0.04573523029590563
noise_scale,low_to_high,6,355,early,12,0.6359360925272856,0.6259906224401132,0.6309601739470806,0.6925821855927857,-0.009945470087172462,-0.004975918580204945
noise_scale,low_to_high,6,355,late,15,0.7366573073524398,0.7493406646938521,0.8018207410184085,1.1243646962975122,0.012683357341412264,0.06516343366596854
noise_scale,low_to_high,6,355,mid,12,0.6724820455199708,0.6777284005076912,0.7446431704794082,1.0236974123761708,0.005246354987720465,0.07216112495943759
noise_scale,low_to_high,6,356,all_post,39,0.7866188496897657,0.6960119042260471,0.7075859848812315,1.600814653867703,-0.0906069454637187,-0.07903286480853429
noise_scale,low_to_high,6,356,early,12,0.5735675781222237,0.550546602105226,0.5611835247026317,1.4898891142644868,-0.023020976016997544,-0.012384053419591812
noise_scale,low_to_high,6,356,late,15,0.9594971451080213,0.6942931163007029,0.695522669780189,1.5807300411636658,-0.26520402880731825,-0.26397447532783247
noise_scale,low_to_high,6,356,mid,12,0.7835722519844883,0.843625691253548,0.8690675889361343,1.7368459593509664,0.06005343926905959,0.08549533695164595
noise_scale,low_to_high,6,357,all_post,39,0.8549736187882678,0.8985315383188398,0.8484807476075972,1.696941043597642,0.043557919530571906,-0.006492871180670548
noise_scale,low_to_high,6,357,early,12,0.9559243437976218,0.9195551655299661,0.9018494597961118,1.9116200401490866,-0.03636917826765552,-0.054074884001509886
noise_scale,low_to_high,6,357,late,15,0.8683859960974565,0.9862455719820867,0.9157026470229646,1.2895657013629351,0.11785957588463034,0.04731665092550797
noise_scale,low_to_high,6,357,mid,12,0.7372574221424278,0.767865369028654,0.7110846611498736,1.991481224839582,0.03060794688622627,-0.026172760992554358
noise_scale,low_to_high,6,358,all_post,39,0.7225128141407483,0.7254888938206342,0.6855238552519968,1.9437771942749986,0.0029760796798858125,-0.03698895888875161
noise_scale,low_to_high,6,358,early,12,0.6336982778588722,0.6584131075800052,0.6375250219752858,1.5504277992294393,0.024714829721132967,0.003826744116413476
noise_scale,low_to_high,6,358,late,15,0.8011476651461678,0.8421415341644198,0.7796954614257084,2.6526312763053483,0.040993869018252325,-0.021452203720459077
noise_scale,low_to_high,6,358,mid,12,0.7130337866658502,0.6467488796315307,0.6158081808115681,1.4510589867826218,-0.06628490703431951,-0.09722560585428235
noise_scale,low_to_high,6,359,all_post,39,0.7397271026583784,0.7496918839855552,0.7390701373896482,0.9091451190843168,0.009964781327176882,-0.0006569652687300817
noise_scale,low_to_high,6,359,early,12,1.0934121126102612,0.8212589904634034,1.0130936684321719,1.0078436371967188,-0.272153122146858,-0.08031844417808937
noise_scale,low_to_high,6,359,late,15,0.6221118935166227,0.8441916275639817,0.6788506368586696,0.9711806560356061,0.22207973404735906,0.05673874334204679
noise_scale,low_to_high,6,359,mid,12,0.5330611041336901,0.5600000980346742,0.5403209820108482,0.7329021797828034,0.026938993900984014,0.007259877877158115
noise_scale,low_to_high,12,350,all_post,37,1.0333114068115934,1.095784571027739,1.0007250443066682,6.909578428393469,0.06247316421614522,-0.03258636250492517
noise_scale,low_to_high,12,350,early,12,0.8990145793346054,0.9574132826572587,0.8603584810361556,4.351651367779946,0.05839870332265312,-0.03865609829844972
noise_scale,low_to_high,12,350,late,13,1.2108145694696062,1.4645476591656392,1.2834532504297607,9.004162622857207,0.2537330896960333,0.07263868096015463
noise_scale,low_to_high,12,350,mid,12,0.9753131414090679,0.8346625139154931,0.8348027176104974,7.198372611671275,-0.14065062749357476,-0.14051042379857043
noise_scale,low_to_high,12,351,all_post,37,0.8101169906838469,1.0348062427265652,0.9428489774309615,1.0874061505017116,0.22468925204271822,0.13273198674711445
noise_scale,low_to_high,12,351,early,12,1.098533620879448,1.203396104809559,1.0879168668148675,1.158446524300188,0.104862483930111,-0.010616754064580416
noise_scale,low_to_high,12,351,late,13,0.5886657465906651,0.9975378813743961,0.8909419683771124,0.8338856349339715,0.4088721347837311,0.3022762217864472
noise_scale,low_to_high,12,351,mid,12,0.7616058749225267,0.9065904387750883,0.8540136811887257,1.2910130019016206,0.1449845638525614,0.09240780626619893
noise_scale,low_to_high,12,352,all_post,37,1.2069744891650587,1.050236659560964,1.0295479335077249,3.6146899006893234,-0.15673782960409477,-0.17742655565733406
noise_scale,low_to_high,12,352,early,12,0.895403750038419,0.70964037528687,0.7062114459264023,1.277954744182119,-0.1857633747515489,-0.1891923041120166
noise_scale,low_to_high,12,352,late,13,1.3605047105090513,0.8912378316035402,0.9127981350858069,5.2132894853823375,-0.46926687890551116,-0.44770657542324427
noise_scale,low_to_high,12,352,mid,12,1.352220821835707,1.5630816741222675,1.4793633693794581,4.219608840445761,0.21086085228656035,0.12714254754375112
noise_scale,low_to_high,12,353,all_post,37,1.0184579381294294,0.9178893794756986,0.9072015815337922,1.2197262595166967,-0.10056855865373084,-0.11125635659563732
noise_scale,low_to_high,12,353,early,12,0.718861121128375,0.8124751822006419,0.795530066776851,1.120657904040707,0.09361406107226684,0.07666894564847608
noise_scale,low_to_high,12,353,late,13,1.4924512663301253,1.0405544013410053,1.041800526125976,1.0354522373268424,-0.45189686498911985,-0.45065074020414936
noise_scale,low_to_high,12,353,mid,12,0.8045619829130638,0.8904164697300069,0.8730575729825345,1.5184248056983611,0.08585448681694292,0.06849559006947059
noise_scale,low_to_high,12,354,all_post,37,0.8145691809529267,0.8561251222694272,0.8680236061912157,1.9147093974664309,0.04155594131650052,0.053454425238288805
noise_scale,low_to_high,12,354,early,12,1.094974592637186,0.9897938862742098,0.9962138919517551,2.0959654634208014,-0.10518070636297623,-0.09876070068543091
noise_scale,low_to_high,12,354,late,13,0.641228745145286,0.7315362680356459,0.7559471476137669,2.2659027596710324,0.09030752289035966,0.11471840246848086
noise_scale,low_to_high,12,354,mid,12,0.7219492413936114,0.8574276170179079,0.8612494838895786,1.3529938557904082,0.13547837562429654,0.1393002424959671
noise_scale,low_to_high,12,355,all_post,37,0.7275885103566793,0.7914901609812199,0.8099630843596461,1.024200184205587,0.06390165062454067,0.08237457400296692
noise_scale,low_to_high,12,355,early,12,0.6737919732453194,0.6678621805775196,0.6788363885579272,0.7757305534135358,-0.005929792667799731,0.005044415312607853
noise_scale,low_to_high,12,355,late,13,0.7923223328743261,0.8251333122104244,0.8474101728584407,1.1773546986704153,0.032810979336098,0.055087839984114456
noise_scale,low_to_high,12,355,mid,12,0.7112567397405885,0.8786713942199489,0.9005221009543378,1.1067524243274078,0.16741465447936066,0.1892653612137495
noise_scale,low_to_high,12,356,all_post,37,1.0667727397841857,0.8167997055207107,0.8284623607491044,2.340100371689292,-0.24997303426347497,-0.2383103790350813
noise_scale,low_to_high,12,356,early,12,0.6709550017840141,0.6609583310475879,0.6734101657221249,2.04472342194584,-0.009996670736426206,0.0024551639381107243
noise_scale,low_to_high,12,356,late,13,1.6993918447956984,0.9025878571225944,0.9022499470467841,2.918735585984514,-0.7968039876731041,-0.7971418977489144
noise_scale,low_to_high,12,356,mid,12,0.7772531140218852,0.8797039157584597,0.9035780039535979,2.0086225059462524,0.10245080173657466,0.12632488993171267
noise_scale,low_to_high,12,357,all_post,37,1.0499994728845148,1.0074916208609168,1.0140807655854012,2.5097440974362804,-0.04250785202359796,-0.03591870729911332
noise_scale,low_to_high,12,357,early,12,1.34222503869759,1.0714636089621887,1.0695103413975053,3.1198735868658614,-0.27076142973540146,-0.27271469730008485
noise_scale,low_to_high,12,357,late,13,0.9977915993952386,1.135403176687138,1.155881765100569,2.0543577155008563,0.13761157729189935,0.1580901657053303
noise_scale,low_to_high,12,357,mid,12,0.8143324366848216,0.8049487806145716,0.8050334402985325,2.3929498551034083,-0.009383656070249949,-0.009298996386289116
noise_scale,low_to_high,12,358,all_post,37,0.8560880130577521,0.8313133931034703,0.7518973668906047,3.9406474619740917,-0.024774619954281773,-0.10419064616714716
noise_scale,low_to_high,12,358,early,12,0.6684423129127984,0.7206565378100219,0.6618373359579292,2.724493886469413,0.052214224897223736,-0.006604976954869178
noise_scale,low_to_high,12,358,late,13,0.9666158293223769,0.9120583697306821,0.807575846792931,5.268959064021586,-0.05455745959169489,-0.15903998252944584
noise_scale,low_to_high,12,358,mid,12,0.9239952455826955,0.854496523717439,0.7816390445957606,3.717796801927317,-0.06949872186525641,-0.14235620098693494
noise_scale,low_to_high,12,359,all_post,37,0.8266618619161776,0.9475861336557861,0.8902931461514337,1.1215385036596546,0.12092427173960864,0.06363128423525595
noise_scale,low_to_high,12,359,early,12,0.9555414856437155,0.9067833172931823,1.17007025970234,1.0412495465928224,-0.048758168350533426,0.21452877405862447
noise_scale,low_to_high,12,359,late,13,0.7890049015797866,1.2495160507867018,0.8372756916538455,1.4816751065024367,0.46051114920691527,0.04827079007405918
noise_scale,low_to_high,12,359,mid,12,0.7385772785530634,0.6612982064598985,0.6679516083062472,0.8116794743134729,-0.07727907209316488,-0.07062567024681617
noise_scale,stable_high,1,350,all_post,40,1.0195606671440802,0.9784097729387558,0.9001580805828265,1.5427446576276895,-0.04115089420532441,-0.1194025865612538
noise_scale,stable_high,1,350,early,12,1.2292237472043759,1.2844649373924875,1.144885606843726,1.9942693144905028,0.05524119018811153,-0.08433814036064996
noise_scale,stable_high,1,350,late,16,1.1355108961736564,1.124159818429369,0.9885029789213136,1.8828402678979645,-0.011351077744287489,-0.147007917252343
noise_scale,stable_high,1,350,mid,12,0.6552972817110163,0.4780212144975399,0.5376373565372775,0.6377591870711767,-0.17727606721347625,-0.11765992517373865
noise_scale,stable_high,1,351,all_post,40,0.642794058451076,0.6473279835231638,0.658918270267034,1.0078215029674282,0.004533925072087897,0.016124211815958068
noise_scale,stable_high,1,351,early,12,0.550279221586093,0.5525385644899804,0.5430210736723821,1.1052344671352456,0.0022593429038873917,-0.007258147913710815
noise_scale,stable_high,1,351,late,16,0.6826390539446816,0.7616922603677138,0.7842496183769383,0.8584316347387404,0.07905320642303221,0.10161056443225674
noise_scale,stable_high,1,351,mid,12,0.6821822346579182,0.5896317000969474,0.6077070027151469,1.1095950297711943,-0.09255053456097069,-0.07447523194277132
noise_scale,stable_high,1,352,all_post,40,1.1009464330859207,1.3006300806221003,1.0318788433707673,1.7228008516197761,0.19968364753617973,-0.06906758971515325
noise_scale,stable_high,1,352,early,12,0.9013204227994427,0.8425070212899263,0.8886978595373437,1.7141963163494933,-0.058813401509516416,-0.012622563262098976
noise_scale,stable_high,1,352,late,16,1.14421353095754,1.1303150472317107,0.9722391248108746,2.035872493241931,-0.013898483725829303,-0.17197440614666548
noise_scale,stable_high,1,352,mid,12,1.2428829795435725,1.9858398511414606,1.2545794519507145,1.313976531393853,0.7429568715978879,0.011696472407142102
noise_scale,stable_high,1,353,all_post,40,1.1385310054036304,1.0803621409935134,1.0803621409935134,1.4373965438366905,-0.05816886441011696,-0.05816886441011696
noise_scale,stable_high,1,353,early,12,0.6194440757770809,0.9860380400697668,0.9860380400697668,1.4635264660877236,0.36659396429268587,0.36659396429268587
noise_scale,stable_high,1,353,late,16,1.6847271884106443,1.26991593601806,1.26991593601806,1.1116816612607545,-0.41481125239258415,-0.41481125239258415
noise_scale,stable_high,1,353,mid,12,0.9293563576874938,0.921947848551197,0.921947848551197,1.8455531316869054,-0.0074085091362969075,-0.0074085091362969075
noise_scale,stable_high,1,354,all_post,40,0.6390504371964549,1.852061313829449,1.7622351203143976,1.0871290635101194,1.2130108766329937,1.1231846831179424
noise_scale,stable_high,1,354,early,12,0.4047296877419629,1.6198800815640688,1.5032027164684045,1.1417975904366464,1.2151503938221058,1.0984730287264415
noise_scale,stable_high,1,354,late,16,0.6601284637663838,1.999424087804122,1.9112206862946401,1.1099608819692648,1.339295624037738,1.2510922225282561
noise_scale,stable_high,1,354,mid,12,0.8452671512243751,1.8877588474619313,1.8226201028533995,1.0020181119713987,1.0424916962375557,0.9773529516290242
noise_scale,stable_high,1,355,all_post,40,0.725060323434716,0.6186409945721807,0.6434158787915596,0.7754959149653013,-0.10641932886253543,-0.0816444446431565
noise_scale,stable_high,1,355,early,12,0.6532021304683471,0.651541314956917,0.6475898945190872,0.5189453219498662,-0.0016608155114299847,-0.005612235949259858
noise_scale,stable_high,1,355,late,16,0.5826004262847282,0.5335676548509107,0.573339054734948,0.6534227196920414,-0.04903277143381742,-0.00926137154978034
noise_scale,stable_high,1,355,mid,12,0.986865045934402,0.699171793815804,0.7326776284728475,1.194810768345083,-0.28769325211859814,-0.25418741746155465
noise_scale,stable_high,1,356,all_post,40,0.6872415224569444,0.5293804805429657,0.5292071023747507,0.9361696095889123,-0.15786104191397865,-0.15803442008219376
noise_scale,stable_high,1,356,early,12,0.7026202423615054,0.4906961045133838,0.4663941802751725,1.0946683036058291,-0.21192413784812147,-0.23622606208633276
noise_scale,stable_high,1,356,late,16,0.41519899909317615,0.35676099606474065,0.36972751526135583,0.6512270990876194,-0.05843800302843559,-0.04547148383182036
noise_scale,stable_high,1,356,mid,12,1.0345861670374075,0.7982241692101808,0.8046594739588548,1.157594262907053,-0.23636199782722658,-0.22992669307855254
noise_scale,stable_high,1,357,all_post,40,0.5930010267192785,0.5806032506142533,0.5806032506142533,1.2602911485657764,-0.012397776105025253,-0.012397776105025253
noise_scale,stable_high,1,357,early,12,0.6061181073609244,0.6061181073609244,0.6061181073609244,0.9933958571413877,0.0,0.0
noise_scale,stable_high,1,357,late,16,0.5723491189062445,0.6465424560028746,0.6465424560028746,1.2095404427609964,0.07419333709663006,0.07419333709663006
noise_scale,stable_high,1,357,mid,12,0.6074198231616781,0.46716945334942045,0.46716945334942045,1.5948540477298716,-0.14025036981225758,-0.14025036981225758
noise_scale,stable_high,1,358,all_post,40,0.6395041691668844,0.6570433345362865,0.6231086716647024,1.19952965346946,0.01753916536940201,-0.01639549750218198
noise_scale,stable_high,1,358,early,12,0.802450798959625,0.7873701008942241,0.8516263271394423,1.6719880318522584,-0.015080698065400883,0.049175528179817046
noise_scale,stable_high,1,358,late,16,0.37075181912106897,0.44914422325191317,0.36112606677007797,1.1927534189798257,0.07839240413084413,-0.00962575235099103
noise_scale,stable_high,1,358,mid,12,0.8348940061018976,0.8039153832241798,0.743901156049462,0.7361062544061737,-0.030978622877717927,-0.09099285005243563
noise_scale,stable_high,1,359,all_post,40,1.0373545649175953,0.9955540789631222,0.8174303061293727,0.9654641443165943,-0.041800485954472846,-0.21992425878822242
noise_scale,stable_high,1,359,early,12,1.5393658027800896,1.3291026214978665,1.1479848795237808,1.1368733028623825,-0.2102631812822229,-0.3913809232563084
noise_scale,stable_high,1,359,late,16,0.9363989311490246,1.026752491566607,0.7976823933100876,0.948556939819529,0.09035356041758251,-0.138716537838937
noise_scale,stable_high,1,359,mid,12,0.6699508387465278,0.6204076529570645,0.5132062831606774,0.8165979251002269,-0.049543185789463255,-0.15674455558585035
noise_scale,stable_high,3,350,all_post,40,0.7758025851401085,0.7436720213203988,0.7434527080293016,1.7489921300914184,-0.03213056381970967,-0.032349877110806946
noise_scale,stable_high,3,350,early,12,0.769114642412482,0.7566880277376208,0.7808275105406439,1.5188156732863993,-0.01242661467486137,0.01171286812816188
noise_scale,stable_high,3,350,late,16,0.9427549873257159,0.9038137818397247,0.890726128224405,2.225759908130036,-0.03894120548599117,-0.05202885910131098
noise_scale,stable_high,3,350,mid,12,0.5598873249535915,0.5171336675440757,0.5097133452578212,1.3434782161782797,-0.04275365740951598,-0.0501739796957704
noise_scale,stable_high,3,351,all_post,40,0.6610377518504225,0.6504004708773838,0.6504004708773838,1.1048563240167408,-0.010637280973038659,-0.010637280973038659
noise_scale,stable_high,3,351,early,12,0.8707941872593131,0.7570948460148145,0.7570948460148145,1.3199378109669357,-0.11369934124449864,-0.11369934124449864
noise_scale,stable_high,3,351,late,16,0.5662943233246318,0.619319228267439,0.619319228267439,0.8156797473400871,0.05302490494280719,0.05302490494280719
noise_scale,stable_high,3,351,mid,12,0.5776058878092526,0.5851477525532128,0.5851477525532128,1.27534360596875,0.007541864743960185,0.007541864743960185
noise_scale,stable_high,3,352,all_post,40,0.8998985753303046,1.2085816346049025,0.877066985917331,1.6049840675763314,0.3086830592745977,-0.022831589412973773
noise_scale,stable_high,3,352,early,12,0.9044510549286352,0.7745773829030167,0.7533335733054657,1.472623637087616,-0.1298736720256187,-0.1511174816231696
noise_scale,stable_high,3,352,late,16,0.9813194049682364,1.067775511511337,0.8295157365204766,1.9561651816577352,0.08645610654310051,-0.15180366844775983
noise_scale,stable_high,3,352,mid,12,0.7867849895480653,1.8303273837648757,1.0642020643916688,1.2691030126231755,1.0435423942168103,0.2774170748436035
noise_scale,stable_high,3,353,all_post,40,0.734374019927802,0.7501811490679559,0.7663485479973039,1.1415366218063123,0.015807129140153878,0.03197452806950189
noise_scale,stable_high,3,353,early,12,0.6994956514703495,0.7243797228870622,0.7012280907197699,1.3509717918628243,0.02488407141671256,0.0017324392494201882
noise_scale,stable_high,3,353,late,16,0.8340213231702931,0.8554101141048656,0.916681311628808,0.876674652336937,0.021388790934572466,0.08265998845851474
noise_scale,stable_high,3,353,mid,12,0.636389317395266,0.6356772885329698,0.6310253204328325,1.285250744375635,-0.0007120288622962575,-0.005363996962433515
noise_scale,stable_high,3,354,all_post,40,0.6120093267243191,1.2422450422974851,1.0766934212086414,1.0692969417627296,0.630235715573166,0.46468409448432235
noise_scale,stable_high,3,354,early,12,0.6898735629277778,1.0600311630993289,0.9381396988212559,1.2640194606315032,0.3701576001715508,0.24826613589347798
noise_scale,stable_high,3,354,late,16,0.48875325149458265,1.4310486234227524,1.2090645648959542,1.0277445887312284,0.9422953719281697,0.7203113134013714
noise_scale,stable_high,3,354,mid,12,0.6984865241605087,1.1727208133286184,1.0387522853462767,0.929977560269291,0.47423428916810945,0.3402657611857678
noise_scale,stable_high,3,355,all_post,40,0.7131119643378387,0.6658217187724055,0.6772765461097275,0.9642689361889468,-0.04729024556543312,-0.03583541822811104
noise_scale,stable_high,3,355,early,12,0.7093705689307696,0.7818349296823864,0.6807727262785136,0.727314917699534,0.0724643607516166,-0.028597842652255897
noise_scale,stable_high,3,355,late,16,0.7520279121152196,0.6597220467424965,0.6911961475593362,1.094149155409012,-0.09230586537272299,-0.060831764555883225
noise_scale,stable_high,3,355,mid,12,0.6649654293750662,0.5579414039023033,0.655220897341463,1.028049329051606,-0.10702402547276302,-0.009744532033603254
noise_scale,stable_high,3,356,all_post,40,0.7071731249107953,0.7398692512251197,0.7143303329651636,1.4108696672839247,0.0326961263143243,0.0071572080543681246
noise_scale,stable_high,3,356,early,12,0.558413108455876,0.5401935005974177,0.5352213417108677,1.499687447821077,-0.01821960785845831,-0.02319176674500831
noise_scale,stable_high,3,356,late,16,0.7874715927954936,0.8774008868041411,0.8195053444756856,1.296184909099551,0.08992929400864748,0.03203375168019197
noise_scale,stable_high,3,356,mid,12,0.7488685175194506,0.7561694877474597,0.7532059755387631,1.4749648976592706,0.007300970228009347,0.004337458019312775
noise_scale,stable_high,3,357,all_post,40,0.7909471945463178,0.7825665633288741,0.7825665633288741,1.4094416365601974,-0.008380631217443545,-0.008380631217443545
noise_scale,stable_high,3,357,early,12,0.8886390364067646,0.8446107565798285,0.8446107565798285,1.3755110253608012,-0.04402827982693586,-0.04402827982693586
noise_scale,stable_high,3,357,late,16,0.728540083775959,0.7950288180443008,0.7950288180443008,0.951588508283607,0.06648873426834187,0.06648873426834187
noise_scale,stable_high,3,357,mid,12,0.7764648337130158,0.7039060304573507,0.7039060304573507,2.0538430854617147,-0.07255880325566512,-0.07255880325566512
noise_scale,stable_high,3,358,all_post,40,0.7002032198174455,0.6705258830562915,0.6856988946782836,1.4781822839490213,-0.02967733676115402,-0.014504325139161783
noise_scale,stable_high,3,358,early,12,0.6184280547742359,0.6151699367661023,0.6168075230791495,1.3720784733499392,-0.0032581180081335003,-0.0016205316950863608
noise_scale,stable_high,3,358,late,16,0.832649413214813,0.7088537460100351,0.7207306541896132,1.9375425143870348,-0.12379566720477783,-0.11191875902519974
noise_scale,stable_high,3,358,mid,12,0.6053834603308317,0.6747780120748222,0.707881253595645,0.9718057872974183,0.06939455174399056,0.10249779326481341
noise_scale,stable_high,3,359,all_post,40,0.6597360514920754,0.9270373067967747,0.6785431547154257,0.9056967412452341,0.2673012553046992,0.01880710322335034
noise_scale,stable_high,3,359,early,12,0.9059274992056348,0.8583509537809401,0.943179529612065,0.9785445511266219,-0.04757654542469492,0.03725203040643013
noise_scale,stable_high,3,359,late,16,0.5973253750173552,1.143294389589892,0.6073104094385482,0.9160761807444306,0.5459690145725369,0.00998503442119299
noise_scale,stable_high,3,359,mid,12,0.4967588390781427,0.7073808827551192,0.5088837735212898,0.8190096786982508,0.21062204367697637,0.012124934443147023
noise_scale,stable_high,6,350,all_post,39,0.8101668246853586,0.7655851236797657,0.7576041036868841,2.762999046343665,-0.04458170100559294,-0.05256272099847455
noise_scale,stable_high,6,350,early,12,0.7047252461525501,0.7016271847239666,0.6763681452999158,1.8590853534081095,-0.003098061428583367,-0.02835710085263392
noise_scale,stable_high,6,350,late,15,1.0309140922874442,0.971953412466447,0.9587105037693414,3.5815319843199216,-0.05896067982099738,-0.07220358851810306
noise_scale,stable_high,6,350,mid,12,0.6396743187155604,0.5715827016522135,0.5874570619707807,2.643746566808901,-0.06809161706334697,-0.05221725674477956
noise_scale,stable_high,6,351,all_post,39,0.6614632546874589,0.7043888173924565,0.7043888173924565,1.0405280648509059,0.04292556270499747,0.04292556270499747
noise_scale,stable_high,6,351,early,12,0.8228641789382617,0.8037549764281907,0.8037549764281907,1.1188100832782149,-0.019109202510071244,-0.019109202510071244
noise_scale,stable_high,6,351,late,15,0.5440398000302692,0.6427069303712163,0.6427069303712163,0.7964718042034487,0.09866713034094717,0.09866713034094717
noise_scale,stable_high,6,351,mid,12,0.6468416487581438,0.6821250171332727,0.6821250171332727,1.2673163722329195,0.035283368375129055,0.035283368375129055
noise_scale,stable_high,6,352,all_post,39,0.9455533291323929,1.6186717280003917,0.9560742313825387,1.981662610131504,0.6731183988679987,0.010520902250145861
noise_scale,stable_high,6,352,early,12,0.8212281756232636,0.7943554172854285,0.7255394074600453,1.259063255637477,-0.026872758337835204,-0.09568876816321821
noise_scale,stable_high,6,352,late,15,1.088950291726003,1.45640189950706,0.8754022109097351,2.607177252201736,0.36745160778105695,-0.21354808081626786
noise_scale,stable_high,6,352,mid,12,0.8906322793995095,2.645825324332019,1.2874490808960364,1.9223686620377418,1.7551930449325097,0.396816801496527
noise_scale,stable_high,6,353,all_post,39,0.7985277610796543,0.7670258051569155,0.8047744087542831,1.1742270656615672,-0.03150195592273887,0.0062466476746287775
noise_scale,stable_high,6,353,early,12,0.6829266046390469,0.6847980139173915,0.667448065737017,1.1895396789273296,0.0018714092783449394,-0.015478538902029737
noise_scale,stable_high,6,353,late,15,0.9973173998089013,0.9118261274180762,1.0381417392712335,0.9663858841077869,-0.08549127239082516,0.04082433946233203
noise_scale,stable_high,6,353,mid,12,0.665641869108703,0.6682531935699881,0.6503915886253614,1.4187159293380294,0.002611324461285168,-0.015250280483341797
noise_scale,stable_high,6,354,all_post,39,0.7216195363692943,1.454868924600818,1.32621094135123,1.2710926535712825,0.7332493882315235,0.604591404981936
noise_scale,stable_high,6,354,early,12,0.9134987348483293,1.2531197831960554,1.1531002392846612,1.4335199821547937,0.3396210483477263,0.23960150443633185
noise_scale,stable_high,6,354,late,15,0.5461045951441524,1.715369883402853,1.5450833587853738,1.3721690585035586,1.1692652882587007,0.9989787636412217
noise_scale,stable_high,6,354,mid,12,0.7491340144216863,1.3309918675030354,1.2257311216251192,0.9823198188224257,0.5818578530813495,0.4765971072034329
noise_scale,stable_high,6,355,all_post,39,0.70415844352084,0.7027009915417807,0.7036198440628108,0.96011728133919,-0.0014574519790592866,-0.0005385994580291232
noise_scale,stable_high,6,355,early,12,0.743290369445336,0.8131839085725988,0.665031228280058,0.6912278816043069,0.06989353912726276,-0.07825914116527798
noise_scale,stable_high,6,355,late,15,0.7284448552419066,0.7185938083414796,0.7516107647179833,1.1243646962975122,-0.009851046900426737,0.023165909476076992
noise_scale,stable_high,6,355,mid,12,0.634668502945011,0.572352053511339,0.6822198090265981,1.0236974123761708,-0.062316449433672004,0.047551306081587114
noise_scale,stable_high,6,356,all_post,39,0.7957658231227301,0.7581697614802897,0.7578547058914571,1.6151176359642394,-0.037596061642440594,-0.03791111723127311
noise_scale,stable_high,6,356,early,12,0.5740078520453978,0.5289125056108496,0.5343450776263924,1.5363738060782293,-0.045095346434548135,-0.03966277441900532
noise_scale,stable_high,6,356,late,15,0.9915107891992132,0.9374328268812518,0.9308895472920036,1.5807300411636658,-0.05407796231796143,-0.060621241907209446
noise_scale,stable_high,6,356,mid,12,0.772842586604459,0.7633481855985269,0.7650707824058385,1.7368459593509664,-0.00949440100593204,-0.007771804198620456
noise_scale,stable_high,6,357,all_post,39,0.8872935768197789,0.8581430957666522,0.8581430957666522,1.6999949494653976,-0.029150481053126932,-0.029150481053126932
noise_scale,stable_high,6,357,early,12,1.0179059182951509,0.9831515555013398,0.9831515555013398,1.921545234219292,-0.03475436279381113,-0.03475436279381113
noise_scale,stable_high,6,357,late,15,0.8690919326890632,0.8766439810017475,0.8766439810017475,1.2895657013629351,0.0075520483126844595,0.0075520483126844595
noise_scale,stable_high,6,357,mid,12,0.7794332905078023,0.7100085294880953,0.7100085294880953,1.991481224839582,-0.06942476101970696,-0.06942476101970696
noise_scale,stable_high,6,358,all_post,39,0.7098988898470239,0.6756558302762014,0.6755420178978946,1.9486788212616812,-0.03424305957082232,-0.034356871949129286
noise_scale,stable_high,6,358,early,12,0.6109127301526652,0.6107638031059589,0.610065727081135,1.5663580869361573,-0.00014892704670627088,-0.0008470030715301535
noise_scale,stable_high,6,358,late,15,0.7897097710288893,0.747062877123928,0.7439920828890673,2.6526312763053483,-0.042646893904961354,-0.0457176881398221
noise_scale,stable_high,6,358,mid,12,0.7091214480640501,0.6512890488867856,0.6554557274756877,1.4510589867826218,-0.057832399177264564,-0.05366572058836239
noise_scale,stable_high,6,359,all_post,39,0.6796212440464438,0.9653628369167327,0.6947997459808414,0.9083150360450956,0.28574159287028905,0.015178501934397617
noise_scale,stable_high,6,359,early,12,0.8298969921526623,0.8096381356916735,0.9285208205763952,1.0051458673192497,-0.020258856460988666,0.09862382842373285
noise_scale,stable_high,6,359,late,15,0.6288830213045756,1.2560321123586988,0.6299375048354025,0.9711806560356061,0.6271490910541232,0.0010544835308269366
noise_scale,stable_high,6,359,mid,12,0.5927682743675609,0.757750943839335,0.5421564728170866,0.7329021797828034,0.16498266947177417,-0.050611801550474254
noise_scale,stable_high,12,350,all_post,37,1.0224588962555583,0.9831662202544112,0.8936954110508537,6.9041608857432495,-0.03929267600114699,-0.12876348520470438
noise_scale,stable_high,12,350,early,12,0.8339478444814027,0.7793982198524615,0.6955842096074388,4.33494727794177,-0.054549624628941216,-0.13836363487396372
noise_scale,stable_high,12,350,late,13,1.2111401362136005,1.2200453637760922,1.0364658534641218,9.004162622857207,0.0089052275624918,-0.1746742827494786
noise_scale,stable_high,12,350,mid,12,1.0065652714085016,0.9303151485078733,0.9371386332132285,7.198372611671275,-0.07625012290062815,-0.0694266381952729
noise_scale,stable_high,12,351,all_post,37,0.7676413947606637,0.8192502301593142,0.8192502301593142,1.090261176054208,0.05160883539865051,0.05160883539865051
noise_scale,stable_high,12,351,early,12,0.9530511625636976,0.9493428351897532,0.9493428351897532,1.167249519753719,-0.0037083273739444977,-0.0037083273739444977
noise_scale,stable_high,12,351,late,13,0.589001651611926,0.6894626529844525,0.6894626529844525,0.8338856349339715,0.10046100137252645,0.10046100137252645
noise_scale,stable_high,12,351,mid,12,0.7757580153687624,0.8297608337349757,0.8297608337349757,1.2910130019016206,0.05400281836621327,0.05400281836621327
noise_scale,stable_high,12,352,all_post,37,1.3913866359076963,2.4684055873763433,1.2292556374780956,3.6405173687114267,1.0770189514686468,-0.16213099842960077
noise_scale,stable_high,12,352,early,12,1.156975348223099,0.9571617674752217,0.7932436550586003,1.3575894372502715,-0.19981358074787767,-0.3637316931644989
noise_scale,stable_high,12,352,late,13,1.4901224368083463,2.1276837812203713,0.9156213120255968,5.2132894853823375,0.6375613444120248,-0.5745011247827494
noise_scale,stable_high,12,352,mid,12,1.518834139283256,4.348764697279769,2.0050381391377985,4.219608840445761,2.829930557996512,0.48620399985454177
noise_scale,stable_high,12,353,all_post,37,0.9180946472691363,0.8712000188537015,0.8905366113652975,1.2209683108677145,-0.046894628415434535,-0.027558035903838606
noise_scale,stable_high,12,353,early,12,0.6637318837801068,0.6806911721890342,0.6720609423086623,1.1244875623730124,0.016959288408927384,0.008329058528555347
noise_scale,stable_high,12,353,late,13,1.3364343687813438,1.1602252935548962,1.2265625825583535,1.0354522373268424,-0.17620907522644794,-0.1098717862229907
noise_scale,stable_high,12,353,mid,12,0.7192560457866067,0.7485981512587417,0.7449841449627891,1.5184248056983611,0.029342105472134793,0.025728099176182222
noise_scale,stable_high,12,354,all_post,37,1.0737169547016991,1.5055740856091482,2.074239657155277,1.91507552947846,0.43185713090744926,1.0005227024535779
noise_scale,stable_high,12,354,early,12,1.8921249288978625,3.235907757946494,2.044724321214001,2.0970943704578917,1.3437828290486313,0.15259939231613773
noise_scale,stable_high,12,354,late,13,0.6516103912878891,0.7169144253010398,2.5485001844001207,2.2659027596710324,0.06530403401315055,1.896889793112232
noise_scale,stable_high,12,354,mid,12,0.7125910908704957,0.6296217119389195,1.5899727552479723,1.3529938557904082,-0.08296937893157612,0.8773816643774769
noise_scale,stable_high,12,355,all_post,37,0.740260537362835,0.7898092019030769,0.7117569164397196,1.0241797641698922,0.04954866454024194,-0.028503620923115307
noise_scale,stable_high,12,355,early,12,0.7955175666497302,0.8920664693066297,0.7334295553248391,0.77566759163681,0.09654890265689953,-0.062088011324891064
noise_scale,stable_high,12,355,late,13,0.7748593336271821,0.820914355687372,0.7201848583498608,1.1773546986704153,0.046055022060189806,-0.05467447527732138
noise_scale,stable_high,12,355,mid,12,0.6475214787895638,0.6538546845665378,0.6809540071519474,1.1067524243274078,0.006333205776974137,0.03343252836238368
noise_scale,stable_high,12,356,all_post,37,0.9988871218021768,0.8447525224308425,0.910957536350065,2.361719188470414,-0.1541345993713341,-0.0879295854521116
noise_scale,stable_high,12,356,early,12,0.6347898770262469,0.5964295962347005,0.6118182608206597,2.1113814403542994,-0.038360280791546374,-0.022971616205587204
noise_scale,stable_high,12,356,late,13,1.529223422302921,1.129584669346661,1.3244123128325265,2.918735585984514,-0.39963875295625984,-0.20481110947039438
noise_scale,stable_high,12,356,mid,12,0.7884533743689675,0.7845072894681818,0.7621874706901378,2.0086225059462524,-0.003946084900785666,-0.02626590367882962
noise_scale,stable_high,12,357,all_post,37,1.1107935460209981,1.0286463552696314,0.9961446762207611,2.5173882836752486,-0.08214719075136678,-0.114648869800237
noise_scale,stable_high,12,357,early,12,1.385019178232316,1.3556049770063021,1.2147951202468728,3.1434431611026823,-0.029414201226013775,-0.17022405798544335
noise_scale,stable_high,12,357,late,13,1.0004404106659166,0.8264564901221662,0.9493251911877805,2.0543577155008563,-0.1739839205437504,-0.05111521947813596
noise_scale,stable_high,12,357,mid,12,0.9561171437776848,0.9207267541093805,0.8282153409803782,2.3929498551034083,-0.03539038966830421,-0.1279018027973067
noise_scale,stable_high,12,358,all_post,37,0.8102420740509071,0.7399029931837511,0.7351144076125287,3.9358583681527834,-0.07033908086715607,-0.07512766643837843
noise_scale,stable_high,12,358,early,12,0.613126082134936,0.60728225904875,0.6069912186989458,2.7097275138537125,-0.00584382308618617,-0.006134863435990373
noise_scale,stable_high,12,358,late,13,0.9553575282151866,0.7541932268774867,0.7446716825455477,5.268959064021586,-0.20116430133769989,-0.21068584566963894
noise_scale,stable_high,12,358,mid,12,0.8501496572889086,0.8570426408172049,0.8528838820153409,3.717796801927317,0.0068929835282965325,0.0027342247264324168
noise_scale,stable_high,12,359,all_post,37,0.8939020249666702,1.1315438333476069,0.7677836597614875,1.121317154145436,0.23764180838093663,-0.12611836520518258
noise_scale,stable_high,12,359,early,12,0.9451560264366083,0.9080894107350449,0.9977855920192691,1.0405670522573154,-0.03706661570156347,0.05262956558266054
noise_scale,stable_high,12,359,late,13,0.8382474058616312,1.6297664440586883,0.7472913098598314,1.4816751065024367,0.7915190381970572,-0.09095609600179973
noise_scale,stable_high,12,359,mid,12,0.9029405275271909,0.8152570943564971,0.5599817732305005,0.8116794743134729,-0.08768343317069387,-0.34295875429669037
noise_scale,stable_low,1,350,all_post,40,0.14033337677744534,0.12028138643741759,0.11491951606077881,0.24914491755218293,-0.020051990340027755,-0.02541386071666652
noise_scale,stable_low,1,350,early,12,0.1759405473203649,0.16263864973020825,0.147338652239439,0.26306234898336756,-0.013301897590156627,-0.028601895080925897
noise_scale,stable_low,1,350,late,16,0.1544735441240931,0.1438034487085338,0.13428615893716364,0.31513751680616314,-0.010670095415559255,-0.020187385186929422
noise_scale,stable_low,1,350,mid,12,0.08587264977232882,0.04656137344980527,0.05667818938027221,0.14723735378235797,-0.03931127632252353,-0.0291944603920566
noise_scale,stable_low,1,351,all_post,40,0.08308679201598237,0.08385868980355822,0.09038698818951017,0.11154407974639782,0.0007718977875758301,0.0073001961735277955
noise_scale,stable_low,1,351,early,12,0.058905554771655204,0.06486093104995609,0.07584886276853461,0.1178338959117818,0.0059553762783008885,0.01694330799687942
noise_scale,stable_low,1,351,late,16,0.10475562809083494,0.10460917861185039,0.10736903861600125,0.09411409598406126,-0.00014644947898454636,0.002613410525166327
noise_scale,stable_low,1,351,mid,12,0.07837624782717285,0.07518913014610411,0.08228237970849764,0.12849424193079587,-0.0031871176810687268,0.0039061318813247963
noise_scale,stable_low,1,352,all_post,40,0.1464025370389313,0.29537210650079143,0.15576407489811023,0.23485982313791207,0.14896956946186016,0.009361537859178915
noise_scale,stable_low,1,352,early,12,0.16367511717578237,0.1625915985297213,0.1281033449191881,0.19178432336676374,-0.0010835186460610782,-0.03557177225659427
noise_scale,stable_low,1,352,late,16,0.16468861148241798,0.21925544169575878,0.13165907341705788,0.27523515124310705,0.05456683021334078,-0.0330295380653601
noise_scale,stable_low,1,352,mid,12,0.10474852431076466,0.5296415008785719,0.2155648068517688,0.2241015521021338,0.42489297656780717,0.11081628254100412
noise_scale,stable_low,1,353,all_post,40,0.12891975731480518,0.1172296648813275,0.11714523928489465,0.1634740544128277,-0.011690092433477703,-0.011774518029910535
noise_scale,stable_low,1,353,early,12,0.11407480002181043,0.10401402489343192,0.10432741782725845,0.16177193363380452,-0.010060775128378524,-0.00974738219455198
noise_scale,stable_low,1,353,late,16,0.1412988794689273,0.13765039902043033,0.13700780865257334,0.131758341287128,-0.0036484804484969756,-0.00429107081635397
noise_scale,stable_low,1,353,mid,12,0.12725921840230375,0.1032176593504192,0.10347963491895923,0.2074637926927839,-0.024041559051884525,-0.02377958348334451
noise_scale,stable_low,1,354,all_post,40,0.089669510624029,0.07594213733786119,0.24255534625220126,0.14508374853243283,-0.013727373286167813,0.1528858356281723
noise_scale,stable_low,1,354,early,12,0.08931246853553819,0.07585391342534288,0.21988697197642484,0.1514101369948238,-0.013458555110195303,0.13057450344088664
noise_scale,stable_low,1,354,late,16,0.08091813074152375,0.07156428968019869,0.2900900803472278,0.15249421189422327,-0.009353841061325061,0.209171949605704
noise_scale,stable_low,1,354,mid,12,0.1016950592225268,0.08186749146059615,0.20184407506794244,0.12887674225432125,-0.01982756776193066,0.10014901584541563
noise_scale,stable_low,1,355,all_post,40,0.09680066293916376,0.10173395511872103,0.08602814376781635,0.08810633863636061,0.004933292179557308,-0.010772519171347387
noise_scale,stable_low,1,355,early,12,0.0818637380528062,0.08445245223559694,0.06988226380585377,0.05727359468190236,0.0025887141827907393,-0.011981474246952431
noise_scale,stable_low,1,355,late,16,0.08386163967624063,0.11219543755524547,0.08311513169342508,0.07298717985866623,0.028333797879004828,-0.0007465079828155737
noise_scale,stable_low,1,355,mid,12,0.1289896188427521,0.1050668147531459,0.10605803982896733,0.139097960961078,-0.023922804089606158,-0.022931579013784748
noise_scale,stable_low,1,356,all_post,40,0.08566875499796597,0.06350656314492685,0.06138082561953597,0.1163233986613688,-0.02216219185303913,-0.024287929378430013
noise_scale,stable_low,1,356,early,12,0.10041110412342875,0.04969494286458787,0.04530466748315926,0.1413438600541516,-0.0507161612588409,-0.05510643664026951
noise_scale,stable_low,1,356,late,16,0.04517590939793019,0.04562577395610932,0.039817843471690643,0.07879263471302377,0.0004498645581791291,-0.0053580659262395455
noise_scale,stable_low,1,356,mid,12,0.1249168666725509,0.10115923567702252,0.10620762661970645,0.1413439558663794,-0.02375763099552837,-0.018709240052844456
noise_scale,stable_low,1,357,all_post,40,0.09495736437768156,0.09210370039813655,0.07654019222842816,0.16164274190753405,-0.002853663979545015,-0.018417172149253414
noise_scale,stable_low,1,357,early,12,0.13096139811955262,0.07893169758328497,0.0703373384961445,0.13727382708014008,-0.052029700536267626,-0.060624059623408104
noise_scale,stable_low,1,357,late,16,0.085849862449835,0.11405037353441938,0.09212397700327159,0.13883135506842464,0.02820051108458439,0.0062741145534366055
noise_scale,stable_low,1,357,mid,12,0.07109666653960595,0.076013472364611,0.06196466626092053,0.21642683918707376,0.004916805825005063,-0.009132000278685418
noise_scale,stable_low,1,358,all_post,40,0.08027894133492022,0.08769119401783419,0.09289731455027775,0.17348260299636564,0.007412252682913963,0.01261837321535752
noise_scale,stable_low,1,358,early,12,0.07823445023329667,0.07560367909357561,0.07593484012645091,0.2156718313635664,-0.0026307711397210633,-0.0022996101068457645
noise_scale,stable_low,1,358,late,16,0.05090037783330103,0.057095291690519356,0.059413195564728426,0.18211120074729298,0.0061949138572183204,0.008512817731427393
noise_scale,stable_low,1,358,mid,12,0.12149485043870269,0.14057324537851254,0.154505280954837,0.1197885776279284,0.01907839493980985,0.033010430516134316
noise_scale,stable_low,1,359,all_post,40,0.11099796719384832,0.1096291210211385,0.09091381404790799,0.11192959767650668,-0.0013688461727098243,-0.020084153145940333
noise_scale,stable_low,1,359,early,12,0.14669622051800973,0.11750893729700977,0.12434858438468065,0.12400102656751155,-0.029187283220999952,-0.0223476361333291
noise_scale,stable_low,1,359,late,16,0.11599898924435718,0.12934332842668936,0.08637970311031097,0.11754376834375002,0.013344339182332188,-0.0296192861340462
noise_scale,stable_low,1,359,mid,12,0.06863168446900846,0.0754636948711994,0.0635245249612647,0.09237260789584405,0.006832010402190958,-0.005107159507743742
noise_scale,stable_low,3,350,all_post,40,0.1053317479804835,0.09683402761094753,0.09567588076310077,0.6310929500245612,-0.008497720369535985,-0.009655867217382746
noise_scale,stable_low,3,350,early,12,0.11808167578905066,0.10787113280667064,0.1033544264321228,0.41844548932797293,-0.010210542982379998,-0.014727249356927832
noise_scale,stable_low,3,350,late,16,0.1249569213849099,0.11838639746236461,0.11556417448141504,0.8028438298989231,-0.006570523922545288,-0.009392746903494857
noise_scale,stable_low,3,350,mid,12,0.06641492229934783,0.05706042928000162,0.06147961013632632,0.6147392375553334,-0.00935449301934623,-0.004935312163021516
noise_scale,stable_low,3,351,all_post,40,0.08191587104971362,0.08183683731849595,0.07957578564704171,0.1290430401719312,-7.903373121768524e-05,-0.0023400854026719166
noise_scale,stable_low,3,351,early,12,0.09594803733065967,0.08869208771839716,0.09153950334201472,0.14134707659929605,-0.007255949612262513,-0.004408533988644956
noise_scale,stable_low,3,351,late,16,0.07357718008032799,0.07898991908213324,0.0747346108736856,0.09662481449439933,0.005412739001805258,0.0011574307933576219
noise_scale,stable_low,3,351,mid,12,0.07900195939461511,0.07877747790041166,0.07406696764987683,0.15996330464794217,-0.00022448149420344876,-0.004934991744738264
noise_scale,stable_low,3,352,all_post,40,0.12445523725548913,0.184122037954327,0.14206444685287473,0.34791471387320005,0.059666800698837875,0.017609209597385576
noise_scale,stable_low,3,352,early,12,0.1134205229176996,0.13055849624074167,0.11484222069016438,0.18153982409168165,0.017137973323042056,0.001421697772464761
noise_scale,stable_low,3,352,late,16,0.1454229060929395,0.12811409662841294,0.11230438370564871,0.4696631037321494,-0.017308809464526544,-0.03311852238729077
noise_scale,stable_low,3,352,mid,12,0.10753305981001149,0.3123628347691311,0.20896675721188632,0.35195841717611925,0.20482977495911958,0.10143369740187486
noise_scale,stable_low,3,353,all_post,40,0.09835817676367076,0.10687183603919426,0.09480118968554876,0.1320874409232135,0.008513659275523536,-0.0035569870781220017
noise_scale,stable_low,3,353,early,12,0.09741087676967831,0.10034299006401425,0.10242041934304184,0.1491602664862405,0.00293211329433591,0.005009542573363511
noise_scale,stable_low,3,353,late,16,0.09792825885356446,0.12189963281345734,0.0931893799704906,0.10640611140288395,0.023971373959892905,-0.004738878883073856
noise_scale,stable_low,3,353,mid,12,0.09987870063780489,0.09336361964869022,0.08933103964813317,0.14925638805395924,-0.006515080989114669,-0.010547660989671706
noise_scale,stable_low,3,354,all_post,40,0.08526886134622433,0.08140488791804262,0.07463477995954212,0.18704410087311202,-0.003863973428181704,-0.010634081386682207
noise_scale,stable_low,3,354,early,12,0.11473821012326373,0.12956677466631938,0.09627274312557906,0.19182135454816632,0.014828564543055643,-0.01846546699768466
noise_scale,stable_low,3,354,late,16,0.06687919823898203,0.05456889345446703,0.05627147009951303,0.21351216381532806,-0.01231030478451499,-0.010607728139468994
noise_scale,stable_low,3,354,mid,12,0.08031906337884134,0.0690243271212,0.07748122994021066,0.1469760966084363,-0.011294736257641337,-0.002837833438630692
noise_scale,stable_low,3,355,all_post,40,0.09955865873542019,0.094008153891902,0.09225549653163258,0.1107079687537483,-0.005550504843518199,-0.007303162203787621
noise_scale,stable_low,3,355,early,12,0.0813276343861965,0.0801312539718494,0.07857347587859323,0.07823046715214461,-0.0011963804143470971,-0.002754158507603263
noise_scale,stable_low,3,355,late,16,0.11489505684166137,0.10849272217492191,0.10392803955189002,0.12936838040308118,-0.006402334666739482,-0.010967017289771374
noise_scale,stable_low,3,355,mid,12,0.0973411522763223,0.08857229610126138,0.09037412649099534,0.11830492148957479,-0.00876885617506092,-0.006967025785326973
noise_scale,stable_low,3,356,all_post,40,0.09179724196175806,0.08962142971814993,0.08681039112314201,0.22782500358802432,-0.0021758122436081355,-0.0049868508386160535
noise_scale,stable_low,3,356,early,12,0.07254088146400821,0.06368249812622755,0.06435031372117567,0.21636026015714716,-0.008858383337780665,-0.00819056774283255
noise_scale,stable_low,3,356,late,16,0.10053861113014557,0.10129032103726426,0.09175364146294807,0.2539237809275824,0.0007517099071186958,-0.008784969667197507
noise_scale,stable_low,3,356,mid,12,0.09939844356832461,0.10000183955125323,0.10267946807203367,0.20449137723282393,0.0006033959829286258,0.0032810245037090523
noise_scale,stable_low,3,357,all_post,40,0.10226822573823431,0.11330636348892745,0.11118926646984595,0.23653184531086024,0.0110381377506931,0.00892104073161163
noise_scale,stable_low,3,357,early,12,0.11320689181204513,0.14425982318389372,0.13957147705325726,0.27926570101205705,0.031052931371848568,0.026364585241212112
noise_scale,stable_low,3,357,late,16,0.09832095119450751,0.09556900555012487,0.09501883318878589,0.15894373171257217,-0.0027519456443826284,-0.00330211800572162
noise_scale,stable_low,3,357,mid,12,0.09659259238939262,0.10600271437903123,0.10436763359451479,0.29724880774071416,0.009410121989638606,0.0077750412051221475
noise_scale,stable_low,3,358,all_post,40,0.09104000236292724,0.08674471665251653,0.08960206584960698,0.3712398134649709,-0.0042952857104107105,-0.0014379365133202738
noise_scale,stable_low,3,358,early,12,0.06911890801030281,0.06871961986939704,0.06838730545420428,0.2408206261108775,-0.00039928814090576446,-0.000731602556098504
noise_scale,stable_low,3,358,late,16,0.09706970981206105,0.09170309016872047,0.09231866539966033,0.49264972399072987,-0.00536661964334057,-0.004751044412400715
noise_scale,stable_low,3,358,mid,12,0.10492148678337326,0.09815864874736407,0.10719469351160514,0.3397791201180527,-0.0067628380360091785,0.002273206728231882
noise_scale,stable_low,3,359,all_post,40,0.09399213209983993,0.12752586285226977,0.089260997801105,0.12466208484598311,0.03353373075242982,-0.004731134298734949
noise_scale,stable_low,3,359,early,12,0.11874255115400856,0.1960150452708124,0.1225787848649899,0.10702456334840234,0.07727249411680384,0.0038362337109813164
noise_scale,stable_low,3,359,late,16,0.0762421373942646,0.09607532129064868,0.07654455961455692,0.1491897229281225,0.01983318389638409,0.0003024222202923227
noise_scale,stable_low,3,359,mid,12,0.09290837265310509,0.10097073584922185,0.07289846165261753,0.10959608890071133,0.008062363196116763,-0.020009911000487574
noise_scale,stable_low,6,350,all_post,39,0.12902815324184078,0.11694405381603787,0.10704958275777453,1.7044106673499375,-0.0120840994258029,-0.02197857048406623
noise_scale,stable_low,6,350,early,12,0.11385637949111221,0.09780257052332354,0.10130305093807725,1.1075298936042821,-0.016053808967788668,-0.012553328553034955
noise_scale,stable_low,6,350,late,15,0.16662718497278764,0.15666900836277803,0.13783086249416052,2.1705412260022263,-0.00995817661000952,-0.028796322478627092
noise_scale,stable_low,6,350,mid,12,0.09720113732888584,0.08642934392532697,0.07431951490698939,1.718628242780232,-0.010771793403558867,-0.022881622421896435
noise_scale,stable_low,6,351,all_post,39,0.09259636770714168,0.09178954043725031,0.09229193723973297,0.13766038299929034,-0.0008068272698913258,-0.0003044304674086839
noise_scale,stable_low,6,351,early,12,0.10912650397266628,0.10039080264059497,0.10325939884422201,0.1155817738660909,-0.008735701332071326,-0.00586710512844429
noise_scale,stable_low,6,351,late,15,0.07399229977640405,0.08575858501333884,0.0848175835282426,0.11359229447665256,0.011766285236934784,0.010825283751838534
noise_scale,stable_low,6,351,mid,12,0.09932131635503903,0.09072697251379508,0.09066741777460692,0.18982410278578707,-0.008594343841243962,-0.008653898580432098
noise_scale,stable_low,6,352,all_post,39,0.1717225391939263,0.2928262193128059,0.1844285561007108,0.8056390763239284,0.12110368011887963,0.012706016906784526
noise_scale,stable_low,6,352,early,12,0.21609163472721662,0.17041509334839153,0.1360339468956825,0.21804495600508508,-0.04567654137882512,-0.08005768783153415
noise_scale,stable_low,6,352,late,15,0.16193551430723735,0.17829178558352704,0.12357814214028058,1.1925342132933527,0.016356271276289653,-0.038357372166956796
noise_scale,stable_low,6,352,mid,12,0.13958722476899707,0.558405387438819,0.3088861827562769,0.90961427543099,0.41881816266982197,0.1692989579872798
noise_scale,stable_low,6,353,all_post,39,0.11823133553556212,0.10501081052413361,0.10402805924286722,0.14912622837605335,-0.013220525011428511,-0.014203276292694906
noise_scale,stable_low,6,353,early,12,0.10056363228610533,0.10088664516600432,0.09844705641958984,0.13064222106218917,0.00032301287989894636,-0.0021165758665155263
noise_scale,stable_low,6,353,late,15,0.12366238669618007,0.1029903143489974,0.10412333443231793,0.13796608492896228,-0.020672072347182678,-0.01953905226386216
noise_scale,stable_low,6,353,mid,12,0.12911022483424645,0.11166059610118316,0.10948996807933124,0.18156041499878128,-0.01744962873306327,-0.01962025675491521
noise_scale,stable_low,6,354,all_post,39,0.12131841959296445,0.10195827800027561,0.0924099483227197,0.3455040693512086,-0.019360141592688812,-0.028908471270244745
noise_scale,stable_low,6,354,early,12,0.1835897040403417,0.16227096722275514,0.12687624149908025,0.3216465173014407,-0.02131873681758655,-0.05671346254126147
noise_scale,stable_low,6,354,late,15,0.09544086656334456,0.06576849198463132,0.06615353712784781,0.44951674861495056,-0.029672374578713235,-0.029287329435496747
noise_scale,stable_low,6,354,mid,12,0.09139407643261206,0.08688282129735153,0.09076416913994904,0.2393457723212988,-0.004511255135260533,-0.0006299072926630201
noise_scale,stable_low,6,355,all_post,39,0.1173389890617764,0.11697214673905627,0.11142950162464281,0.12010864351779765,-0.00036684232272010783,-0.005909487437133574
noise_scale,stable_low,6,355,early,12,0.08472808105933442,0.08926259105629143,0.0827963530740856,0.07671982770541326,0.004534509996957007,-0.0019317279852488379
noise_scale,stable_low,6,355,late,15,0.15383557231497827,0.15445236903601287,0.1395079039915558,0.1466152631243837,0.0006167967210345969,-0.014327668323422471
noise_scale,stable_low,6,355,mid,12,0.10432916799771601,0.09783142455062539,0.1049646472165588,0.1303641848219494,-0.006497743447090605,0.0006354792188428132
noise_scale,stable_low,6,356,all_post,39,0.11135214351758166,0.10230807482055826,0.09681673755803616,0.4139392766998918,-0.009044068697023417,-0.014535405959545545
noise_scale,stable_low,6,356,early,12,0.08147081220526409,0.06521977222713975,0.06499787335955534,0.3235794247357729,-0.01625103997812434,-0.01647293884570875
noise_scale,stable_low,6,356,late,15,0.1438441324563388,0.13433250993516854,0.11843338279370735,0.5695831081378387,-0.009511622521170248,-0.02541074966263145
noise_scale,stable_low,6,356,mid,12,0.10061848865645288,0.09936583352071393,0.10161479521192791,0.3097443393665766,-0.0012526551357389427,0.000996306555475041
noise_scale,stable_low,6,357,all_post,39,0.12816378811320278,0.14174869820851463,0.13258806314939775,0.4407218883309377,0.013584910095311833,0.004424275036194935
noise_scale,stable_low,6,357,early,12,0.16332803859264125,0.1631894935028577,0.17456119341808574,0.6291421932151364,-0.00013854508978357558,0.01123315482544447
noise_scale,stable_low,6,357,late,15,0.1221281889079671,0.12883172822811556,0.11295863522310433,0.30123077196841475,0.0067035393201484664,-0.009169553684862757
noise_scale,stable_low,6,357,mid,12,0.10054403664030893,0.13645411538967037,0.11515171778857643,0.4266654788998929,0.035910078749361446,0.014607681148267515
noise_scale,stable_low,6,358,all_post,39,0.12053697342118631,0.09959407169758026,0.10567122854350763,0.9025936161422704,-0.020942901723606053,-0.014865744877678715
noise_scale,stable_low,6,358,early,12,0.07356710278621247,0.07375476944995651,0.07147159520112976,0.4927517445862095,0.00018766666374404246,-0.002095507585082696
noise_scale,stable_low,6,358,late,15,0.11543000862089808,0.10435955426739216,0.10672372804493557,1.2310794181435538,-0.011070454353505907,-0.008706280575962476
noise_scale,stable_low,6,358,mid,12,0.17389055005652054,0.11947652073293914,0.1385552375091005,0.9018282351967274,-0.05441402932358134,-0.03533531254742003
noise_scale,stable_low,6,359,all_post,39,0.12842970581717328,0.22789671069693612,0.10642385139787049,0.17216979266388252,0.09946700487976291,-0.022005854419302792
noise_scale,stable_low,6,359,early,12,0.17330910204504868,0.1061999592519212,0.1495617446170215,0.11623168853455783,-0.06710914279312748,-0.02374735742802717
noise_scale,stable_low,6,359,late,15,0.08067372280149371,0.3597936799965745,0.08580818549034122,0.24605762735298384,0.2791199571950808,0.005134462688847518
noise_scale,stable_low,6,359,mid,12,0.1432452883588973,0.18472225051740324,0.08905554056313099,0.1357481034318306,0.04147696215850594,-0.05418974779576632
noise_scale,stable_low,12,350,all_post,37,0.2604186315775502,0.164706794247417,0.1636286020778102,5.779126978546489,-0.09571183733013322,-0.09679002949974005
noise_scale,stable_low,12,350,early,12,0.16711307953931653,0.14866600277291486,0.14710095496009548,3.9330374806497184,-0.01844707676640169,-0.020012124579221073
noise_scale,stable_low,12,350,late,13,0.24966690765629906,0.21147414492882133,0.19965813854778783,7.5067431004009775,-0.038192762727477694,-0.05000876910851122
noise_scale,stable_low,12,350,mid,12,0.36537188453047253,0.1300829558170643,0.14112425135304896,5.75363234443423,-0.2352889287134082,-0.22424763317742358
noise_scale,stable_low,12,351,all_post,37,0.13164320256575648,0.1432339752640842,0.13928880490422924,0.20417375321623185,0.011590772698327773,0.007645602338472795
noise_scale,stable_low,12,351,early,12,0.13393064592095735,0.13839862295476435,0.14258804342938672,0.11741826241411728,0.004467977033807037,0.00865739750842936
noise_scale,stable_low,12,351,late,13,0.09197268342547507,0.14318644638449116,0.1291351459318415,0.21525696351883672,0.051213762959016064,0.037162462506366394
noise_scale,stable_low,12,351,mid,12,0.17233215494586038,0.14812081719296324,0.14698936359915857,0.27892243285719104,-0.024211337752897133,-0.025342791346701827
noise_scale,stable_low,12,352,all_post,37,0.3645024085547274,0.38557425073063584,0.35457597590202494,2.5311215060159387,0.021071842175908375,-0.009926432652702578
noise_scale,stable_low,12,352,early,12,0.5203844206023874,0.23994646330019165,0.22486547079568844,0.4876690916367373,-0.28043795730219573,-0.2955189498066989
noise_scale,stable_low,12,352,late,13,0.24579011979068804,0.16951461265479303,0.16446424930661077,3.895027756570234,-0.07627550713589501,-0.08132587048407726
noise_scale,stable_low,12,352,mid,12,0.3372253760014436,0.7652666460765764,0.6902408514867266,3.097008815627987,0.4280412700751329,0.35301547548528295
noise_scale,stable_low,12,353,all_post,37,0.22122062164748318,0.1895088908944162,0.19058100014412777,0.20245264123722262,-0.03171173075306697,-0.03063962150335541
noise_scale,stable_low,12,353,early,12,0.09532236711681663,0.0998703937145131,0.09857167089820414,0.12365622531879861,0.004548026597696486,0.0032493037813875313
noise_scale,stable_low,12,353,late,13,0.28614375211143606,0.24634938448435062,0.25031538220736815,0.21379319562179613,-0.03979436762708541,-0.03582836990406784
noise_scale,stable_low,12,353,mid,12,0.2767854848422009,0.21757018668522368,0.21787808215487428,0.26896345657235865,-0.059215298156977174,-0.05890740268732656
noise_scale,stable_low,12,354,all_post,37,0.2085661842710713,0.14562281744695416,0.14005778952653947,0.8946259074316395,-0.06294336682411714,-0.0685083947445318
noise_scale,stable_low,12,354,early,12,0.38708578526559695,0.24536335024753808,0.23261228314023677,0.8038568360845925,-0.14172243501805887,-0.15447350212536018
noise_scale,stable_low,12,354,late,13,0.14196247289924077,0.10171868980426321,0.10022655488358966,1.247742521669968,-0.04024378309497759,-0.041735918015651116
noise_scale,stable_low,12,354,mid,12,0.10220060392936203,0.09344508959261877,0.09065380010937112,0.6028519800204973,-0.008755514336743249,-0.011546803819990903
noise_scale,stable_low,12,355,all_post,37,0.1599671157490687,0.15928383042638647,0.15910750143060368,0.1544105241187069,-0.0006832853226822005,-0.0008596143184649911
noise_scale,stable_low,12,355,early,12,0.09901292703868092,0.09623569461084748,0.09624900531548837,0.09656367095075279,-0.002777232427833448,-0.0027639217231925414
noise_scale,stable_low,12,355,late,13,0.19176959020294537,0.1957477924115942,0.19442079725627553,0.17791235708936842,0.003978202208648877,0.0026512070533301624
noise_scale,stable_low,12,355,mid,12,0.18646862380109006,0.18282934075795043,0.1837099270679078,0.18679705823511103,-0.003639283043139617,-0.002758696733182192
noise_scale,stable_low,12,356,all_post,37,0.1762595304437647,0.1503828078258699,0.14395465602073187,1.1185861383835165,-0.02587672261789473,-0.032304874423032745
noise_scale,stable_low,12,356,early,12,0.09821668088978007,0.08116625558168387,0.08085652228042517,0.7427071925621712,-0.01705042530809617,-0.01736015860935489
noise_scale,stable_low,12,356,late,13,0.29062805145835935,0.23972544233121315,0.21990810342101225,1.8652000650195943,-0.05090260912714616,-0.0707199480373471
noise_scale,stable_low,12,356,mid,12,0.130403148898605,0.12281150602260076,0.1247698884107349,0.6856333303491106,-0.0075916428760042275,-0.0056332604878700605
noise_scale,stable_low,12,357,all_post,37,0.22727017640818678,0.21006694142228435,0.20748532802193892,1.16498456410853,-0.017203234985902333,-0.019784848386247778
noise_scale,stable_low,12,357,early,12,0.3560106209071275,0.297151235966669,0.2904261836861424,1.8325737688528279,-0.0588593849404585,-0.06558443722098509
noise_scale,stable_low,12,357,late,13,0.18867044116620063,0.15414182074265143,0.1557398233568627,0.8050839368961659,-0.03452862042354924,-0.03293061780933795
noise_scale,stable_low,12,357,mid,12,0.14034611175473077,0.18356819428083537,0.18060210241156796,0.8872877055109601,0.04322208252610465,0.04025599065683721
noise_scale,stable_low,12,358,all_post,37,0.2142738538125306,0.14854293122671863,0.1620004184906622,2.872866315851407,-0.065730922585812,-0.052273435321868414
noise_scale,stable_low,12,358,early,12,0.09186791702703034,0.09436524185553245,0.08678915156510003,1.5082305236408498,0.002497324828502108,-0.005078765461930336
noise_scale,stable_low,12,358,late,13,0.1658767139495603,0.13692668360072832,0.14606253615319703,3.9252672273621467,-0.028950030348832055,-0.01981417779636332
noise_scale,stable_low,12,358,mid,12,0.389110025449582,0.21530488885939428,0.25447772461514495,3.097401120591995,-0.17380513659018768,-0.13463230083443697
noise_scale,stable_low,12,359,all_post,37,0.19033893659763423,0.4268219306981434,0.1628301965161939,0.3573509089379235,0.2364829941005091,-0.027508740081440285
noise_scale,stable_low,12,359,early,12,0.17833975475951716,0.18027005988892977,0.24643969519176603,0.17047055586414925,0.001930305129412599,0.06809994043224889
noise_scale,stable_low,12,359,late,13,0.12248280947969678,0.7434522587848331,0.11666961389747062,0.6175641946880236,0.6209694493051363,-0.0058131955822261555
noise_scale,stable_low,12,359,mid,12,0.2758489228135167,0.3303576127467764,0.12922799567757196,0.26233353578242286,0.054508689933259656,-0.14662092713594474
persistence,high_to_low,1,350,all_post,40,0.5151684976536558,0.752779945992626,0.7125931105326788,0.7247064177925275,0.23761144833897024,0.19742461287902316
persistence,high_to_low,1,350,early,12,0.7061420202428591,1.0222713654971152,0.877577948742935,0.8905152043536225,0.316129345254256,0.17143592850007602
persistence,high_to_low,1,350,late,16,0.5367536081544214,0.9141488784999413,0.8842467321147685,0.8981981854470896,0.37739527034551984,0.34749312396034693
persistence,high_to_low,1,350,mid,12,0.29541482773009803,0.2681299498117165,0.3187367768796366,0.3275752743586828,-0.02728487791838155,0.023321949149538487
persistence,high_to_low,1,351,all_post,40,0.339212258117391,0.6710714467585661,0.5929840052614548,0.45901106730832264,0.33185918864117514,0.2537717471440638
persistence,high_to_low,1,351,early,12,0.41424151511083956,0.7852437152809345,0.662430269023195,0.5266857685774355,0.37100220017009516,0.24818875391235548
persistence,high_to_low,1,351,late,16,0.3139688720433009,0.5283552358355323,0.5082469731740388,0.3791924337763978,0.21438636379223153,0.19427810113073796
persistence,high_to_low,1,351,mid,12,0.29784084922272924,0.7471874594669091,0.6365204509496026,0.49776121074844304,0.4493466102441799,0.3386796017268734
persistence,high_to_low,1,352,all_post,40,0.5442591273381785,0.702487648345949,0.7161323515764326,0.7869627347781183,0.1582285210077706,0.17187322423825405
persistence,high_to_low,1,352,early,12,0.5907375666503875,0.6265957938565022,0.6459779948498874,0.7351198146507464,0.03585822720611478,0.05524042819950006
persistence,high_to_low,1,352,late,16,0.6127255055993461,0.8133603380392043,0.8331890911758046,0.9312575517780165,0.20063483243985825,0.22046358557645845
persistence,high_to_low,1,352,mid,12,0.406492183677746,0.6305492499110555,0.6302110555038147,0.6464125655722928,0.22405706623330957,0.22371887182606884
persistence,high_to_low,1,353,all_post,40,0.524691848447282,0.6060878981443475,0.6038013341519984,0.6462558814065504,0.08139604969706551,0.0791094857047164
persistence,high_to_low,1,353,early,12,0.486919402711178,0.6415692247157158,0.6400792366754845,0.6633927458717878,0.15464982200453767,0.1531598339643064
persistence,high_to_low,1,353,late,16,0.619341256165521,0.519029189044302,0.5200367368803326,0.5016243417540769,-0.10031206712121907,-0.09930451928518841
persistence,high_to_low,1,353,mid,12,0.43626508389240065,0.6866848503730402,0.6792095613240668,0.8219610698112775,0.2504197664806395,0.24294447743166617
persistence,high_to_low,1,354,all_post,40,0.32166093277430474,0.44166114694572733,0.43559634912592243,0.49844045907930995,0.12000021417142266,0.1139354163516177
persistence,high_to_low,1,354,early,12,0.3915563667456187,0.4378716361413931,0.4296462487482442,0.5136966979281564,0.04631526939577432,0.0380898820026255
persistence,high_to_low,1,354,late,16,0.2613474867071374,0.47023780245017666,0.46503249444921657,0.5158075760438805,0.2088903157430393,0.20368500774207915
persistence,high_to_low,1,354,mid,12,0.33218342689254715,0.40734845041079604,0.40229825573920847,0.4600280642777028,0.07516502351824879,0.0701148288466613
persistence,high_to_low,1,355,all_post,40,0.3451024536461288,0.3310371512679583,0.33864778447336075,0.3386477874901245,-0.014065302378170459,-0.006454669172768013
persistence,high_to_low,1,355,early,12,0.24131855800081184,0.20019019470685692,0.2050581966733852,0.20505819879909834,-0.04112836329395496,-0.036260361327426584
persistence,high_to_low,1,355,late,16,0.3444183725136316,0.28547594635234885,0.290178809937044,0.29017881170795573,-0.05894242616128272,-0.05423956257658764
persistence,high_to_low,1,355,mid,12,0.44979845746810865,0.5226323810498724,0.536862671655092,0.5368626772240422,0.07283392358176374,0.08706421418698336
persistence,high_to_low,1,356,all_post,40,0.31906522519040204,0.4252933970837446,0.4252933970837446,0.42529340601479415,0.10622817189334251,0.10622817189334251
persistence,high_to_low,1,356,early,12,0.3901350572542904,0.5126126531829459,0.5126126531829459,0.5126126667524457,0.12247759592865547,0.12247759592865547
persistence,high_to_low,1,356,late,16,0.18081564234570058,0.28584495113913466,0.28584495113913466,0.28584495907415763,0.10502930879343408,0.10502930879343408
persistence,high_to_low,1,356,mid,12,0.43232817025278214,0.5239054022440229,0.5239054022440229,0.5239054078646582,0.09157723199124074,0.09157723199124074
persistence,high_to_low,1,357,all_post,40,0.26522338098919873,0.564443411284248,0.5733813526328555,0.5760351408988483,0.2992200302950493,0.3081579716436568
persistence,high_to_low,1,357,early,12,0.27239067334049577,0.45320408095707837,0.45747983235231415,0.4587632071256023,0.18081340761658268,0.18508915901181847
persistence,high_to_low,1,357,late,16,0.2598552843377275,0.5284512892747248,0.535948816864039,0.5381805554885355,0.2685960049369974,0.2760935325263115
persistence,high_to_low,1,357,mid,12,0.26521355083986325,0.723672237624115,0.7391929206051522,0.7437798552191781,0.45845868678425167,0.47397936976528876
persistence,high_to_low,1,358,all_post,40,0.2818488230880316,0.2822725174786185,0.6546760888744584,0.54724895303627,0.0004236943905868845,0.37282726578642683
persistence,high_to_low,1,358,early,12,0.335025267136794,0.3419577217510738,0.8246860888934723,0.7348832628091087,0.006932454614279867,0.4896608217566784
persistence,high_to_low,1,358,late,16,0.17998805672282228,0.17204977308588873,0.6928481469266586,0.556480402384692,-0.007938283636933552,0.5128600902038363
persistence,high_to_low,1,358,mid,12,0.36448673419288163,0.36955097239646945,0.4337700114525109,0.347306044132202,0.005064238203587812,0.06928327725962916
persistence,high_to_low,1,359,all_post,40,0.4540337889256113,0.3958790966874101,0.3958790966874101,0.39587910090721457,-0.05815469223820117,-0.05815469223820117
persistence,high_to_low,1,359,early,12,0.5248072076300375,0.3823772226973377,0.3823772226973377,0.3823772228177858,-0.14242998493269968,-0.14242998493269968
persistence,high_to_low,1,359,late,16,0.4300470419753572,0.4305444879279534,0.4305444879279534,0.43054449440744863,0.0004974459525962163,0.0004974459525962163
persistence,high_to_low,1,359,mid,12,0.41524269948819065,0.3631604490234248,0.3631604490234248,0.3631604543296645,-0.05208225046476581,-0.05208225046476581
persistence,high_to_low,3,350,all_post,40,0.386545891108388,0.3758463942203564,0.3806183211373611,1.0549047118995882,-0.010699496888031556,-0.005927569971026893
persistence,high_to_low,3,350,early,12,0.449072238422534,0.43392508139373337,0.4294124241406862,0.8272481910522814,-0.015147157028800658,-0.019659814281847873
persistence,high_to_low,3,350,late,16,0.4562564971997783,0.4403810278803729,0.4391284650568541,1.3339236799380556,-0.015875469319405436,-0.0171280321429242
persistence,high_to_low,3,350,mid,12,0.2310720690057215,0.23172152883362418,0.2538106929080453,0.9105359420289393,0.0006494598279027097,0.022738623902323844
persistence,high_to_low,3,351,all_post,40,0.345860165746675,0.4989913322490219,0.4989913322490219,0.49899133842270055,0.15313116650234693,0.15313116650234693
persistence,high_to_low,3,351,early,12,0.49819566080667377,0.596370752498011,0.596370752498011,0.5963707617173667,0.09817509169133724,0.09817509169133724
persistence,high_to_low,3,351,late,16,0.2697622768059992,0.36348607967027746,0.36348607967027746,0.363486082422965,0.09372380286427827,0.09372380286427827
persistence,high_to_low,3,351,mid,12,0.2949885226075774,0.5822855821050256,0.5822855821050256,0.5822855897943485,0.28729705949744816,0.28729705949744816
persistence,high_to_low,3,352,all_post,40,0.47660851739595317,0.7549945994606817,0.7449237804668265,0.8117675966966026,0.2783860820647285,0.2683152630708734
persistence,high_to_low,3,352,early,12,0.5135828077575232,0.5586814147767161,0.5300153816934076,0.651053001784165,0.04509860701919288,0.0164325739358845
persistence,high_to_low,3,352,late,16,0.46932070452812863,0.9447448055135773,0.9342115472058199,1.015453173001507,0.4754241009854487,0.4648908426776912
persistence,high_to_low,3,352,mid,12,0.4493513108581492,0.6983075094074532,0.7074484902549213,0.7009014232025002,0.24895619854930384,0.25809717939677185
persistence,high_to_low,3,353,all_post,40,0.3869541687196688,0.41637543320788273,0.42970033577004807,0.5075490762129229,0.029421264488213944,0.04274616705037922
persistence,high_to_low,3,353,early,12,0.4247200965724085,0.49991153208532885,0.5175143522232621,0.5898945045635112,0.07519143551292037,0.09279425565085364
persistence,high_to_low,3,353,late,16,0.409813252774857,0.39011358981028293,0.39229586013652196,0.39558601018400674,-0.01969966296457401,-0.017517392638335003
persistence,high_to_low,3,353,mid,12,0.3187094621266782,0.36785512552723637,0.3917589534948687,0.5744877359008892,0.0491456634005581,0.07304949136819046
persistence,high_to_low,3,354,all_post,40,0.31141400472896796,0.443315256806041,0.4485675884383533,0.5241937633391212,0.1319012520770731,0.13715358370938535
persistence,high_to_low,3,354,early,12,0.43735704959918453,0.4757584337122045,0.48447010557516657,0.6046324799335765,0.038401384113020076,0.047113055975982136
persistence,high_to_low,3,354,late,16,0.22189955442996345,0.4588681775013277,0.4625908388562159,0.5246165929120145,0.23696862307136424,0.24069128442625246
persistence,high_to_low,3,354,mid,12,0.3048235602574242,0.39013485230616207,0.3939674040777233,0.44319127398080815,0.0853112920487379,0.08914384382029909
persistence,high_to_low,3,355,all_post,40,0.34981664442640664,0.34414698131571825,0.4097383197106928,0.4406433949416767,-0.005669663110688403,0.05992167528428612
persistence,high_to_low,3,355,early,12,0.36627620591554666,0.394557449880619,0.33981442841109083,0.355210454948065,0.028281243965072367,-0.026461777504455913
persistence,high_to_low,3,355,late,16,0.34777397753464134,0.3612854811767494,0.4561552760419519,0.49112917340887907,0.01351150364210807,0.10838129850731056
persistence,high_to_low,3,355,mid,12,0.33608063879295375,0.27088517960277597,0.41777293590194936,0.45876196364568544,-0.06519545919017782,0.08169229710899557
persistence,high_to_low,3,356,all_post,40,0.4316536634855813,0.6813688986042026,0.6813688986042026,0.6813689091166216,0.24971523511862115,0.24971523511862115
persistence,high_to_low,3,356,early,12,0.5907406766076037,0.7383593319768519,0.7383593319768519,0.7383593463981065,0.14761865536924815,0.14761865536924815
persistence,high_to_low,3,356,late,16,0.371815099817441,0.6390931888726761,0.6390931888726761,0.6390931969865422,0.2672780890552352,0.2672780890552352
persistence,high_to_low,3,356,mid,12,0.35235140192107917,0.6807460782069216,0.6807460782069216,0.680746088008576,0.3283946762858423,0.3283946762858423
persistence,high_to_low,3,357,all_post,40,0.3747260880040072,0.3612066812183188,0.5318687613969393,0.6794748370050612,-0.013519406785688493,0.157142673392932
persistence,high_to_low,3,357,early,12,0.39714883806757295,0.3936773632672514,0.6330870243677323,0.6910073614976308,-0.0034714748003216445,0.23593818630015928
persistence,high_to_low,3,357,late,16,0.3431925303700304,0.35778339098818174,0.41085336524478233,0.45871566032040356,0.014590860618151314,0.06766083487475197
persistence,high_to_low,3,357,mid,12,0.39434808145241057,0.33330038614290225,0.5920043599623556,0.9622878814253686,-0.06104769530950841,0.1976562785099448
persistence,high_to_low,3,358,all_post,40,0.31457127319385497,0.31603358577082286,0.305208392710353,0.7820961357793873,0.0014623125769678946,-0.009362880483501975
persistence,high_to_low,3,358,early,12,0.2688438180301046,0.26199561184956005,0.26137412664692633,0.6551209559112323,-0.006848206180544548,-0.007469691383178244
persistence,high_to_low,3,358,late,16,0.3528725689254085,0.330876853712732,0.32498789176859966,1.0287444025832235,-0.021995715212676483,-0.02788467715680889
persistence,high_to_low,3,358,mid,12,0.3092303340488673,0.35028053576954016,0.3226699933627842,0.5802069599090942,0.04105020172067284,0.013439659313916838
persistence,high_to_low,3,359,all_post,40,0.3131855777264289,0.33803079588220786,0.4068968242882563,0.4077760869161667,0.024845218155778916,0.09371124656182736
persistence,high_to_low,3,359,early,12,0.3896067266913119,0.37316721617114673,0.3970399212163331,0.3976416757266379,-0.016439510520165235,0.0074331945250210975
persistence,high_to_low,3,359,late,16,0.28454554108016844,0.3689581816892197,0.4380918129788995,0.4392759993284475,0.08441264060905122,0.15354627189873102
persistence,high_to_low,3,359,mid,12,0.2749511442898933,0.26165786118392,0.37516040910598875,0.375910614889321,-0.013293283105973358,0.10020926481609543
persistence,high_to_low,6,350,all_post,39,0.3870758101853055,0.40065368687018715,0.4101894841453066,2.0875243040926987,0.013577876684881541,0.02311367396000092
persistence,high_to_low,6,350,early,12,0.3955297485518237,0.3856170227941283,0.38805562363154616,1.3299723313553833,-0.009912725757695319,-0.007474124920277492
persistence,high_to_low,6,350,late,15,0.4964821925769121,0.508300233851272,0.5145676384958963,2.6782636021999626,0.011818041274359758,0.018085445918984134
persistence,high_to_low,6,350,mid,12,0.24186389382927923,0.2811321672198899,0.30185065172082953,2.106652154195934,0.03926827339061062,0.059986757891550314
persistence,high_to_low,6,351,all_post,39,0.3491578679545806,0.3120747010985278,0.30920971396447483,0.4763604064153804,-0.037083166856052785,-0.039948153990105734
persistence,high_to_low,6,351,early,12,0.46640565325960326,0.37429370775070975,0.37186284157954524,0.4921427115011993,-0.09211194550889358,-0.09454281168005811
persistence,high_to_low,6,351,late,15,0.25914691876571483,0.27774348392584325,0.27391628242071275,0.36243305458519326,0.01859656516012837,0.01476936365499798
persistence,high_to_low,6,351,mid,12,0.34442376913564,0.2927697159122015,0.29067337577910696,0.6029872911172953,-0.05165405322343845,-0.053750393356532984
persistence,high_to_low,6,352,all_post,39,0.5524457940912756,1.2267335205887262,1.247151224064837,1.2405663608667996,0.6742877264974505,0.6947054299735612
persistence,high_to_low,6,352,early,12,0.5161183649658602,0.5247757284083697,0.49179107397772714,0.5913594013651317,0.008657363442509674,-0.024327290988132865
persistence,high_to_low,6,352,late,15,0.5409188500276106,1.7002872649424854,1.7361189701684976,1.712308489719761,1.1593684149148749,1.1952001201408868
persistence,high_to_low,6,352,mid,12,0.6031819032962727,1.3367491323268839,1.3913016915223706,1.3000956593022661,0.7335672290306112,0.7881197882260977
persistence,high_to_low,6,353,all_post,39,0.42690398461037066,0.4309106001193139,0.4049204069105583,0.5424223207265841,0.004006615508943293,-0.0219835776998124
persistence,high_to_low,6,353,early,12,0.41803705468870306,0.4545376863786988,0.3600497001818895,0.5561125507417916,0.03650063168999571,-0.05798735450681358
persistence,high_to_low,6,353,late,15,0.4872257830145085,0.42451373577052215,0.4981884468079481,0.45032797264857727,-0.06271204724398644,0.010962663793439615
persistence,high_to_low,6,353,mid,12,0.3603686665268659,0.41527959429591893,0.3332060637674896,0.6438500258088854,0.05491092776905305,-0.02716260275937621
persistence,high_to_low,6,354,all_post,39,0.37656179267404105,0.6190869351699477,0.6171474373261685,0.6955082309259042,0.24252514249590662,0.24058564465212745
persistence,high_to_low,6,354,early,12,0.5499239558016431,0.5988564077785815,0.5942278767447643,0.7322548059422042,0.0489324519769385,0.044303920943121244
persistence,high_to_low,6,354,late,15,0.2686428858407607,0.7414477814182469,0.7402415318205368,0.8051976406316769,0.472804895577486,0.47159864597977624
persistence,high_to_low,6,354,mid,12,0.33809826308803953,0.48636640475094,0.4861993797896123,0.5216498937773882,0.1482681416629005,0.14810111670157272
persistence,high_to_low,6,355,all_post,39,0.38155690482173993,0.3802739376831744,0.37889180608290557,0.4402462226530845,-0.001282967138565489,-0.0026650987388343794
persistence,high_to_low,6,355,early,12,0.4215206159060472,0.4213955762332458,0.30238632848303165,0.32389511793807335,-0.00012503967280136133,-0.1191342874230155
persistence,high_to_low,6,355,late,15,0.39040849366772484,0.4208397335677365,0.4388933944093127,0.5138982159071859,0.030431239900011575,0.04848490074158771
persistence,high_to_low,6,355,mid,12,0.3305287076799514,0.28844505427740047,0.3803952982747705,0.46453233580046877,-0.042083653402550956,0.04986659059481909
persistence,high_to_low,6,356,all_post,39,0.394297520469797,0.38679867770536297,0.4179465591807093,0.8751281045132847,-0.007498842764434087,0.023649038710912233
persistence,high_to_low,6,356,early,12,0.3495719878852031,0.2840824223308945,0.29507655587644765,0.8279315712536093,-0.06548956555430861,-0.054495432008755444
persistence,high_to_low,6,356,late,15,0.46866256202271495,0.5010029443668974,0.57309316814961,0.9432970114922007,0.03234038234418242,0.10443060612689493
persistence,high_to_low,6,356,mid,12,0.3460667511132434,0.3467595997529133,0.34688330127384503,0.8371135040493151,0.0006928486396698373,0.0008165501606015336
persistence,high_to_low,6,357,all_post,39,0.4365109666801369,0.40083984329734956,0.39559359105437747,0.9189397753475981,-0.03567112338278722,-0.04091737562575937
persistence,high_to_low,6,357,early,12,0.47349333659904164,0.45597735590649435,0.43794613305529256,1.11552145107707,-0.017515980692547246,-0.03554720354374898
persistence,high_to_low,6,357,late,15,0.4145876017137993,0.397162156081354,0.40407219109988907,0.6743084802784894,-0.01742544563244539,-0.010515410613910347
persistence,high_to_low,6,357,mid,12,0.42693280296915387,0.3502994397081994,0.3426427989965728,1.0281472184545115,-0.07663336326095448,-0.08429000397258102
persistence,high_to_low,6,358,all_post,39,0.3483822213886716,0.36556954324908075,0.34017620677482274,1.2946237946069037,0.01718732186040928,-0.008206014613848825
persistence,high_to_low,6,358,early,12,0.2689226838666265,0.2597500898528256,0.2586929442124177,0.8983351356777893,-0.0091725940138008,-0.010229739654208748
persistence,high_to_low,6,358,late,15,0.36716877792895114,0.37973297772804543,0.3621409653980141,1.7587488439048198,0.012564199799094239,-0.005027812530937074
persistence,high_to_low,6,358,mid,12,0.4043585632353673,0.4536847035466305,0.3942035210582387,1.1107561419136227,0.049326140311263166,-0.010155042177128584
persistence,high_to_low,6,359,all_post,39,0.32850873070100156,0.43370930501464516,0.4458714568766733,0.44587146253120935,0.10520057431364378,0.1173627261756717
persistence,high_to_low,6,359,early,12,0.3753910073071149,0.37599899869157,0.43978814200825983,0.4397881471202694,0.0006079913844550788,0.06439713470114485
persistence,high_to_low,6,359,late,15,0.31976203303619044,0.5582139747360108,0.5201952860684137,0.5201952939652233,0.23845194169982026,0.2004332530322232
persistence,high_to_low,6,359,mid,12,0.292559826175902,0.3357887741860139,0.3590499852554112,0.35904998864963217,0.04322894801011188,0.06649015907950916
persistence,high_to_low,12,350,all_post,37,0.6177261227996393,0.5870549512766594,0.5592893622503438,6.177341405085013,-0.03067117152297986,-0.058436760549295606
persistence,high_to_low,12,350,early,12,0.5582064098542037,0.5012833692710753,0.4600503339118276,3.932544089438744,-0.05692304058312836,-0.09815607594237617
persistence,high_to_low,12,350,late,13,0.6764497721130913,0.7262005445834424,0.6929742969463207,8.058311099657336,0.04975077247035115,0.016524524833229644
persistence,high_to_low,12,350,mid,12,0.6136285489888355,0.5220854738665621,0.5137030446682179,6.38442155161126,-0.09154307512227326,-0.09992550432061736
persistence,high_to_low,12,351,all_post,37,0.4134431497241417,0.3015082241016953,0.3039476127934406,0.5303842597960272,-0.1119349256224463,-0.10949553693070095
persistence,high_to_low,12,351,early,12,0.5126815376507939,0.3080784164351668,0.30076162915275845,0.49481997446319254,-0.20460312121562718,-0.21191990849803555
persistence,high_to_low,12,351,late,13,0.27776133866173197,0.2534306635073207,0.2741365294531461,0.43015299304538274,-0.024330675154411306,-0.0036248092085859264
persistence,high_to_low,12,351,mid,12,0.46119339044843305,0.3470220557454631,0.3394289367194421,0.6745324174420597,-0.11417133470296992,-0.12176445372899092
persistence,high_to_low,12,352,all_post,37,1.0073830195779352,1.6048837491095858,3.1482040778250373,2.9326542285109514,0.59750072953165,2.1408210582471017
persistence,high_to_low,12,352,early,12,0.9229274546795723,0.6380452894409172,0.7217637425453206,0.7838091756251339,-0.28488216523865506,-0.20116371213425163
persistence,high_to_low,12,352,late,13,0.886098011886423,1.18378316932847,4.726065258476185,4.3569872759469455,0.2976851574420468,3.8399672465897603
persistence,high_to_low,12,352,mid,12,1.223230676142103,3.0279145035411292,3.8652948007326766,3.53847181334111,1.8046838273990256,2.642064124590574
persistence,high_to_low,12,353,all_post,37,0.5288784616193685,0.49035964529121623,0.5159907906256216,0.5930348729089285,-0.03851881632815221,-0.012887670993746858
persistence,high_to_low,12,353,early,12,0.3708694157630452,0.3704039450399584,0.3646201925565286,0.525310497168668,-0.0004654707230868869,-0.006249223206516652
persistence,high_to_low,12,353,late,13,0.7734955837183553,0.6559928058640538,0.7264851933928005,0.5261690880601619,-0.11750277785430138,-0.04701039032555466
persistence,high_to_low,12,353,mid,12,0.4218856252017891,0.4308794215885665,0.4393257856969372,0.7331971822353531,0.008993796386777402,0.01744016049514805
persistence,high_to_low,12,354,all_post,37,0.6852785767752562,1.4876066686063292,1.338495941307547,1.3028050895347096,0.8023280918310731,0.6532173645322911
persistence,high_to_low,12,354,early,12,1.3936431644612737,3.6860687548379123,1.298622234867916,1.3481283717028927,2.2924255903766393,-0.09502092959335784
persistence,high_to_low,12,354,late,13,0.3493231499249801,0.5290972524743824,1.7429484378719498,1.6453424210094663,0.17977410254940246,1.39362528794697
persistence,high_to_low,12,354,mid,12,0.3408657015103714,0.3275297831843545,0.9402127764690756,0.8863996982688733,-0.013335918326016874,0.5993470749587045
persistence,high_to_low,12,355,all_post,37,0.39587746544023844,0.41721230301247075,0.4881269317175595,0.4881269373754875,0.021334837572232448,0.09224946627732108
persistence,high_to_low,12,355,early,12,0.4452816025279224,0.44388270524952683,0.37068536982537553,0.3706853724970082,-0.001398897278395576,-0.0745962327025469
persistence,high_to_low,12,355,late,13,0.426196604016781,0.47563218169961574,0.5566628429410391,0.5566628490197818,0.04943557768283466,0.13046623892425793
persistence,high_to_low,12,355,mid,12,0.3136275948946332,0.32725369886434125,0.5313212564509739,0.5313212646393146,0.01362610396970807,0.21769366155634073
persistence,high_to_low,12,356,all_post,37,0.524410616617325,0.5301736329335628,0.5907375686148361,1.612100431747694,0.005763016316237879,0.06632695199751101
persistence,high_to_low,12,356,early,12,0.3731991276734352,0.3282117172954349,0.34199634696203546,1.3282356769212282,-0.04498741037800034,-0.03120278071139977
persistence,high_to_low,12,356,late,13,0.7887661294760004,0.8768661376776036,1.0404818287965067,2.2883670496436657,0.0881000082016033,0.25171569932050636
persistence,high_to_low,12,356,mid,12,0.389236966630983,0.35655200176564666,0.3522558417374932,1.1633430171868575,-0.032684964865336445,-0.03698112489348982
persistence,high_to_low,12,357,all_post,37,0.5800092439028081,0.5048649530615235,0.49812410620933084,1.6851627057039067,-0.07514429084128456,-0.08188513769347719
persistence,high_to_low,12,357,early,12,0.6853074588890838,0.5467792987008764,0.5521092156547706,2.3315774271496816,-0.1385281601882074,-0.13319824323431317
persistence,high_to_low,12,357,late,13,0.5165263408731666,0.549707494379966,0.5205338083601305,1.288243032962439,0.03318115350679943,0.004007467486963928
persistence,high_to_low,12,357,mid,12,0.5434841738653106,0.4143711876605245,0.4198618194338582,1.4687442963947213,-0.12911298620478598,-0.12362235443145238
persistence,high_to_low,12,358,all_post,37,0.45649086902464303,0.4225438395306348,0.41767463068057303,3.285228165012855,-0.03394702949400826,-0.03881623834407002
persistence,high_to_low,12,358,early,12,0.2879260101400356,0.2648331258246755,0.2651789347879339,2.012735811422244,-0.023092884315360083,-0.02274707535210173
persistence,high_to_low,12,358,late,13,0.45209602776913926,0.39589775973954555,0.3865983196036665,4.411000871439816,-0.05619826802959367,-0.06549770816547265
persistence,high_to_low,12,358,mid,12,0.6298168059360462,0.6091211396769406,0.6038363302398607,3.3381334199742607,-0.02069566625910559,-0.025980475696185445
persistence,high_to_low,12,359,all_post,37,0.4586179327758833,0.660177834094854,0.6446042858937228,0.6446042915884856,0.2015599013189708,0.1859863531178396
persistence,high_to_low,12,359,early,12,0.49774969444284894,0.46150425054796007,0.5068639359141242,0.5068639399537699,-0.036245443894888936,0.009114241471275208
persistence,high_to_low,12,359,late,13,0.4185493421615594,1.0060834436176274,0.9405580671538283,0.9405580768669964,0.5875341014560677,0.5220087249922686
persistence,high_to_low,12,359,mid,12,0.4628938109411014,0.4841203406587437,0.46172803950820746,0.46172804250481475,0.02122652971764215,-0.0011657714328941818
persistence,low_to_high,1,350,all_post,40,0.21110750375856932,0.22516282970659116,0.20079068543104733,0.2199059944289227,0.014055325948021821,-0.010316818327522032
persistence,low_to_high,1,350,early,12,0.22492842745143146,0.20901321738459475,0.18812460693043598,0.2542737152116263,-0.01591521006683673,-0.03680382052099547
persistence,low_to_high,1,350,late,16,0.2562220697116562,0.3182317827893296,0.25561399716541006,0.28373811996771625,0.062009713077673397,-0.0006080725462460981
persistence,low_to_high,1,350,mid,12,0.13713382546159145,0.11722050458493637,0.14035901495250827,0.1004287729278277,-0.01991332087665507,0.003225189490916828
persistence,low_to_high,1,351,all_post,40,0.13520601386653347,0.17902528386022495,0.17902796471380586,0.09943932195136398,0.043819269993691484,0.043821950847272396
persistence,low_to_high,1,351,early,12,0.16837959647351733,0.23792738425944737,0.23793201346098194,0.07724283312364838,0.06954778778593006,0.06955241698746463
persistence,low_to_high,1,351,late,16,0.1525699722456566,0.14537446163392131,0.14537574927038394,0.11848508414490715,-0.007195510611735278,-0.007194222975272659
persistence,low_to_high,1,351,mid,12,0.07888048675405215,0.1649909464294074,0.16499353655785906,0.09624146118768871,0.08611045967535524,0.0861130498038069
persistence,low_to_high,1,352,all_post,40,0.21374139876012582,0.48100870714436733,0.22461880096050776,0.2028224036248955,0.26726730838424156,0.010877402200381992
persistence,low_to_high,1,352,early,12,0.13191444975705802,0.16612626896880622,0.11891955449918144,0.1355848700719703,0.03421181921174819,-0.012994895257876588
persistence,low_to_high,1,352,late,16,0.2548813227141276,0.36464104543833825,0.1527141976184122,0.21481712237675812,0.10975972272421064,-0.10216712509571543
persistence,low_to_high,1,352,mid,12,0.24071511582452434,0.9510480275946339,0.4261908518779615,0.25406697884200385,0.7103329117701095,0.18547573605343712
persistence,low_to_high,1,353,all_post,40,0.18175904438586296,0.3124161089418111,0.3124161089418111,0.14695110411358864,0.13065706455594817,0.13065706455594817
persistence,low_to_high,1,353,early,12,0.1128827519450336,0.17096780951008114,0.17096780951008114,0.11889640272715951,0.058085057565047504,0.058085057565047504
persistence,low_to_high,1,353,late,16,0.23135290561426503,0.4414600324818965,0.4414600324818965,0.17917002649757577,0.2101071268676315,0.2101071268676315
persistence,low_to_high,1,353,mid,12,0.18451018852215625,0.2818058436534273,0.2818058436534273,0.1320472423213682,0.09729565513127107,0.09729565513127107
persistence,low_to_high,1,354,all_post,40,0.19129411174064787,0.22075500577087928,0.6290812872281354,0.11756461670052958,0.029460894030231444,0.43778717548748747
persistence,low_to_high,1,354,early,12,0.2208667044847341,0.18831004165666895,0.5443379315546779,0.09544443678332337,-0.032556662828065214,0.3234712270699438
persistence,low_to_high,1,354,late,16,0.1485315651638145,0.15904712734544085,0.6112681690221233,0.11314739745743421,0.010515562181626359,0.46273660385830884
persistence,low_to_high,1,354,mid,12,0.21873824776567274,0.3354771411190076,0.7375754671762752,0.14557442227519626,0.11673889335333487,0.5188372194106025
persistence,low_to_high,1,355,all_post,40,0.20575179252695971,0.22921651839434293,0.19791005632850997,0.09812187493685834,0.023464725867383202,-0.007841736198449753
persistence,low_to_high,1,355,early,12,0.29819997973639795,0.30279289903809087,0.23159645719346977,0.10027439907917345,0.004592919301692889,-0.06660352254292824
persistence,low_to_high,1,355,late,16,0.12322692700417959,0.21390841402037247,0.2078780216047611,0.07551156834419381,0.09068148701619286,0.08465109460058148
persistence,low_to_high,1,355,mid,12,0.22333675934789496,0.17605094358255557,0.15093303509521536,0.1261164262514293,-0.04728581576533939,-0.0724037242526796
persistence,low_to_high,1,356,all_post,40,0.1195162224666991,0.2532019424590267,0.22791321803573564,0.09654368103603864,0.1336857199923276,0.10839699556903651
persistence,low_to_high,1,356,early,12,0.14113342662248438,0.2618573350767994,0.24258287401477774,0.07916591751762088,0.12072390845431508,0.10144944739229338
persistence,low_to_high,1,356,late,16,0.06259291730679827,0.2791140996333914,0.23217344721212918,0.06259291632172881,0.21652118232659318,0.16958052990533093
persistence,low_to_high,1,356,mid,12,0.173796758524115,0.20999700694210097,0.20756325648816873,0.15918913084020284,0.03620024841798596,0.033766497964053725
persistence,low_to_high,1,357,all_post,40,0.17148312697924795,0.20128411385382572,0.20128411385382572,0.11480951668251013,0.029800986874577762,0.029800986874577762
persistence,low_to_high,1,357,early,12,0.25493341860574614,0.21312382653521958,0.21312382653521958,0.14513920760355423,-0.04180959207052659,-0.04180959207052659
persistence,low_to_high,1,357,late,16,0.12966201445467634,0.23388045239045044,0.23388045239045044,0.09118909780983447,0.10421843793577412,0.10421843793577412
persistence,low_to_high,1,357,mid,12,0.14379431871884518,0.1459826164569322,0.1459826164569322,0.11597371759170032,0.002188297738087,0.002188297738087
persistence,low_to_high,1,358,all_post,40,0.13861395154583658,0.26739732799419513,0.28091363212502873,0.13892438378715533,0.12878337644835855,0.14229968057919218
persistence,low_to_high,1,358,early,12,0.2307057341061108,0.21034812076212608,0.23555256365421962,0.18936546753605354,-0.020357613343984695,0.004846829548108843
persistence,low_to_high,1,358,late,16,0.07027530286773893,0.27235276325216845,0.29130658469913745,0.11740741596256708,0.20207746038442953,0.22103128183139853
persistence,low_to_high,1,358,mid,12,0.13764036722302594,0.31783928821563306,0.3124174304970263,0.11717259047104138,0.18019892099260715,0.17477706327400036
persistence,low_to_high,1,359,all_post,40,0.19587475880919755,0.2271064679583803,0.22240413189452024,0.13248084417346936,0.031231709149182756,0.02652937308532265
persistence,low_to_high,1,359,early,12,0.29094033715681006,0.2843446773196263,0.3677946552984918,0.20830731130091892,-0.006595659837183766,0.07685431814168171
persistence,low_to_high,1,359,late,16,0.20822757901392724,0.21693435744303588,0.16551985247239176,0.11563447222425256,0.008706778429108664,-0.04270772654153548
persistence,low_to_high,1,359,mid,12,0.08433875352194543,0.18343107261759342,0.15285931438671987,0.07911620631164228,0.09909231909564804,0.06852056086477444
persistence,low_to_high,3,350,all_post,40,0.26171955339633224,0.22112364939327808,0.22287816211858277,0.6442279610559725,-0.04059590400305417,-0.038841391277749486
persistence,low_to_high,3,350,early,12,0.29286232703306775,0.20804789688154102,0.2202752572277699,0.5239239922899717,-0.08481443015152673,-0.07258706980529793
persistence,low_to_high,3,350,late,16,0.2742028763104457,0.24739865688226959,0.2306354673318489,0.785201588572096,-0.02680421942817611,-0.0435674089785968
persistence,low_to_high,3,350,mid,12,0.21393234920744544,0.1991660585863598,0.21513799339170755,0.5765670931338086,-0.014766290621085703,0.0012056441842620235
persistence,low_to_high,3,351,all_post,40,0.19363417861606852,0.25620184820238034,0.25620184820238034,0.16741476817148387,0.06256766958631188,0.06256766958631188
persistence,low_to_high,3,351,early,12,0.23528730023093955,0.3542014457900595,0.3542014457900595,0.1489075016162517,0.11891414555911996,0.11891414555911996
persistence,low_to_high,3,351,late,16,0.21607197300765918,0.197806319283921,0.197806319283921,0.1651136145495571,-0.01826565372373817,-0.01826565372373817
persistence,low_to_high,3,351,mid,12,0.12206399781240995,0.2360629558393138,0.2360629558393138,0.18899023955595182,0.11399895802690387,0.11399895802690387
persistence,low_to_high,3,352,all_post,40,0.2618900952844652,0.541169284018467,0.3067180887745148,0.40680764730882935,0.2792791887340017,0.04482799349004952
persistence,low_to_high,3,352,early,12,0.19541736166878565,0.1911188524530358,0.160857800011992,0.17932546735649538,-0.004298509215749855,-0.03455956165679359
persistence,low_to_high,3,352,late,16,0.29894266610384107,0.38697942545217623,0.22007969723267007,0.5037058023459673,0.08803675934833521,-0.07886296887117096
persistence,low_to_high,3,352,mid,12,0.2789594011409771,1.0968061936722857,0.5680962329261636,0.5050922872116459,0.8178467925313088,0.2891368317851866
persistence,low_to_high,3,353,all_post,40,0.1940636745273036,0.22038045560126052,0.2286986647267295,0.20629509857896008,0.026316781073956873,0.03463499019942586
persistence,low_to_high,3,353,early,12,0.13272577195099264,0.1312792769149199,0.13151284222115148,0.2546253678414436,-0.001446495036072748,-0.0012129297298411714
persistence,low_to_high,3,353,late,16,0.22402163020168642,0.2963010804728913,0.3150791851864495,0.20931559756733956,0.07227945027120486,0.09105755498476308
persistence,low_to_high,3,353,mid,12,0.21545763620443759,0.2082541344587601,0.21071045995268087,0.1539374973319705,-0.007203501745677489,-0.004747176251756708
persistence,low_to_high,3,354,all_post,40,0.2870931369809454,0.26377155960506515,0.2656149757259045,0.22017822172778917,-0.023321577375880215,-0.021478161255040838
persistence,low_to_high,3,354,early,12,0.2644099909778543,0.24403539577880964,0.2428348166300369,0.2178493939167915,-0.020374595199044634,-0.0215751743478174
persistence,low_to_high,3,354,late,16,0.25887865647273056,0.21503299870336443,0.21815419637692152,0.22373913683599472,-0.04384565776936612,-0.04072446009580905
persistence,low_to_high,3,354,mid,12,0.34739559032832285,0.3484924713002549,0.3516761739537495,0.21775916272784612,0.001096880971932085,0.004280583625426655
persistence,low_to_high,3,355,all_post,40,0.21535479168174695,0.22661383125566575,0.2290448969863525,0.15451332093968806,0.011259039573918779,0.013690105304605502
persistence,low_to_high,3,355,early,12,0.2392715739155665,0.2609537514241118,0.2144934906467548,0.11594527636976987,0.02168217750854529,-0.02477808326881172
persistence,low_to_high,3,355,late,16,0.2241102755801296,0.23495647068038883,0.24189160163754864,0.1789004664153257,0.01084619510025922,0.01778132605741903
persistence,low_to_high,3,355,mid,12,0.17976403091675067,0.18115039185425572,0.22646736379102203,0.1605651715420894,0.001386360937505024,0.04670333287427134
persistence,low_to_high,3,356,all_post,40,0.3009130714408328,0.30632073218643463,0.2782021026860057,0.2754921421574745,0.005407660745601894,-0.022710968754827053
persistence,low_to_high,3,356,early,12,0.26572780955229985,0.2316922465091016,0.2179732160004247,0.17901423270463365,-0.03403556304319819,-0.047754593551875106
persistence,low_to_high,3,356,late,16,0.29711056572391753,0.40877600607951514,0.3468793501390448,0.3371269598390457,0.11166544035559761,0.04976878441512722
persistence,low_to_high,3,356,mid,12,0.34116834095191934,0.24434218600632696,0.24686132610086783,0.28979029470155365,-0.09682615494559232,-0.0943070148510514
persistence,low_to_high,3,357,all_post,40,0.282425582670165,0.31660170034558044,0.31660170034558044,0.24277904215298496,0.034176117675415514,0.034176117675415514
persistence,low_to_high,3,357,early,12,0.30913759293434456,0.3292835180039612,0.3292835180039612,0.2850110456340154,0.02014592506961665,0.02014592506961665
persistence,low_to_high,3,357,late,16,0.3713777289653975,0.4211144843258804,0.4211144843258804,0.22223371380455104,0.04973675536048292,0.04973675536048292
persistence,low_to_high,3,357,mid,12,0.1371107106790087,0.16456950404679985,0.16456950404679985,0.22794080980319975,0.027458793367791143,0.027458793367791143
persistence,low_to_high,3,358,all_post,40,0.2425717148064928,0.2398770607246937,0.2458699885972516,0.4147526148675162,-0.0026946540817990696,0.0032982737907588213
persistence,low_to_high,3,358,early,12,0.17601988568473448,0.17284878458159905,0.1753837545059568,0.25217437104233403,-0.0031711011031354368,-0.0006361311787776206
persistence,low_to_high,3,358,late,16,0.29910708102745065,0.2735947147519946,0.28181875314968285,0.528729139520089,-0.025512366275456055,-0.017288327877767816
persistence,low_to_high,3,358,mid,12,0.2337430556336406,0.26194846483138723,0.268424536618638,0.4253621591559345,0.028205409197746608,0.03468148098499744
persistence,low_to_high,3,359,all_post,40,0.2051394312549196,0.3815436285917226,0.314565173402244,0.17849521107834893,0.176404197336803,0.10942574214732434
persistence,low_to_high,3,359,early,12,0.28562613390822317,0.2787730275130734,0.39040856357940745,0.22244085810638062,-0.006853106395149726,0.1047824296711843
persistence,low_to_high,3,359,late,16,0.19139315510689983,0.47542216600759435,0.26540067239588927,0.1852283231328813,0.28402901090069443,0.07400751728898948
persistence,low_to_high,3,359,mid,12,0.14298109679897578,0.35914284644920946,0.3042744512335533,0.1255720813109408,0.21616174965023374,0.16129335443457754
persistence,low_to_high,6,350,all_post,39,0.3926097548970936,0.2885192953531526,0.2806508278285773,1.7572965766616393,-0.1040904595439411,-0.11195892706851633
persistence,low_to_high,6,350,early,12,0.41972953478338176,0.2547823808242369,0.2483338077557891,1.2580294356610655,-0.1649471539591449,-0.17139572702759268
persistence,low_to_high,6,350,late,15,0.383074080391614,0.3204058737369065,0.2904034837715049,2.2282916684245695,-0.0626682066547075,-0.09267059662010908
persistence,low_to_high,6,350,mid,12,0.377409568142655,0.2823979869023758,0.300777027972706,1.6678198529585506,-0.09501158124027924,-0.07663254016994907
persistence,low_to_high,6,351,all_post,39,0.2862806545465815,0.358056536344578,0.358056536344578,0.22192903883508514,0.0717758817979965,0.0717758817979965
persistence,low_to_high,6,351,early,12,0.45623443111311074,0.5075276863369689,0.5075276863369689,0.17090180160105842,0.05129325522385808,0.05129325522385808
persistence,low_to_high,6,351,late,15,0.1911745861067461,0.2311642321638324,0.2311642321638324,0.2077316680057309,0.03998964605708631,0.03998964605708631
persistence,low_to_high,6,351,mid,12,0.2352094635298467,0.36720076657811934,0.36720076657811934,0.2907029896058046,0.13199130304827267,0.13199130304827267
persistence,low_to_high,6,352,all_post,39,0.44258963854268696,0.9710936837913972,0.4195132263750675,0.9570608706417432,0.5285040452487103,-0.02307641216761945
persistence,low_to_high,6,352,early,12,0.3536111067908921,0.26262042735990815,0.21347525183959662,0.262351373688895,-0.09099067943098382,-0.1401358549512954
persistence,low_to_high,6,352,late,15,0.48819580884047564,0.6621290589190469,0.2333008820458408,1.2163045738447702,0.17393325007857127,-0.2548949267946348
persistence,low_to_high,6,352,mid,12,0.4745604574222462,2.065772721313324,0.8583166313220719,1.3277157385908087,1.5912122638910777,0.3837561738998257
persistence,low_to_high,6,353,all_post,39,0.29211667046683076,0.2699304934111483,0.2885341005586456,0.2632586566084226,-0.0221861770556825,-0.0035825699081851294
persistence,low_to_high,6,353,early,12,0.16625136775760926,0.1630922969470658,0.16475135054339463,0.26430503392026367,-0.0031590708105435003,-0.0015000172142146447
persistence,low_to_high,6,353,late,15,0.45208992606855924,0.381848007585159,0.4335494939712376,0.28854840087296196,-0.07024191848340015,-0.018540432097321556
persistence,low_to_high,6,353,mid,12,0.2180154036738917,0.23687179715771725,0.23104760880815664,0.2306000989659074,0.018856393483825565,0.013032205134264951
persistence,low_to_high,6,354,all_post,39,0.4193987458015239,0.833990843668846,0.3543361036466114,0.45940048815195095,0.41459209786732204,-0.06506264215491252
persistence,low_to_high,6,354,early,12,0.39319978173855175,0.6570084338978212,0.29643090925003807,0.41431008841030753,0.26380865215926935,-0.09676887248851368
persistence,low_to_high,6,354,late,15,0.34610528135830265,0.9218838803032765,0.296503099225807,0.5045884635846632,0.5757785989449739,-0.049602182132495676
persistence,low_to_high,6,354,mid,12,0.5372145404185228,0.9011069576468326,0.4845325535691903,0.4480059186027037,0.36389241722830984,-0.052681986849332424
persistence,low_to_high,6,355,all_post,39,0.3129317996649261,0.2801719279191695,0.28957012878577376,0.22669306545803558,-0.032759871745756654,-0.023361670879152443
persistence,low_to_high,6,355,early,12,0.36595870154669785,0.3346905858594756,0.26914496227445095,0.1900398796550773,-0.03126811568722226,-0.09681373927224694
persistence,low_to_high,6,355,late,15,0.26315067925922386,0.2963461891440961,0.31218894678605835,0.27819684271511125,0.03319550988487233,0.04903826752683455
persistence,low_to_high,6,355,mid,12,0.3221312982902824,0.20543544344770515,0.28172177279674077,0.1989665296896492,-0.11669585484257727,-0.04040952549354167
persistence,low_to_high,6,356,all_post,39,0.47083200111414303,0.38126881284596514,0.36236886995932416,0.545231768224515,-0.0895631882681778,-0.10846313115481884
persistence,low_to_high,6,356,early,12,0.347423836080382,0.27643042933819206,0.2709013479373302,0.402347239580231,-0.07099340674218994,-0.0765224881430518
persistence,low_to_high,6,356,late,15,0.6902619796305555,0.5455207977823354,0.4941341549482786,0.7607198565481332,-0.1447411818482199,-0.19612782468227674
persistence,low_to_high,6,356,mid,12,0.3199526930023885,0.2807922151832755,0.289129785745125,0.41875618646427654,-0.039160477819113,-0.030822907257263513
persistence,low_to_high,6,357,all_post,39,0.4156179864507153,0.4156402939190382,0.4243400475833336,0.5309136930324804,2.2307468322812054e-05,0.008722061132618331
persistence,low_to_high,6,357,early,12,0.5179842993548011,0.5222329397976567,0.46176398949385516,0.712070956503912,0.004248640442855625,-0.05622030986094595
persistence,low_to_high,6,357,late,15,0.5157142774973328,0.4798308501507129,0.5533208379863133,0.43302505670987457,-0.035883427346619784,0.03760656048898067
persistence,low_to_high,6,357,mid,12,0.18813130973835776,0.22880945275082598,0.22569011766908742,0.4721172249643058,0.04067814301246825,0.037558807930729694
persistence,low_to_high,6,358,all_post,39,0.34843455465009865,0.29690187308252813,0.3041777076109361,1.0589206074341833,-0.05153268156757058,-0.0442568470391626
persistence,low_to_high,6,358,early,12,0.2192023072219594,0.2267968931999412,0.2244029965732799,0.5946155030607294,0.007594585977981694,0.005200689351320432
persistence,low_to_high,6,358,late,15,0.44933362109298586,0.33440324913428493,0.34633520894901226,1.440368790888749,-0.11493037195870084,-0.10299841214397355
persistence,low_to_high,6,358,mid,12,0.35154296902462895,0.320130132900419,0.33125554197599705,1.046415482489429,-0.031412836124210024,-0.02028742704863194
persistence,low_to_high,6,359,all_post,39,0.3417407487464179,0.5143890576095147,0.45605942470729244,0.27301147587757146,0.17264830886309662,0.11431867596087447
persistence,low_to_high,6,359,early,12,0.4413631670999951,0.30603220656851016,0.52892228730623,0.2751008863650282,-0.13533096053148497,0.08755912020623491
persistence,low_to_high,6,359,late,15,0.2890389257787562,0.6703252492457297,0.37332840897430036,0.28903892360051436,0.3812863234669734,0.08428948319554416
persistence,low_to_high,6,359,mid,12,0.3079956091024181,0.5278256691052504,0.48661033177459484,0.2508877557364357,0.21983006000283234,0.17861472267217685
persistence,low_to_high,12,350,all_post,37,0.47051122887141367,0.6604270089891113,0.42410562093220816,5.840998803920062,0.18991578011769766,-0.04640560793920558
persistence,low_to_high,12,350,early,12,0.44015257717533235,0.5230414779291287,0.32679369947844944,3.98346386851039,0.08288890075379636,-0.1133588776968829
persistence,low_to_high,12,350,late,13,0.32301438563514123,0.6324394445235468,0.43415005204777657,7.489197083848589,0.30942505888840566,0.11113566641263535
persistence,low_to_high,12,350,mid,12,0.6606581274067903,0.8281324015534555,0.510536075344101,5.912985602740496,0.1674742741466653,-0.15012205206268928
persistence,low_to_high,12,351,all_post,37,0.47204760419611125,0.5582643623055988,0.5737404504268971,0.32918406155563384,0.08621675810948727,0.1016928462307858
persistence,low_to_high,12,351,early,12,0.8881601646341609,0.8335462465992015,0.8477070200017401,0.2605713699813073,-0.054613918034959234,-0.04045314463242065
persistence,low_to_high,12,351,late,13,0.14532883638390912,0.2670229480855572,0.26050230616559344,0.31215501320445593,0.1216941117016481,0.11517346978168432
persistence,low_to_high,12,351,mid,12,0.4098803755546144,0.5984940100837072,0.6391152038018,0.4162448888437366,0.18861363452909286,0.22923482824718555
persistence,low_to_high,12,352,all_post,37,0.9122330203667322,1.9045815019123271,0.7047661501698882,2.825184805800744,0.9923484815455952,-0.2074668701968439
persistence,low_to_high,12,352,early,12,0.5630728160454912,0.4318343635532346,0.3851364174372658,0.5181178276311414,-0.1312384524922566,-0.17793639860822538
persistence,low_to_high,12,352,late,13,1.0466446841195585,1.2558893866335852,0.30822915872311085,3.842342498883487,0.20924470251402683,-0.7384155253964478
persistence,low_to_high,12,352,mid,12,1.1157805889557448,4.080078431823391,1.4539776236365194,4.030330949797375,2.9642978428676456,0.3381970346807748
persistence,low_to_high,12,353,all_post,37,0.6159157448091267,0.38436479721464545,0.39075076901613687,0.414138057384176,-0.23155094759448114,-0.2251649757929899
persistence,low_to_high,12,353,early,12,0.22074691572561256,0.21811181507403665,0.21740649030906986,0.3356321450564008,-0.0026351006515759703,-0.003340425416542751
persistence,low_to_high,12,353,late,13,1.3287238013717464,0.6336985798259283,0.6609185698462207,0.5305529634773754,-0.6950252215458183,-0.667805231525526
persistence,low_to_high,12,353,mid,12,0.23887584594980257,0.2805061815263649,0.27141326349061295,0.3665278214443186,0.04163033557656234,0.03253741754081044
persistence,low_to_high,12,354,all_post,37,0.6446276084998466,1.6570376729366487,0.5219961908062376,1.0855844311723968,1.0124100644368021,-0.12263141769360901
persistence,low_to_high,12,354,early,12,0.8860385768196779,1.5312082516769518,0.493218224863184,1.070276195670086,0.6451696748572741,-0.39282035195649373
persistence,low_to_high,12,354,late,13,0.43994002258527565,1.9459058900891653,0.49736595085476054,1.276801452625886,1.5059658675038898,0.05742592826948488
persistence,low_to_high,12,354,mid,12,0.6249615249208004,1.4699265256144527,0.5774569166967244,0.893740893433428,0.8449650006936524,-0.04750460822407588
persistence,low_to_high,12,355,all_post,37,0.5523089804923312,0.3737603904618757,0.3769363090123,0.3046326321637773,-0.17854859003045553,-0.17537267148003124
persistence,low_to_high,12,355,early,12,0.46929358400355525,0.44766999444839506,0.4337881750960874,0.3459111615396964,-0.021623589555160125,-0.035505408907467895
persistence,low_to_high,12,355,late,13,0.7596357259022202,0.3538820412812406,0.35262814996643904,0.3454240395487131,-0.40575368462097955,-0.40700757593578124
persistence,low_to_high,12,355,mid,12,0.41072040278706107,0.32138566475437774,0.34641828189486223,0.21916341145417773,-0.08933473803268333,-0.06430212089219876
persistence,low_to_high,12,356,all_post,37,0.9081913953160831,0.5726130617922303,0.5697380291379522,1.383002836373427,-0.3355783335238528,-0.3384533661781307
persistence,low_to_high,12,356,early,12,0.43029330843539615,0.36522358513175396,0.3659075585576181,0.9565885445530684,-0.06506972330364223,-0.06438574987777813
persistence,low_to_high,12,356,late,13,1.8538099923813505,0.9456589858598708,0.9325892148185635,2.3856204631093854,-0.9081510065214796,-0.9212207775627872
persistence,low_to_high,12,356,mid,12,0.3616693353760634,0.3758694540460957,0.38047971523095786,0.7232480325631637,0.014200118670032418,0.018810379854894428
persistence,low_to_high,12,357,all_post,37,0.690648488984346,0.5849686966740555,0.5884890029416129,1.3590197008191003,-0.10567979231029054,-0.10215948604273316
persistence,low_to_high,12,357,early,12,1.018196361527431,0.8192390245552387,0.8393585491741771,2.169660972244922,-0.1989573369721924,-0.178837812353254
persistence,low_to_high,12,357,late,13,0.7275582672940276,0.5746648679618589,0.5603597500050346,1.0131176320046849,-0.15289339933216864,-0.1671985172889929
persistence,low_to_high,12,357,mid,12,0.3231150232724396,0.36186084989775225,0.36809281405700855,0.9231056706088941,0.03874582662531262,0.04497779078456902
persistence,low_to_high,12,358,all_post,37,0.45095460820486194,0.3636886806949667,0.35965713791564746,3.0424218131270804,-0.08726592750989524,-0.09129747028921448
persistence,low_to_high,12,358,early,12,0.3233582872224948,0.2925333976095618,0.2771275965317637,1.8736429504488603,-0.03082488961293296,-0.04623069069073104
persistence,low_to_high,12,358,late,13,0.5374625106571747,0.35946031195712214,0.3505577126392578,3.911859546115831,-0.17800219870005243,-0.18690479801791687
persistence,low_to_high,12,358,mid,12,0.4848340348638906,0.43942469657970334,0.4520443900156202,3.2693097984008213,-0.04540933828418727,-0.03278964484827034
persistence,low_to_high,12,359,all_post,37,0.7805171749401646,0.8034625189515567,0.7372466949820637,0.549796164157876,0.022945344011392074,-0.04327047995810076
persistence,low_to_high,12,359,early,12,0.535613592624714,0.5216393427296967,0.8688576139389964,0.4768335041747394,-0.013974249895017282,0.3332440213142825
persistence,low_to_high,12,359,late,13,0.7706620660376831,1.1792410241642488,0.5810545974705897,0.7221890477083763,0.4085789581265656,-0.18960746856709326
persistence,low_to_high,12,359,mid,12,1.0360971252333036,0.6781923145263337,0.7748438816625617,0.43599986696130383,-0.35790481070696994,-0.2612532435707421
persistence,stable_high,1,350,all_post,40,0.19936170670944642,0.17230545744505238,0.22100702638158265,0.21715221668354429,-0.02705624926439404,0.02164531967213622
persistence,stable_high,1,350,early,12,0.22745219597254493,0.2238567088513421,0.24683184140042114,0.24509641281182346,-0.003595487121202829,0.019379645427876232
persistence,stable_high,1,350,late,16,0.25553078350670927,0.19017216256976005,0.2905353819580051,0.2837381184443442,-0.06535862093694925,0.035004598451295804
persistence,stable_high,1,350,mid,12,0.09637911504999745,0.09693193253915248,0.10247773726084758,0.10042681820753198,0.000552817489155027,0.006098622210850114
persistence,stable_high,1,351,all_post,40,0.11840678364059176,0.17402706225260256,0.15769119775537682,0.10143203287115968,0.0556202786120108,0.039284414114785046
persistence,stable_high,1,351,early,12,0.09799589308828772,0.15662089293530168,0.13617145851380916,0.08388668499157399,0.05862499984701397,0.03817556542552142
persistence,stable_high,1,351,late,16,0.15687354258971042,0.18713398824030658,0.18841289733291075,0.11848508435624971,0.030260445650596143,0.03153935474320032
persistence,stable_high,1,351,mid,12,0.08752866226073748,0.17395733025296467,0.13824867089356582,0.09623997877062523,0.08642866799222715,0.050720008632828335
persistence,stable_high,1,352,all_post,40,0.20790901073746415,0.21883167457549893,0.2142126151970245,0.20209588415582386,0.010922663838034785,0.0063036044595603915
persistence,stable_high,1,352,early,12,0.14193776789857265,0.12257750861717816,0.12448903940784062,0.13316376163615082,-0.019360259281394506,-0.017448728490732052
persistence,stable_high,1,352,late,16,0.2547375877161752,0.2366008353820696,0.2305033400379729,0.21481712223375354,-0.018136752334105576,-0.024234247678202304
persistence,stable_high,1,352,mid,12,0.21144215093807414,0.29139362612505876,0.28221522453161063,0.25406635590492394,0.07995147518698456,0.07077307359353643
persistence,stable_high,1,353,all_post,40,0.1601020420771981,0.1437858748704393,0.1435867110957998,0.14746897916326143,-0.016316167206758807,-0.01651533098139833
persistence,stable_high,1,353,early,12,0.07811976372185854,0.1086971704849095,0.10784893001944278,0.12062235891309148,0.030577406763050957,0.029729166297584236
persistence,stable_high,1,353,late,16,0.23137502188582132,0.18387602167977996,0.18416125285700485,0.17917002664131548,-0.04749900020604137,-0.04721376902881642
persistence,stable_high,1,353,mid,12,0.14705368068770683,0.1254210501768483,0.1252251031572167,0.13204753610935935,-0.021632630510858494,-0.02182857753049011
persistence,stable_high,1,354,all_post,40,0.1337125177080019,0.12292727408040427,0.1246028510729997,0.11786164990340615,-0.010785243627597621,-0.009109666635002183
persistence,stable_high,1,354,early,12,0.09899429460258934,0.09831688254468463,0.09949905975266858,0.09643020578198241,-0.0006774120579047041,0.0005047651500792594
persistence,stable_high,1,354,late,16,0.14856420356654956,0.113948856691266,0.11486131515726658,0.11314739865267501,-0.034615346875283545,-0.03370288840928296
persistence,stable_high,1,354,mid,12,0.1486284930020176,0.1595088888016416,0.16269535694764167,0.14557876235913808,0.01088039579962402,0.014066863945624066
persistence,stable_high,1,355,all_post,40,0.11665307733284105,0.0968903419125305,0.0953437936879464,0.09534379315234509,-0.019762735420310543,-0.02130928364489465
persistence,stable_high,1,355,early,12,0.09842884651550561,0.09452316466427173,0.09101425079192034,0.09101424956491494,-0.0039056818512338896,-0.0074145957235852685
persistence,stable_high,1,355,late,16,0.12322383205216084,0.07699628534486007,0.07551156973261182,0.07551156921487445,-0.04622754670730077,-0.04771226231954902
persistence,stable_high,1,355,mid,12,0.12611630185775005,0.12578292791768317,0.12611630185775186,0.1261163019897361,-0.0003333739400668998,1.7904110924054097e-15
persistence,stable_high,1,356,all_post,40,0.10679228634290974,0.09645384180134411,0.09645384180134411,0.09645384099984704,-0.010338444541565617,-0.010338444541565617
persistence,stable_high,1,356,early,12,0.10112243457285981,0.07886600319981148,0.07886600319981148,0.07886600314089298,-0.02225643137304832,-0.02225643137304832
persistence,stable_high,1,356,late,16,0.06259291730881686,0.06259291730881686,0.06259291730881686,0.06259291632374771,0.0,0.0
persistence,stable_high,1,356,mid,12,0.17139463015841683,0.15918957972624645,0.15918957972624645,0.15918957842693357,-0.012205050432170397,-0.012205050432170397
persistence,stable_high,1,357,all_post,40,0.12518294148157044,0.1149058274308736,0.11481411678159219,0.11480062539961115,-0.010277114050696798,-0.010368824699978222
persistence,stable_high,1,357,early,12,0.13886013572341935,0.1475011911745177,0.14563394517065628,0.14510961302028808,0.008641055451098341,0.006773809447236927
persistence,stable_high,1,357,late,16,0.1296196203125642,0.08975209189422959,0.09086267788488922,0.09118909781087624,-0.03986752841833458,-0.03875694242767495
persistence,stable_high,1,357,mid,12,0.10559017546506311,0.11584877773608822,0.11592954025479872,0.11597367456391415,0.010258602271025102,0.010339364789735591
persistence,stable_high,1,358,all_post,40,0.14153518433211684,0.23001729782022995,0.10752704420738027,0.13853757105389,0.0884821134881131,-0.0340081401247366
persistence,stable_high,1,358,early,12,0.24515580591566313,0.21704539469790704,0.15394636118026458,0.1880750440634775,-0.02811041121775608,-0.0912094447353986
persistence,stable_high,1,358,late,16,0.07025896386802538,0.24174038540104667,0.07254699022424127,0.11740741623543186,0.17148142153302126,0.0022880263562158887
persistence,stable_high,1,358,mid,12,0.13294952336735918,0.2273584175014639,0.10774779921201456,0.11717363780224664,0.09440889413410476,-0.02520172415534459
persistence,stable_high,1,359,all_post,40,0.18186462952300989,0.1289704131731543,0.1289704131731543,0.12897041240902749,-0.05289421634985556,-0.05289421634985556
persistence,stable_high,1,359,early,12,0.22734176319819985,0.1966078065989376,0.1966078065989376,0.19660780494213517,-0.03073395659926222,-0.03073395659926222
persistence,stable_high,1,359,late,16,0.20822926027399008,0.1156344724818173,0.1156344724818173,0.11563447179980843,-0.0925947877921728,-0.0925947877921728
persistence,stable_high,1,359,mid,12,0.10123465484651299,0.07911427400248704,0.07911427400248704,0.07911427402154513,-0.022120380844025928,-0.022120380844025928
persistence,stable_high,3,350,all_post,40,0.23859971468742747,0.2514475083878522,0.26202466275267045,0.6390887409975814,0.012847793700424725,0.023424948065243003
persistence,stable_high,3,350,early,12,0.27131737964077984,0.2825352284933356,0.29999583072341224,0.5068029583768708,0.011217848852555848,0.028678451082632433
persistence,stable_high,3,350,late,16,0.27086896521652915,0.2616207268822788,0.2489218738655496,0.7852015852311283,-0.009248238334250342,-0.021947091350979525
persistence,stable_high,3,350,mid,12,0.1628563823619395,0.20679549695646648,0.24152387996475644,0.5765573979735628,0.04393911459452702,0.07866749760281695
persistence,stable_high,3,351,all_post,40,0.1712887927346331,0.16903374236270458,0.16903374236270458,0.16903374337729532,-0.002255050371928552,-0.002255050371928552
persistence,stable_high,3,351,early,12,0.15255286304633567,0.1543070258105799,0.1543070258105799,0.15430702732312915,0.001754162764244235,0.001754162764244235
persistence,stable_high,3,351,late,16,0.21404047498008286,0.16511361408427816,0.16511361408427816,0.16511361376593794,-0.0489268608958047,-0.0489268608958047
persistence,stable_high,3,351,mid,12,0.13302247942899756,0.18898729661939773,0.18898729661939773,0.1889872989132713,0.05596481719040019,0.05596481719040019
persistence,stable_high,3,352,all_post,40,0.26824113171339825,0.43604892717987714,0.4523745462910638,0.4056589713899611,0.1678077954664788,0.18413341457766552
persistence,stable_high,3,352,early,12,0.1725734874143541,0.16355051092832518,0.1597578412177115,0.17549841126107177,-0.009022976486028915,-0.01281564619664259
persistence,stable_high,3,352,late,16,0.29857629286576337,0.5510220967239474,0.5758979066384902,0.5037058019842355,0.252445803858184,0.2773216137727268
persistence,stable_high,3,352,mid,12,0.32346189447595564,0.5552497840393353,0.5802934375678477,0.505090424059818,0.2317878895633797,0.256831543091892
persistence,stable_high,3,353,all_post,40,0.20523877210392866,0.19356285022305514,0.19542296619029714,0.20650421314584094,-0.011675921880873515,-0.009815805913631508
persistence,stable_high,3,353,early,12,0.17055244995454766,0.19460685390446072,0.20721093119845024,0.2553206247400164,0.024054403949913043,0.03665848124390259
persistence,stable_high,3,353,late,16,0.22401087981113915,0.21789200661736577,0.21649873159352545,0.2093155986416665,-0.0061188731937734135,-0.007512148217613722
persistence,stable_high,3,353,mid,12,0.21489561731036222,0.16007997134923532,0.15553398064450621,0.15393928755723144,-0.054815645961126876,-0.059361636665855984
persistence,stable_high,3,354,all_post,40,0.24752703409335455,0.2362018583770591,0.23339244613508242,0.2231903055121675,-0.011325175716295443,-0.0141345879582721
persistence,stable_high,3,354,early,12,0.22828035511892,0.22373337444225516,0.2228244806320284,0.2278781544559466,-0.004546980676664817,-0.005455874486891619
persistence,stable_high,3,354,late,16,0.2584313930688414,0.2380287715174782,0.23491009052934858,0.22373913912698812,-0.02040262155136323,-0.023521302539492833
persistence,stable_high,3,354,mid,12,0.2522345677671399,0.24623445812463754,0.24193688577911496,0.21777067841529427,-0.006000109642502372,-0.01029768198802492
persistence,stable_high,3,355,all_post,40,0.19176883056524868,0.27671428119142927,0.15694904237580196,0.1552603708853097,0.0849454506261806,-0.03481978818944671
persistence,stable_high,3,355,early,12,0.17983568594277735,0.38512042313184686,0.12667373727157802,0.11843121168653932,0.2052847371890695,-0.05316194867119933
persistence,stable_high,3,355,late,16,0.22411826095688844,0.261473975627568,0.17713519446435882,0.17890046741026167,0.03735571467067955,-0.04698306649252959
persistence,stable_high,3,355,mid,12,0.16056940133220035,0.18862854666949339,0.16030947802861678,0.16056940138414408,0.028059145337293045,-0.0002599233035835832
persistence,stable_high,3,356,all_post,40,0.27182461628402516,0.2777011036920625,0.2777011036920625,0.27770110313598784,0.005876487408037376,0.005876487408037376
persistence,stable_high,3,356,early,12,0.1863746710578282,0.1863746710578288,0.1863746710578288,0.1863746717140979,6.02527287322611e-16,6.02527287322611e-16
persistence,stable_high,3,356,late,16,0.280540121708567,0.33712696118023877,0.33712696118023877,0.33712695977167156,0.0565868394716717,0.0565868394716717
persistence,stable_high,3,356,mid,12,0.3456538876108329,0.28979305967539454,0.28979305967539454,0.2897930590436326,-0.05586082793543829,-0.05586082793543829
persistence,stable_high,3,357,all_post,40,0.3073314329111783,0.31249728657092923,0.30455434834169814,0.242715892073028,0.005165853659750921,-0.0027770845694800816
persistence,stable_high,3,357,early,12,0.3913519977392488,0.31560094033661035,0.4228942214677461,0.2848006547882674,-0.07575105740263847,0.031542223728497264
persistence,stable_high,3,357,late,16,0.37120053710701734,0.42111448409150193,0.2543069512790782,0.2222337137978103,0.04991394698448459,-0.11689358582793909
persistence,stable_high,3,357,mid,12,0.13815206248865566,0.16457070277781768,0.25321100463247687,0.22794070039141223,0.026418640289162063,0.11505894214382124
persistence,stable_high,3,358,all_post,40,0.25674308790900646,0.24951422114969385,0.23485051257131734,0.41460605317491944,-0.007228866759312558,-0.021892575337689096
persistence,stable_high,3,358,early,12,0.1715201503816984,0.161288372214646,0.15478087528549112,0.25167925818793546,-0.01023177816705234,-0.01673927509620726
persistence,stable_high,3,358,late,16,0.317223851990586,0.29244510378561983,0.277914889320482,0.5287291413624601,-0.024778748204966144,-0.03930896267010403
persistence,stable_high,3,358,mid,12,0.26132500666087516,0.28049889323684046,0.2575009808582574,0.42536873057851565,0.01917388657596533,-0.003824025802617694
persistence,stable_high,3,359,all_post,40,0.19075182769033683,0.24898815595789364,0.17387511439806097,0.173702653089166,0.058236328267556814,-0.01687671329227585
persistence,stable_high,3,359,early,12,0.25508093284098843,0.30510654705050727,0.20675915131596803,0.2064729275550261,0.05002561420951881,-0.04832178152502042
persistence,stable_high,3,359,late,16,0.19139525471864485,0.25983079457432584,0.1854325555976233,0.1852283222557925,0.06843553985568099,-0.005962699121021539
persistence,stable_high,3,359,mid,12,0.12556481983527445,0.17841291337670376,0.12558115588073746,0.1255648197344705,0.05284809354142927,1.6336045462973993e-05
persistence,stable_high,6,350,all_post,39,0.35535069656665086,0.3484837650444134,0.3460006966909573,1.7398199788969715,-0.006866931522237425,-0.009349999875693613
persistence,stable_high,6,350,early,12,0.37743246413982917,0.3685659746178465,0.3732101234709435,1.2012553863071955,-0.00886648952198262,-0.004222340668885695
persistence,stable_high,6,350,late,15,0.37335643173316374,0.35839137724958275,0.3378566773148268,2.2282916594116697,-0.014965054483580896,-0.03549975441833687
persistence,stable_high,6,350,mid,12,0.31076176003533146,0.31601704021451854,0.328971294131134,1.6677949708433755,0.005255280179187106,0.01820953409580253
persistence,stable_high,6,351,all_post,39,0.23228082658490104,0.2557062942141957,0.2491386231666307,0.22248808933155814,0.02342546762929464,0.016857796581729714
persistence,stable_high,6,351,early,12,0.27788429528988157,0.3502786693166884,0.34050665224397064,0.17272222938448714,0.0723943740268068,0.06262235695408912
persistence,stable_high,6,351,late,15,0.1957708406599023,0.19064669861753217,0.1861495253459791,0.20773166754786357,-0.005124142042370187,-0.009621315313923259
persistence,stable_high,6,351,mid,12,0.23231484028616903,0.2424584136075325,0.23650696636510557,0.29069947650824735,0.010143573321363489,0.004192126078936524
persistence,stable_high,6,352,all_post,39,0.4592295952967484,1.0040716052839973,1.0601735608284817,0.9546841544686351,0.5448420099872491,0.6009439655317337
persistence,stable_high,6,352,early,12,0.2500210767819256,0.24448780925181535,0.23940993939510732,0.25463108744910234,-0.005533267530110251,-0.010611137386818292
persistence,stable_high,6,352,late,15,0.48470327314618306,1.2892967362903383,1.373615427136815,1.2163045727305752,0.8045934631441553,0.888912153990632
persistence,stable_high,6,352,mid,12,0.6365960164997776,1.407123987558253,1.4891348493764403,1.3277116986607431,0.7705279710584754,0.8525388328766628
persistence,stable_high,6,353,all_post,39,0.3245018384560041,0.25735116836058086,0.3078534683246736,0.26924906784407954,-0.06715067009542322,-0.016648370131330574
persistence,stable_high,6,353,early,12,0.21464278820337632,0.22374112752477784,0.2148300928966541,0.2837643063453596,0.009098339321401543,0.00018730469327781635
persistence,stable_high,6,353,late,15,0.45440750867834345,0.3064859982850902,0.44462701540504146,0.288548404548283,-0.14792151039325338,-0.009780493273301986
persistence,stable_high,6,353,mid,12,0.2719788009307076,0.22954267179074728,0.22990990990223292,0.23060965846254522,-0.04243612913996026,-0.042068891028474685
persistence,stable_high,6,354,all_post,39,0.4613833930011261,0.485230695018354,0.4889216388204946,0.4651608579714289,0.023847302017227998,0.02753824581936863
persistence,stable_high,6,354,early,12,0.4328388251132979,0.4264025534861151,0.4281247184065566,0.433001424443548,-0.006436271627182764,-0.004714106706741242
persistence,stable_high,6,354,late,15,0.328780012811895,0.5192608394873022,0.5228225817920572,0.5045884691977479,0.19048082667540697,0.19404256898016223
persistence,stable_high,6,354,mid,12,0.655682186125493,0.501521155964408,0.5073423805199795,0.4480357774664107,-0.15416103016108504,-0.14833980560551352
persistence,stable_high,6,355,all_post,39,0.2870269340449205,0.34803367754159514,0.2288077634918396,0.22751500381850662,0.06100674349667458,-0.058219170553080964
persistence,stable_high,6,355,early,12,0.4049320883539433,0.5069103127457012,0.2249202564698819,0.19270354943638476,0.10197822439175791,-0.18001183188406142
persistence,stable_high,6,355,late,15,0.2631450335886244,0.34082068251493,0.2648452532552535,0.27819684559954827,0.07767564892630553,0.0017002196666290918
persistence,stable_high,6,355,mid,12,0.1989741553062679,0.1981732861208205,0.1876484083095298,0.1989741559743264,-0.0008008691854474425,-0.011325746996738066
persistence,stable_high,6,356,all_post,39,0.4070755158929501,0.42373784578988194,0.46620170108996195,0.5522650259461763,0.016662329896931925,0.059126185197011925
persistence,stable_high,6,356,early,12,0.37647630683770433,0.2829070704154151,0.3059041645460944,0.42520053027239285,-0.09356923642228922,-0.0705721422916099
persistence,stable_high,6,356,late,15,0.5046203771891168,0.6461901061834977,0.7521298842224968,0.760719858072088,0.14156972899438094,0.24750950703338023
persistence,stable_high,6,356,mid,12,0.3157436483279877,0.28650329567232957,0.2690890087181611,0.4187609814625699,-0.029240352655658167,-0.0466546396098266
persistence,stable_high,6,357,all_post,39,0.4016727571310696,0.41002072396908573,0.3840942626698183,0.5306626744549333,0.008347966838016288,-0.01757849446125122
persistence,stable_high,6,357,early,12,0.4599547672679482,0.415225641818493,0.3738188205389729,0.7112554079073381,-0.04472912544945521,-0.0861359467289753
persistence,stable_high,6,357,late,15,0.518379560580357,0.5533208358779917,0.5309816609225009,0.4330250567034117,0.03494127529763481,0.012602100342143987
persistence,stable_high,6,357,mid,12,0.1975072426825815,0.22569066623354617,0.21076045698481036,0.4721169631919307,0.028183423550964634,0.013253214302228858
persistence,stable_high,6,358,all_post,39,0.3722637471476472,0.3215379947005707,0.2986882564284545,1.0615039450955222,-0.05072575244707643,-0.07357549071919273
persistence,stable_high,6,358,early,12,0.2650916096335452,0.204855375481074,0.1961838751998333,0.6029955354673164,-0.06023623415247123,-0.06890773443371187
persistence,stable_high,6,358,late,15,0.4796048786307978,0.3684875139175211,0.3497921697765545,1.4403687958397302,-0.11111736471327664,-0.12981270885424326
persistence,stable_high,6,358,mid,12,0.34525947030781107,0.3795337148988797,0.33731274597195066,1.0464312912934695,0.03427424459106862,-0.00794672433586046
persistence,stable_high,6,359,all_post,39,0.29328487676986403,0.4294643629661367,0.27169826925528306,0.27169826756977977,0.13617948619627288,-0.021586607514580924
persistence,stable_high,6,359,early,12,0.34100922251888255,0.3873559511253477,0.27085274809649645,0.27085274593913317,0.04634672860646514,-0.07015647442238616
persistence,stable_high,6,359,late,15,0.2890389245925583,0.48980604020617224,0.2890389245925583,0.28903892241431495,0.20076711561361402,0.0
persistence,stable_high,6,359,mid,12,0.25086797124247767,0.39614567825688174,0.2508679712424758,0.25086797064475747,0.14527770701440415,-1.8370721610594387e-15
persistence,stable_high,12,350,all_post,37,0.5684777397971659,0.6687007829931663,0.572116425977931,5.7927299853060585,0.10022304319600049,0.003638686180765263
persistence,stable_high,12,350,early,12,0.7182379372672841,0.6490768831867569,0.562311052787627,3.834704754678524,-0.06916105408052724,-0.15592688447965705
persistence,stable_high,12,350,late,13,0.34170651011896375,0.6552224324643509,0.5811709505928243,7.489197060278894,0.31351592234538705,0.2394644404738606
persistence,stable_high,12,350,mid,12,0.664386374478433,0.7029262292057923,0.5721127308354339,5.912915884713022,0.03853985472735943,-0.09227364364299905
persistence,stable_high,12,351,all_post,37,0.397419112132528,0.2310073335844239,0.2584686860808061,0.3219693494523044,-0.16641177854810407,-0.1389504260517219
persistence,stable_high,12,351,early,12,0.5946181784022507,0.26401740862844586,0.31630087610298097,0.2383348602270271,-0.3306007697738047,-0.2783173022992697
persistence,stable_high,12,351,late,13,0.1862250935575074,0.15865032575630328,0.1892434058741636,0.3121550117844181,-0.0275747678012041,0.0030183123166562125
persistence,stable_high,12,351,mid,12,0.42901356598574436,0.27638401702086607,0.2756305496158273,0.41623603781779156,-0.15262954896487838,-0.15338301636991714
persistence,stable_high,12,352,all_post,37,1.1511057453735336,1.707243316872516,3.087106746708907,2.8194613125625687,0.5561375714989828,1.9360010013353737
persistence,stable_high,12,352,early,12,0.6140341328230117,0.42119287830739843,0.507984691674564,0.5004813036538946,-0.1928412545156132,-0.10604944114844767
persistence,stable_high,12,352,late,13,1.0980487646366899,1.01324856420239,4.265388426421567,3.842342494781298,-0.08480020043429974,3.1673396617848772
persistence,stable_high,12,352,mid,12,1.7456557537223019,3.745121404163603,4.389756982054534,4.030320040734286,1.9994656504413015,2.644101228332231
persistence,stable_high,12,353,all_post,37,0.6091886527309824,0.42403807331631904,0.445422781108382,0.42976993594226715,-0.18515057941466345,-0.16376587162260048
persistence,stable_high,12,353,early,12,0.36639646052597197,0.3004383067978293,0.3052194839936229,0.3838065309102596,-0.06595815372814268,-0.061176976532348985
persistence,stable_high,12,353,late,13,1.1207703416643349,0.6841363749730832,0.7490328936731158,0.5305529752532697,-0.43663396669125165,-0.3717374479912191
persistence,stable_high,12,353,mid,12,0.2977673485915279,0.2658646797066476,0.2567151229446795,0.3665517150540219,-0.03190266888488028,-0.0410522256468484
persistence,stable_high,12,354,all_post,37,0.9102839289696355,1.537908966587061,1.3286117941687028,1.1182271645381339,0.6276250376174255,0.41832786519906767
persistence,stable_high,12,354,early,12,1.5329870295315,3.8306349671235664,1.3219256628318832,1.170872744432734,2.2976479375920658,-0.21106136669961653
persistence,stable_high,12,354,late,13,0.4081690818422639,0.43274319496289987,1.5036553045836731,1.276801465289402,0.024574113120635958,1.0954862227414093
persistence,stable_high,12,354,mid,12,0.8315385794624229,0.4424458853100636,1.1456674558893047,0.8937927588296598,-0.3890926941523594,0.31412887642688175
persistence,stable_high,12,355,all_post,37,0.5099235523890326,0.43078528471195454,0.30865788365904523,0.30865788367199065,-0.07913826767707835,-0.20126566872998766
persistence,stable_high,12,355,early,12,0.5259038753563076,0.5251048054178257,0.358310784160555,0.358310781517211,-0.0007990699384818727,-0.16759309119575252
persistence,stable_high,12,355,late,13,0.7343166078333309,0.44496136850693646,0.3454240453849675,0.3454240469461597,-0.2893552393263945,-0.3888925624483636
persistence,stable_high,12,355,mid,12,0.2508507526904351,0.3211083398948528,0.21917497462111954,0.21917497561308685,0.07025758720441769,-0.031675778069315555
persistence,stable_high,12,356,all_post,37,0.84989117542222,0.690354146820078,0.7608159611911114,1.3993472827422573,-0.15953702860214192,-0.08907521423110844
persistence,stable_high,12,356,early,12,0.47023463447533276,0.38474804042919303,0.4101391291681496,1.006971035026281,-0.08548659404613963,-0.06009550530718308
persistence,stable_high,12,356,late,13,1.6002227600517835,1.3021224904187982,1.500320826809053,2.385620471348604,-0.29810026963298514,-0.09990193324272961
persistence,stable_high,12,356,mid,12,0.41668849968707994,0.3332112143123491,0.3103625221279691,0.7232609094680235,-0.0834772853747308,-0.10632597755911082
persistence,stable_high,12,357,all_post,37,0.6967347458154339,0.5871707993123412,0.5674166764262728,1.3582628726032104,-0.10956394650309292,-0.12931806938916124
persistence,stable_high,12,357,early,12,0.9383133141110566,0.6068084995094454,0.6163185496564619,2.1673279473586278,-0.33150481460161096,-0.32199476445459435
persistence,stable_high,12,357,late,13,0.7073058769302606,0.8150137239683902,0.743841951576261,1.013117631944546,0.10770784703812976,0.03653607464600042
persistence,stable_high,12,357,mid,12,0.44370411881208316,0.32070326407118355,0.3273874217835966,0.9231051418946793,-0.12300085474089954,-0.11631669702848647
persistence,stable_high,12,358,all_post,37,0.48191853645967603,0.3583887219285438,0.35222882622667057,3.0601677651603474,-0.12352981453113226,-0.1296897102330054
persistence,stable_high,12,358,early,12,0.4214729207865005,0.2388673445675872,0.23774194617154085,1.928322307821294,-0.1826055762189133,-0.18373097461495966
persistence,stable_high,12,358,late,13,0.5544333763653919,0.3438683788169619,0.33701026296093595,3.911859558703795,-0.21056499754843022,-0.21742311340445608
persistence,stable_high,12,358,mid,12,0.4638064089016593,0.49364047099371405,0.483202483153013,3.269347112827333,0.02983406209205484,0.019396074251353715
persistence,stable_high,12,359,all_post,37,0.7781253726189769,0.7541793275716356,0.5607229959257161,0.5607229935454346,-0.023946045047341286,-0.21740237669326073
persistence,stable_high,12,359,early,12,0.5402866545904578,0.5861051610196658,0.5105612471954252,0.5105612441857869,0.04581850642920789,-0.029725407395032617
persistence,stable_high,12,359,late,13,0.7710864603676597,1.0464331151693882,0.7221890469698355,0.7221890439211899,0.27534665480172865,-0.048897413397824066
persistence,stable_high,12,359,mid,12,1.0235895789197562,0.6056452242260401,0.4359631893582112,0.43596318833134795,-0.4179443546937162,-0.5876263895615451
persistence,stable_low,1,350,all_post,40,0.5121137732007479,0.468737856102894,0.42664825521403404,0.7288584352692882,-0.04337591709785386,-0.08546551798671377
persistence,stable_low,1,350,early,12,0.6236467354278449,0.6302201435488752,0.5308103522404327,0.9043552626094914,0.006573408121030338,-0.09283638318741227
persistence,stable_low,1,350,late,16,0.5618217056243022,0.5495834329726599,0.48063560744679124,0.8981981854470896,-0.01223827265164232,-0.08118609817751087
persistence,stable_low,1,350,mid,12,0.33430356774224507,0.19946146616389152,0.2505030218772925,0.3275752743586828,-0.13484210157835347,-0.08380054586495246
persistence,stable_low,1,351,all_post,40,0.2727198602852799,0.3090611314522393,0.30906174960440647,0.4468463694232388,0.03634127116695948,0.03634188931912659
persistence,stable_low,1,351,early,12,0.19839409347131018,0.1969518724432621,0.19695252184061304,0.48613677562715596,-0.0014422210280480852,-0.0014415716306971135
persistence,stable_low,1,351,late,16,0.3121441390227118,0.3957121088833403,0.3957112535323089,0.3791924337763978,0.0835679698606285,0.08356711450959707
persistence,stable_low,1,351,mid,12,0.294479922116007,0.30563575388641534,0.30563830546432996,0.49776121074844304,0.011155831770408351,0.011158383348322982
persistence,stable_low,1,352,all_post,40,0.5437095546145253,0.730901312598063,0.5038205054460585,0.7947528023115226,0.18719175798353782,-0.03988904916846667
persistence,stable_low,1,352,early,12,0.5215327732392889,0.431017244773446,0.4249708117881788,0.7610867064287602,-0.0905155284658428,-0.09656196145111008
persistence,stable_low,1,352,late,16,0.6101759688325943,0.6043065489381099,0.45684795041133236,0.9312575517780165,-0.005869419894484466,-0.15332801842126198
persistence,stable_low,1,352,mid,12,0.47726445036566956,1.199578398635951,0.6453002724835735,0.6464125655722928,0.7223139482702815,0.16803582211790383
persistence,stable_low,1,353,all_post,40,0.46286231320210514,0.4905527659202854,0.4905527659202854,0.6420640326000994,0.027690452718180353,0.027690452718180353
persistence,stable_low,1,353,early,12,0.37575110556072105,0.43492024785353256,0.43492024785353256,0.6494199165169513,0.05916914229281147,0.05916914229281147
persistence,stable_low,1,353,late,16,0.561483288759048,0.5877171535666117,0.5877171535666117,0.5016243417540769,0.026233864807563817,0.026233864807563817
persistence,stable_low,1,353,mid,12,0.4184788867675653,0.4166327671252699,0.4166327671252699,0.8219610698112775,-0.0018461196422953803,-0.0018461196422953803
persistence,stable_low,1,354,all_post,40,0.28413958554426905,0.2757888522246189,0.8430104408697504,0.5028926456105871,-0.008350733319650108,0.5588708553254813
persistence,stable_low,1,354,early,12,0.21526434953692633,0.2089425221370339,0.7427804106471694,0.5285373196990802,-0.006321827399892421,0.5275160611102431
persistence,stable_low,1,354,late,16,0.27172750061183365,0.26108510512901834,0.9503973105302845,0.5158075760438805,-0.010642395482815295,0.6786698099184508
persistence,stable_low,1,354,mid,12,0.3695642681281921,0.3622401784396712,0.8000579782116192,0.4600280642777028,-0.007324089688520867,0.43049371008342713
persistence,stable_low,1,355,all_post,40,0.38868617056557314,0.31509832016821726,0.3050279032153059,0.3461476703222663,-0.07358785039735585,-0.0836582673502673
persistence,stable_low,1,355,early,12,0.3069886422297248,0.3182714719927009,0.2939157909996947,0.23005780823957114,0.011282829762976154,-0.013072851230030049
persistence,stable_low,1,355,late,16,0.3743346667423631,0.29730038841757456,0.27837610964624976,0.29017881170795573,-0.07703427832478858,-0.0959585570961134
persistence,stable_low,1,355,mid,12,0.4895190373323681,0.33565574401125725,0.3516757401896584,0.5368626772240422,-0.15386329332111096,-0.13784329714270974
persistence,stable_low,1,356,all_post,40,0.3111709773986898,0.23558853497535903,0.22842162189272894,0.42248527798344,-0.07558244242333079,-0.08274935550596092
persistence,stable_low,1,356,early,12,0.3218805953067361,0.2016754754435464,0.1900869022053764,0.5032522399812648,-0.12020511986318971,-0.13179369310135966
persistence,stable_low,1,356,late,16,0.1810837019991691,0.15828500503658666,0.14197835767300399,0.28584495907415763,-0.022798696962582424,-0.03910534432616511
persistence,stable_low,1,356,mid,12,0.4739110600233379,0.3725729677588682,0.3820140272063812,0.5239054078646582,-0.10133809226446965,-0.09189703281695662
persistence,stable_low,1,357,all_post,40,0.26195225454349835,0.26334567443053636,0.26334567443053636,0.5759941564179071,0.0013934198870379875,0.0013934198870379875
persistence,stable_low,1,357,early,12,0.26378978622691956,0.26378978622691956,0.26378978622691956,0.45862659218913165,0.0,0.0
persistence,stable_low,1,357,late,16,0.2692012816702921,0.29808116071034174,0.29808116071034174,0.5381805554885355,0.02887987904004957,0.02887987904004957
persistence,stable_low,1,357,mid,12,0.2504493533576854,0.21658758092774597,0.21658758092774597,0.7437798552191781,-0.033861772429939464,-0.033861772429939464
persistence,stable_low,1,358,all_post,40,0.2973072863129104,0.31575789302586543,0.3252320456717418,0.5563605593961335,0.01845060671295501,0.027924759358831375
persistence,stable_low,1,358,early,12,0.3533997068582841,0.3369500222705144,0.3569757623675757,0.7652552840086536,-0.01644968458776969,0.0035760555092916833
persistence,stable_low,1,358,late,16,0.17771105573503104,0.2027261500513372,0.1961237966521528,0.556480402384692,0.025015094316306177,0.018412740917121737
persistence,stable_low,1,358,mid,12,0.4006765065380427,0.44527475441392084,0.46563266100202666,0.347306044132202,0.04459824787587815,0.06495615446398391
persistence,stable_low,1,359,all_post,40,0.43005294212673767,0.4053969384453513,0.36214453460320684,0.4320059391132608,-0.02465600368138634,-0.06790840752353085
persistence,stable_low,1,359,early,12,0.6296105305340256,0.5266537023704833,0.5393282162735453,0.50280001683794,-0.10295682816354242,-0.09028231426048028
persistence,stable_low,1,359,late,16,0.40918200497584,0.42596046408250565,0.33039297005166446,0.43054449440744863,0.01677845910666561,-0.07878903492417558
persistence,stable_low,1,359,mid,12,0.2583232699206466,0.256722140337347,0.22729627233492478,0.3631604543296645,-0.0016011295832995358,-0.03102699758572176
persistence,stable_low,3,350,all_post,40,0.3683381459876971,0.34321022849585414,0.3515318429119857,1.0510466370065428,-0.025127917491842955,-0.016806303075711477
persistence,stable_low,3,350,early,12,0.3624034332178807,0.36079559222589247,0.363192767633012,0.8143879414087963,-0.0016078409919883612,0.0007893344151312359
persistence,stable_low,3,350,late,16,0.45673356497365497,0.4176231333969148,0.4168860990819282,1.3339236799380556,-0.03911043157674021,-0.0398474658917268
persistence,stable_low,3,350,mid,12,0.25641230010956956,0.22640765823106837,0.2527319099643692,0.9105359420289393,-0.03000464187850119,-0.003680390145200413
persistence,stable_low,3,351,all_post,40,0.30638804115395846,0.2990182666126266,0.2990182666126266,0.49433311658108947,-0.007369774541331783,-0.007369774541331783
persistence,stable_low,3,351,early,12,0.4086952048374226,0.35579723052366713,0.35579723052366713,0.5808433555786628,-0.052897974313755446,-0.052897974313755446
persistence,stable_low,3,351,late,16,0.2681588503217248,0.27933072492334976,0.27933072492334976,0.363486082422965,0.011171874601624988,0.011171874601624988
persistence,stable_low,3,351,mid,12,0.2550531319134724,0.26848935828728854,0.26848935828728854,0.5822855897943485,0.013436226373816177,0.013436226373816177
persistence,stable_low,3,352,all_post,40,0.4261621743990053,0.6330689633594984,0.4374448080791872,0.8150779974153076,0.20690678896049305,0.011282633680181902
persistence,stable_low,3,352,early,12,0.43393523311524723,0.4002212608422304,0.3652724596807139,0.6620876708465157,-0.03371397227301667,-0.06866277343453318
persistence,stable_low,3,352,late,16,0.46593695271022795,0.5105839357333788,0.38845038731650006,1.015453173001507,0.04464698302315087,-0.07748656539372792
persistence,stable_low,3,352,mid,12,0.36535607793446645,1.0292300360449256,0.57494305082791,0.7009014232025002,0.6638739581104591,0.2095869728934434
persistence,stable_low,3,353,all_post,40,0.34548163493708434,0.35549921465573525,0.3584793532129617,0.5101890154295117,0.010017579718650815,0.012997718275877274
persistence,stable_low,3,353,early,12,0.3280151252569327,0.34240474407015303,0.3346427780184482,0.5986943019521404,0.014389618813220333,0.006627652761515509
persistence,stable_low,3,353,late,16,0.3817493261879291,0.40487262319336614,0.4178768241651948,0.39558601018400674,0.02312329700543706,0.036127497977265735
persistence,stable_low,3,353,mid,12,0.3145912229494432,0.3027624738578096,0.30311930047116437,0.5744877359008892,-0.011828749091633693,-0.011471922478278891
persistence,stable_low,3,354,all_post,40,0.2903869930329329,0.26723422797226404,0.26762981996716295,0.5218073208168634,-0.0231527650606689,-0.022757173065769944
persistence,stable_low,3,354,early,12,0.35950786586815714,0.30874625837676734,0.3075112903767617,0.5966776715260504,-0.05076160749138977,-0.05199657549139531
persistence,stable_low,3,354,late,16,0.2186892889171903,0.2094361239583969,0.21018585212334243,0.5246165929120145,-0.00925316495879339,-0.008503436793847869
persistence,stable_low,3,354,mid,12,0.3168630590186989,0.3027863362529169,0.30434030668265827,0.44319127398080815,-0.014076722765782044,-0.012522752336040667
persistence,stable_low,3,355,all_post,40,0.33974994630536864,0.30976715684477873,0.3173759710442169,0.4300128516086595,-0.029982789460589902,-0.022373975261151806
persistence,stable_low,3,355,early,12,0.33202233052814634,0.3241875807100995,0.3067248531172087,0.31977531050467417,-0.007834749818046821,-0.025297477410937626
persistence,stable_low,3,355,late,16,0.35116928587524154,0.3294660883965066,0.33739141268550854,0.49112917340887907,-0.021703197478734972,-0.013777873189733017
persistence,stable_low,3,355,mid,12,0.33225177598942707,0.26908149091048755,0.3013398334495027,0.45876196364568544,-0.06317028507893956,-0.030911942539924363
persistence,stable_low,3,356,all_post,40,0.33186057565137034,0.3307177300135774,0.31775179130908765,0.6704938170547216,-0.0011428456377929885,-0.014108784342282724
persistence,stable_low,3,356,early,12,0.2580673377333933,0.24212329844672856,0.2434688726719202,0.7021090395251064,-0.015944039286664696,-0.014598465061473104
persistence,stable_low,3,356,late,16,0.3687361931067269,0.3827462038493892,0.34396140272846343,0.6390931969865422,0.014010010742662282,-0.02477479037826348
persistence,stable_low,3,356,mid,12,0.356486323628872,0.3499408631326771,0.3570885613870874,0.680746088008576,-0.006545460496194987,0.0006022377582153427
persistence,stable_low,3,357,all_post,40,0.373028021383594,0.36722884767349073,0.36722884767349073,0.6794642021792328,-0.005799173710103249,-0.005799173710103249
persistence,stable_low,3,357,early,12,0.4258532587700681,0.4137512514511579,0.4137512514511579,0.6909719120782025,-0.012102007318910174,-0.012102007318910174
persistence,stable_low,3,357,late,16,0.34273644153979155,0.35778339098818174,0.35778339098818174,0.45871566032040356,0.015046949448390152,0.015046949448390152
persistence,stable_low,3,357,mid,12,0.36059155712218977,0.33330038614290225,0.33330038614290225,0.9622878814253686,-0.027291170979287516,-0.027291170979287516
persistence,stable_low,3,358,all_post,40,0.3223501713026543,0.30725990540166787,0.3120467818514806,0.7840446755564638,-0.015090265900986485,-0.010303389451173792
persistence,stable_low,3,358,early,12,0.27185511658284817,0.27237350383799175,0.27303279536905295,0.6616160885014875,0.0005183872551435617,0.001177678786204718
persistence,stable_low,3,358,late,16,0.3619114452190455,0.3241649042107475,0.32607019658785213,1.0287444025832235,-0.03774654100829804,-0.03584124863119342
persistence,stable_low,3,358,mid,12,0.32009686080060556,0.31960630855323774,0.3323628820187461,0.5802069599090942,-0.0004905522473677889,0.01226602121814053
persistence,stable_low,3,359,all_post,40,0.310577146738139,0.4496944298994917,0.317969744345027,0.4181798836273206,0.1391172831613527,0.007392597606888029
persistence,stable_low,3,359,early,12,0.39749765462423364,0.38293173259522373,0.4447446701517752,0.43232099809715097,-0.014565922029009951,0.04724701552754155
persistence,stable_low,3,359,late,16,0.27991074778286285,0.5771921329788046,0.2793339550396693,0.4392759993284475,0.29728138519594155,-0.0005767927431935948
persistence,stable_low,3,359,mid,12,0.26454517079241263,0.3464601897646762,0.24270920427875597,0.375910614889321,0.08191501897226351,-0.02183596651365667
persistence,stable_low,6,350,all_post,39,0.4065895949682379,0.35917404089272276,0.370254284314718,2.096841246531061,-0.047415554075515,-0.03633531065351979
persistence,stable_low,6,350,early,12,0.36015472893858264,0.3329034269073324,0.31524036800017236,1.3602523942800602,-0.027251302031250296,-0.044914360938410246
persistence,stable_low,6,350,late,15,0.49628214889627625,0.46178905199246134,0.4655758951534094,2.6782636021999626,-0.034493096903814933,-0.030706253742866774
persistence,stable_low,6,350,mid,12,0.3409087685878451,0.25717589100344024,0.30611618708089944,2.106652154195934,-0.08373287758440479,-0.034792581506945607
persistence,stable_low,6,351,all_post,39,0.3212938376374609,0.3318765430139938,0.3318765430139938,0.47486201342624856,0.010582705376532966,0.010582705376532966
persistence,stable_low,6,351,early,12,0.40475617787004364,0.39382957596232365,0.39382957596232365,0.4872729342865208,-0.010926601907719899,-0.010926601907719899
persistence,stable_low,6,351,late,15,0.2585994512324049,0.2949997889842535,0.2949997889842535,0.36243305458519326,0.036400337751848526,0.036400337751848526
persistence,stable_low,6,351,mid,12,0.31619948041119794,0.3160194526028393,0.3160194526028393,0.6029872911172953,-0.00018002780835861773,-0.00018002780835861773
persistence,stable_low,6,352,all_post,39,0.4923352167056987,0.9894162024583951,0.5036087697627908,1.2438601301722223,0.4970809857526965,0.01127355305709232
persistence,stable_low,6,352,early,12,0.4931684284071873,0.4552237260268334,0.37171874763260376,0.6020641516077556,-0.0379447023803538,-0.1214496807745834
persistence,stable_low,6,352,late,15,0.5333959144037809,0.8099962831802963,0.4180891118632782,1.712308489719761,0.2766003687765155,-0.11530680254050256
persistence,stable_low,6,352,mid,12,0.44017613288160723,1.7478835779875803,0.7423983642673689,1.3000956593022661,1.307707445105973,0.30222223138576165
persistence,stable_low,6,353,all_post,39,0.3759213625203979,0.37267370158676355,0.38470942597212865,0.5327951399647116,-0.003247660933634334,0.008788063451730851
persistence,stable_low,6,353,early,12,0.3139663913183401,0.3186614168476161,0.30731271297779467,0.5248242132657056,0.004695025529276045,-0.006653678340545373
persistence,stable_low,6,353,late,15,0.45357545109942454,0.44501591807460106,0.48797251859687546,0.45032797264857727,-0.008559533024823483,0.03439706749745078
persistence,stable_low,6,353,mid,12,0.34080872299867226,0.336258215716114,0.33302727318552944,0.6438500258088854,-0.004550507282558278,-0.007781449813142815
persistence,stable_low,6,354,all_post,39,0.3308978510472281,0.8924313918337453,0.29900579769393654,0.699606400401139,0.5615335407865172,-0.03189205335329156
persistence,stable_low,6,354,early,12,0.40103036670800307,0.7659172700938243,0.3501273021559332,0.7455738567367173,0.36488690338582114,-0.05090306455206986
persistence,stable_low,6,354,late,15,0.2645326034894165,1.1238315411614623,0.23422225515558623,0.8051976406316769,0.8592989376720459,-0.03031034833383035
persistence,stable_low,6,354,mid,12,0.3437218948337177,0.72969532691402,0.3288637214048779,0.5216498937773882,0.3859734320803023,-0.014858173428839725
persistence,stable_low,6,355,all_post,39,0.3498337114488385,0.331663111424941,0.3406579336051174,0.4342708621259888,-0.018170600023897487,-0.009175777843721056
persistence,stable_low,6,355,early,12,0.33728824992533896,0.3327965123899865,0.3030810359916149,0.30447519622501235,-0.004491737535352529,-0.03420721393372405
persistence,stable_low,6,355,late,15,0.39560713489517096,0.3764172521680672,0.3872944637099438,0.5138982159071859,-0.01918988272710383,-0.008312671185227195
persistence,stable_low,6,355,mid,12,0.3051623936644224,0.2745870345309878,0.3199391685875869,0.46453233580046877,-0.030575359133434527,0.014776774923164605
persistence,stable_low,6,356,all_post,39,0.38540243488863124,0.3484378314993521,0.33670149885517847,0.8631539032793112,-0.03696460338927929,-0.04870093603345291
persistence,stable_low,6,356,early,12,0.27155442280526143,0.24115031010720456,0.24134982391192125,0.7890154172431952,-0.030404112698056915,-0.030204598893340207
persistence,stable_low,6,356,late,15,0.5057883903245498,0.4328163624293395,0.3979193321808936,0.9432970114922007,-0.07297202789521028,-0.10786905814365617
persistence,stable_low,6,356,mid,12,0.348768002677103,0.3502521892290151,0.35553088214129147,0.8371135040493151,0.0014841865519120655,0.006762879464188476
persistence,stable_low,6,357,all_post,39,0.42564649301270624,0.44278776370563094,0.4176929155151807,0.9191018339750426,0.017141270692924645,-0.007953577497525578
persistence,stable_low,6,357,early,12,0.5092235779596838,0.5132012240719425,0.5107498406144453,1.1160481416162653,0.003977646112258722,0.0015262626547615833
persistence,stable_low,6,357,late,15,0.41359304671502317,0.4085684101839722,0.397162156081354,0.6743084802784894,-0.005024636531050998,-0.01643089063366924
persistence,stable_low,6,357,mid,12,0.35713621593783257,0.41514849524139263,0.3502994397081994,1.0281472184545115,0.058012279303560114,-0.006836776229633172
persistence,stable_low,6,358,all_post,39,0.3435011905217582,0.3234710778527974,0.3365818178883134,1.2941214208130838,-0.02003011266896079,-0.006919372633444831
persistence,stable_low,6,358,early,12,0.27144678825061136,0.2726465975141397,0.2722118960795088,0.8967024208478739,0.0011998092635284174,0.000765107828897439
persistence,stable_low,6,358,late,15,0.36804946941541716,0.3543907457881501,0.35892323543713617,1.7587488439048198,-0.013658723627267085,-0.00912623397828111
persistence,stable_low,6,358,mid,12,0.3848702441758313,0.33564597327226414,0.37302496776108957,1.1107561419136227,-0.049224270903567124,-0.011845276414741738
persistence,stable_low,6,359,all_post,39,0.31349387955486113,0.5280919254848879,0.34147603747099825,0.4481986387266046,0.21459804593002682,0.027982157916137125
persistence,stable_low,6,359,early,12,0.37825724182666814,0.3758934581522964,0.47184975460007905,0.44735146975530377,-0.002363783674371827,0.09359251277341095
persistence,stable_low,6,359,late,15,0.2733759362963469,0.7358102392968789,0.29397325759189324,0.5201952939652233,0.4624343030005321,0.02059732129554638
persistence,stable_low,6,359,mid,12,0.29887794635619686,0.42064250055249075,0.2704807951907986,0.35904998864963217,0.12176455419629388,-0.02839715116539826
persistence,stable_low,12,350,all_post,37,0.5830788403662178,0.5533558382214362,0.48186030412606995,6.201372126962772,-0.029723002144781636,-0.10121853624014783
persistence,stable_low,12,350,early,12,0.42790136472696827,0.41548980293337223,0.33687962576603886,4.006638815228503,-0.01241156179359595,-0.09102173896092934
persistence,stable_low,12,350,late,13,0.6549699622881586,0.7002127815556302,0.5689608791200962,8.058311099657336,0.0452428192674715,-0.08600908316806237
persistence,stable_low,12,350,mid,12,0.660374267256698,0.5321268515641232,0.5324820262425726,6.38442155161126,-0.1282474156925749,-0.12789224101412555
persistence,stable_low,12,351,all_post,37,0.4100592268762262,0.403863563820902,0.4095121472813305,0.533033363218442,-0.006195663055324113,-0.0005470795948956702
persistence,stable_low,12,351,early,12,0.5500737561335157,0.4757839049645793,0.4916360962521675,0.5029880433489716,-0.07428985116893648,-0.05843765988134822
persistence,stable_low,12,351,late,13,0.27169044672036885,0.3391817840720674,0.33342586001949953,0.43015299304538274,0.06749133735169857,0.06173541329913076
persistence,stable_low,12,351,mid,12,0.4199442094544487,0.40201515073846233,0.40981500951081035,0.6745324174420597,-0.017929058715986324,-0.01012919994363841
persistence,stable_low,12,352,all_post,37,0.7924845328087577,1.7849427125006436,0.6487411040008847,2.937351809565145,0.9924581796918862,-0.14374342880787305
persistence,stable_low,12,352,early,12,0.7476078863602615,0.6430415444072538,0.45284587709448476,0.7982933838755657,-0.10456634195300755,-0.2947620092657767
persistence,stable_low,12,352,late,13,0.8362573640940849,1.4181363519420764,0.4282075647934768,4.3569872759469455,0.5818789878479914,-0.40804979930060825
persistence,stable_low,12,352,mid,12,0.7899406120314828,3.324217437865816,1.0835476650486433,3.53847181334111,2.5342768258343327,0.29360705301716034
persistence,stable_low,12,353,all_post,37,0.5046048902499433,0.45504786607909603,0.46282725103726013,0.5821895346765066,-0.0495570241708473,-0.041777639212683265
persistence,stable_low,12,353,early,12,0.3107712189150595,0.3200968024442686,0.31384221244680033,0.4918707042853671,0.009325583529209175,0.003070993531740828
persistence,stable_low,12,353,late,13,0.7536931038478989,0.6033723015237625,0.6314496079348355,0.5261690880601619,-0.15032080232413644,-0.12224349591306345
persistence,stable_low,12,353,mid,12,0.42859299685370883,0.4293141246488683,0.4291380696553467,0.7331971822353531,0.0007211277951594403,0.000545072801637847
persistence,stable_low,12,354,all_post,37,0.5496988295304452,1.712664496558259,0.3866154500230358,1.2912392572144737,1.1629656670278137,-0.1630833795074095
persistence,stable_low,12,354,early,12,0.9834328954567259,1.5998962564807069,0.5521859808785213,1.3124670553821656,0.616463361023981,-0.4312469145782045
persistence,stable_low,12,354,late,13,0.3491266090982552,2.260054083859315,0.3039273204893631,1.6453424210094663,1.9109274747610596,-0.045199288608892024
persistence,stable_low,12,354,mid,12,0.3332513357390372,1.232427350393,0.3106237261623621,0.8863996982688733,0.899176014653963,-0.022627609576675093
persistence,stable_low,12,355,all_post,37,0.3848131155992511,0.37570668165332044,0.3776334661352211,0.4802252384849344,-0.009106433945930663,-0.007179649464030074
persistence,stable_low,12,355,early,12,0.3642545317030694,0.35724326696782566,0.34960397289636475,0.3463218009178027,-0.007011264735243698,-0.014650558806704605
persistence,stable_low,12,355,late,13,0.433593775986676,0.4092357545650355,0.41262306594574133,0.5566628490197818,-0.024358021421640633,-0.02097071004093476
persistence,stable_low,12,355,mid,12,0.3525259840757223,0.35784693401779055,0.3677575595793468,0.5313212646393146,0.0053209499420681745,0.01523157550362453
persistence,stable_low,12,356,all_post,37,0.4926034469505419,0.42123012513945574,0.41800903932667344,1.5952486631993186,-0.07137332181108606,-0.07459440762386836
persistence,stable_low,12,356,early,12,0.30505767352906227,0.2797798573406458,0.27995026015185004,1.276276057230403,-0.025277816188416413,-0.025107413377212135
persistence,stable_low,12,356,late,13,0.7934255534725089,0.602630381389145,0.5919686086319755,2.2883670496436657,-0.19079517208336394,-0.20145694484053328
persistence,stable_low,12,356,mid,12,0.35425860497322365,0.36616344866776895,0.36761161842075274,1.1633430171868575,0.011904843694545274,0.013353013447529148
persistence,stable_low,12,357,all_post,37,0.5714663153694918,0.5294533107225073,0.5327858270722621,1.685535872224821,-0.042013004646984514,-0.03868048829722977
persistence,stable_low,12,357,early,12,0.7455317986784641,0.6951837177210782,0.7072152757046443,2.332728023922501,-0.05034808095738591,-0.03831652297381986
persistence,stable_low,12,357,late,13,0.5159248341745493,0.4497576741482818,0.4430881644129123,1.288243032962439,-0.06616716002626742,-0.07283666976163707
persistence,stable_low,12,357,mid,12,0.4575707700217074,0.45005984334601407,0.45552884632084223,1.4687442963947213,-0.007510926675693308,-0.0020419237008650983
persistence,stable_low,12,358,all_post,37,0.4560543831846264,0.3879624674787956,0.40224660161290215,3.2748043911792895,-0.06809191570583074,-0.05380778157172416
persistence,stable_low,12,358,early,12,0.2768409573006207,0.2792329677545275,0.27636259901602284,1.980595842102084,0.0023920104539068786,-0.0004783582845978446
persistence,stable_low,12,358,late,13,0.45939794296961506,0.39312300456665467,0.3892113104666389,4.411000871439816,-0.06627493840296031,-0.0701866325029761
persistence,stable_low,12,358,mid,12,0.6316456193015608,0.49110138535788295,0.5422521696182333,3.3381334199742607,-0.14054423394367796,-0.08939344968332757
persistence,stable_low,12,359,all_post,37,0.48487451262142783,0.7253166027080797,0.41158347364808495,0.6410294286470691,0.2404420900866519,-0.07329103897334288
persistence,stable_low,12,359,early,12,0.49950462860582995,0.46774216133565477,0.5687028662758058,0.49584144588440243,-0.03176246727017525,0.06919823766997577
persistence,stable_low,12,359,late,13,0.4186529182632959,1.1340674627405691,0.3604060361964925,0.9405580768669964,0.715414544477273,-0.058246882066803424
persistence,stable_low,12,359,mid,12,0.5419844571916687,0.5400776123786414,0.3099063049262559,0.46172804250481475,-0.001906844813027229,-0.23207815226541265
roughness,high_to_low,1,350,all_post,40,0.5041238442773992,0.4678367387124343,0.44077260304735877,0.8582226731110643,-0.03628710556496493,-0.0633512412300404
roughness,high_to_low,1,350,early,12,0.6871887163439742,0.6452317099205354,0.5960795857970881,1.029810091514443,-0.04195700642343872,-0.09110913054688585
roughness,high_to_low,1,350,late,16,0.5496705645666525,0.5371437216319739,0.49710986159408965,1.0314114623266906,-0.012526842934678647,-0.052560702972562864
roughness,high_to_low,1,350,mid,12,0.26033001182515314,0.19803245694494695,0.2103492755686548,0.45571686908685055,-0.062297554880206184,-0.04998073625649833
roughness,high_to_low,1,351,all_post,40,0.28246216713405864,0.3214280669027926,0.3562124306674342,0.4431012634014769,0.038965899768733964,0.07375026353337558
roughness,high_to_low,1,351,early,12,0.2615343588986207,0.26431133305102156,0.3092064564676214,0.45291538436031464,0.0027769741524008872,0.047672097569000725
roughness,high_to_low,1,351,late,16,0.2914624250192366,0.37963842328496206,0.40879674869542887,0.3687460691189297,0.08817599826572549,0.11733432367619229
roughness,high_to_low,1,351,mid,12,0.2913896315225927,0.3009309922450044,0.3331059808299208,0.5324274014860351,0.00954136072241169,0.04171634930732813
roughness,high_to_low,1,352,all_post,40,0.4650893761948591,0.49766515069325923,0.45255314869697577,0.769518179784924,0.03257577449839998,-0.01253622749788345
roughness,high_to_low,1,352,early,12,0.545354821073342,0.4923351902849847,0.45504362082192684,0.7633638037886801,-0.05301963078835728,-0.09031120025141519
roughness,high_to_low,1,352,late,16,0.43598331796746226,0.4217193769694538,0.44457544486638967,0.9034425367439016,-0.014263940998008491,0.00859212689892731
roughness,high_to_low,1,352,mid,12,0.4236320089529056,0.6042561427332742,0.4606996150128062,0.5971067465025309,0.1806241337803686,0.03706760605990062
roughness,high_to_low,1,353,all_post,40,0.4747936553663289,0.455498118292451,0.45687196288184817,0.6391649143017254,-0.01929553707387796,-0.017921692484480767
roughness,high_to_low,1,353,early,12,0.4392157889826172,0.4318893693689973,0.43318763470578386,0.6458952077363119,-0.007326419613619938,-0.006028154276833439
roughness,high_to_low,1,353,late,16,0.5754013400191422,0.5061924266800669,0.5069087059152025,0.4918205153979783,-0.06920891333907528,-0.06849263410393962
roughness,high_to_low,1,353,mid,12,0.37622794221295625,0.4115144560324167,0.41384063368010654,0.8288938194054684,0.03528651381946046,0.03761269146715036
roughness,high_to_low,1,354,all_post,40,0.28846514757899533,0.26873134138422966,0.9272964550636917,0.5556739940054285,-0.01973380619476566,0.6388313074846966
roughness,high_to_low,1,354,early,12,0.2322509744724873,0.20705992584445312,0.9170928790159961,0.5807227266129881,-0.0251910486280342,0.684841904543509
roughness,high_to_low,1,354,late,16,0.2655309509291097,0.2642026481114591,0.9327917255736012,0.5680174359748316,-0.0013283028176506641,0.6672607746444915
roughness,high_to_low,1,354,mid,12,0.3752582495520174,0.33644101462103365,0.9301730037648417,0.514167338771998,-0.03881723493098379,0.5549147542128242
roughness,high_to_low,1,355,all_post,40,0.3088962566762007,0.2667338303083785,0.266480458516554,0.3416804760097006,-0.042162426367822206,-0.04241579815964667
roughness,high_to_low,1,355,early,12,0.27435206261716477,0.27337723183397716,0.23364937946911413,0.22385248651853681,-0.0009748307831876241,-0.040702683148050645
roughness,high_to_low,1,355,late,16,0.2520423943035845,0.21002273082362827,0.2179527779859696,0.2857831543086717,-0.04201966347995622,-0.03408961631761487
roughness,high_to_low,1,355,mid,12,0.41924560056539145,0.33570522809577996,0.364015111604773,0.534038227768903,-0.08354037246961145,-0.05523048896061842
roughness,high_to_low,1,356,all_post,40,0.3245623808513706,0.22375190072263243,0.23217447716525613,0.4492262003256319,-0.10081048012873824,-0.09238790368611455
roughness,high_to_low,1,356,early,12,0.36626518981965756,0.1624443281643308,0.1550157485877291,0.5487720184817374,-0.20382086165532673,-0.21124944123192843
roughness,high_to_low,1,356,late,16,0.172622157918373,0.1298693394016593,0.1425725229360317,0.28919158706559045,-0.0427528185167137,-0.030049634982341283
roughness,high_to_low,1,356,mid,12,0.48544653579374736,0.41023622170889823,0.4288024780484155,0.5630598665162483,-0.0752103140848491,-0.056644057745331745
roughness,high_to_low,1,357,all_post,40,0.3134102890959455,0.3599394177000986,0.28751480676268804,0.6154712577372902,0.04652912860415298,-0.025895482333257523
roughness,high_to_low,1,357,early,12,0.5349090154605903,0.40217825922090317,0.3178642783153229,0.4935701687111003,-0.13273075623968708,-0.21704473714526742
roughness,high_to_low,1,357,late,16,0.2394557833590426,0.41331923555616046,0.32448659068046437,0.5350923313861979,0.17386345219711785,0.08503080732142172
roughness,high_to_low,1,357,mid,12,0.19051757038050465,0.2465274857045446,0.2078696233196847,0.8445442485649363,0.05600991532403993,0.01735205293918005
roughness,high_to_low,1,358,all_post,40,0.2695689937574531,0.2592371682833462,0.2608741441108468,0.6448396216975156,-0.010331825474106894,-0.008694849646606254
roughness,high_to_low,1,358,early,12,0.396738548140467,0.3950589608787132,0.402420648291427,0.9197158135526688,-0.0016795872617538083,0.005682100150959969
roughness,high_to_low,1,358,late,16,0.17388973914485562,0.14904333561411823,0.14762823320835003,0.6200861067104784,-0.02484640353073738,-0.026261505936505593
roughness,high_to_low,1,358,mid,12,0.2699717788579024,0.2703404859136164,0.27032218780026235,0.4029681164917458,0.00036870705571401263,0.0003504089423599782
roughness,high_to_low,1,359,all_post,40,0.42157171232828966,0.3477927191058551,0.35119537302562903,0.4287877811273403,-0.07377899322243464,-0.0703763393026607
roughness,high_to_low,1,359,early,12,0.5947334713783445,0.4789779485487291,0.5021840307303679,0.5073663317348523,-0.11575552282961539,-0.09254944064797667
roughness,high_to_low,1,359,late,16,0.424266416283134,0.33823628592195015,0.3397683613280193,0.4195383146582443,-0.08603013036118391,-0.08449805495511475
roughness,high_to_low,1,359,mid,12,0.24481701467177566,0.22934940057485412,0.21544273091770305,0.362541852478623,-0.015467614096921545,-0.029374283754072607
roughness,high_to_low,3,350,all_post,40,0.3663942105815837,0.36297394488176576,0.34603461720480155,1.7391069752850477,-0.0034202656998179233,-0.020359593376782198
roughness,high_to_low,3,350,early,12,0.45574386022866364,0.4113270774012181,0.3871682673977233,1.443033050157157,-0.044416782827445496,-0.0685755928309403
roughness,high_to_low,3,350,late,16,0.4157604346069306,0.4456632631466979,0.42302439317210616,1.9795054521867272,0.029902828539767348,0.007263958565175569
roughness,high_to_low,3,350,mid,12,0.21122292890070796,0.20436838800907065,0.2022479323888068,1.7146495978773668,-0.006854540891637374,-0.008974996511901132
roughness,high_to_low,3,351,all_post,40,0.30524074169631765,0.32607408349932454,0.3114737620774053,0.5031941491123606,0.020833341803006854,0.006233020381087634
roughness,high_to_low,3,351,early,12,0.4113272599506597,0.37098120411980906,0.4050830463133281,0.5407951856416982,-0.04034605583085077,-0.00624421363733169
roughness,high_to_low,3,351,late,16,0.24387492661457227,0.3061137328264274,0.27670511375857054,0.3755777770462449,0.06223880621185516,0.03283018714399824
roughness,high_to_low,3,351,mid,12,0.28097531021763605,0.30778076377603614,0.26422267559992885,0.6357482753378442,0.026805453558400087,-0.016752634617707218
roughness,high_to_low,3,352,all_post,40,0.41778644998148085,0.8630796705906437,0.3744536806576037,0.7274545337900648,0.44529322060916277,-0.043332769323877134
roughness,high_to_low,3,352,early,12,0.4827035673711186,0.48525728318097167,0.3853577423059638,0.6667409294708672,0.0025537158098531375,-0.09734582506515475
roughness,high_to_low,3,352,late,16,0.4271232118036009,1.0841239860265452,0.39010442756288594,0.8778007061955698,0.6570007742229442,-0.03701878424071499
roughness,high_to_low,3,352,mid,12,0.3404203168290163,0.94617630408578,0.3426819564688673,0.5877065749019222,0.6057559872567636,0.0022616396398509667
roughness,high_to_low,3,353,all_post,40,0.34001067487998854,0.3539257487312438,0.3534082925615635,0.5177804907530641,0.013915073851255294,0.01339761768157501
roughness,high_to_low,3,353,early,12,0.3625530860416402,0.37826090590742806,0.3772911456018753,0.6060992021769978,0.01570781986578773,0.014738059560235162
roughness,high_to_low,3,353,late,16,0.35586019228216315,0.3509383759054153,0.35077166418748656,0.40223874847192376,-0.004921816376747816,-0.0050885280946766035
roughness,high_to_low,3,353,mid,12,0.29633557384877046,0.33357375532283084,0.3330409440200209,0.583517435703984,0.03723818147406034,0.03670537017125034
roughness,high_to_low,3,354,all_post,40,0.2874129831017426,0.2781001349013005,0.27229246989851685,0.6560389963864038,-0.009312848200442099,-0.015120513203225822
roughness,high_to_low,3,354,early,12,0.34582602116269584,0.3448603202117478,0.2873299716838614,0.7052203765174462,-0.0009657009509480285,-0.05849604947883449
roughness,high_to_low,3,354,late,16,0.21175855846498545,0.21121018019441892,0.22023565938907486,0.6750662812249641,-0.0005483782705665175,0.0084771009240894
roughness,high_to_low,3,354,mid,12,0.32987251122313227,0.30052655586669536,0.3266640487924282,0.5814879031372812,-0.029345955356436942,-0.003208462430704124
roughness,high_to_low,3,355,all_post,40,0.3009455559282094,0.3047215246378604,0.30945154316378287,0.424193167469503,0.003775968709651084,0.008505987235573477
roughness,high_to_low,3,355,early,12,0.30528116714960957,0.2988746022922813,0.2948261496445347,0.31769836972870014,-0.006406564857328263,-0.010455017505074856
roughness,high_to_low,3,355,late,16,0.28430953458479746,0.30494986577911803,0.312337455056971,0.4823292226487591,0.020640331194320547,0.02802792047217354
roughness,high_to_low,3,355,mid,12,0.31879130649802506,0.3102639921284295,0.32022905415878006,0.4531732249712977,-0.008527314369595517,0.001437747660755058
roughness,high_to_low,3,356,all_post,40,0.31417658472051724,0.30277861398857275,0.3117910916399702,0.7657975534076572,-0.011397970731944408,-0.00238549308054703
roughness,high_to_low,3,356,early,12,0.24663948923449364,0.24831117712411233,0.25552715422568434,0.8304472464962944,0.0016716878896186815,0.00888766499119069
roughness,high_to_low,3,356,late,16,0.3379176364215337,0.2940909365760922,0.30059162492697417,0.6949794463294461,-0.04382669984544149,-0.03732601149455956
roughness,high_to_low,3,356,mid,12,0.35005894460518555,0.3688296207363408,0.3829876513382508,0.7955720030899682,0.018770676131155288,0.032928706733065284
roughness,high_to_low,3,357,all_post,40,0.3433840184763433,0.3557585796717223,0.3538785250909419,0.8348440485056938,0.012374561195379039,0.010494506614598663
roughness,high_to_low,3,357,early,12,0.40878438728368055,0.41314481963270855,0.4071064061225522,0.827531569221414,0.004360432349028047,-0.0016779811611283152
roughness,high_to_low,3,357,late,16,0.31038039146898083,0.34927524500443324,0.3481027029561813,0.6054950920409448,0.03889485353545238,0.03772231148720043
roughness,high_to_low,3,357,mid,12,0.32198848567882266,0.30701678593378817,0.30835174023901263,1.147955136409639,-0.014971699745034428,-0.013636745439810041
roughness,high_to_low,3,358,all_post,40,0.2989902599832263,0.2910188423402392,0.2843201469266938,1.181079203874902,-0.007971417642987104,-0.014670113056532564
roughness,high_to_low,3,358,early,12,0.2764542922836796,0.27903334788925865,0.2780881331160166,1.0747184760881374,0.0025790556055790147,0.0016338408323369618
roughness,high_to_low,3,358,late,16,0.35087733404710586,0.33024939214155646,0.31868526750020554,1.3951911749655574,-0.020627941905549407,-0.032192066546900364
roughness,high_to_low,3,358,mid,12,0.252343462264267,0.2506969370561302,0.2447319999726886,1.0019573035407927,-0.0016465252081368173,-0.0076114622915783555
roughness,high_to_low,3,359,all_post,40,0.2902296173486406,0.301178571791906,0.32033476451341736,0.39967373894226527,0.010948954443265331,0.030105147164776684
roughness,high_to_low,3,359,early,12,0.3834256524520934,0.37474437840366837,0.4809715076738687,0.43765581784484153,-0.008681274048425064,0.0975458552217753
roughness,high_to_low,3,359,late,16,0.2721643747541483,0.3063702032866068,0.28200830148273276,0.3997146408537793,0.03420582853245854,0.009843926728584466
roughness,high_to_low,3,359,mid,12,0.22112057237117777,0.22069058985387582,0.21079997206054546,0.3616371241576702,-0.00042998251730189493,-0.010320600310632312
roughness,high_to_low,6,350,all_post,39,0.3793388761341922,0.40159674691948527,0.359538494455021,4.332903051791894,0.022257870785293028,-0.019800381679171065
roughness,high_to_low,6,350,early,12,0.43315166586730847,0.38648715494997066,0.3572679170214084,3.57250742849434,-0.046664510917337754,-0.07588374884590003
roughness,high_to_low,6,350,late,15,0.4610811414329395,0.5272682358267323,0.4707731943132639,4.745776654860758,0.0661870943937928,0.009692052880324462
roughness,high_to_low,6,350,mid,12,0.22334825477764178,0.2596169777549409,0.22276569706583024,4.577206671253373,0.03626872297729911,-0.0005825577118115157
roughness,high_to_low,6,351,all_post,39,0.35223813886395183,0.35349988517773123,0.3541702457457818,0.5295780738207758,0.001261746313779447,0.001932106881830031
roughness,high_to_low,6,351,early,12,0.5060820653799437,0.47229673903382463,0.48410428077619483,0.45091080236475706,-0.033785326346119096,-0.021977784603748954
roughness,high_to_low,6,351,late,15,0.22868763151512303,0.2898292010302916,0.28593495635887617,0.4150285940132256,0.06114156951516849,0.05724732484375312
roughness,high_to_low,6,351,mid,12,0.3528323465339958,0.3142913865059375,0.30953032244900097,0.7514321950362316,-0.03854096002805832,-0.04330202408499486
roughness,high_to_low,6,352,all_post,39,0.4515850439495472,1.214110276016695,0.3980419793337413,0.9358299390439604,0.7625252320671476,-0.05354306461580599
roughness,high_to_low,6,352,early,12,0.5051223130534296,0.5713105555132405,0.39153687708057894,0.6162507937227131,0.06618824245981098,-0.1135854359728506
roughness,high_to_low,6,352,late,15,0.47090653120306075,1.5916906142949465,0.4056385407944091,1.1994811061319264,1.1207840830918854,-0.06526799040865174
roughness,high_to_low,6,352,mid,12,0.3738959157787731,1.384934573672335,0.3950513797610689,0.9258451255052506,1.011038657893562,0.021155463982295796
roughness,high_to_low,6,353,all_post,39,0.35971218687995865,0.37314762373519145,0.3625770467985975,0.5469820616940531,0.01343543685523279,0.0028648599186388247
roughness,high_to_low,6,353,early,12,0.3472835271830723,0.35195724661558536,0.341658073779497,0.5432858071427852,0.004673719432513111,-0.005625453403575349
roughness,high_to_low,6,353,late,15,0.3965126764587907,0.36483418893158615,0.3615809265471112,0.4589446051513027,-0.031678487527204514,-0.03493174991167951
roughness,high_to_low,6,353,mid,12,0.32614023460330505,0.4047297943593042,0.38474117013205583,0.6607251369237591,0.0785895597559991,0.058600935528750904
roughness,high_to_low,6,354,all_post,39,0.3439829759856311,0.3295098827419311,0.30982560848232577,1.124138401922954,-0.0144730932437,-0.03415736750330537
roughness,high_to_low,6,354,early,12,0.4405589051830725,0.3888207966434772,0.3161208005183825,1.1381522356083138,-0.0517381085395953,-0.12443810466469002
roughness,high_to_low,6,354,late,15,0.23697826023150328,0.25700482547286985,0.2468242150286302,1.2430859064569186,0.020026565241366524,0.00984595479712687
roughness,high_to_low,6,354,mid,12,0.38116294148084967,0.3608302904267118,0.3822821582633886,0.9614401875701368,-0.02033265105413785,0.001119216782538945
roughness,high_to_low,6,355,all_post,39,0.3033428750100505,0.309881054735487,0.32516529848466286,0.42156301449861144,0.00653817972543653,0.021822423474612326
roughness,high_to_low,6,355,early,12,0.3108435780113375,0.31578756010268133,0.30204238608604417,0.30398825168022625,0.004943982091343793,-0.008801191925293364
roughness,high_to_low,6,355,late,15,0.2992232712572045,0.31413958083340116,0.3420952570628491,0.48834305575241443,0.014916309576196659,0.04287198580564456
roughness,high_to_low,6,355,mid,12,0.300991676699821,0.2986513917459001,0.32712576266054866,0.45566272574974315,-0.0023402849539208895,0.026134085960727717
roughness,high_to_low,6,356,all_post,39,0.3393056861363007,0.3045832338615972,0.3120961911836499,1.1579254218181798,-0.03472245227470365,-0.027209494952650834
roughness,high_to_low,6,356,early,12,0.23924730077031367,0.2438039123900337,0.2510774049048502,1.160417667783318,0.004556611619719968,0.01183010413453644
roughness,high_to_low,6,356,late,15,0.4132841307324107,0.29413100308019613,0.29884497903430085,1.1534488448342246,-0.11915312765221454,-0.11443915169810985
roughness,high_to_low,6,356,mid,12,0.34689101575715026,0.3784278438099116,0.38967899264913597,1.1610288970829852,0.03153682805276132,0.04278797689198568
roughness,high_to_low,6,357,all_post,39,0.39203314976999354,0.4189662194648713,0.39741768625875645,1.4044693957089749,0.02693306969487767,0.005384536488762934
roughness,high_to_low,6,357,early,12,0.5210365038757115,0.4910205728966018,0.4783060774594687,1.5582090334744392,-0.030015930979109536,-0.04273042641624273
roughness,high_to_low,6,357,late,15,0.35700828609150004,0.4344064623266356,0.4048077329266071,1.1280555964040888,0.07739817623513558,0.04779944683510709
roughness,high_to_low,6,357,mid,12,0.30681087526239265,0.3276115624559351,0.307291736723231,1.5962470070746182,0.020800687193542496,0.00048086146083840586
roughness,high_to_low,6,358,all_post,39,0.31085551207090695,0.31587153927684036,0.29707070592858303,2.6169055131863943,0.005016027205933427,-0.01378480614232386
roughness,high_to_low,6,358,early,12,0.2862701475200012,0.2856769281834638,0.2803107277850211,2.3091374797843542,-0.0005932193365373895,-0.005959419734980106
roughness,high_to_low,6,358,late,15,0.3684220226360348,0.3719183665108162,0.3417419121998302,3.0075443520351453,0.003496343874781439,-0.0266801104362047
roughness,high_to_low,6,358,mid,12,0.2634827384154028,0.27600761632774695,0.25799167623308616,2.436374998027494,0.012524877912344239,-0.005491062182316574
roughness,high_to_low,6,359,all_post,39,0.3959674274725658,0.3180270010854832,0.35591630150466674,0.39531345451619276,-0.07794042638708246,-0.04005112596789894
roughness,high_to_low,6,359,early,12,0.6308484905325605,0.36244575928563866,0.5526260745532884,0.4506152792353994,-0.26840273124692193,-0.0782224159792722
roughness,high_to_low,6,359,late,15,0.28675446048694087,0.3460536001908923,0.2988206284409239,0.411541399898786,0.059299139703951495,0.012066167953982989
roughness,high_to_low,6,359,mid,12,0.297602573144602,0.2385749940035665,0.2305761197857238,0.31972669806874404,-0.05902757914103548,-0.06702645335887818
roughness,high_to_low,12,350,all_post,37,0.4727373127062313,0.4962124142376668,0.4547940353632351,14.25640127020149,0.023475101531435495,-0.017943277342996167
roughness,high_to_low,12,350,early,12,0.6074647436199945,0.4791526076738797,0.4439215409018295,12.020551075790884,-0.12831213594611487,-0.16354320271816505
roughness,high_to_low,12,350,late,13,0.43889801579899435,0.637032249512826,0.5551217407114872,15.67619661817676,0.19813423371383157,0.11622372491249296
roughness,high_to_low,12,350,mid,12,0.3746691201086414,0.3607173992533648,0.35697818236403417,14.95413983763889,-0.013951720855276543,-0.017690937744607175
roughness,high_to_low,12,351,all_post,37,0.5218512129577174,0.5189552431220404,0.4935045066142843,0.7677135124603882,-0.002895969835676958,-0.028346706343433142
roughness,high_to_low,12,351,early,12,0.7384443110614782,0.7292938853226819,0.7299563337028524,0.542420397683113,-0.009150425738796543,-0.008487977358625972
roughness,high_to_low,12,351,late,13,0.23010748815496385,0.43494704858132693,0.3875178670404678,0.6572053417280265,0.20483956042636306,0.15741037888550397
roughness,high_to_low,12,351,mid,12,0.6213138167236063,0.39962547834050555,0.37187153906401743,1.1127238121977219,-0.22168833838310073,-0.24944227765958885
roughness,high_to_low,12,352,all_post,37,0.7246061256265319,0.48073897379063035,0.46482171076835194,1.8179972386222165,-0.24386715183590144,-0.2597844148581799
roughness,high_to_low,12,352,early,12,1.1295542712704314,0.5091881632602444,0.4704815680695991,0.8436828352649673,-0.6203661080101871,-0.6590727032008324
roughness,high_to_low,12,352,late,13,0.5752997279907226,0.38965167357152936,0.40004753789648306,2.4484245723687605,-0.1856480544191933,-0.17525219009423953
roughness,high_to_low,12,352,mid,12,0.4814065774214255,0.5509676928917091,0.5293338740782957,2.1093486970873774,0.06956111547028364,0.047927296656870344
roughness,high_to_low,12,353,all_post,37,0.411613387353116,0.4799729249580613,0.4668371357019258,0.6071215716836976,0.06835953760494548,0.05522374834880994
roughness,high_to_low,12,353,early,12,0.4194998212298271,0.41566361076714603,0.40597759979207626,0.5450392724869679,-0.0038362104626810064,-0.013522221437750781
roughness,high_to_low,12,353,late,13,0.47010209426177324,0.5042683523679686,0.49709695030038675,0.5346523172859902,0.03416625810619541,0.0269948560386135
roughness,high_to_low,12,353,mid,12,0.3403641876586927,0.517962192788244,0.49491520579677606,0.7477122298112776,0.17759800512955126,0.15455101813808347
roughness,high_to_low,12,354,all_post,37,0.4954696223124347,0.4151960749332696,0.41212542410119024,2.780063240866272,-0.0802735473791652,-0.08334419821124461
roughness,high_to_low,12,354,early,12,0.8110678180500126,0.5463993911146975,0.5212402336071659,2.8415734674773234,-0.264668426935315,-0.2898275844428468
roughness,high_to_low,12,354,late,13,0.26672960185205247,0.3222097622085852,0.33415984892073547,3.101996266829812,0.0554801603565329,0.06743024706868304
roughness,high_to_low,12,354,mid,12,0.4276731154069379,0.38472793087024965,0.3874733210407073,2.3697922361280512,-0.042945184536688275,-0.040199794366230605
roughness,high_to_low,12,355,all_post,37,0.32854917280124674,0.3508532472975599,0.3585363876205893,0.4590652632358297,0.022304074496313157,0.02998721481934262
roughness,high_to_low,12,355,early,12,0.34649935683848815,0.34074325502078245,0.34332758632548793,0.3699049126849185,-0.005756101817705704,-0.003171770513000202
roughness,high_to_low,12,355,late,13,0.28334849545275786,0.33897080314680667,0.3495259548552741,0.5020644046822873,0.05562230769404882,0.0661774594025162
roughness,high_to_low,12,355,mid,12,0.35956638922486833,0.37383588740432,0.3835064910781157,0.5016432105530785,0.014269498179451714,0.02394010185324738
roughness,high_to_low,12,356,all_post,37,0.40840435811898984,0.34876568806022795,0.35682527715043627,2.6408347668693395,-0.0596386700587619,-0.05157908096855354
roughness,high_to_low,12,356,early,12,0.2751945134700234,0.28543027569688256,0.29364011000031875,2.497822207898643,0.010235762226859168,0.018445596530295323
roughness,high_to_low,12,356,late,13,0.5828752816043987,0.36451344966980803,0.36953372729659917,3.112132277176653,-0.2183618319345907,-0.21334155430779947
roughness,high_to_low,12,356,mid,12,0.3526040356587636,0.3950410253465284,0.40624295664221094,2.2732750230071135,0.042436989687764874,0.05363892098344741
roughness,high_to_low,12,357,all_post,37,0.5752672925641351,0.4826719348239913,0.4839703317696946,3.3835175123471974,-0.09259535774014373,-0.0912969607944405
roughness,high_to_low,12,357,early,12,0.9344838175003471,0.6132116350787157,0.6063914665032081,3.871516676035354,-0.32127218242163147,-0.32809235099713885
roughness,high_to_low,12,357,late,13,0.4490486118574974,0.49849690961420345,0.5078214473336412,3.028117853624713,0.04944829775670601,0.05877283547614386
roughness,high_to_low,12,357,mid,12,0.35278767172678044,0.33498851187987055,0.33571048850857194,3.2805346456084004,-0.017799159846909902,-0.0170771832182085
roughness,high_to_low,12,358,all_post,37,0.3316180465871516,0.3556056481549104,0.3199542550406226,8.043165331975723,0.02398760156775884,-0.011663791546529042
roughness,high_to_low,12,358,early,12,0.297476701933252,0.3129545213899512,0.30041710977999175,7.099686205257492,0.01547781945669928,0.0029404078467398106
roughness,high_to_low,12,358,late,13,0.3892199848154281,0.396929007821293,0.34519682507540544,8.879981934887537,0.007709023005864903,-0.04402315974002258
roughness,high_to_low,12,358,mid,12,0.30335729149375174,0.35348980194795515,0.31214528276357184,8.080093138872824,0.05013251045420348,0.008787991269820094
roughness,high_to_low,12,359,all_post,37,0.45738814496987495,0.3903576622551253,0.45423224928253925,0.47309630078127307,-0.0670304827147498,-0.003155895687335918
roughness,high_to_low,12,359,early,12,0.4835955934708875,0.402424087744359,0.7212157620212035,0.46670914153114335,-0.08117150572652841,0.23762016855031612
roughness,high_to_low,12,359,late,13,0.328131212596042,0.4869893326865392,0.3679783604343128,0.5970608359569481,0.15885812009049724,0.039847147838270806
roughness,high_to_low,12,359,mid,12,0.5712090398738486,0.2736069271318598,0.2806904494627867,0.34518854692442197,-0.29760211274198883,-0.29051859041106187
roughness,low_to_high,1,350,all_post,40,0.5667432235922687,0.45246852156726575,0.5057632482731494,0.7139659422192454,-0.11427470202500303,-0.06097997531911927
roughness,low_to_high,1,350,early,12,0.6937625705811147,0.5576289586094223,0.5195940633464943,0.8675113544492353,-0.1361336119716924,-0.17416850723462032
roughness,low_to_high,1,350,late,16,0.6172798960701589,0.53552024436055,0.4995604373466024,0.898947258063062,-0.08175965170960893,-0.11771945872355655
roughness,low_to_high,1,350,mid,12,0.37234164663290253,0.23657245413406347,0.5002028477685341,0.31377877553083294,-0.13576919249883912,0.12786120113563146
roughness,low_to_high,1,351,all_post,40,0.36828350922224545,0.3144040441172439,0.3129989950437978,0.4517671187151232,-0.053879465105001544,-0.05528451417844764
roughness,low_to_high,1,351,early,12,0.25501365998150116,0.2632315064334006,0.24591305398495902,0.5113533986753546,0.008217846451899456,-0.009100605996542112
roughness,low_to_high,1,351,late,16,0.5043837901758086,0.3695969878547876,0.38227982205842614,0.3864110834905756,-0.134786802321021,-0.1221039681173825
roughness,low_to_high,1,351,mid,12,0.30008631719157214,0.2919859901510289,0.28771050008313215,0.47932221905428873,-0.008100327040543288,-0.012375817108439996
roughness,low_to_high,1,352,all_post,40,0.5486073312758606,1.7376027995099261,0.7526760688158727,0.8937841685025927,1.1889954682340655,0.2040687375400121
roughness,low_to_high,1,352,early,12,0.46706389329010994,0.48378355846533005,0.446983327658896,0.7593696650595122,0.016719665175220087,-0.020080565631213926
roughness,low_to_high,1,352,late,16,0.6590472539374148,1.51369408281348,0.5911312272976467,1.0526829686603105,0.8546468288760652,-0.06791602663976823
roughness,low_to_high,1,352,mid,12,0.4828975390462055,3.2899669961497833,1.2737619319971505,0.8163336050687154,2.807069457103578,0.7908643929509452
roughness,low_to_high,1,353,all_post,40,0.5558384917139775,0.5434776881626249,0.5434977004186188,0.6525787170824248,-0.012360803551352672,-0.012340791295358677
roughness,low_to_high,1,353,early,12,0.5580453783867876,0.442916429109041,0.4428529426723435,0.6501745023210822,-0.1151289492777466,-0.11519243571444425
roughness,low_to_high,1,353,late,16,0.5661167202428649,0.683157977149877,0.683206461073663,0.5256798532800511,0.11704125690701214,0.11708974083079811
roughness,low_to_high,1,353,mid,12,0.5399273003359842,0.4577985618998725,0.4578641106248355,0.8241814169135985,-0.08212873843611185,-0.08206318971114882
roughness,low_to_high,1,354,all_post,40,0.31615678521421947,0.6833262181921537,0.8740831629330164,0.4959200121380494,0.3671694329779342,0.5579263777187967
roughness,low_to_high,1,354,early,12,0.30060198092019447,0.960009213452751,0.6217695184394197,0.5249287768960865,0.6594072325325565,0.3211675375192253
roughness,low_to_high,1,354,late,16,0.29049364577172726,0.6505455598617607,1.2661944610942384,0.5123416819187825,0.36005191409003345,0.9757008153225112
roughness,low_to_high,1,354,mid,12,0.365929108764901,0.4503507673720805,0.6035817432116497,0.4450156876723684,0.0844216586071796,0.23765263444674886
roughness,low_to_high,1,355,all_post,40,0.37953719292249366,0.4857701642754389,0.5041801902015971,0.3573072072922821,0.10623297135294525,0.1246429972791034
roughness,low_to_high,1,355,early,12,0.3583763084747817,0.35557877088644085,0.36887290285924745,0.23906518766487506,-0.002797537588340763,0.010496594384465785
roughness,low_to_high,1,355,late,16,0.3040920448711454,0.619953652063207,0.6481786124522341,0.3033074851259143,0.3158616071920616,0.3440865675810887
roughness,low_to_high,1,355,mid,12,0.5012916081053368,0.4370502406140795,0.4474895812097639,0.5475488564748463,-0.06424136749125715,-0.05380202689557274
roughness,low_to_high,1,356,all_post,40,0.3211869918528233,0.51108365006581,0.7476738407236129,0.41735723307991357,0.18989665821298674,0.42648684887078964
roughness,low_to_high,1,356,early,12,0.32877676908323994,0.3502986785189022,0.4040715224540284,0.49638892712832994,0.021521909435662234,0.0752947533707885
roughness,low_to_high,1,356,late,16,0.18013458770846472,0.7313480732961003,1.2683850697094115,0.28782758666803065,0.5512134855876356,1.0882504820009467
roughness,low_to_high,1,356,mid,12,0.5016670868148848,0.378182723972331,0.3969945203454661,0.5110317342473412,-0.12348436284255378,-0.10467256646941862
roughness,low_to_high,1,357,all_post,40,0.3181403105664284,0.29453903369311535,0.29453903369311535,0.5702073779594947,-0.023601276873313023,-0.023601276873313023
roughness,low_to_high,1,357,early,12,0.2673534410993918,0.2573606578867625,0.2573606578867625,0.45565236328040587,-0.009992783212629319,-0.009992783212629319
roughness,low_to_high,1,357,late,16,0.34842381428523234,0.340879222600085,0.340879222600085,0.5583925134649269,-0.007544591685147344,-0.007544591685147344
roughness,low_to_high,1,357,mid,12,0.32854917507505954,0.2699304909568419,0.2699304909568419,0.7005155452980073,-0.05861868411821763,-0.05861868411821763
roughness,low_to_high,1,358,all_post,40,0.3525224703744095,1.2549133148960827,0.6217853264780308,0.5359851829243557,0.9023908445216733,0.26926285610362133
roughness,low_to_high,1,358,early,12,0.4023483172780104,0.4759559070419464,0.31755686322179166,0.6903679803510108,0.07360758976393601,-0.08479145405621873
roughness,low_to_high,1,358,late,16,0.20359968246853544,1.1645718233974036,0.38119546602043886,0.5578784379700407,0.9609721409288682,0.1775957835519034
roughness,low_to_high,1,358,mid,12,0.5012603406786406,2.1543260447484585,1.2468002703443926,0.3524113787701209,1.6530657040698176,0.745539929665752
roughness,low_to_high,1,359,all_post,40,0.47702108921710246,0.7997751316566605,0.5197983412558167,0.4432293629669215,0.3227540424395579,0.042777252038714186
roughness,low_to_high,1,359,early,12,0.6526040022152835,0.5810710682257008,0.5147004883032753,0.4935025595839499,-0.07153293398958256,-0.13790351391200809
roughness,low_to_high,1,359,late,16,0.4656568175877794,1.160108657009392,0.6550534877522769,0.46169417438543264,0.6944518394216126,0.18939667016449757
roughness,low_to_high,1,359,mid,12,0.3165905383913525,0.5380344946173111,0.3445559988797445,0.3683364177918784,0.22144395622595867,0.027965460488391963
roughness,low_to_high,3,350,all_post,40,0.4102167581912388,0.4117748795121356,0.47100314487489825,0.9982263313817782,0.0015581213208967714,0.060786386683659474
roughness,low_to_high,3,350,early,12,0.3876778203595564,0.3891577130727555,0.42505066093503086,0.6765903327925072,0.001479892713199052,0.0373728405754745
roughness,low_to_high,3,350,late,16,0.4998219700300659,0.4766208639211793,0.5315376771784568,1.3966166161743847,-0.02320110610888656,0.03171570714839085
roughness,low_to_high,3,350,mid,12,0.3132820802378185,0.3479307334061242,0.43624291907668766,0.7886752835809071,0.034648653168305614,0.12296083883886921
roughness,low_to_high,3,351,all_post,40,0.31822440331669116,0.31036290945487,0.30597261099144923,0.5089193680127291,-0.007861493861821191,-0.012251792325241987
roughness,low_to_high,3,351,early,12,0.35518860293782045,0.3045638191922391,0.285508717579401,0.6311952165869157,-0.050624783745581325,-0.0696798853584195
roughness,low_to_high,3,351,late,16,0.28986584017722083,0.30672770659984366,0.29361651710191994,0.3658694416211508,0.016861866422622843,0.003750676924699107
roughness,low_to_high,3,351,mid,12,0.3190716212148556,0.32100893685753584,0.3429112962562031,0.5773767546273136,0.0019373156426802304,0.023839675041347413
roughness,low_to_high,3,352,all_post,40,0.4959435727090333,2.511035411580697,1.119984222499064,1.2021336197817258,2.0150918388716637,0.6240406497900307
roughness,low_to_high,3,352,early,12,0.42961102107839483,0.5151350867759923,0.42829685786255856,0.6752137782664733,0.08552406569759731,-0.001314163215836335
roughness,low_to_high,3,352,late,16,0.582765237882701,2.44897236807883,0.8271821523384264,1.6216390104971867,1.8662071301961294,0.24441691445572544
roughness,low_to_high,3,352,mid,12,0.44651390410811476,4.589686461054558,2.2020743473497526,1.1697129403430309,4.143172556946443,1.755560443241638
roughness,low_to_high,3,353,all_post,40,0.4102393857169765,0.5082936449437561,0.5832381606388068,0.5207815072744133,0.09805425922677957,0.1729987749218304
roughness,low_to_high,3,353,early,12,0.40233016596510857,0.3573352089922344,0.34828009012761213,0.596298699766983,-0.04499495697287415,-0.054050075837496436
roughness,low_to_high,3,353,late,16,0.3996481990953798,0.700044436043,0.8247629796209397,0.4150073610561803,0.3003962369476202,0.4251147805255599
roughness,low_to_high,3,353,mid,12,0.4322701876309734,0.4035843594296192,0.49616313917382476,0.5862965097394872,-0.02868582820135422,0.06389295154285131
roughness,low_to_high,3,354,all_post,40,0.35071463361198624,0.8654912299494306,0.35828079579771815,0.5197916534156451,0.5147765963374444,0.007566162185731917
roughness,low_to_high,3,354,early,12,0.4692173150936521,1.2419946602987666,0.45663079143910484,0.6029427266897762,0.7727773452051148,-0.012586523654547146
roughness,low_to_high,3,354,late,16,0.2815774801463493,0.9693260298283566,0.3326591888752164,0.5348826096822541,0.6877485496820073,0.051081708728867074
roughness,low_to_high,3,354,mid,12,0.3243948234178363,0.3505413997615267,0.29409294271966707,0.4165193051193688,0.02614657634369041,-0.030301880698169224
roughness,low_to_high,3,355,all_post,40,0.4114126568501447,0.517713760133674,0.4147796301453088,0.45612650033343627,0.10630110328352924,0.003366973295164055
roughness,low_to_high,3,355,early,12,0.3502642430478833,0.38835417686456036,0.32629375705306535,0.3231145174881828,0.03808993381667697,-0.02397048599481798
roughness,low_to_high,3,355,late,16,0.5010756394830487,0.7462534847985804,0.5322943330089844,0.540921147303585,0.2451778453155317,0.031218693525935676
roughness,low_to_high,3,355,mid,12,0.3530104271418674,0.3423537105162457,0.34657923275265134,0.4760789538851579,-0.010656716625621737,-0.006431194389216087
roughness,low_to_high,3,356,all_post,40,0.39394002792669525,0.7343097268519726,0.8186246441243152,0.6954212535791461,0.3403696989252773,0.42468461619761994
roughness,low_to_high,3,356,early,12,0.339579833509792,0.34699503148798994,0.3569898096262467,0.677891940921803,0.007415197978197873,0.017409976116454663
roughness,low_to_high,3,356,late,16,0.4022949754839624,1.2772770048164024,1.4902380882086241,0.7403008214954865,0.87498202933244,1.0879431127246617
roughness,low_to_high,3,356,mid,12,0.43716029226724223,0.39766805159671575,0.38477488650997177,0.653111142348035,-0.039492240670526625,-0.05238540575727063
roughness,low_to_high,3,357,all_post,40,0.4360688066692001,0.740982206780858,0.4415234771579682,0.6536581833144843,0.30491340011165796,0.005454670488768075
roughness,low_to_high,3,357,early,12,0.5434806777510707,1.0990413468775289,0.5204020040190419,0.7042052471985106,0.5555606691264582,-0.023078673732028692
roughness,low_to_high,3,357,late,16,0.39188455352664014,0.3851917510999272,0.3867197755492964,0.4280033029920297,-0.006692802426712899,-0.005164777977343766
roughness,low_to_high,3,357,mid,12,0.3875692731107428,0.8573103409254285,0.43571655244179003,0.903984293193731,0.46974106781468566,0.04814727933104731
roughness,low_to_high,3,358,all_post,40,0.38431212132720505,0.825527431461819,0.825527431461819,0.7308444941866669,0.44121531013461385,0.44121531013461385
roughness,low_to_high,3,358,early,12,0.3181852733005513,0.40209952912732144,0.40209952912732144,0.5556475272571195,0.08391425582677016,0.08391425582677016
roughness,low_to_high,3,358,late,16,0.3881435878311853,0.6332377051171942,0.6332377051171942,1.026277746742359,0.24509411728600886,0.24509411728600886
roughness,low_to_high,3,358,mid,12,0.44533034734855176,1.5053416355891491,1.5053416355891491,0.512130457708625,1.0600112882405974,1.0600112882405974
roughness,low_to_high,3,359,all_post,40,0.3443681248068453,1.127799439375173,0.38981669754269677,0.47857019945191637,0.7834313145683276,0.04544857273585147
roughness,low_to_high,3,359,early,12,0.3951884965460566,0.39364148839271595,0.42478455213865257,0.422631222227783,-0.001547008153340713,0.029596055592596024
roughness,low_to_high,3,359,late,16,0.3048410809315729,1.8784816302983294,0.3420511904410152,0.5639813046745528,1.5736405493667567,0.03721010950944232
roughness,low_to_high,3,359,mid,12,0.346250478234664,0.8610478024600878,0.41853618574898305,0.42062770304586783,0.5147973242254239,0.0722857075143191
roughness,low_to_high,6,350,all_post,39,0.5009874886164898,0.4882183207824839,0.5619025119612502,1.8934592038249722,-0.012769167834006029,0.06091502334476033
roughness,low_to_high,6,350,early,12,0.40671158762012904,0.4169147239405346,0.38650575249013824,0.8448604034948636,0.010203136320405511,-0.02020583512999083
roughness,low_to_high,6,350,late,15,0.6667441524586075,0.572687218393155,0.5726376558773445,2.8625563964394947,-0.09405693406545251,-0.09410649658126301
roughness,low_to_high,6,350,mid,12,0.3880675598102033,0.45393579561109393,0.723880341537244,1.730686513386927,0.06586823580089055,0.3358127817270407
roughness,low_to_high,6,351,all_post,39,0.31774075520866407,0.35282828016383366,0.35282828016383366,0.5024590706771507,0.03508752495516964,0.03508752495516964
roughness,low_to_high,6,351,early,12,0.2935866839194893,0.30778704002604634,0.30778704002604634,0.5863859275039286,0.014200356106557094,0.014200356106557094
roughness,low_to_high,6,351,late,15,0.2958941313570637,0.3479455804327421,0.3479455804327421,0.3665330273446858,0.05205144907567839,0.05205144907567839
roughness,low_to_high,6,351,mid,12,0.3692031063123393,0.40397289496548555,0.40397289496548555,0.5884397680159544,0.03476978865314625,0.03476978865314625
roughness,low_to_high,6,352,all_post,39,0.6600585297680376,4.124396135418607,1.5294561464990397,2.5736706817783968,3.46433760565057,0.8693976167310024
roughness,low_to_high,6,352,early,12,0.6201350133658008,0.6558151216218905,0.4866425634134149,0.6689617746446936,0.03568010825608967,-0.13349244995238582
roughness,low_to_high,6,352,late,15,0.6739355885919056,4.2498337880980674,1.0510223471680207,3.868237346300683,3.5758981995061627,0.3770867585761151
roughness,low_to_high,6,352,mid,12,0.6826357226404393,7.436180083366,3.170311978748438,2.8601712582592413,6.75354436072556,2.4876762561079993
roughness,low_to_high,6,353,all_post,39,0.4788438725921888,0.5721255575878785,0.7132533565805109,0.5758925811572357,0.09328168499568991,0.23440948398832226
roughness,low_to_high,6,353,early,12,0.3937173461874155,0.3457214883959618,0.3463818320328394,0.5228670321540675,-0.04799585779145376,-0.04733551415457605
roughness,low_to_high,6,353,late,15,0.49430405519617343,0.8191350984106435,1.072104135744908,0.5228982666777736,0.3248310432144701,0.5778000805487348
roughness,low_to_high,6,353,mid,12,0.5446451707419812,0.4897677007513394,0.631561407172686,0.695161023259732,-0.05487746999064164,0.08691623643070502
roughness,low_to_high,6,354,all_post,39,0.4839350820631334,1.0228603278418893,0.43336536149603705,0.6759169889181488,0.5389252457787561,-0.050569720567096264
roughness,low_to_high,6,354,early,12,0.7559593844060087,1.485056364505945,0.5594918654232047,0.7187142019741982,0.7290969800999362,-0.19646751898280404
roughness,low_to_high,6,354,late,15,0.3953959749466013,1.183478407270184,0.4257470779350665,0.8438730530717592,0.7880824323235829,0.03035110298846532
roughness,low_to_high,6,354,mid,12,0.3225846636159231,0.3598916918924651,0.3167617120200825,0.4231746956700862,0.03730702827654208,-0.00582295159584052
roughness,low_to_high,6,355,all_post,39,0.4867077897602351,0.6360762382553506,0.5160656041189312,0.5062744366732514,0.14936844849511546,0.029357814358695996
roughness,low_to_high,6,355,early,12,0.3815016794120178,0.42069205232061696,0.35687590221015664,0.3134271759350336,0.03919037290859919,-0.024625777201861137
roughness,low_to_high,6,355,late,15,0.6462124611807548,0.9664295772641922,0.7740771565237906,0.6551064822869979,0.32021711608343717,0.1278646953430356
roughness,low_to_high,6,355,mid,12,0.3925330608328028,0.4385187504290325,0.3527408655216315,0.5130816403942858,0.04598568959622971,-0.039792195311171306
roughness,low_to_high,6,356,all_post,39,0.48992363559843427,0.9097382266292267,1.0470369214403223,0.9633498356974161,0.4198145910307925,0.5571132858418882
roughness,low_to_high,6,356,early,12,0.4182164106613335,0.3972963493478274,0.42462091262132134,0.7350894497146666,-0.020920061313506082,0.006404501959987735
roughness,low_to_high,6,356,late,15,0.5754146765485577,1.7378312114194507,2.082904603138342,1.3045472782891854,1.162416534870893,1.5074899265897843
roughness,low_to_high,6,356,mid,12,0.4547670593478807,0.38706387292284594,0.3746183281367992,0.7651134184404534,-0.0677031864250348,-0.08014873121108146
roughness,low_to_high,6,357,all_post,39,0.5655404996589748,0.7841439900213095,0.5465917089741443,0.8418713014938941,0.218603490362335,-0.018948790684830234
roughness,low_to_high,6,357,early,12,0.7948652784577116,1.1055804250526036,0.6919252830564434,1.1631725312501309,0.310715146594892,-0.10293999540126823
roughness,low_to_high,6,357,late,15,0.5024602016246906,0.4033493480715061,0.4446559700464702,0.5766191527570232,-0.09911085355318452,-0.05780423157822037
roughness,low_to_high,6,357,mid,12,0.4150660934030926,0.93870085742727,0.528677808551438,0.8521352576587461,0.5236347640241774,0.11361171514834541
roughness,low_to_high,6,358,all_post,39,0.49816803851181674,0.8001596593735879,0.9006966432726884,1.1098041998449735,0.30199162086177106,0.40252860476087154
roughness,low_to_high,6,358,early,12,0.33474289471008967,0.3888341019572892,0.4146932042601564,0.5266201128518552,0.05409120724719943,0.07995030955006681
roughness,low_to_high,6,358,late,15,0.461328270209825,0.622345937193528,0.6797635866685547,1.740172148573735,0.16101766698370315,0.21843531645872993
roughness,low_to_high,6,358,mid,12,0.7076428926910338,1.4337523695149617,1.662866403040387,0.9050283509271407,0.7261094768239277,0.9552235103493532
roughness,low_to_high,6,359,all_post,39,0.4113693998746996,1.3692430571903287,0.44220036315162314,0.6290355198301484,0.9578736573156289,0.030830963276923497
roughness,low_to_high,6,359,early,12,0.4239527834153558,0.41536209109025196,0.45226136017434393,0.4472743517099968,-0.008590692325103944,0.02830857675898805
roughness,low_to_high,6,359,late,15,0.3229063193695111,2.370612034028661,0.39465202768439045,0.8873403476645205,2.04770571465915,0.07174570831487938
roughness,low_to_high,6,359,mid,12,0.509364866965529,1.0714128022424896,0.49157478546294303,0.48791565315733476,0.5620479352769604,-0.01779008150258592
roughness,low_to_high,12,350,all_post,37,0.9607369725706331,0.8925321016843574,0.8251226805493049,5.435220058006417,-0.06820487088627564,-0.13561429202132808
roughness,low_to_high,12,350,early,12,0.6792534419372441,0.5242155162784923,0.6983932501076097,2.2170844810385417,-0.15503792565875185,0.019139808170365674
roughness,low_to_high,12,350,late,13,0.9982124872055452,0.9492337273680336,0.9402502749319169,8.727875907984032,-0.04897875983751137,-0.05796221227362835
roughness,low_to_high,12,350,mid,12,1.2016220290162005,1.1994219259329066,0.8271305504098373,5.086311797498543,-0.0022001030832939777,-0.37449147860636317
roughness,low_to_high,12,351,all_post,37,0.486886149108517,0.4903578389655521,0.4903578389655521,0.5997228879099847,0.0034716898570350857,0.0034716898570350857
roughness,low_to_high,12,351,early,12,0.33139594721496174,0.33139594721496174,0.33139594721496174,0.7417922901821893,0.0,0.0
roughness,low_to_high,12,351,late,13,0.390436033986902,0.4450989982407793,0.4450989982407793,0.4520884979559535,0.05466296425387744,0.05466296425387744
roughness,low_to_high,12,351,mid,12,0.7468639757171557,0.698350141501313,0.698350141501313,0.6175907414213138,-0.04851383421584237,-0.04851383421584237
roughness,low_to_high,12,352,all_post,37,1.3133340311738706,7.20455934901566,3.390316917611385,7.772873993236809,5.891225317841791,2.0769828864375155
roughness,low_to_high,12,352,early,12,0.9519238324040189,1.0655253538678058,0.7863265830479772,1.1108670489677268,0.11360152146378687,-0.1655972493560418
roughness,low_to_high,12,352,late,13,1.0530062835249476,7.141270803547154,2.1357907058582537,12.311951546171056,6.088264520022206,1.082784422333306
roughness,low_to_high,12,352,mid,12,1.9567659565633877,13.41215593508773,7.353377314907353,9.51754692182712,11.455389978524343,5.396611358343964
roughness,low_to_high,12,353,all_post,37,1.025793790255089,0.8932670238664642,0.9689842191578892,0.7470853712492715,-0.1325267663886249,-0.05680957109719992
roughness,low_to_high,12,353,early,12,0.41800126469189003,0.37489876497224156,0.37921191513836533,0.4969138848592815,-0.04310249971964852,-0.03878934955352474
roughness,low_to_high,12,353,late,13,1.3078193039576513,1.3855978387338652,1.4617989672419442,0.7680906132433432,0.07777853477621366,0.15397966328429277
roughness,low_to_high,12,353,mid,12,1.3280586759738455,0.8782768999876693,1.0248738794196866,0.9745011788123509,-0.44978177598617636,-0.3031847965541589
roughness,low_to_high,12,354,all_post,37,0.8885759450209257,1.3926085898920513,0.6332488630954142,1.161493558875864,0.5040326448711258,-0.2553270819255111
roughness,low_to_high,12,354,early,12,1.6134493033646098,2.147462390985073,0.8676167351084866,1.0813875974017872,0.5340130876204637,-0.7458325682561232
roughness,low_to_high,12,354,late,13,0.6991649053878236,1.708065614585408,0.7155465098249272,1.779165270274133,1.0089007091975846,0.016381604437103677
roughness,low_to_high,12,354,mid,12,0.36889787961310144,0.2960096787145593,0.30972520712537,0.5724551663351489,-0.07288820089854216,-0.059172672487731476
roughness,low_to_high,12,355,all_post,37,0.6327819059324206,0.9533639615624312,0.6934256100947868,0.6633152027435099,0.3205820556300106,0.06064370416236622
roughness,low_to_high,12,355,early,12,0.48855159237171186,0.5059778412677245,0.3960863517932571,0.34944228007788897,0.017426248896012547,-0.09246524057845486
roughness,low_to_high,12,355,late,13,0.8765566175223315,1.4390390139006362,1.052979151487221,0.8951200930616608,0.5624823963783049,0.17642253396488983
roughness,low_to_high,12,355,mid,12,0.5129229486040593,0.8746021084907488,0.6012485318878459,0.7260661608978003,0.3616791598866896,0.08832558328378663
roughness,low_to_high,12,356,all_post,37,0.8163353372729125,1.3611495261275623,1.5487272183981649,1.9916361304444405,0.5448141888546497,0.7323918811252523
roughness,low_to_high,12,356,early,12,0.6361958859636233,0.5410559231124032,0.5862648890520135,1.1060602437170186,-0.09513996285122002,-0.049930996911609925
roughness,low_to_high,12,356,late,13,1.1586724773536405,3.000281166363017,3.4937006351426185,3.720187574847947,1.8416086890093766,2.335028157788978
roughness,low_to_high,12,356,mid,12,0.6256095534947467,0.40551718555431165,0.4041350129378249,1.0046146190680643,-0.22009236794043494,-0.22147454055692173
roughness,low_to_high,12,357,all_post,37,0.9552515644272751,1.1469831321814619,1.0793694580259934,1.4157060181717651,0.19173156775418687,0.12411789359871832
roughness,low_to_high,12,357,early,12,1.471079320341887,1.5874010543030026,1.4557050375246263,2.5369739905689794,0.11632173396111556,-0.015374282817260368
roughness,low_to_high,12,357,late,13,0.789102334273279,0.4617903394057051,0.4714094560527463,0.8299494600686489,-0.3273119948675739,-0.3176928782205327
roughness,low_to_high,12,357,mid,12,0.619418807846159,1.448857402233658,1.361657213998378,0.9290076503862604,0.8294385943874989,0.7422384061522189
roughness,low_to_high,12,358,all_post,37,0.9088785314242087,1.1863074286395539,1.2959005200593812,2.5671458319790887,0.27742889721534514,0.3870219886351724
roughness,low_to_high,12,358,early,12,0.46153282441373217,0.47525048690591215,0.502951170853288,0.6374525916544939,0.013717662492180047,0.04141834643955584
roughness,low_to_high,12,358,late,13,0.6538172909450842,0.7625180248989258,0.7976988991613598,4.328358052234685,0.10870073395384165,0.14388160821627569
roughness,low_to_high,12,358,mid,12,1.63254058228707,2.3564695577588757,2.628568291904997,2.5888591670267878,0.7239289754718056,0.9960277096179272
roughness,low_to_high,12,359,all_post,37,0.8423360541641246,1.9638526446947284,0.6529643030758401,1.2245113153834533,1.1215165905306035,-0.1893717510882845
roughness,low_to_high,12,359,early,12,0.676600035755398,0.6517508330093869,0.6586498568623397,0.5956297839542858,-0.024849202746011,-0.017950178893058333
roughness,low_to_high,12,359,late,13,0.44720624187699115,3.617743438082314,0.6472540228050931,2.1410250619100606,3.170537196205323,0.20004778092810194
roughness,low_to_high,12,359,mid,12,1.436129369217246,1.4842394302101845,0.6534648862493168,0.8605029547421298,0.048110060992938485,-0.7826644829679292
roughness,stable_high,1,350,all_post,40,0.5613338840632678,0.48112554575172056,0.4596780642431149,0.9738870024227827,-0.08020833831154733,-0.101655819820153
roughness,stable_high,1,350,early,12,0.7037634674852516,0.6505545989170035,0.5893546089578217,1.0351148048432426,-0.0532088685682482,-0.11440885852742994
roughness,stable_high,1,350,late,16,0.6178941702822762,0.5752137948366434,0.5371446357486879,1.2333718383463113,-0.0426803754456328,-0.08074953453358835
roughness,stable_high,1,350,mid,12,0.34349058568260626,0.18624549380654043,0.2267127575209773,0.5666794187709515,-0.1572450918760658,-0.11677782816162892
roughness,stable_high,1,351,all_post,40,0.3344822348140008,0.3354347592143922,0.36154795275843776,0.44571908142690175,0.0009525244003914552,0.027065717944437052
roughness,stable_high,1,351,early,12,0.2356419126060826,0.2594437242002005,0.30339545107429045,0.4586596454761653,0.023801811594117917,0.06775353846820788
roughness,stable_high,1,351,late,16,0.4190491599135263,0.4184367144475278,0.4294761544636896,0.37445032824741586,-0.0006124454659985068,0.010426994550163222
roughness,stable_high,1,351,mid,12,0.3205666568892182,0.3007565205844032,0.3291295188355829,0.5278035216169527,-0.019810136304815068,0.00856286194636465
roughness,stable_high,1,352,all_post,40,0.5856101477696539,1.1814884249284296,0.6230562995964277,0.9238383451835418,0.5958782771587761,0.037446151826773785
roughness,stable_high,1,352,early,12,0.6547004677020276,0.6503663938070304,0.512413379678807,0.763788457405527,-0.004334073894997088,-0.14228708802322068
roughness,stable_high,1,352,late,16,0.6587544457331858,0.8770217660569681,0.5266362936672307,1.0844980535504272,0.2182673203237824,-0.132118152065955
roughness,stable_high,1,352,mid,12,0.4189940972192376,2.118566001211778,0.862259227419644,0.8696752884723757,1.6995719039925408,0.44326513020040653
roughness,stable_high,1,353,all_post,40,0.5219631837159169,0.46891865980331016,0.4685809573761244,0.6569559441839438,-0.053044523912606764,-0.053382226339792636
roughness,stable_high,1,353,early,12,0.4562991991097414,0.4160561001794944,0.41730967187183765,0.641977068276906,-0.04024309893024711,-0.03898952723790385
roughness,stable_high,1,353,late,16,0.5651955161354275,0.5506015969511625,0.548031235307325,0.5301598965256133,-0.014593919184264958,-0.01716428082810249
roughness,stable_high,1,353,mid,12,0.5299840584294115,0.41287063656332273,0.41391853897214337,0.8409962169687552,-0.11711342186608882,-0.11606551945726828
roughness,stable_high,1,354,all_post,40,0.3586745127941523,0.30376855057336916,1.2509723509109587,0.5962019999565137,-0.054905962220783144,0.8922978381168063
roughness,stable_high,1,354,early,12,0.3572365051730382,0.30341566197394393,1.1350893819266556,0.6209444257285307,-0.053820843199094304,0.7778528767536174
roughness,stable_high,1,354,late,16,0.3236737199110091,0.28625715268442953,1.5027354550623135,0.6278541781723402,-0.03741656722657956,1.1790617351513046
roughness,stable_high,1,354,mid,12,0.40678024425945747,0.3274699696913807,1.0311711810267885,0.5292566698967278,-0.07931027456807677,0.6243909367673309
roughness,stable_high,1,355,all_post,40,0.3901350948706447,0.4069357858656577,0.34411257510880716,0.3550341011570389,0.016800690995013003,-0.04602251976183741
roughness,stable_high,1,355,early,12,0.32745493178332374,0.3378097682181917,0.2795290552579424,0.2347110282489513,0.010354836434867955,-0.04792587652538132
roughness,stable_high,1,355,late,16,0.34416507111485994,0.4487816866444426,0.33246052685487276,0.29838574134725665,0.10461661552958262,-0.011704544259987236
roughness,stable_high,1,355,mid,12,0.5141086229656784,0.42026726914141027,0.4242321592982512,0.5508883204781693,-0.09384135382426806,-0.08987646366742712
roughness,stable_high,1,356,all_post,40,0.3461773634417611,0.25402625257729,0.24552330247717827,0.4763612947336192,-0.09215111086447107,-0.10065406096458285
roughness,stable_high,1,356,early,12,0.41336725049629086,0.19877977145576212,0.18121866993175562,0.5801227639189309,-0.21458747904052874,-0.23214858056453527
roughness,stable_high,1,356,late,16,0.18067837926898928,0.1825030958211164,0.15927137388598225,0.3226384550918955,0.0018247165521271674,-0.021407005383006994
roughness,stable_high,1,356,mid,12,0.4996527886175938,0.4046369427070493,0.4248305064775289,0.5775636117372723,-0.09501584591054439,-0.07482228214006482
roughness,stable_high,1,357,all_post,40,0.37898819511176096,0.3684148018978763,0.30616076891469135,0.6343292393549618,-0.01057339321388473,-0.07282742619706972
roughness,stable_high,1,357,early,12,0.5210413546984324,0.31572679092381367,0.2813493539858873,0.5347538547381068,-0.20531456377461876,-0.23969200071254512
roughness,stable_high,1,357,late,16,0.34339947075246724,0.45620149405760324,0.3684959080151834,0.5528488506576842,0.112802023305136,0.025096437262716216
roughness,stable_high,1,357,mid,12,0.2843866680041481,0.304053889992303,0.24785866504283918,0.8425451422348536,0.019667221988154963,-0.03652800296130885
roughness,stable_high,1,358,all_post,40,0.32111576646191914,0.350764776080295,0.3715892582082577,0.6772447045522382,0.029649009618375854,0.05047349174633855
roughness,stable_high,1,358,early,12,0.31293780087025413,0.30241471637473527,0.30373936050552364,0.8449392291401825,-0.010523084495518899,-0.009198440364730475
roughness,stable_high,1,358,late,16,0.20360151133321275,0.22838116676963796,0.23765278226674316,0.7108262691848322,0.024779655436425227,0.03405127093353044
roughness,stable_high,1,358,mid,12,0.48597940555852603,0.5622929815333975,0.618021123833011,0.4647747604541683,0.07631357597487147,0.13204171827448508
roughness,stable_high,1,359,all_post,40,0.44093976474809243,0.4257101727049587,0.36365525619166117,0.44236573164725607,-0.015229592043133705,-0.07728450855643128
roughness,stable_high,1,359,early,12,0.5780153412472069,0.4719046176543895,0.49739433753877055,0.49305175268295104,-0.10611072359281733,-0.08062100370843632
roughness,stable_high,1,359,late,16,0.46401428654545696,0.4946577565733213,0.3455188124412949,0.46000138198980534,0.030643470027864394,-0.11849547410416206
roughness,stable_high,1,359,mid,12,0.2730981591858255,0.28758561593104465,0.2540980998450402,0.3681655101548286,0.014487456745219153,-0.019000059340785174
roughness,stable_high,3,350,all_post,40,0.42128648993245965,0.3873361104439964,0.3827035230528003,2.4067017732709233,-0.033950379488463245,-0.03858296687965937
roughness,stable_high,3,350,early,12,0.47219164779609585,0.4314845312270363,0.41341770572924164,1.586149686943999,-0.04070711656905956,-0.05877394206685422
roughness,stable_high,3,350,late,16,0.49982773707191813,0.4735455898498,0.46225669792647106,3.0773157832674247,-0.026282147222118156,-0.03757103914544705
roughness,stable_high,3,350,mid,12,0.2656596692162122,0.22824171711988517,0.24591844054479794,2.3331018462691784,-0.037417952096327055,-0.01974122867141426
roughness,stable_high,3,351,all_post,40,0.3276722465113801,0.3273473492726305,0.31830314194405657,0.5258724195232756,-0.0003248972387496989,-0.009369104567323632
roughness,stable_high,3,351,early,12,0.38232293790866806,0.3547683508712814,0.3661580112810657,0.5491585033792579,-0.027554587037386644,-0.016164926627602366
roughness,stable_high,3,351,late,16,0.2943030921251387,0.31595967632746025,0.29893844461897323,0.40094723734682836,0.021656584202321492,0.004635352493834517
roughness,stable_high,3,351,mid,12,0.3175137609624142,0.3151099116008733,0.29626786904049185,0.6691532452358896,-0.002403849361541014,-0.02124589192192244
roughness,stable_high,3,352,all_post,40,0.49863154338131854,3.8039563332949697,0.5682577874184318,1.3264642486846359,3.3053247899136515,0.06962624403711318
roughness,stable_high,3,352,early,12,0.4560564459555397,0.6714342600971831,0.4593688827647779,0.7057787923714577,0.2153778141416435,0.0033124368092381715
roughness,stable_high,3,352,late,16,0.5819373446084303,5.946283508233191,0.44921753482086646,1.7916333897724273,5.36434616362476,-0.13271980978756387
roughness,stable_high,3,352,mid,12,0.43013223917094856,4.080042173241795,0.8358670288688393,1.3269241835474264,3.6499099340708465,0.4057347896978909
roughness,stable_high,3,353,all_post,40,0.39703133712135397,0.3793680861149158,0.3792047587421717,0.5452625930460379,-0.017663251006438185,-0.017826578379182258
roughness,stable_high,3,353,early,12,0.4020103789004863,0.41050062568110546,0.4096816773722025,0.6001490896020646,0.008490246780619168,0.007671298471716217
roughness,stable_high,3,353,late,16,0.3917130338722745,0.3725405276812359,0.3727575198821276,0.4481931799696472,-0.019172506191038566,-0.01895551399014696
roughness,stable_high,3,353,mid,12,0.3991433663409942,0.3573389577936324,0.35732415859219974,0.6198019805918654,-0.0418044085473617,-0.04181920774879447
roughness,stable_high,3,354,all_post,40,0.3410707255763126,0.3256195357642956,0.29853911984200254,0.7970478220801045,-0.015451189812016975,-0.042531605734310085
roughness,stable_high,3,354,early,12,0.4589382270088295,0.5182670269710968,0.3850909724991876,0.8064182930629314,0.05932879996226726,-0.07384725450964195
roughness,stable_high,3,354,late,16,0.2675159535485601,0.21827557417300084,0.22508588040810382,0.9167247146531008,-0.04924037937555926,-0.042430073140456284
roughness,stable_high,3,354,mid,12,0.3212762535141322,0.27609732667922077,0.30992491976334896,0.6281081609999491,-0.04517892683491149,-0.011351333750783253
roughness,stable_high,3,355,all_post,40,0.41345544196641243,0.3760326155663706,0.3690219861263023,0.44939838470729054,-0.03742282640004186,-0.04443345584011012
roughness,stable_high,3,355,early,12,0.32531053754890876,0.3205250158870437,0.3142939035144812,0.3176549091949915,-0.00478552166186504,-0.011016634034427472
roughness,stable_high,3,355,late,16,0.4845391952984326,0.4339708886971344,0.4157121582072191,0.5300411125128852,-0.05056830660129815,-0.06882703709121354
roughness,stable_high,3,355,mid,12,0.40682200860788925,0.35428918440467894,0.36149650596356775,0.47361822314546315,-0.05253282420321031,-0.04532550264432148
roughness,stable_high,3,356,all_post,40,0.3671733108428784,0.35848571887027764,0.3472415644916253,0.9615815795712083,-0.00868759197260074,-0.019931746351253103
roughness,stable_high,3,356,early,12,0.2901635260299683,0.2547299925032158,0.25740125488390436,0.9107705042094584,-0.035433533526752485,-0.032762271146063886
roughness,stable_high,3,356,late,16,0.4021280883231814,0.40516128414446656,0.3670145658501553,1.0763801670927249,0.0030331958212851118,-0.0351135224730261
roughness,stable_high,3,356,mid,12,0.39757672568205127,0.40000735820508765,0.41071787228797296,0.8593278715709358,0.0024306325230365085,0.013141146605921694
roughness,stable_high,3,357,all_post,40,0.40907308652082097,0.45322545388040114,0.44475706587241814,0.8968544316203682,0.04415236735958013,0.035683979351597186
roughness,stable_high,3,357,early,12,0.45282756948393166,0.5770392925892821,0.5582859082075358,1.05298938459133,0.12421172310535039,0.1054583387236041
roughness,stable_high,3,357,late,16,0.393283804781455,0.3822760221831414,0.38007533275515926,0.5969146442098796,-0.011007782598313646,-0.01320847202629582
roughness,stable_high,3,357,mid,12,0.3863709792101982,0.4240108574345331,0.4174705343603125,1.140639195196724,0.03763987822433492,0.031099555150114293
roughness,stable_high,3,358,all_post,40,0.3641600150774297,0.3469788666114789,0.35840826337822473,1.4058334151366032,-0.017181148465950775,-0.005751751699204971
roughness,stable_high,3,358,early,12,0.276475632039303,0.2748784794770582,0.2735492218223953,0.909764937371614,-0.0015971525622448639,-0.002926410216907651
roughness,stable_high,3,358,late,16,0.3882788392482694,0.3668123606760503,0.3692746615809878,1.8774149299272849,-0.02146647857221909,-0.01900417766728156
roughness,stable_high,3,358,mid,12,0.41968596588777024,0.39263459499313796,0.4287787739970366,1.2731265398473504,-0.027051370894632252,0.009092808109266493
roughness,stable_high,3,359,all_post,40,0.3380595205670248,0.5533725147872616,0.35704399120448516,0.47472076602778,0.2153129942202369,0.018984470637460366
roughness,stable_high,3,359,early,12,0.3814487392600259,0.3767502516601335,0.4903151394598911,0.42181669697213087,-0.004698487599892424,0.1088664001998652
roughness,stable_high,3,359,late,16,0.3049685495814827,0.7841200289855568,0.30617823845835945,0.5574940388741226,0.479151479404074,0.0012096888768766984
roughness,stable_high,3,359,mid,12,0.33879159652141305,0.4223314256499964,0.29159384661058013,0.41726047128830573,0.08353982912858332,-0.04719774991083289
roughness,stable_high,6,350,all_post,39,0.5161125762144443,0.46777621525853835,0.4281983310315049,6.437247453318476,-0.04833636095590594,-0.08791424518293943
roughness,stable_high,6,350,early,12,0.45542544137272173,0.39121028195624347,0.4052122037530115,4.125757990233229,-0.0642151594164783,-0.05021323761971024
roughness,stable_high,6,350,late,15,0.6665087399892896,0.6266760333763458,0.5513234499776267,8.250921093793815,-0.03983270661294382,-0.11518529001166274
roughness,stable_high,6,350,mid,12,0.3888045063376105,0.3457173759135743,0.2972780596273461,6.481644865809549,-0.0430871304240362,-0.09152644671026446
roughness,stable_high,6,351,all_post,39,0.37974927776907247,0.3671581608746399,0.36916774771093064,0.5909021715840382,-0.012591116894432526,-0.010581530058141721
roughness,stable_high,6,351,early,12,0.43192612184757695,0.40156320724155137,0.4130375911290078,0.44145653391829337,-0.03036291460602564,-0.0188885307185693
roughness,stable_high,6,351,late,15,0.2959691991268458,0.3430343425209151,0.33927033718209854,0.508703548626302,0.04706514339406927,0.043301138055252805
roughness,stable_high,6,351,mid,12,0.4322975319933511,0.3629078874498844,0.3626696674538938,0.8430960879469532,-0.06938964454346663,-0.0696278645394573
roughness,stable_high,6,352,all_post,39,0.6444217051693604,6.208082109786772,0.7377142244792818,3.0000253340563634,5.563660404617413,0.09329251930992152
roughness,stable_high,6,352,early,12,0.7263440704261607,0.9571746332349041,0.5441357876323516,0.7937694559420326,0.23083056280874348,-0.18220828279380918
roughness,stable_high,6,352,late,15,0.6477420578377877,9.847689139434852,0.4943125685473541,4.465785898625813,9.199947081597061,-0.15342948929043365
roughness,stable_high,6,352,mid,12,0.5583488990770257,6.909480799278544,1.235544731241122,3.37408050645888,6.3511319002015165,0.6771958321640962
roughness,stable_high,6,353,all_post,39,0.46265493849793304,0.4200432420964282,0.4161122369714138,0.6440799298013438,-0.04261169640150487,-0.04654270152651927
roughness,stable_high,6,353,early,12,0.39764827314801887,0.40354658066392757,0.3937882256784588,0.5313527045180122,0.00589830751590865,-0.003860047469560212
roughness,stable_high,6,353,late,15,0.49464955219470175,0.41196125739625783,0.4164933377297502,0.6149364459317515,-0.0826882947984439,-0.07815621446495141
roughness,stable_high,6,353,mid,12,0.48766833672688636,0.4466423844041418,0.4379598723164482,0.7932365099216657,-0.041025952322744606,-0.04970846441043817
roughness,stable_high,6,354,all_post,39,0.4852801363078146,0.4078331162973703,0.36963979329107727,1.5353510700305837,-0.0774470200104442,-0.11564034301673728
roughness,stable_high,6,354,early,12,0.7343778656309597,0.6490838915025113,0.5075049660011274,1.418901334745551,-0.08529397412844854,-0.2268728996298323
roughness,stable_high,6,354,late,15,0.38176501731036855,0.2630739656815665,0.264614148507625,1.9891282543030626,-0.11869105162880202,-0.11715086880274343
roughness,stable_high,6,354,mid,12,0.36557630573147676,0.3475312793619841,0.36305667656034224,1.0845793249750169,-0.018045026369492647,-0.0025196291711345464
roughness,stable_high,6,355,all_post,39,0.4609971738452445,0.46788858697523555,0.4457180064980828,0.49151031223784386,0.006891413129991219,-0.015279167347161669
roughness,stable_high,6,355,early,12,0.33891232424423307,0.35705036423813086,0.3311854122964411,0.306552228211392,0.01813803999389781,-0.00772691194779191
roughness,stable_high,6,355,late,15,0.5751623459123737,0.617809476179781,0.5580316159654647,0.6228376549825936,0.042647130267407275,-0.01713072994690892
roughness,stable_high,6,355,mid,12,0.4403755583623444,0.3913256982066589,0.41985858886549704,0.5123092178333586,-0.04904986015568544,-0.02051696949684737
roughness,stable_high,6,356,all_post,39,0.4454011702378797,0.40923229927861143,0.3872669502302929,1.8175642357908595,-0.036168870959268073,-0.05813422000758663
roughness,stable_high,6,356,early,12,0.32588324908770544,0.26087908890566364,0.2599914934365794,1.4328447734762768,-0.06500416018204173,-0.06589175565112608
roughness,stable_high,6,356,late,15,0.5753731695489683,0.5373300397330205,0.4737335311711529,2.489325179150521,-0.03804312981594788,-0.10163963837781546
roughness,stable_high,6,356,mid,12,0.4024540922491926,0.3974633340835479,0.4064591808479314,1.3625825189058653,-0.004990758165644639,0.00400508859873884
roughness,stable_high,6,357,all_post,39,0.512655151901814,0.5669947955943602,0.530352252596365,1.606378241040985,0.05433964369254607,0.01769710069455075
roughness,stable_high,6,357,early,12,0.6533121525076743,0.6527579806619979,0.6982447736732386,2.3069029340426117,-0.0005541718456764377,0.044932621165564124
roughness,stable_high,6,357,late,15,0.48851275563789714,0.5153269105910836,0.4518345408944922,1.0843996454236557,0.02681415495318656,-0.03667821474340489
roughness,stable_high,6,357,mid,12,0.4021761466258503,0.5458164667808183,0.46060687114683213,1.558326792561018,0.14364032015496794,0.058430724520981935
roughness,stable_high,6,358,all_post,39,0.4821478957183548,0.39837628679125675,0.42268491414743975,3.3495423686255377,-0.08377160892709809,-0.0594629815709151
roughness,stable_high,6,358,early,12,0.29426841118143854,0.29501907779939296,0.285886380809202,1.7882372478503419,0.0007506666179544185,-0.008382030372236617
roughness,stable_high,6,358,late,15,0.46172003448074683,0.4174382170704665,0.4268949121528278,4.612962626032894,-0.044281817410280255,-0.034825122327919004
roughness,stable_high,6,358,mid,12,0.6955622068022813,0.4779060829341084,0.5542209499789427,3.331572167641539,-0.21765612386817287,-0.14134125682333873
roughness,stable_high,6,359,all_post,39,0.525711899017225,0.8114714730753959,0.4256954055915763,0.6176901907854586,0.28575957405817065,-0.10001649342564879
roughness,stable_high,6,359,early,12,0.7299493490535013,0.40154251217272735,0.5982469784679643,0.4446511247866911,-0.32840683688077404,-0.13170237058553705
roughness,stable_high,6,359,late,15,0.3226948911966133,1.2903460574012007,0.3432327419615943,0.8682584572093504,0.9676511662045874,0.020537850764981117
roughness,stable_high,6,359,mid,12,0.5752457087567134,0.6228072035708082,0.35622216225266556,0.47751892375436134,0.04756149481409474,-0.21902354650404796
roughness,stable_high,12,350,all_post,37,1.0416740566647205,0.6588271769899283,0.6545144083118801,21.752563433695418,-0.3828468796747921,-0.3871596483528403
roughness,stable_high,12,350,early,12,0.6684517316740496,0.5946640110919791,0.588403819841354,14.604793143699004,-0.07378772058207055,-0.0800479118326956
roughness,stable_high,12,350,late,13,0.9986676306262167,0.8458965797159638,0.7986325541927426,28.457583049201787,-0.15277105091025295,-0.20003507643347415
roughness,stable_high,12,350,mid,12,1.4614866765304368,0.5203318232680058,0.5644970054114719,21.63656247355993,-0.941154853262431,-0.8969896711189649
roughness,stable_high,12,351,all_post,37,0.5592301677793121,0.5729359027395813,0.5571552201413138,0.9764158697572016,0.013705734960269092,-0.002074947637998324
roughness,stable_high,12,351,early,12,0.5272435885858755,0.5535944924955376,0.5703521713576875,0.4558075263468198,0.026350903909662143,0.04310858277181202
roughness,stable_high,12,351,late,13,0.3678907336999321,0.5727457914570414,0.5165405906274378,1.0888809642174304,0.2048550577571093,0.1486498569275057
roughness,stable_high,12,351,mid,12,0.7985011338920774,0.5924832668730432,0.587957450898306,1.3751870275023352,-0.20601786701903413,-0.21054368299377133
roughness,stable_high,12,352,all_post,37,1.4579415748578155,1.5423015967123483,1.4183039040054666,9.318684755252596,0.08436002185453265,-0.039637670852349004
roughness,stable_high,12,352,early,12,2.081327828617344,0.9597881977757746,0.8994618833921714,1.6337639726183477,-1.1215396308415695,-1.1818659452251727
roughness,stable_high,12,352,late,13,0.9831604829467355,0.6780600058179151,0.6578569972311237,14.477915362004126,-0.3051004771288204,-0.32530348571561196
roughness,stable_high,12,352,mid,12,1.348901504001957,3.061076719117891,2.7609634069576328,11.414439047239357,1.712175215115934,1.4120619029556762
roughness,stable_high,12,353,all_post,37,0.8868813728425414,0.6090954812461228,0.6022415842626001,0.9595186954545671,-0.2777858915964187,-0.2846397885799414
roughness,stable_high,12,353,early,12,0.5324555569095468,0.5395280968509656,0.530394616939707,0.523724721250688,0.007072539941418858,-0.0020609399698397666
roughness,stable_high,12,353,late,13,1.1445750992290191,0.6414197452360428,0.6434208293780705,1.0500657294859546,-0.5031553539929764,-0.5011542698509485
roughness,stable_high,12,353,mid,12,0.9621389851901857,0.6436449129855334,0.6294777027104003,1.2972200494577761,-0.31849407220465226,-0.3326612824797855
roughness,stable_high,12,354,all_post,37,0.8332484356833008,0.5824912697922965,0.5602311581168132,4.110195586801152,-0.2507571658910042,-0.2730172775664875
roughness,stable_high,12,354,early,12,1.5452135397890168,0.9814534010191786,0.9304491325625013,3.704089471774035,-0.5637601387698384,-0.6147644072265156
roughness,stable_high,12,354,late,13,0.5678462041666823,0.40687475920898186,0.4009062195564884,5.643522358808311,-0.16097144495770058,-0.16693998461019405
roughness,stable_high,12,354,mid,12,0.4088024157205879,0.3737803583640056,0.3626152004448105,2.8551976988205108,-0.03502205735658228,-0.046187215275777405
roughness,stable_high,12,355,all_post,37,0.6163337354858409,0.6371353217034533,0.636430005721144,0.6296475220799452,0.020801586217612338,0.020096270235302933
roughness,stable_high,12,355,early,12,0.39605170815307833,0.38494277844348684,0.38499602126212923,0.34950582734357755,-0.011108929709591481,-0.01105568689094913
roughness,stable_high,12,355,late,13,0.8197474687047064,0.782991169644111,0.7776831890242715,0.8051021412773657,-0.03675629906059538,-0.04206427968043481
roughness,stable_high,12,355,mid,12,0.6162508851648331,0.7313173630277077,0.7348397082684374,0.7197133793524403,0.1150664778628745,0.11858882310360423
roughness,stable_high,12,356,all_post,37,0.7049876119354813,0.6015312312976168,0.57581862407882,5.053944648278744,-0.10345638063786448,-0.1291689878566615
roughness,stable_high,12,356,early,12,0.39286672372190984,0.324665022322528,0.32342608911866877,3.4424112940478113,-0.06820170139938185,-0.06944063460324101
roughness,stable_high,12,356,late,13,1.1623961972869756,0.9589017693123866,0.8796324136755767,8.260285433671926,-0.2034944279745889,-0.28276378361139887
roughness,stable_high,12,356,mid,12,0.5215825326849343,0.49124602409003854,0.4990795536424844,3.1919421516670625,-0.030336508594895662,-0.022502979042449803
roughness,stable_high,12,357,all_post,37,0.9090806990881246,0.840267765683196,0.8299413120877173,4.106522408801075,-0.06881293340492854,-0.07913938700040728
roughness,stable_high,12,357,early,12,1.4240424632346915,1.1886049438604507,1.161704734752039,6.586435210190053,-0.23543751937424073,-0.2623377284826523
roughness,stable_high,12,357,late,13,0.7546817646564841,0.6165672829799974,0.6229592934325603,2.7718911891197946,-0.13811448167648657,-0.13172247122392378
roughness,stable_high,12,357,mid,12,0.5613844472425015,0.734272777101073,0.7224084096331489,3.0724600954001517,0.17288832985857147,0.16102396239064734
roughness,stable_high,12,358,all_post,37,0.8570954107987223,0.5941717249090421,0.6480016739158239,10.560386857346131,-0.2629236858896803,-0.20909373688289862
roughness,stable_high,12,358,early,12,0.3674716681160768,0.37746096742158525,0.34715660626549844,5.362660486926722,0.009989299305508409,-0.020315061850578364
roughness,stable_high,12,358,late,13,0.6635068503604287,0.5477067344054932,0.5842501445645163,14.58903023987689,-0.11580011595493558,-0.07925670579591236
roughness,stable_high,12,358,mid,12,1.5564400939561862,0.8612195554420107,1.0179108983633993,11.393749563357224,-0.6952205385141758,-0.5385291955927872
roughness,stable_high,12,359,all_post,37,0.9949088944913548,1.4404528000052874,0.6513207860649072,1.1856790568007898,0.4455439055139323,-0.3435881084264475
roughness,stable_high,12,359,early,12,0.7246027731298098,0.6175573795889326,0.9857587807663792,0.58144049732603,-0.10704539354087712,0.2611560076365694
roughness,stable_high,12,359,late,13,0.48959536086627875,2.568731296639153,0.4666784555908189,2.0763659714242655,2.0791359357728747,-0.022916905275460017
roughness,stable_high,12,359,mid,12,1.8126380106133988,1.0410465157349533,0.5169119827103643,0.8250067921001175,-0.7715914948784457,-1.2957260279030345
roughness,stable_low,1,350,all_post,40,0.441219749207783,0.43079503158608057,0.3827910608511068,0.6748005291722129,-0.010424717621702351,-0.058428688356676105
roughness,stable_low,1,350,early,12,0.5351845857106923,0.5638501309326392,0.4946983827437277,0.8841635982126169,0.02866554522194702,-0.040486202966964514
roughness,stable_low,1,350,late,16,0.5163082027167737,0.49333843140379596,0.4183173728833224,0.8202020544642195,-0.022969771312977803,-0.09799082983345132
roughness,stable_low,1,350,mid,12,0.24713697469288606,0.21434873248256825,0.22351532291553192,0.2715687597424667,-0.03278824221031779,-0.02362165177735408
roughness,stable_low,1,351,all_post,40,0.2846579891162399,0.28004819984912155,0.28484136604615395,0.4502122316608125,-0.004609789267118436,0.00018337692991403088
roughness,stable_low,1,351,early,12,0.26930689250540235,0.2566247477787315,0.2443444931869426,0.5007043405653565,-0.012682144726670869,-0.02496239931845975
roughness,stable_low,1,351,late,16,0.34665375427420475,0.3200880416886317,0.3327558123758806,0.38586334719490956,-0.026565712585573026,-0.013897941898324148
roughness,stable_low,1,351,mid,12,0.21734806551645788,0.25008519613349794,0.26145231046572986,0.4855186353774725,0.03273713061704014,0.044104244949272016
roughness,stable_low,1,352,all_post,40,0.4659387804613596,0.5072886918109987,0.43563832112590734,0.7571807807746703,0.04134991134963915,-0.030300459335452272
roughness,stable_low,1,352,early,12,0.35951385353083637,0.3519724131338741,0.3807440950315755,0.7624727560735071,-0.0075414403969622686,0.021230241500739138
roughness,stable_low,1,352,late,16,0.48605764433347576,0.45483511352625866,0.42002139327761023,0.8980420715427654,-0.031222530807217083,-0.06603625105586558
roughness,stable_low,1,352,mid,12,0.5455385555623945,0.7325430748677766,0.511355117684635,0.5640737511183733,0.1870045193053822,-0.03418343787775927
roughness,stable_low,1,353,all_post,40,0.49215985141785235,0.47631187179431544,0.4762953522186349,0.636810968801716,-0.01584797962353678,-0.01586449919921735
roughness,stable_low,1,353,early,12,0.3679397063633927,0.44098661048825966,0.44091941410514535,0.6537981892624548,0.07304690412486699,0.07297970774175268
roughness,stable_low,1,353,late,16,0.6764874286304652,0.5543738853398672,0.5543547116892792,0.49014655805772217,-0.12211354329059786,-0.12213271694118588
roughness,stable_low,1,353,mid,12,0.37060989352216134,0.4075544483729689,0.4075921443712654,0.8153762959996356,0.036944554850807526,0.03698225084910401
roughness,stable_low,1,354,all_post,40,0.27495209653683045,0.3645060322342343,0.41126819571384476,0.47022407141764494,0.08955393569740382,0.13631609917701432
roughness,stable_low,1,354,early,12,0.1865347452147862,0.5063307760549408,0.34091383519514323,0.4934534895168603,0.31979603084015457,0.15437908998035701
roughness,stable_low,1,354,late,16,0.26679804701237747,0.22097055811883115,0.40061002810237856,0.47929861710596566,-0.04582748889354634,0.13381198109000114
roughness,stable_low,1,354,mid,12,0.37424151389147875,0.41406192056739877,0.4958334463811678,0.43489525906733534,0.03982040667591997,0.12159193248968914
roughness,stable_low,1,355,all_post,40,0.3055808055622194,0.2605419536753468,0.27728052052470936,0.34291048412560315,-0.04503885188687251,-0.028300285037509976
roughness,stable_low,1,355,early,12,0.2698979505530909,0.2786377636524842,0.28381801923935607,0.2278538939474084,0.008739813099393279,0.0139200686862651
roughness,stable_low,1,355,late,16,0.2331921596437419,0.2159711900906097,0.24647214854584976,0.28848718445512445,-0.017220969553132185,0.013279988902107886
roughness,stable_low,1,355,mid,12,0.4377818551293177,0.3018738284778589,0.3118208511152088,0.5305314738644361,-0.13590802665145876,-0.1259610040141089
roughness,stable_low,1,356,all_post,40,0.30156810287154057,0.22245049533225023,0.23457340910021776,0.41288454917289885,-0.07911760753929031,-0.06699469377132286
roughness,stable_low,1,356,early,12,0.32112754915275094,0.20877846340267617,0.2146093078562228,0.4746259418714666,-0.11234908575007481,-0.10651824129652819
roughness,stable_low,1,356,late,16,0.16584048565992987,0.1318237851770599,0.1657194730128467,0.2954440746591315,-0.03401670048286996,-0.00012101264708319799
roughness,stable_low,1,356,mid,12,0.46297881287247783,0.35695814080207816,0.3463427584607073,0.5077304558260208,-0.1060206720703996,-0.1166360544117704
roughness,stable_low,1,357,all_post,40,0.2601069162773554,0.25713385273812617,0.25713385273812617,0.5562567226156176,-0.0029730635392292487,-0.0029730635392292487
roughness,stable_low,1,357,early,12,0.27542476435072055,0.27542476435072055,0.27542476435072055,0.43777878355478045,0.0,0.0
roughness,stable_low,1,357,late,16,0.2386186800306987,0.2826773307288221,0.2826773307288221,0.5365955794747559,0.04405865069812344,0.04405865069812344
roughness,stable_low,1,357,mid,12,0.27344004986619924,0.20478497047127045,0.20478497047127045,0.700949519197604,-0.06865507939492874,-0.06865507939492874
roughness,stable_low,1,358,all_post,40,0.2706812222750551,0.2685861265320955,0.26265396864200363,0.5278113955138808,-0.0020950957429596005,-0.008027253633051432
roughness,stable_low,1,358,early,12,0.36318951389243653,0.3618207532698341,0.3920832711885618,0.7385892392110311,-0.0013687606226024322,0.028893757296125245
roughness,stable_low,1,358,late,16,0.1645971186943179,0.1789609445625026,0.14758416947505404,0.5239623112874021,0.014363825868184701,-0.017012949219263853
roughness,stable_low,1,358,mid,12,0.31961840209865655,0.2948517424204807,0.28665106498471166,0.32216566411870207,-0.024766659678175828,-0.03296733711394486
roughness,stable_low,1,359,all_post,40,0.4568871191740236,0.40233781936053575,0.36107157972122755,0.429195363148532,-0.0545492998134879,-0.09581553945279608
roughness,stable_low,1,359,early,12,0.6688029171211953,0.575139626575455,0.5156655365592436,0.5078260236991443,-0.09366329054574024,-0.1531373805619516
roughness,stable_low,1,359,late,16,0.41854196343833416,0.38759371654926594,0.3472300960865649,0.4204342162191395,-0.03094824688906825,-0.07131186735176928
roughness,stable_low,1,359,mid,12,0.29609819554110456,0.2491948158939762,0.22493293439609488,0.36224623183710986,-0.04690337964712837,-0.07116526114500966
roughness,stable_low,3,350,all_post,40,0.3368491079087231,0.3259337135197079,0.31696223154801195,0.6966446264561581,-0.01091539438901509,-0.01988687636071106
roughness,stable_low,3,350,early,12,0.33646887216697446,0.3311946685812172,0.3314256372175843,0.6411036728442622,-0.005274203585757212,-0.005043234949390111
roughness,stable_low,3,350,late,16,0.4144372219515402,0.3965923687835784,0.3895961525406525,0.8865212576108015,-0.017844853167961833,-0.02484106941088773
roughness,stable_low,3,350,mid,12,0.23377852492671525,0.22646121810637135,0.2056535978882522,0.4990167385285295,-0.007317306820343982,-0.028124927038463116
roughness,stable_low,3,351,all_post,40,0.2867924378757819,0.28572631226837586,0.2697083918087594,0.49175078523401394,-0.001066125607405985,-0.017084046067022483
roughness,stable_low,3,351,early,12,0.3634920494701741,0.32931040529606265,0.3112269129821968,0.6005848680832526,-0.03418164417411143,-0.05226513648797729
roughness,stable_low,3,351,late,16,0.2784201764075094,0.27412916737878,0.2599886736497431,0.36501431580975213,-0.004291009028729358,-0.018431502757766297
roughness,stable_low,3,351,mid,12,0.22125584157241962,0.25760507909348357,0.24114949484734371,0.5518986616171243,0.036349237521063955,0.019893653274924074
roughness,stable_low,3,352,all_post,40,0.37789366461861384,0.4654141137708979,0.37582815312973306,0.6867224288944888,0.087520449152284,-0.0020655114888807726
roughness,stable_low,3,352,early,12,0.3502685034249593,0.31812424717256405,0.31892186535169764,0.6539290639191168,-0.03214425625239522,-0.031346638073261594
roughness,stable_low,3,352,late,16,0.4226288432456815,0.42989483142404283,0.36080217335082737,0.8315764360697202,0.007265988178361356,-0.061826669894854164
roughness,stable_low,3,352,mid,12,0.3458719209761783,0.6600630234983716,0.4527690806129761,0.5263771176362191,0.31419110252219334,0.1068971596367979
roughness,stable_low,3,353,all_post,40,0.3229513241284916,0.31155890928717145,0.31203313954984796,0.5025564244950218,-0.011392414841320137,-0.010918184578643651
roughness,stable_low,3,353,early,12,0.3171809110406762,0.32462291803568927,0.3071534735248959,0.6007205871237892,0.007442006995013066,-0.01002743751578033
roughness,stable_low,3,353,late,16,0.3528937791933614,0.3322008164628713,0.3485081483530338,0.38172260344457565,-0.020692962730490136,-0.00438563084032769
roughness,stable_low,3,353,mid,12,0.2887984637964805,0.2709723576377205,0.26827946050388557,0.5655040232668489,-0.017826106158760006,-0.020519003292594925
roughness,stable_low,3,354,all_post,40,0.2768964108816232,0.3641922051488039,0.24963950086863598,0.4504119469112042,0.08729579426718073,-0.027256910012987173
roughness,stable_low,3,354,early,12,0.3407862020372885,0.6187044851390467,0.2705392861515337,0.5444561842954254,0.2779182831017583,-0.0702469158857547
roughness,stable_low,3,354,late,16,0.2051791043933217,0.20815940399152105,0.19620046144686762,0.42052989168612875,0.0029802995981993447,-0.008978642946454089
roughness,stable_low,3,354,mid,12,0.30862969504369325,0.3177236600349383,0.29999176814809614,0.3962104498270836,0.009093964991245103,-0.008637926895597108
roughness,stable_low,3,355,all_post,40,0.30215913990252785,0.27990355847847137,0.2941488387823878,0.4259714839279926,-0.022255581424056453,-0.008010301120140038
roughness,stable_low,3,355,early,12,0.3169665551971194,0.3243670513853865,0.2984445235379772,0.3214143934366437,0.007400496188267231,-0.01852203165914215
roughness,stable_low,3,355,late,16,0.3042669386878021,0.2704215883268974,0.2941366885139722,0.4830057553749827,-0.03384535036090468,-0.010130250173829862
roughness,stable_low,3,355,mid,12,0.28454132622757067,0.24808269244032147,0.2898693543846858,0.4544828791566881,-0.03645863378724917,0.005328028157115162
roughness,stable_low,3,356,all_post,40,0.30852145141291115,0.30874686639423465,0.3113015367990164,0.6061682785862935,0.0002254149813235025,0.002780085386105251
roughness,stable_low,3,356,early,12,0.2451374640631936,0.2374841523364811,0.23690149821831574,0.6442256308721873,-0.007653311726712517,-0.008235965844877824
roughness,stable_low,3,356,late,16,0.3423380625859521,0.34315847924160137,0.3564172839457237,0.5514258452013509,0.0008204166556492944,0.01407922135977161
roughness,stable_low,3,356,mid,12,0.32681662386524074,0.3341274299888326,0.325547245850774,0.6411008374803232,0.0073108061235917995,-0.0012693780144668175
roughness,stable_low,3,357,all_post,40,0.3408203339701677,0.3468082210836815,0.3407616925076586,0.6149055034082591,0.00598788711351374,-5.8641462509096204e-05
roughness,stable_low,3,357,early,12,0.37260484862474924,0.43711431366330716,0.36119644354540204,0.5925635804044113,0.06450946503855795,-0.011408405079347197
roughness,stable_low,3,357,late,16,0.3098853819268932,0.30061937813610284,0.3520958351191336,0.4155760852315069,-0.009266003790790334,0.042210453192240455
roughness,stable_low,3,357,mid,12,0.3502824220399521,0.3180872524341604,0.3052147513212817,0.90301998398111,-0.03219516960579171,-0.045067670718670405
roughness,stable_low,3,358,all_post,40,0.29366879240875227,0.2861952448980585,0.2861952448980585,0.623501547356549,-0.007473547510693787,-0.007473547510693787
roughness,stable_low,3,358,early,12,0.2758865272973318,0.27434974079146385,0.27434974079146385,0.5998402734755414,-0.0015367865058680031,-0.0015367865058680031
roughness,stable_low,3,358,late,16,0.3493877146948703,0.30639187543648805,0.30639187543648805,0.8157229299820168,-0.04299583925838232,-0.04299583925838232
roughness,stable_low,3,358,mid,12,0.23715916113868193,0.271111908286747,0.271111908286747,0.3908676444035993,0.03395274714806513,0.03395274714806513
roughness,stable_low,3,359,all_post,40,0.29705380010228233,0.3700677255405565,0.2916674206964249,0.40133940631051657,0.07301392543827417,-0.005386379405857391
roughness,stable_low,3,359,early,12,0.4031833949741536,0.3874057336267027,0.4027812910633983,0.43846232835738447,-0.015777661347450945,-0.00040210391075528657
roughness,stable_low,3,359,late,16,0.2636651614584895,0.4191643441055588,0.26502028877472716,0.4024009276059816,0.1554991826470693,0.0013551273162377194
roughness,stable_low,3,359,mid,12,0.23544239008880144,0.28726755936774057,0.21608305955838178,0.36280112253636204,0.05182516927893912,-0.019359330530419647
roughness,stable_low,6,350,all_post,39,0.3469380837282763,0.3330540533505265,0.3233143911222474,0.9749075852032636,-0.013884030377749866,-0.023623692606028958
roughness,stable_low,6,350,early,12,0.30635926096931826,0.3050534932102909,0.2945550164546351,0.6860005339273619,-0.0013057677590273878,-0.01180424451468314
roughness,stable_low,6,350,late,15,0.4550518107120445,0.4205703933159175,0.4116541231446435,1.2727363577982027,-0.03448141739612698,-0.04339768756740095
roughness,stable_low,6,350,mid,12,0.2523747477575243,0.2516591885340233,0.24164910076186444,0.8915286707354918,-0.0007155592235009561,-0.010725646995659787
roughness,stable_low,6,351,all_post,39,0.2885728123568006,0.3064410509692177,0.3064410509692177,0.4595570244295669,0.017868238612416983,0.017868238612416983
roughness,stable_low,6,351,early,12,0.35939555728464057,0.34293199717389483,0.34293199717389483,0.5219106944440595,-0.016463560110745807,-0.016463560110745807
roughness,stable_low,6,351,late,15,0.2577113342591051,0.2824868029382185,0.2824868029382185,0.3562983173996173,0.02477546867911346,0.02477546867911346
roughness,stable_low,6,351,mid,12,0.25632691505108024,0.29989291480328945,0.29989291480328945,0.5262767382025116,0.0435659997522092,0.0435659997522092
roughness,stable_low,6,352,all_post,39,0.39186462084949386,0.5764596831820775,0.4013387853189562,0.7833388509311779,0.18459506233258374,0.009474164469462306
roughness,stable_low,6,352,early,12,0.3210327637843364,0.31014908295935856,0.3011459076273938,0.5542204889320723,-0.010883680824977758,-0.01988685615694258
roughness,stable_low,6,352,late,15,0.46442576483930087,0.5425140835251124,0.37999206584877815,1.0073379516505396,0.0780883186858115,-0.08443369899052292
roughness,stable_low,6,352,mid,12,0.3719950479273926,0.885202282976003,0.5282150623482412,0.7324583370310817,0.5132072350486104,0.15622001442084868
roughness,stable_low,6,353,all_post,39,0.3345047781971813,0.31144534554272024,0.3168722591140716,0.5092486365213789,-0.023059432654461042,-0.01763251908310982
roughness,stable_low,6,353,early,12,0.31242954979214427,0.30802455314861593,0.29932345113147135,0.530048459338862,-0.004404996643528336,-0.013106098660672897
roughness,stable_low,6,353,late,15,0.402917289895374,0.34284597594299426,0.3748492703147083,0.40820159883574786,-0.060071313952379794,-0.028068019580665706
roughness,stable_low,6,353,mid,12,0.2710643669794775,0.27561534993648223,0.2619498030958756,0.6147576108109346,0.004550982957004703,-0.009114563883601897
roughness,stable_low,6,354,all_post,39,0.32765026853769935,0.4069620396535724,0.2681888051003021,0.4949293232847555,0.07931177111587302,-0.05946146343739732
roughness,stable_low,6,354,early,12,0.4124212601060235,0.7165231729057595,0.29416806717826066,0.5810699665548363,0.30410191279973603,-0.11825319292776276
roughness,stable_low,6,354,late,15,0.24013954860502834,0.2224865673254492,0.20857549222581923,0.5107396600829284,-0.017652981279579143,-0.03156405637920912
roughness,stable_low,6,354,mid,12,0.35226767688521415,0.3279952468115394,0.31672618411544695,0.38902575901695874,-0.0242724300736747,-0.03554149276976715
roughness,stable_low,6,355,all_post,39,0.2957012769453372,0.2886125473652281,0.27839314228085843,0.4211181552652526,-0.00708872958010917,-0.017308134664478857
roughness,stable_low,6,355,early,12,0.31215823875973325,0.33203614412952437,0.2947270291103708,0.3049407778193564,0.019877905369791133,-0.017431209649362456
roughness,stable_low,6,355,late,15,0.32154931838999473,0.2836450222534941,0.28496557090423746,0.489820576108262,-0.03790429613650069,-0.0365837474857573
roughness,stable_low,6,355,mid,12,0.2469342633251194,0.25139835699059926,0.2538437196721222,0.4514175066573869,0.00446409366547991,0.006909456347002783
roughness,stable_low,6,356,all_post,39,0.337915463845685,0.31733003079654626,0.3249363194012853,0.6484218341126464,-0.02058543304913884,-0.012979144444399715
roughness,stable_low,6,356,early,12,0.24634331704815585,0.2314966652982907,0.2358551301104057,0.6200842261530842,-0.014846651749865122,-0.010488186937750117
roughness,stable_low,6,356,late,15,0.40620685067192697,0.369028916123481,0.38722939738889306,0.5980179263035815,-0.037177934548446055,-0.018977453283033952
roughness,stable_low,6,356,mid,12,0.34412337711041174,0.33853978963613324,0.33615116120765515,0.7397643268335399,-0.005583587474278545,-0.00797221590275652
roughness,stable_low,6,357,all_post,39,0.37596969973097566,0.3616166618744172,0.36802554760681283,0.7206217292546039,-0.01435303785655837,-0.00794415212416273
roughness,stable_low,6,357,early,12,0.43779296038616083,0.44510337841588465,0.40898538341765994,0.7919553014762598,0.0073104180297238405,-0.02880757696850092
roughness,stable_low,6,357,late,15,0.3548145026895435,0.32695048994683884,0.387380107465997,0.5538384617071641,-0.027864012742704683,0.03256560477645347
roughness,stable_low,6,357,mid,12,0.34059043537758044,0.32146266024242276,0.30287251197198567,0.8577672414672478,-0.019127775135157683,-0.03771792340559479
roughness,stable_low,6,358,all_post,39,0.303302308487704,0.2900872223815551,0.29462090048912426,0.7514805155042388,-0.013215086106148835,-0.008681407998579674
roughness,stable_low,6,358,early,12,0.2762232315159479,0.27208287268947534,0.2725440858283998,0.6520309551695553,-0.00414035882647263,-0.0036791456875481347
roughness,stable_low,6,358,late,15,0.359414806729735,0.3221218540791731,0.3255523289506557,1.0180467632146815,-0.03729295265056191,-0.03386247777907942
roughness,stable_low,6,358,mid,12,0.26024076265692125,0.26804828245161255,0.2780334295729347,0.5177222662008693,0.007807519794691312,0.01779266691601346
roughness,stable_low,6,359,all_post,39,0.2991463388487323,0.38809880282610876,0.291160007447206,0.3996018277410425,0.08895246397737645,-0.007986331401526305
roughness,stable_low,6,359,early,12,0.3731128761908429,0.3681153320341324,0.38081957315379406,0.4528209123319063,-0.004997544156710572,0.007706696962951162
roughness,stable_low,6,359,late,15,0.2786883475459192,0.46516963969480685,0.2737681681420361,0.4182439530983036,0.18648129214888767,-0.004920179403883173
roughness,stable_low,6,359,mid,12,0.250752290635138,0.3117437275322124,0.22324024087208028,0.3230800864536023,0.06099143689707447,-0.027512049763057673
roughness,stable_low,12,350,all_post,37,0.3933747055385672,0.3879040143243986,0.3639310992883333,2.150930137769036,-0.005470691214168669,-0.029443606250233876
roughness,stable_low,12,350,early,12,0.3657532689730974,0.32154776472701413,0.31249669529369944,1.3649034822136326,-0.04420550424608335,-0.05325657367939804
roughness,stable_low,12,350,late,13,0.4263908615086001,0.4663827318586977,0.4374829355224303,2.7886733678031628,0.03999187035009756,0.0110920740138301
roughness,stable_low,12,350,mid,12,0.38522863980316807,0.36924165325962566,0.33568434736269565,2.246068294120802,-0.01598698654354241,-0.04954429244047237
roughness,stable_low,12,351,all_post,37,0.3308972696486748,0.3441809047400659,0.3441809047400659,0.4652959415143938,0.013283635091391126,0.013283635091391126
roughness,stable_low,12,351,early,12,0.4105197996730919,0.3863430856424372,0.3863430856424372,0.5666665972655125,-0.02417671403065466,-0.02417671403065466
roughness,stable_low,12,351,late,13,0.29986210062170504,0.29803823204618846,0.29803823204618846,0.352667691826096,-0.0018238685755165786,-0.0018238685755165786
roughness,stable_low,12,351,mid,12,0.28489617273680834,0.35200661925606186,0.35200661925606186,0.4859392229255981,0.06711044651925362,0.06711044651925362
roughness,stable_low,12,352,all_post,37,0.5199463121571826,0.7880849088686905,0.5219967907367344,1.2643705205101505,0.268138596711508,0.0020504785795517487
roughness,stable_low,12,352,early,12,0.38294497090600443,0.3407372796126253,0.31575004057505157,0.5770279810676452,-0.04220769129337921,-0.06719493033095286
roughness,stable_low,12,352,late,13,0.5736004885017871,0.7059992690509784,0.416743312340697,1.7538755881185362,0.13239878054919138,-0.1568571761610899
roughness,stable_low,12,352,mid,12,0.5988222957017059,1.3243586479272775,0.8422681424941242,1.4214159033769045,0.7255363522255717,0.2434458467924182
roughness,stable_low,12,353,all_post,37,0.3676872277118736,0.3274045807027212,0.34222692220299733,0.5091131193831528,-0.04028264700915237,-0.025460305508876253
roughness,stable_low,12,353,early,12,0.3064544365679311,0.3064464570728887,0.3035136841750779,0.5029638275052709,-7.97949504236182e-06,-0.002940752392853118
roughness,stable_low,12,353,late,13,0.4938719858252791,0.39481047018137627,0.4412555765418358,0.40432787043092033,-0.09906151564390292,-0.052616409283443424
roughness,stable_low,12,353,mid,12,0.29221986423296004,0.27533965739734406,0.2736591180305084,0.6287797642926197,-0.016880206835615932,-0.01856074620245161
roughness,stable_low,12,354,all_post,37,0.44588109419597044,0.516413794032436,0.31220659884167407,0.6260331509504159,0.0705326998364655,-0.13367449535429649
roughness,stable_low,12,354,early,12,0.7462411886283039,1.04014015270162,0.4228078693046428,0.7265055368265331,0.2938989640733162,-0.323433319323661
roughness,stable_low,12,354,late,13,0.2551134419176371,0.25978536954726583,0.24145416399844744,0.6951717730040615,0.004671927629628813,-0.013659277919189609
roughness,stable_low,12,354,mid,12,0.35218595639849865,0.2707015618888533,0.2782537994588675,0.45066059118284946,-0.08148439450964534,-0.07393215693963112
roughness,stable_low,12,355,all_post,37,0.3146910961263636,0.311094652759092,0.2887479738172408,0.4443158830810696,-0.0035964433672716137,-0.02594312230912278
roughness,stable_low,12,355,early,12,0.3300401045753379,0.3571914112793894,0.2978445265235898,0.3486204452653449,0.02715130670405146,-0.0321955780517481
roughness,stable_low,12,355,late,13,0.33818863004087757,0.30629625916838815,0.2941653191030307,0.49917399969100323,-0.03189237087248941,-0.04402331093784687
roughness,stable_low,12,355,mid,12,0.2738864259366657,0.27019615396205693,0.2737826303846193,0.48058169456936634,-0.003690271974608745,-0.00010379555204634988
roughness,stable_low,12,356,all_post,37,0.3988015885273035,0.3615427482440001,0.37366002567055623,0.7837282684231839,-0.03725884028330335,-0.025141562856747256
roughness,stable_low,12,356,early,12,0.27332309286352446,0.2648015365349027,0.2662566673750563,0.7493140233950087,-0.008521556328621845,-0.00706642548846817
roughness,stable_low,12,356,late,13,0.5594321022601507,0.4710415483539563,0.5073148193093991,0.8372220727487292,-0.08839055390619428,-0.05211728295075146
roughness,stable_low,12,356,mid,12,0.3502636943138315,0.33966025983397846,0.33627069085730965,0.7601908920986848,-0.010603434479852998,-0.01399300345652177
roughness,stable_low,12,357,all_post,37,0.45935459134753476,0.40473678550293085,0.40018204173044886,0.9995178522055871,-0.054617805844603934,-0.05917254961708588
roughness,stable_low,12,357,early,12,0.5317197421976004,0.5128195606763127,0.49225311037053315,1.1726312853305754,-0.01890018152128776,-0.03946663182706738
roughness,stable_low,12,357,late,13,0.4394779108029861,0.3480590346351742,0.35863647181119745,0.8460843916912568,-0.09141887616781194,-0.08084143899178867
roughness,stable_low,12,357,mid,12,0.40852251108739684,0.3580549071029521,0.3531186738362205,0.9926240013044567,-0.050467603984444775,-0.05540383725117637
roughness,stable_low,12,358,all_post,37,0.3333061953771749,0.30290408810712377,0.3068072323310364,1.3403207464153715,-0.0304021072700512,-0.026498963046138496
roughness,stable_low,12,358,early,12,0.2787630244947244,0.2687596586742234,0.26843261575076666,1.0251479777312695,-0.010003365820501006,-0.010330408743957737
roughness,stable_low,12,358,late,13,0.39865332424489647,0.3098890604873192,0.31028701086096633,1.7674475006610946,-0.08876426375757726,-0.08836631338393011
roughness,stable_low,12,358,mid,12,0.31705664331959377,0.32948146412814555,0.34141208883721547,1.1927728646666063,0.012424820808551833,0.02435544551762168
roughness,stable_low,12,359,all_post,37,0.3162700936787212,0.46295537185639785,0.3076780746004574,0.48730382914113674,0.14668527817767663,-0.00859201907826383
roughness,stable_low,12,359,early,12,0.3509464984723705,0.41525134589486656,0.3818957530244369,0.47672435267464547,0.06430484742249593,0.030949254552066246
roughness,stable_low,12,359,late,13,0.34268844304084684,0.6174576038232907,0.3149656268601619,0.6182363862411406,0.2747691607824439,-0.02772281618068498
roughness,stable_low,12,359,mid,12,0.2529738104094357,0.3432819798537951,0.22556554789513125,0.3560397020826236,0.09030816944435949,-0.02740826251430434
