mechanism,direction,horizon,relative_origin,n_pairs,transition_smoothness,start_smoothness,target_smoothness,mean_abs_smoothness_gap_to_target,mean_transition_order,mean_start_order,mean_target_order,mean_transition_window,mean_start_window,mean_target_window,order_match_target_share,window_match_target_share,discrete_config_match_target_share,mean_transition_window_post_fraction
noise_scale,high_to_low,1,0,10,0.9861714804626015,0.9861714804626015,0.9471073030805826,0.04358319087920198,2.0,2.0,2.0,48.0,48.0,36.0,0.6,0.4,0.4,0.0
noise_scale,high_to_low,1,3,10,0.9568488014367622,0.9554657766485782,0.9016072253983707,0.05524157603839155,2.0,2.0,1.9,52.8,52.8,38.4,0.9,0.6,0.6,0.07083333333333333
noise_scale,high_to_low,1,6,10,0.9381356484611173,0.9459566746573801,0.9030172693495035,0.04308285450857825,1.8,2.1,2.0,48.0,52.8,38.4,0.8,0.5,0.5,0.15
noise_scale,high_to_low,1,9,10,0.9392739453739753,0.9408825789413442,0.9434211651587698,0.07606025455287715,1.9,2.0,2.0,43.2,50.4,33.6,0.7,0.6,0.5,0.25
noise_scale,high_to_low,1,12,10,0.9270850928329025,0.9248500937851549,0.8689395602312315,0.06244992882063023,1.9,2.0,2.0,52.8,52.8,40.8,0.9,0.3,0.3,0.26666666666666666
noise_scale,high_to_low,1,15,10,0.9344530408605959,0.9196304240470636,0.8413522698941197,0.10256648227500889,2.0,2.0,1.8,48.0,55.2,36.0,0.5,0.3,0.3,0.3541666666666667
noise_scale,high_to_low,1,18,10,0.921690666505155,0.905683026000275,0.8832614852436919,0.09755658163964338,2.0,1.9,2.0,45.6,45.6,36.0,0.6,0.4,0.4,0.4625
noise_scale,high_to_low,1,21,10,0.9183219953236327,0.9068931002032624,0.8634784639395778,0.10561978536754765,1.8,2.0,1.9,40.8,45.6,38.4,0.7,0.5,0.5,0.56875
noise_scale,high_to_low,1,24,10,0.9212652084281752,0.9100840990759153,0.8679944899910133,0.10436306806466891,2.0,2.0,1.8,45.6,48.0,38.4,0.4,0.5,0.4,0.6166666666666666
noise_scale,high_to_low,1,27,10,0.8703033109986249,0.9603857621507794,0.885986737080335,0.14074365243911657,2.0,2.0,1.9,55.2,52.8,40.8,0.9,0.5,0.5,0.55625
noise_scale,high_to_low,1,30,10,0.9435238591702874,0.8751844023029735,0.866758649935733,0.14665556866532595,2.1,1.8,2.0,48.0,55.2,45.6,0.5,0.4,0.3,0.675
noise_scale,high_to_low,1,33,10,0.9077934452255837,0.877220880749519,0.9142892406487103,0.07238232892119405,2.2,2.0,2.3,48.0,57.6,45.6,0.7,0.5,0.3,0.7125
noise_scale,high_to_low,1,36,10,0.8686537712914337,0.9048018814806639,0.8888074644755513,0.08107524441447474,1.9,1.9,1.9,48.0,52.8,45.6,0.6,0.7,0.4,0.75
noise_scale,high_to_low,1,39,10,0.93028271247553,0.9164259888597961,0.8810011722753842,0.049526921853798464,2.3,1.9,2.0,48.0,48.0,38.4,0.7,0.5,0.3,0.7791666666666666
noise_scale,high_to_low,1,42,10,0.9245420832303648,0.8965610095034335,0.8441750003376063,0.08036708289275846,2.3,2.0,1.9,52.8,55.2,48.0,0.6,0.4,0.2,0.7666666666666667
noise_scale,high_to_low,1,45,10,0.7536878986465034,0.8814209810956871,0.8438485405119911,0.24670171017858428,1.8,1.7,1.9,48.0,45.6,40.8,0.6,0.5,0.2,0.8375
noise_scale,high_to_low,1,48,10,0.7283834986139163,0.8629462163872048,0.8546581577545134,0.2330076524472898,1.7,2.0,2.0,45.6,48.0,50.4,0.5,0.6,0.2,0.9
noise_scale,high_to_low,1,51,10,0.8815609689148728,0.9131068980697782,0.8408213438364532,0.06532274041592226,2.0,2.0,2.0,50.4,52.8,48.0,0.7,0.5,0.3,0.8833333333333334
noise_scale,high_to_low,1,54,10,0.8934586790069223,0.964150710212416,0.8449951364165413,0.06653905712795535,2.0,2.0,2.0,45.6,52.8,48.0,0.7,0.3,0.1,0.925
noise_scale,high_to_low,1,57,10,0.8899107536157759,0.9674463202954978,0.9149467065187482,0.1482588483257653,2.0,1.9,2.1,48.0,43.2,38.4,0.6,0.3,0.2,0.9166666666666666
noise_scale,high_to_low,1,60,10,0.930277898441472,0.9149021095239875,0.9134442335696159,0.0368511785746257,1.8,1.8,2.0,45.6,43.2,38.4,0.9,0.6,0.6,0.95
noise_scale,high_to_low,1,63,10,0.8940879902819103,0.9054069947364886,0.9103322676822598,0.02844718259586374,2.0,1.9,2.1,38.4,48.0,43.2,0.8,0.8,0.8,0.975
noise_scale,high_to_low,1,66,10,0.9083372364560791,0.9027542178141811,0.9120797755595239,0.03387554360299143,2.1,1.8,2.2,38.4,43.2,45.6,0.7,0.7,0.6,0.9833333333333334
noise_scale,high_to_low,1,69,10,0.9122777349048444,0.9414647697234908,0.9061567859535801,0.010783550587624497,2.3,1.9,2.2,48.0,60.0,57.6,0.9,0.7,0.6,0.9833333333333334
noise_scale,high_to_low,1,72,10,0.9013905921611739,0.943499595137283,0.9060311537347292,0.015588750796098528,2.2,2.2,2.2,45.6,52.8,43.2,0.8,0.8,0.6,1.0
noise_scale,high_to_low,1,75,10,0.9019156197295235,0.970700803836446,0.9050438692072319,0.007231232898470158,2.3,2.3,2.3,43.2,55.2,38.4,1.0,0.7,0.7,1.0
noise_scale,high_to_low,1,78,10,0.9267783401580137,0.9669725270035212,0.9301538155791764,0.007104914774747811,2.4,2.3,2.4,50.4,64.8,45.6,1.0,0.7,0.7,1.0
noise_scale,high_to_low,1,81,10,0.9256478085902181,0.9964734194996321,0.9230123243692292,0.006100537674593504,2.2,2.2,2.2,40.8,60.0,43.2,0.8,0.9,0.8,1.0
noise_scale,high_to_low,1,84,10,0.9285178473015228,0.9951450700813856,0.9279206904719907,0.0013317359841240606,2.3,2.3,2.3,48.0,52.8,50.4,1.0,0.9,0.9,1.0
noise_scale,high_to_low,1,87,10,0.9050630413493395,0.9901333959615375,0.9049078530068341,0.0007184208710998341,2.2,2.3,2.2,50.4,67.2,52.8,1.0,0.9,0.9,1.0
noise_scale,high_to_low,1,90,10,0.8682217572635189,0.9887444903531515,0.8705177235066908,0.002446661772374614,2.2,2.3,2.3,48.0,67.2,48.0,0.9,1.0,0.9,1.0
noise_scale,high_to_low,1,93,10,0.8167632896651993,0.8927096891960533,0.8170321145114047,0.0003636875081901525,2.2,2.3,2.2,50.4,55.2,50.4,1.0,1.0,1.0,1.0
noise_scale,high_to_low,1,96,10,0.8150515339086045,0.8957586093120777,0.8151359007218641,0.00017180772827006253,2.2,2.4,2.2,50.4,62.4,50.4,1.0,1.0,1.0,1.0
noise_scale,high_to_low,1,99,10,0.920782066381929,0.9956503975725368,0.9149667976175045,0.006157143924169722,2.3,2.4,2.2,45.6,62.4,48.0,0.9,0.7,0.7,1.0
noise_scale,high_to_low,1,102,10,0.9049942589251732,0.9944899123062504,0.9049247565045423,0.000818976553667261,2.1,2.3,2.1,38.4,67.2,38.4,1.0,0.8,0.8,1.0
noise_scale,high_to_low,1,105,10,0.9127375877536071,0.9953210777367252,0.9127440725727025,6.537195845751631e-06,2.2,2.3,2.2,33.6,52.8,33.6,1.0,1.0,1.0,1.0
noise_scale,high_to_low,1,108,10,0.9040344160821974,0.9944514950262464,0.9040344160821974,0.0,2.1,2.4,2.1,33.6,52.8,33.6,1.0,1.0,1.0,1.0
noise_scale,high_to_low,1,111,10,0.851276220443588,0.8727923685658598,0.8513709951561786,9.477471259061732e-05,2.3,2.1,2.3,36.0,45.6,36.0,1.0,1.0,1.0,1.0
noise_scale,high_to_low,1,114,10,0.8592079507846693,0.8725503482462458,0.8593211408828397,0.0001131900981704459,2.4,2.2,2.4,33.6,52.8,33.6,1.0,1.0,1.0,1.0
noise_scale,high_to_low,1,117,10,0.8549955342640814,0.8729761479264819,0.8555814869552762,0.0006118735263530795,2.2,2.1,2.2,36.0,48.0,33.6,1.0,0.9,0.9,1.0
noise_scale,high_to_low,3,0,10,0.9827631115457853,0.9827631115457853,0.9570613604313974,0.03238335398186528,1.9,1.9,2.1,52.8,52.8,38.4,0.8,0.4,0.4,0.0
noise_scale,high_to_low,3,3,10,0.9523617775026656,0.9501152525267573,0.9536656442685881,0.06335683447603155,2.0,1.9,2.0,60.0,55.2,45.6,0.6,0.4,0.3,0.05625
noise_scale,high_to_low,3,6,10,0.9483719377856522,0.9496381121138567,0.9425472083787249,0.0587059065916557,2.0,2.0,2.0,57.6,55.2,50.4,0.8,0.5,0.5,0.11666666666666665
noise_scale,high_to_low,3,9,10,0.9459844717764397,0.9466090565295936,0.9421416530269868,0.055522277110228266,1.9,1.9,2.0,60.0,60.0,50.4,0.9,0.4,0.4,0.15625
noise_scale,high_to_low,3,12,10,0.94375806386779,0.9265649379097793,0.9038471656052725,0.09758908798547851,1.9,1.7,2.2,57.6,52.8,55.2,0.5,0.3,0.3,0.2333333333333333
noise_scale,high_to_low,3,15,10,0.9429145074822767,0.9516523198970172,0.8521126822008845,0.10954281718047314,1.9,2.1,2.3,57.6,62.4,57.6,0.5,0.6,0.4,0.2916666666666667
noise_scale,high_to_low,3,18,10,0.9377433217101704,0.9377269008765776,0.8961590959775174,0.10690817820532905,1.9,1.9,2.4,52.8,55.2,62.4,0.4,0.5,0.3,0.375
noise_scale,high_to_low,3,21,10,0.9382804074942254,0.939952395371075,0.9547931472457789,0.05489025541184528,1.9,1.9,2.3,52.8,57.6,57.6,0.6,0.5,0.4,0.4375
noise_scale,high_to_low,3,24,10,0.919272172910814,0.9444955363633731,0.9464223753167834,0.07368741683651263,1.8,2.0,2.2,52.8,62.4,64.8,0.6,0.3,0.2,0.5
noise_scale,high_to_low,3,27,10,0.9668378004407687,0.9870222377224206,0.9296446555284575,0.03719314491231128,1.9,2.1,2.0,50.4,62.4,55.2,0.9,0.6,0.6,0.56875
noise_scale,high_to_low,3,30,10,0.969949765334866,0.9899347902907476,0.9529170183121201,0.032960628846213966,1.9,2.2,2.0,48.0,62.4,55.2,0.9,0.5,0.4,0.6416666666666667
noise_scale,high_to_low,3,33,10,0.9756149882018507,0.9866448853429229,0.9455072373996934,0.030107750802157128,2.0,2.0,2.0,48.0,52.8,62.4,1.0,0.4,0.4,0.6958333333333333
noise_scale,high_to_low,3,36,10,0.9436960901570665,0.9885344803182757,0.9447798473103939,0.05358679389185782,1.9,2.1,1.9,52.8,55.2,43.2,0.8,0.3,0.2,0.7
noise_scale,high_to_low,3,39,10,0.9680785478845151,0.9901249418095504,0.9548475597975237,0.022497745169174188,1.9,2.2,2.0,52.8,60.0,43.2,0.9,0.2,0.2,0.75
noise_scale,high_to_low,3,42,10,0.9155755616130385,0.9908913504770677,0.9438037043421186,0.07717013813117957,1.9,2.4,2.0,48.0,64.8,50.4,0.7,0.3,0.2,0.825
noise_scale,high_to_low,3,45,10,0.8690709626405158,0.9872763641605754,0.9415253585303407,0.105373674120851,1.8,2.0,1.9,57.6,50.4,38.4,0.9,0.2,0.2,0.7875
noise_scale,high_to_low,3,48,10,0.8606268905252497,0.9828688529328511,0.9386354741502027,0.10730152702579435,1.8,2.1,1.9,55.2,55.2,38.4,0.9,0.3,0.3,0.8666666666666666
noise_scale,high_to_low,3,51,10,0.8612380632971319,0.9833630910064655,0.9420834733295349,0.10610490969545543,1.8,2.1,2.0,62.4,64.8,45.6,0.8,0.3,0.3,0.825
noise_scale,high_to_low,3,54,10,0.9507633733646432,0.9834602607057539,0.9401356260875915,0.02342145899391216,2.0,2.1,2.0,52.8,62.4,50.4,0.8,0.4,0.4,0.9
noise_scale,high_to_low,3,57,10,0.9539555451622503,0.9799373463085009,0.944313303165812,0.019205277389070175,2.0,2.0,2.0,50.4,62.4,45.6,0.8,0.6,0.6,0.9166666666666666
noise_scale,high_to_low,3,60,10,0.9515116394582108,0.9365434045478317,0.9449930980406205,0.027690269748349837,2.2,2.0,2.2,50.4,60.0,57.6,0.7,0.7,0.6,0.9333333333333333
noise_scale,high_to_low,3,63,10,0.87810230138001,0.9274416077649624,0.9092231552700744,0.0362739300116935,2.0,2.2,2.1,52.8,62.4,40.8,0.7,0.4,0.4,0.9625
noise_scale,high_to_low,3,66,10,0.9071057784249851,0.9292319169613121,0.9068784627532198,0.008769042097675473,2.1,2.1,2.1,45.6,50.4,45.6,0.8,0.6,0.6,0.975
noise_scale,high_to_low,3,69,10,0.9105335571453418,0.9311694173946167,0.9127421507261761,0.011798111456732397,2.1,2.1,2.1,48.0,55.2,43.2,0.8,0.6,0.5,0.9875
noise_scale,high_to_low,3,72,10,0.9007211422155926,0.9223613954707195,0.9041222819351648,0.0046339610052429535,2.0,2.1,2.0,50.4,60.0,43.2,1.0,0.7,0.7,1.0
noise_scale,high_to_low,3,75,10,0.8995146413298588,0.9296731483247596,0.9027518131657031,0.004080032654140353,1.9,2.1,1.9,50.4,62.4,43.2,1.0,0.7,0.7,1.0
noise_scale,high_to_low,3,78,10,0.9198846281322283,0.9465062082291722,0.9189692120833926,0.006895536458588159,1.9,2.0,1.9,38.4,50.4,40.8,1.0,0.7,0.7,1.0
noise_scale,high_to_low,3,81,10,0.9253805017593713,0.9498819003011352,0.9250440311152606,0.0010588378203132075,2.0,2.2,2.0,36.0,60.0,36.0,1.0,1.0,1.0,1.0
noise_scale,high_to_low,3,84,10,0.9306949287536129,0.9545915684599692,0.9300489630750299,0.0016836847941128275,2.0,2.0,2.0,36.0,62.4,38.4,1.0,0.7,0.7,1.0
noise_scale,high_to_low,3,87,10,0.9320493832432108,0.957888553810767,0.930883966354409,0.0011966152488882664,2.1,2.1,2.1,33.6,60.0,38.4,1.0,0.8,0.8,1.0
noise_scale,high_to_low,3,90,10,0.9251603347150947,0.9195952300236039,0.9242909112554709,0.001079689892661362,2.0,2.0,2.0,40.8,57.6,43.2,1.0,0.9,0.9,1.0
noise_scale,high_to_low,3,93,10,0.9384172118454222,0.9630631684140021,0.9377444378181716,0.0008419596174706667,2.1,2.2,2.1,36.0,67.2,38.4,1.0,0.9,0.9,1.0
noise_scale,high_to_low,3,96,10,0.936287108622486,0.9571636421206542,0.9333787222221577,0.008046388996828057,2.1,2.0,2.1,40.8,60.0,40.8,0.8,1.0,0.8,1.0
noise_scale,high_to_low,3,99,10,0.9291616416153785,0.9638084012715465,0.9295503095752521,0.0018017836510377584,2.0,2.0,2.0,50.4,55.2,48.0,1.0,0.7,0.7,1.0
noise_scale,high_to_low,3,102,10,0.923142077994842,0.9870000655407619,0.9231528907074317,0.001240073193189184,1.9,2.0,1.9,48.0,48.0,48.0,1.0,0.8,0.8,1.0
noise_scale,high_to_low,3,105,10,0.9301491255296073,0.9887745239262283,0.927624287858125,0.006311156528634121,2.0,2.1,1.9,43.2,50.4,40.8,0.9,0.9,0.8,1.0
noise_scale,high_to_low,3,108,10,0.9333469609285181,0.9882001053888997,0.9334179318028927,7.61266741914235e-05,2.1,2.2,2.1,45.6,55.2,45.6,1.0,1.0,1.0,1.0
noise_scale,high_to_low,3,111,10,0.9328255699533384,0.9625694811705333,0.932718378569829,0.00010719138350934188,2.1,2.1,2.1,40.8,55.2,40.8,1.0,1.0,1.0,1.0
noise_scale,high_to_low,3,114,10,0.9496208510825686,0.9906559935169815,0.9495144604847259,0.00010639059784278704,2.2,2.4,2.2,40.8,55.2,40.8,1.0,1.0,1.0,1.0
noise_scale,high_to_low,3,117,10,0.9490378264189209,0.9509064107312059,0.9489095929793679,0.00016771511303218523,2.3,2.2,2.3,45.6,52.8,45.6,1.0,1.0,1.0,1.0
noise_scale,high_to_low,6,0,10,0.9648693103126156,0.9648693103126156,0.9519010352884416,0.03967496575171329,1.8,1.8,2.1,52.8,52.8,48.0,0.7,0.5,0.4,0.0
noise_scale,high_to_low,6,3,10,0.9810069611541851,0.9810994247017101,0.9497807640557918,0.031226197098393294,1.9,2.0,2.0,55.2,57.6,52.8,0.7,0.5,0.4,0.06041666666666666
noise_scale,high_to_low,6,6,10,0.9809433039119,0.9828416021974651,0.9522283222589104,0.035865196107563946,2.0,2.1,2.0,57.6,57.6,55.2,0.8,0.4,0.3,0.11666666666666665
noise_scale,high_to_low,6,9,10,0.980861260726995,0.9824545118373198,0.9481835532349233,0.03267780919431636,2.0,2.1,2.0,60.0,62.4,55.2,1.0,0.5,0.5,0.15625
noise_scale,high_to_low,6,12,10,0.9814884183507386,0.9830530721269938,0.9491301735884303,0.03235843979721751,2.0,2.0,2.1,60.0,60.0,55.2,0.9,0.5,0.5,0.20833333333333331
noise_scale,high_to_low,6,15,10,0.9797734816302258,0.9831409972686591,0.9573881787909894,0.029220239606831,2.0,2.0,2.3,55.2,52.8,60.0,0.8,0.5,0.5,0.30208333333333337
noise_scale,high_to_low,6,18,10,0.9478346820868572,0.9522899702462606,0.9608981116965222,0.05408661249954614,2.0,2.2,2.4,57.6,64.8,62.4,0.7,0.5,0.5,0.375
noise_scale,high_to_low,6,21,10,0.9371785359234515,0.9805472697117551,0.9608680020868764,0.06049036492273947,2.0,2.1,2.3,57.6,60.0,60.0,0.5,0.3,0.2,0.4083333333333334
noise_scale,high_to_low,6,24,10,0.9798205483211431,0.9853113048906362,0.9618969488329506,0.027716041382823554,2.1,2.1,2.3,62.4,62.4,57.6,0.6,0.6,0.4,0.4
noise_scale,high_to_low,6,27,10,0.9587672156170356,0.9841479442546918,0.9579790776909365,0.04194764992557104,1.9,2.1,2.2,55.2,64.8,52.8,0.7,0.5,0.4,0.53125
noise_scale,high_to_low,6,30,10,0.9643321814131822,0.9881996244083684,0.9199443927047506,0.04438778870843144,2.0,2.2,2.0,57.6,64.8,52.8,1.0,0.6,0.6,0.5583333333333333
noise_scale,high_to_low,6,33,10,0.9607414842104222,0.9862363622500624,0.949940687784266,0.03865933910366224,1.9,2.1,2.0,52.8,64.8,55.2,0.9,0.5,0.4,0.65
noise_scale,high_to_low,6,36,10,0.9763805873077874,0.9871341832389767,0.946245439039455,0.03013514826833249,2.1,2.1,1.9,55.2,57.6,45.6,0.8,0.5,0.4,0.675
noise_scale,high_to_low,6,39,10,0.9805716235632442,0.9903117446168833,0.9481814487478777,0.03239017481536638,2.1,2.2,1.9,57.6,55.2,40.8,0.8,0.5,0.3,0.6958333333333333
noise_scale,high_to_low,6,42,10,0.978957904382607,0.9943578041011879,0.951285211462549,0.027672692920057952,2.1,2.3,2.0,50.4,55.2,38.4,0.9,0.4,0.4,0.8291666666666666
noise_scale,high_to_low,6,45,10,0.9713931403770804,0.9881695068976672,0.9489147276433538,0.02403118530816256,2.0,2.1,1.9,55.2,55.2,40.8,0.9,0.3,0.2,0.81875
noise_scale,high_to_low,6,48,10,0.8728541253800481,0.9855570159757855,0.9389482962558349,0.12108683709596094,1.9,2.0,1.9,60.0,57.6,45.6,0.8,0.5,0.4,0.8
noise_scale,high_to_low,6,51,10,0.9642444143875464,0.9849970584104861,0.9321563540738707,0.0320880603136758,1.9,2.0,1.9,55.2,60.0,50.4,1.0,0.3,0.3,0.8541666666666666
noise_scale,high_to_low,6,54,10,0.9578715409532818,0.9854972642879819,0.9397951305756547,0.025859141904790005,1.9,2.1,2.0,62.4,60.0,43.2,0.9,0.3,0.2,0.85
noise_scale,high_to_low,6,57,10,0.9607282631728579,0.9834120929482404,0.9381165493378043,0.02737147686356898,2.0,2.1,2.0,52.8,60.0,48.0,0.8,0.4,0.4,0.9166666666666666
noise_scale,high_to_low,6,60,10,0.9399644295860548,0.9773915304755112,0.942370015518932,0.033349001538556536,2.0,2.0,2.1,43.2,62.4,45.6,0.9,0.8,0.8,0.9666666666666668
noise_scale,high_to_low,6,63,10,0.93952587183549,0.9817291723423865,0.9379761100340913,0.03947515121045656,2.1,2.2,2.1,50.4,60.0,52.8,0.7,0.5,0.4,0.95
noise_scale,high_to_low,6,66,10,0.9242176974047046,0.9797184047928964,0.9610774645946132,0.04698102791902683,2.1,2.1,2.2,55.2,55.2,50.4,0.7,0.7,0.5,0.9583333333333334
noise_scale,high_to_low,6,69,10,0.9092993568254112,0.9335431532425176,0.9123972115266987,0.012546413736580091,2.1,2.0,2.1,50.4,60.0,48.0,0.8,0.8,0.7,0.9833333333333334
noise_scale,high_to_low,6,72,10,0.914890119637396,0.979583247706217,0.920172277341693,0.006161697523506149,2.0,2.2,2.1,52.8,52.8,43.2,0.9,0.5,0.5,1.0
noise_scale,high_to_low,6,75,10,0.9023059121205963,0.9745804955275588,0.9088440311349825,0.0073993901745362245,1.9,2.1,1.9,52.8,64.8,36.0,1.0,0.5,0.5,1.0
noise_scale,high_to_low,6,78,10,0.9101571840535373,0.9774736997215834,0.9136018887733469,0.008991979482975055,1.9,2.0,1.9,45.6,62.4,36.0,1.0,0.4,0.4,1.0
noise_scale,high_to_low,6,81,10,0.9174519532995925,0.9772611252078998,0.9202697780110615,0.0032517638690141904,1.9,1.9,1.9,43.2,55.2,38.4,1.0,0.8,0.8,1.0
noise_scale,high_to_low,6,84,10,0.9220043562361736,0.9780918801739513,0.9223609112610077,0.004257610548209267,2.0,1.9,2.0,40.8,57.6,38.4,1.0,0.8,0.8,1.0
noise_scale,high_to_low,6,87,10,0.9235806767308068,0.9852224106471066,0.9246160717537087,0.0022514300784036824,2.0,2.1,2.0,36.0,57.6,36.0,1.0,0.8,0.8,1.0
noise_scale,high_to_low,6,90,10,0.9287111057671302,0.9837497015187868,0.9275176216735787,0.0012114286991421696,2.1,2.1,2.1,33.6,60.0,38.4,1.0,0.8,0.8,1.0
noise_scale,high_to_low,6,93,10,0.9244334530692567,0.983340182534884,0.9239670684876776,0.0007793475560464059,2.0,2.0,2.0,36.0,60.0,38.4,1.0,0.9,0.9,1.0
noise_scale,high_to_low,6,96,10,0.9351271720780691,0.9848367718242411,0.9372518536762302,0.003371364784323194,2.1,2.0,2.1,40.8,62.4,38.4,1.0,0.8,0.8,1.0
noise_scale,high_to_low,6,99,10,0.9351775147982581,0.9871900685889597,0.9278635159712328,0.00760692360595735,2.0,2.1,1.9,38.4,57.6,43.2,0.9,0.9,0.8,1.0
noise_scale,high_to_low,6,102,10,0.9377236059266414,0.9842214065616567,0.9411814959246124,0.003508536941621121,1.9,2.0,2.0,48.0,52.8,45.6,0.9,0.9,0.8,1.0
noise_scale,high_to_low,6,105,10,0.928868999605067,0.9867875251536502,0.9322431782673182,0.0034494550757796618,1.9,2.1,2.0,45.6,60.0,45.6,0.9,1.0,0.9,1.0
noise_scale,high_to_low,6,108,10,0.9340216086927002,0.988352254946682,0.9342551376175967,0.0002590642005287691,2.0,2.1,2.0,43.2,55.2,43.2,1.0,1.0,1.0,1.0
noise_scale,high_to_low,6,111,10,0.9361027804262829,0.9865913208697445,0.9363435865800496,0.0002507428987387428,2.1,2.1,2.1,45.6,57.6,45.6,1.0,1.0,1.0,1.0
noise_scale,high_to_low,6,114,10,0.9410241382123518,0.9895897901790803,0.9411143100712718,0.00020313432171928936,2.2,2.2,2.2,43.2,52.8,43.2,1.0,1.0,1.0,1.0
noise_scale,high_to_low,12,0,10,0.985414411670801,0.985414411670801,0.9485853030068906,0.036829108663910336,2.0,2.0,2.1,52.8,52.8,55.2,0.9,0.5,0.5,0.0
noise_scale,high_to_low,12,3,10,0.9842589011755221,0.9841907602857937,0.9445928023077975,0.039666127534809935,2.0,2.0,2.0,52.8,52.8,55.2,1.0,0.5,0.5,0.06666666666666667
noise_scale,high_to_low,12,6,10,0.9799321947587595,0.9799561666879015,0.9423169532763239,0.037615241482435544,2.0,2.0,2.0,57.6,57.6,57.6,1.0,0.8,0.8,0.11666666666666665
noise_scale,high_to_low,12,9,10,0.9786888324808709,0.9811270806927226,0.9504464471183773,0.03117258336097679,2.0,2.1,2.1,57.6,57.6,57.6,0.9,1.0,0.9,0.175
noise_scale,high_to_low,12,12,10,0.9818729210800365,0.9833346213302685,0.9518366431352578,0.03003627794477861,2.1,2.2,2.0,62.4,64.8,64.8,0.9,0.7,0.6,0.2
noise_scale,high_to_low,12,15,10,0.9789914249908209,0.9813386656495788,0.9474139900972579,0.031577774019188175,2.0,2.1,2.1,60.0,62.4,60.0,0.9,0.5,0.5,0.2604166666666667
noise_scale,high_to_low,12,18,10,0.9773529473740226,0.9816272679295418,0.9627066196459847,0.023939703001316114,2.0,2.0,2.2,60.0,60.0,60.0,0.8,0.5,0.4,0.3125
noise_scale,high_to_low,12,21,10,0.9765073399255912,0.9790902600801006,0.9640608872705416,0.029965393279602227,2.0,2.0,2.4,55.2,55.2,67.2,0.6,0.4,0.3,0.4229166666666667
noise_scale,high_to_low,12,24,10,0.9783433532724202,0.9880697630575485,0.9616854403583046,0.027834034470838754,2.1,2.3,2.4,57.6,62.4,60.0,0.7,0.3,0.2,0.4666666666666666
noise_scale,high_to_low,12,27,10,0.9836860842403832,0.9847211104769353,0.9625400339591821,0.02237580313210701,2.2,2.2,2.3,64.8,64.8,57.6,0.7,0.3,0.2,0.43125
noise_scale,high_to_low,12,30,10,0.9846219215217268,0.9863574544303996,0.9665610952837225,0.019831027090510055,2.2,2.1,2.3,64.8,60.0,55.2,0.7,0.3,0.3,0.4791666666666667
noise_scale,high_to_low,12,33,10,0.9622709124255417,0.985930387723798,0.9636340437247629,0.04040002135156776,2.1,2.1,2.2,60.0,62.4,57.6,0.9,0.4,0.4,0.58125
noise_scale,high_to_low,12,36,10,0.9639942231097175,0.9857685832048336,0.9602230594839316,0.04074882385694262,2.1,2.1,2.1,60.0,64.8,48.0,0.8,0.6,0.4,0.625
noise_scale,high_to_low,12,39,10,0.9833956731498106,0.9851362901748318,0.951190137564285,0.03220553558552556,2.2,2.1,2.0,64.8,64.8,50.4,0.8,0.5,0.4,0.6229166666666666
noise_scale,high_to_low,12,42,10,0.9783883216673528,0.984405253514231,0.9536442418999689,0.024744079767383863,2.1,2.2,2.1,60.0,62.4,45.6,1.0,0.5,0.5,0.7125
noise_scale,high_to_low,12,45,10,0.9803013250727265,0.9921839991384662,0.9525716587700523,0.027729666302674004,2.1,2.2,2.0,55.2,55.2,48.0,0.9,0.6,0.5,0.81875
noise_scale,high_to_low,12,48,10,0.980445224251377,0.9886155131616695,0.9535983305680759,0.026846893683301197,2.1,2.1,2.0,55.2,52.8,45.6,0.9,0.5,0.4,0.8666666666666666
noise_scale,high_to_low,12,51,10,0.9778087651312767,0.9901674564765826,0.9527828691815886,0.025025895949688137,2.0,2.1,2.0,57.6,52.8,45.6,1.0,0.5,0.5,0.8541666666666666
noise_scale,high_to_low,12,54,10,0.9756467055440551,0.9869082363503289,0.9365858317696569,0.039060873774398264,2.0,2.0,2.0,62.4,60.0,50.4,1.0,0.4,0.4,0.825
noise_scale,high_to_low,12,57,10,0.9700191462476955,0.9895473558610363,0.9282145967882556,0.041804549459439844,1.9,2.1,1.9,50.4,60.0,48.0,1.0,0.5,0.5,0.9166666666666666
noise_scale,high_to_low,12,60,10,0.9673279434641524,0.9880952866430481,0.9293049240536767,0.03931281518324912,2.1,2.1,2.0,60.0,62.4,48.0,0.9,0.5,0.4,0.9
noise_scale,high_to_low,12,63,10,0.9610388360375947,0.9841049622339764,0.9311896602599312,0.029975745511050367,2.1,2.0,2.1,57.6,64.8,48.0,1.0,0.6,0.6,0.9375
noise_scale,high_to_low,12,66,10,0.9327953929589997,0.9795799717948942,0.9199196652674863,0.06150186951906531,2.0,2.2,2.1,50.4,64.8,52.8,0.9,0.6,0.6,0.9666666666666666
noise_scale,high_to_low,12,69,10,0.9551475399600114,0.9832423678968253,0.9173955822973738,0.04080261536201735,2.2,2.2,2.1,60.0,57.6,52.8,0.7,0.7,0.5,0.975
noise_scale,high_to_low,12,72,10,0.8990853033764399,0.9775602960742118,0.9629138998022635,0.07307696881448221,2.0,2.1,2.2,60.0,52.8,48.0,0.8,0.6,0.4,1.0
noise_scale,high_to_low,12,75,10,0.967131209091556,0.9742154583221602,0.9616499952355125,0.013462726599506392,2.1,2.1,2.1,50.4,57.6,48.0,1.0,0.5,0.5,1.0
noise_scale,high_to_low,12,78,10,0.9539738575917027,0.9731329717432,0.9540608181504917,0.008984920177499255,2.0,2.1,2.0,62.4,60.0,52.8,1.0,0.7,0.7,1.0
noise_scale,high_to_low,12,81,10,0.961155119025469,0.9706187357982448,0.9581209511003526,0.01345625267224958,2.0,2.0,2.0,48.0,60.0,43.2,1.0,0.5,0.5,1.0
noise_scale,high_to_low,12,84,10,0.9611508252959935,0.9820534169577636,0.9585712539063111,0.007833525930104501,2.0,2.0,2.0,48.0,62.4,43.2,1.0,0.7,0.7,1.0
noise_scale,high_to_low,12,87,10,0.9242537463604105,0.9851730923981515,0.9686482823353721,0.04867937141734607,1.9,2.0,2.1,48.0,55.2,45.6,0.8,0.6,0.5,1.0
noise_scale,high_to_low,12,90,10,0.9275512101928983,0.9826629613739053,0.9273395152362255,0.0036234259220456755,2.0,2.0,2.0,45.6,55.2,43.2,1.0,0.7,0.7,1.0
noise_scale,high_to_low,12,93,10,0.932448604005411,0.9863408361315713,0.9319985741376093,0.000982375274435765,2.0,2.1,2.0,43.2,55.2,45.6,1.0,0.9,0.9,1.0
noise_scale,high_to_low,12,96,10,0.9355220249739495,0.9857472863878776,0.9350537219391516,0.0008225510429413774,2.0,2.0,2.0,43.2,57.6,45.6,1.0,0.9,0.9,1.0
noise_scale,high_to_low,12,99,10,0.93169903246127,0.9861587325964833,0.9319079562393865,0.0003248174361470624,2.0,2.0,2.0,40.8,62.4,40.8,1.0,1.0,1.0,1.0
noise_scale,high_to_low,12,102,10,0.9347407322628868,0.9898869489890508,0.934424053844501,0.0007067351318004067,2.0,2.1,2.0,45.6,62.4,48.0,1.0,0.9,0.9,1.0
noise_scale,high_to_low,12,105,10,0.9455516714687733,0.9914802006831452,0.9457234651713777,0.0002770265707079389,2.0,2.1,2.0,48.0,57.6,48.0,1.0,1.0,1.0,1.0
noise_scale,high_to_low,12,108,10,0.9543089991256624,0.9912041460504246,0.9571182086070174,0.0029086247317294924,2.0,2.1,2.1,48.0,55.2,48.0,0.9,1.0,0.9,1.0
noise_scale,low_to_high,1,0,10,0.9471073030805826,0.9471073030805826,0.9861714804626015,0.04358319087920198,2.0,2.0,2.0,36.0,36.0,48.0,0.6,0.4,0.4,0.0
noise_scale,low_to_high,1,3,10,0.9028601941098271,0.9016072253983707,0.9554657766485782,0.05260558253875107,1.9,1.9,2.0,43.2,38.4,52.8,0.9,0.8,0.8,0.0875
noise_scale,low_to_high,1,6,10,0.9472409654800472,0.9030172693495035,0.9459566746573801,0.06346056141234672,2.0,2.0,2.1,40.8,38.4,52.8,0.7,0.7,0.6,0.17916666666666664
noise_scale,low_to_high,1,9,10,0.8681867966096245,0.9434211651587698,0.9408825789413442,0.15908547995680372,2.1,2.0,2.0,45.6,33.6,50.4,0.8,0.6,0.5,0.24375
noise_scale,low_to_high,1,12,10,0.8343455338027205,0.8689395602312315,0.9248500937851549,0.18739022651476325,1.9,2.0,2.0,40.8,40.8,52.8,0.6,0.4,0.4,0.375
noise_scale,low_to_high,1,15,10,0.9251739521514981,0.8413522698941197,0.9196304240470636,0.101187094482628,2.1,1.8,2.0,36.0,36.0,55.2,0.5,0.3,0.1,0.5104166666666667
noise_scale,low_to_high,1,18,10,0.9500369762466118,0.8832614852436919,0.905683026000275,0.09739797615884309,2.5,2.0,1.9,48.0,36.0,45.6,0.5,0.4,0.3,0.475
noise_scale,low_to_high,1,21,10,0.9375810740273083,0.8634784639395778,0.9068931002032624,0.10219864390429892,2.3,1.9,2.0,48.0,38.4,45.6,0.5,0.4,0.3,0.5541666666666667
noise_scale,low_to_high,1,24,10,0.8349554076137448,0.8679944899910133,0.9100840990759153,0.08469667132322951,2.0,1.8,2.0,52.8,38.4,48.0,0.7,0.7,0.6,0.5666666666666667
noise_scale,low_to_high,1,27,10,0.8814587446252264,0.885986737080335,0.9603857621507794,0.08341763731797966,1.8,1.9,2.0,50.4,40.8,52.8,0.6,0.4,0.3,0.61875
noise_scale,low_to_high,1,30,10,0.8903157185131267,0.866758649935733,0.8751844023029735,0.0802094455828491,2.0,2.0,1.8,57.6,45.6,55.2,0.6,0.4,0.3,0.575
noise_scale,low_to_high,1,33,10,0.8869308303440739,0.9142892406487103,0.877220880749519,0.04062007836785677,2.1,2.3,2.0,62.4,45.6,57.6,0.7,0.3,0.3,0.5583333333333333
noise_scale,low_to_high,1,36,10,0.9290749694088654,0.8888074644755513,0.9048018814806639,0.05250943483633487,2.1,1.9,1.9,60.0,45.6,52.8,0.5,0.5,0.3,0.625
noise_scale,low_to_high,1,39,10,0.9457266014356916,0.8810011722753842,0.9164259888597961,0.05226271140617979,2.2,2.0,1.9,48.0,38.4,48.0,0.7,0.4,0.3,0.7875
noise_scale,low_to_high,1,42,10,0.8910447349123892,0.8441750003376063,0.8965610095034335,0.01519051928631488,1.9,1.9,2.0,55.2,48.0,55.2,0.7,0.3,0.2,0.7541666666666667
noise_scale,low_to_high,1,45,10,0.8231850959038859,0.8438485405119911,0.8814209810956871,0.09620632062087303,1.8,1.9,1.7,57.6,40.8,45.6,0.6,0.1,0.1,0.7875
noise_scale,low_to_high,1,48,10,0.8368239555853793,0.8546581577545134,0.8629462163872048,0.028333212798074593,1.8,2.0,2.0,55.2,50.4,48.0,0.8,0.6,0.4,0.8333333333333333
noise_scale,low_to_high,1,51,10,0.9563347094044407,0.8408213438364532,0.9131068980697782,0.07424617926098885,2.2,2.0,2.0,57.6,48.0,52.8,0.7,0.5,0.4,0.8541666666666666
noise_scale,low_to_high,1,54,10,0.9016605979336804,0.8449951364165413,0.964150710212416,0.06906053380874629,2.0,2.0,2.0,50.4,48.0,52.8,0.7,0.4,0.4,0.9
noise_scale,low_to_high,1,57,10,0.9093890607270255,0.9149467065187482,0.9674463202954978,0.06071170562961078,1.8,2.1,1.9,43.2,38.4,43.2,0.9,0.8,0.8,0.9583333333333333
noise_scale,low_to_high,1,60,10,0.9081742209433935,0.9134442335696159,0.9149021095239875,0.007486380587194618,1.8,2.0,1.8,45.6,38.4,43.2,1.0,0.7,0.7,0.9666666666666668
noise_scale,low_to_high,1,63,10,0.9024350687552213,0.9103322676822598,0.9054069947364886,0.006954865351431467,2.0,2.1,1.9,55.2,43.2,48.0,0.9,0.6,0.6,0.9375
noise_scale,low_to_high,1,66,10,0.9512255256332448,0.9120797755595239,0.9027542178141811,0.05926974709662404,2.0,2.2,1.8,52.8,45.6,43.2,0.8,0.5,0.5,0.9666666666666666
noise_scale,low_to_high,1,69,10,0.9499933804405302,0.9061567859535801,0.9414647697234908,0.009448231524002227,1.9,2.2,1.9,55.2,57.6,60.0,0.8,0.8,0.7,0.9791666666666666
noise_scale,low_to_high,1,72,10,0.9457058655898359,0.9060311537347292,0.943499595137283,0.013338528213063893,2.2,2.2,2.2,55.2,43.2,52.8,0.6,0.5,0.4,1.0
noise_scale,low_to_high,1,75,10,0.9669590623977535,0.9050438692072319,0.970700803836446,0.004168094482055185,2.3,2.3,2.3,60.0,38.4,55.2,1.0,0.9,0.9,1.0
noise_scale,low_to_high,1,78,10,0.9655838849954973,0.9301538155791764,0.9669725270035212,0.0017499073394702358,2.1,2.4,2.3,62.4,45.6,64.8,0.8,0.9,0.8,1.0
noise_scale,low_to_high,1,81,10,0.9963345819696661,0.9230123243692292,0.9964734194996321,0.0006498207328700766,2.2,2.2,2.2,60.0,43.2,60.0,1.0,1.0,1.0,1.0
noise_scale,low_to_high,1,84,10,0.9965951542631922,0.9279206904719907,0.9951450700813856,0.0016466960883211534,2.4,2.3,2.3,52.8,50.4,52.8,0.9,1.0,0.9,1.0
noise_scale,low_to_high,1,87,10,0.9899560648952084,0.9049078530068341,0.9901333959615375,0.001685747822182193,2.3,2.2,2.3,69.6,52.8,67.2,1.0,0.9,0.9,1.0
noise_scale,low_to_high,1,90,10,0.9906165616157574,0.8705177235066908,0.9887444903531515,0.0036890563574486167,2.4,2.3,2.3,69.6,48.0,67.2,0.9,0.7,0.6,1.0
noise_scale,low_to_high,1,93,10,0.8924165984168917,0.8170321145114047,0.8927096891960533,0.0014270028978476512,2.3,2.2,2.3,57.6,50.4,55.2,1.0,0.9,0.9,1.0
noise_scale,low_to_high,1,96,10,0.8953960224457946,0.8151359007218641,0.8957586093120777,0.0016751358393458204,2.4,2.2,2.4,64.8,50.4,62.4,1.0,0.9,0.9,1.0
noise_scale,low_to_high,1,99,10,0.9970394281893006,0.9149667976175045,0.9956503975725368,0.0017537790392766928,2.5,2.2,2.4,60.0,48.0,62.4,0.9,0.9,0.8,1.0
noise_scale,low_to_high,1,102,10,0.9949256854224672,0.9049247565045423,0.9944899123062504,0.0006595777430113192,2.3,2.1,2.3,64.8,38.4,67.2,1.0,0.9,0.9,1.0
noise_scale,low_to_high,1,105,10,0.9953213522293008,0.9127440725727025,0.9953210777367252,0.0002938658887352563,2.3,2.2,2.3,52.8,33.6,52.8,1.0,1.0,1.0,1.0
noise_scale,low_to_high,1,108,10,0.9944765092105541,0.9040344160821974,0.9944514950262464,0.00028687349559283206,2.4,2.1,2.4,52.8,33.6,52.8,1.0,1.0,1.0,1.0
noise_scale,low_to_high,1,111,10,0.8728736668984546,0.8513709951561786,0.8727923685658598,8.805150214358237e-05,2.1,2.3,2.1,45.6,36.0,45.6,1.0,1.0,1.0,1.0
noise_scale,low_to_high,1,114,10,0.8725803587182975,0.8593211408828397,0.8725503482462458,0.00039666998960750097,2.1,2.4,2.2,48.0,33.6,52.8,0.9,0.9,0.9,1.0
noise_scale,low_to_high,1,117,10,0.8730203607173219,0.8555814869552762,0.8729761479264819,4.421279084000362e-05,2.1,2.2,2.1,43.2,33.6,48.0,1.0,0.9,0.9,1.0
noise_scale,low_to_high,3,0,10,0.9570613604313974,0.9570613604313974,0.9827631115457853,0.03238335398186528,2.1,2.1,1.9,38.4,38.4,52.8,0.8,0.4,0.4,0.0
noise_scale,low_to_high,3,3,10,0.9506011794148845,0.9536656442685881,0.9501152525267573,0.0652211408691459,2.0,2.0,1.9,48.0,45.6,55.2,0.7,0.4,0.4,0.07916666666666666
noise_scale,low_to_high,3,6,10,0.9428782193803084,0.9425472083787249,0.9496381121138567,0.05756814055467065,2.0,2.0,2.0,55.2,50.4,55.2,0.8,0.6,0.6,0.12916666666666665
noise_scale,low_to_high,3,9,10,0.9588184972533342,0.9421416530269868,0.9466090565295936,0.047433826619042205,2.2,2.0,1.9,60.0,50.4,60.0,0.7,0.8,0.6,0.16875
noise_scale,low_to_high,3,12,10,0.9187826882163345,0.9038471656052725,0.9265649379097793,0.06765595920035536,2.0,2.2,1.7,48.0,55.2,52.8,0.7,0.5,0.5,0.31666666666666665
noise_scale,low_to_high,3,15,10,0.8711706736210042,0.8521126822008845,0.9516523198970172,0.08177281166923892,2.3,2.3,2.1,60.0,57.6,62.4,0.6,0.5,0.4,0.28125
noise_scale,low_to_high,3,18,10,0.9640823661146506,0.8961590959775174,0.9377269008765776,0.04977203458487277,2.6,2.4,1.9,57.6,62.4,55.2,0.4,0.4,0.3,0.325
noise_scale,low_to_high,3,21,10,0.9351204801505896,0.9547931472457789,0.939952395371075,0.08025492974237942,2.3,2.3,1.9,55.2,57.6,57.6,0.6,0.4,0.4,0.48125
noise_scale,low_to_high,3,24,10,0.9006834313759953,0.9464223753167834,0.9444955363633731,0.11790756693551589,2.2,2.2,2.0,55.2,64.8,62.4,0.6,0.6,0.5,0.5166666666666667
noise_scale,low_to_high,3,27,10,0.9050869407006404,0.9296446555284575,0.9870222377224206,0.08894869814555634,2.2,2.0,2.1,57.6,55.2,62.4,0.7,0.6,0.5,0.5125
noise_scale,low_to_high,3,30,10,0.9132093982573923,0.9529170183121201,0.9899347902907476,0.07672539203335514,2.0,2.0,2.2,60.0,55.2,62.4,0.8,0.7,0.5,0.5208333333333334
noise_scale,low_to_high,3,33,10,0.9157596463323501,0.9455072373996934,0.9866448853429229,0.07185425372118236,1.9,2.0,2.0,50.4,62.4,52.8,0.9,0.7,0.6,0.68125
noise_scale,low_to_high,3,36,10,0.9287816669011445,0.9447798473103939,0.9885344803182757,0.06706632482193194,2.1,1.9,2.1,52.8,43.2,55.2,0.8,0.7,0.5,0.7
noise_scale,low_to_high,3,39,10,0.9297478228484541,0.9548475597975237,0.9901249418095504,0.06802817475131792,2.1,2.0,2.2,48.0,43.2,60.0,0.7,0.5,0.4,0.7958333333333333
noise_scale,low_to_high,3,42,10,0.9491805037881746,0.9438037043421186,0.9908913504770677,0.04303501225943359,2.2,2.0,2.4,50.4,50.4,64.8,0.8,0.5,0.5,0.8125
noise_scale,low_to_high,3,45,10,0.9469237854030965,0.9415253585303407,0.9872763641605754,0.04427199752495533,1.9,1.9,2.0,45.6,38.4,50.4,0.9,0.6,0.6,0.86875
noise_scale,low_to_high,3,48,10,0.9431790747802846,0.9386354741502027,0.9828688529328511,0.046527886482531575,1.9,1.9,2.1,48.0,38.4,55.2,0.8,0.6,0.6,0.8666666666666666
noise_scale,low_to_high,3,51,10,0.9446365677483444,0.9420834733295349,0.9833630910064655,0.044230999711534456,1.9,2.0,2.1,57.6,45.6,64.8,0.8,0.5,0.5,0.825
noise_scale,low_to_high,3,54,10,0.943239268310282,0.9401356260875915,0.9834602607057539,0.04364556875630129,2.0,2.0,2.1,57.6,50.4,62.4,0.9,0.6,0.6,0.85
noise_scale,low_to_high,3,57,10,0.9425868605396523,0.944313303165812,0.9799373463085009,0.04561940310397439,1.9,2.0,2.0,50.4,45.6,62.4,0.9,0.6,0.6,0.9166666666666666
noise_scale,low_to_high,3,60,10,0.9325097818349791,0.9449930980406205,0.9365434045478317,0.011550022949674449,2.1,2.2,2.0,60.0,57.6,60.0,0.9,0.6,0.6,0.9
noise_scale,low_to_high,3,63,10,0.9258157419005413,0.9092231552700744,0.9274416077649624,0.006316449763901255,2.0,2.1,2.2,55.2,40.8,62.4,0.8,0.4,0.3,0.9375
noise_scale,low_to_high,3,66,10,0.9274285722572884,0.9068784627532198,0.9292319169613121,0.003673079250622935,2.0,2.1,2.1,52.8,45.6,50.4,0.9,0.7,0.7,0.9666666666666666
noise_scale,low_to_high,3,69,10,0.9296481197895254,0.9127421507261761,0.9311694173946167,0.0041010531727767975,2.0,2.1,2.1,52.8,43.2,55.2,0.9,0.7,0.6,0.9833333333333334
noise_scale,low_to_high,3,72,10,0.9195368806758392,0.9041222819351648,0.9223613954707195,0.004404219035270479,2.1,2.0,2.1,64.8,43.2,60.0,1.0,0.9,0.9,1.0
noise_scale,low_to_high,3,75,10,0.9287115577817124,0.9027518131657031,0.9296731483247596,0.0018483356314640542,2.0,1.9,2.1,62.4,43.2,62.4,0.9,1.0,0.9,1.0
noise_scale,low_to_high,3,78,10,0.9450324261208332,0.9189692120833926,0.9465062082291722,0.001709114457391059,2.0,1.9,2.0,55.2,40.8,50.4,1.0,0.8,0.8,1.0
noise_scale,low_to_high,3,81,10,0.9466529970374689,0.9250440311152606,0.9498819003011352,0.004332240086504968,2.0,2.0,2.2,62.4,36.0,60.0,0.8,0.9,0.8,1.0
noise_scale,low_to_high,3,84,10,0.9570241987163014,0.9300489630750299,0.9545915684599692,0.004713834530802263,2.1,2.0,2.0,62.4,38.4,62.4,0.9,0.8,0.7,1.0
noise_scale,low_to_high,3,87,10,0.9577896103044002,0.930883966354409,0.957888553810767,0.00215856042486553,2.0,2.1,2.1,60.0,38.4,60.0,0.9,0.8,0.7,1.0
noise_scale,low_to_high,3,90,10,0.9207206716398838,0.9242909112554709,0.9195952300236039,0.0034393873308811718,2.0,2.0,2.0,55.2,43.2,57.6,0.8,0.9,0.7,1.0
noise_scale,low_to_high,3,93,10,0.9622604632364172,0.9377444378181716,0.9630631684140021,0.001558120969437704,2.1,2.1,2.2,67.2,38.4,67.2,0.9,1.0,0.9,1.0
noise_scale,low_to_high,3,96,10,0.9608251053321515,0.9333787222221577,0.9571636421206542,0.006684879432974311,2.1,2.1,2.0,64.8,40.8,60.0,0.7,0.8,0.7,1.0
noise_scale,low_to_high,3,99,10,0.9608939726276754,0.9295503095752521,0.9638084012715465,0.0032512907310953687,1.9,2.0,2.0,57.6,48.0,55.2,0.9,0.7,0.6,1.0
noise_scale,low_to_high,3,102,10,0.9849069112025143,0.9231528907074317,0.9870000655407619,0.00244657925216486,1.9,1.9,2.0,52.8,48.0,48.0,0.9,0.8,0.8,1.0
noise_scale,low_to_high,3,105,10,0.9886213178590275,0.927624287858125,0.9887745239262283,0.00023082648510480697,2.1,1.9,2.1,50.4,40.8,50.4,1.0,1.0,1.0,1.0
noise_scale,low_to_high,3,108,10,0.9882047445946677,0.9334179318028927,0.9882001053888997,0.0002308181232559381,2.2,2.1,2.2,55.2,45.6,55.2,1.0,1.0,1.0,1.0
noise_scale,low_to_high,3,111,10,0.9659621102153224,0.932718378569829,0.9625694811705333,0.0035856388666005933,2.2,2.1,2.1,55.2,40.8,55.2,0.9,1.0,0.9,1.0
noise_scale,low_to_high,3,114,10,0.9905887672889966,0.9495144604847259,0.9906559935169815,0.00014016234259961458,2.4,2.2,2.4,55.2,40.8,55.2,1.0,1.0,1.0,1.0
noise_scale,low_to_high,3,117,10,0.9522031516443621,0.9489095929793679,0.9509064107312059,0.0013455796284295384,2.2,2.3,2.2,50.4,45.6,52.8,1.0,0.9,0.9,1.0
noise_scale,low_to_high,6,0,10,0.9519010352884416,0.9519010352884416,0.9648693103126156,0.03967496575171329,2.1,2.1,1.8,48.0,48.0,52.8,0.7,0.5,0.4,0.0
noise_scale,low_to_high,6,3,10,0.9561440237901266,0.9497807640557918,0.9810994247017101,0.03211940578653163,2.0,2.0,2.0,48.0,52.8,57.6,0.8,0.6,0.6,0.07916666666666666
noise_scale,low_to_high,6,6,10,0.9553211151208538,0.9522283222589104,0.9828416021974651,0.03551300757207745,2.1,2.0,2.1,62.4,55.2,57.6,0.8,0.5,0.4,0.10833333333333332
noise_scale,low_to_high,6,9,10,0.9552578947073214,0.9481835532349233,0.9824545118373198,0.027196684989062914,2.1,2.0,2.1,62.4,55.2,62.4,1.0,0.6,0.6,0.1625
noise_scale,low_to_high,6,12,10,0.9563804836704832,0.9491301735884303,0.9830530721269938,0.028738161910185012,2.2,2.1,2.0,62.4,55.2,60.0,0.8,0.5,0.5,0.21666666666666665
noise_scale,low_to_high,6,15,10,0.9564652804182044,0.9573881787909894,0.9831409972686591,0.032909354429641956,2.3,2.3,2.0,57.6,60.0,52.8,0.8,0.5,0.5,0.3125
noise_scale,low_to_high,6,18,10,0.9590880439439156,0.9608981116965222,0.9522899702462606,0.053185766535681675,2.4,2.4,2.2,69.6,62.4,64.8,0.8,0.7,0.7,0.2625
noise_scale,low_to_high,6,21,10,0.9526096839879601,0.9608680020868764,0.9805472697117551,0.03176752680444286,2.3,2.3,2.1,60.0,60.0,60.0,0.8,0.6,0.6,0.39375
noise_scale,low_to_high,6,24,10,0.9746631775561665,0.9618969488329506,0.9853113048906362,0.01593871187413305,2.4,2.3,2.1,62.4,57.6,62.4,0.7,0.5,0.5,0.4333333333333333
noise_scale,low_to_high,6,27,10,0.9740208355737664,0.9579790776909365,0.9841479442546918,0.014133760073541602,2.3,2.2,2.1,67.2,52.8,64.8,0.8,0.5,0.5,0.4125
noise_scale,low_to_high,6,30,10,0.9776501303401093,0.9199443927047506,0.9881996244083684,0.011300864183086424,2.1,2.0,2.2,60.0,52.8,64.8,0.9,0.5,0.5,0.5375
noise_scale,low_to_high,6,33,10,0.9775205888866816,0.949940687784266,0.9862363622500624,0.01173093573623154,2.1,2.0,2.1,60.0,55.2,64.8,1.0,0.5,0.5,0.58125
noise_scale,low_to_high,6,36,10,0.9780618740326779,0.946245439039455,0.9871341832389767,0.009781937383533213,2.1,1.9,2.1,55.2,45.6,57.6,1.0,0.6,0.6,0.675
noise_scale,low_to_high,6,39,10,0.9873954258489729,0.9481814487478777,0.9903117446168833,0.008596666454136093,2.2,1.9,2.2,57.6,40.8,55.2,0.8,0.7,0.6,0.6958333333333333
noise_scale,low_to_high,6,42,10,0.9871077865289195,0.951285211462549,0.9943578041011879,0.007546524777726637,2.1,2.0,2.3,50.4,38.4,55.2,0.8,0.7,0.6,0.8125
noise_scale,low_to_high,6,45,10,0.9812456999978311,0.9489147276433538,0.9881695068976672,0.00977932233729949,2.0,1.9,2.1,52.8,40.8,55.2,0.9,0.6,0.5,0.825
noise_scale,low_to_high,6,48,10,0.9851134555472086,0.9389482962558349,0.9855570159757855,0.005304381119561485,2.0,1.9,2.0,52.8,45.6,57.6,1.0,0.7,0.7,0.8333333333333333
noise_scale,low_to_high,6,51,10,0.9824048817047345,0.9321563540738707,0.9849970584104861,0.004524950244671588,2.0,1.9,2.0,57.6,50.4,60.0,1.0,0.7,0.7,0.825
noise_scale,low_to_high,6,54,10,0.9828040243655304,0.9397951305756547,0.9854972642879819,0.006083459674319114,2.1,2.0,2.1,60.0,43.2,60.0,1.0,0.6,0.6,0.85
noise_scale,low_to_high,6,57,10,0.9804340237922954,0.9381165493378043,0.9834120929482404,0.005000200447831804,2.1,2.0,2.1,62.4,48.0,60.0,1.0,0.7,0.7,0.8541666666666666
noise_scale,low_to_high,6,60,10,0.9780954591421818,0.942370015518932,0.9773915304755112,0.005695775334816233,2.1,2.1,2.0,62.4,45.6,62.4,0.9,0.8,0.8,0.8833333333333334
noise_scale,low_to_high,6,63,10,0.9798454820779263,0.9379761100340913,0.9817291723423865,0.0025835662055428755,2.2,2.1,2.2,62.4,52.8,60.0,1.0,0.9,0.9,0.9125
noise_scale,low_to_high,6,66,10,0.9800342482990505,0.9610774645946132,0.9797184047928964,0.005192870663362004,2.1,2.2,2.1,57.6,50.4,55.2,1.0,0.7,0.7,0.9583333333333334
noise_scale,low_to_high,6,69,10,0.9333591791724732,0.9123972115266987,0.9335431532425176,0.0034327240534942293,2.0,2.1,2.0,62.4,48.0,60.0,1.0,0.9,0.9,0.9708333333333334
noise_scale,low_to_high,6,72,10,0.9735580337886741,0.920172277341693,0.979583247706217,0.008244953951789447,2.1,2.1,2.2,64.8,43.2,52.8,0.9,0.6,0.5,1.0
noise_scale,low_to_high,6,75,10,0.9753972632553198,0.9088440311349825,0.9745804955275588,0.0013704802454753361,2.1,1.9,2.1,64.8,36.0,64.8,1.0,1.0,1.0,1.0
noise_scale,low_to_high,6,78,10,0.9816315618280724,0.9136018887733469,0.9774736997215834,0.0062687744078534615,2.1,1.9,2.0,67.2,36.0,62.4,0.9,0.8,0.8,1.0
noise_scale,low_to_high,6,81,10,0.9816929542200471,0.9202697780110615,0.9772611252078998,0.006400693624360876,2.0,1.9,1.9,60.0,38.4,55.2,0.9,0.8,0.8,1.0
noise_scale,low_to_high,6,84,10,0.9798694052352879,0.9223609112610077,0.9780918801739513,0.0051021045067523915,2.0,2.0,1.9,62.4,38.4,57.6,0.9,0.8,0.7,1.0
noise_scale,low_to_high,6,87,10,0.9840123388260553,0.9246160717537087,0.9852224106471066,0.0026957546564628453,2.1,2.0,2.1,62.4,36.0,57.6,1.0,0.8,0.8,1.0
noise_scale,low_to_high,6,90,10,0.9843954695161846,0.9275176216735787,0.9837497015187868,0.0007560729841178393,2.1,2.1,2.1,60.0,38.4,60.0,1.0,1.0,1.0,1.0
noise_scale,low_to_high,6,93,10,0.9858611656264067,0.9239670684876776,0.983340182534884,0.0026750261574138958,2.1,2.0,2.0,60.0,38.4,60.0,0.9,1.0,0.9,1.0
noise_scale,low_to_high,6,96,10,0.9873570053287125,0.9372518536762302,0.9848367718242411,0.002887965689530225,2.1,2.1,2.0,62.4,38.4,62.4,0.9,1.0,0.9,1.0
noise_scale,low_to_high,6,99,10,0.9908016224281534,0.9278635159712328,0.9871900685889597,0.0039052901022404883,2.2,1.9,2.1,57.6,43.2,57.6,0.9,1.0,0.9,1.0
noise_scale,low_to_high,6,102,10,0.9873244937251675,0.9411814959246124,0.9842214065616567,0.0039668764802635705,2.1,2.0,2.0,55.2,45.6,52.8,0.9,0.9,0.8,1.0
noise_scale,low_to_high,6,105,10,0.9875853656459974,0.9322431782673182,0.9867875251536502,0.001459506591045745,2.1,2.0,2.1,60.0,45.6,60.0,1.0,0.8,0.8,1.0
noise_scale,low_to_high,6,108,10,0.9911917168937858,0.9342551376175967,0.988352254946682,0.005217431608350975,2.2,2.0,2.1,57.6,43.2,55.2,0.9,0.9,0.8,1.0
noise_scale,low_to_high,6,111,10,0.9903213336681642,0.9363435865800496,0.9865913208697445,0.003919096949118106,2.2,2.1,2.1,57.6,45.6,57.6,0.9,1.0,0.9,1.0
noise_scale,low_to_high,6,114,10,0.9884262189423992,0.9411143100712718,0.9895897901790803,0.0011635712366811824,2.1,2.2,2.2,52.8,43.2,52.8,0.9,1.0,0.9,1.0
noise_scale,low_to_high,12,0,10,0.9485853030068906,0.9485853030068906,0.985414411670801,0.036829108663910336,2.1,2.1,2.0,55.2,55.2,52.8,0.9,0.5,0.5,0.0
noise_scale,low_to_high,12,3,10,0.9448291101228126,0.9445928023077975,0.9841907602857937,0.039361650162981196,2.0,2.0,2.0,55.2,55.2,52.8,1.0,0.5,0.5,0.06041666666666666
noise_scale,low_to_high,12,6,10,0.9492629837610396,0.9423169532763239,0.9799561666879015,0.03574243707061493,2.1,2.0,2.0,57.6,57.6,57.6,0.7,0.8,0.5,0.11666666666666665
noise_scale,low_to_high,12,9,10,0.9595644531610205,0.9504464471183773,0.9811270806927226,0.03428551049301228,2.1,2.1,2.1,48.0,57.6,57.6,0.8,0.7,0.6,0.225
noise_scale,low_to_high,12,12,10,0.9656920234030679,0.9518366431352578,0.9833346213302685,0.025911486891480328,2.2,2.0,2.2,64.8,64.8,64.8,0.8,0.8,0.7,0.20833333333333331
noise_scale,low_to_high,12,15,10,0.960777307988835,0.9474139900972579,0.9813386656495788,0.025209704079216723,2.2,2.1,2.1,52.8,60.0,62.4,0.9,0.6,0.6,0.3541666666666667
noise_scale,low_to_high,12,18,10,0.9617758482612535,0.9627066196459847,0.9816272679295418,0.0270184570832237,2.1,2.2,2.0,52.8,60.0,60.0,0.9,0.5,0.5,0.425
noise_scale,low_to_high,12,21,10,0.9646722796528449,0.9640608872705416,0.9790902600801006,0.030506930918070697,2.3,2.4,2.0,52.8,67.2,55.2,0.8,0.4,0.4,0.4958333333333333
noise_scale,low_to_high,12,24,10,0.964027120980943,0.9616854403583046,0.9880697630575485,0.029305104939794303,2.4,2.4,2.3,62.4,60.0,62.4,0.9,0.6,0.6,0.4666666666666666
noise_scale,low_to_high,12,27,10,0.9722486003264116,0.9625400339591821,0.9847211104769353,0.019291428311715188,2.4,2.3,2.2,60.0,57.6,64.8,0.8,0.6,0.6,0.49375
noise_scale,low_to_high,12,30,10,0.9759243139357867,0.9665610952837225,0.9863574544303996,0.015329634631623535,2.2,2.3,2.1,52.8,55.2,60.0,0.9,0.4,0.4,0.6333333333333334
noise_scale,low_to_high,12,33,10,0.9736366000553964,0.9636340437247629,0.985930387723798,0.01640189470937343,2.1,2.2,2.1,60.0,57.6,62.4,1.0,0.6,0.6,0.58125
noise_scale,low_to_high,12,36,10,0.9764943033625745,0.9602230594839316,0.9857685832048336,0.012830236583215216,2.1,2.1,2.1,55.2,48.0,64.8,1.0,0.4,0.4,0.675
noise_scale,low_to_high,12,39,10,0.9761603624774313,0.951190137564285,0.9851362901748318,0.012316870744840069,2.1,2.0,2.1,52.8,50.4,64.8,1.0,0.5,0.5,0.7416666666666666
noise_scale,low_to_high,12,42,10,0.9747692526297108,0.9536442418999689,0.984405253514231,0.011018105473540507,2.1,2.1,2.2,52.8,45.6,62.4,0.9,0.7,0.6,0.7833333333333333
noise_scale,low_to_high,12,45,10,0.9857044387496792,0.9525716587700523,0.9921839991384662,0.0073265985911609155,2.1,2.0,2.2,55.2,48.0,55.2,0.9,0.8,0.7,0.81875
noise_scale,low_to_high,12,48,10,0.9799118156511533,0.9535983305680759,0.9886155131616695,0.009234674360573014,2.0,2.0,2.1,52.8,45.6,52.8,0.9,0.8,0.7,0.8666666666666666
noise_scale,low_to_high,12,51,10,0.9830333225392824,0.9527828691815886,0.9901674564765826,0.008347463481240602,2.0,2.0,2.1,52.8,45.6,52.8,0.9,0.6,0.6,0.8833333333333334
noise_scale,low_to_high,12,54,10,0.9835699517782442,0.9365858317696569,0.9869082363503289,0.00481910639423534,2.0,2.0,2.0,60.0,50.4,60.0,1.0,0.8,0.8,0.85
noise_scale,low_to_high,12,57,10,0.9878149462022485,0.9282145967882556,0.9895473558610363,0.0035169763410485277,2.1,1.9,2.1,60.0,48.0,60.0,1.0,0.8,0.8,0.875
noise_scale,low_to_high,12,60,10,0.9807433222996138,0.9293049240536767,0.9880952866430481,0.009402839431389799,2.1,2.0,2.1,62.4,48.0,62.4,1.0,0.6,0.6,0.9
noise_scale,low_to_high,12,63,10,0.977245528065019,0.9311896602599312,0.9841049622339764,0.0152764944103309,2.0,2.1,2.0,60.0,48.0,64.8,1.0,0.5,0.5,0.925
noise_scale,low_to_high,12,66,10,0.9818472150598094,0.9199196652674863,0.9795799717948942,0.008274812613202665,2.2,2.1,2.2,55.2,52.8,64.8,1.0,0.4,0.4,0.9583333333333333
noise_scale,low_to_high,12,69,10,0.9803439456530615,0.9173955822973738,0.9832423678968253,0.005782441455613551,2.1,2.1,2.2,55.2,52.8,57.6,0.9,0.7,0.7,0.9833333333333334
noise_scale,low_to_high,12,72,10,0.9765829555798662,0.9629138998022635,0.9775602960742118,0.008112163467927869,2.1,2.2,2.1,60.0,48.0,52.8,1.0,0.6,0.6,1.0
noise_scale,low_to_high,12,75,10,0.977294763007088,0.9616499952355125,0.9742154583221602,0.0054288664964754815,2.1,2.1,2.1,55.2,48.0,57.6,1.0,0.7,0.7,1.0
noise_scale,low_to_high,12,78,10,0.9750903871370473,0.9540608181504917,0.9731329717432,0.0025585028600173866,2.1,2.0,2.1,57.6,52.8,60.0,1.0,0.9,0.9,1.0
noise_scale,low_to_high,12,81,10,0.9865221189560657,0.9581209511003526,0.9706187357982448,0.019484514805827347,2.2,2.0,2.0,64.8,43.2,60.0,0.8,0.6,0.5,1.0
noise_scale,low_to_high,12,84,10,0.9859148545371843,0.9585712539063111,0.9820534169577636,0.005668483327909102,2.1,2.0,2.0,60.0,43.2,62.4,0.9,0.7,0.6,1.0
noise_scale,low_to_high,12,87,10,0.984888913899875,0.9686482823353721,0.9851730923981515,0.00122114914679492,2.0,2.1,2.0,57.6,45.6,55.2,1.0,0.9,0.9,1.0
noise_scale,low_to_high,12,90,10,0.9879195007291008,0.9273395152362255,0.9826629613739053,0.0055743218689686905,2.2,2.0,2.0,62.4,43.2,55.2,0.8,0.8,0.8,1.0
noise_scale,low_to_high,12,93,10,0.9866449566903219,0.9319985741376093,0.9863408361315713,0.0007098601620590839,2.1,2.0,2.1,55.2,45.6,55.2,1.0,1.0,1.0,1.0
noise_scale,low_to_high,12,96,10,0.9854052983054042,0.9350537219391516,0.9857472863878776,0.0015074255290846938,2.0,2.0,2.0,57.6,45.6,57.6,1.0,0.8,0.8,1.0
noise_scale,low_to_high,12,99,10,0.9888780979457559,0.9319079562393865,0.9861587325964833,0.0031416098751142043,2.1,2.0,2.0,60.0,40.8,62.4,0.9,0.9,0.8,1.0
noise_scale,low_to_high,12,102,10,0.9899724176845414,0.934424053844501,0.9898869489890508,0.0006110668383509932,2.1,2.0,2.1,62.4,48.0,62.4,1.0,1.0,1.0,1.0
noise_scale,low_to_high,12,105,10,0.9909904386704372,0.9457234651713777,0.9914802006831452,0.0012363647243409104,2.1,2.0,2.1,57.6,48.0,57.6,1.0,0.8,0.8,1.0
noise_scale,low_to_high,12,108,10,0.9914431748879352,0.9571182086070174,0.9912041460504246,0.00036698199414654243,2.1,2.1,2.1,55.2,48.0,55.2,1.0,1.0,1.0,1.0
persistence,high_to_low,1,0,10,0.3222575465698273,0.3222575465698273,0.9741089440412782,0.6518513974714509,1.4,1.4,2.1,43.2,43.2,48.0,0.5,0.6,0.3,0.0
persistence,high_to_low,1,3,10,0.3934131110728397,0.2795947182771389,0.9395755872387788,0.5461624761659392,1.4,1.4,2.0,48.0,45.6,55.2,0.5,0.4,0.2,0.07916666666666666
persistence,high_to_low,1,6,10,0.4603486113288401,0.3218015951656644,0.9320070640116382,0.47165845268279816,1.4,1.5,2.0,48.0,43.2,50.4,0.4,0.3,0.2,0.15833333333333333
persistence,high_to_low,1,9,10,0.3753877602905409,0.3100010299008548,0.9250099880768676,0.5496222277863267,1.4,1.5,1.9,45.6,45.6,52.8,0.3,0.2,0.1,0.25625
persistence,high_to_low,1,12,10,0.4968986439335044,0.346480958093211,0.9103692170135227,0.4134705730800182,1.5,1.5,2.0,52.8,45.6,52.8,0.4,0.5,0.2,0.26666666666666666
persistence,high_to_low,1,15,10,0.6028474813766438,0.2901559074041715,0.8928460270312637,0.3180310761873127,1.9,1.4,1.9,55.2,45.6,45.6,0.4,0.4,0.3,0.32291666666666663
persistence,high_to_low,1,18,10,0.7036461219923124,0.2688347484906885,0.8953993272152647,0.19286690330989803,1.8,1.4,2.0,48.0,45.6,40.8,0.5,0.8,0.4,0.475
persistence,high_to_low,1,21,10,0.7028694746407289,0.29314698405420475,0.8846074508450025,0.18298116472366524,1.7,1.4,1.9,48.0,45.6,43.2,0.5,0.7,0.3,0.5541666666666667
persistence,high_to_low,1,24,10,0.6413622749169802,0.2824765970883591,0.8886792953268591,0.24731770528494906,1.5,1.4,1.9,45.6,45.6,45.6,0.8,0.6,0.5,0.65
persistence,high_to_low,1,27,10,0.7447039560085544,0.24292909634030582,0.9418137562789111,0.20377846814391737,1.9,1.3,2.0,48.0,43.2,55.2,0.7,0.7,0.6,0.6625
persistence,high_to_low,1,30,10,0.8252603587953488,0.2647086084596443,0.8492756438814817,0.13028283795338402,1.8,1.3,1.8,50.4,40.8,52.8,0.6,0.5,0.3,0.6541666666666667
persistence,high_to_low,1,33,10,0.8080040195307397,0.3384013550703351,0.893792276596687,0.18529784521653753,1.9,1.4,2.2,55.2,40.8,50.4,0.4,0.6,0.4,0.6270833333333333
persistence,high_to_low,1,36,10,0.8739132652671608,0.3844539742369652,0.8990156355480282,0.10026637323395626,1.9,1.5,2.0,52.8,45.6,52.8,0.5,0.4,0.3,0.7
persistence,high_to_low,1,39,10,0.7664474251972002,0.38656684673456887,0.9332866284639358,0.1671240063051686,1.6,1.5,2.0,50.4,48.0,45.6,0.7,0.4,0.3,0.7520833333333333
persistence,high_to_low,1,42,10,0.7215458140906034,0.348065440397527,0.8851525461618426,0.16377616320480265,1.6,1.4,2.0,48.0,43.2,52.8,0.7,0.6,0.5,0.8083333333333333
persistence,high_to_low,1,45,10,0.6472584834928082,0.24203851048382674,0.8889286768482657,0.24565577495276866,1.5,1.3,1.9,52.8,43.2,40.8,0.5,0.4,0.2,0.825
persistence,high_to_low,1,48,10,0.7552946519224519,0.24290653075203483,0.9012623481288852,0.15055466175420368,1.6,1.3,2.1,50.4,38.4,45.6,0.4,0.3,0.1,0.9
persistence,high_to_low,1,51,10,0.8649927307787874,0.25199032627786977,0.8996865701255503,0.1523657582250651,1.8,1.3,2.1,48.0,28.8,50.4,0.5,0.2,0.1,0.8833333333333334
persistence,high_to_low,1,54,10,0.825278227757775,0.34665049074035226,0.9486262130721718,0.13733410326137663,1.8,1.4,2.0,43.2,36.0,40.8,0.7,0.4,0.3,0.95
persistence,high_to_low,1,57,10,0.8537647410201462,0.3727892410291834,0.9459488711202241,0.09571711337048955,1.7,1.4,1.9,38.4,31.2,43.2,0.8,0.4,0.4,1.0
persistence,high_to_low,1,60,10,0.8647849164786816,0.297532874597608,0.8729936154956297,0.010767981045056357,1.8,1.3,1.8,38.4,36.0,40.8,1.0,0.7,0.7,1.0
persistence,high_to_low,1,63,10,0.8644100439172308,0.3118453150518265,0.8676307620802849,0.005383590264814384,1.8,1.3,2.0,43.2,36.0,43.2,0.8,0.7,0.7,0.9875
persistence,high_to_low,1,66,10,0.8584312760651255,0.32626633477503625,0.9429454549534239,0.08661887305316766,1.8,1.3,2.1,50.4,36.0,45.6,0.7,0.6,0.4,0.975
persistence,high_to_low,1,69,10,0.9362676814179324,0.29825290584552117,0.9293474005156904,0.014264583296289412,2.0,1.3,2.1,57.6,38.4,60.0,0.7,0.7,0.5,0.9791666666666666
persistence,high_to_low,1,72,10,0.9340652769952491,0.37034924081747267,0.9398070923486775,0.015816088130288765,2.2,1.4,2.2,50.4,43.2,50.4,0.6,0.7,0.5,1.0
persistence,high_to_low,1,75,10,0.935063008760776,0.4048173871721617,0.9353404677905219,0.0016278198269370158,2.2,1.6,2.2,45.6,45.6,48.0,1.0,0.9,0.9,1.0
persistence,high_to_low,1,78,10,0.9575798616565505,0.37084589405504054,0.9592359223958755,0.0029772794229816603,2.1,1.5,2.2,57.6,48.0,55.2,0.9,0.9,0.8,1.0
persistence,high_to_low,1,81,10,0.9923663874850961,0.3598822833306931,0.995159535426821,0.0038276119418848785,2.2,1.5,2.4,57.6,48.0,57.6,0.8,0.8,0.7,1.0
persistence,high_to_low,1,84,10,0.9549955886245407,0.4259262838178298,0.954473619447582,0.0005324553092290851,2.3,1.4,2.3,48.0,36.0,48.0,1.0,1.0,1.0,1.0
persistence,high_to_low,1,87,10,0.9518562234643417,0.40077681449655833,0.949430617289452,0.002655579013310505,2.3,1.4,2.3,57.6,45.6,62.4,1.0,0.8,0.8,1.0
persistence,high_to_low,1,90,10,0.9298078796766326,0.3782934508091277,0.9287663126446674,0.0039607572016452375,2.2,1.4,2.2,55.2,52.8,62.4,0.8,0.8,0.7,1.0
persistence,high_to_low,1,93,10,0.8896519719514175,0.29531277837709435,0.8619440084687101,0.027708221333243667,2.3,1.4,2.2,55.2,50.4,50.4,0.9,0.9,0.9,1.0
persistence,high_to_low,1,96,10,0.8602883553586308,0.2604892089854224,0.8641755989845432,0.004798089034398356,2.2,1.4,2.3,50.4,50.4,55.2,0.9,0.9,0.9,1.0
persistence,high_to_low,1,99,10,0.9940175354552506,0.2649260525662331,0.9950142111557835,0.0013921442059151468,2.5,1.4,2.5,62.4,40.8,57.6,1.0,0.8,0.8,1.0
persistence,high_to_low,1,102,10,0.9908524856967791,0.2929358001326445,0.9925043148600547,0.00241421224031243,2.3,1.4,2.4,64.8,45.6,62.4,0.9,0.9,0.8,1.0
persistence,high_to_low,1,105,10,0.9641951872198329,0.2665900099208284,0.9641029404805355,0.0001195219203607878,2.3,1.3,2.4,50.4,38.4,52.8,0.9,0.9,0.9,1.0
persistence,high_to_low,1,108,10,0.9628385902928963,0.26313471783562026,0.9621408504505805,0.0032323548812940527,2.4,1.3,2.6,50.4,40.8,57.6,0.8,0.8,0.7,1.0
persistence,high_to_low,1,111,10,0.8591977091041446,0.2576057445136283,0.8591681910397465,3.14073009178073e-05,2.2,1.4,2.2,43.2,38.4,43.2,1.0,1.0,1.0,1.0
persistence,high_to_low,1,114,10,0.8614566983783514,0.28354953101184216,0.8613322260281615,0.00012447235018978598,2.3,1.3,2.3,50.4,40.8,50.4,1.0,1.0,1.0,1.0
persistence,high_to_low,1,117,10,0.8620232401492238,0.40449585156139845,0.8620298149207587,9.885711091394134e-05,2.2,1.5,2.3,43.2,40.8,48.0,0.9,0.9,0.9,1.0
persistence,high_to_low,3,0,10,0.5161158985376615,0.5161158985376615,0.9737040914577608,0.45758819292009945,1.4,1.4,1.9,38.4,38.4,50.4,0.5,0.5,0.2,0.0
persistence,high_to_low,3,3,10,0.5224028662466709,0.505580066362289,0.9421267831639479,0.41972391691727706,1.5,1.5,2.1,50.4,48.0,60.0,0.4,0.4,0.2,0.06875
persistence,high_to_low,3,6,10,0.6966802722997489,0.513655456130845,0.9366771928298576,0.24101622868031117,1.6,1.5,2.0,57.6,48.0,52.8,0.7,0.6,0.5,0.11666666666666665
persistence,high_to_low,3,9,10,0.7192930010346892,0.5045387593010535,0.9335980420141281,0.2155329976286961,1.7,1.5,1.9,55.2,50.4,57.6,0.8,0.9,0.8,0.19375
persistence,high_to_low,3,12,10,0.7193376941655614,0.5441440337141303,0.9049281461088199,0.185954203761366,1.7,1.5,1.8,55.2,43.2,50.4,0.9,0.6,0.6,0.24166666666666664
persistence,high_to_low,3,15,10,0.7561924969518248,0.543768813307943,0.9399204365197191,0.1854580623483128,1.9,1.5,2.3,55.2,40.8,64.8,0.6,0.6,0.4,0.3229166666666667
persistence,high_to_low,3,18,10,0.7570286404404257,0.5267262107353081,0.9332901964903584,0.17901018973714958,1.7,1.5,2.3,52.8,45.6,64.8,0.5,0.5,0.3,0.4
persistence,high_to_low,3,21,10,0.8062210429314313,0.495680153093894,0.9289915380825218,0.12576287758086613,1.7,1.5,2.2,45.6,48.0,60.0,0.5,0.4,0.3,0.5395833333333334
persistence,high_to_low,3,24,10,0.7519947668093165,0.4854486199127531,0.9319588583296528,0.1799654227256431,1.6,1.5,2.1,48.0,48.0,62.4,0.5,0.5,0.5,0.6
persistence,high_to_low,3,27,10,0.8487061173262672,0.484561702255624,0.9784298651266832,0.130801382204614,1.7,1.5,2.2,55.2,40.8,60.0,0.5,0.5,0.4,0.55625
persistence,high_to_low,3,30,10,0.9143743963133678,0.5626230364085136,0.9632193243161901,0.05201528703942081,1.8,1.5,1.9,52.8,38.4,50.4,0.9,0.9,0.9,0.6
persistence,high_to_low,3,33,10,0.9321153534386882,0.5204388868109031,0.977398375430227,0.05116041155838852,1.9,1.6,2.1,57.6,43.2,50.4,0.8,0.6,0.5,0.6041666666666667
persistence,high_to_low,3,36,10,0.8806705755979214,0.48545017201932145,0.9844209640459711,0.10569753760383634,1.8,1.5,2.3,62.4,40.8,52.8,0.5,0.5,0.3,0.6
persistence,high_to_low,3,39,10,0.9246445909116143,0.38016707605420663,0.9794372397237565,0.060819873205754285,1.8,1.3,2.1,52.8,45.6,50.4,0.7,0.5,0.4,0.7416666666666666
persistence,high_to_low,3,42,10,0.8992494837416514,0.3107297790818082,0.9878132924694336,0.09450174585916936,1.9,1.2,2.4,45.6,43.2,52.8,0.6,0.5,0.4,0.8375
persistence,high_to_low,3,45,10,0.9280969506998435,0.31547321509162446,0.9798432680959127,0.056237948210953445,1.8,1.3,2.1,43.2,43.2,48.0,0.7,0.5,0.4,0.9
persistence,high_to_low,3,48,10,0.9688914566876947,0.3170815404834721,0.9716882452971115,0.010651424995102344,2.0,1.3,2.1,45.6,40.8,43.2,0.7,0.6,0.3,0.9
persistence,high_to_low,3,51,10,0.9696082325445905,0.416319004310269,0.971479017650924,0.012288649019137754,1.9,1.4,2.1,52.8,45.6,55.2,0.8,0.6,0.4,0.8833333333333334
persistence,high_to_low,3,54,10,0.9693673464196515,0.5407536823835752,0.9697934035616012,0.010871924819245893,2.0,1.5,2.2,57.6,48.0,60.0,0.8,0.5,0.4,0.875
persistence,high_to_low,3,57,10,0.9684655827187008,0.528098858030484,0.9737592377057773,0.011122233370147006,1.9,1.5,2.2,55.2,50.4,55.2,0.7,0.8,0.5,0.8958333333333333
persistence,high_to_low,3,60,10,0.975845106592321,0.5988821986313176,0.9325852366626766,0.05049409979123718,2.2,1.6,2.2,55.2,52.8,60.0,0.8,0.7,0.5,0.9166666666666667
persistence,high_to_low,3,63,10,0.9157894827263584,0.621019419196396,0.9200896460499519,0.008840057196881024,2.0,1.6,2.2,57.6,43.2,55.2,0.8,0.6,0.4,0.9125
persistence,high_to_low,3,66,10,0.9155474636897658,0.5543915201220059,0.9185516594347869,0.005243366119665071,2.0,1.6,2.1,55.2,45.6,50.4,0.9,0.7,0.6,0.9583333333333333
persistence,high_to_low,3,69,10,0.9324383275689876,0.5732942250796246,0.9326713808617774,0.00433849662282208,2.2,1.7,2.2,52.8,45.6,52.8,1.0,0.7,0.7,0.9833333333333334
persistence,high_to_low,3,72,10,0.9138750804720978,0.6303328090986005,0.9254299590608672,0.01882095385200812,2.1,1.8,2.2,52.8,43.2,55.2,0.9,0.5,0.5,1.0
persistence,high_to_low,3,75,10,0.9235634626517699,0.5387262924816065,0.9261636643357264,0.005305611269813143,2.0,1.7,2.1,55.2,45.6,52.8,0.9,0.8,0.7,1.0
persistence,high_to_low,3,78,10,0.9392561547791741,0.5145837576968775,0.9405300759786661,0.00262346453360498,2.0,1.6,2.1,55.2,40.8,52.8,0.9,0.9,0.8,1.0
persistence,high_to_low,3,81,10,0.94284921528144,0.5081843910023002,0.9427686683154972,0.0035314227237414285,2.1,1.5,2.2,55.2,40.8,60.0,0.9,0.8,0.7,1.0
persistence,high_to_low,3,84,10,0.9480000217182816,0.5872772081752362,0.9523859900858446,0.005239717621071694,2.0,1.6,2.1,62.4,40.8,57.6,0.9,0.7,0.6,1.0
persistence,high_to_low,3,87,10,0.9479947969339036,0.5777985723418119,0.9481193250244309,0.003431311947502502,2.0,1.6,2.1,57.6,45.6,62.4,0.9,0.8,0.7,1.0
persistence,high_to_low,3,90,10,0.9495770400010409,0.502883154924778,0.9511153141197516,0.002067383118338151,2.0,1.5,2.1,43.2,45.6,43.2,0.9,1.0,0.9,1.0
persistence,high_to_low,3,93,10,0.9613621048992357,0.5489242502895004,0.9626432882013285,0.001855693147456705,2.1,1.6,2.2,48.0,48.0,48.0,0.9,1.0,0.9,1.0
persistence,high_to_low,3,96,10,0.9088845478186295,0.47513815121806663,0.9111696228947059,0.002285076798816288,1.9,1.5,2.0,43.2,43.2,40.8,0.9,0.9,0.8,1.0
persistence,high_to_low,3,99,10,0.9599323873218031,0.4830630390797882,0.96144896382011,0.0016694578362384082,2.0,1.5,2.1,48.0,36.0,48.0,0.9,1.0,0.9,1.0
persistence,high_to_low,3,102,10,0.9819629747394851,0.4956951684743182,0.9834192411665901,0.001651293105581053,2.0,1.5,2.1,43.2,36.0,43.2,0.9,1.0,0.9,1.0
persistence,high_to_low,3,105,10,0.9660530349443078,0.4556956691872494,0.9670639615722493,0.0010145126601406652,2.1,1.5,2.1,48.0,43.2,45.6,1.0,0.9,0.9,1.0
persistence,high_to_low,3,108,10,0.9636607089017921,0.46124966222615676,0.9607882056673074,0.0030218090735405156,2.3,1.5,2.2,52.8,36.0,52.8,0.9,1.0,0.9,1.0
persistence,high_to_low,3,111,10,0.9571920552384265,0.4611512925749651,0.957181143829585,1.0911408841596248e-05,2.1,1.5,2.1,48.0,33.6,48.0,1.0,1.0,1.0,1.0
persistence,high_to_low,3,114,10,0.9825877380698737,0.3547811592432635,0.982658509424937,0.00011050091212403413,2.4,1.4,2.4,50.4,48.0,50.4,1.0,1.0,1.0,1.0
persistence,high_to_low,3,117,10,0.9868948653556785,0.5429973637917113,0.9862155662724499,0.0009018458943378605,2.4,1.6,2.4,48.0,40.8,50.4,1.0,0.9,0.9,1.0
persistence,high_to_low,6,0,10,0.7707760131357365,0.7707760131357365,0.9493087006094939,0.18435939652536143,1.7,1.7,1.9,57.6,57.6,52.8,0.8,0.6,0.6,0.0
persistence,high_to_low,6,3,10,0.7618022818415084,0.7596543558770419,0.9714824133842406,0.21452150212103005,1.7,1.7,2.0,55.2,52.8,57.6,0.7,0.7,0.6,0.06041666666666666
persistence,high_to_low,6,6,10,0.667096755629991,0.6605529666804987,0.9781447763255124,0.3128270492182688,1.7,1.7,2.2,57.6,60.0,62.4,0.6,0.9,0.6,0.11666666666666665
persistence,high_to_low,6,9,10,0.7328183131504127,0.6905497600558508,0.9745734545202831,0.24310171068272224,1.7,1.7,2.1,57.6,62.4,62.4,0.7,0.9,0.7,0.175
persistence,high_to_low,6,12,10,0.7617558883621012,0.6907724905336977,0.9727272310310159,0.21206243062219024,1.8,1.6,2.0,64.8,57.6,62.4,0.8,0.9,0.7,0.19166666666666665
persistence,high_to_low,6,15,10,0.7532357601597791,0.7427142387974995,0.9714612567788731,0.21913025781469703,1.7,1.7,2.0,62.4,55.2,55.2,0.7,0.8,0.5,0.25
persistence,high_to_low,6,18,10,0.7662393918477474,0.7451511405239898,0.9365992554217687,0.17192061423836388,1.9,1.9,2.3,60.0,55.2,64.8,0.6,0.7,0.4,0.3375
persistence,high_to_low,6,21,10,0.7502141051432252,0.6255545292559258,0.978208041773921,0.2308635868601085,1.7,1.6,2.3,60.0,50.4,64.8,0.4,0.7,0.3,0.39375
persistence,high_to_low,6,24,10,0.8572160992953712,0.6380094282566294,0.9805496918718605,0.12783723952560827,1.8,1.6,2.4,52.8,50.4,67.2,0.4,0.4,0.2,0.5333333333333333
persistence,high_to_low,6,27,10,0.9465756148709119,0.6406892831120022,0.9793302180768645,0.0404900029450582,1.9,1.6,2.3,52.8,52.8,64.8,0.6,0.4,0.4,0.575
persistence,high_to_low,6,30,10,0.8566103583026867,0.758625181940543,0.9624807742487821,0.11063375673917278,1.8,1.8,2.1,50.4,55.2,57.6,0.7,0.5,0.4,0.6541666666666667
persistence,high_to_low,6,33,10,0.9561701163381114,0.7396007405464109,0.9759777072970758,0.02678207333572329,1.9,1.7,2.1,50.4,55.2,57.6,0.8,0.6,0.6,0.68125
persistence,high_to_low,6,36,10,0.9772850550466208,0.7298534009656913,0.978655005334877,0.01260371967799817,2.0,1.7,2.2,55.2,55.2,57.6,0.8,0.6,0.6,0.675
persistence,high_to_low,6,39,10,0.9773328486693194,0.7629313439344887,0.9829814454265483,0.008862670051979183,2.0,1.8,2.2,57.6,55.2,50.4,0.8,0.5,0.4,0.6958333333333333
persistence,high_to_low,6,42,10,0.9802751340988536,0.8360647189024585,0.9875277943460306,0.010464045084560614,2.0,1.9,2.2,48.0,55.2,48.0,0.8,0.5,0.5,0.825
persistence,high_to_low,6,45,10,0.9827846706454961,0.8840505498500096,0.9829172708723561,0.006370508755753767,2.1,2.0,2.2,50.4,57.6,48.0,0.9,0.7,0.7,0.83125
persistence,high_to_low,6,48,10,0.9819123076159839,0.8567081388863549,0.9788796286667723,0.009228735460314098,2.0,1.9,2.1,52.8,50.4,52.8,0.9,0.4,0.4,0.8333333333333333
persistence,high_to_low,6,51,10,0.9810908681889954,0.7600038416439499,0.9760698676303405,0.009127691555652096,2.0,1.8,2.1,52.8,52.8,55.2,0.9,0.5,0.5,0.8541666666666667
persistence,high_to_low,6,54,10,0.9801889692535305,0.7698464455471161,0.9755926915797584,0.009211432623348314,2.0,1.8,2.2,55.2,55.2,60.0,0.8,0.5,0.5,0.85
persistence,high_to_low,6,57,10,0.9715240969630579,0.8966420429805433,0.9704228508499444,0.01430916204114746,2.0,2.0,2.1,57.6,55.2,55.2,0.7,0.5,0.4,0.8958333333333333
persistence,high_to_low,6,60,10,0.9669292886604609,0.8831977169814585,0.9711531319378199,0.010003110382804515,1.9,1.9,2.2,52.8,57.6,57.6,0.7,0.8,0.5,0.9333333333333333
persistence,high_to_low,6,63,10,0.9715915368285511,0.8242171206651987,0.973780713848768,0.009292400854553951,2.1,1.8,2.3,57.6,55.2,57.6,0.8,0.8,0.6,0.925
persistence,high_to_low,6,66,10,0.9717326633039989,0.8166491514524921,0.9656868291249202,0.009503262414785418,2.1,1.8,2.1,50.4,48.0,57.6,1.0,0.6,0.6,0.9583333333333333
persistence,high_to_low,6,69,10,0.9226212301596227,0.8315289310789286,0.9226952374187425,0.004596204618119848,2.0,1.9,2.1,50.4,48.0,50.4,0.9,0.8,0.7,0.9833333333333334
persistence,high_to_low,6,72,10,0.9671616524484248,0.8160868604703161,0.9635399190131869,0.007557330504695747,2.3,1.9,2.2,52.8,48.0,52.8,0.9,0.6,0.5,1.0
persistence,high_to_low,6,75,10,0.9328972485128165,0.8243770560747438,0.9783151805185939,0.055005913683723026,2.1,2.0,2.2,55.2,52.8,55.2,0.9,0.7,0.6,1.0
persistence,high_to_low,6,78,10,0.9694556301024548,0.8201130410100201,0.9757669602742578,0.015409630013214071,2.1,2.0,2.1,55.2,45.6,52.8,0.8,0.6,0.5,1.0
persistence,high_to_low,6,81,10,0.9650490501274452,0.8384851058884959,0.9760230646925571,0.014127910740349536,1.9,1.9,2.0,52.8,43.2,52.8,0.9,0.5,0.5,1.0
persistence,high_to_low,6,84,10,0.9374469557984186,0.7398567526866047,0.9352238088685751,0.0027222905986305167,2.0,1.7,2.0,60.0,48.0,69.6,1.0,0.6,0.6,1.0
persistence,high_to_low,6,87,10,0.9757000188845038,0.692226456811519,0.9732818609073078,0.00257743843890621,2.1,1.7,2.1,55.2,52.8,62.4,1.0,0.7,0.7,1.0
persistence,high_to_low,6,90,10,0.9707064283179878,0.7571664935729266,0.9728559631101266,0.002412656101498778,2.1,1.8,2.1,60.0,52.8,57.6,1.0,0.9,0.9,1.0
persistence,high_to_low,6,93,10,0.9681718500369685,0.7584020946560803,0.9708137878092418,0.002913893486335173,2.0,1.8,2.0,55.2,43.2,50.4,1.0,0.8,0.8,1.0
persistence,high_to_low,6,96,10,0.9735064788320889,0.7608891067930398,0.9733143903878838,0.0005516507002386705,2.1,1.8,2.1,55.2,48.0,55.2,1.0,1.0,1.0,1.0
persistence,high_to_low,6,99,10,0.9779965230340851,0.7690508104326689,0.9744362345869669,0.003829093902779446,2.1,1.9,2.0,48.0,50.4,45.6,0.9,0.9,0.9,1.0
persistence,high_to_low,6,102,10,0.9779854559163816,0.7837800311769376,0.9778892012101952,0.00028038799528223857,2.0,1.9,2.0,48.0,52.8,48.0,1.0,1.0,1.0,1.0
persistence,high_to_low,6,105,10,0.9818500648210152,0.7806760160901665,0.9834128434221798,0.0016706653847050946,2.0,1.8,2.1,45.6,52.8,45.6,0.9,1.0,0.9,1.0
persistence,high_to_low,6,108,10,0.9822386523755707,0.7760670731413162,0.9822553503036298,7.397633958028393e-05,2.1,1.9,2.1,52.8,55.2,52.8,1.0,1.0,1.0,1.0
persistence,high_to_low,6,111,10,0.9834986979161628,0.7787867422209048,0.9835505892395429,5.189132337991564e-05,2.1,1.9,2.1,45.6,55.2,45.6,1.0,1.0,1.0,1.0
persistence,high_to_low,6,114,10,0.987570856314315,0.781084335662531,0.9876764349821737,0.00010557866785886328,2.4,1.9,2.4,52.8,55.2,52.8,1.0,1.0,1.0,1.0
persistence,high_to_low,12,0,10,0.8859368154659286,0.8859368154659286,0.9710102888363403,0.11329434190661844,2.0,2.0,2.1,52.8,52.8,62.4,0.5,0.7,0.4,0.0
persistence,high_to_low,12,3,10,0.8846918082172616,0.8852586335419115,0.9696784339824818,0.11066860535225201,1.9,1.9,2.0,52.8,52.8,60.0,0.7,0.8,0.6,0.06666666666666667
persistence,high_to_low,12,6,10,0.8774439058896197,0.8809117774449486,0.9691736166635598,0.1143207063797557,2.0,2.0,2.0,55.2,55.2,57.6,0.8,0.9,0.7,0.12916666666666665
persistence,high_to_low,12,9,10,0.8625363866999199,0.9658836560240183,0.9713696052593029,0.12045151371556587,2.0,2.1,2.1,57.6,55.2,57.6,0.8,1.0,0.8,0.175
persistence,high_to_low,12,12,10,0.7867110431098258,0.8904313056159557,0.9761674676944375,0.19715745527647888,1.8,1.9,2.2,60.0,57.6,64.8,0.7,0.8,0.7,0.20833333333333331
persistence,high_to_low,12,15,10,0.8619878887434466,0.9654137204467238,0.9749683720499698,0.12123880156944959,1.9,1.9,2.1,62.4,52.8,60.0,0.8,0.8,0.7,0.25
persistence,high_to_low,12,18,10,0.8555644067451069,0.9711926397675329,0.9703357698998906,0.1215954503307729,1.8,1.9,2.0,60.0,60.0,57.6,0.8,0.9,0.7,0.3375
persistence,high_to_low,12,21,10,0.9502231689132383,0.962507569380182,0.9685105362986659,0.027047360572173627,1.9,1.9,2.1,57.6,57.6,57.6,0.8,0.7,0.6,0.4083333333333334
persistence,high_to_low,12,24,10,0.9408890639508408,0.9458647535155549,0.979472556212664,0.04614375112040353,1.9,2.1,2.4,48.0,55.2,64.8,0.6,0.5,0.5,0.6
persistence,high_to_low,12,27,10,0.9449946726160506,0.953829194259521,0.9771977330541513,0.041011242805864156,1.9,2.1,2.3,48.0,57.6,67.2,0.6,0.2,0.2,0.6375
persistence,high_to_low,12,30,10,0.9516172977891107,0.8445099405065596,0.9802738949157387,0.03565568106885025,1.9,1.9,2.3,48.0,48.0,64.8,0.6,0.3,0.3,0.675
persistence,high_to_low,12,33,10,0.9791556952715977,0.8813762794755364,0.9797402623192923,0.008474259035751996,2.0,1.9,2.2,52.8,55.2,62.4,0.8,0.4,0.4,0.6583333333333333
persistence,high_to_low,12,36,10,0.9593583363462619,0.9555345645479354,0.9797482547076741,0.03235710981544182,2.0,1.9,2.2,50.4,57.6,64.8,0.8,0.3,0.3,0.725
persistence,high_to_low,12,39,10,0.984879137291369,0.9625243512132802,0.9783554804607206,0.007859043867885097,2.1,2.0,2.2,57.6,60.0,64.8,0.9,0.5,0.5,0.6875
persistence,high_to_low,12,42,10,0.9799435405131476,0.9252270566872769,0.9780148202321062,0.0104955945776948,2.0,2.0,2.2,52.8,55.2,52.8,0.8,0.2,0.2,0.7833333333333334
persistence,high_to_low,12,45,10,0.9788431085307355,0.9343990992431073,0.9782723191761008,0.005664516485954296,2.0,1.9,2.1,45.6,52.8,50.4,0.9,0.6,0.6,0.89375
persistence,high_to_low,12,48,10,0.9810914460560609,0.9436185046036198,0.9798222642087282,0.00527753233734457,2.0,1.9,2.1,45.6,52.8,50.4,0.9,0.6,0.6,0.9333333333333332
persistence,high_to_low,12,51,10,0.9836538372835901,0.9006985883686639,0.9790788580614865,0.006310037572593996,2.0,1.9,2.0,48.0,55.2,52.8,1.0,0.6,0.6,0.9125
persistence,high_to_low,12,54,10,0.9836157186023675,0.9024906834483304,0.979811215994269,0.013517704206214287,2.0,1.9,2.1,52.8,57.6,62.4,0.9,0.3,0.3,0.9
persistence,high_to_low,12,57,10,0.981749633648165,0.9205233701021905,0.9783351530820621,0.01138215073609492,2.0,2.0,2.1,60.0,57.6,57.6,0.9,0.9,0.9,0.875
persistence,high_to_low,12,60,10,0.9801364288191505,0.9264192667037058,0.9702175848990071,0.01715185827918302,2.0,2.0,2.1,50.4,57.6,57.6,0.7,0.6,0.4,0.95
persistence,high_to_low,12,63,10,0.9685781143156849,0.9118186309617977,0.9658823611278315,0.01094183015252832,2.0,1.9,2.1,52.8,62.4,60.0,0.9,0.8,0.7,0.95
persistence,high_to_low,12,66,10,0.9655169673611708,0.9138816399271418,0.9663104889962002,0.009998088647367665,2.0,1.9,2.2,52.8,57.6,62.4,0.8,0.7,0.6,0.9666666666666666
persistence,high_to_low,12,69,10,0.9687384301687209,0.9133852917805505,0.9685738909193,0.007513058706173481,2.1,1.9,2.2,55.2,60.0,57.6,0.9,0.9,0.8,0.9791666666666667
persistence,high_to_low,12,72,10,0.95923360885669,0.9184663026040134,0.9595178521540024,0.00498409710159411,2.1,2.1,2.1,55.2,62.4,52.8,1.0,0.7,0.7,1.0
persistence,high_to_low,12,75,10,0.9578017641460035,0.8282978907180876,0.9580763154396893,0.004287894221535704,2.1,1.9,2.1,52.8,60.0,52.8,1.0,0.8,0.8,1.0
persistence,high_to_low,12,78,10,0.9844846067248136,0.9211159823902122,0.9810278845267912,0.004425286618570379,2.3,1.9,2.2,55.2,57.6,60.0,0.9,0.8,0.7,1.0
persistence,high_to_low,12,81,10,0.9802873305632982,0.9451014741040928,0.9806960468427913,0.00990806040977379,2.2,1.9,2.2,57.6,57.6,62.4,0.8,0.6,0.5,1.0
persistence,high_to_low,12,84,10,0.9687795957222184,0.9600098202158552,0.9737991581334231,0.013729934188344672,2.0,1.9,2.0,55.2,57.6,62.4,0.8,0.7,0.6,1.0
persistence,high_to_low,12,87,10,0.9722307677298335,0.9614975229903381,0.9735981568150344,0.01629314583721413,2.1,1.8,2.0,57.6,55.2,64.8,0.7,0.5,0.4,1.0
persistence,high_to_low,12,90,10,0.9734180830044107,0.9837209058516938,0.9770049736018598,0.013224422011246573,2.1,1.9,2.1,57.6,57.6,69.6,0.8,0.6,0.5,1.0
persistence,high_to_low,12,93,10,0.9760170905716029,0.9844676908117979,0.9797486152865513,0.009386969128308997,2.0,1.9,2.1,52.8,57.6,64.8,0.9,0.6,0.6,1.0
persistence,high_to_low,12,96,10,0.9775202456646828,0.8896612064625501,0.9747797631512893,0.0033263636377552142,2.0,1.9,2.0,52.8,55.2,60.0,1.0,0.7,0.7,1.0
persistence,high_to_low,12,99,10,0.9765680404420228,0.9867874969956807,0.976120716891546,0.0009086123099914078,2.0,2.0,2.0,57.6,60.0,57.6,1.0,1.0,1.0,1.0
persistence,high_to_low,12,102,10,0.9786088547290307,0.8934715896854181,0.9767994791381651,0.003976789436730144,2.0,1.9,2.0,57.6,57.6,57.6,1.0,0.7,0.7,1.0
persistence,high_to_low,12,105,10,0.9807639874062213,0.8935461623903862,0.9800225060764516,0.0010251254515842522,2.0,1.9,2.0,50.4,57.6,52.8,1.0,0.9,0.9,1.0
persistence,high_to_low,12,108,10,0.9819703145302802,0.891260156042177,0.9812339910338261,0.0011007336617781527,2.0,1.9,2.0,50.4,55.2,52.8,1.0,0.9,0.9,1.0
persistence,low_to_high,1,0,10,0.9741089440412782,0.9741089440412782,0.3222575465698273,0.6518513974714509,2.1,2.1,1.4,48.0,48.0,43.2,0.5,0.6,0.3,0.0
persistence,low_to_high,1,3,10,0.938388879513209,0.9395755872387788,0.2795947182771389,0.6587941612360702,2.0,2.0,1.4,52.8,55.2,45.6,0.5,0.6,0.4,0.07083333333333333
persistence,low_to_high,1,6,10,0.931987428271723,0.9320070640116382,0.3218015951656644,0.6101858331060586,2.1,2.0,1.5,45.6,50.4,43.2,0.3,0.4,0.2,0.1625
persistence,low_to_high,1,9,10,0.9230268312536628,0.9250099880768676,0.3100010299008548,0.6130258013528079,1.9,1.9,1.5,40.8,52.8,45.6,0.4,0.2,0.2,0.26875
persistence,low_to_high,1,12,10,0.8912662764403757,0.9103692170135227,0.346480958093211,0.5447853183471648,1.9,2.0,1.5,50.4,52.8,45.6,0.5,0.3,0.2,0.3083333333333333
persistence,low_to_high,1,15,10,0.8467066830324639,0.8928460270312637,0.2901559074041715,0.5565507756282922,1.8,1.9,1.4,40.8,45.6,45.6,0.5,0.6,0.3,0.46875
persistence,low_to_high,1,18,10,0.8245314325421125,0.8953993272152647,0.2688347484906885,0.5556966840514239,1.7,2.0,1.4,33.6,40.8,45.6,0.5,0.7,0.3,0.625
persistence,low_to_high,1,21,10,0.7544137157199402,0.8846074508450025,0.29314698405420475,0.46126673166573545,1.6,1.9,1.4,45.6,43.2,45.6,0.6,0.4,0.2,0.56875
persistence,low_to_high,1,24,10,0.6720550466919104,0.8886792953268591,0.2824765970883591,0.38957844960355137,1.7,1.9,1.4,52.8,45.6,45.6,0.6,0.6,0.4,0.5666666666666667
persistence,low_to_high,1,27,10,0.72398500920679,0.9418137562789111,0.24292909634030582,0.4810559128664841,1.7,2.0,1.3,43.2,55.2,43.2,0.7,0.6,0.5,0.725
persistence,low_to_high,1,30,10,0.6712767496047376,0.8492756438814817,0.2647086084596443,0.4065681411450933,1.6,1.8,1.3,40.8,52.8,40.8,0.8,0.3,0.3,0.7875
persistence,low_to_high,1,33,10,0.6115846551647932,0.893792276596687,0.3384013550703351,0.2731833000944581,1.6,2.2,1.4,45.6,50.4,40.8,0.9,0.3,0.3,0.74375
persistence,low_to_high,1,36,10,0.648984127626453,0.8990156355480282,0.3844539742369652,0.34944485334994646,1.6,2.0,1.5,45.6,52.8,45.6,0.7,0.5,0.4,0.775
persistence,low_to_high,1,39,10,0.5981132267869073,0.9332866284639358,0.38656684673456887,0.3501523194620399,1.6,2.0,1.5,43.2,45.6,48.0,0.7,0.3,0.1,0.8416666666666666
persistence,low_to_high,1,42,10,0.5799120403755345,0.8851525461618426,0.348065440397527,0.3911816616909508,1.5,2.0,1.4,52.8,52.8,43.2,0.5,0.3,0.1,0.7833333333333333
persistence,low_to_high,1,45,10,0.44025681034351916,0.8889286768482657,0.24203851048382674,0.44786394745950514,1.3,1.9,1.3,40.8,40.8,43.2,0.6,0.4,0.2,0.93125
persistence,low_to_high,1,48,10,0.4552130248142297,0.9012623481288852,0.24290653075203483,0.450423549589721,1.4,2.1,1.3,36.0,45.6,38.4,0.5,0.1,0.0,0.9666666666666666
persistence,low_to_high,1,51,10,0.35727616325179434,0.8996865701255503,0.25199032627786977,0.3347158439125334,1.3,2.1,1.3,45.6,50.4,28.8,0.6,0.2,0.1,0.9416666666666667
persistence,low_to_high,1,54,10,0.26356758984591677,0.9486262130721718,0.34665049074035226,0.2743758007118071,1.1,2.0,1.4,48.0,40.8,36.0,0.7,0.3,0.3,0.975
persistence,low_to_high,1,57,10,0.3176372051675496,0.9459488711202241,0.3727892410291834,0.1636458070709911,1.2,1.9,1.4,50.4,43.2,31.2,0.8,0.3,0.3,0.9375
persistence,low_to_high,1,60,10,0.2359623680948486,0.8729936154956297,0.297532874597608,0.13661269808226234,1.2,1.8,1.3,45.6,40.8,36.0,0.9,0.3,0.3,0.9666666666666666
persistence,low_to_high,1,63,10,0.2593521689761399,0.8676307620802849,0.3118453150518265,0.058098173475690296,1.2,2.0,1.3,45.6,43.2,36.0,0.9,0.6,0.5,1.0
persistence,low_to_high,1,66,10,0.3252898672910668,0.9429454549534239,0.32626633477503625,0.004228165871691376,1.3,2.1,1.3,43.2,45.6,36.0,1.0,0.7,0.7,1.0
persistence,low_to_high,1,69,10,0.2992492375388295,0.9293474005156904,0.29825290584552117,0.0029162163420034318,1.3,2.1,1.3,45.6,60.0,38.4,1.0,0.5,0.5,1.0
persistence,low_to_high,1,72,10,0.370325363368331,0.9398070923486775,0.37034924081747267,0.0010539676105409631,1.4,2.2,1.4,45.6,50.4,43.2,1.0,0.7,0.7,1.0
persistence,low_to_high,1,75,10,0.404594660867071,0.9353404677905219,0.4048173871721617,0.00041232833982741133,1.6,2.2,1.6,50.4,48.0,45.6,1.0,0.8,0.8,1.0
persistence,low_to_high,1,78,10,0.36980865896542214,0.9592359223958755,0.37084589405504054,0.0010457393828514536,1.5,2.2,1.5,55.2,55.2,48.0,1.0,0.8,0.8,1.0
persistence,low_to_high,1,81,10,0.35904065194904494,0.995159535426821,0.3598822833306931,0.0008425257658395489,1.5,2.4,1.5,52.8,57.6,48.0,1.0,0.8,0.8,1.0
persistence,low_to_high,1,84,10,0.4236830620104797,0.954473619447582,0.4259262838178298,0.0022561384290890932,1.4,2.3,1.4,43.2,48.0,36.0,1.0,0.7,0.7,1.0
persistence,low_to_high,1,87,10,0.4016661386258857,0.949430617289452,0.40077681449655833,0.000992054596728203,1.4,2.3,1.4,45.6,62.4,45.6,1.0,0.6,0.6,1.0
persistence,low_to_high,1,90,10,0.37888398990618294,0.9287663126446674,0.3782934508091277,0.0006093350002148113,1.4,2.2,1.4,48.0,62.4,52.8,1.0,0.8,0.8,1.0
persistence,low_to_high,1,93,10,0.2952821480303186,0.8619440084687101,0.29531277837709435,3.908876354555755e-05,1.4,2.2,1.4,50.4,50.4,50.4,1.0,0.8,0.8,1.0
persistence,low_to_high,1,96,10,0.2604889711576126,0.8641755989845432,0.2604892089854224,2.168479931131476e-06,1.4,2.3,1.4,50.4,55.2,50.4,1.0,0.8,0.8,1.0
persistence,low_to_high,1,99,10,0.2648933248363761,0.9950142111557835,0.2649260525662331,3.3115021939721e-05,1.4,2.5,1.4,48.0,57.6,40.8,1.0,0.8,0.8,1.0
persistence,low_to_high,1,102,10,0.2928768894928947,0.9925043148600547,0.2929358001326445,9.173184945027169e-05,1.4,2.4,1.4,48.0,62.4,45.6,1.0,0.7,0.7,1.0
persistence,low_to_high,1,105,10,0.2665696460590014,0.9641029404805355,0.2665900099208284,2.0405880724911487e-05,1.3,2.4,1.3,48.0,52.8,38.4,1.0,0.7,0.7,1.0
persistence,low_to_high,1,108,10,0.26314058591631706,0.9621408504505805,0.26313471783562026,1.5081678213604616e-05,1.3,2.6,1.3,45.6,57.6,40.8,1.0,0.6,0.6,1.0
persistence,low_to_high,1,111,10,0.25759991353403844,0.8591681910397465,0.2576057445136283,5.8503423117262575e-06,1.4,2.2,1.4,45.6,43.2,38.4,1.0,0.7,0.7,1.0
persistence,low_to_high,1,114,10,0.28343722466695487,0.8613322260281615,0.28354953101184216,0.00011232882736713253,1.3,2.3,1.3,50.4,50.4,40.8,1.0,0.7,0.7,1.0
persistence,low_to_high,1,117,10,0.40449585928486326,0.8620298149207587,0.40449585156139845,1.535838593015459e-08,1.5,2.3,1.5,43.2,48.0,40.8,1.0,0.9,0.9,1.0
persistence,low_to_high,3,0,10,0.9737040914577608,0.9737040914577608,0.5161158985376615,0.45758819292009945,1.9,1.9,1.4,50.4,50.4,38.4,0.5,0.5,0.2,0.0
persistence,low_to_high,3,3,10,0.9444069307524849,0.9421267831639479,0.505580066362289,0.43882686439019586,2.2,2.1,1.5,60.0,60.0,48.0,0.4,0.4,0.2,0.05625
persistence,low_to_high,3,6,10,0.9363882921513571,0.9366771928298576,0.513655456130845,0.42273283602051215,2.1,2.0,1.5,57.6,52.8,48.0,0.5,0.4,0.2,0.11666666666666665
persistence,low_to_high,3,9,10,0.9380235338711633,0.9335980420141281,0.5045387593010535,0.4334847745701098,2.1,1.9,1.5,57.6,57.6,50.4,0.5,0.7,0.4,0.175
persistence,low_to_high,3,12,10,0.8817947048662106,0.9049281461088199,0.5441440337141303,0.33765067115208025,1.9,1.8,1.5,60.0,50.4,43.2,0.6,0.5,0.4,0.225
persistence,low_to_high,3,15,10,0.8656885751090109,0.9399204365197191,0.543768813307943,0.3219197618010678,1.8,2.3,1.5,52.8,64.8,40.8,0.7,0.6,0.5,0.33333333333333337
persistence,low_to_high,3,18,10,0.8439492757660185,0.9332901964903584,0.5267262107353081,0.3172230650307103,2.0,2.3,1.5,62.4,64.8,45.6,0.6,0.6,0.4,0.325
persistence,low_to_high,3,21,10,0.8377876152380181,0.9289915380825218,0.495680153093894,0.34210746214412413,2.0,2.2,1.5,57.6,60.0,48.0,0.6,0.3,0.3,0.4375
persistence,low_to_high,3,24,10,0.828978196454505,0.9319588583296528,0.4854486199127531,0.34352957654175187,1.9,2.1,1.5,55.2,62.4,48.0,0.7,0.5,0.5,0.4833333333333333
persistence,low_to_high,3,27,10,0.9020272338127769,0.9784298651266832,0.484561702255624,0.4174655315571528,2.0,2.2,1.5,57.6,60.0,40.8,0.6,0.4,0.3,0.5125
persistence,low_to_high,3,30,10,0.9022498071571246,0.9632193243161901,0.5626230364085136,0.339626770748611,1.9,1.9,1.5,52.8,50.4,38.4,0.6,0.5,0.4,0.6166666666666667
persistence,low_to_high,3,33,10,0.8794810864311756,0.977398375430227,0.5204388868109031,0.3600739879189029,1.8,2.1,1.6,45.6,50.4,43.2,0.8,0.7,0.5,0.7354166666666666
persistence,low_to_high,3,36,10,0.8716868875279596,0.9844209640459711,0.48545017201932145,0.38623671550863814,1.8,2.3,1.5,48.0,52.8,40.8,0.7,0.6,0.4,0.75
persistence,low_to_high,3,39,10,0.8581206015548023,0.9794372397237565,0.38016707605420663,0.47795352550059567,1.8,2.1,1.3,43.2,50.4,45.6,0.6,0.5,0.3,0.825
persistence,low_to_high,3,42,10,0.6920879312805341,0.9878132924694336,0.3107297790818082,0.381358152198726,1.4,2.4,1.2,36.0,52.8,43.2,0.8,0.6,0.5,0.9041666666666668
persistence,low_to_high,3,45,10,0.6405374954734511,0.9798432680959127,0.31547321509162446,0.32705083792993805,1.5,2.1,1.3,52.8,48.0,43.2,0.8,0.5,0.4,0.8
persistence,low_to_high,3,48,10,0.730532038282526,0.9716882452971115,0.3170815404834721,0.41427611025868993,1.7,2.1,1.3,50.4,43.2,40.8,0.6,0.5,0.3,0.8333333333333333
persistence,low_to_high,3,51,10,0.7025752728167993,0.971479017650924,0.416319004310269,0.2863993983909684,1.7,2.1,1.4,50.4,55.2,45.6,0.7,0.6,0.4,0.8541666666666666
persistence,low_to_high,3,54,10,0.7016653517814221,0.9697934035616012,0.5407536823835752,0.16598430940395523,1.7,2.2,1.5,50.4,60.0,48.0,0.8,0.7,0.5,0.875
persistence,low_to_high,3,57,10,0.685469439028896,0.9737592377057773,0.528098858030484,0.15911398608495594,1.7,2.2,1.5,52.8,55.2,50.4,0.8,0.7,0.5,0.8958333333333333
persistence,low_to_high,3,60,10,0.6414999905267152,0.9325852366626766,0.5988821986313176,0.08316476291633465,1.8,2.2,1.6,52.8,60.0,52.8,0.7,0.6,0.4,0.9333333333333333
persistence,low_to_high,3,63,10,0.633793432820317,0.9200896460499519,0.621019419196396,0.02606240509699558,1.8,2.2,1.6,52.8,55.2,43.2,0.9,0.5,0.5,0.95
persistence,low_to_high,3,66,10,0.5566946258708574,0.9185516594347869,0.5543915201220059,0.00731832870917897,1.6,2.1,1.6,50.4,50.4,45.6,1.0,0.7,0.7,0.9666666666666666
persistence,low_to_high,3,69,10,0.6340155128843757,0.9326713808617774,0.5732942250796246,0.0672073100500827,1.8,2.2,1.7,50.4,52.8,45.6,0.9,0.6,0.6,0.9833333333333334
persistence,low_to_high,3,72,10,0.6261915339302642,0.9254299590608672,0.6303328090986005,0.0072157834645665,1.8,2.2,1.8,50.4,55.2,43.2,1.0,0.7,0.7,1.0
persistence,low_to_high,3,75,10,0.5397643671436472,0.9261636643357264,0.5387262924816065,0.0010380746620405543,1.7,2.1,1.7,48.0,52.8,45.6,1.0,0.7,0.7,1.0
persistence,low_to_high,3,78,10,0.5157764014453012,0.9405300759786661,0.5145837576968775,0.001441241689875665,1.6,2.1,1.6,43.2,52.8,40.8,1.0,0.7,0.7,1.0
persistence,low_to_high,3,81,10,0.5057116495147722,0.9427686683154972,0.5081843910023002,0.002493400268496356,1.5,2.2,1.5,48.0,60.0,40.8,1.0,0.7,0.7,1.0
persistence,low_to_high,3,84,10,0.5850171892694992,0.9523859900858446,0.5872772081752362,0.0033781024283241977,1.6,2.1,1.6,45.6,57.6,40.8,1.0,0.7,0.7,1.0
persistence,low_to_high,3,87,10,0.5770861058078622,0.9481193250244309,0.5777985723418119,0.0007359496433473965,1.6,2.1,1.6,50.4,62.4,45.6,1.0,0.7,0.7,1.0
persistence,low_to_high,3,90,10,0.5023727116509829,0.9511153141197516,0.502883154924778,0.0005707955240253683,1.5,2.1,1.5,43.2,43.2,45.6,1.0,0.7,0.7,1.0
persistence,low_to_high,3,93,10,0.5486802701777458,0.9626432882013285,0.5489242502895004,0.0007260245313873395,1.6,2.2,1.6,40.8,48.0,48.0,1.0,0.6,0.6,1.0
persistence,low_to_high,3,96,10,0.4746577088476974,0.9111696228947059,0.47513815121806663,0.000511436625513799,1.5,2.0,1.5,45.6,40.8,43.2,1.0,0.7,0.7,1.0
persistence,low_to_high,3,99,10,0.4824537775827822,0.96144896382011,0.4830630390797882,0.0006115500603232335,1.5,2.1,1.5,40.8,48.0,36.0,1.0,0.6,0.6,1.0
persistence,low_to_high,3,102,10,0.4956979157346361,0.9834192411665901,0.4956951684743182,2.747260317947691e-06,1.5,2.1,1.5,36.0,43.2,36.0,1.0,0.8,0.8,1.0
persistence,low_to_high,3,105,10,0.45568049308045044,0.9670639615722493,0.4556956691872494,1.7121758010986896e-05,1.5,2.1,1.5,45.6,45.6,43.2,1.0,0.7,0.7,1.0
persistence,low_to_high,3,108,10,0.4612669670840421,0.9607882056673074,0.46124966222615676,1.802977094436527e-05,1.5,2.2,1.5,40.8,52.8,36.0,1.0,0.8,0.8,1.0
persistence,low_to_high,3,111,10,0.4611594513804749,0.957181143829585,0.4611512925749651,8.650711642999739e-06,1.5,2.1,1.5,40.8,48.0,33.6,1.0,0.7,0.7,1.0
persistence,low_to_high,3,114,10,0.3555961211880994,0.982658509424937,0.3547811592432635,0.0008153132567617792,1.4,2.4,1.4,45.6,50.4,48.0,1.0,0.7,0.7,1.0
persistence,low_to_high,3,117,10,0.5429991708468831,0.9862155662724499,0.5429973637917113,2.0076582828987277e-06,1.6,2.4,1.6,40.8,50.4,40.8,1.0,1.0,1.0,1.0
persistence,low_to_high,6,0,10,0.9493087006094939,0.9493087006094939,0.7707760131357365,0.18435939652536143,1.9,1.9,1.7,52.8,52.8,57.6,0.8,0.6,0.6,0.0
persistence,low_to_high,6,3,10,0.9744067285305252,0.9714824133842406,0.7596543558770419,0.2188161763828007,2.1,2.0,1.7,57.6,57.6,52.8,0.7,0.6,0.5,0.05833333333333333
persistence,low_to_high,6,6,10,0.9848165428748951,0.9781447763255124,0.6605529666804987,0.3257944212556498,2.3,2.2,1.7,60.0,62.4,60.0,0.5,0.6,0.4,0.1125
persistence,low_to_high,6,9,10,0.9849891763723273,0.9745734545202831,0.6905497600558508,0.2956515412498078,2.3,2.1,1.7,64.8,62.4,62.4,0.5,0.7,0.5,0.14375
persistence,low_to_high,6,12,10,0.982945709386672,0.9727272310310159,0.6907724905336977,0.29331572566733033,2.2,2.0,1.6,62.4,62.4,57.6,0.5,0.8,0.5,0.2
persistence,low_to_high,6,15,10,0.9855161967820919,0.9714612567788731,0.7427142387974995,0.24340904579715592,2.2,2.0,1.7,60.0,55.2,55.2,0.6,0.7,0.4,0.28125
persistence,low_to_high,6,18,10,0.872356913289438,0.9365992554217687,0.7451511405239898,0.14928977626685103,1.9,2.3,1.9,48.0,64.8,55.2,0.7,0.3,0.2,0.45
persistence,low_to_high,6,21,10,0.9060075417872607,0.978208041773921,0.6255545292559258,0.2807105326115868,2.1,2.3,1.6,60.0,64.8,50.4,0.5,0.6,0.4,0.39375
persistence,low_to_high,6,24,10,0.8996678022430018,0.9805496918718605,0.6380094282566294,0.26252174399867384,2.1,2.4,1.6,62.4,67.2,50.4,0.5,0.6,0.4,0.4333333333333333
persistence,low_to_high,6,27,10,0.8830239815831012,0.9793302180768645,0.6406892831120022,0.24344626144081588,2.0,2.3,1.6,62.4,64.8,52.8,0.6,0.4,0.3,0.475
persistence,low_to_high,6,30,10,0.907821552068279,0.9624807742487821,0.758625181940543,0.15151793972773256,2.0,2.1,1.8,62.4,57.6,55.2,0.8,0.6,0.6,0.5
persistence,low_to_high,6,33,10,0.9707350294558073,0.9759777072970758,0.7396007405464109,0.2356386890477332,2.0,2.1,1.7,57.6,57.6,55.2,0.7,0.7,0.6,0.6041666666666666
persistence,low_to_high,6,36,10,0.9500118167591485,0.978655005334877,0.7298534009656913,0.22542199710104865,1.9,2.2,1.7,57.6,57.6,55.2,0.8,0.8,0.7,0.65
persistence,low_to_high,6,39,10,0.9534293417931528,0.9829814454265483,0.7629313439344887,0.19242292663310234,2.0,2.2,1.8,52.8,50.4,55.2,0.8,0.9,0.7,0.7333333333333333
persistence,low_to_high,6,42,10,0.9693234839743848,0.9875277943460306,0.8360647189024585,0.13707225756616315,2.2,2.2,1.9,60.0,48.0,55.2,0.7,0.8,0.6,0.6958333333333334
persistence,low_to_high,6,45,10,0.9557829746078308,0.9829172708723561,0.8840505498500096,0.07573442248360066,2.0,2.2,2.0,50.4,48.0,57.6,1.0,0.8,0.8,0.80625
persistence,low_to_high,6,48,10,0.936140669141136,0.9788796286667723,0.8567081388863549,0.08280843338786646,2.1,2.1,1.9,52.8,52.8,50.4,0.8,0.9,0.7,0.8
persistence,low_to_high,6,51,10,0.9320091071206906,0.9760698676303405,0.7600038416439499,0.17481448616707812,2.1,2.1,1.8,52.8,55.2,52.8,0.8,0.7,0.6,0.825
persistence,low_to_high,6,54,10,0.9326377994895749,0.9755926915797584,0.7698464455471161,0.16813447413872398,2.1,2.2,1.8,60.0,60.0,55.2,0.8,0.8,0.7,0.825
persistence,low_to_high,6,57,10,0.93260209316222,0.9704228508499444,0.8966420429805433,0.04676980133044171,2.0,2.1,2.0,57.6,55.2,55.2,0.8,0.7,0.5,0.875
persistence,low_to_high,6,60,10,0.9201334045582582,0.9711531319378199,0.8831977169814585,0.0501716664718989,2.0,2.2,1.9,52.8,57.6,57.6,0.9,0.6,0.5,0.9166666666666666
persistence,low_to_high,6,63,10,0.8393430388486662,0.973780713848768,0.8242171206651987,0.02671399216841014,2.0,2.3,1.8,57.6,57.6,55.2,0.9,0.6,0.6,0.925
persistence,low_to_high,6,66,10,0.9003106846435258,0.9656868291249202,0.8166491514524921,0.09144511182095935,1.9,2.1,1.8,45.6,57.6,48.0,0.9,0.9,0.8,0.9666666666666666
persistence,low_to_high,6,69,10,0.7600507396890313,0.9226952374187425,0.8315289310789286,0.07923667729506842,1.8,2.1,1.9,45.6,50.4,48.0,0.9,0.9,0.8,0.9833333333333334
persistence,low_to_high,6,72,10,0.8201532641418628,0.9635399190131869,0.8160868604703161,0.005948153076684404,1.9,2.2,1.9,48.0,52.8,48.0,1.0,0.8,0.8,1.0
persistence,low_to_high,6,75,10,0.8247148799674727,0.9783151805185939,0.8243770560747438,0.0035296615083119398,1.9,2.2,2.0,48.0,55.2,52.8,0.9,0.8,0.7,1.0
persistence,low_to_high,6,78,10,0.912946858132579,0.9757669602742578,0.8201130410100201,0.09569680286510568,1.9,2.1,2.0,43.2,52.8,45.6,0.9,0.9,0.8,1.0
persistence,low_to_high,6,81,10,0.8398126884839776,0.9760230646925571,0.8384851058884959,0.004797517375416057,1.9,2.0,1.9,43.2,52.8,43.2,0.8,0.8,0.7,1.0
persistence,low_to_high,6,84,10,0.8369081667240799,0.9352238088685751,0.7398567526866047,0.103902270729429,1.8,2.0,1.7,45.6,69.6,48.0,0.9,0.7,0.7,1.0
persistence,low_to_high,6,87,10,0.6924157168804989,0.9732818609073078,0.692226456811519,0.0013193289767351867,1.7,2.1,1.7,48.0,62.4,52.8,1.0,0.8,0.8,1.0
persistence,low_to_high,6,90,10,0.7580334449115619,0.9728559631101266,0.7571664935729266,0.0017399278084616401,1.8,2.1,1.8,45.6,57.6,52.8,1.0,0.7,0.7,1.0
persistence,low_to_high,6,93,10,0.7583038052383773,0.9708137878092418,0.7584020946560803,0.000592526464205205,1.8,2.0,1.8,43.2,50.4,43.2,1.0,0.8,0.8,1.0
persistence,low_to_high,6,96,10,0.7602433104223033,0.9733143903878838,0.7608891067930398,0.001155980292054367,1.8,2.1,1.8,52.8,55.2,48.0,1.0,0.8,0.8,1.0
persistence,low_to_high,6,99,10,0.7691104595216858,0.9744362345869669,0.7690508104326689,0.0007014328621877085,1.9,2.0,1.9,52.8,45.6,50.4,1.0,0.9,0.9,1.0
persistence,low_to_high,6,102,10,0.7837759656105334,0.9778892012101952,0.7837800311769376,0.0006077211111596724,1.9,2.0,1.9,52.8,48.0,52.8,1.0,0.8,0.8,1.0
persistence,low_to_high,6,105,10,0.780704293326344,0.9834128434221798,0.7806760160901665,0.0004082681221820317,1.8,2.1,1.8,52.8,45.6,52.8,1.0,1.0,1.0,1.0
persistence,low_to_high,6,108,10,0.7756758393169689,0.9822553503036298,0.7760670731413162,0.0011279800720507681,1.9,2.1,1.9,55.2,52.8,55.2,1.0,0.8,0.8,1.0
persistence,low_to_high,6,111,10,0.7785188690224535,0.9835505892395429,0.7787867422209048,0.001093540812395074,1.9,2.1,1.9,55.2,45.6,55.2,1.0,0.8,0.8,1.0
persistence,low_to_high,6,114,10,0.7814763608753179,0.9876764349821737,0.781084335662531,0.000392718704362368,1.9,2.4,1.9,52.8,52.8,55.2,1.0,0.9,0.9,1.0
persistence,low_to_high,12,0,10,0.9710102888363403,0.9710102888363403,0.8859368154659286,0.11329434190661844,2.1,2.1,2.0,62.4,62.4,52.8,0.5,0.7,0.4,0.0
persistence,low_to_high,12,3,10,0.9700574905785067,0.9696784339824818,0.8852586335419115,0.1107461121582443,2.0,2.0,1.9,60.0,60.0,52.8,0.7,0.8,0.6,0.05625
persistence,low_to_high,12,6,10,0.9764879680155035,0.9691736166635598,0.8809117774449486,0.11768620645501719,2.2,2.0,2.0,60.0,57.6,55.2,0.7,0.8,0.6,0.1125
persistence,low_to_high,12,9,10,0.9786114526452083,0.9713696052593029,0.9658836560240183,0.023104117117574485,2.2,2.1,2.1,60.0,57.6,55.2,0.7,0.8,0.7,0.16875
persistence,low_to_high,12,12,10,0.9784342672993741,0.9761674676944375,0.8904313056159557,0.0939924531224424,2.2,2.2,1.9,64.8,64.8,57.6,0.7,0.7,0.7,0.19166666666666665
persistence,low_to_high,12,15,10,0.9798925682814066,0.9749683720499698,0.9654137204467238,0.022391321219869066,2.2,2.1,1.9,64.8,60.0,52.8,0.7,0.6,0.6,0.23958333333333334
persistence,low_to_high,12,18,10,0.9824321157400453,0.9703357698998906,0.9711926397675329,0.018563729414122376,2.2,2.0,1.9,64.8,57.6,60.0,0.7,0.8,0.7,0.2875
persistence,low_to_high,12,21,10,0.9834393282783621,0.9685105362986659,0.962507569380182,0.02599134286615452,2.2,2.1,1.9,60.0,57.6,57.6,0.7,0.4,0.3,0.39375
persistence,low_to_high,12,24,10,0.9775489527862234,0.979472556212664,0.9458647535155549,0.05527689737107912,2.2,2.4,2.1,62.4,64.8,55.2,0.6,0.5,0.4,0.4333333333333333
persistence,low_to_high,12,27,10,0.9617683557610587,0.9771977330541513,0.953829194259521,0.04788742929253422,2.2,2.3,2.1,62.4,67.2,57.6,0.6,0.2,0.1,0.475
persistence,low_to_high,12,30,10,0.9646673520622475,0.9802738949157387,0.8445099405065596,0.12765429481381427,2.1,2.3,1.9,60.0,64.8,48.0,0.8,0.6,0.5,0.5375
persistence,low_to_high,12,33,10,0.9822811190691724,0.9797402623192923,0.8813762794755364,0.11039471652968078,2.2,2.2,1.9,64.8,62.4,55.2,0.7,0.6,0.5,0.5270833333333333
persistence,low_to_high,12,36,10,0.9834117265768869,0.9797482547076741,0.9555345645479354,0.03708395066407647,2.2,2.2,1.9,62.4,64.8,57.6,0.7,0.6,0.5,0.6
persistence,low_to_high,12,39,10,0.9777272371269818,0.9783554804607206,0.9625243512132802,0.03756186505207996,2.0,2.2,2.0,57.6,64.8,60.0,0.8,0.5,0.5,0.6958333333333333
persistence,low_to_high,12,42,10,0.9777512572353586,0.9780148202321062,0.9252270566872769,0.0547646583988121,2.2,2.2,2.0,55.2,52.8,55.2,0.8,0.8,0.7,0.7541666666666667
persistence,low_to_high,12,45,10,0.9798281585247937,0.9782723191761008,0.9343990992431073,0.04729514437092661,2.2,2.1,1.9,55.2,50.4,52.8,0.7,0.7,0.6,0.79375
persistence,low_to_high,12,48,10,0.9814667517280705,0.9798222642087282,0.9436185046036198,0.03979810205972031,2.1,2.1,1.9,52.8,50.4,52.8,0.8,0.8,0.7,0.8666666666666666
persistence,low_to_high,12,51,10,0.9656539221097917,0.9790788580614865,0.9006985883686639,0.07131863627296312,1.9,2.0,1.9,52.8,52.8,55.2,1.0,0.9,0.9,0.8541666666666667
persistence,low_to_high,12,54,10,0.968145396544104,0.979811215994269,0.9024906834483304,0.07305103574821217,2.0,2.1,1.9,60.0,62.4,57.6,0.9,0.9,0.8,0.825
persistence,low_to_high,12,57,10,0.9711760132459014,0.9783351530820621,0.9205233701021905,0.05613887344599357,2.0,2.1,2.0,57.6,57.6,57.6,1.0,0.6,0.6,0.875
persistence,low_to_high,12,60,10,0.9718262662089756,0.9702175848990071,0.9264192667037058,0.0508759939784177,2.0,2.1,2.0,57.6,57.6,57.6,1.0,0.8,0.8,0.9166666666666667
persistence,low_to_high,12,63,10,0.9384080801281527,0.9658823611278315,0.9118186309617977,0.030462575381134505,1.9,2.1,1.9,60.0,60.0,62.4,1.0,0.9,0.9,0.925
persistence,low_to_high,12,66,10,0.9277096317384463,0.9663104889962002,0.9138816399271418,0.018436498879489716,1.9,2.2,1.9,60.0,62.4,57.6,1.0,0.8,0.8,0.95
persistence,low_to_high,12,69,10,0.9222574382192154,0.9685738909193,0.9133852917805505,0.01242345040824081,2.0,2.2,1.9,62.4,57.6,60.0,0.9,0.8,0.7,0.9708333333333334
persistence,low_to_high,12,72,10,0.9098767911402701,0.9595178521540024,0.9184663026040134,0.021407134599305287,1.9,2.1,2.1,57.6,52.8,62.4,0.8,0.6,0.6,1.0
persistence,low_to_high,12,75,10,0.9211914188920666,0.9580763154396893,0.8282978907180876,0.09575218218616144,1.9,2.1,1.9,60.0,52.8,60.0,1.0,0.8,0.8,1.0
persistence,low_to_high,12,78,10,0.9251443787191208,0.9810278845267912,0.9211159823902122,0.006529981191435874,1.9,2.2,1.9,57.6,60.0,57.6,1.0,0.8,0.8,1.0
persistence,low_to_high,12,81,10,0.9471695035100423,0.9806960468427913,0.9451014741040928,0.003992742671494976,1.9,2.2,1.9,57.6,62.4,57.6,1.0,0.8,0.8,1.0
persistence,low_to_high,12,84,10,0.961740499717535,0.9737991581334231,0.9600098202158552,0.002781101617250459,1.9,2.0,1.9,55.2,62.4,57.6,1.0,0.9,0.9,1.0
persistence,low_to_high,12,87,10,0.9622427898225491,0.9735981568150344,0.9614975229903381,0.001838701341442406,1.8,2.0,1.8,55.2,64.8,55.2,1.0,1.0,1.0,1.0
persistence,low_to_high,12,90,10,0.9869586086379829,0.9770049736018598,0.9837209058516938,0.005893512784042798,2.0,2.1,1.9,57.6,69.6,57.6,0.9,0.8,0.7,1.0
persistence,low_to_high,12,93,10,0.9869254049648679,0.9797486152865513,0.9844676908117979,0.00528150369248459,2.0,2.1,1.9,60.0,64.8,57.6,0.9,0.9,0.8,1.0
persistence,low_to_high,12,96,10,0.8901003884144381,0.9747797631512893,0.8896612064625501,0.001908441334068741,1.9,2.0,1.9,50.4,60.0,55.2,1.0,0.8,0.8,1.0
persistence,low_to_high,12,99,10,0.9867393226243022,0.976120716891546,0.9867874969956807,0.0021112768640717317,2.0,2.0,2.0,60.0,57.6,60.0,1.0,0.8,0.8,1.0
persistence,low_to_high,12,102,10,0.8928583013747806,0.9767994791381651,0.8934715896854181,0.0017913711935823584,1.9,2.0,1.9,60.0,57.6,57.6,1.0,0.9,0.9,1.0
persistence,low_to_high,12,105,10,0.8928827017781138,0.9800225060764516,0.8935461623903862,0.001605566148658899,1.9,2.0,1.9,60.0,52.8,57.6,1.0,0.9,0.9,1.0
persistence,low_to_high,12,108,10,0.8891951395512946,0.9812339910338261,0.891260156042177,0.002600343052500398,1.9,2.0,1.9,57.6,52.8,55.2,1.0,0.7,0.7,1.0
roughness,high_to_low,1,0,10,0.9533261656143361,0.9533261656143361,0.9835490230225353,0.03127397687520624,1.9,1.9,2.0,40.8,40.8,50.4,0.5,0.4,0.3,0.0
roughness,high_to_low,1,3,10,0.910816406027218,0.9106557566200701,0.9477983574589451,0.04004475295085328,1.8,1.8,1.8,43.2,43.2,55.2,0.6,0.5,0.4,0.08333333333333333
roughness,high_to_low,1,6,10,0.90517404627986,0.9052422066287915,0.9422451665619533,0.0423133871294052,1.8,1.8,1.8,40.8,40.8,48.0,0.4,0.4,0.3,0.17916666666666664
roughness,high_to_low,1,9,10,0.8971040945668338,0.897061123385706,0.9340297113473992,0.0491336324045984,1.8,1.8,1.8,40.8,43.2,50.4,0.4,0.5,0.2,0.26875
roughness,high_to_low,1,12,10,0.8604733988464478,0.8574469041941015,0.9265290672599524,0.07135635285244787,1.7,1.7,1.7,40.8,38.4,55.2,0.6,0.6,0.3,0.3583333333333333
roughness,high_to_low,1,15,10,0.8325238856331808,0.8401738207018727,0.9272657310936957,0.09772942747605458,1.7,1.8,1.8,38.4,33.6,52.8,0.9,0.6,0.6,0.4791666666666667
roughness,high_to_low,1,18,10,0.8774113929387598,0.8786368785857046,0.9231612712253441,0.09939825436798277,2.0,2.0,2.0,38.4,36.0,48.0,0.8,0.5,0.5,0.575
roughness,high_to_low,1,21,10,0.8118464935315423,0.7995191417965269,0.9148965566810034,0.11000514735124516,1.7,1.7,1.8,38.4,36.0,48.0,0.6,0.5,0.5,0.6416666666666667
roughness,high_to_low,1,24,10,0.840916418090937,0.8308743546597253,0.9183815713945954,0.08319428031933071,1.9,1.7,2.0,38.4,36.0,57.6,0.7,0.5,0.5,0.7666666666666667
roughness,high_to_low,1,27,10,0.8863099933986625,0.8814008884628945,0.9669293826896872,0.08061938929102466,1.9,1.9,2.1,40.8,40.8,60.0,0.8,0.3,0.3,0.71875
roughness,high_to_low,1,30,10,0.8513932705091897,0.8631208451232466,0.8995661708644684,0.09185643679128203,2.0,2.0,1.8,48.0,43.2,52.8,0.8,0.4,0.4,0.675
roughness,high_to_low,1,33,10,0.8361679647337796,0.8052938766586907,0.8838936448655772,0.04772568013179758,2.0,2.0,2.0,48.0,43.2,57.6,0.8,0.6,0.5,0.7125
roughness,high_to_low,1,36,10,0.8463344897179683,0.8951213732189686,0.9173346370420814,0.08546450316055887,2.0,2.0,1.9,52.8,45.6,52.8,0.8,0.6,0.5,0.7
roughness,high_to_low,1,39,10,0.9045997260292878,0.8813208803066919,0.9192096769425382,0.034722014260065805,2.2,2.0,1.9,48.0,38.4,48.0,0.8,0.4,0.4,0.7875
roughness,high_to_low,1,42,10,0.8714511927306356,0.8825856522650183,0.9032350619256961,0.045063440436253314,2.2,2.0,2.0,57.6,43.2,60.0,0.7,0.5,0.4,0.7416666666666667
roughness,high_to_low,1,45,10,0.8639567728791221,0.8292883248144601,0.9062674381638145,0.042310665284692364,1.9,1.9,1.9,55.2,31.2,48.0,1.0,0.6,0.6,0.79375
roughness,high_to_low,1,48,10,0.8745838647958264,0.8388708797043343,0.8961793173800328,0.09439783925657938,1.9,1.8,2.1,45.6,43.2,52.8,0.7,0.4,0.3,0.9
roughness,high_to_low,1,51,10,0.8698162009564964,0.8258112695974805,0.9412648583747792,0.07144865741828285,1.9,1.8,2.3,57.6,40.8,52.8,0.7,0.6,0.3,0.825
roughness,high_to_low,1,54,10,0.8832010582826758,0.8305193247413388,0.9805680807937728,0.12300997531200597,1.9,1.8,2.1,52.8,40.8,57.6,0.6,0.8,0.5,0.9
roughness,high_to_low,1,57,10,0.9520163181678891,0.9045944244889114,0.9339213054239706,0.07236772175153486,2.0,1.9,1.8,55.2,33.6,52.8,0.8,0.9,0.7,0.8958333333333334
roughness,high_to_low,1,60,10,0.9490550850228674,0.9016575619536308,0.9343768023970391,0.046637518890574936,2.0,1.8,1.9,48.0,33.6,50.4,0.9,0.6,0.6,0.95
roughness,high_to_low,1,63,10,0.9499266850505647,0.9074854263184843,0.9327893188317006,0.052201860148884185,2.1,2.1,2.0,50.4,40.8,55.2,0.6,0.6,0.5,0.95
roughness,high_to_low,1,66,10,0.9461471769574887,0.8943888009964585,0.9273930279026377,0.05108145085697948,2.1,2.1,1.9,50.4,40.8,55.2,0.6,0.6,0.4,0.9666666666666666
roughness,high_to_low,1,69,10,0.9307067182799417,0.9032229820410385,0.9776961788325098,0.04951970295100748,2.0,2.2,2.1,55.2,55.2,64.8,0.6,0.6,0.4,0.9833333333333334
roughness,high_to_low,1,72,10,0.9266401673828104,0.9611046065017368,0.9774159475391755,0.051134556889487134,2.0,2.4,2.3,50.4,38.4,52.8,0.6,0.7,0.5,1.0
roughness,high_to_low,1,75,10,0.972406082722628,0.9090763148303047,0.972706991247286,0.0017405473254551661,2.3,2.3,2.2,45.6,36.0,52.8,0.7,0.5,0.5,1.0
roughness,high_to_low,1,78,10,0.9944134377897711,0.9342544710062942,0.9722908191811979,0.027023860786058663,2.2,2.4,2.1,57.6,45.6,62.4,0.7,0.4,0.3,1.0
roughness,high_to_low,1,81,10,0.9963684101010944,0.927225424582055,0.9977692161678403,0.0024516170661877832,2.2,2.2,2.2,60.0,43.2,62.4,0.8,0.5,0.5,1.0
roughness,high_to_low,1,84,10,0.9963544060363277,0.9322698790536272,0.9956502282592506,0.001350182089625096,2.3,2.3,2.2,52.8,50.4,57.6,0.7,0.7,0.7,1.0
roughness,high_to_low,1,87,10,0.9938439868247967,0.9121888318427368,0.9933426783444661,0.0018163782031542896,2.2,2.2,2.3,55.2,52.8,64.8,0.7,0.6,0.6,1.0
roughness,high_to_low,1,90,10,0.9922035638139084,0.8731670472460549,0.9926577165213175,0.00316265006249693,2.3,2.3,2.3,60.0,48.0,64.8,0.6,0.4,0.4,1.0
roughness,high_to_low,1,93,10,0.9974467930705722,0.8182817037455342,0.8936753601670764,0.10427043672318863,2.4,2.2,2.1,55.2,50.4,50.4,0.5,0.6,0.5,1.0
roughness,high_to_low,1,96,10,0.9978411691245913,0.81585096343848,0.8927093884666742,0.10583423597129567,2.3,2.2,2.1,60.0,52.8,60.0,0.4,0.5,0.4,1.0
roughness,high_to_low,1,99,10,0.9912820630524168,0.9197309502020137,0.9983826330782533,0.008820438228335791,2.0,2.2,2.4,43.2,45.6,60.0,0.7,0.6,0.6,1.0
roughness,high_to_low,1,102,10,0.991012382376303,0.9097554999507148,0.997566087719105,0.007314746446765608,2.1,2.1,2.3,57.6,38.4,64.8,0.9,0.8,0.8,1.0
roughness,high_to_low,1,105,10,0.9982535993791595,0.9177111853312596,0.9981852497490751,0.0006269388723764369,2.4,2.2,2.4,57.6,33.6,60.0,1.0,0.9,0.9,1.0
roughness,high_to_low,1,108,10,0.9956274398209868,0.910621773501517,0.9969416020561003,0.002065693639028321,2.4,2.1,2.4,60.0,33.6,55.2,1.0,0.9,0.9,1.0
roughness,high_to_low,1,111,10,0.9115467641977123,0.8569857596855448,0.8950339286058698,0.041107514676593335,2.1,2.3,2.3,50.4,36.0,50.4,0.7,1.0,0.7,1.0
roughness,high_to_low,1,114,10,0.9913618040398868,0.8638988702537235,0.8782186078172366,0.11985540806535341,2.3,2.4,2.3,57.6,40.8,57.6,0.6,0.7,0.6,1.0
roughness,high_to_low,1,117,10,0.9895385613445307,0.8335196449142541,0.8752017226353754,0.1145000266060185,2.4,2.1,2.3,60.0,36.0,55.2,0.7,0.9,0.7,1.0
roughness,high_to_low,3,0,10,0.9651937705300858,0.9651937705300858,0.984609265400523,0.02854296900577411,2.1,2.1,2.0,43.2,43.2,52.8,0.5,0.5,0.3,0.0
roughness,high_to_low,3,3,10,0.9632600334393351,0.9632457678717443,0.9724342322480922,0.030076528598993867,2.0,2.0,1.8,48.0,48.0,48.0,0.4,0.6,0.2,0.08333333333333333
roughness,high_to_low,3,6,10,0.9507661137874729,0.952590393438362,0.9840086859163077,0.04112474526159014,1.9,2.0,2.1,50.4,52.8,55.2,0.4,0.5,0.2,0.15416666666666665
roughness,high_to_low,3,9,10,0.9528594171555319,0.9522159935424401,0.9790540196007038,0.03401405785407454,2.0,2.0,1.9,57.6,57.6,50.4,0.7,0.4,0.3,0.1875
roughness,high_to_low,3,12,10,0.9556266713882009,0.943375522924623,0.9440720468563455,0.05533088051030462,2.1,2.2,1.9,52.8,55.2,57.6,0.4,0.3,0.2,0.3
roughness,high_to_low,3,15,10,0.898297787919617,0.9176218906616382,0.9510856090359671,0.05970205064795937,2.0,2.4,2.0,50.4,52.8,57.6,0.4,0.2,0.1,0.36458333333333337
roughness,high_to_low,3,18,10,0.936413402428078,0.9660739684054157,0.9390248719588428,0.06275072735095888,2.1,2.6,1.9,50.4,55.2,50.4,0.4,0.2,0.1,0.4125
roughness,high_to_low,3,21,10,0.9458991336385625,0.9372228498660196,0.9493742538434095,0.0684055867208407,2.2,2.2,2.1,55.2,52.8,62.4,0.3,0.4,0.1,0.4520833333333334
roughness,high_to_low,3,24,10,0.9627347731362766,0.9558021545623149,0.9759183039327427,0.035320539756197165,2.3,2.3,2.0,60.0,64.8,50.4,0.5,0.4,0.2,0.45
roughness,high_to_low,3,27,10,0.9637549951232819,0.9643460927072226,0.9765006269192439,0.0334420582541047,2.2,2.2,1.9,57.6,55.2,50.4,0.5,0.4,0.2,0.5125
roughness,high_to_low,3,30,10,0.962420607015896,0.9478770367906477,0.9901209799634962,0.027976585591929126,2.1,2.0,2.0,55.2,55.2,57.6,0.5,0.4,0.1,0.5958333333333334
roughness,high_to_low,3,33,10,0.9557424752089106,0.9566723829367169,0.9873408276253576,0.03159835241644696,2.1,2.1,2.0,60.0,57.6,57.6,0.9,0.3,0.2,0.58125
roughness,high_to_low,3,36,10,0.9587649868231944,0.9387374220061631,0.990218792504322,0.03878156290022,2.1,1.9,2.1,52.8,38.4,55.2,0.4,0.5,0.2,0.7
roughness,high_to_low,3,39,10,0.9609955847156828,0.9405284173497866,0.9927019044331477,0.033304472919895814,2.0,1.9,2.1,50.4,38.4,57.6,0.5,0.3,0.1,0.7604166666666666
roughness,high_to_low,3,42,10,0.9642018858854138,0.945002968863643,0.988434998312619,0.037433772694114555,2.0,1.9,2.1,50.4,50.4,55.2,0.4,0.3,0.1,0.7958333333333333
roughness,high_to_low,3,45,10,0.9676195036591657,0.9323506274417518,0.9920552470333837,0.031191940190598712,2.0,1.8,2.1,50.4,33.6,62.4,0.5,0.3,0.2,0.83125
roughness,high_to_low,3,48,10,0.9601209321950608,0.9363982572315213,0.9884708998851481,0.03169092387412509,1.9,1.9,2.2,43.2,38.4,62.4,0.7,0.4,0.4,0.9
roughness,high_to_low,3,51,10,0.9707711025207676,0.9399572251699672,0.9887924218266365,0.021783031037591005,2.0,2.0,2.1,60.0,45.6,64.8,0.7,0.6,0.5,0.825
roughness,high_to_low,3,54,10,0.9729396208003991,0.938729404636776,0.9883654085706043,0.024702956136826115,2.0,2.0,2.1,60.0,50.4,60.0,0.7,0.6,0.5,0.85
roughness,high_to_low,3,57,10,0.9777144288624063,0.9429245323267408,0.9890954274925348,0.022113025889209447,2.0,2.0,2.1,52.8,45.6,60.0,0.7,0.2,0.2,0.9166666666666666
roughness,high_to_low,3,60,10,0.9342929471475683,0.9195406044793526,0.9849963938652019,0.058093783379531846,1.9,2.2,2.0,55.2,55.2,60.0,0.7,0.2,0.2,0.9333333333333333
roughness,high_to_low,3,63,10,0.9296269188512987,0.9112917858279042,0.9270651569368255,0.011792142470915345,1.9,2.1,1.9,50.4,43.2,62.4,0.8,0.1,0.1,0.95
roughness,high_to_low,3,66,10,0.9311238430697004,0.9083574974205432,0.9301828388971186,0.013415187439800113,2.0,2.1,2.0,57.6,48.0,60.0,0.6,0.4,0.2,0.95
roughness,high_to_low,3,69,10,0.9327710608127113,0.9137749755648805,0.9381337835141063,0.009273257389386242,2.0,2.1,2.2,60.0,45.6,67.2,0.9,0.6,0.6,0.975
roughness,high_to_low,3,72,10,0.9269638486757051,0.905675923093218,0.9252353987905577,0.015905130803698313,2.0,2.0,2.1,64.8,45.6,60.0,0.8,0.4,0.3,1.0
roughness,high_to_low,3,75,10,0.9314036869127442,0.9036013893878657,0.9337359830072873,0.006439920439690205,1.9,1.9,2.0,60.0,43.2,62.4,0.9,0.6,0.6,1.0
roughness,high_to_low,3,78,10,0.9441394161263655,0.9211287774503358,0.9299365018092705,0.030692994672016437,1.8,1.9,1.9,64.8,43.2,57.6,0.8,0.3,0.2,1.0
roughness,high_to_low,3,81,10,0.946867811697367,0.9278923850146572,0.9510881370070312,0.006501076915096759,1.8,2.0,2.0,62.4,38.4,55.2,0.9,0.4,0.4,1.0
roughness,high_to_low,3,84,10,0.9477297729015696,0.9327001208679064,0.954787598658298,0.012835862577466361,1.7,2.0,2.0,60.0,43.2,64.8,0.8,0.4,0.4,1.0
roughness,high_to_low,3,87,10,0.9505572887160291,0.93340761066263,0.9565960817535242,0.01124264910124817,1.7,2.1,1.9,52.8,43.2,60.0,0.8,0.3,0.3,1.0
roughness,high_to_low,3,90,10,0.9579467618933464,0.9266880357524991,0.9273908563399053,0.03613337980090573,1.9,2.0,1.9,57.6,48.0,57.6,0.8,0.5,0.4,1.0
roughness,high_to_low,3,93,10,0.9503294478198334,0.9407690848077124,0.9635238707955395,0.01511835075830521,1.7,2.1,2.0,62.4,43.2,64.8,0.8,0.5,0.5,1.0
roughness,high_to_low,3,96,10,0.949658177544026,0.9353495218338674,0.9601638746390995,0.0120373974530673,1.7,2.1,1.9,60.0,43.2,64.8,0.8,0.6,0.6,1.0
roughness,high_to_low,3,99,10,0.9569339181827738,0.9318290482287781,0.9662578447562205,0.01261826647376294,1.7,2.0,2.0,55.2,50.4,67.2,0.7,0.5,0.5,1.0
roughness,high_to_low,3,102,10,0.9573565917225659,0.9275672893856136,0.966141209876586,0.011691123207314802,1.8,1.9,2.0,57.6,50.4,64.8,0.8,0.8,0.8,1.0
roughness,high_to_low,3,105,10,0.9569310057229392,0.9324133860207937,0.9658991322954524,0.012911859696438877,1.8,1.9,2.0,60.0,43.2,57.6,0.7,0.5,0.5,1.0
roughness,high_to_low,3,108,10,0.9693972659051834,0.9379987951157839,0.9684553078820931,0.0011520479367696178,2.1,2.1,2.3,55.2,48.0,62.4,0.9,0.8,0.8,1.0
roughness,high_to_low,3,111,10,0.9875045938465948,0.9370839786436005,0.9899242031508321,0.0028853811770312987,1.9,2.1,2.2,57.6,43.2,62.4,0.8,0.9,0.8,1.0
roughness,high_to_low,3,114,10,0.9918510225444525,0.9690218382497513,0.9594562475031376,0.033816353014243405,2.1,2.2,2.2,55.2,40.8,57.6,0.8,0.8,0.8,1.0
roughness,high_to_low,3,117,10,0.992488675706127,0.9707331741306099,0.9601568717982332,0.03513201883273172,2.2,2.3,2.2,57.6,45.6,55.2,0.8,0.7,0.7,1.0
roughness,high_to_low,6,0,10,0.9616801733089645,0.9616801733089645,0.9831882470015751,0.033103130514974835,2.1,2.1,2.1,50.4,50.4,52.8,0.4,0.4,0.2,0.0
roughness,high_to_low,6,3,10,0.9595228331263878,0.9594864999873061,0.9728464335544613,0.035629259932552705,2.0,2.0,1.9,55.2,55.2,52.8,0.3,0.7,0.2,0.06875
roughness,high_to_low,6,6,10,0.9614951945980629,0.961668794353393,0.9827228141838059,0.03796315397524325,2.0,2.0,2.2,57.6,57.6,57.6,0.4,0.5,0.2,0.13333333333333333
roughness,high_to_low,6,9,10,0.9533701386710245,0.9567561573765098,0.9920433849021982,0.03890074188850882,1.9,2.0,2.2,62.4,62.4,55.2,0.5,0.3,0.0,0.175
roughness,high_to_low,6,12,10,0.9594540335016782,0.9592593720358226,0.9859591627093142,0.030058675653721965,2.1,2.1,2.0,62.4,62.4,52.8,0.5,0.2,0.1,0.2333333333333333
roughness,high_to_low,6,15,10,0.9576619764523132,0.9576579053837054,0.9855119835206996,0.032589084603245014,2.1,2.3,2.0,60.0,60.0,55.2,0.5,0.2,0.1,0.30208333333333337
roughness,high_to_low,6,18,10,0.9445473295649307,0.903348030821635,0.9825648509577922,0.04359588449937184,2.1,2.3,2.0,57.6,60.0,50.4,0.5,0.3,0.2,0.375
roughness,high_to_low,6,21,10,0.9468584282830232,0.9571321097087155,0.9884326741704925,0.04222775202139626,2.1,2.3,2.1,57.6,60.0,55.2,0.6,0.3,0.2,0.4375
roughness,high_to_low,6,24,10,0.951322317341201,0.9561577640825467,0.9880876075703243,0.04071339069097611,2.2,2.3,2.1,57.6,57.6,57.6,0.5,0.2,0.1,0.5
roughness,high_to_low,6,27,10,0.9607898389681326,0.952218903712329,0.9804591753800663,0.033259082642079704,2.2,2.1,2.0,57.6,48.0,55.2,0.6,0.2,0.1,0.5125
roughness,high_to_low,6,30,10,0.9497096784048693,0.9485692098733249,0.9867491819268162,0.04131875893180653,2.0,2.1,2.0,50.4,52.8,52.8,0.6,0.3,0.2,0.6375
roughness,high_to_low,6,33,10,0.9481019967725246,0.9429061050458138,0.9868679492191312,0.043214110359282056,2.0,2.0,2.0,52.8,55.2,55.2,0.6,0.5,0.2,0.6583333333333333
roughness,high_to_low,6,36,10,0.9450242365141234,0.9380665218572464,0.9843448847733145,0.05105450966350158,2.0,1.9,2.0,55.2,45.6,55.2,0.6,0.5,0.2,0.675
roughness,high_to_low,6,39,10,0.9587558308027175,0.9239390382736561,0.9958476613426843,0.03709183053996677,2.0,1.8,2.2,48.0,40.8,55.2,0.6,0.4,0.3,0.7875
roughness,high_to_low,6,42,10,0.9598158837734703,0.9493977827973479,0.9954971857156535,0.035681301942183205,2.0,1.9,2.2,48.0,38.4,55.2,0.6,0.4,0.3,0.825
roughness,high_to_low,6,45,10,0.9636168555410134,0.9331594245157445,0.993126958604452,0.03616887562481983,2.0,1.8,2.2,50.4,36.0,60.0,0.5,0.2,0.1,0.83125
roughness,high_to_low,6,48,10,0.9650261974390674,0.9246572758954136,0.9911814032748028,0.030375368983645547,2.0,1.8,2.0,50.4,40.8,57.6,0.6,0.2,0.1,0.8666666666666666
roughness,high_to_low,6,51,10,0.9665779392885334,0.9284548102118528,0.9888936948258846,0.0296253351827089,2.0,1.9,2.0,57.6,50.4,62.4,0.6,0.5,0.4,0.825
roughness,high_to_low,6,54,10,0.9692151713187849,0.9369283915910362,0.9900336766290179,0.022851348755505308,2.0,2.0,2.1,57.6,43.2,60.0,0.7,0.3,0.3,0.875
roughness,high_to_low,6,57,10,0.972943883196123,0.9358885277916178,0.9877590966544101,0.022891932952596117,2.0,2.0,2.1,55.2,48.0,60.0,0.7,0.4,0.4,0.9166666666666666
roughness,high_to_low,6,60,10,0.9762120961444051,0.9275403876022998,0.9843463613926465,0.018594935117460742,2.0,2.0,2.0,50.4,40.8,60.0,0.8,0.3,0.3,0.95
roughness,high_to_low,6,63,10,0.9748611094007223,0.9366195990848727,0.9829034968501407,0.016322911868748603,2.0,2.1,2.0,57.6,52.8,62.4,0.8,0.3,0.2,0.95
roughness,high_to_low,6,66,10,0.9781438624986111,0.8884740738078192,0.9817018561921165,0.018404920473699026,1.9,2.0,2.0,55.2,50.4,60.0,0.7,0.2,0.1,0.9583333333333334
roughness,high_to_low,6,69,10,0.9382545705043446,0.9147389571654889,0.9828416007937776,0.061205357879063504,1.9,2.1,2.1,60.0,50.4,60.0,0.6,0.4,0.3,0.9708333333333334
roughness,high_to_low,6,72,10,0.9841665636474797,0.9225492758520325,0.9817633535970511,0.019324925406377556,2.1,2.1,2.2,60.0,48.0,62.4,0.8,0.5,0.4,1.0
roughness,high_to_low,6,75,10,0.9831908017007004,0.911415343543678,0.9858790167904891,0.010176772981852478,2.0,1.9,2.1,60.0,40.8,64.8,0.9,0.5,0.4,1.0
roughness,high_to_low,6,78,10,0.9822354935361719,0.9150134303856625,0.9862195475914565,0.0068148586378698915,1.9,1.9,2.0,62.4,40.8,60.0,0.9,0.4,0.4,1.0
roughness,high_to_low,6,81,10,0.9846662643375261,0.9259516332332982,0.9872509605147102,0.006898917409647831,1.9,1.9,2.0,62.4,40.8,60.0,0.9,0.4,0.4,1.0
roughness,high_to_low,6,84,10,0.979002387866761,0.926913671495669,0.9876529202471162,0.012513339398159818,1.8,2.0,2.0,60.0,40.8,60.0,0.8,0.4,0.4,1.0
roughness,high_to_low,6,87,10,0.9794947743850884,0.9312110885399039,0.9886450176797856,0.012480138671191455,1.8,2.0,2.0,60.0,40.8,60.0,0.8,0.4,0.4,1.0
roughness,high_to_low,6,90,10,0.9751497100675408,0.9327814177102877,0.9902273994275401,0.01718437794516441,1.8,2.1,2.1,57.6,43.2,60.0,0.8,0.5,0.5,1.0
roughness,high_to_low,6,93,10,0.971274804268081,0.9279212061716029,0.990294148360982,0.020824324843379326,1.8,2.0,2.1,60.0,43.2,60.0,0.8,0.4,0.4,1.0
roughness,high_to_low,6,96,10,0.9753899214403564,0.9614438121896047,0.9900336248536847,0.015266742087941631,1.8,2.1,2.1,60.0,38.4,64.8,0.8,0.6,0.6,1.0
roughness,high_to_low,6,99,10,0.9718394256920359,0.9507326079610617,0.9847479875119756,0.014379672630449425,1.8,1.9,2.0,55.2,43.2,60.0,0.8,0.6,0.6,1.0
roughness,high_to_low,6,102,10,0.9784566272657559,0.9572916975119281,0.9867491392113188,0.016537151325029708,1.9,2.0,2.0,60.0,43.2,62.4,0.7,0.6,0.6,1.0
roughness,high_to_low,6,105,10,0.9767414255195952,0.9600401047134917,0.989792681774895,0.014747155097577559,1.9,2.0,2.1,60.0,43.2,67.2,0.8,0.8,0.8,1.0
roughness,high_to_low,6,108,10,0.9781792253277851,0.9631245086730233,0.991657093448457,0.015037304996830814,2.0,2.0,2.2,60.0,40.8,62.4,0.8,0.8,0.7,1.0
roughness,high_to_low,6,111,10,0.9918870544006188,0.9684954787585187,0.9913212900748427,0.0013336903116075716,2.1,2.1,2.2,60.0,43.2,64.8,0.9,0.9,0.9,1.0
roughness,high_to_low,6,114,10,0.9896382492074365,0.974514441474015,0.9932064868162808,0.003957732363137978,2.1,2.2,2.3,64.8,40.8,67.2,0.8,0.9,0.8,1.0
roughness,high_to_low,12,0,10,0.9580658644567087,0.9580658644567087,0.9771925686475053,0.03407846335480204,2.1,2.1,1.9,57.6,57.6,48.0,0.6,0.3,0.2,0.0
roughness,high_to_low,12,3,10,0.9545682640214752,0.9544673835084815,0.9698433288450156,0.0480686555236499,2.0,2.0,1.9,57.6,57.6,48.0,0.5,0.2,0.1,0.05833333333333333
roughness,high_to_low,12,6,10,0.9528592881028723,0.9528554301271018,0.9712349336286769,0.047510821006430615,2.0,2.0,2.0,60.0,60.0,50.4,0.6,0.6,0.5,0.12083333333333332
roughness,high_to_low,12,9,10,0.9586518372197894,0.9602300191308502,0.9835363916465167,0.039371584948125024,2.0,2.1,2.2,60.0,64.8,57.6,0.6,0.6,0.4,0.16875
roughness,high_to_low,12,12,10,0.9524983966036116,0.9526375526157522,0.9876912716074914,0.03521525036017966,1.9,1.9,2.2,64.8,64.8,57.6,0.7,0.5,0.3,0.20833333333333331
roughness,high_to_low,12,15,10,0.9584685599648894,0.9571981274829907,0.9937778856852001,0.03531161792784081,2.1,2.1,2.3,64.8,67.2,60.0,0.6,0.5,0.4,0.2604166666666667
roughness,high_to_low,12,18,10,0.96193854564904,0.9587730085741187,0.9880442051138912,0.03220478617301681,2.1,2.1,2.2,55.2,62.4,57.6,0.5,0.4,0.3,0.4125
roughness,high_to_low,12,21,10,0.9784675988432072,0.9434716799103062,0.987664881942359,0.02071008144880806,2.1,2.3,2.1,52.8,62.4,55.2,0.4,0.3,0.2,0.4958333333333333
roughness,high_to_low,12,24,10,0.9631369787813157,0.9556461313187115,0.986298511760058,0.027689854582764174,2.1,2.4,2.1,55.2,64.8,52.8,0.6,0.2,0.2,0.55
roughness,high_to_low,12,27,10,0.9437607925752489,0.9555272645065662,0.9748592424034154,0.05274735263127038,2.2,2.3,2.0,57.6,57.6,50.4,0.4,0.4,0.2,0.5375
roughness,high_to_low,12,30,10,0.9448299679740948,0.9559559047779246,0.9795028970005465,0.051696316678656665,2.2,2.3,2.0,57.6,55.2,50.4,0.4,0.4,0.2,0.575
roughness,high_to_low,12,33,10,0.9432619436537161,0.9786950278901898,0.9814368077627466,0.05112714119977274,2.0,2.3,2.0,50.4,55.2,52.8,0.6,0.2,0.1,0.6895833333333333
roughness,high_to_low,12,36,10,0.9564618387348023,0.9521213663103735,0.9852642694191116,0.03752409986744472,2.1,2.1,2.0,55.2,48.0,52.8,0.5,0.4,0.2,0.675
roughness,high_to_low,12,39,10,0.9590267434315909,0.9447777689156543,0.9848961789520587,0.03422613087775824,2.1,2.0,2.0,52.8,45.6,55.2,0.5,0.2,0.1,0.7416666666666666
roughness,high_to_low,12,42,10,0.9599827961646286,0.9501613326885696,0.993158008880342,0.03341133208975289,2.1,2.1,2.1,50.4,45.6,52.8,0.6,0.3,0.3,0.8125
roughness,high_to_low,12,45,10,0.9407789375185445,0.9348131683813261,0.993650594026486,0.052871656507941525,1.8,1.9,2.1,48.0,38.4,55.2,0.6,0.2,0.1,0.8625
roughness,high_to_low,12,48,10,0.9451354039289654,0.9300899814291513,0.994890773482715,0.04975536955374947,1.8,1.9,2.1,45.6,40.8,52.8,0.6,0.2,0.2,0.9333333333333332
roughness,high_to_low,12,51,10,0.9620341367742394,0.927325021387748,0.993541693782843,0.03150755700860349,1.9,1.9,2.0,50.4,40.8,52.8,0.7,0.2,0.2,0.9125
roughness,high_to_low,12,54,10,0.9635029786354371,0.9173443027438246,0.9924019014111058,0.028937208215744435,1.9,1.9,2.0,55.2,45.6,55.2,0.7,0.4,0.4,0.875
roughness,high_to_low,12,57,10,0.969725021779321,0.920622424952294,0.9938830467173521,0.02448609634204728,2.0,1.9,2.1,55.2,50.4,55.2,0.7,0.4,0.4,0.8958333333333333
roughness,high_to_low,12,60,10,0.971283232577829,0.9108208305136636,0.9905405287571141,0.021618000663935145,2.0,1.9,2.1,57.6,45.6,57.6,0.7,0.4,0.4,0.9166666666666667
roughness,high_to_low,12,63,10,0.9745611366929431,0.9258757605413084,0.9848462712928461,0.018948462947130505,2.0,2.1,2.0,57.6,50.4,57.6,0.8,0.4,0.4,0.9375
roughness,high_to_low,12,66,10,0.9753450609030491,0.9166940726925702,0.9815869419421521,0.017730805287413488,2.0,2.1,2.0,55.2,55.2,60.0,0.8,0.2,0.2,0.9666666666666666
roughness,high_to_low,12,69,10,0.9742523237102935,0.9160675976037357,0.9842797524544453,0.022320463119307177,2.0,2.1,2.0,60.0,55.2,52.8,0.8,0.6,0.5,0.9791666666666667
roughness,high_to_low,12,72,10,0.9816514327946472,0.8600245229642638,0.9810236154035424,0.02285196601702686,2.0,2.0,2.1,55.2,45.6,57.6,0.7,0.5,0.4,1.0
roughness,high_to_low,12,75,10,0.9827118249128644,0.9142855336785175,0.9803584974413058,0.023664075720907552,2.0,2.0,2.1,57.6,48.0,57.6,0.7,0.4,0.3,1.0
roughness,high_to_low,12,78,10,0.9831873216590642,0.9262623999789558,0.9901484559619351,0.013197535617223966,2.0,1.9,2.2,60.0,52.8,62.4,0.8,0.6,0.5,1.0
roughness,high_to_low,12,81,10,0.98690250579276,0.9200234403691067,0.9878741151481902,0.00951239220524236,1.9,1.9,2.1,55.2,45.6,62.4,0.8,0.7,0.6,1.0
roughness,high_to_low,12,84,10,0.9721856737426775,0.9441931242374894,0.986472251258018,0.017431128521762318,1.8,1.9,2.0,62.4,40.8,64.8,0.8,0.6,0.5,1.0
roughness,high_to_low,12,87,10,0.9747485060973412,0.9566499588012448,0.9886383826305496,0.015528116342631315,1.8,2.0,2.0,64.8,43.2,60.0,0.8,0.5,0.4,1.0
roughness,high_to_low,12,90,10,0.9800696476457977,0.9592809572142118,0.9906880794498149,0.013690439463667103,1.8,2.0,2.1,57.6,43.2,62.4,0.8,0.6,0.6,1.0
roughness,high_to_low,12,93,10,0.9782100174000847,0.959682054687856,0.9910120546955635,0.015698378821509807,1.8,2.0,2.1,60.0,45.6,62.4,0.8,0.5,0.5,1.0
roughness,high_to_low,12,96,10,0.9768385906950503,0.9620727921493216,0.9911238883016186,0.01673089394280025,1.8,2.0,2.1,57.6,45.6,62.4,0.8,0.6,0.6,1.0
roughness,high_to_low,12,99,10,0.9746190457888616,0.9605041627488689,0.9944294650926381,0.021737350424232627,1.8,2.0,2.2,62.4,40.8,62.4,0.7,0.7,0.5,1.0
roughness,high_to_low,12,102,10,0.979067137055041,0.9596622621437184,0.9940020973156736,0.01607201016695673,1.9,2.0,2.2,64.8,48.0,64.8,0.8,0.7,0.6,1.0
roughness,high_to_low,12,105,10,0.9792227772887389,0.9620121181551795,0.9942109521570032,0.016332307149529192,1.9,2.0,2.2,64.8,48.0,64.8,0.8,0.7,0.6,1.0
roughness,high_to_low,12,108,10,0.9776139160724684,0.9672800912526036,0.9937579663817923,0.017721119914631222,1.9,2.1,2.2,64.8,48.0,64.8,0.8,0.7,0.6,1.0
roughness,low_to_high,1,0,10,0.9835490230225353,0.9835490230225353,0.9533261656143361,0.03127397687520624,2.0,2.0,1.9,50.4,50.4,40.8,0.5,0.4,0.3,0.0
roughness,low_to_high,1,3,10,0.9475433818544247,0.9477983574589451,0.9106557566200701,0.0399820851949058,1.8,1.8,1.8,55.2,55.2,43.2,0.6,0.5,0.4,0.06875
roughness,low_to_high,1,6,10,0.9416981945971108,0.9422451665619533,0.9052422066287915,0.04248436299351703,1.9,1.8,1.8,50.4,48.0,40.8,0.5,0.5,0.4,0.14583333333333331
roughness,low_to_high,1,9,10,0.9327996359489553,0.9340297113473992,0.897061123385706,0.05094667190949141,1.8,1.8,1.8,50.4,50.4,43.2,0.4,0.6,0.3,0.21875
roughness,low_to_high,1,12,10,0.9273986545627825,0.9265290672599524,0.8574469041941015,0.072676605660251,1.8,1.7,1.7,50.4,55.2,38.4,0.5,0.4,0.1,0.275
roughness,low_to_high,1,15,10,0.9261100042750771,0.9272657310936957,0.8401738207018727,0.0894353251595015,1.9,1.8,1.8,50.4,52.8,33.6,0.9,0.3,0.3,0.34375
roughness,low_to_high,1,18,10,0.9267995958190209,0.9231612712253441,0.8786368785857046,0.10201769846576274,2.1,2.0,2.0,40.8,48.0,36.0,0.7,0.4,0.4,0.4875
roughness,low_to_high,1,21,10,0.9149892287498502,0.9148965566810034,0.7995191417965269,0.1154701152447597,2.0,1.8,1.7,45.6,48.0,36.0,0.5,0.5,0.4,0.5395833333333333
roughness,low_to_high,1,24,10,0.9137643389051122,0.9183815713945954,0.8308743546597253,0.08288998424538699,2.2,2.0,1.7,55.2,57.6,36.0,0.5,0.5,0.5,0.5166666666666667
roughness,low_to_high,1,27,10,0.9600215823328858,0.9669293826896872,0.8814008884628945,0.07868652915022549,2.2,2.1,1.9,52.8,60.0,40.8,0.7,0.5,0.5,0.575
roughness,low_to_high,1,30,10,0.9027642756495358,0.8995661708644684,0.8631208451232466,0.08463481361044851,2.0,1.8,2.0,45.6,52.8,43.2,0.6,0.4,0.4,0.7125
roughness,low_to_high,1,33,10,0.8834717315757062,0.8838936448655772,0.8052938766586907,0.07817785491701568,2.0,2.0,2.0,55.2,57.6,43.2,0.8,0.5,0.5,0.6354166666666667
roughness,low_to_high,1,36,10,0.9643302074600424,0.9173346370420814,0.8951213732189686,0.06920883424107385,2.2,1.9,2.0,55.2,52.8,45.6,0.8,0.7,0.6,0.675
roughness,low_to_high,1,39,10,0.8856482102014102,0.9192096769425382,0.8813208803066919,0.06625244730783261,2.1,1.9,2.0,52.8,48.0,38.4,0.7,0.5,0.4,0.7416666666666666
roughness,low_to_high,1,42,10,0.8733025737616564,0.9032350619256961,0.8825856522650183,0.05926947988555682,2.1,2.0,2.0,62.4,60.0,43.2,0.7,0.4,0.3,0.7
roughness,low_to_high,1,45,10,0.8544870696102338,0.9062674381638145,0.8292883248144601,0.08259878943378234,1.9,1.9,1.9,43.2,48.0,31.2,0.7,0.4,0.4,0.875
roughness,low_to_high,1,48,10,0.8863978945794617,0.8961793173800328,0.8388708797043343,0.04752701487512731,2.0,2.1,1.8,50.4,52.8,43.2,0.7,0.7,0.6,0.8333333333333333
roughness,low_to_high,1,51,10,0.8536107999516552,0.9412648583747792,0.8258112695974805,0.05854673179466062,1.8,2.3,1.8,48.0,52.8,40.8,0.7,0.5,0.4,0.8833333333333334
roughness,low_to_high,1,54,10,0.8589140044903013,0.9805680807937728,0.8305193247413388,0.06127031682506787,1.8,2.1,1.8,48.0,57.6,40.8,0.7,0.5,0.4,0.9
roughness,low_to_high,1,57,10,0.9143950462256976,0.9339213054239706,0.9045944244889114,0.037529546342284476,1.9,1.8,1.9,36.0,52.8,33.6,0.7,0.7,0.6,0.9583333333333334
roughness,low_to_high,1,60,10,0.9005072272956843,0.9343768023970391,0.9016575619536308,0.0756153656629623,2.1,1.9,1.8,45.6,50.4,33.6,0.6,0.6,0.5,0.95
roughness,low_to_high,1,63,10,0.874522844467789,0.9327893188317006,0.9074854263184843,0.08067973157628876,2.0,2.0,2.1,40.8,55.2,40.8,0.7,0.7,0.7,0.975
roughness,low_to_high,1,66,10,0.8716688821540475,0.9273930279026377,0.8943888009964585,0.07745533795461179,2.0,1.9,2.1,40.8,55.2,40.8,0.7,0.8,0.7,0.9833333333333332
roughness,low_to_high,1,69,10,0.8279004973713038,0.9776961788325098,0.9032229820410385,0.10071041319953636,1.9,2.1,2.2,50.4,64.8,55.2,0.7,0.8,0.7,0.9875
roughness,low_to_high,1,72,10,0.9100711924223063,0.9774159475391755,0.9611046065017368,0.054135204252711254,2.1,2.3,2.4,40.8,52.8,38.4,0.8,0.7,0.7,1.0
roughness,low_to_high,1,75,10,0.8879330383638309,0.972706991247286,0.9090763148303047,0.0616902004803504,2.2,2.2,2.3,40.8,52.8,36.0,0.8,0.8,0.7,1.0
roughness,low_to_high,1,78,10,0.9147154077939575,0.9722908191811979,0.9342544710062942,0.06456323333373312,2.4,2.1,2.4,55.2,62.4,45.6,0.7,0.7,0.5,1.0
roughness,low_to_high,1,81,10,0.8517437894372447,0.9977692161678403,0.927225424582055,0.116134804963234,2.1,2.2,2.2,48.0,62.4,43.2,0.7,0.8,0.6,1.0
roughness,low_to_high,1,84,10,0.8939579874695689,0.9956502282592506,0.9322698790536272,0.0826710005128663,2.1,2.2,2.3,38.4,57.6,50.4,0.4,0.6,0.4,1.0
roughness,low_to_high,1,87,10,0.8842047316689186,0.9933426783444661,0.9121888318427368,0.08499843005661713,2.0,2.3,2.2,48.0,64.8,52.8,0.6,0.7,0.6,1.0
roughness,low_to_high,1,90,10,0.9046733954673428,0.9926577165213175,0.8731670472460549,0.0460634259044291,2.3,2.3,2.3,48.0,64.8,48.0,0.8,0.8,0.7,1.0
roughness,low_to_high,1,93,10,0.8096235178874267,0.8936753601670764,0.8182817037455342,0.08408134817870734,2.1,2.1,2.2,48.0,50.4,50.4,0.7,0.9,0.7,1.0
roughness,low_to_high,1,96,10,0.8072096452243265,0.8927093884666742,0.81585096343848,0.08100171506738549,2.1,2.1,2.2,50.4,60.0,52.8,0.7,0.7,0.6,1.0
roughness,low_to_high,1,99,10,0.8134622349501772,0.9983826330782533,0.9197309502020137,0.1611686582746114,2.1,2.4,2.2,43.2,60.0,45.6,0.5,0.6,0.4,1.0
roughness,low_to_high,1,102,10,0.8010273728614956,0.997566087719105,0.9097554999507148,0.15635545206700038,1.9,2.3,2.1,38.4,64.8,38.4,0.6,1.0,0.6,1.0
roughness,low_to_high,1,105,10,0.8144245288927008,0.9981852497490751,0.9177111853312596,0.14779084724947314,2.1,2.4,2.2,40.8,60.0,33.6,0.7,0.8,0.7,1.0
roughness,low_to_high,1,108,10,0.9222472761896915,0.9969416020561003,0.910621773501517,0.03799295492636214,2.0,2.4,2.1,36.0,55.2,33.6,0.9,0.9,0.9,1.0
roughness,low_to_high,1,111,10,0.8506142107146071,0.8950339286058698,0.8569857596855448,0.05061047642232365,2.2,2.3,2.3,38.4,50.4,36.0,0.9,0.9,0.8,1.0
roughness,low_to_high,1,114,10,0.8542142376818086,0.8782186078172366,0.8638988702537235,0.04969426621384018,2.3,2.3,2.4,40.8,57.6,40.8,0.9,1.0,0.9,1.0
roughness,low_to_high,1,117,10,0.8515385243763207,0.8752017226353754,0.8335196449142541,0.018023880650707577,2.1,2.3,2.1,38.4,55.2,36.0,1.0,0.9,0.9,1.0
roughness,low_to_high,3,0,10,0.984609265400523,0.984609265400523,0.9651937705300858,0.02854296900577411,2.0,2.0,2.1,52.8,52.8,43.2,0.5,0.5,0.3,0.0
roughness,low_to_high,3,3,10,0.9721269021109658,0.9724342322480922,0.9632457678717443,0.030249586798827575,1.8,1.8,2.0,48.0,48.0,48.0,0.4,0.6,0.2,0.075
roughness,low_to_high,3,6,10,0.9490936018006751,0.9840086859163077,0.952590393438362,0.05612554448613037,2.0,2.1,2.0,55.2,55.2,52.8,0.4,0.4,0.2,0.12083333333333332
roughness,low_to_high,3,9,10,0.9555618360059176,0.9790540196007038,0.9522159935424401,0.05418850506309296,2.1,1.9,2.0,57.6,50.4,57.6,0.5,0.3,0.2,0.1625
roughness,low_to_high,3,12,10,0.9393862702412056,0.9440720468563455,0.943375522924623,0.06729476906225437,1.9,1.9,2.2,55.2,57.6,55.2,0.3,0.2,0.2,0.24166666666666664
roughness,low_to_high,3,15,10,0.9518658915873448,0.9510856090359671,0.9176218906616382,0.03424400092570659,2.2,2.0,2.4,55.2,57.6,52.8,0.6,0.3,0.2,0.30208333333333337
roughness,low_to_high,3,18,10,0.9435123983699697,0.9390248719588428,0.9660739684054157,0.04453981045791132,2.3,1.9,2.6,60.0,50.4,55.2,0.3,0.5,0.3,0.3125
roughness,low_to_high,3,21,10,0.9454104718601102,0.9493742538434095,0.9372228498660196,0.06856818036826492,2.2,2.1,2.2,57.6,62.4,52.8,0.4,0.3,0.2,0.3791666666666667
roughness,low_to_high,3,24,10,0.9473639285206648,0.9759183039327427,0.9558021545623149,0.05709365742193784,2.4,2.0,2.3,62.4,50.4,64.8,0.3,0.4,0.1,0.4
roughness,low_to_high,3,27,10,0.9754368294849775,0.9765006269192439,0.9643460927072226,0.028828725073482674,2.1,1.9,2.2,60.0,50.4,55.2,0.5,0.6,0.2,0.49375
roughness,low_to_high,3,30,10,0.9788066483882272,0.9901209799634962,0.9478770367906477,0.03171106915980528,2.1,2.0,2.0,60.0,57.6,55.2,0.7,0.6,0.4,0.5375
roughness,low_to_high,3,33,10,0.9354917219039105,0.9873408276253576,0.9566723829367169,0.07087338750278353,2.0,2.0,2.1,62.4,57.6,57.6,0.5,0.4,0.3,0.5583333333333333
roughness,low_to_high,3,36,10,0.9293000381001277,0.990218792504322,0.9387374220061631,0.08224931558209102,1.9,2.1,1.9,60.0,55.2,38.4,0.4,0.3,0.1,0.625
roughness,low_to_high,3,39,10,0.9277620634108639,0.9927019044331477,0.9405284173497866,0.08664444648083296,1.9,2.1,1.9,50.4,57.6,38.4,0.4,0.5,0.2,0.7604166666666666
roughness,low_to_high,3,42,10,0.9159065764723875,0.988434998312619,0.945002968863643,0.07559046551691637,1.8,2.1,1.9,50.4,55.2,50.4,0.5,0.5,0.3,0.7791666666666667
roughness,low_to_high,3,45,10,0.9218549983590423,0.9920552470333837,0.9323506274417518,0.06911438842399842,2.0,2.1,1.8,48.0,62.4,33.6,0.7,0.5,0.4,0.8375
roughness,low_to_high,3,48,10,0.959235341167879,0.9884708998851481,0.9363982572315213,0.022936271796172535,2.2,2.2,1.9,45.6,62.4,38.4,0.7,0.8,0.7,0.8666666666666666
roughness,low_to_high,3,51,10,0.9568071050139567,0.9887924218266365,0.9399572251699672,0.01767727901151358,2.2,2.1,2.0,50.4,64.8,45.6,0.8,0.8,0.7,0.8541666666666667
roughness,low_to_high,3,54,10,0.9507479479944105,0.9883654085706043,0.938729404636776,0.01821351715388079,2.2,2.1,2.0,55.2,60.0,50.4,0.8,0.5,0.4,0.875
roughness,low_to_high,3,57,10,0.9448470842409957,0.9890954274925348,0.9429245323267408,0.022902394195163857,2.1,2.1,2.0,48.0,60.0,45.6,0.7,0.5,0.4,0.9166666666666666
roughness,low_to_high,3,60,10,0.9165273890986304,0.9849963938652019,0.9195406044793526,0.010929024175581326,2.1,2.0,2.2,50.4,60.0,55.2,0.9,0.8,0.8,0.95
roughness,low_to_high,3,63,10,0.8895298242761849,0.9270651569368255,0.9112917858279042,0.027312916752789372,1.9,1.9,2.1,43.2,62.4,43.2,0.8,0.7,0.6,0.9625
roughness,low_to_high,3,66,10,0.8972240962780955,0.9301828388971186,0.9083574974205432,0.017246999375204485,2.0,2.0,2.1,48.0,60.0,48.0,0.9,0.8,0.7,0.9666666666666666
roughness,low_to_high,3,69,10,0.8879918460070154,0.9381337835141063,0.9137749755648805,0.028694086492653155,1.8,2.2,2.1,43.2,67.2,45.6,0.7,0.5,0.4,0.9916666666666666
roughness,low_to_high,3,72,10,0.8997760605849361,0.9252353987905577,0.905675923093218,0.018835407442292985,1.9,2.1,2.0,38.4,60.0,45.6,0.7,0.5,0.5,1.0
roughness,low_to_high,3,75,10,0.9024520680196811,0.9337359830072873,0.9036013893878657,0.01372907007229312,2.0,2.0,1.9,40.8,62.4,43.2,0.7,0.9,0.7,1.0
roughness,low_to_high,3,78,10,0.9264384903154037,0.9299365018092705,0.9211287774503358,0.0073332832640422676,2.1,1.9,1.9,45.6,57.6,43.2,0.8,0.7,0.6,1.0
roughness,low_to_high,3,81,10,0.9044768545714852,0.9510881370070312,0.9278923850146572,0.028513912345129268,1.9,2.0,2.0,43.2,55.2,38.4,0.7,0.5,0.5,1.0
roughness,low_to_high,3,84,10,0.9223575143176287,0.954787598658298,0.9327001208679064,0.01621306012381688,2.0,2.0,2.0,43.2,64.8,43.2,0.8,0.8,0.7,1.0
roughness,low_to_high,3,87,10,0.9271852593578227,0.9565960817535242,0.93340761066263,0.013097730759133452,2.1,1.9,2.1,38.4,60.0,43.2,0.8,0.8,0.6,1.0
roughness,low_to_high,3,90,10,0.9224685845259758,0.9273908563399053,0.9266880357524991,0.010957769385324135,2.0,1.9,2.0,40.8,57.6,48.0,0.8,0.7,0.6,1.0
roughness,low_to_high,3,93,10,0.8773564571039625,0.9635238707955395,0.9407690848077124,0.0690644579386325,2.0,2.0,2.1,43.2,64.8,43.2,0.7,1.0,0.7,1.0
roughness,low_to_high,3,96,10,0.8825512262454293,0.9601638746390995,0.9353495218338674,0.05369918051808069,2.0,1.9,2.1,45.6,64.8,43.2,0.9,0.9,0.9,1.0
roughness,low_to_high,3,99,10,0.8780360678397374,0.9662578447562205,0.9318290482287781,0.054475798370053355,1.8,2.0,2.0,48.0,67.2,50.4,0.8,0.9,0.8,1.0
roughness,low_to_high,3,102,10,0.892366374936526,0.966141209876586,0.9275672893856136,0.04324675703780313,1.9,2.0,1.9,50.4,64.8,50.4,0.8,1.0,0.8,1.0
roughness,low_to_high,3,105,10,0.8945955491092462,0.9658991322954524,0.9324133860207937,0.04727020611353988,1.9,2.0,1.9,43.2,57.6,43.2,0.8,1.0,0.8,1.0
roughness,low_to_high,3,108,10,0.8969533456203784,0.9684553078820931,0.9379987951157839,0.04165240720451804,2.0,2.3,2.1,45.6,62.4,48.0,0.9,0.9,0.9,1.0
roughness,low_to_high,3,111,10,0.9372838768799919,0.9899242031508321,0.9370839786436005,0.0003153261660313267,2.1,2.2,2.1,43.2,62.4,43.2,1.0,1.0,1.0,1.0
roughness,low_to_high,3,114,10,0.9691200468493261,0.9594562475031376,0.9690218382497513,0.0004474355972989397,2.2,2.2,2.2,40.8,57.6,40.8,1.0,1.0,1.0,1.0
roughness,low_to_high,3,117,10,0.9708214033218704,0.9601568717982332,0.9707331741306099,0.0003546826093045019,2.3,2.2,2.3,45.6,55.2,45.6,1.0,1.0,1.0,1.0
roughness,low_to_high,6,0,10,0.9831882470015751,0.9831882470015751,0.9616801733089645,0.033103130514974835,2.1,2.1,2.1,52.8,52.8,50.4,0.4,0.4,0.2,0.0
roughness,low_to_high,6,3,10,0.9728888767741978,0.9728464335544613,0.9594864999873061,0.0356956765143191,1.9,1.9,2.0,52.8,52.8,55.2,0.3,0.7,0.2,0.06666666666666667
roughness,low_to_high,6,6,10,0.9829810584310567,0.9827228141838059,0.961668794353393,0.03763704372685085,2.2,2.2,2.0,57.6,57.6,57.6,0.4,0.5,0.2,0.11666666666666667
roughness,low_to_high,6,9,10,0.990632766588976,0.9920433849021982,0.9567561573765098,0.03424932575925917,2.2,2.2,2.0,57.6,55.2,62.4,0.6,0.4,0.2,0.1625
roughness,low_to_high,6,12,10,0.9896205203922408,0.9859591627093142,0.9592593720358226,0.03045706093651703,2.1,2.0,2.1,57.6,52.8,62.4,0.6,0.3,0.2,0.21666666666666665
roughness,low_to_high,6,15,10,0.9914259850046203,0.9855119835206996,0.9576579053837054,0.03450816827463549,2.3,2.0,2.3,57.6,55.2,60.0,0.6,0.3,0.2,0.27083333333333337
roughness,low_to_high,6,18,10,0.9523909073476629,0.9825648509577922,0.903348030821635,0.050130021800576616,2.3,2.0,2.3,57.6,50.4,60.0,0.6,0.4,0.3,0.35
roughness,low_to_high,6,21,10,0.9447340075520909,0.9884326741704925,0.9571321097087155,0.05855896922329853,2.3,2.1,2.3,60.0,55.2,60.0,0.4,0.6,0.3,0.39375
roughness,low_to_high,6,24,10,0.9442260755624631,0.9880876075703243,0.9561577640825467,0.061966600353914714,2.3,2.1,2.3,60.0,57.6,57.6,0.4,0.6,0.3,0.45
roughness,low_to_high,6,27,10,0.979119609462401,0.9804591753800663,0.952218903712329,0.04535343030341209,2.4,2.0,2.1,69.6,55.2,48.0,0.3,0.3,0.2,0.39375
roughness,low_to_high,6,30,10,0.9748303858215819,0.9867491819268162,0.9485692098733249,0.034856869746179166,2.2,2.0,2.1,62.4,52.8,52.8,0.5,0.6,0.4,0.5
roughness,low_to_high,6,33,10,0.9728755786766227,0.9868679492191312,0.9429061050458138,0.03708790646247397,2.1,2.0,2.0,67.2,55.2,55.2,0.7,0.5,0.3,0.5041666666666667
roughness,low_to_high,6,36,10,0.9615346221675581,0.9843448847733145,0.9380665218572464,0.04720154921328522,2.0,2.0,1.9,67.2,55.2,45.6,0.7,0.5,0.3,0.55
roughness,low_to_high,6,39,10,0.9566620261415061,0.9958476613426843,0.9239390382736561,0.08019154206747633,2.0,2.2,1.8,62.4,55.2,40.8,0.4,0.5,0.2,0.6416666666666666
roughness,low_to_high,6,42,10,0.899306983890156,0.9954971857156535,0.9493977827973479,0.09826953030697831,1.8,2.2,1.9,50.4,55.2,38.4,0.5,0.3,0.1,0.7791666666666667
roughness,low_to_high,6,45,10,0.8919268655950319,0.993126958604452,0.9331594245157445,0.10935730372104784,1.9,2.2,1.8,62.4,60.0,36.0,0.6,0.2,0.1,0.725
roughness,low_to_high,6,48,10,0.8854681142462821,0.9911814032748028,0.9246572758954136,0.10335000940223245,2.0,2.0,1.8,52.8,57.6,40.8,0.7,0.5,0.4,0.8333333333333334
roughness,low_to_high,6,51,10,0.9548811871966125,0.9888936948258846,0.9284548102118528,0.026426376984759747,2.3,2.0,1.9,57.6,62.4,50.4,0.6,0.7,0.5,0.7958333333333333
roughness,low_to_high,6,54,10,0.9528050306501459,0.9900336766290179,0.9369283915910362,0.01968173736762855,2.3,2.1,2.0,57.6,60.0,43.2,0.7,0.5,0.4,0.825
roughness,low_to_high,6,57,10,0.9353494651993068,0.9877590966544101,0.9358885277916178,0.027876667317334725,2.1,2.1,2.0,52.8,60.0,48.0,0.7,0.3,0.2,0.8958333333333333
roughness,low_to_high,6,60,10,0.9385260906178596,0.9843463613926465,0.9275403876022998,0.031721663516945345,2.1,2.0,2.0,43.2,60.0,40.8,0.8,0.8,0.8,0.95
roughness,low_to_high,6,63,10,0.9594979637399016,0.9829034968501407,0.9366195990848727,0.04205391349502221,2.2,2.0,2.1,48.0,62.4,52.8,0.7,0.8,0.7,0.9625
roughness,low_to_high,6,66,10,0.8942207459101725,0.9817018561921165,0.8884740738078192,0.058930404921236114,1.9,2.0,2.0,43.2,60.0,50.4,0.7,0.8,0.6,0.975
roughness,low_to_high,6,69,10,0.9040500923005675,0.9828416007937776,0.9147389571654889,0.016804572053446633,2.0,2.1,2.1,43.2,60.0,50.4,0.9,0.8,0.8,0.9875
roughness,low_to_high,6,72,10,0.8931080121368311,0.9817633535970511,0.9225492758520325,0.03580008369030768,1.8,2.2,2.1,38.4,62.4,48.0,0.7,0.6,0.5,1.0
roughness,low_to_high,6,75,10,0.9055390811726678,0.9858790167904891,0.911415343543678,0.014709880322989078,1.9,2.1,1.9,36.0,64.8,40.8,0.8,0.6,0.6,1.0
roughness,low_to_high,6,78,10,0.9165272384405816,0.9862195475914565,0.9150134303856625,0.0024648355678908106,2.0,2.0,1.9,43.2,60.0,40.8,0.9,0.7,0.7,1.0
roughness,low_to_high,6,81,10,0.907093726353214,0.9872509605147102,0.9259516332332982,0.031725309369442775,2.0,2.0,1.9,43.2,60.0,40.8,0.7,0.7,0.5,1.0
roughness,low_to_high,6,84,10,0.8965747027240669,0.9876529202471162,0.926913671495669,0.03473356831119902,1.9,2.0,2.0,40.8,60.0,40.8,0.7,0.8,0.6,1.0
roughness,low_to_high,6,87,10,0.9197694380342766,0.9886450176797856,0.9312110885399039,0.017074744819404086,2.0,2.0,2.0,38.4,60.0,40.8,0.8,0.9,0.7,1.0
roughness,low_to_high,6,90,10,0.9095810219004722,0.9902273994275401,0.9327814177102877,0.02878201563932019,2.0,2.1,2.1,40.8,60.0,43.2,0.7,0.9,0.6,1.0
roughness,low_to_high,6,93,10,0.9304845266448687,0.990294148360982,0.9279212061716029,0.002892726508550758,2.1,2.1,2.0,40.8,60.0,43.2,0.9,0.9,0.8,1.0
roughness,low_to_high,6,96,10,0.938541684933846,0.9900336248536847,0.9614438121896047,0.028196112388645778,2.1,2.1,2.1,40.8,64.8,38.4,0.8,0.9,0.7,1.0
roughness,low_to_high,6,99,10,0.8984198765592385,0.9847479875119756,0.9507326079610617,0.06257989573900757,1.9,2.0,1.9,40.8,60.0,43.2,0.8,0.8,0.7,1.0
roughness,low_to_high,6,102,10,0.8942604076083838,0.9867491392113188,0.9572916975119281,0.0640431186045242,1.8,2.0,2.0,43.2,62.4,43.2,0.8,1.0,0.8,1.0
roughness,low_to_high,6,105,10,0.9200459225339435,0.989792681774895,0.9600401047134917,0.040697145619200015,1.9,2.1,2.0,43.2,67.2,43.2,0.9,1.0,0.9,1.0
roughness,low_to_high,6,108,10,0.9633236765800728,0.991657093448457,0.9631245086730233,0.000331978485202622,2.0,2.2,2.0,40.8,62.4,40.8,1.0,1.0,1.0,1.0
roughness,low_to_high,6,111,10,0.9687256452548988,0.9913212900748427,0.9684954787585187,0.000371817253758111,2.1,2.2,2.1,43.2,64.8,43.2,1.0,1.0,1.0,1.0
roughness,low_to_high,6,114,10,0.9748430743874513,0.9932064868162808,0.974514441474015,0.0004736718925698158,2.2,2.3,2.2,40.8,67.2,40.8,1.0,1.0,1.0,1.0
roughness,low_to_high,12,0,10,0.9771925686475053,0.9771925686475053,0.9580658644567087,0.03407846335480204,1.9,1.9,2.1,48.0,48.0,57.6,0.6,0.3,0.2,0.0
roughness,low_to_high,12,3,10,0.969807478258787,0.9698433288450156,0.9544673835084815,0.048172899977219755,1.9,1.9,2.0,48.0,48.0,57.6,0.5,0.2,0.1,0.075
roughness,low_to_high,12,6,10,0.9710122195077859,0.9712349336286769,0.9528554301271018,0.04761354144778025,2.0,2.0,2.0,50.4,50.4,60.0,0.6,0.6,0.5,0.14583333333333331
roughness,low_to_high,12,9,10,0.9839986042793999,0.9835363916465167,0.9602300191308502,0.038266933623650225,2.3,2.2,2.1,60.0,57.6,64.8,0.6,0.7,0.5,0.16875
roughness,low_to_high,12,12,10,0.9855803268933018,0.9876912716074914,0.9526375526157522,0.04515595720012302,2.3,2.2,1.9,60.0,57.6,64.8,0.4,0.6,0.3,0.225
roughness,low_to_high,12,15,10,0.9936936283402444,0.9937778856852001,0.9571981274829907,0.03683375117519894,2.3,2.3,2.1,60.0,60.0,67.2,0.4,0.4,0.2,0.2604166666666667
roughness,low_to_high,12,18,10,0.9938899196884318,0.9880442051138912,0.9587730085741187,0.03867033445889243,2.4,2.2,2.1,62.4,57.6,62.4,0.4,0.4,0.1,0.3
roughness,low_to_high,12,21,10,0.9883645493834743,0.987664881942359,0.9434716799103062,0.04629685728908541,2.3,2.1,2.3,55.2,55.2,62.4,0.5,0.2,0.1,0.4229166666666667
roughness,low_to_high,12,24,10,0.9845173054381577,0.986298511760058,0.9556461313187115,0.030631312318362268,2.4,2.1,2.4,55.2,52.8,64.8,0.4,0.4,0.2,0.4833333333333333
roughness,low_to_high,12,27,10,0.983649283505863,0.9748592424034154,0.9555272645065662,0.028285473150060626,2.4,2.0,2.3,57.6,50.4,57.6,0.5,0.6,0.3,0.5375
roughness,low_to_high,12,30,10,0.9701120931545673,0.9795028970005465,0.9559559047779246,0.03464277325112987,2.1,2.0,2.3,57.6,50.4,55.2,0.6,0.6,0.4,0.575
roughness,low_to_high,12,33,10,0.972650440660399,0.9814368077627466,0.9786950278901898,0.025917274741391404,2.1,2.0,2.3,57.6,52.8,55.2,0.6,0.3,0.3,0.6125
roughness,low_to_high,12,36,10,0.9769109096586108,0.9852642694191116,0.9521213663103735,0.04670762947353148,2.1,2.0,2.1,57.6,52.8,48.0,0.6,0.4,0.3,0.65
roughness,low_to_high,12,39,10,0.9794293810479585,0.9848961789520587,0.9447777689156543,0.05394944460390276,2.0,2.0,2.0,55.2,55.2,45.6,0.4,0.4,0.2,0.7145833333333333
roughness,low_to_high,12,42,10,0.9749521748388752,0.993158008880342,0.9501613326885696,0.048684184794781295,2.0,2.1,2.1,60.0,52.8,45.6,0.5,0.4,0.2,0.7125
roughness,low_to_high,12,45,10,0.9570756378461871,0.993650594026486,0.9348131683813261,0.08178924725913399,2.0,2.1,1.9,57.6,55.2,38.4,0.5,0.4,0.2,0.7625
roughness,low_to_high,12,48,10,0.8708055954807217,0.994890773482715,0.9300899814291513,0.14234627101382352,1.8,2.1,1.9,52.8,52.8,40.8,0.7,0.4,0.3,0.8666666666666666
roughness,low_to_high,12,51,10,0.9737465008486337,0.993541693782843,0.927325021387748,0.05145284621372072,2.1,2.0,1.9,50.4,52.8,40.8,0.9,0.5,0.5,0.8833333333333334
roughness,low_to_high,12,54,10,0.9535458870496747,0.9924019014111058,0.9173443027438246,0.03917185531837898,2.3,2.0,1.9,52.8,55.2,45.6,0.7,0.4,0.4,0.875
roughness,low_to_high,12,57,10,0.9478708716007412,0.9938830467173521,0.920622424952294,0.028548788720671493,2.3,2.1,1.9,60.0,55.2,50.4,0.6,0.5,0.4,0.875
roughness,low_to_high,12,60,10,0.9280010384014421,0.9905405287571141,0.9108208305136636,0.046408425498411066,2.1,2.1,1.9,50.4,57.6,45.6,0.7,0.4,0.3,0.9333333333333333
roughness,low_to_high,12,63,10,0.9238578689312387,0.9848462712928461,0.9258757605413084,0.026538411306763175,2.1,2.0,2.1,52.8,57.6,50.4,0.8,0.6,0.5,0.9375
roughness,low_to_high,12,66,10,0.9133043366726499,0.9815869419421521,0.9166940726925702,0.018980399476045778,2.1,2.0,2.1,52.8,60.0,55.2,0.8,0.6,0.5,0.9583333333333333
roughness,low_to_high,12,69,10,0.9610308837740311,0.9842797524544453,0.9160675976037357,0.06821797501924387,2.2,2.0,2.1,45.6,52.8,55.2,0.7,0.7,0.6,0.9875
roughness,low_to_high,12,72,10,0.9567440702041263,0.9810236154035424,0.8600245229642638,0.12188637377628282,2.2,2.1,2.0,50.4,57.6,45.6,0.6,0.7,0.5,1.0
roughness,low_to_high,12,75,10,0.9074885445181822,0.9803584974413058,0.9142855336785175,0.022462252629476376,2.0,2.1,2.0,43.2,57.6,48.0,0.8,0.8,0.6,1.0
roughness,low_to_high,12,78,10,0.9211433282274577,0.9901484559619351,0.9262623999789558,0.021214838872266994,1.9,2.2,1.9,43.2,62.4,52.8,0.8,0.7,0.6,1.0
roughness,low_to_high,12,81,10,0.883015346212132,0.9878741151481902,0.9200234403691067,0.047541447420830385,1.8,2.1,1.9,43.2,62.4,45.6,0.7,0.6,0.5,1.0
roughness,low_to_high,12,84,10,0.9013618408832219,0.986472251258018,0.9441931242374894,0.055166441449316615,1.9,2.0,1.9,38.4,64.8,40.8,0.6,0.8,0.6,1.0
roughness,low_to_high,12,87,10,0.9107009921217326,0.9886383826305496,0.9566499588012448,0.04980081562602432,1.9,2.0,2.0,38.4,60.0,43.2,0.7,0.6,0.6,1.0
roughness,low_to_high,12,90,10,0.9191703549106665,0.9906880794498149,0.9592809572142118,0.04420115418639485,1.9,2.1,2.0,40.8,62.4,43.2,0.7,0.5,0.5,1.0
roughness,low_to_high,12,93,10,0.9242125813807158,0.9910120546955635,0.959682054687856,0.04107302126220751,1.9,2.1,2.0,40.8,62.4,45.6,0.7,0.9,0.7,1.0
roughness,low_to_high,12,96,10,0.9268679659200332,0.9911238883016186,0.9620727921493216,0.04060886316700416,1.9,2.1,2.0,43.2,62.4,45.6,0.7,0.8,0.7,1.0
roughness,low_to_high,12,99,10,0.9234278828770144,0.9944294650926381,0.9605041627488689,0.042288124337752385,1.9,2.2,2.0,45.6,62.4,40.8,0.7,0.9,0.7,1.0
roughness,low_to_high,12,102,10,0.9084691385061895,0.9940020973156736,0.9596622621437184,0.05643101983036344,1.9,2.2,2.0,48.0,64.8,48.0,0.7,1.0,0.7,1.0
roughness,low_to_high,12,105,10,0.9054246514178761,0.9942109521570032,0.9620121181551795,0.06684127112896399,1.9,2.2,2.0,43.2,64.8,48.0,0.7,0.9,0.6,1.0
roughness,low_to_high,12,108,10,0.9112193730955166,0.9937579663817923,0.9672800912526036,0.056832663630876336,1.9,2.2,2.1,48.0,64.8,48.0,0.8,1.0,0.8,1.0
