mechanism,path,horizon,seed,period,n_blocks,adaptive_mse,frozen_local_mse,frozen_all_pre_mse,benchmark_mse,adaptive_advantage_vs_frozen_local,adaptive_advantage_vs_frozen_all_pre
noise_scale,high_to_low,1,670,all_post,40,0.0879821967697509,0.08546870065990374,0.08880795010700988,0.24838515661251614,-0.0025134961098471605,0.0008257533372589693
noise_scale,high_to_low,1,670,early,12,0.140948139218264,0.1657696292663095,0.18021115110874827,0.29690144101532245,0.024821490048045482,0.039263011890484235
noise_scale,high_to_low,1,670,late,16,0.061409651075150916,0.054037457432723535,0.04930267238997576,0.22785873329842976,-0.007372193642427379,-0.012106978685175159
noise_scale,high_to_low,1,670,mid,12,0.07044631524737113,0.047076096356404945,0.05007845272798367,0.2272374366284917,-0.023370218890966184,-0.020367862519387468
noise_scale,high_to_low,1,671,all_post,40,0.10761590855419971,0.07196920130531048,2.2002911104561718,0.19725740705031644,-0.03564670724888922,2.0926752019019723
noise_scale,high_to_low,1,671,early,12,0.07519132846710418,0.05552518086738321,0.2798418489254085,0.09661948830654489,-0.01966614759972098,0.2046505204583043
noise_scale,high_to_low,1,671,late,16,0.1358891824854182,0.08929461999531815,4.495061637797497,0.3074560702853126,-0.046594562490100064,4.359172455312079
noise_scale,high_to_low,1,671,mid,12,0.10234279006633724,0.06531266348989422,1.0610463355318354,0.15096377481409315,-0.03703012657644302,0.9587035454654981
noise_scale,high_to_low,1,672,all_post,40,0.11617785957817964,0.137764565542615,0.11119261479178921,0.13316974627941858,0.021586705964435324,-0.004985244786390429
noise_scale,high_to_low,1,672,early,12,0.17354786487593357,0.24070546567633422,0.19723898005489635,0.10805054073245501,0.06715760080040065,0.023691115178962757
noise_scale,high_to_low,1,672,late,16,0.09184727678347221,0.1050809338712193,0.0731549021386046,0.20147080487632238,0.013233657087747104,-0.01869237464486761
noise_scale,high_to_low,1,672,mid,12,0.09124863134003564,0.07840184097075663,0.07586319973292828,0.06722087369717707,-0.012846790369279014,-0.015385431607107371
noise_scale,high_to_low,1,673,all_post,40,0.06740340491646395,0.13308666244865372,0.06615748756426691,0.11309649576251468,0.06568325753218977,-0.0012459173521970207
noise_scale,high_to_low,1,673,early,12,0.04207708001481577,0.048661574483564195,0.05260795293814652,0.12512436642765978,0.006584494468748436,0.010530872923330756
noise_scale,high_to_low,1,673,late,16,0.06821721695886383,0.18414179096090658,0.07358496905272385,0.10752046057975634,0.11592457400204273,0.005367752093860027
noise_scale,high_to_low,1,673,mid,12,0.09164464709491227,0.1494382457307394,0.06980371353911141,0.10850333867438067,0.05779359863582717,-0.021840933555800857
noise_scale,high_to_low,1,674,all_post,40,0.07926075413243469,0.1745738874946104,0.20385415130335383,0.12024318757228647,0.0953131333621757,0.12459339717091918
noise_scale,high_to_low,1,674,early,12,0.05052870239613824,0.03872537697446584,0.03959390777961505,0.12963047345143033,-0.011803325421672407,-0.010934794616523184
noise_scale,high_to_low,1,674,late,16,0.10823491876788854,0.33190337964465294,0.3949581883995569,0.13539182509022973,0.2236684608767644,0.2867232696316683
noise_scale,high_to_low,1,674,mid,12,0.06936058635479268,0.10064974181469823,0.1133090120321553,0.09065771833588493,0.03128915545990554,0.04394842567736262
noise_scale,high_to_low,1,675,all_post,40,0.09927278080391141,0.06714121050016804,0.06715920199320506,0.14914024023862105,-0.03213157030374338,-0.032113578810706346
noise_scale,high_to_low,1,675,early,12,0.06977006212342847,0.05278168310336794,0.0530560806666809,0.2526760101454731,-0.01698837902006053,-0.01671398145674756
noise_scale,high_to_low,1,675,late,16,0.10555741987970113,0.07156263293721231,0.07194029467385765,0.1470504587093474,-0.03399478694248883,-0.03361712520584348
noise_scale,high_to_low,1,675,mid,12,0.12039598071667472,0.07560550798090908,0.0748875330788591,0.0483908457041339,-0.04479047273576565,-0.04550844763781562
noise_scale,high_to_low,1,676,all_post,40,0.14007197624797346,0.25683784654250164,0.21247867581392427,0.269920496524688,0.11676587029452819,0.07240669956595083
noise_scale,high_to_low,1,676,early,12,0.18278336842791873,0.1976122947168588,0.14906280196910393,0.47847741403648575,0.01482892628894007,-0.03372056645881476
noise_scale,high_to_low,1,676,late,16,0.1466613720430388,0.42424955076666204,0.3611892240357495,0.16912243563546034,0.2775881787236233,0.21452785199271068
noise_scale,high_to_low,1,676,mid,12,0.0885747230079411,0.09284779273593056,0.07761381869631102,0.19576099353186058,0.004273069727989473,-0.010960904311630076
noise_scale,high_to_low,1,677,all_post,40,0.09516324295835596,0.08905942941349394,0.10421364536607583,0.1285808926926425,-0.0061038135448620206,0.009050402407719859
noise_scale,high_to_low,1,677,early,12,0.05624031301993832,0.05913390817382374,0.11856560253342265,0.10300667533042829,0.002893595153885417,0.062325289513484344
noise_scale,high_to_low,1,677,late,16,0.12972300426232308,0.10225839803353742,0.11004404092738651,0.13030065867115523,-0.02746460622878567,-0.019678963334936565
noise_scale,high_to_low,1,677,mid,12,0.08800649115815078,0.10138632582643951,0.08208782745031472,0.15186208875017307,0.013379834668288746,-0.005918663707836061
noise_scale,high_to_low,1,678,all_post,40,0.06450122912103672,0.05887399436488568,0.09623263432307623,0.10494907673636371,-0.005627234756151035,0.03173140520203953
noise_scale,high_to_low,1,678,early,12,0.10936989190364664,0.08496161091460164,0.06486163548511496,0.1433428013388565,-0.024408280989045,-0.04450825641853167
noise_scale,high_to_low,1,678,late,16,0.047002224429808545,0.050264286349210666,0.06224736549789424,0.12553700196807405,0.0032620619194021266,0.01524514106808569
noise_scale,high_to_low,1,678,mid,12,0.04296457259339769,0.044265988502736414,0.17291732492794684,0.039104785158257084,0.001301415909338717,0.12995275233454914
noise_scale,high_to_low,1,679,all_post,40,0.16236125484606975,0.4015579215397647,0.3335828509602319,0.3767099819484724,0.23919666669369494,0.17122159611416213
noise_scale,high_to_low,1,679,early,12,0.2545359833103271,0.26183037796329184,0.24761625750267235,0.3316100873433518,0.00729439465296471,-0.006919725807654782
noise_scale,high_to_low,1,679,late,16,0.08986039007774374,0.26234322086207923,0.20489644417710273,0.38942311910659555,0.17248283078433552,0.11503605409935895
noise_scale,high_to_low,1,679,mid,12,0.16685434607291375,0.7269050660198181,0.5911313201286303,0.4048590270094287,0.5600507199469044,0.42427697405571657
noise_scale,high_to_low,3,670,all_post,40,0.11678459455927574,0.13500064187408864,0.08554296241466176,0.5388236670814537,0.01821604731481287,-0.031241632144614007
noise_scale,high_to_low,3,670,early,12,0.17029734522233267,0.2088523390950178,0.07887612128717301,0.5333779231861828,0.0385549938726851,-0.09142122393515968
noise_scale,high_to_low,3,670,late,16,0.11606780134972766,0.11258270126457645,0.10516825068907479,0.5226718234879826,-0.003485100085151207,-0.01089955066065288
noise_scale,high_to_low,3,670,mid,12,0.06422756817561626,0.091039532132509,0.06604275250959982,0.5658052024346862,0.02681196395689275,0.0018151843339835481
noise_scale,high_to_low,3,671,all_post,40,0.11170314321631074,0.649009050286947,0.8021191996434964,0.2579533746018937,0.5373059070706363,0.6904160564271857
noise_scale,high_to_low,3,671,early,12,0.10927521985115253,0.15728363916535043,0.17762620112370112,0.20135110329787476,0.048008419314197893,0.06835098127254859
noise_scale,high_to_low,3,671,late,16,0.12362726885661407,1.272652683472904,1.585164161697043,0.36658429140977,1.14902541461629,1.4615368928404289
noise_scale,high_to_low,3,671,mid,12,0.09823223239439789,0.3092096171606011,0.3825522487585631,0.16971442349541088,0.21097738476620317,0.2843200163641652
noise_scale,high_to_low,3,672,all_post,40,0.10093466053182083,0.13620165959392483,0.10210837519581091,0.13483211126337405,0.03526699906210399,0.0011737146639900727
noise_scale,high_to_low,3,672,early,12,0.14417823401951713,0.23854576627706936,0.15410883996700825,0.12968641608660175,0.09436753225755229,0.009930605947491108
noise_scale,high_to_low,3,672,late,16,0.09173795396129891,0.07960655890933302,0.07897129759376227,0.17934575033912,-0.012131395051965884,-0.012766656367536641
noise_scale,high_to_low,3,672,mid,12,0.0699533624714871,0.1093176871569026,0.08095734722734509,0.08062628767248496,0.039364324685415515,0.011003984755857989
noise_scale,high_to_low,3,673,all_post,40,0.07863652576261661,0.16123446129281332,0.0735016788545654,0.11917822488076726,0.0825979355301967,-0.005134846908051192
noise_scale,high_to_low,3,673,early,12,0.08222742058861739,0.09547726694665244,0.05527388265295353,0.11550741139674796,0.01324984635803507,-0.026953537935663865
noise_scale,high_to_low,3,673,late,16,0.07848289222420657,0.1860175635292688,0.07887994444218152,0.1283964475861287,0.10753467130506222,0.0003970522179749525
noise_scale,high_to_low,3,673,mid,12,0.07525047565449586,0.19394751932370016,0.08455845427268914,0.11055807475763792,0.11869704366920432,0.009307978618193281
noise_scale,high_to_low,3,674,all_post,40,0.09288940747217976,0.7401982451512248,0.14311963508136896,0.18364834934640434,0.647308837679045,0.05023022760918918
noise_scale,high_to_low,3,674,early,12,0.11014926273805255,0.09642052291964444,0.08150167394060064,0.19197393458341686,-0.013728739818408088,-0.0286475887974519
noise_scale,high_to_low,3,674,late,16,0.09603242068276431,1.5041590381501548,0.20076063814408474,0.19485422067129265,1.4081266174673903,0.10472821746132042
noise_scale,high_to_low,3,674,mid,12,0.07143886792552759,0.36536157671756486,0.12788292547184957,0.16038160234287413,0.29392270879203725,0.05644405754632196
noise_scale,high_to_low,3,675,all_post,40,0.07273006521154843,0.07156924503968383,0.08837021941566874,0.13437645314074534,-0.0011608201718646001,0.0156401542041203
noise_scale,high_to_low,3,675,early,12,0.050626471060020856,0.045974587746195374,0.043537489646529925,0.177173904305263,-0.004651883313825473,-0.007088981413490924
noise_scale,high_to_low,3,675,late,16,0.08320769453684532,0.07624570788306465,0.09054813414010092,0.1461176335068651,-0.0069619866537806874,0.00734043960325559
noise_scale,high_to_low,3,675,mid,12,0.08086348692934682,0.09092861854199787,0.13029906288556461,0.07592409482140126,0.010065131612651056,0.0494355759562178
noise_scale,high_to_low,3,676,all_post,40,0.12899616750254367,0.18604630960707616,0.21606827223379424,0.5291756930582598,0.05705014210453245,0.08707210473125052
noise_scale,high_to_low,3,676,early,12,0.1844107124227267,0.2460360691611733,0.3014812628882671,0.758369146383041,0.06162535673844662,0.11707055046554037
noise_scale,high_to_low,3,676,late,16,0.12438964069830588,0.23426973314199054,0.26575293082256246,0.4167201914040499,0.10988009244368466,0.14136329012425655
noise_scale,high_to_low,3,676,mid,12,0.07972365832134444,0.06175865200642646,0.0644090701276304,0.4499229086057584,-0.01796500631491799,-0.01531458819371404
noise_scale,high_to_low,3,677,all_post,40,0.09322425398462471,0.08971868081125922,0.10304154023064274,0.11302746756027235,-0.00350557317336549,0.00981728624601802
noise_scale,high_to_low,3,677,early,12,0.09282921072492466,0.09608214793898123,0.13705454581137674,0.09060365426322126,0.003252937214056603,0.0442253350864521
noise_scale,high_to_low,3,677,late,16,0.10936592995834565,0.09225737411716632,0.09336799698616768,0.11778205189743562,-0.01710855584117934,-0.01599793297217797
noise_scale,high_to_low,3,677,mid,12,0.07209706261269683,0.07997028927566105,0.08192659230920875,0.12911183507443916,0.007873226662964214,0.009829529696511937
noise_scale,high_to_low,3,678,all_post,40,0.0956478329736709,0.17056406328590895,0.16997310152873707,0.2188026354634204,0.07491623031223806,0.07432526855506616
noise_scale,high_to_low,3,678,early,12,0.10927050529851956,0.09849731540211742,0.1053458949747737,0.343901425769986,-0.010773189896402151,-0.003924610323745842
noise_scale,high_to_low,3,678,late,16,0.07003147058489297,0.10845195700884461,0.11612219567879473,0.18761569924639476,0.038420486423951634,0.04609072509390175
noise_scale,high_to_low,3,678,mid,12,0.11618031050052614,0.325446952872453,0.3064015158826236,0.13528642677955569,0.20926664237192685,0.1902212053820974
noise_scale,high_to_low,3,679,all_post,40,0.13224595974881187,0.1392230778578354,0.15033125707313955,0.6269324739405693,0.006977118109023496,0.018085297324327662
noise_scale,high_to_low,3,679,early,12,0.1068946006573433,0.1251547098680491,0.13377114088938605,0.36371055274347436,0.018260109210705797,0.026876540232042768
noise_scale,high_to_low,3,679,late,16,0.10431556895237218,0.09895116124777968,0.10159388651447297,0.7916485627077512,-0.005364407704592491,-0.0027216824378992
noise_scale,high_to_low,3,679,mid,12,0.19483783990220016,0.20698733466102928,0.23187453400178185,0.6705329434480883,0.012149494758829175,0.0370366940995817
noise_scale,high_to_low,6,670,all_post,39,0.15711381627144314,0.17510124100873048,0.10121810737825279,1.4609819509210775,0.01798742473728736,-0.05589570889319034
noise_scale,high_to_low,6,670,early,12,0.2658853962500906,0.29098754163982593,0.1070801202573166,1.3677732302250527,0.02510214538973535,-0.15880527599277403
noise_scale,high_to_low,6,670,late,15,0.12808750435313812,0.13570895499951888,0.11360979101332182,1.38192423096903,0.007621450646380761,-0.014477713339816307
noise_scale,high_to_low,6,670,mid,12,0.08462512619067697,0.1084552978891496,0.07986648995535277,1.6530128215571613,0.023830171698472635,-0.004758636235324184
noise_scale,high_to_low,6,671,all_post,39,0.12564281535111113,0.7821327815247355,1.5042027896657126,0.40042029608091534,0.6564899661736243,1.378559974314601
noise_scale,high_to_low,6,671,early,12,0.1274202966652184,0.19333868709781674,0.3106203533293437,0.25032313981658577,0.06591839043259833,0.1832000566641253
noise_scale,high_to_low,6,671,late,15,0.14908321917228695,1.5698586834559949,3.0477543249580297,0.6520897340901222,1.4207754642837083,2.8986711057857426
noise_scale,high_to_low,6,671,mid,12,0.09456482926053406,0.3862694985375798,0.7683458068866845,0.2359306548337364,0.2917046692770457,0.6737809776261504
noise_scale,high_to_low,6,672,all_post,39,0.11865154939517435,0.1601020403115939,0.11108068154647299,0.12467477205683829,0.04145049091641959,-0.007570867848701322
noise_scale,high_to_low,6,672,early,12,0.19310458898169539,0.28555251046038094,0.1695840729532463,0.1282988109172701,0.09244792147868552,-0.023520516028449092
noise_scale,high_to_low,6,672,late,15,0.08671785342670056,0.082261640320979,0.08121013785210394,0.14766835948102808,-0.004456213105721591,-0.005507715574596637
noise_scale,high_to_low,6,672,mid,12,0.08411562976924546,0.1319520701510756,0.08991546975766103,0.09230874891616918,0.04783644038183013,0.00579983998841558
noise_scale,high_to_low,6,673,all_post,39,0.10240933329536347,0.218547509185697,0.08862304081522875,0.12132105496630959,0.11613817589033353,-0.013786292480134684
noise_scale,high_to_low,6,673,early,12,0.09638696255237744,0.13077069183199305,0.054051722349365346,0.10987110854490324,0.03438372927961559,-0.042335240203012096
noise_scale,high_to_low,6,673,late,15,0.10232669256827999,0.24677522034559538,0.0981135282650786,0.13206231609854868,0.14444852777731534,-0.004213164303201383
noise_scale,high_to_low,6,673,mid,12,0.10853500494720379,0.27103968758952807,0.1113312499687799,0.11934442497241694,0.16250468264232423,0.0027962450215761082
noise_scale,high_to_low,6,674,all_post,39,0.10500698960842685,0.799263210607054,0.16596189179820028,0.2630847631930614,0.6942562209986269,0.0609549021897734
noise_scale,high_to_low,6,674,early,12,0.0999849585991655,0.09702911810491611,0.08242511456985366,0.16178635545314493,-0.0029558404942493497,-0.01755984402931181
noise_scale,high_to_low,6,674,late,15,0.12430924869235686,1.6793355226693205,0.25003108389453177,0.4023940298506928,1.5550262739769636,0.12572183520217484
noise_scale,high_to_low,6,674,mid,12,0.0859011967627758,0.4014069130313582,0.14441217890613262,0.19024658761093902,0.3155057162685825,0.05851098214335682
noise_scale,high_to_low,6,675,all_post,39,0.0909064985917802,0.08288161982930498,0.11930788395210395,0.17154996594722877,-0.008024878762475214,0.028401385360323734
noise_scale,high_to_low,6,675,early,12,0.0497561613450519,0.048337790137550914,0.04654758896383937,0.25675981624500904,-0.0014183712075009774,-0.003208572381212529
noise_scale,high_to_low,6,675,late,15,0.0889129197848777,0.08172788007377377,0.12392828030237517,0.15237652727802034,-0.00718503971110392,0.03501536051749746
noise_scale,high_to_low,6,675,mid,12,0.13454880934713664,0.11886762421547309,0.18629268350252956,0.11030691398595903,-0.01568118513166357,0.05174387415539287
noise_scale,high_to_low,6,676,all_post,39,0.17333047271597204,0.23001055510919466,0.24658044176317853,1.3024175046094955,0.056680082393222676,0.07324996904720646
noise_scale,high_to_low,6,676,early,12,0.27220920982077,0.29490600590591504,0.3241542318405432,1.6000426391098463,0.022696796085144983,0.05194502201977314
noise_scale,high_to_low,6,676,late,15,0.15640982957529417,0.3128155959771282,0.3317353794817881,1.0854072273635458,0.156405766401834,0.1753255499064939
noise_scale,high_to_low,6,676,mid,12,0.09560253953702143,0.06160880322755758,0.06256297953755192,1.2760552166665804,-0.03399373630946384,-0.03303955999946951
noise_scale,high_to_low,6,677,all_post,39,0.10692453896579046,0.1013509383894786,0.11803825098520385,0.1317647898431928,-0.005573600576311834,0.01111371201941343
noise_scale,high_to_low,6,677,early,12,0.1137477578256505,0.1238869134382747,0.17162924759307677,0.10312344400071354,0.010139155612624219,0.05788148976742628
noise_scale,high_to_low,6,677,late,15,0.11262003126118314,0.09773469397201721,0.09922353381153518,0.12108400779905283,-0.014885337289165919,-0.013396497449647963
noise_scale,high_to_low,6,677,mid,12,0.0929819547366895,0.08333526886250925,0.08796565084441683,0.173757113240847,-0.009646685874180274,-0.005016303892272683
noise_scale,high_to_low,6,678,all_post,39,0.12146757370067937,0.22604900301039457,0.1897375731999776,0.5000176240140265,0.10458142930971523,0.06826999949929824
noise_scale,high_to_low,6,678,early,12,0.10207160240834656,0.11191953717793092,0.10505590544588171,0.7933712544606147,0.009847934769584303,0.0029843030375351453
noise_scale,high_to_low,6,678,late,15,0.07776842722629575,0.12090293700339723,0.1043451654904059,0.4274625297727689,0.043134509777101475,0.026576738264110156
noise_scale,high_to_low,6,678,mid,12,0.19548747808599176,0.471611051351605,0.3811597505910382,0.2973578613690098,0.27612357326561326,0.1856722725050464
noise_scale,high_to_low,6,679,all_post,39,0.1822258705918714,0.20852661028537375,0.20585993714481154,1.5801447792520396,0.026300739693502377,0.02363406655294013
noise_scale,high_to_low,6,679,early,12,0.17732307199695962,0.19609113749604448,0.19415719993660416,0.7060532996744421,0.018768065499084875,0.016834127939644488
noise_scale,high_to_low,6,679,late,15,0.13226930566609785,0.12107226564826995,0.12023196881857706,2.2148871379774633,-0.011197040017827904,-0.012037336847520811
noise_scale,high_to_low,6,679,mid,12,0.24957437534400018,0.33028001387108286,0.32459763476081205,1.6608083104228581,0.08070563852708272,0.07502325941681193
noise_scale,high_to_low,12,670,all_post,37,0.27987225869648397,0.31889969396212753,0.13491126657094193,4.860025545556809,0.039027435265643506,-0.144960992125542
noise_scale,high_to_low,12,670,early,12,0.5855385460453745,0.6746317784754021,0.1604809468614942,4.249490070385577,0.08909323243002772,-0.42505759918388025
noise_scale,high_to_low,12,670,late,13,0.15011251527102984,0.1340060670197463,0.13388269197268637,4.669983055994757,-0.016106448251283496,-0.016229823298343434
noise_scale,high_to_low,12,670,mid,12,0.11477902672516872,0.16346903863643225,0.11045587542849994,5.676440384420265,0.04869001191126356,-0.004323151296668798
noise_scale,high_to_low,12,671,all_post,37,0.1618801301921201,1.1043877802076996,3.290814257978489,0.768486449211276,0.9425076500155792,3.128934127786369
noise_scale,high_to_low,12,671,early,12,0.15840873078696968,0.2756032091775671,0.7143899472541063,0.2996477282797432,0.11719447839059738,0.5559812164671366
noise_scale,high_to_low,12,671,late,13,0.23079537261413696,2.3591656275973873,6.9236117278459055,1.5020014897574592,2.1283702549832504,6.692816355231769
noise_scale,high_to_low,12,671,mid,12,0.0906933503067523,0.5738296832323363,1.9317079763465035,0.442683876217777,0.48313633292558394,1.841014626039751
noise_scale,high_to_low,12,672,all_post,37,0.19003833452795968,0.13494347170396245,0.12399896820034617,0.14625453218284673,-0.05509486282399726,-0.06603936632761358
noise_scale,high_to_low,12,672,early,12,0.39231754060688223,0.20675602040138563,0.181203196237157,0.16803658170766675,-0.18556152020549657,-0.21111434436972518
noise_scale,high_to_low,12,672,late,13,0.09240186272635295,0.08725838273935269,0.08736689447934351,0.14876772003588698,-0.005143479987000253,-0.00503496824700944
noise_scale,high_to_low,12,672,mid,12,0.09353197290077785,0.11478976938486651,0.10647948669462147,0.12174986248389992,0.021257796484088657,0.012947513793843615
noise_scale,high_to_low,12,673,all_post,37,0.147999715782504,0.34401064898158945,0.15401611760497583,0.13628254108164056,0.19601093319908544,0.006016401822471815
noise_scale,high_to_low,12,673,early,12,0.1792147862271499,0.24289680023026913,0.10274260386792139,0.13038794675091123,0.06368201400311925,-0.0764721823592285
noise_scale,high_to_low,12,673,late,13,0.11204780339496086,0.3514330826257374,0.15285899802121306,0.14339384497888746,0.23938527923077643,0.04081119462625216
noise_scale,high_to_low,12,673,mid,12,0.15573255042436315,0.43708352795174954,0.2065431775577732,0.13447322285701904,0.2813509775273864,0.050810627133410086
noise_scale,high_to_low,12,674,all_post,37,0.21196686769618844,1.1450919652579281,0.2527391590434635,0.5685479874203984,0.9331250975617398,0.0407722913472752
noise_scale,high_to_low,12,674,early,12,0.1172737192666693,0.11746449495549671,0.09269650390150086,0.18498120488383274,0.00019077568882742402,-0.024577215365168423
noise_scale,high_to_low,12,674,late,13,0.26566736024490323,2.5718276352045155,0.43660102675106227,1.1187005657424678,2.3061602749596117,0.17093366650615904
noise_scale,high_to_low,12,674,mid,12,0.24848448253126657,0.6270891264515573,0.21359812416886126,0.3561161434413891,0.3786046439202906,-0.03488635836240533
noise_scale,high_to_low,12,675,all_post,37,0.11121871154162064,0.12054303133340519,0.19421613257771447,0.3099520059877541,0.009324319791784545,0.0829974210360939
noise_scale,high_to_low,12,675,early,12,0.05301202928688404,0.053307757068279914,0.05186817223602855,0.5748865302983195,0.00029572778139586524,-0.0011438570508554922
noise_scale,high_to_low,12,675,late,13,0.09417652525327343,0.09823809027156252,0.20270189905090122,0.14171353171509646,0.0040615650182890825,0.10852537379762782
noise_scale,high_to_low,12,675,mid,12,0.18788776227539994,0.21194199174885994,0.3273711792401148,0.22727582880590105,0.024054229473459976,0.13948341696471486
noise_scale,high_to_low,12,676,all_post,37,0.39407379115510643,0.45267810411206155,0.4535177069988572,4.217655081293282,0.05860431295695504,0.05944391584375082
noise_scale,high_to_low,12,676,early,12,0.5380578059284483,0.6085330503536946,0.6103492253562192,4.497710414498614,0.07047524442524648,0.07229141942777084
noise_scale,high_to_low,12,676,late,13,0.49284978434266447,0.6426369012794155,0.643245136712662,3.640340794412601,0.14978711693675123,0.1503953523699975
noise_scale,high_to_low,12,676,mid,12,0.14308245042857676,0.09103446093912786,0.09114813978487364,4.563023558875353,-0.05204798948944891,-0.05193431064370311
noise_scale,high_to_low,12,677,all_post,37,0.13654315907809614,0.1153093850092834,0.1273209208915566,0.17527304952468636,-0.021233774068812734,-0.009222238186539505
noise_scale,high_to_low,12,677,early,12,0.13026520608516437,0.1346449500774505,0.17175216997998233,0.134863930708053,0.004379743992286156,0.041486963894817964
noise_scale,high_to_low,12,677,late,13,0.14892358432228506,0.12547487843990576,0.12329387222557645,0.16112969397713633,-0.023448705882379295,-0.025629712096708626
noise_scale,high_to_low,12,677,mid,12,0.12940898472315654,0.08496120205794201,0.08725230785794276,0.2310041368511657,-0.04444778266521452,-0.042156676865213766
noise_scale,high_to_low,12,678,all_post,37,0.2460278454799751,0.36214433671259266,0.3370065418475557,1.4881172094260666,0.11611649123261754,0.09097869636758062
noise_scale,high_to_low,12,678,early,12,0.1382653453463563,0.14680621957465292,0.14436695916870312,2.347866222984654,0.008540874228296644,0.006101613822346824
noise_scale,high_to_low,12,678,late,13,0.12356654000201527,0.17931016125165294,0.1673877565279008,1.2549238291936196,0.055743621249637734,0.04382121652588552
noise_scale,high_to_low,12,678,mid,12,0.4864567598813838,0.7755528105998836,0.7133998086227012,0.8809943577859638,0.2890960507184999,0.22694304874131743
noise_scale,high_to_low,12,679,all_post,37,0.3572710663360507,0.2764150591112284,0.2764150591112284,4.9034890303646295,-0.08085600722482231,-0.08085600722482231
noise_scale,high_to_low,12,679,early,12,0.3717295299891002,0.2746788244567632,0.2746788244567632,2.1705061895759803,-0.09705070553233701,-0.09705070553233701
noise_scale,high_to_low,12,679,late,13,0.18749379683712317,0.13422736034299243,0.13422736034299243,6.996974074939637,-0.05326643649413075,-0.05326643649413075
noise_scale,high_to_low,12,679,mid,12,0.526737977973506,0.4321879674312825,0.4321879674312825,5.368529739530357,-0.09455001054222345,-0.09455001054222345
noise_scale,low_to_high,1,670,all_post,40,0.592673769507581,0.7732008197475635,0.669326428916884,1.1313629119727122,0.18052705023998245,0.07665265940930295
noise_scale,low_to_high,1,670,early,12,0.8129394506628126,0.7203914171523738,0.7694489590405239,1.1893343517225496,-0.09254803351043907,-0.04349049162228898
noise_scale,low_to_high,1,670,late,16,0.5304156479663018,0.896602928361552,0.7435703181930082,1.1638141344357713,0.36618728039525,0.21315467022670628
noise_scale,low_to_high,1,670,mid,12,0.4554189170740548,0.6614740775241018,0.4702120464250786,1.030123175605462,0.20605516045004713,0.014793129351023773
noise_scale,low_to_high,1,671,all_post,40,0.6485574112099259,0.5817801120702129,0.8782839391665707,1.3573654208708787,-0.06677729913971323,0.2297265279566448
noise_scale,low_to_high,1,671,early,12,0.2655115213679307,0.29820178264482217,0.2424858828667066,0.6075423706198108,0.03269026127689139,-0.023025638501224105
noise_scale,low_to_high,1,671,late,16,0.9272259307576086,0.8000481512429938,1.5412386115341348,2.0106905638929353,-0.12717777951461484,0.6140126807765262
noise_scale,low_to_high,1,671,mid,12,0.6600452749883443,0.5743343892652287,0.6301424323096828,1.2360882804258715,-0.08571088572311565,-0.02990284267866154
noise_scale,low_to_high,1,672,all_post,40,0.6807921116658362,0.7284177964673455,0.73267520804414,1.1848047277985971,0.04762568480150932,0.05188309637830364
noise_scale,low_to_high,1,672,early,12,0.710590710019534,0.6751756261693118,0.6775789783072431,0.8579886452520075,-0.03541508385022213,-0.033011731712290854
noise_scale,low_to_high,1,672,late,16,0.7404171480333738,0.9068461104184569,0.9149173403158462,1.8602196548985934,0.16642896238508315,0.17450019228247232
noise_scale,low_to_high,1,672,mid,12,0.5714934648220885,0.5437555481638975,0.5447819280854282,0.6110675742118585,-0.027737916658190975,-0.02671153673666013
noise_scale,low_to_high,1,673,all_post,40,0.5386679283086483,0.564292895194469,0.5316525407989088,0.9653647679012611,0.025624966885820603,-0.007015387509739557
noise_scale,low_to_high,1,673,early,12,0.3353752726599586,0.266274837049857,0.4932071352500285,0.9596357603713482,-0.06910043561010164,0.15783186259007004
noise_scale,low_to_high,1,673,late,16,0.6192363528593003,0.7546619529882677,0.5317756283209232,0.9512223620667198,0.13542560012896726,-0.08746072453837728
noise_scale,low_to_high,1,673,mid,12,0.634536017889802,0.6084855429473494,0.5699338296517699,0.9899503165438959,-0.026050474942452714,-0.0646021882380321
noise_scale,low_to_high,1,674,all_post,40,0.6238962270528542,0.6917283105891812,0.5023518138665348,0.9495130066262529,0.06783208353632704,-0.12154441318631934
noise_scale,low_to_high,1,674,early,12,0.3836922797597309,0.5811345980607023,0.3714627668257737,1.0268750443689527,0.19744231830097136,-0.012229512933957238
noise_scale,low_to_high,1,674,late,16,0.8445530133963266,0.7908675558469799,0.6372042150324837,0.9657966865966556,-0.05368545754934678,-0.20734879836384285
noise_scale,low_to_high,1,674,mid,12,0.5698911258880142,0.6701363627739285,0.45343765935269725,0.8504393955896828,0.10024523688591451,-0.11645346653531685
noise_scale,low_to_high,1,675,all_post,40,0.585414266050171,0.555841249092233,0.5383837078353405,0.9273952783284484,-0.029573016957938052,-0.047030558214830445
noise_scale,low_to_high,1,675,early,12,0.5399591731532666,0.5368867479765722,0.5210309136999108,0.9741225380588956,-0.003072425176694274,-0.01892825945335569
noise_scale,low_to_high,1,675,late,16,0.6486247265364349,0.6912830675453027,0.6559904908293984,1.2752725132737126,0.04265834100886782,0.007365764292963522
noise_scale,low_to_high,1,675,mid,12,0.5465887449653903,0.39420665893713397,0.39892745797869317,0.41683170533764885,-0.1523820860282563,-0.14766128698669714
noise_scale,low_to_high,1,676,all_post,40,0.8476727490227379,0.8099568094877917,0.799383324287003,1.2680788450915912,-0.03771593953494644,-0.048289424735734984
noise_scale,low_to_high,1,676,early,12,0.5656112147475235,0.6016858901566017,0.5428136332427426,1.74037899533339,0.036074675409078015,-0.022797581504780968
noise_scale,low_to_high,1,676,late,16,1.2076554848708396,1.0891985398674553,1.126766980754025,1.205627263483782,-0.11845694500338433,-0.08088850411681443
noise_scale,low_to_high,1,676,mid,12,0.6497573021671503,0.6459054216460964,0.6194414733752339,0.8790474703268716,-0.003851880521053732,-0.0303158287919164
noise_scale,low_to_high,1,677,all_post,40,0.8408815874125724,0.934397311324466,0.7656327822350882,1.1279078192042449,0.09351572391189356,-0.07524880517748415
noise_scale,low_to_high,1,677,early,12,0.5968701905723217,0.6021585513787747,0.450588735062141,0.779657805978971,0.005288360806452952,-0.1462814555101808
noise_scale,low_to_high,1,677,late,16,0.9456494844799013,1.2100628313275457,0.9384087095601451,1.2469834699285591,0.26441334684764445,-0.007240774919756145
noise_scale,low_to_high,1,677,mid,12,0.9452024548297179,0.899082044599384,0.8503089263079596,1.3173902981304333,-0.04612041023033377,-0.0948935285217582
noise_scale,low_to_high,1,678,all_post,40,0.4955733271828093,0.42191386050703683,0.41429929061365767,0.6338460629874018,-0.07365946667577246,-0.0812740365691516
noise_scale,low_to_high,1,678,early,12,0.5615468126646331,0.41085197035551274,0.4053478239013288,0.5666548668147247,-0.1506948423091203,-0.15619898876330432
noise_scale,low_to_high,1,678,late,16,0.4800001362438454,0.46654189543064994,0.4543897156923513,0.8882584703660978,-0.013458240813195538,-0.02561042055149411
noise_scale,low_to_high,1,678,mid,12,0.4503640962862705,0.37347170409374336,0.3697968572210617,0.3618207159884838,-0.07689239219252718,-0.08056723906520886
noise_scale,low_to_high,1,679,all_post,40,0.9826620480708547,0.8889207139601663,0.879540242031257,2.0549049562151374,-0.09374133411068832,-0.10312180603959749
noise_scale,low_to_high,1,679,early,12,1.2922758568214008,1.1518330208856813,1.1522156588132364,1.6947886946127066,-0.1404428359357192,-0.1400601980081642
noise_scale,low_to_high,1,679,late,16,0.7873111010575089,0.7964024928964711,0.7236623721400182,2.075329356276559,0.009091391838962216,-0.06364872891749082
noise_scale,low_to_high,1,679,mid,12,0.9335161686714363,0.7493660351195781,0.8147019851042631,2.38778868440234,-0.18415013355185816,-0.11881418356717294
noise_scale,low_to_high,3,670,all_post,40,0.7362551592252584,0.7384027576988647,0.7611281482870393,1.4367132585115052,0.0021475984736062715,0.02487298906178092
noise_scale,low_to_high,3,670,early,12,0.6440331061207629,0.6365733976939709,0.6145214100144124,1.152244531870627,-0.007459708426792066,-0.02951169610635058
noise_scale,low_to_high,3,670,late,16,0.915643112777819,0.9062815919514849,0.995751977048345,1.664109821226166,-0.009361520826333888,0.08010886427052608
noise_scale,low_to_high,3,670,mid,12,0.5892932742596731,0.616393672033598,0.5949031148779255,1.4179865681995019,0.027100397773924822,0.0056098406182522155
noise_scale,low_to_high,3,671,all_post,40,0.7228942622887813,0.7644122429751565,0.9831169970712217,1.4962511529669285,0.041517980686375376,0.26022273478244046
noise_scale,low_to_high,3,671,early,12,0.5799110992451781,0.5956584217472826,0.6690723353631678,1.169115595609931,0.01574732250210446,0.08916123611798966
noise_scale,low_to_high,3,671,late,16,0.9426968865967109,1.0142244194157328,1.4440217978677332,1.9332159716414852,0.07152753281902204,0.5013249112710223
noise_scale,low_to_high,3,671,mid,12,0.5728072595884782,0.6000831622822624,0.682621924383927,1.2407669520911837,0.027275902693784104,0.1098146647954487
noise_scale,low_to_high,3,672,all_post,40,0.6351631602897096,0.6549756939997586,0.6612175945067698,1.1147177517344735,0.019812533710048954,0.02605443421706008
noise_scale,low_to_high,3,672,early,12,0.541925484992078,0.5344798943987444,0.538479016624853,0.8462223833250611,-0.007445590593333644,-0.0034464683672250085
noise_scale,low_to_high,3,672,late,16,0.7294496646433506,0.7736076452598739,0.7981282472922262,1.6246446535021648,0.044157980616523373,0.06867858264887566
noise_scale,low_to_high,3,672,mid,12,0.6026854964491531,0.6172955585872856,0.6014086353414109,0.7033105844536308,0.01461006213813234,-0.0012768611077422637
noise_scale,low_to_high,3,673,all_post,40,0.5894381244708269,0.651686401522951,0.5661099342067505,1.0342686795436005,0.06224827705212406,-0.02332819026407644
noise_scale,low_to_high,3,673,early,12,0.5369250314150257,0.45529099462194594,0.46943523002098336,0.904533242182488,-0.08163403679307964,-0.06748980139404233
noise_scale,low_to_high,3,673,late,16,0.6175504644824732,0.7551256432063844,0.608718696573988,1.154256103787815,0.13757517872391128,-0.008831767908485166
noise_scale,low_to_high,3,673,mid,12,0.6044680975110999,0.7101628195127113,0.6059729552362009,1.0040208845790939,0.10569472200161147,0.0015048577251010806
noise_scale,low_to_high,3,674,all_post,40,0.7121927712744446,0.8013879372667299,0.6531047429289025,1.2330670510336326,0.08919516599228536,-0.059088028345542096
noise_scale,low_to_high,3,674,early,12,0.7140785715152712,0.7062336248897445,0.685117581124662,1.4380673306875902,-0.007844946625526603,-0.028960990390609082
noise_scale,low_to_high,3,674,late,16,0.7409470134390489,0.9491309984568088,0.6708172434351032,1.0284154388726274,0.20818398501775986,-0.07012977000394571
noise_scale,low_to_high,3,674,mid,12,0.6719679814808122,0.6995515013902768,0.5974752373915418,1.3009355875943485,0.027583519909464598,-0.07449274408927027
noise_scale,low_to_high,3,675,all_post,40,0.5388706931951892,0.5336065741697873,0.526343430754828,0.8575336619041198,-0.0052641190254018476,-0.012527262440361203
noise_scale,low_to_high,3,675,early,12,0.4503125392636493,0.44515967027908115,0.43909292014583934,0.67803040477322,-0.005152868984568143,-0.011219619117809923
noise_scale,low_to_high,3,675,late,16,0.6883629202272883,0.7063610804005196,0.6937364501594825,1.2650256626672332,0.017998160173231283,0.005373529932194162
noise_scale,low_to_high,3,675,mid,12,0.42810587775059705,0.39171413641951736,0.3904032488242774,0.49371425135086877,-0.036391741331079724,-0.03770262892631965
noise_scale,low_to_high,3,676,all_post,40,0.7286203985011367,0.7220719986820682,0.700240460397942,1.522071160068704,-0.006548399819068548,-0.02837993810319476
noise_scale,low_to_high,3,676,early,12,0.8783975989892242,0.8542963882660454,0.817049800171287,2.238580952065314,-0.024101210723178817,-0.06134779881793709
noise_scale,low_to_high,3,676,late,16,0.7139047562761269,0.6906359102429331,0.6815183383294556,1.1871910669537518,-0.023268846033193784,-0.03238641794667142
noise_scale,low_to_high,3,676,mid,12,0.5984640543130619,0.6317623936836041,0.6083939500492451,1.2520681588920302,0.033298339370542045,0.009929895736183128
noise_scale,low_to_high,3,677,all_post,40,0.6516294563013545,0.6966265518326967,0.6917639982971027,0.9355235961224875,0.044997095531342166,0.04013454199574819
noise_scale,low_to_high,3,677,early,12,0.4139985908926071,0.41290464528342924,0.40996777798810946,0.6569351624948273,-0.0010939456091778783,-0.004030812904497594
noise_scale,low_to_high,3,677,late,16,0.7004711930541643,0.8244446116605724,0.8166239599837004,1.0439910137975645,0.12397341860640805,0.11615276692953622
noise_scale,low_to_high,3,677,mid,12,0.8241380060396892,0.8099243786114633,0.8070802696906325,1.0694888061833776,-0.014213627428225637,-0.01705773634905668
noise_scale,low_to_high,3,678,all_post,40,0.6944223583155229,0.6051933447479673,0.6047297975913851,0.9970194971629676,-0.08922901356755547,-0.08969256072413777
noise_scale,low_to_high,3,678,early,12,0.9494274857164594,0.8063780840524291,0.7625213250736355,1.4563457337206884,-0.14304940166403035,-0.18690616064282398
noise_scale,low_to_high,3,678,late,16,0.538698844132345,0.5049063262681194,0.5237885236016528,0.9220386638925213,-0.03379251786422567,-0.014910320530692111
noise_scale,low_to_high,3,678,mid,12,0.6470485831588234,0.5377246300833032,0.5548599687621111,0.6376677049658411,-0.10932395307552034,-0.09218861439671237
noise_scale,low_to_high,3,679,all_post,40,0.921498831321734,0.974914382560679,0.9392341846764845,2.0836879685271117,0.053415551238944946,0.01773535335475051
noise_scale,low_to_high,3,679,early,12,0.8975849937959545,0.8846175588383683,0.8683602906962858,1.6732400031590726,-0.012967434957586205,-0.029224703099668476
noise_scale,low_to_high,3,679,late,16,0.7596499389099631,0.8263569215160576,0.781248063990226,2.136127684778554,0.06670698260609444,0.0215981250802628
noise_scale,low_to_high,3,679,mid,12,1.1612111920632084,1.2632878210091516,1.2207562395716949,2.424216312226561,0.10207662894594349,0.059545047508486444
noise_scale,low_to_high,6,670,all_post,39,0.7933597473544596,0.8407073712928783,0.8838482919275091,2.396033678676533,0.04734762393841877,0.09048854457304975
noise_scale,low_to_high,6,670,early,12,0.7703127955715795,0.7476347886589276,0.7039253181379234,1.989165789568349,-0.022678006912651965,-0.06638747743365615
noise_scale,low_to_high,6,670,late,15,0.9040731252890358,0.9627945428973679,1.121936485599515,2.612925419811876,0.05872141760833194,0.2178633603104789
noise_scale,low_to_high,6,670,mid,12,0.6780149767191194,0.7811709894212173,0.7661610236270885,2.5317868913655395,0.10315601270209802,0.08814604690796919
noise_scale,low_to_high,6,671,all_post,39,0.7379762397413062,0.7943587208578464,1.1336798302911095,1.6907372962865783,0.05638248111654022,0.3957035905498037
noise_scale,low_to_high,6,671,early,12,0.6206585153306146,0.6410312500778336,0.7404017786380361,1.383266662378129,0.020372734747219002,0.11974326330742151
noise_scale,low_to_high,6,671,late,15,0.9297889043121496,1.026627336341521,1.737757790409326,2.199207313954908,0.09683843202937133,0.8079688860971763
noise_scale,low_to_high,6,671,mid,12,0.6155281334384437,0.6573504222832661,0.7718604317964134,1.3626204081096154,0.041822288844822565,0.1563322983579698
noise_scale,low_to_high,6,672,all_post,39,0.6450332407257294,0.6857620926226782,0.6326830557007053,1.0078915465909626,0.04072885189694874,-0.012350185025024007
noise_scale,low_to_high,6,672,early,12,0.5757013737166697,0.5412654075146099,0.5214836790522364,0.7750517047147617,-0.034435966202059826,-0.0542176946644333
noise_scale,low_to_high,6,672,late,15,0.7325548547511701,0.8016045722500084,0.7785558465260168,1.380118289090174,0.06904971749883829,0.046000991774846824
noise_scale,low_to_high,6,672,mid,12,0.6049630902029883,0.6854556781965836,0.561541443817535,0.7754479603431498,0.08049258799359538,-0.04342164638545326
noise_scale,low_to_high,6,673,all_post,39,0.6452912670079329,0.7487840466956569,0.6187225225025468,1.0349664932754996,0.10349277968772408,-0.026568744505385967
noise_scale,low_to_high,6,673,early,12,0.4867715675681399,0.4786188990897204,0.4640321813207187,0.8617511237847312,-0.00815266847841946,-0.022739386247421226
noise_scale,low_to_high,6,673,late,15,0.7112246370235377,0.8672730997787893,0.6647037836967573,1.1583741216501837,0.15604846275525147,-0.04652085332678033
noise_scale,low_to_high,6,673,mid,12,0.7213942539282195,0.8708378779476781,0.7159362871916118,1.0539223272979121,0.14944362401945846,-0.005457966736607769
noise_scale,low_to_high,6,674,all_post,39,0.8139974747048282,0.74627252911628,0.6890572379796998,1.3081838242093986,-0.06772494558854822,-0.12494023672512859
noise_scale,low_to_high,6,674,early,12,0.7201607356963997,0.7735493705653388,0.6755901316314691,1.2757344968106563,0.05338863486893913,-0.04457060406493044
noise_scale,low_to_high,6,674,late,15,0.841911550111579,0.8305462140804777,0.7632031478131657,1.3640218497662533,-0.011365336031101236,-0.0787084022984134
noise_scale,low_to_high,6,674,mid,12,0.8729416194548185,0.6136535814619741,0.6098419570360981,1.2708356196620711,-0.25928803799284433,-0.2630996624187205
noise_scale,low_to_high,6,675,all_post,39,0.5749747949116709,0.5590329434240692,0.5429930958277128,0.8758490119803698,-0.015941851487601688,-0.031981699083958086
noise_scale,low_to_high,6,675,early,12,0.45986774028239363,0.4716193914794328,0.4578964928251132,0.7539478333151396,0.011751651197039149,-0.0019712474572804693
noise_scale,low_to_high,6,675,late,15,0.7019637872359176,0.7422142417262975,0.7149382317339842,1.2630841683635257,0.04025045449037996,0.012974444498066728
noise_scale,low_to_high,6,675,mid,12,0.5313456091356397,0.4174698724909202,0.41315827894747303,0.5137062451666544,-0.11387573664471957,-0.11818733018816673
noise_scale,low_to_high,6,676,all_post,39,0.7853190115707631,0.7592448032072406,0.7427959377944621,2.2947741883399178,-0.0260742083635224,-0.042523073776301136
noise_scale,low_to_high,6,676,early,12,0.9304477862936698,0.9387982430425647,0.9083219983033862,3.2236381080728855,0.008350456748895112,-0.022125787990283422
noise_scale,low_to_high,6,676,late,15,0.8005674187732442,0.7368680606559008,0.7299455068427,1.7930446028667777,-0.06369935811734331,-0.07062191193054417
noise_scale,low_to_high,6,676,mid,12,0.6211297278447553,0.6076622915610915,0.5933329159752402,1.993072250448374,-0.013467436283663778,-0.027796811869515065
noise_scale,low_to_high,6,677,all_post,39,0.6604635453707706,0.7161256404170058,0.7101042212069066,0.9863003686472356,0.05566209504623544,0.04964067583613616
noise_scale,low_to_high,6,677,early,12,0.4313276147528131,0.4399152623106297,0.4362192482549168,0.5824338042402372,0.008587647557816673,0.004891633502103703
noise_scale,low_to_high,6,677,late,15,0.6649430874991419,0.787900493657448,0.7808649195738226,1.0253236101262801,0.1229574061583059,0.11592183207468075
noise_scale,low_to_high,6,677,mid,12,0.8840000483282635,0.9026174519728295,0.8955383212002511,1.3413878812054287,0.018617403644566117,0.011538272871987942
noise_scale,low_to_high,6,678,all_post,39,0.7362555333958317,0.6551537313288736,0.645228221800571,1.362812617765903,-0.08110180206695794,-0.0910273115952606
noise_scale,low_to_high,6,678,early,12,0.8671067188813191,0.8679840407590294,0.8130525696893992,2.178540273452311,0.0008773218777103445,-0.05405414919191993
noise_scale,low_to_high,6,678,late,15,0.5121320016210337,0.4997512119392668,0.5034385609115672,1.0850118025895301,-0.012380789681766783,-0.008693440709466335
noise_scale,low_to_high,6,678,mid,12,0.8855587626288416,0.6365765711357266,0.6546409500229976,0.8943359810499611,-0.24898219149311515,-0.23091781260584407
noise_scale,low_to_high,6,679,all_post,39,1.0944047364139218,1.1602864878842707,1.126595880895322,3.2440795787102203,0.06588175147034872,0.03219114448140018
noise_scale,low_to_high,6,679,early,12,1.0928551161022468,1.1223901976125565,1.1035576759727441,2.065171439685172,0.029535081510309844,0.010702559870497516
noise_scale,low_to_high,6,679,late,15,0.8918804173136441,0.8682761271337718,0.8405478581323654,3.817527082830804,-0.0236042901798725,-0.051332559181278575
noise_scale,low_to_high,6,679,mid,12,1.3491097556009446,1.563195729094109,1.5071941142715959,3.706178337584539,0.21408597349316413,0.1580843586706513
noise_scale,low_to_high,12,670,all_post,37,0.9796049046390017,1.0552570277013937,1.1245649752308953,5.754476680228718,0.07565212306239211,0.14496007059189375
noise_scale,low_to_high,12,670,early,12,1.1464727070393392,1.0146508068342501,0.9362428619755385,4.734158126486006,-0.13182190020508913,-0.21022984506380063
noise_scale,low_to_high,12,670,late,13,0.9271409876906185,1.0889363140905923,1.3466594323074639,5.830446867232482,0.16179532639997374,0.4195184446168455
noise_scale,low_to_high,12,670,mid,12,0.8695730122660786,1.0593773549802386,1.0722847599866356,6.692494198050689,0.18980434271415994,0.2027117477205572
noise_scale,low_to_high,12,671,all_post,37,0.8310781081259241,0.8700032922997296,1.4804813639151682,1.8632557612915752,0.0389251841738054,0.649403255789244
noise_scale,low_to_high,12,671,early,12,0.6747280425810311,0.6889935813963826,0.7618316355953582,1.25293913130666,0.01426553881535128,0.08710359301432698
noise_scale,low_to_high,12,671,late,13,1.0850975319090819,1.0615227942896053,2.5531521777676236,2.6747370402777717,-0.023574737619476763,1.4680546458585415
noise_scale,low_to_high,12,671,mid,12,0.7122404645723961,0.8435335427140446,1.0370710438948176,1.5944676723747764,0.13129307814164856,0.3248305793224216
noise_scale,low_to_high,12,672,all_post,37,0.7233062991157428,0.8237301046021521,0.688665752452178,1.0636474264205185,0.10042380548640958,-0.0346405466635647
noise_scale,low_to_high,12,672,early,12,0.7822917332344029,0.6493277202216977,0.5616163684688952,0.7979461966106252,-0.13296401301270544,-0.2206753647655079
noise_scale,low_to_high,12,672,late,13,0.745252303705027,0.9405362140162503,0.8255491814558031,1.4183196452858249,0.19528391031122305,0.08029687775077615
noise_scale,low_to_high,12,672,mid,12,0.6405460266920243,0.8715925371173343,0.667424755014867,0.9451204191263298,0.23104651042530996,0.02687872832284259
noise_scale,low_to_high,12,673,all_post,37,0.7268238131873492,0.9695349905436988,0.7328896757668424,1.039850836008072,0.24271117735634976,0.006065862579493198
noise_scale,low_to_high,12,673,early,12,0.5378824275041375,0.5968588951907987,0.48532507790073204,0.9212241730915256,0.05897646768666128,-0.05255734960340552
noise_scale,low_to_high,12,673,late,13,0.6767970642847848,1.1062718291873352,0.8689648699566325,1.156014172130144,0.4294747649025505,0.19216780567184774
noise_scale,low_to_high,12,673,mid,12,0.9699608435150053,1.1940795106993263,0.8330394799273466,1.0326338847923735,0.22411866718432075,-0.1369213635876588
noise_scale,low_to_high,12,674,all_post,37,0.9924376107853077,1.237540237002493,0.7840038297680401,1.685931246937141,0.2451026262171852,-0.2084337810172676
noise_scale,low_to_high,12,674,early,12,0.6895387305782625,0.6399736694955463,0.6336069798952142,1.2305589292613395,-0.04956506108271608,-0.05593175068304832
noise_scale,low_to_high,12,674,late,13,0.9642208621200117,2.013954661375725,0.9290639750387573,2.2732820918748695,1.0497337992557132,-0.03515688708125441
noise_scale,low_to_high,12,674,mid,12,1.3259046353797572,0.9939911781051048,0.7772521889309226,1.5050068159304033,-0.3319134572746523,-0.5486524464488346
noise_scale,low_to_high,12,675,all_post,37,0.6108891777747475,0.6085813305321768,0.5874020501388549,0.9424304923642892,-0.002307847242570561,-0.023487127635892467
noise_scale,low_to_high,12,675,early,12,0.4888781399137228,0.5365242780805494,0.5141986120230687,1.1439056566098138,0.047646138166826744,0.02532047210934593
noise_scale,low_to_high,12,675,late,13,0.669071752601819,0.7205050140948165,0.6911223328212466,1.02208839644591,0.05143326149299762,0.022050580219427594
noise_scale,low_to_high,12,675,mid,12,0.6698690929064446,0.5593877257909446,0.5482418486820503,0.6546592653636754,-0.11048136711550005,-0.12162724422439429
noise_scale,low_to_high,12,676,all_post,37,0.997524023395771,0.9296241373786763,0.9121169352242575,5.316426801971546,-0.0678998860170947,-0.0854070881715132
noise_scale,low_to_high,12,676,early,12,1.0838714899253823,1.0619913592960668,1.0300320017759899,6.159296393943685,-0.02188013062931551,-0.05383948814939236
noise_scale,low_to_high,12,676,late,13,1.2222228726538373,0.9840173131542821,0.9799508309278298,4.404355551914719,-0.23820555949955508,-0.2422720417260074
noise_scale,low_to_high,12,676,mid,12,0.6677528035032543,0.7383309750377124,0.720715148326989,5.46163439756097,0.07057817153445821,0.05296234482373463
noise_scale,low_to_high,12,677,all_post,37,0.7304299413042943,0.9294756223845461,0.8509539516553783,1.0803453090115789,0.1990456810802516,0.12052401035108402
noise_scale,low_to_high,12,677,early,12,0.5479442097175774,0.6571678613267871,0.5951168143104107,0.7466086848726236,0.10922365160920966,0.04717260459283329
noise_scale,low_to_high,12,677,late,13,0.6735879506694897,1.0388008202492662,0.9726737561041662,1.0275706098386548,0.3652128695797765,0.2990858054346764
noise_scale,low_to_high,12,677,mid,12,0.9744944960787162,1.0833477524221908,0.9749279675141591,1.4712545239212016,0.10885325634347492,0.00043347143544310757
noise_scale,low_to_high,12,678,all_post,37,0.934841824958424,0.7596894591144736,0.9045283874222679,2.2699235025487936,-0.17515236584395044,-0.030313437536156018
noise_scale,low_to_high,12,678,early,12,0.9121549714358488,0.9669004344654718,1.0025027432848377,3.8107498224902456,0.05474546302962282,0.09034777184898872
noise_scale,low_to_high,12,678,late,13,0.5225816608357605,0.5249183211604573,0.8368095564636661,1.5801437512215644,0.0023366603246968497,0.3142278956279056
noise_scale,low_to_high,12,678,mid,12,1.4041438562805515,0.8068138832136599,0.8799160984315172,1.4763585798785066,-0.5973299730668916,-0.5242277578490342
noise_scale,low_to_high,12,679,all_post,37,1.3706034703026808,1.4327927283585844,1.44734154495492,6.830947964943149,0.06218925805590366,0.07673807465223889
noise_scale,low_to_high,12,679,early,12,1.3547733587966084,1.5935019021809607,1.6052106485938769,3.752879738781411,0.2387285433843518,0.25043728979726815
noise_scale,low_to_high,12,679,late,13,1.1296253868294652,0.8393540072877637,0.8470312769100212,8.929031944054367,-0.29027137954170135,-0.28259410991944417
noise_scale,low_to_high,12,679,mid,12,1.6474931722380701,1.9149755023629311,1.9398085650312697,7.636091880401064,0.26748233012486095,0.2923153927931996
noise_scale,stable_high,1,670,all_post,40,0.6376050053354023,0.603215973759816,0.5906571170277566,1.1534680459307496,-0.034389031575586364,-0.046947888307645735
noise_scale,stable_high,1,670,early,12,0.85413663729252,0.8756056375625336,0.8844931715648503,1.263018131582674,0.021469000270013593,0.030356534272330187
noise_scale,stable_high,1,670,late,16,0.5312257859175838,0.5729653551057337,0.5420602694232791,1.1638141344357713,0.04173956918814985,0.01083448350569521
noise_scale,stable_high,1,670,mid,12,0.5629123326020425,0.37116046816254133,0.36161685929663295,1.030123175605462,-0.19175186443950124,-0.20129547330540962
noise_scale,stable_high,1,671,all_post,40,0.6436037628855459,0.5788601666816778,3.0944720412704494,1.3593484791810555,-0.06474359620386812,2.450868278384904
noise_scale,stable_high,1,671,early,12,0.34391122829860904,0.2967658716590661,0.3811248961010809,0.6141525649870664,-0.0471453566395429,0.03721366780247191
noise_scale,stable_high,1,671,late,16,0.9272158645079512,0.7905751713523426,6.295074737192823,2.0106905638929353,-0.13664069315560867,5.367858872684871
noise_scale,stable_high,1,671,mid,12,0.5651468286426091,0.5786677888100699,1.5403489252099873,1.2360882804258715,0.013520960167460757,0.9752020965673784
noise_scale,stable_high,1,672,all_post,40,0.7324334629570288,0.7608177163742009,0.6824221714796451,1.1782370511569777,0.028384253417172194,-0.05001129147738352
noise_scale,stable_high,1,672,early,12,0.8318139558112086,0.8402631779915445,0.7421925526068075,0.8360963897799424,0.00844922218033578,-0.0896214032044011
noise_scale,stable_high,1,672,late,16,0.7387574270833028,0.8498570996161545,0.7596296250169279,1.8602196548985934,0.11109967253285175,0.02087219793362505
noise_scale,stable_high,1,672,mid,12,0.6246210179344832,0.5626530771009189,0.519708518969439,0.6110675742118585,-0.06196794083356414,-0.10491249896504408
noise_scale,stable_high,1,673,all_post,40,0.5388145445264647,0.5720879465219711,0.46772288237103554,0.9745476223921585,0.03327340199550634,-0.07109166215542921
noise_scale,stable_high,1,673,early,12,0.2884948351241586,0.2963819112874818,0.3593489413723027,0.9902452753410061,0.007887076163323157,0.07085410624814413
noise_scale,stable_high,1,673,late,16,0.6360593663569329,0.7546619529882677,0.5004306623950375,0.9512223620667198,0.11860258663133469,-0.13562870396189547
noise_scale,stable_high,1,673,mid,12,0.6594744914881465,0.6043619731347317,0.5324864500044324,0.9899503165438959,-0.05511251835341497,-0.12698804148371423
noise_scale,stable_high,1,674,all_post,40,0.629542334816235,0.5637217684083894,0.5907839271089204,0.9470788717655971,-0.06582056640784548,-0.03875840770731452
noise_scale,stable_high,1,674,early,12,0.36389100233211846,0.35010023642993,0.35163093972317866,1.0187612615001,-0.013790765902188501,-0.012260062608939859
noise_scale,stable_high,1,674,late,16,0.8775280729412859,0.7533911354404447,0.8004282913536406,0.9657966865966556,-0.12413693750084125,-0.07709978158764536
noise_scale,stable_high,1,674,mid,12,0.5645460164669498,0.5244508110107752,0.5504110955017018,0.8504393955896828,-0.040095205456174746,-0.014134920965248071
noise_scale,stable_high,1,675,all_post,40,0.582560484733077,0.5071669865575043,0.508588163996823,0.9914219520800696,-0.0753934981755727,-0.0739723207362539
noise_scale,stable_high,1,675,early,12,0.5153184135040378,0.4833051534296759,0.48471414276454833,1.1875447838976327,-0.032013260074361914,-0.030604270739489393
noise_scale,stable_high,1,675,late,16,0.6486254733812347,0.5958497736540838,0.5991158651338713,1.2752725132737126,-0.05277569972715082,-0.04950960824736331
noise_scale,stable_high,1,675,mid,12,0.5617159044312394,0.41278510355656,0.41175858371303353,0.41683170533764885,-0.1489308008746793,-0.1499573207182059
noise_scale,stable_high,1,676,all_post,40,0.8554752396939896,0.9539725067131013,0.8987615246646186,1.3184068382919545,0.09849726701911146,0.04328628497062899
noise_scale,stable_high,1,676,early,12,0.5836589163726472,0.578154349527122,0.5341366005450343,1.9081389726679348,-0.005504566845525157,-0.04952231582761273
noise_scale,stable_high,1,676,late,16,1.2097005307074689,1.541538780856603,1.4353581018072568,1.205627263483782,0.33183825014913443,0.22565757109978796
noise_scale,stable_high,1,676,mid,12,0.6549911749973601,0.5463689650410777,0.5479243459273523,0.8790474703268716,-0.10862220995628259,-0.10706682907000792
noise_scale,stable_high,1,677,all_post,40,0.830642058513394,0.8276377428365203,0.7483352064749166,1.1228491428405643,-0.003004315676873731,-0.08230685203847739
noise_scale,stable_high,1,677,early,12,0.5735998677274693,0.547694331100779,0.4796400176993975,0.7627955514333692,-0.0259055366266903,-0.09395985002807172
noise_scale,stable_high,1,677,late,16,0.9461427799755098,1.0141271913763932,0.8813711452710277,1.2469834699285591,0.06798441140088354,-0.06477163470448205
noise_scale,stable_high,1,677,mid,12,0.933683287349831,0.8589285565190976,0.8396491435222876,1.3173902981304333,-0.07475473083073353,-0.09403414382754349
noise_scale,stable_high,1,678,all_post,40,0.5199721664927537,0.443772885698964,0.4617949661961697,0.6542137636343385,-0.07619928079378975,-0.05817720029658391
noise_scale,stable_high,1,678,early,12,0.6324322407888909,0.468333606413511,0.44889786784212093,0.6345472023045137,-0.16409863437538005,-0.1835343729467701
noise_scale,stable_high,1,678,late,16,0.4812130668151962,0.4750351272741875,0.32864508367789946,0.8882584703660978,-0.006177939541008686,-0.1525679831372968
noise_scale,stable_high,1,678,mid,12,0.4591908917666931,0.3775291762174522,0.6522252412412458,0.3618207159884838,-0.08166171554924086,0.1930343494745527
noise_scale,stable_high,1,679,all_post,40,0.9265709876565337,1.2719803275784192,1.184039188921818,2.0947331014957937,0.3454093399218855,0.25746820126528436
noise_scale,stable_high,1,679,early,12,1.1875809771836823,1.1720128314168006,1.1715583132369678,1.8275491788815605,-0.015568145766881746,-0.01602266394671441
noise_scale,stable_high,1,679,late,16,0.7902938404004315,0.9136392012435515,0.8266610488892833,2.075329356276559,0.12334536084312002,0.036367208488851804
noise_scale,stable_high,1,679,mid,12,0.8472638611375215,1.8497359921865282,1.6730242513167146,2.38778868440234,1.0024721310490066,0.8257603901791931
noise_scale,stable_high,3,670,all_post,40,0.7575453811066459,0.733929905196623,0.7034132788792931,1.4574019019003686,-0.023615475910022866,-0.054132102227352916
noise_scale,stable_high,3,670,early,12,0.7203300496956736,0.6630536979282379,0.5255077969915346,1.2212066765001715,-0.057276351767435806,-0.19482225270413908
noise_scale,stable_high,3,670,late,16,0.9201279456780723,0.8571952369102984,0.9465828542066798,1.664109821226166,-0.06293270876777386,0.02645490852860741
noise_scale,stable_high,3,670,mid,12,0.5779839597557165,0.6404523368467744,0.5570926603305358,1.4179865681995019,0.06246837709105802,-0.02089129942518057
noise_scale,stable_high,3,671,all_post,40,0.7068761198324717,1.2568479145567681,1.3945062388531262,1.5184310331402449,0.5499717947242966,0.6876301190206544
noise_scale,stable_high,3,671,early,12,0.5733031447463869,0.6175891086374303,0.6298056079578536,1.2430485295209857,0.04428596389104339,0.05650246321146679
noise_scale,stable_high,3,671,late,16,0.9075853358043613,2.1118232023094023,2.4035574405027305,1.9332159716414852,1.204237866505041,1.4959721046983687
noise_scale,stable_high,3,671,mid,12,0.5728368069560371,0.756139670139261,0.8138052675489265,1.2407669520911837,0.18330286318322384,0.24096846059288923
noise_scale,stable_high,3,672,all_post,40,0.6530124823726187,0.6676484488622606,0.6119214798452768,1.1210835875276643,0.014635966489641822,-0.04109100252734188
noise_scale,stable_high,3,672,early,12,0.6363341223380123,0.686082311709658,0.5757622639904024,0.8674418359690308,0.04974818937164575,-0.060571858347609954
noise_scale,stable_high,3,672,late,16,0.731296530114535,0.6839052483840047,0.7000354586986304,1.6246446535021648,-0.047391281730530296,-0.03126107141590458
noise_scale,stable_high,3,672,mid,12,0.5653121120846701,0.6275388533192042,0.5305953905623466,0.7033105844536308,0.06222674123453406,-0.03471672152232355
noise_scale,stable_high,3,673,all_post,40,0.5748045924624807,0.6447748718622759,0.5603112397642358,1.0388661824520788,0.0699702793997952,-0.014493352698245032
noise_scale,stable_high,3,673,early,12,0.49042638656892973,0.447928874468158,0.4457074474919472,0.9198582518774158,-0.04249751210077169,-0.044718939076982545
noise_scale,stable_high,3,673,late,16,0.618207400107284,0.7550579358231752,0.6291773832230403,1.154256103787815,0.13685053571589106,0.010969983115756268
noise_scale,stable_high,3,673,mid,12,0.6013123881629605,0.694576783975195,0.5830935074247847,1.0040208845790939,0.09326439581223422,-0.018218880738175916
noise_scale,stable_high,3,674,all_post,40,0.7191901373657784,1.2434211809947167,0.6716411688340866,1.242266550341872,0.5242310436289384,-0.04754896853169181
noise_scale,stable_high,3,674,early,12,0.6742841417228099,0.6258492701863563,0.6505180948072445,1.468732328381722,-0.048434871536453684,-0.023766046915565418
noise_scale,stable_high,3,674,late,16,0.7405573154535063,1.877085831145895,0.6587092654796043,1.0284154388726274,1.1365285156923883,-0.08184804997390194
noise_scale,stable_high,3,674,mid,12,0.7356065622251098,1.0161068916015064,0.7100067806669049,1.3009355875943485,0.28050032937639663,-0.025599781558204693
noise_scale,stable_high,3,675,all_post,40,0.5422876780473569,0.5020831003186416,0.5061240907717472,0.8815243334020515,-0.040204577728715295,-0.03616358727560957
noise_scale,stable_high,3,675,early,12,0.42102074658913985,0.40739282185660164,0.3890668968899322,0.7579993097663259,-0.013627924732538212,-0.031953849699207774
noise_scale,stable_high,3,675,late,16,0.688362910630214,0.6341684861925516,0.6185847920567893,1.2650256626672332,-0.05419442443766247,-0.06977811857342464
noise_scale,stable_high,3,675,mid,12,0.4687876327284308,0.4206595309488013,0.47323368294017304,0.49371425135086877,-0.048128101779629506,0.0044460502117420605
noise_scale,stable_high,3,676,all_post,40,0.7372740778009458,0.7325610505962923,0.7597252741530671,1.5527305304713033,-0.004713027204653442,0.0224511963521213
noise_scale,stable_high,3,676,early,12,0.8568128385823607,0.8717133611472591,0.923003814509042,2.340778853407311,0.014900522564898357,0.0661909759266813
noise_scale,stable_high,3,676,late,16,0.7138403112180606,0.7729432948799437,0.8071165372030329,1.1871910669537518,0.05910298366188327,0.09327622598497237
noise_scale,stable_high,3,676,mid,12,0.6489803391300443,0.5395657476671233,0.5332583830638041,1.2520681588920302,-0.10941459146292087,-0.11572195606624015
noise_scale,stable_high,3,677,all_post,40,0.6523248604418657,0.6250053121167094,0.6375167311925475,0.9285924501119969,-0.02731954832515618,-0.014808129249318189
noise_scale,stable_high,3,677,early,12,0.4158950145134066,0.4199519790155486,0.4594062029519698,0.6338313424598591,0.00405696450214202,0.04351118843856319
noise_scale,stable_high,3,677,late,16,0.7482313116628043,0.6803764106387516,0.7018096955178941,1.0439910137975645,-0.0678549010240526,-0.04642161614491022
noise_scale,stable_high,3,677,mid,12,0.7608794380757399,0.7562305138551473,0.7299033069993297,1.0694888061833776,-0.0046489242205924736,-0.030976131076410212
noise_scale,stable_high,3,678,all_post,40,0.6345490116024891,0.6418797469257118,0.6471866421488708,1.0106383510910635,0.007330735323222678,0.012637630546381567
noise_scale,stable_high,3,678,early,12,0.7404794646772858,0.7050959213088501,0.7219894851555505,1.501741913481009,-0.03538354336843574,-0.018489979521735457
noise_scale,stable_high,3,678,late,16,0.5387266313180725,0.4957019238682777,0.5228170381408663,0.9220386638925213,-0.04302470744979489,-0.015909593177206315
noise_scale,stable_high,3,678,mid,12,0.6563817322402478,0.7735673366191521,0.7382099378195303,0.6376677049658411,0.11718560437890452,0.08182820557928244
noise_scale,stable_high,3,679,all_post,40,0.9180616165059113,0.8857728434539058,0.8898300415704024,2.1058442703256963,-0.03228877305200541,-0.028231574935508985
noise_scale,stable_high,3,679,early,12,0.8469126365983612,0.8499525633672556,0.8539451316762191,1.7470943424876892,0.0030399267688942222,0.007032495077857938
noise_scale,stable_high,3,679,late,16,0.758798470268496,0.6953026865412917,0.6894908404731475,2.136127684778554,-0.06349578372720432,-0.06930762979534853
noise_scale,stable_high,3,679,mid,12,1.2015614580633485,1.1755533327573753,1.1928338862609251,2.424216312226561,-0.02600812530597314,-0.008727571802423173
noise_scale,stable_high,6,670,all_post,39,0.8076778194249841,0.8257926698640836,0.7559165092659106,2.436272325498567,0.01811485043909954,-0.05176131015907346
noise_scale,stable_high,6,670,early,12,0.7868346876681196,0.7648239215485981,0.5789613909061782,2.119941391739958,-0.022010766119521488,-0.2078732967619414
noise_scale,stable_high,6,670,late,15,0.9006432563584041,0.9412895297296328,0.9720266383856563,2.612925419811876,0.04064627337122877,0.07138338202725224
noise_scale,stable_high,6,670,mid,12,0.7123141550150737,0.7423903433476328,0.6627339662259609,2.5317868913655395,0.030076188332559022,-0.049580188789112654
noise_scale,stable_high,6,671,all_post,39,0.7265434707663901,1.3506708277735566,2.013806166087668,1.7154962883668015,0.6241273570071663,1.2872626953212778
noise_scale,stable_high,6,671,early,12,0.5836686405882452,0.6653694140848961,0.7643208998521153,1.4637333866388527,0.08170077349665089,0.1806522592638701
noise_scale,stable_high,6,671,late,15,0.936822664725304,2.293861705272174,3.6813804761871975,2.199207313954908,1.3570390405468704,2.7445578114618936
noise_scale,stable_high,6,671,mid,12,0.6065693084958931,0.8569836445889445,1.1788235446988076,1.3626204081096154,0.25041433609305147,0.5722542362029146
noise_scale,stable_high,6,672,all_post,39,0.6703043091511713,0.7172393410837891,0.6315206185957586,1.0118920855281688,0.04693503193261764,-0.03878369055541283
noise_scale,stable_high,6,672,early,12,0.7031736428762067,0.7453036780599208,0.5985793217788702,0.7880534562606821,0.0421300351837142,-0.10459432109733634
noise_scale,stable_high,6,672,late,15,0.7321635822667766,0.7007021447624565,0.7131718238297596,1.380118289090174,-0.03146143750431998,-0.018991758437016764
noise_scale,stable_high,6,672,mid,12,0.5601108840316298,0.7098464995093229,0.5623979088701453,0.7754479603431498,0.14973561547769312,0.002287024838515596
noise_scale,stable_high,6,673,all_post,39,0.6305764680402987,0.741515987242151,0.6135813494933378,1.0373477056570333,0.11093951920185244,-0.016995118546960696
noise_scale,stable_high,6,673,early,12,0.46968380626300293,0.4761859263335116,0.4331864818801454,0.8694900640247151,0.006502120070508631,-0.03649732438285766
noise_scale,stable_high,6,673,late,15,0.7127605465470686,0.8672797435818183,0.7026079342408413,1.1583741216501837,0.15451919703474956,-0.01015261230622706
noise_scale,stable_high,6,673,mid,12,0.6887390316841314,0.8496413527262064,0.6826929861721508,1.0539223272979121,0.1609023210420749,-0.006046045511980773
noise_scale,stable_high,6,674,all_post,39,0.7838044473695049,1.3207596212826944,0.7079978965017676,1.3057042278190156,0.5369551739131893,-0.07580655086773731
noise_scale,stable_high,6,674,early,12,0.6350039846548138,0.6110772026880129,0.6369072783655666,1.2676758085419129,-0.02392678196680086,0.0019032937107528296
noise_scale,stable_high,6,674,late,15,0.8407209961801662,2.113763554332423,0.729564645600655,1.3640218497662533,1.2730425581522569,-0.1111563505795112
noise_scale,stable_high,6,674,mid,12,0.8614592240708697,1.0391871235652144,0.75213007826436,1.2708356196620711,0.17772789949434462,-0.10932914580651006
noise_scale,stable_high,6,675,all_post,39,0.5568209764166366,0.5126525183917926,0.5361180469823772,0.8975527849054725,-0.0441684580248441,-0.020702929434259457
noise_scale,stable_high,6,675,early,12,0.41846418477726804,0.41484919277296584,0.3960082223269763,0.8244850953217232,-0.0036149920043021568,-0.022455962450291727
noise_scale,stable_high,6,675,late,15,0.7019638040028798,0.6418398534057383,0.6539477598775775,1.2630841683635257,-0.060123950597141505,-0.048016044125302464
noise_scale,stable_high,6,675,mid,12,0.5137492335732011,0.4489716752431869,0.5289407305187777,0.5137062451666544,-0.06477755833001429,0.015191496945576569
noise_scale,stable_high,6,676,all_post,39,0.803990949654492,0.7825010477296979,0.7981071835502304,2.3386117225934613,-0.0214899019247941,-0.00588376610426157
noise_scale,stable_high,6,676,early,12,0.9730598502150678,0.9360790344534428,0.9624873300101989,3.3661100943969036,-0.036980815761624944,-0.010572520204868915
noise_scale,stable_high,6,676,late,15,0.8007204074403778,0.8539034801741858,0.8752106550785669,1.7930446028667777,0.0531830727338082,0.07449024763818923
noise_scale,stable_high,6,676,mid,12,0.6390102268615592,0.5396700204503431,0.5373476976798414,1.993072250448374,-0.09934020641121614,-0.1016625291817177
noise_scale,stable_high,6,677,all_post,39,0.6491561909742759,0.6363362090614083,0.6548637212797838,0.9891875431663829,-0.012819981912867536,0.005707530305507822
noise_scale,stable_high,6,677,early,12,0.4404875656270182,0.45528407714466274,0.5039317548660778,0.5918171214274661,0.014796511517644611,0.06344418923905965
noise_scale,stable_high,6,677,late,15,0.6722766149952687,0.6654159172392713,0.6906656153696706,1.0253236101262801,-0.006860697755997273,0.018389000374402064
noise_scale,stable_high,6,677,mid,12,0.8289242862952927,0.781038705755825,0.7610433200811307,1.3413878812054287,-0.047885580539467516,-0.06788096621416181
noise_scale,stable_high,6,678,all_post,39,0.6998278308644393,0.7005575224176249,0.67248046273624,1.3696371566392682,0.0007296915531855752,-0.027347368128199323
noise_scale,stable_high,6,678,early,12,0.7587179993644031,0.7413411803252369,0.7438571695754274,2.2007200247907477,-0.017376819039166116,-0.01486082978897573
noise_scale,stable_high,6,678,late,15,0.5121463918224571,0.4535651580270723,0.4566355956956148,1.0850118025895301,-0.058581233795384734,-0.05551079612684236
noise_scale,stable_high,6,678,mid,12,0.875539461166953,0.9685143199982034,0.8709098396978341,0.8943359810499611,0.09297485883125016,-0.004629621469119147
noise_scale,stable_high,6,679,all_post,39,1.0579727307152198,1.0083998733813009,1.007314790537831,3.2556562877369446,-0.04957285733391918,-0.050657940177388915
noise_scale,stable_high,6,679,early,12,1.065240506824667,1.0109986907712052,1.0108869654433825,2.1027957440220253,-0.05424181605346168,-0.054353541381284294
noise_scale,stable_high,6,679,late,15,0.830182204896634,0.7188122427533322,0.7189636182106838,3.817527082830804,-0.11136996214330178,-0.11121858668595017
noise_scale,stable_high,6,679,mid,12,1.335443111879005,1.3677855942763566,1.364181581041213,3.706178337584539,0.03234248239735158,0.02873846916220801
noise_scale,stable_high,12,670,all_post,37,0.9707352846900367,1.1114374066554165,0.8161139383339858,5.816135514297639,0.14070212196537984,-0.154621346356051
noise_scale,stable_high,12,670,early,12,1.1700471654201483,1.2503209719184138,0.6454119518069977,4.924272864865177,0.08027380649826517,-0.5246352136131507
noise_scale,stable_high,12,670,late,13,0.9248441308291528,0.9955741712638713,1.0093603825766702,5.830446867232482,0.07073004043471837,0.08451625174751741
noise_scale,stable_high,12,670,mid,12,0.821138820642549,1.098072346399927,0.777465610264732,6.692494198050689,0.27693352575737784,-0.043673210377816886
noise_scale,stable_high,12,671,all_post,37,0.7870082007315363,1.6340999178508815,3.706048576352414,1.8829713641096382,0.8470917171193453,2.9190403756208783
noise_scale,stable_high,12,671,early,12,0.5862561587401148,0.7242808669266451,1.1578683360126258,1.3137289066623545,0.13802470818653023,0.5716121772725109
noise_scale,stable_high,12,671,late,13,1.11234598725992,2.9717430271643814,7.395647606001122,2.6747370402777717,1.8593970399044615,6.283301618741201
noise_scale,stable_high,12,671,mid,12,0.6353109739838754,1.0948056003521598,2.2571632012394365,1.5944676723747764,0.45949462636828436,1.6218522272555609
noise_scale,stable_high,12,672,all_post,37,0.8035103348996132,0.672949813791781,0.665977313735072,1.0761217043131557,-0.13056052110783226,-0.13753302116454122
noise_scale,stable_high,12,672,early,12,1.024834782273923,0.6532508063114613,0.6219880586110937,0.8364085534462561,-0.3715839759624619,-0.4028467236628293
noise_scale,stable_high,12,672,late,13,0.7502700208998572,0.7223212663447854,0.7371165702754889,1.4183196452858249,-0.02794875455507192,-0.013153450624368112
noise_scale,stable_high,12,672,mid,12,0.6398628943583725,0.6391630810063461,0.6328990409402652,0.9451204191263298,-0.0006998133520262859,-0.006963853418107249
noise_scale,stable_high,12,673,all_post,37,0.6728695180709615,0.9345316032158055,0.6921234491800997,1.040310885423333,0.26166208514484396,0.01925393110913802
noise_scale,stable_high,12,673,early,12,0.5078172431703827,0.585688917642991,0.46359198609037805,0.9226426587885795,0.07787167447260822,-0.04422525708000469
noise_scale,stable_high,12,673,late,13,0.6804071326479877,1.075210822452782,0.7616384562383968,1.156014172130144,0.3948036898047946,0.08123132359040913
noise_scale,stable_high,12,673,mid,12,0.8297560438464285,1.130971801281895,0.8453469879566656,1.0326338847923735,0.30121575743546636,0.015590944110237032
noise_scale,stable_high,12,674,all_post,37,0.9792018309301069,1.6433500321320247,0.8120554567934836,1.693210774564186,0.6641482012019179,-0.16714637413662342
noise_scale,stable_high,12,674,early,12,0.627744557544948,0.5812371676763741,0.6195992797266517,1.2530041394447273,-0.046507389868573785,-0.008145277818296276
noise_scale,stable_high,12,674,late,13,1.027832885346733,2.921837292225485,0.8819269545711909,2.2732820918748695,1.8940044068787516,-0.14590593077554204
noise_scale,stable_high,12,674,mid,12,1.2779754620305879,1.3204350314864275,0.9288175112677992,1.5050068159304033,0.04245956945583946,-0.3491579507627889
noise_scale,stable_high,12,675,all_post,37,0.5860616776017598,0.5595794178605378,0.6151913191439231,0.9527517397801404,-0.026482259741222,0.029129641542163277
noise_scale,stable_high,12,675,early,12,0.4370252483231753,0.4356240190773193,0.4103974766762357,1.1757295028086878,-0.0014012292458559297,-0.02662777164693955
noise_scale,stable_high,12,675,late,13,0.6675435724946885,0.623415084813228,0.6916199590549486,1.02208839644591,-0.04412848768146074,0.024076386560259774
noise_scale,stable_high,12,675,mid,12,0.6468260540796712,0.6143795107783419,0.7371874683746662,0.6546592653636754,-0.03244654330132944,0.09036141429499489
noise_scale,stable_high,12,676,all_post,37,1.092861596254258,1.039920818305338,1.0407356110635855,5.408875441211106,-0.052940777948920485,-0.052125985190672644
noise_scale,stable_high,12,676,early,12,1.3252734956742136,1.2523950556808703,1.2541275083259154,6.444346364932329,-0.07287843999334326,-0.07114598734829823
noise_scale,stable_high,12,676,late,13,1.2040772400213622,1.216883965100646,1.2175999039107444,4.404355551914719,0.01280672507928397,0.013522663889382374
noise_scale,stable_high,12,676,mid,12,0.7399660827532738,0.6357365052348879,0.6357407298835005,5.46163439756097,-0.10422957751838585,-0.10422535286977334
noise_scale,stable_high,12,677,all_post,37,0.7090922105581209,0.706556807605928,0.7019231084874413,1.0870646710013419,-0.0025354029521928024,-0.007169102070679574
noise_scale,stable_high,12,677,early,12,0.5113756281642255,0.5623522977000157,0.5836311870625667,0.7673267176743922,0.05097666953579031,0.07225555889834127
noise_scale,stable_high,12,677,late,13,0.6867034939827316,0.7540822746004167,0.7520199866106128,1.0275706098386548,0.06737878061768507,0.06531649262788128
noise_scale,stable_high,12,677,mid,12,0.931063235908688,0.7992753949344774,0.7659434119455466,1.4712545239212016,-0.13178784097421029,-0.16511982396314132
noise_scale,stable_high,12,678,all_post,37,0.9206391641205888,0.8541598394221266,0.8320507758767064,2.262365230610034,-0.06647932469846216,-0.08858838824388235
noise_scale,stable_high,12,678,early,12,0.8350588299160074,0.8348994756009263,0.8388801267087294,3.7874451506790687,-0.0001593543150810034,0.0038212967927219225
noise_scale,stable_high,12,678,late,13,0.5229694215857027,0.46221625711710157,0.46053957515598526,1.5801437512215644,-0.060753164468601156,-0.06242984642971739
noise_scale,stable_high,12,678,mid,12,1.4370283860712967,1.2980257507404374,1.2276918924921314,1.4763585798785066,-0.1390026353308594,-0.2093364935791654
noise_scale,stable_high,12,679,all_post,37,1.3858805579671607,1.1592219129377128,1.1592219129377128,6.835439963705781,-0.22665864502944782,-0.22665864502944782
noise_scale,stable_high,12,679,early,12,1.319910933749131,1.219729754418254,1.219729754418254,3.7667300682995304,-0.10018117933087704,-0.10018117933087704
noise_scale,stable_high,12,679,late,13,1.0800373621730723,0.7345008952905159,0.7345008952905159,8.929031944054367,-0.3455364668825563,-0.3455364668825563
noise_scale,stable_high,12,679,mid,12,1.7831803109621192,1.5588285072416346,1.5588285072416346,7.636091880401064,-0.22435180372048447,-0.22435180372048447
noise_scale,stable_low,1,670,all_post,40,0.0692101965680921,0.08008849804527315,0.0744142582608027,0.22736837772971671,0.010878301477181074,0.005204061692710609
noise_scale,stable_low,1,670,early,12,0.07936679709932917,0.07893890472697827,0.09866209731797555,0.226845511405991,-0.00042789237235090665,0.01929530021864639
noise_scale,stable_low,1,670,late,16,0.061234851145017886,0.0896446006204357,0.07652129229466112,0.22785873329842976,0.028409749475417797,0.015286441149643224
noise_scale,stable_low,1,670,mid,12,0.06968738993428729,0.06849662126335138,0.04735704049181864,0.2272374366284917,-0.0011907686709359173,-0.022330349442468662
noise_scale,stable_low,1,671,all_post,40,0.08488912085326716,0.0683357849178829,0.22144349710744046,0.18845279307268503,-0.01655333593538426,0.1365543762541733
noise_scale,stable_low,1,671,early,12,0.04198050323990985,0.04425991908053809,0.03353581478171564,0.06727077504777348,0.0022794158406282405,-0.008444688458194209
noise_scale,stable_low,1,671,late,16,0.12537359792728675,0.0891346812740072,0.4440252883626282,0.3074560702853126,-0.036238916653279565,0.31865169043534153
noise_scale,stable_low,1,671,mid,12,0.07381843570126503,0.06467978894706201,0.11257545775958155,0.15096377481409315,-0.009138646754203008,0.038757022058316534
noise_scale,stable_low,1,672,all_post,40,0.08899353043132192,0.08211022361763823,0.08235666825017932,0.13028503001790864,-0.006883306813683687,-0.006636862181142606
noise_scale,stable_low,1,672,early,12,0.08276331576149067,0.09218564710589822,0.09151501253258341,0.09843481986075531,0.009422331344407562,0.008751696771092776
noise_scale,stable_low,1,672,late,16,0.0921774487779472,0.09242582385461626,0.09343122763512265,0.20147080487632238,0.0002483750766690534,0.001253778857175463
noise_scale,stable_low,1,672,mid,12,0.09097852063898616,0.05828066648007423,0.05843224478785075,0.06722087369717707,-0.03269785415891193,-0.03254627585113541
noise_scale,stable_low,1,673,all_post,40,0.06994558679686522,0.1334136927161252,0.061199972286527494,0.10709255437735465,0.06346810591925996,-0.00874561451033774
noise_scale,stable_low,1,673,early,12,0.06620295564527369,0.04117551843425309,0.05312337352019766,0.1051112284771264,-0.02502743721102058,-0.013079582125076018
noise_scale,stable_low,1,673,late,16,0.0680668147255459,0.18414179096090658,0.06394159061344225,0.10752046057975634,0.11607497623536067,-0.004125224112103646
noise_scale,stable_low,1,673,mid,12,0.07619324737688256,0.15801440267162212,0.0656210799503043,0.10850333867438067,0.08182115529473954,-0.010572167426578245
noise_scale,stable_low,1,674,all_post,40,0.0915905729652195,0.08204712803179785,0.0919715767893292,0.11615879369358018,-0.009543444933421644,0.0003810038241097061
noise_scale,stable_low,1,674,early,12,0.06415562528354941,0.06970797072932101,0.044489685973569976,0.116015827189076,0.0055523454457715995,-0.019665939309979435
noise_scale,stable_low,1,674,late,16,0.10771436663600126,0.09042558236540686,0.14825380416333817,0.13539182509022973,-0.01728878427059439,0.04053943752733692
noise_scale,stable_low,1,674,mid,12,0.09752712908584721,0.08321501288946266,0.06441049777307646,0.09065771833588493,-0.014312116196384556,-0.03311663131277077
noise_scale,stable_low,1,675,all_post,40,0.09454501705575354,0.070010732818209,0.0691252934640314,0.11422897674907193,-0.024534284237544536,-0.025419723591722142
noise_scale,stable_low,1,675,early,12,0.06255756368374725,0.0627065070664864,0.06063458168733865,0.136305131846976,0.00014894338273913958,-0.0019229819964086102
noise_scale,stable_low,1,675,late,16,0.1043610650477191,0.08202055568331722,0.07829395500824093,0.1470504587093474,-0.022340509364401885,-0.026067110039478182
noise_scale,stable_low,1,675,mid,12,0.11344440643847242,0.06130186141645399,0.06539112318177813,0.0483908457041339,-0.05214254502201842,-0.0480532832566943
noise_scale,stable_low,1,676,all_post,40,0.10291267055976758,0.11603158290344147,0.12395701664543549,0.225864241350436,0.013118912343673895,0.02104434608566791
noise_scale,stable_low,1,676,early,12,0.0784768335855106,0.08751917891709625,0.08691750432149255,0.3316232301223125,0.009042345331585636,0.008440670735981965
noise_scale,stable_low,1,676,late,16,0.14644678332209943,0.1688366205768331,0.19084656193079808,0.16912243563546034,0.022389837254733674,0.044399778608698634
noise_scale,stable_low,1,676,mid,12,0.06930302385091543,0.0741372699919312,0.07181046858889495,0.19576099353186058,0.004834246141015782,0.0025074447379795487
noise_scale,stable_low,1,677,all_post,40,0.09594861667172111,0.10241704054051018,0.08870379329409933,0.12221178607605729,0.006468423868789047,-0.00724482337762178
noise_scale,stable_low,1,677,early,12,0.05773602913165832,0.06217314479619864,0.06227871424729215,0.08177631994181095,0.0044371156645403205,0.004542685115633836
noise_scale,stable_low,1,677,late,16,0.12845046814048994,0.13221731735576986,0.11190650102853941,0.13030065867115523,0.0037668492152798973,-0.01654396711195051
noise_scale,stable_low,1,677,mid,12,0.0908254022534255,0.10292723386447546,0.08419192869498641,0.15186208875017307,0.012101831611049966,-0.006633473558439087
noise_scale,stable_low,1,678,all_post,40,0.05996822462619857,0.049837506389777034,0.04922912368106704,0.09495322709027806,-0.010130718236421525,-0.010739100945131525
noise_scale,stable_low,1,678,early,12,0.08149770030601088,0.05589038207906136,0.054875074522891525,0.11002330251857102,-0.02560731822694953,-0.026622625783119358
noise_scale,stable_low,1,678,late,16,0.046777552601986384,0.049168583884998694,0.0476034185582085,0.12553700196807405,0.0023910312830123046,0.0008258659562221079
noise_scale,stable_low,1,678,mid,12,0.05602631164533583,0.04467652737353054,0.04575077966972064,0.039104785158257084,-0.011349784271805295,-0.010275531975615194
noise_scale,stable_low,1,679,all_post,40,0.10375718741834158,0.10921329931820564,0.11634140093393538,0.3525737404701819,0.0054561118998640665,0.012584213515593806
noise_scale,stable_low,1,679,early,12,0.1564773566722167,0.1473031566648094,0.15263762845844633,0.2511559490823836,-0.009174200007407289,-0.0038397282137703653
noise_scale,stable_low,1,679,late,16,0.08616979477758106,0.09232981331182936,0.0893734285491511,0.38942311910659555,0.00616001853424831,0.0032036337715700483
noise_scale,stable_low,1,679,mid,12,0.07448687501881388,0.0936347566467703,0.1160024699224702,0.4048590270094287,0.019147881627956425,0.04151559490365632
noise_scale,stable_low,3,670,all_post,40,0.09931235634286853,0.10871829029483608,0.09906793203315453,0.5134425042543383,0.00940593395196756,-0.00024442430971398555
noise_scale,stable_low,3,670,early,12,0.11202779261146588,0.15799602327344106,0.12260865275464781,0.44877404709579816,0.045968230661975196,0.010580860143181929
noise_scale,stable_low,3,670,late,16,0.11605375834162711,0.09787874932299838,0.10524578669238414,0.5226718234879826,-0.018175009018628726,-0.010807971649242952
noise_scale,stable_low,3,670,mid,12,0.06427505074259308,0.07389327861201474,0.06729007176602182,0.5658052024346862,0.009618227869421651,0.0030150210234287256
noise_scale,stable_low,3,671,all_post,40,0.09702869190516249,0.09859301604355661,0.2465260514820759,0.24146654810477824,0.0015643241383941145,0.14949735957691343
noise_scale,stable_low,3,671,early,12,0.08399908467656553,0.08053717118110916,0.0971938547706363,0.1463950149741566,-0.003461913495456364,0.013194770094070772
noise_scale,stable_low,3,671,late,16,0.12394239513028196,0.13349875223476676,0.4461408451399348,0.36658429140977,0.00955635710448478,0.32219845000965286
noise_scale,stable_low,3,671,mid,12,0.07417336150026682,0.07010787931772387,0.12970518998303707,0.16971442349541088,-0.004065482182542959,0.055531828482770246
noise_scale,stable_low,3,672,all_post,40,0.0846236615110673,0.08220862111726945,0.08051863393474212,0.12730429012540184,-0.002415040393797858,-0.004105027576325182
noise_scale,stable_low,3,672,early,12,0.08003311512490104,0.08339720294189794,0.07625022884347253,0.1045936789600277,0.0033640878169969167,-0.0037828862814284965
noise_scale,stable_low,3,672,late,16,0.09170996071707341,0.08548895611868901,0.08804670915980502,0.17934575033912,-0.00622100459838438,-0.003663251557268375
noise_scale,stable_low,3,672,mid,12,0.07976580895589212,0.07664625929074818,0.07474960539259452,0.08062628767248496,-0.0031195496651439405,-0.00501620356329761
noise_scale,stable_low,3,673,all_post,40,0.07845630272116451,0.16723352378729786,0.06877843958618197,0.1152124454795707,0.08877722106613332,-0.009677863134982534
noise_scale,stable_low,3,673,early,12,0.07976783212556447,0.1009420652051568,0.05580242075237125,0.10228814672609286,0.02117423307959233,-0.023965411373193243
noise_scale,stable_low,3,673,late,16,0.07847186747678558,0.18606342270583034,0.07102986414935294,0.1283964475861287,0.10759155522904476,-0.007442003327432624
noise_scale,stable_low,3,673,mid,12,0.07712402030926974,0.20841845047806218,0.07875255900243137,0.11055807475763792,0.13129443016879247,0.0016285386931616183
noise_scale,stable_low,3,674,all_post,40,0.09533749356991224,0.24621191224865036,0.08500008446670682,0.17556177384725874,0.15087441867873813,-0.010337409103205422
noise_scale,stable_low,3,674,early,12,0.08926128709033733,0.0835473967334377,0.08051002065795641,0.1650186829195982,-0.005713890356899652,-0.008751266432380929
noise_scale,stable_low,3,674,late,16,0.09396691285655126,0.43932409133654293,0.09298651556729362,0.19485422067129265,0.34535717847999164,-0.0009803972892576465
noise_scale,stable_low,3,674,mid,12,0.1032411410006351,0.15139352231333966,0.07884157347467481,0.16038160234287413,0.04815238131270455,-0.024399567525960297
noise_scale,stable_low,3,675,all_post,40,0.07147743481752383,0.06487539134145894,0.06489809194509706,0.11481304160074965,-0.006602043476064903,-0.006579342872426777
noise_scale,stable_low,3,675,early,12,0.05122829867284628,0.04965860028729154,0.04921907050582985,0.11196253250527748,-0.0015696983855547281,-0.0020092281670164303
noise_scale,stable_low,3,675,late,16,0.08318114643632582,0.0803771378263351,0.07922793407186185,0.1461176335068651,-0.0028040086099907257,-0.003953212364463971
noise_scale,stable_low,3,675,mid,12,0.07612162213713208,0.059423187082458105,0.06147065721534455,0.07592409482140126,-0.01669843505467398,-0.014650964921787532
noise_scale,stable_low,3,676,all_post,40,0.10417311768037926,0.09698113854646481,0.0990182966718921,0.4860175790232926,-0.007191979133914467,-0.005154821008487178
noise_scale,stable_low,3,676,early,12,0.11066765011658618,0.11284476093833684,0.11120588937762571,0.6145087662664837,0.0021771108217506743,0.0005382392610395239
noise_scale,stable_low,3,676,late,16,0.12711496908635703,0.10602915752533289,0.1143290171178505,0.4167201914040499,-0.021085811561024147,-0.012785951968506529
noise_scale,stable_low,3,676,mid,12,0.06708945003620204,0.06905349084943534,0.06641641003821395,0.4499229086057584,0.001964040813233298,-0.0006730399979880843
noise_scale,stable_low,3,677,all_post,40,0.08634910240214602,0.08184063547851364,0.08154023876650193,0.10681339136581376,-0.004508466923632383,-0.004808863635644087
noise_scale,stable_low,3,677,early,12,0.056427274317874726,0.054131149338442534,0.05435069279510877,0.06989006694835924,-0.00229612497943218,-0.002076581522765946
noise_scale,stable_low,3,677,late,16,0.1068821584202865,0.09921760961317923,0.09874693266475916,0.11778205189743562,-0.007664548807107282,-0.008135225755527348
noise_scale,stable_low,3,677,mid,12,0.08889352246223002,0.08638082277236396,0.08578752620688546,0.12911183507443916,-0.002512699689866052,-0.0031059962553445486
noise_scale,stable_low,3,678,all_post,40,0.09001095944966446,0.08784657540195792,0.08798255160847948,0.21353501402889702,-0.0021643840477065484,-0.002028407841184973
noise_scale,stable_low,3,678,early,12,0.10353892093539886,0.10098799564867884,0.0940716169989718,0.3263426876549081,-0.0025509252867200066,-0.009467303936427056
noise_scale,stable_low,3,678,late,16,0.06996084493346065,0.07209982787125842,0.07353412522262694,0.18761569924639476,0.00213898293779778,0.0035732802891663
noise_scale,stable_low,3,678,mid,12,0.10321648398553514,0.09570081852950296,0.1011580547324572,0.13528642677955569,-0.0075156654560322,-0.0020584292530779207
noise_scale,stable_low,3,679,all_post,40,0.12231390226800269,0.11680822747891995,0.11577329561825134,0.6108142994759043,-0.005505674789082753,-0.0065406066497513664
noise_scale,stable_low,3,679,early,12,0.10947918875812442,0.10759893041819214,0.10709353526745935,0.3099833045279241,-0.0018802583399322762,-0.0023856534906650695
noise_scale,stable_low,3,679,late,16,0.11096356917326176,0.10204956339333347,0.09887573001939379,0.7916485627077512,-0.008914005779928288,-0.012087839153867973
noise_scale,stable_low,3,679,mid,12,0.15028239323753553,0.14569574332042973,0.1469831434341867,0.6705329434480883,-0.0045866499171058495,-0.0032992498033488555
noise_scale,stable_low,6,670,all_post,39,0.12578757104371172,0.1448886370380113,0.1270359993231756,1.4213910747235796,0.019101065994299577,0.001248428279463908
noise_scale,stable_low,6,670,early,12,0.1677013784440489,0.24160704017900295,0.17960991058225687,1.2391028825831845,0.07390566173495407,0.011908532138207974
noise_scale,stable_low,6,670,late,15,0.1274638992123319,0.10984445944148459,0.1212724141260579,1.38192423096903,-0.01761943977084731,-0.006191485086273994
noise_scale,stable_low,6,670,mid,12,0.08177835343259936,0.09197545589267804,0.08166656956049158,1.6530128215571613,0.010197102460078678,-0.00011178387210777965
noise_scale,stable_low,6,671,all_post,39,0.11247989443257697,0.11007009029173381,0.40606564832212777,0.3817963408870789,-0.0024098041408431715,0.29358575388955077
noise_scale,stable_low,6,671,early,12,0.09988269084471933,0.09781158540022737,0.1329084645009871,0.18979528543661717,-0.0020711054444919673,0.033025773656267764
noise_scale,stable_low,6,671,late,15,0.14916682609427218,0.14891654975366705,0.7868777068357521,0.6520897340901222,-0.00025027634060513043,0.6377108807414799
noise_scale,stable_low,6,671,mid,12,0.07921843344331557,0.07377052085582365,0.20320775900123808,0.2359306548337364,-0.005447912587491922,0.12398932555792247
noise_scale,stable_low,6,672,all_post,39,0.08636928639667968,0.0909574623503434,0.08159276139764249,0.11746348442978136,0.004588175953663726,-0.004776524999037189
noise_scale,stable_low,6,672,early,12,0.09613202182863122,0.1012478706800526,0.08738216019472435,0.10486212612933504,0.005115848851421392,-0.00874986163390685
noise_scale,stable_low,6,672,late,15,0.08670530884847295,0.08669512892233104,0.0846504187527971,0.14766835948102808,-1.0179926141926088e-05,-0.0020548900956758654
noise_scale,stable_low,6,672,mid,12,0.07618652289998651,0.08599497080564962,0.07198129090661733,0.09230874891616918,0.009808447905663127,-0.004205231993369185
noise_scale,stable_low,6,673,all_post,39,0.098520939537623,0.22596424448645414,0.08298601350560442,0.1189243542920255,0.1274433049488311,-0.015534926032018602
noise_scale,stable_low,6,673,early,12,0.0887236574205152,0.1347874092891235,0.05949050088260486,0.10208183135348002,0.04606375186860828,-0.029233156537910348
noise_scale,stable_low,6,673,late,15,0.10241111673642542,0.24677049645197885,0.0846962798531217,0.13206231609854868,0.14435937971555346,-0.017714836883303702
noise_scale,stable_low,6,673,mid,12,0.10345550015622784,0.29113326472687884,0.10434369319420733,0.11934442497241694,0.18767776457065097,0.0008881930379795079
noise_scale,stable_low,6,674,all_post,39,0.11048083995759726,0.084984280879094,0.09375449046596494,0.2586808382961257,-0.025496559078503248,-0.016726349491632313
noise_scale,stable_low,6,674,early,12,0.08644190475206158,0.08871132276818665,0.08586583769302514,0.14747359953810377,0.0022694180161250805,-0.0005760670590364359
noise_scale,stable_low,6,674,late,15,0.1258968427777611,0.09021528315680809,0.11026872617123694,0.4023940298506928,-0.035681559620952985,-0.015628116606524144
noise_scale,stable_low,6,674,mid,12,0.11524977163792817,0.07471848614285878,0.08100034860731478,0.19024658761093902,-0.040531285495069395,-0.034249423030613395
noise_scale,stable_low,6,675,all_post,39,0.087365064842904,0.07175534679264296,0.07176846301238027,0.1555090241847694,-0.015609718050261047,-0.015596601830523756
noise_scale,stable_low,6,675,early,12,0.056395793895535284,0.054427712960795294,0.05346285452146383,0.20462675551701595,-0.0019680809347399795,-0.0029329393740714638
noise_scale,stable_low,6,675,late,15,0.0888082794402544,0.08483689862648068,0.08246459684072582,0.15237652727802034,-0.003971380813773726,-0.0063436825995285785
noise_scale,stable_low,6,675,mid,12,0.11653031754358484,0.07273104083219355,0.0767039042178648,0.11030691398595903,-0.04379927671139127,-0.039826413325720005
noise_scale,stable_low,6,676,all_post,39,0.1283744711116318,0.11821607716360813,0.12043555904239515,1.2450466339170312,-0.01015839394802368,-0.007938912069236683
noise_scale,stable_low,6,676,early,12,0.15677900181943907,0.14108566144116877,0.141136251459589,1.413587309359338,-0.01569334037827032,-0.01564275035985011
noise_scale,stable_low,6,676,late,15,0.15505145364775916,0.1420030389614493,0.1489185477877612,1.0854072273635458,-0.01304841468630988,-0.006132905859997957
noise_scale,stable_low,6,676,mid,12,0.06662371223366542,0.06561279063874613,0.06413113069349374,1.2760552166665804,-0.0010109215949192915,-0.0024925815401716715
noise_scale,stable_low,6,677,all_post,39,0.09253623310576006,0.08920741419461353,0.08879403650491613,0.12155812319852621,-0.0033288189111465518,-0.0037421966008439334
noise_scale,stable_low,6,677,early,12,0.06935755303609054,0.06520851745507351,0.06538901138100116,0.06995177740554713,-0.004149035581017012,-0.0039685416550893915
noise_scale,stable_low,6,677,late,15,0.1110260219719127,0.10389277635882892,0.10351480770366228,0.12108400779905283,-0.007133245613083785,-0.007511214268250414
noise_scale,stable_low,6,677,mid,12,0.09260267709273878,0.09484960822888423,0.09379809763039841,0.173757113240847,0.0022469311361454462,0.0011954205376596223
noise_scale,stable_low,6,678,all_post,39,0.11365294528192098,0.10782472678135235,0.11226392564477007,0.5008253653487273,-0.005828218500568654,-0.0013890196371509026
noise_scale,stable_low,6,678,early,12,0.09845266088740161,0.10971884199775438,0.10321718657738725,0.7959964137983929,0.011266181110352795,0.004764525689985658
noise_scale,stable_low,6,678,late,15,0.07730176475497581,0.08493950345471199,0.08770542729597877,0.4274625297727689,0.0076377386997361916,0.010403662541002962
noise_scale,stable_low,6,678,mid,12,0.1742922053351219,0.1345371407232507,0.1520087876481421,0.2973578613690098,-0.03975506461187116,-0.022283417686979796
noise_scale,stable_low,6,679,all_post,39,0.15904222455357478,0.15101609289889784,0.14966311587644787,1.570902549390047,-0.008026131654676942,-0.009379108677126893
noise_scale,stable_low,6,679,early,12,0.15067136793709462,0.15118918838182246,0.15021741037725797,0.6760160526229667,0.0005178204447278244,-0.00045395755983665236
noise_scale,stable_low,6,679,late,15,0.1317086414422088,0.11801358332471087,0.11594137049434576,2.2148871379774633,-0.01369505811749795,-0.015767270947863062
noise_scale,stable_low,6,679,mid,12,0.20158006005926232,0.19209613438370687,0.1912610031032654,1.6608083104228581,-0.009483925675555444,-0.010319056955996928
noise_scale,stable_low,12,670,all_post,37,0.22556774659189807,0.23894197420769756,0.20531065873944382,4.7974607249505485,0.013374227615799431,-0.020257087852454263
noise_scale,stable_low,12,670,early,12,0.4136953081565635,0.4532023942568466,0.35696514605763197,4.056581873516276,0.03950708610028304,-0.05673016209893153
noise_scale,stable_low,12,670,late,13,0.14891327767776513,0.13517956047681662,0.14949754217968111,4.669983055994757,-0.013733717200948499,0.0005842645019159879
noise_scale,stable_low,12,670,mid,12,0.12048252635087665,0.13709083570033606,0.1141203810276652,5.676440384420265,0.016608309349459404,-0.0063621453232114425
noise_scale,stable_low,12,671,all_post,37,0.15859686003269174,0.1550654551779284,0.8329427583390271,0.7495713794774298,-0.003531404854763316,0.6743458983063354
noise_scale,stable_low,12,671,early,12,0.1385890540470356,0.1404162555426093,0.21883254670370314,0.24132626326705076,0.0018272014955737152,0.08024349265666758
noise_scale,stable_low,12,671,late,13,0.24262163355418004,0.2289504031951473,1.7729982766093382,1.5020014897574592,-0.013671230359032725,1.5303766430551584
noise_scale,stable_low,12,671,mid,12,0.08757782803673554,0.08967262779459373,0.4286594918481805,0.442683876217777,0.0020947997578581803,0.3410816638114449
noise_scale,stable_low,12,672,all_post,37,0.12193040861906349,0.11993567408586808,0.09953322105403077,0.13476442670751662,-0.0019947345331954125,-0.022397187565032714
noise_scale,stable_low,12,672,early,12,0.18298928991694327,0.16005583729972506,0.11590283291508598,0.13260875649206547,-0.022933452617218224,-0.0670864570018573
noise_scale,stable_low,12,672,late,13,0.09232547136568875,0.0927874841900002,0.09052151432589296,0.14876772003588698,0.000462012824311447,-0.0018039570397957673
noise_scale,stable_low,12,672,mid,12,0.09294354267900633,0.10922604992586797,0.09292629148179153,0.12174986248389992,0.01628250724686163,-1.7251197214816192e-05
noise_scale,stable_low,12,673,all_post,37,0.16592839917220953,0.37766637995017033,0.1266817717818989,0.13647647519222258,0.21173798077796072,-0.03924662739031059
noise_scale,stable_low,12,673,early,12,0.215900594180104,0.26017494589648704,0.08331503059222775,0.1309859102585392,0.04427435171638302,-0.13258556358787624
noise_scale,stable_low,12,673,late,13,0.12749212370240473,0.3769152251569539,0.13442775271346855,0.14339384497888746,0.24942310145454918,0.0069356290110638
noise_scale,stable_low,12,673,mid,12,0.1575955025899369,0.4959715650298378,0.16165703362903638,0.13447322285701904,0.33837606243990087,0.00406153103909949
noise_scale,stable_low,12,674,all_post,37,0.19949570426195512,0.6677128416590769,0.14542790041865086,0.5610735148713752,0.46821713739712173,-0.054067803843304243
noise_scale,stable_low,12,674,early,12,0.10219697482384332,0.1030258450457421,0.10287347842991719,0.16193491452434475,0.000828870221898798,0.0006765036060738788
noise_scale,stable_low,12,674,late,13,0.2614555236010975,1.453413961701384,0.21268367703843977,1.1187005657424678,1.1919584381002866,-0.04877184656265764
noise_scale,stable_low,12,674,mid,12,0.22967129608266268,0.3812236248932457,0.11512189773594654,0.3561161434413891,0.15155232881058303,-0.11454939834671617
noise_scale,stable_low,12,675,all_post,37,0.11627781696080997,0.09308502597954577,0.09293030694102455,0.30386283853396673,-0.02319279098126418,-0.02334751001978539
noise_scale,stable_low,12,675,early,12,0.06294017600149458,0.06342631951453738,0.061828779651058235,0.5561115973158085,0.00048614351304280466,-0.001111396350436342
noise_scale,stable_low,12,675,late,13,0.09368317103840575,0.09011484023410074,0.08713722521423094,0.14171353171509646,-0.0035683308043050472,-0.00654594582417481
noise_scale,stable_low,12,675,mid,12,0.19409299100272984,0.12596143366878632,0.13030767276835062,0.22727582880590105,-0.06813155733394353,-0.06378531823437923
noise_scale,stable_low,12,676,all_post,37,0.26961655744288604,0.22055133271580096,0.22519547618610686,4.121798580363808,-0.049065224727085056,-0.044421081256779134
noise_scale,stable_low,12,676,early,12,0.2185462843657047,0.22766311543978826,0.22928273066739804,4.202152869966069,0.009116831074083537,0.010736446301693299
noise_scale,stable_low,12,676,late,13,0.495539547365948,0.3379416987074687,0.3508427696813726,3.640340794412601,-0.15759784865847923,-0.1446967776845754
noise_scale,stable_low,12,676,mid,12,0.0759369247700835,0.08626665350084027,0.08499032041827792,4.563023558875353,0.010329728730756752,0.009053395648194405
noise_scale,stable_low,12,677,all_post,37,0.11702848755578625,0.12253412901632807,0.11524000258468371,0.16209870041204782,0.005505641460541836,-0.001788484971102558
noise_scale,stable_low,12,677,early,12,0.08764457784802843,0.09191783464496373,0.08876419380532526,0.09424302094408415,0.004273256796935292,0.0011196159572968098
noise_scale,stable_low,12,677,late,13,0.14580562774047656,0.15962406707428833,0.15592794112372846,0.16112969397713633,0.013818439333811779,0.010122313383251912
noise_scale,stable_low,12,677,mid,12,0.11523716206346289,0.11296965715823548,0.09763721128007695,0.2310041368511657,-0.002267504905227383,-0.017599950783385932
noise_scale,stable_low,12,678,all_post,37,0.2246011135729007,0.1939760775348038,0.3125017436514055,1.5017588225957523,-0.030625036038096843,0.08790063007850486
noise_scale,stable_low,12,678,early,12,0.14623806614622217,0.14816413278855892,0.15507819329580344,2.3899278635911854,0.001926066642336778,0.00884012714958131
noise_scale,stable_low,12,678,late,13,0.10373691596236026,0.1430182030613566,0.4513435820780986,1.2549238291936196,0.03928128709899633,0.34760666611573837
noise_scale,stable_low,12,678,mid,12,0.4339003750776645,0.29499238629394986,0.31951330237808995,0.8809943577859638,-0.13890798878371471,-0.11438707269957456
noise_scale,stable_low,12,679,all_post,37,0.2576770290882658,0.23673904769271875,0.23713773015088463,4.905958741563343,-0.02093798139554702,-0.020539298937381115
noise_scale,stable_low,12,679,early,12,0.261840270362315,0.2799139047510968,0.2808288082402355,2.178121132438679,0.018073634388781776,0.018988537877920538
noise_scale,stable_low,12,679,late,13,0.18058339102168933,0.12532426780954817,0.12578809114743988,6.996974074939637,-0.05525912321214113,-0.05479529987424941
noise_scale,stable_low,12,679,mid,12,0.33703189571967435,0.31426353550777547,0.3140754276485989,5.368529739530357,-0.02276836021189885,-0.02295646807107545
persistence,high_to_low,1,670,all_post,40,0.2868696103484224,0.45878113737356213,0.4579434842327127,0.5695390984191209,0.17191152702513982,0.17107387388429035
persistence,high_to_low,1,670,early,12,0.3554358820206001,0.41336663980188776,0.41262755407656676,0.5784034424805032,0.057930757781287597,0.057191672055966696
persistence,high_to_low,1,670,late,16,0.2297041803990808,0.588968286820095,0.5878140740662814,0.58789828111227,0.35926410642101425,0.35810989366720053
persistence,high_to_low,1,670,mid,12,0.2945239119420334,0.33061276901652614,0.33009862794410033,0.5361958441002064,0.03608885707449273,0.03557471600206697
persistence,high_to_low,1,671,all_post,40,0.32484213143825413,0.6364196443735676,0.5654365983145088,0.6364196535408015,0.3115775129353134,0.24059446687625458
persistence,high_to_low,1,671,early,12,0.21099033294063985,0.2675340297753591,0.22011158474621909,0.2675340355862701,0.05654369683471928,0.009121251805579211
persistence,high_to_low,1,671,late,16,0.42604213860334833,0.9693970121213449,0.8989860973615562,0.9693970209849679,0.5433548735179966,0.4729439587582078
persistence,high_to_low,1,671,mid,12,0.3037605870490762,0.5613354353080727,0.4660289464867351,0.5613354482364444,0.2575748482589965,0.16226835943765888
persistence,high_to_low,1,672,all_post,40,0.34793075092187487,0.43448819713143083,0.43201639297998556,0.5226394936868939,0.08655744620955588,0.08408564205811067
persistence,high_to_low,1,672,early,12,0.38760149427473584,0.34727919831357207,0.3465538897790026,0.3760991009499748,-0.04032229596116386,-0.0410476044957333
persistence,high_to_low,1,672,late,16,0.33836610836566683,0.6391393778455514,0.6336589904337933,0.8214208820207947,0.30077326947988453,0.29529288206812654
persistence,high_to_low,1,672,mid,12,0.32101286431062465,0.24882895499712868,0.2486220995758914,0.27080470197861195,-0.07218390931349591,-0.07239076473473317
persistence,high_to_low,1,673,all_post,40,0.2685599809165621,0.4082198778238618,0.39389524030331735,0.4353508943911952,0.13965989690729974,0.12533525938675524
persistence,high_to_low,1,673,early,12,0.2734297153386903,0.4195130331181074,0.40479417743536555,0.4470153341153922,0.14608331777941705,0.13136446209667535
persistence,high_to_low,1,673,late,16,0.26138802348743173,0.3977297758175242,0.38387080894509573,0.42440093099109166,0.1363417523300925,0.12248278545766403
persistence,high_to_low,1,673,mid,12,0.27325285639994096,0.4109135252047332,0.3963622116488978,0.43828640586713646,0.1376606688047922,0.12310935524895687
persistence,high_to_low,1,674,all_post,40,0.30762761359625174,0.3227365489721562,0.3301007187928301,0.4296255723224628,0.01510893537590447,0.022473105196578365
persistence,high_to_low,1,674,early,12,0.24740291647750948,0.29986443527713136,0.3115845667379102,0.4559511881541569,0.05246151879962189,0.0641816502604007
persistence,high_to_low,1,674,late,16,0.3998659550047255,0.3808676197274193,0.38442562881936976,0.4522911346317392,-0.01899833527730624,-0.015440326185355735
persistence,high_to_low,1,674,mid,12,0.24486785550369553,0.26810056832683016,0.2761836574790304,0.3730792067450667,0.023232712823134674,0.03131580197533487
persistence,high_to_low,1,675,all_post,40,0.3348115528868673,0.4036069448859255,0.4036069448859255,0.4036069483598334,0.06879539199905821,0.06879539199905821
persistence,high_to_low,1,675,early,12,0.3832520655180333,0.3968886594812173,0.3968886594812173,0.39688866136809153,0.013636593963183964,0.013636593963183964
persistence,high_to_low,1,675,late,16,0.328561786991649,0.5718424473016692,0.5718424473016692,0.5718424526009496,0.24328066031002016,0.24328066031002016
persistence,high_to_low,1,675,mid,12,0.29470406144932565,0.18601122706964215,0.18601122706964215,0.186011229696754,-0.10869283437968352,-0.10869283437968352
persistence,high_to_low,1,676,all_post,40,0.41284959186216386,0.5214715480521936,0.4616426816788007,0.6155051955768698,0.10862195619002998,0.04879308981663686
persistence,high_to_low,1,676,early,12,0.3556621983686516,0.6317796209350227,0.509667290228586,0.856579331823077,0.2761174225663712,0.15400509185993447
persistence,high_to_low,1,676,late,16,0.5598494559813487,0.5430958319341517,0.5095873451319615,0.549432279984037,-0.016753624047197067,-0.050262110849387184
persistence,high_to_low,1,676,mid,12,0.27403716653009597,0.38233109666008747,0.34969185519146734,0.4625282801211064,0.10829393012999149,0.07565468866137132
persistence,high_to_low,1,677,all_post,40,0.3902705361728793,0.4982431407238888,0.4982431407238888,0.49824314717475515,0.10797260455100957,0.10797260455100957
persistence,high_to_low,1,677,early,12,0.31700346701958676,0.34290975834489285,0.34290975834489285,0.34290976217801794,0.025906291325306096,0.025906291325306096
persistence,high_to_low,1,677,late,16,0.45252452214093286,0.545415925184884,0.545415925184884,0.5454159298410635,0.09289140304395112,0.09289140304395112
persistence,high_to_low,1,677,mid,12,0.38053229070210054,0.5906794771548914,0.5906794771548914,0.5906794886164147,0.21014718645279093,0.21014718645279093
persistence,high_to_low,1,678,all_post,40,0.2531755391423751,0.5649948788845514,0.3719283725414474,0.2967420229350724,0.31181933974217624,0.11875283339907225
persistence,high_to_low,1,678,early,12,0.3920716220085862,0.49946802441681015,0.3779406364988745,0.2836955486221709,0.10739640240822397,-0.014130985509711766
persistence,high_to_low,1,678,late,16,0.21363193380765982,0.7641976282570848,0.4084312600736968,0.41342686695669334,0.550565694449425,0.19479932626603697
persistence,high_to_low,1,678,mid,12,0.1670042633891179,0.36491806752224815,0.3172455918743545,0.15420870521914573,0.1979138041331303,0.15024132848523666
persistence,high_to_low,1,679,all_post,40,0.41981158556094866,0.930459206989326,0.921916413317377,1.0029988047708893,0.5106476214283775,0.5021048277564283
persistence,high_to_low,1,679,early,12,0.5897795555568849,0.74128940731958,0.7288684393401557,0.7825355529163917,0.15150985176269524,0.1390888837832707
persistence,high_to_low,1,679,late,16,0.36059706803425345,0.9677553909490217,0.9757282707091566,1.0409171695636465,0.6071583229147683,0.6151312026749031
persistence,high_to_low,1,679,mid,12,0.32879630560060613,1.069900761379478,1.0432152441055589,1.1729042369017104,0.7411044557788719,0.7144189385049527
persistence,high_to_low,3,670,all_post,40,0.33165806892237415,0.33234051020139876,0.330308360122241,0.8518713789449031,0.0006824412790246613,-0.0013497088001330974
persistence,high_to_low,3,670,early,12,0.28461361557763665,0.2697532529552836,0.2707223925102713,0.695033990653465,-0.0148603626223531,-0.013891223067365344
persistence,high_to_low,3,670,late,16,0.422341765636146,0.44440563507458064,0.4394227150067137,0.9480593333960642,0.02206386943843463,0.017080949370567748
persistence,high_to_low,3,670,mid,12,0.257790926648749,0.2455076009499381,0.24440852122158038,0.8804581613014598,-0.012283325698810868,-0.013382405427168642
persistence,high_to_low,3,671,all_post,40,0.3833358401635004,0.7234109708576294,0.7234109708576455,0.7234109804496348,0.3400751306941291,0.34007513069414513
persistence,high_to_low,3,671,early,12,0.4214138318952981,0.5396228458108626,0.539622845810863,0.5396228529890906,0.11820901391556445,0.11820901391556488
persistence,high_to_low,3,671,late,16,0.4399158038128494,0.9720441248550455,0.9720441248550807,0.9720441346519482,0.5321283210421962,0.5321283210422313
persistence,high_to_low,3,671,mid,12,0.26981789689923724,0.5756882239078414,0.5756882239078477,0.5756882356404279,0.3058703270086041,0.30587032700861055
persistence,high_to_low,3,672,all_post,40,0.30146171321697285,0.37470488842380517,0.35184366297624836,0.5021608315068354,0.07324317520683224,0.05038194975927546
persistence,high_to_low,3,672,early,12,0.3259512661842584,0.5240066863932668,0.3057639274336916,0.3986236820255408,0.19805542020900838,-0.020187338750566778
persistence,high_to_low,3,672,late,16,0.32840112927616266,0.3038158763425009,0.458537422519502,0.7205047042973143,-0.02458525293366177,0.13013629324333945
persistence,high_to_low,3,672,mid,12,0.24105293883743426,0.31992177322941584,0.25566505246113336,0.3145728172674917,0.07886883439198152,0.014612113623699055
persistence,high_to_low,3,673,all_post,40,0.2723840216869107,0.3553639404315953,0.4041780945861193,0.46244444562414283,0.0829799187446846,0.1317940728992085
persistence,high_to_low,3,673,early,12,0.25620866337226783,0.3184794470409901,0.361857255829485,0.4142807295527109,0.062270783668722345,0.10564859245721729
persistence,high_to_low,3,673,late,16,0.284779948311495,0.39216541723136694,0.44688626526754793,0.5121486807267375,0.10738546891987198,0.162106316956053
persistence,high_to_low,3,673,mid,12,0.27203147783544135,0.34317979808917176,0.3895547057675151,0.4443358482254485,0.07114832025373033,0.11752322793207375
persistence,high_to_low,3,674,all_post,40,0.3300428823328965,0.4063714984251032,0.42329407873441766,0.5796807573045311,0.07632861609220667,0.09325119640152116
persistence,high_to_low,3,674,early,12,0.3543962082451246,0.40244603277925123,0.4484023761469083,0.6576598266291418,0.04804982453412676,0.0940061679017838
persistence,high_to_low,3,674,late,16,0.339117676981477,0.44798854713888936,0.4352228018677458,0.5140439343450683,0.10887087015741237,0.0961051248862688
persistence,high_to_low,3,674,mid,12,0.2935898302225614,0.35480756578590705,0.38228081714415635,0.5892174519258706,0.061217735563345636,0.08869098692159495
persistence,high_to_low,3,675,all_post,40,0.28442289578827706,0.3584178184504669,0.39266575128832215,0.3926657545919081,0.07399492266218981,0.10824285550004506
persistence,high_to_low,3,675,early,12,0.3135847815704064,0.3225290604616256,0.3190640465530286,0.31906404612370204,0.008944278891219218,0.005479264982622182
persistence,high_to_low,3,675,late,16,0.3102270376486677,0.49517308216092326,0.5665809530083071,0.566580959602072,0.18494604451225555,0.2563539153596395
persistence,high_to_low,3,675,mid,12,0.22085548752562698,0.2119662248253663,0.23438052039696902,0.23438052304656246,-0.008889262700260617,0.013525032871342074
persistence,high_to_low,3,676,all_post,40,0.37237466936545943,0.39660586978902523,0.3583888961460727,0.8779471648606529,0.024231200423565788,-0.01398577321938671
persistence,high_to_low,3,676,early,12,0.4859976631372985,0.5220788516360878,0.4608190478505345,1.232390245047393,0.03608118849878932,-0.025178615286763944
persistence,high_to_low,3,676,late,16,0.37122977051073136,0.34804250858177666,0.3293826978305194,0.7119480512680332,-0.023187261928954706,-0.041847072680212004
persistence,high_to_low,3,676,mid,12,0.2602782073999245,0.33588403621829416,0.2946336755290155,0.7448362361307391,0.07560582881836958,0.03435546812909091
persistence,high_to_low,3,677,all_post,40,0.30697442201963876,0.41745043201730025,0.4147861573803322,0.41745043638498824,0.11047600999766147,0.10781173536069337
persistence,high_to_low,3,677,early,12,0.26610996715693647,0.2896160006513862,0.2880278146313044,0.289616003244492,0.0235060334944498,0.021917847474367865
persistence,high_to_low,3,677,late,16,0.32129995031784075,0.46329956396157007,0.4618009336523159,0.46329956644313164,0.14199961364372932,0.14050098333447517
persistence,high_to_low,3,677,mid,12,0.3287381724847385,0.4841526874575212,0.47885813176671504,0.48415269611462675,0.15541451497278272,0.15011995928197655
persistence,high_to_low,3,678,all_post,40,0.3332487439100364,1.158971863745609,0.3215592578596855,0.5036188614914967,0.8257231198355723,-0.011689486050350913
persistence,high_to_low,3,678,early,12,0.49028831413327256,1.636716662743571,0.3300991139423193,0.7495603221085915,1.1464283486102984,-0.16018920019095328
persistence,high_to_low,3,678,late,16,0.23917931585786478,1.1194736014192168,0.23659691748388664,0.45531945227599974,0.8802942855613523,-0.0025823983739781033
persistence,high_to_low,3,678,mid,12,0.30163507775636245,0.7338914145161692,0.4263025222781167,0.32207661316173114,0.43225633675980685,0.12466744452175438
persistence,high_to_low,3,679,all_post,40,0.5023734684926353,1.1731853615404024,1.1731853615404115,1.1731853666174032,0.6708118930477669,0.6708118930477761
persistence,high_to_low,3,679,early,12,0.5440287147589523,0.8117149358438404,0.8117149358438412,0.8117149424837494,0.267686221084888,0.2676862210848889
persistence,high_to_low,3,679,late,16,0.37577768923340726,1.3142324941789165,1.3142324941789338,1.3142324980288644,0.9384548049455094,0.9384548049455266
persistence,high_to_low,3,679,mid,12,0.6295125945719559,1.3465929437189448,1.3465929437189519,1.3465929488691089,0.7170803491469891,0.7170803491469963
persistence,high_to_low,6,670,all_post,39,0.38568916299331696,0.35499489516656973,0.36459539351198583,1.7727161319422173,-0.030694267826747206,-0.02109376948133104
persistence,high_to_low,6,670,early,12,0.3961792305865086,0.30236354134549737,0.32709905000052303,1.4897525684642072,-0.0938156892410112,-0.06908018058598563
persistence,high_to_low,6,670,late,15,0.4346052640172568,0.44203689981173777,0.45420855038665653,1.8309717048550673,0.0074316357944808915,0.019603286369399748
persistence,high_to_low,6,670,mid,12,0.3140539691202004,0.2988237431811821,0.2900752909301105,1.9828602292791662,-0.015230225939018354,-0.023978678190089947
persistence,high_to_low,6,671,all_post,39,0.4176664204478585,0.889160239825112,0.7585499868102644,0.8891602492944535,0.4714938193772535,0.34088356636240585
persistence,high_to_low,6,671,early,12,0.5169614052108525,0.6478673446714384,0.5212575004634971,0.6478673526248361,0.13090593946058576,0.004296095252644326
persistence,high_to_low,6,671,late,15,0.44551869336780986,1.2614253651760583,1.1510627241830587,1.2614253732087455,0.8159066718082485,0.7055440308152484
persistence,high_to_low,6,671,mid,12,0.2835560945349253,0.6651217282901026,0.5052015514410394,0.6651217410712064,0.3815656337551774,0.22164545690611412
persistence,high_to_low,6,672,all_post,39,0.3266050086631627,0.4168103658492929,0.4444565243615403,0.45430988290881913,0.09020535718613024,0.11785151569837761
persistence,high_to_low,6,672,early,12,0.3879877433658927,0.591052334600291,0.5765331255894476,0.3688465693101958,0.20306459123439827,0.188545382223555
persistence,high_to_low,6,672,late,15,0.3297759231016044,0.3119460340899027,0.31341253927108437,0.6066807003820323,-0.01782988901170169,-0.016363383830520026
persistence,high_to_low,6,672,mid,12,0.2612586309123805,0.37364881179753257,0.47618490449670264,0.34930967466592566,0.11239018088515212,0.21492627358432226
persistence,high_to_low,6,673,all_post,39,0.332580031495758,0.37430316140106223,0.4079618423751749,0.46205320118500826,0.041723129905304204,0.07538181087941687
persistence,high_to_low,6,673,early,12,0.3277975285295362,0.32261515381723854,0.34179567821460766,0.39003190602319243,-0.005182374712297649,0.013998149685071496
persistence,high_to_low,6,673,late,15,0.3354139679325686,0.40523133192448374,0.4528956924074606,0.5149986802934176,0.06981736399191509,0.11748172447489193
persistence,high_to_low,6,673,mid,12,0.3338201139159665,0.387330955830609,0.4179606939953849,0.46789264746131237,0.05351084191464247,0.08414058007941837
persistence,high_to_low,6,674,all_post,39,0.33410341691199313,0.5103538762011834,0.5051314313994018,0.6574721290359872,0.1762504592891903,0.1710280144874085
persistence,high_to_low,6,674,early,12,0.3179669954338364,0.3221684415227349,0.3866902710179416,0.5662926477235194,0.004201446088898484,0.06872327558410522
persistence,high_to_low,6,674,late,15,0.37727433857905013,0.7634504483175187,0.6793821266198595,0.7784311277650819,0.38617610973846844,0.30210778804080934
persistence,high_to_low,6,674,mid,12,0.2962761863063288,0.3821685957342132,0.40575922275528936,0.5974528619370866,0.0858924094278844,0.10948303644896062
persistence,high_to_low,6,675,all_post,39,0.27634004244138705,0.35380980325681394,0.3609493477160227,0.4276128467859772,0.07746976081542697,0.08460930527463564
persistence,high_to_low,6,675,early,12,0.2168957176289583,0.2423989892499255,0.24807048439994772,0.4143888691785554,0.0255032716209672,0.03117476677098943
persistence,high_to_low,6,675,late,15,0.32355782820567053,0.3880357017916201,0.39563742140061836,0.569555575663012,0.0644778735859496,0.0720795931949478
persistence,high_to_low,6,675,mid,12,0.2767621350484614,0.422438244095195,0.4304681189263532,0.26340841329710574,0.14567610904673348,0.15370598387789167
persistence,high_to_low,6,676,all_post,39,0.39136307966002815,0.3786258351187647,0.37481182949383923,1.6463145148884273,-0.012737244541263494,-0.01655125016618882
persistence,high_to_low,6,676,early,12,0.5357042405847395,0.5018579287570143,0.49175839593631787,2.1146221305674637,-0.033846311827725156,-0.043945844648421585
persistence,high_to_low,6,676,late,15,0.39005834707379766,0.36897230095888117,0.36955567499530484,1.3571635796696269,-0.02108604611491655,-0.02050267207849284
persistence,high_to_low,6,676,mid,12,0.24865283446810482,0.26746065918036926,0.26443545617452885,1.5394455682328916,0.018807824712264488,0.015782621706423982
persistence,high_to_low,6,677,all_post,39,0.31767132449355157,0.305515355150599,0.33398716721245514,0.4443040913197667,-0.012155969342952542,0.0163158427189036
persistence,high_to_low,6,677,early,12,0.2505418588397033,0.2858059443531898,0.3486253000240472,0.2591837586128704,0.03526408551348642,0.09808344118434388
persistence,high_to_low,6,677,late,15,0.31904441486817053,0.3058925656593947,0.32269042456155844,0.45481379405930594,-0.013151849208775823,0.0036460096933880154
persistence,high_to_low,6,677,mid,12,0.383084427179126,0.32475325281201356,0.33346996271448376,0.616287295602239,-0.0583311743671124,-0.04961446446464221
persistence,high_to_low,6,678,all_post,39,0.35228021649751856,0.38780017474880013,0.3806153498723067,0.8194905887550726,0.035519958251281555,0.028335133374788147
persistence,high_to_low,6,678,early,12,0.3679107875960009,0.3501162361455901,0.3505496007213273,1.322341209842165,-0.017794551450410794,-0.017361186874673678
persistence,high_to_low,6,678,late,15,0.23692092082307126,0.22665816389630097,0.22521499605558606,0.6617463272460419,-0.010262756926770292,-0.011705924767485222
persistence,high_to_low,6,678,mid,12,0.48084876499209517,0.626911626917634,0.604931541294187,0.5138202945542689,0.14606286192553872,0.12408277630209168
persistence,high_to_low,6,679,all_post,39,0.6727694068622357,2.232356798093358,2.232356798093358,2.2323568002424277,1.5595873912311227,1.5595873912311227
persistence,high_to_low,6,679,early,12,0.9640191191156084,1.2044393524817598,1.2044393524817598,1.204439355118332,0.24042023336615126,0.24042023336615126
persistence,high_to_low,6,679,late,15,0.4154989465705906,2.8748462213351873,2.8748462213351873,2.874846221826909,2.4593472747645966,2.4593472747645966
persistence,high_to_low,6,679,mid,12,0.70310776997342,2.457162464652671,2.457162464652671,2.4571624683859237,1.754054694679251,1.754054694679251
persistence,high_to_low,12,670,all_post,37,0.4987392600031265,0.39313064282131305,0.3998496071731498,5.138210007365031,-0.10560861718181344,-0.09888965282997657
persistence,high_to_low,12,670,early,12,0.6967584072557168,0.33503922445751816,0.3440611175573615,4.251306284442506,-0.36171918279819876,-0.35269728969835534
persistence,high_to_low,12,670,late,13,0.440874213609512,0.4741398291195029,0.4853334452545778,5.0968560160496645,0.03326561550999087,0.044459231645065836
persistence,high_to_low,12,670,mid,12,0.36340724634361826,0.3634621093620689,0.3630306055340579,6.069913887545869,5.4863018450525734e-05,-0.0003766408095604347
persistence,high_to_low,12,671,all_post,37,0.5094472202405083,1.1772285118363552,2.969816925621289,1.1772285185185067,0.6677812915958468,2.4603697053807805
persistence,high_to_low,12,671,early,12,0.6309375119476702,0.6250801476628832,0.7314388446944792,0.6250801539659533,-0.0058573642847871005,0.10050133274680896
persistence,high_to_low,12,671,late,13,0.566556997788279,1.9586931920910478,6.165731154870324,1.9586931930737301,1.3921361943027692,5.599174157082043
persistence,high_to_low,12,671,mid,12,0.3260880028565953,0.8827901390672431,1.745954591528313,0.8827901523029014,0.556702136210648,1.4198665886717177
persistence,high_to_low,12,672,all_post,37,0.40995228456629756,0.44667992372401083,0.509710183348616,0.4909629249344163,0.03672763915771321,0.09975789878231836
persistence,high_to_low,12,672,early,12,0.5866297754312548,0.5978616502031026,0.6587284230765501,0.4104446396984218,0.011231874771847734,0.07209864764529532
persistence,high_to_low,12,672,late,13,0.33873277827167814,0.31669729377112854,0.32086073585785696,0.6194636868712057,-0.022035484500549537,-0.017872042413821124
persistence,high_to_low,12,672,mid,12,0.31042925885384476,0.436312713027208,0.5652788450690042,0.4322720514055555,0.1258834541733633,0.25484958621515924
persistence,high_to_low,12,673,all_post,37,0.381818852186178,0.4047691103688232,0.44641459769072256,0.47048037522657377,0.022950258182645168,0.06459574550454451
persistence,high_to_low,12,673,early,12,0.39121852050884215,0.3135913487446938,0.39551724985867764,0.42045105101572505,-0.0776271717641483,0.00429872934983561
persistence,high_to_low,12,673,late,13,0.34293321614624916,0.42031373675453215,0.4916041901343237,0.5182970193988357,0.07738052060828296,0.14867097398807458
persistence,high_to_low,12,673,mid,12,0.414545289573437,0.4791068600751014,0.4483565537088661,0.46870833491747205,0.06456157050166435,0.033811264135429196
persistence,high_to_low,12,674,all_post,37,0.48179236005595366,1.2281060549134424,0.816613697437143,0.9953076766454397,0.7463136948574887,0.3348213373811893
persistence,high_to_low,12,674,early,12,0.3073319808279667,0.2881739305370985,0.35807162283507665,0.5652714842050316,-0.01915805029086821,0.05073964200711001
persistence,high_to_low,12,674,late,13,0.514418606704204,2.4495311802283783,1.455336274270723,1.5788166529309973,1.9351125735241739,0.940917667566519
persistence,high_to_low,12,674,mid,12,0.6209076387483358,0.8448276268652716,0.5832063138028304,0.7932091447764938,0.2239199881169358,-0.03770132494550526
persistence,high_to_low,12,675,all_post,37,0.3208847285069225,0.5376387024698764,0.5553310784726453,0.5520836355639286,0.2167539739629538,0.2344463499657226
persistence,high_to_low,12,675,early,12,0.26862914224973217,0.33387449081148546,0.34809156284029547,0.8042403207052148,0.06524534856175328,0.0794624205905634
persistence,high_to_low,12,675,late,13,0.31625252096656337,0.5825736796558498,0.6046510957512153,0.46912298504125804,0.2663211586892864,0.2883985747846519
persistence,high_to_low,12,675,mid,12,0.378158539599502,0.6927233555101294,0.709140575386544,0.38980098848886885,0.3145648159106274,0.33098203578704194
persistence,high_to_low,12,676,all_post,37,0.6094172914795596,0.7267124528854491,0.7430229487455635,4.589088667438091,0.11729516140588955,0.1336056572660039
persistence,high_to_low,12,676,early,12,0.6663336202090903,0.9157459615885872,0.9531805972636413,4.967457844197628,0.2494123413794972,0.28684697705455126
persistence,high_to_low,12,676,late,13,0.8583805595483878,0.9316815209957596,0.939315947830323,3.937319430127,0.07330096144737185,0.08093538828193515
persistence,high_to_low,12,676,mid,12,0.2827907556754654,0.31562912039614155,0.32021455121899645,4.916802831098899,0.03283836472067615,0.037423795543531056
persistence,high_to_low,12,677,all_post,37,0.36774258617048317,0.3477410415017195,0.34674758208608486,0.5028547517568785,-0.020001544668763704,-0.020995004084398285
persistence,high_to_low,12,677,early,12,0.2999880663738508,0.3865158644613571,0.38279517587012785,0.32830275152853144,0.08652779808750631,0.08280710949627702
persistence,high_to_low,12,677,late,13,0.3559721842210543,0.33559180549964296,0.3360984290892567,0.4758928552965136,-0.020380378721411314,-0.019873755131797625
persistence,high_to_low,12,677,mid,12,0.4482483747456634,0.32212789087766475,0.3222365707152725,0.7066154731506207,-0.1261204838679988,-0.12601180403039094
persistence,high_to_low,12,678,all_post,37,0.5591406718592827,0.5323498904764514,0.49794135580399984,1.7800187238886673,-0.026790781382831284,-0.06119931605528291
persistence,high_to_low,12,678,early,12,0.41829423906880514,0.4185992780939833,0.42142482613958143,2.9504819115804675,0.0003050390251781362,0.0031305870707762757
persistence,high_to_low,12,678,late,13,0.24948749692936845,0.21094846123173083,0.21666468939380476,1.332214726470313,-0.03853903569763765,-0.03282280753556372
persistence,high_to_low,12,678,mid,12,1.0354447108238343,0.9942853845407007,0.8791742740794634,1.094676533400085,-0.04115932628313379,-0.15627043674437122
persistence,high_to_low,12,679,all_post,37,0.9335656871276902,0.8124588474141489,0.7580419778310283,5.696368591116063,-0.12110683971354153,-0.1755237092966623
persistence,high_to_low,12,679,early,12,0.9897303098141966,0.9390556061991177,0.914334724271063,2.8089363725810625,-0.05067470361507875,-0.07539558554313343
persistence,high_to_low,12,679,late,13,0.5641961483042794,0.3840147857322664,0.35526827361652075,7.82297801166465,-0.18018136257201298,-0.2089278746877587
persistence,high_to_low,12,679,mid,12,1.2775513981665465,1.1500098221178863,1.0380874109567098,6.279973937390094,-0.12754157604866032,-0.23946398720983672
persistence,low_to_high,1,670,all_post,40,0.17372599097610703,0.2178203751352787,0.22628988376971626,0.20848675119888077,0.04409438415917163,0.05256389279360919
persistence,low_to_high,1,670,early,12,0.20996187455921433,0.1942975835400632,0.19894647290267423,0.20667284454341173,-0.01566429101915114,-0.011015401656540108
persistence,low_to_high,1,670,late,16,0.15773615122893037,0.25718007130991405,0.25754129580467355,0.2225768766427682,0.09944392008098368,0.09980514457574317
persistence,low_to_high,1,670,mid,12,0.15880989372256868,0.18886357183098035,0.21196474525681522,0.1915138239291667,0.03005367810841168,0.053154851534246504
persistence,low_to_high,1,671,all_post,40,0.16320719040568318,0.19832103662896375,0.48387638670909405,0.12257865862341673,0.035113846223280495,0.32066919630341084
persistence,low_to_high,1,671,early,12,0.2062757282006444,0.17957951106354977,0.1773298013247242,0.03687676026870834,-0.026696217137094583,-0.02894592687592019
persistence,low_to_high,1,671,late,16,0.1499983422033331,0.1750224535218235,0.8685836940219887,0.2084046450681103,0.025024111318490395,0.7185853518186558
persistence,low_to_high,1,671,mid,12,0.13775045021385554,0.24812733967056458,0.277479895676271,0.09384590838520034,0.11037688945670905,0.1397294454624155
persistence,low_to_high,1,672,all_post,40,0.14503704505335616,0.3368619172232882,0.22162212058541453,0.11430158126021248,0.19182487216993202,0.07658507553205837
persistence,low_to_high,1,672,early,12,0.15121560215379384,0.29407699504920937,0.20783611254822687,0.10454860750843999,0.14286139289541555,0.056620510394433
persistence,low_to_high,1,672,late,16,0.14429415826389483,0.2823446655019492,0.1797852322119214,0.13871328501045155,0.13805050723805437,0.035491073948026544
persistence,low_to_high,1,672,mid,12,0.13984900367220024,0.45233650835915223,0.2911906464539264,0.09150561667833286,0.3124875046869521,0.15134164278172615
persistence,low_to_high,1,673,all_post,40,0.09849799469497628,0.30701681825164534,0.11382371315401463,0.0746028625155549,0.20851882355666906,0.015325718459038356
persistence,low_to_high,1,673,early,12,0.06121507447162012,0.0445870974524874,0.050921250436984554,0.060776403251997596,-0.016627977019132715,-0.010293824034635574
persistence,low_to_high,1,673,late,16,0.0870491368009409,0.5438094398487454,0.1527616726155758,0.0790067179825252,0.45676030304780446,0.06571253581463489
persistence,low_to_high,1,673,mid,12,0.15104605877704627,0.2537230435880033,0.12480889658896317,0.08255751448981849,0.10267698481095701,-0.02623716218808309
persistence,low_to_high,1,674,all_post,40,0.11035714078305255,0.3868828740913588,0.435940468997747,0.0793931689675759,0.27652573330830627,0.3255833282146945
persistence,low_to_high,1,674,early,12,0.162808398309683,0.23483445733067673,0.2395750130818681,0.06166799676223445,0.07202605902099372,0.07676661477218508
persistence,low_to_high,1,674,late,16,0.10042633185108961,0.40589648263274697,0.4536322136405295,0.1004263318634992,0.3054701507816574,0.3532058817894399
persistence,low_to_high,1,674,mid,12,0.07114696183237264,0.5135798127968566,0.6087169320565826,0.06907412397835294,0.442432850964484,0.5375699702242099
persistence,low_to_high,1,675,all_post,40,0.0684743919870784,0.08338774613191002,0.08572512649048743,0.08407843085073462,0.014913354144831626,0.01725073450340902
persistence,low_to_high,1,675,early,12,0.07103136757173724,0.07102280709570306,0.07332213456393118,0.10133281432936396,-8.560476034176825e-06,0.0022907669921939182
persistence,low_to_high,1,675,late,16,0.07393073390689744,0.05902421943361619,0.05891375760894264,0.10225451107380888,-0.014906514473281254,-0.015016976297954794
persistence,low_to_high,1,675,mid,12,0.058642293842660814,0.12823738743250876,0.13387661025910338,0.042589273741339605,0.06959509358984795,0.07523431641644256
persistence,low_to_high,1,676,all_post,40,0.20136552345980213,0.40961211524326935,0.28260987997601517,0.18690240340775674,0.20824659178346713,0.08124435651621305
persistence,low_to_high,1,676,early,12,0.13747886904257975,0.17148788646508384,0.11386835030095886,0.1875562068026332,0.0340090174225041,-0.023610518741620904
persistence,low_to_high,1,676,late,16,0.2498187209473244,0.677514998338024,0.4620799181413838,0.16500241951579922,0.42769627739069965,0.21226119719405945
persistence,low_to_high,1,676,mid,12,0.20064791456032824,0.29053249989511515,0.21205802543058003,0.21544857853549024,0.0898845853347869,0.011410110870251832
persistence,low_to_high,1,677,all_post,40,0.1430208848092022,0.1181492332254924,0.23345966287132178,0.11104438103099175,-0.024871651583709777,0.0904387780621196
persistence,low_to_high,1,677,early,12,0.09690115460337205,0.07086575657548527,0.1505673689857372,0.06263100751677429,-0.026035398027886777,0.05366621438236515
persistence,low_to_high,1,677,late,16,0.12854225932801477,0.1256049564730115,0.19007658330007826,0.13151355748082083,-0.0029373028550032636,0.061534323972063494
persistence,low_to_high,1,677,mid,12,0.2084454489899489,0.15549174554547415,0.3741960628518978,0.13216551927877038,-0.0529537034444748,0.16575061386194886
persistence,low_to_high,1,678,all_post,40,0.11027112969946129,0.160563974424404,0.17683496267308757,0.08782136650402893,0.050292844724942734,0.06656383297362631
persistence,low_to_high,1,678,early,12,0.19010586187502757,0.20521232887537155,0.23154750446765138,0.11073101261991218,0.015106467000344015,0.04144164259262379
persistence,low_to_high,1,678,late,16,0.0829452774438667,0.09724045900403053,0.09782395739436918,0.08869534398239262,0.014295181560163805,0.014878679950502459
persistence,low_to_high,1,678,mid,12,0.06687086719802111,0.20034697386726782,0.22747042791681513,0.06374641708366073,0.13347610666924672,0.160599560718794
persistence,low_to_high,1,679,all_post,40,0.19474133429832402,0.4196640940055671,0.3507185011125876,0.266143019125224,0.2249227597072431,0.15597716681426357
persistence,low_to_high,1,679,early,12,0.28010707026271586,0.2831539957870957,0.26956714482446703,0.21708609169687607,0.003046925524379844,-0.010539925438248818
persistence,low_to_high,1,679,late,16,0.11235881250325228,0.21273013555315065,0.157509378247484,0.29031652194093266,0.10037132304989842,0.04515056574423176
persistence,low_to_high,1,679,mid,12,0.21921896072736122,0.8320861368272605,0.6894820212208463,0.2829686094659605,0.6128671760998993,0.470263060493485
persistence,low_to_high,3,670,all_post,40,0.3970636990427792,0.4290062610121579,0.4276875548314975,0.626926627484101,0.031942561969378676,0.03062385578871833
persistence,low_to_high,3,670,early,12,0.29220346609011144,0.29141173973001505,0.29022571072397346,0.49537023266305696,-0.0007917263600964569,-0.0019777553661379944
persistence,low_to_high,3,670,late,16,0.5648892521956679,0.4293070737106924,0.42923051320181277,0.7261399874707026,-0.13558217848497545,-0.1356587389938551
persistence,low_to_high,3,670,mid,12,0.2781565277915954,0.5661996986962547,0.5630921211119346,0.6261985423230093,0.2880431709046593,0.28493559332033924
persistence,low_to_high,3,671,all_post,40,0.25599290801956803,0.4436353549362167,0.5104282015074532,0.2570028513970636,0.18764244691664872,0.2544352934878852
persistence,low_to_high,3,671,early,12,0.19128179831397787,0.1994861875511705,0.20917592660629092,0.14325138223952902,0.00820438923719262,0.01789412829231302
persistence,low_to_high,3,671,late,16,0.370560596598756,0.7604686422006266,0.896628236608453,0.41945638597572693,0.38990804560187053,0.526067640009697
persistence,low_to_high,3,671,mid,12,0.16794709961957413,0.26534013930204986,0.29674709627394896,0.15414960778304687,0.09739303968247574,0.12879999665437483
persistence,low_to_high,3,672,all_post,40,0.19222613311922646,0.32168409985993535,0.22978866979494325,0.1711415404008815,0.1294579667407089,0.03756253667571679
persistence,low_to_high,3,672,early,12,0.1778646413364836,0.2776628852651695,0.1976230687939261,0.14584270691647486,0.0997982439286859,0.019758427457442558
persistence,low_to_high,3,672,late,16,0.18880196129356008,0.23916171182111826,0.19532249701064996,0.1944225781715933,0.05035975052755817,0.006520535717089906
persistence,low_to_high,3,672,mid,12,0.21115318733619115,0.47573516517312403,0.3079091678416847,0.16539899019100565,0.26458197783693277,0.09675598050549354
persistence,low_to_high,3,673,all_post,40,0.1252605014426042,0.3801077307138836,0.21433678437023515,0.11714575090382877,0.25484722927127945,0.08907628292763095
persistence,low_to_high,3,673,early,12,0.08706247933418305,0.09839424959313871,0.06838463090022244,0.09039679962945,0.011331770258955662,-0.018677848433960597
persistence,low_to_high,3,673,late,16,0.15248951312018513,0.6463090766234002,0.34186734158648135,0.14162680945402914,0.4938195635032151,0.18937782846629625
persistence,low_to_high,3,673,mid,12,0.1271531746475841,0.30688608395527306,0.19024819488525282,0.11125329077794045,0.179732909307689,0.06309502023766872
persistence,low_to_high,3,674,all_post,40,0.29585122869767877,0.7037433086450255,0.4209157523021535,0.21486315785531515,0.4078920799473467,0.12506452360447473
persistence,low_to_high,3,674,early,12,0.2024715561541118,0.21654376451165872,0.2594831331075285,0.1904123745409251,0.014072208357546917,0.05701157695341669
persistence,low_to_high,3,674,late,16,0.4383468552679902,1.047726390653573,0.42842714513656716,0.2500314418122965,0.6093795353855826,-0.0099197101314231
persistence,low_to_high,3,674,mid,12,0.1992367324808306,0.7322987434336624,0.5723331810508939,0.1924228958937301,0.5330620109528318,0.37309644857006335
persistence,low_to_high,3,675,all_post,40,0.1658205556104236,0.15560551522235025,0.16334348234489726,0.16700302223033453,-0.010215040388073356,-0.002477073265526343
persistence,low_to_high,3,675,early,12,0.1707235539564845,0.1391049893058256,0.14128829509898486,0.16130763397732747,-0.03161856465065889,-0.02943525885749962
persistence,low_to_high,3,675,late,16,0.15691156074535814,0.13379808926141684,0.1331221757776805,0.20877316164821777,-0.0231134714839413,-0.02378938496767763
persistence,low_to_high,3,675,mid,12,0.17279621708445,0.2011826090867861,0.2256937450137653,0.1170048912594973,0.028386392002336103,0.052897527929315326
persistence,low_to_high,3,676,all_post,40,0.2242847937304445,0.2354764598425621,0.2526675609222774,0.5244294121367574,0.0111916661121176,0.028382767191832848
persistence,low_to_high,3,676,early,12,0.25707235849816396,0.2630278087422449,0.28496345911021126,0.6032167996386743,0.0059554502440809605,0.027891100612047328
persistence,low_to_high,3,676,late,16,0.2237907361357501,0.2567209561339808,0.28039411954269783,0.4614591190477444,0.03293021999823069,0.056603383406947726
persistence,low_to_high,3,676,mid,12,0.19215597242231766,0.17959911588765443,0.1834029179071162,0.529602415420191,-0.012556856534663215,-0.008753054515201454
persistence,low_to_high,3,677,all_post,40,0.26596071193727616,0.2926604137020705,0.29185989832666265,0.20818899600137253,0.02669970176479435,0.025899186389386496
persistence,low_to_high,3,677,early,12,0.19475671130182529,0.1868854644582433,0.19031286685802254,0.11788375579336902,-0.007871246843581925,-0.004443844443802708
persistence,low_to_high,3,677,late,16,0.2645673791505625,0.24366852815799428,0.24657931858609766,0.2635060087481866,-0.020898850992568198,-0.01798806056446483
persistence,low_to_high,3,677,mid,12,0.33902248962167864,0.463757877004666,0.4537810361160561,0.22473821921362394,0.12473538738298734,0.1147585464943775
persistence,low_to_high,3,678,all_post,40,0.3468204592341304,0.3892081940908468,0.3793712806701359,0.2610828434649332,0.04238773485671643,0.03255082143600552
persistence,low_to_high,3,678,early,12,0.47244397020985285,0.4370121432818252,0.45039059291188926,0.3618473976267622,-0.03543182692802772,-0.02205337729796357
persistence,low_to_high,3,678,late,16,0.28265880654225095,0.2488348964454833,0.2665406678691099,0.22562763928972474,-0.03382391009676767,-0.016118138673141005
persistence,low_to_high,3,678,mid,12,0.30674581851424715,0.5285686417603531,0.45879278549641717,0.20759189487004895,0.22182282324610605,0.15204696698217002
persistence,low_to_high,3,679,all_post,40,0.40247104473148543,0.37941284459808117,0.38470575140936425,0.6747988379836507,-0.023058200133404223,-0.017765293322121185
persistence,low_to_high,3,679,early,12,0.2924981993162003,0.30008010902475063,0.3073209669685943,0.33601593414163333,0.007581909708550313,0.014822767652393981
persistence,low_to_high,3,679,late,16,0.34115299379724057,0.23991070934035966,0.24023725043395378,0.9083238355329072,-0.1012422844568809,-0.10091574336328679
persistence,low_to_high,3,679,mid,12,0.5942012913924303,0.6447484271817071,0.6547152038173482,0.7022150784266593,0.05054713578927686,0.060513912424917826
persistence,low_to_high,6,670,all_post,39,0.5535403595152225,0.6235004134833214,0.618889531409093,1.684892749527858,0.06996005396809889,0.06534917189387038
persistence,low_to_high,6,670,early,12,0.36418367130027285,0.3811595706249619,0.37622824264177845,1.3683531901384713,0.016975899324689007,0.012044571341505638
persistence,low_to_high,6,670,late,15,0.6616811903317523,0.5982510518171843,0.5994707214008949,1.80549928374413,-0.06343013851456812,-0.06221046893085745
persistence,low_to_high,6,670,mid,12,0.6077210092095097,0.8974029584243524,0.8858243326866546,1.8506741411469048,0.2896819492148425,0.2781033234771449
persistence,low_to_high,6,671,all_post,39,0.3752621276569614,0.6122337686354108,0.7521476920646415,0.4553427977564925,0.23697164097844933,0.37688556440768
persistence,low_to_high,6,671,early,12,0.22369478598553946,0.2804197681514113,0.3020311468688231,0.3054380914437208,0.0567249821658718,0.07833636088328368
persistence,low_to_high,6,671,late,15,0.52148852477131,1.05555863190369,1.3513100797786515,0.7078342140321892,0.53407010713238,0.829821555007341
persistence,low_to_high,6,671,mid,12,0.34404647293544777,0.3898916900340612,0.4533112526179477,0.28963323372464317,0.04584521709861348,0.10926477968249997
persistence,low_to_high,6,672,all_post,39,0.3050729685742231,0.40040389217103733,0.29261158927444836,0.25224432617664344,0.09533092359681422,-0.012461379299774792
persistence,low_to_high,6,672,early,12,0.33508038803438556,0.34736095853232524,0.2524088309978975,0.18928225925654565,0.012280570497939647,-0.08267155703648811
persistence,low_to_high,6,672,late,15,0.24954298591928215,0.2616231384608268,0.22337439880117788,0.27203815017342414,0.012080152541544677,-0.02616858711810423
persistence,low_to_high,6,672,mid,12,0.3444780274327368,0.6269227679475126,0.41936083564258714,0.2904641131007652,0.2824447405147757,0.07488280820985034
persistence,low_to_high,6,673,all_post,39,0.22955423433191258,0.5217727949546267,0.32117735192529495,0.19244674134441395,0.2922185606227142,0.0916231175933824
persistence,low_to_high,6,673,early,12,0.13018215957229207,0.11752437705140308,0.07193171074809603,0.09599557857475216,-0.012657782520888986,-0.05825044882419605
persistence,low_to_high,6,673,late,15,0.28863657138721,0.9324837332450779,0.5817640754710688,0.26471548030145825,0.6438471618578678,0.2931275040838587
persistence,low_to_high,6,673,mid,12,0.2550733877724112,0.41263253999478655,0.24468958867027668,0.1985619804177704,0.15755915222237538,-0.010383799102134461
persistence,low_to_high,6,674,all_post,39,0.515258371054748,0.8297269737881311,0.5507139366760234,0.4052420586591744,0.314468602733383,0.03545556562127519
persistence,low_to_high,6,674,early,12,0.30295795474428866,0.250053437002223,0.314191971314697,0.2432427927330759,-0.052904517742065706,0.01123401657040833
persistence,low_to_high,6,674,late,15,0.7109008391684537,1.2609946783351376,0.581707892313909,0.5510431791370072,0.5500938391666842,-0.12919294685454477
persistence,low_to_high,6,674,mid,12,0.48300570222307576,0.8703158798902808,0.7484934574899927,0.3849899239879822,0.3873101776672052,0.265487755266917
persistence,low_to_high,6,675,all_post,39,0.22009758848836455,0.20244273450283462,0.21434998324454455,0.24407396235015866,-0.017654853985529958,-0.005747605243820003
persistence,low_to_high,6,675,early,12,0.18606314041885774,0.1851598781018057,0.18462723826547442,0.30896624532405337,-0.0009032623170519768,-0.001435902153383288
persistence,low_to_high,6,675,late,15,0.14591865923809974,0.158654668658714,0.15704624406265313,0.2450529749448137,0.012736009420614262,0.011127584824553413
persistence,low_to_high,6,675,mid,12,0.3468556981207025,0.27446067320901424,0.315702402200979,0.17795791363294522,-0.0723950249116882,-0.03115329591972346
persistence,low_to_high,6,676,all_post,39,0.3824774640297799,0.3125799541078379,0.32346299637326886,1.3485943645002536,-0.06989750992194194,-0.05901446765651108
persistence,low_to_high,6,676,early,12,0.4284159304998705,0.35162029710205234,0.3638133524057383,1.5052207612237918,-0.0767956333978182,-0.06460257809413221
persistence,low_to_high,6,676,late,15,0.3253888188198253,0.3455975283403362,0.3628572637003214,1.2174465870219913,0.020208709520510872,0.037468444880496096
persistence,low_to_high,6,676,mid,12,0.40789980407213244,0.23226764332300076,0.23386980618198358,1.3559026896245425,-0.17563216074913165,-0.17402999789014886
persistence,low_to_high,6,677,all_post,39,0.3648695283305388,0.3727412432289427,0.37160104717384884,0.2915781961425159,0.007871714898403824,0.006731518843310029
persistence,low_to_high,6,677,early,12,0.2550829949402556,0.23931689105465945,0.24299525171735978,0.1688436224107587,-0.01576610388559619,-0.012087743222895825
persistence,low_to_high,6,677,late,15,0.3328361692095827,0.2877933762096674,0.2848252722211782,0.31674668755513946,-0.04504279299991527,-0.04801089698840452
persistence,low_to_high,6,677,mid,12,0.5146977606220172,0.61235042917732,0.6086765613211763,0.38285215560849367,0.09765266855530269,0.09397880069915908
persistence,low_to_high,6,678,all_post,39,0.675312599458801,0.49669926054262986,0.485809028982585,0.6544020769118905,-0.17861333891617112,-0.18950357047621597
persistence,low_to_high,6,678,early,12,0.6818925510761566,0.5333121321912535,0.5483008204513548,0.9909833702025228,-0.14858041888490336,-0.13359173062480195
persistence,low_to_high,6,678,late,15,0.500226709646182,0.3052039973477531,0.33563017702376974,0.5192586488051868,-0.19502271229842896,-0.16459653262241225
persistence,low_to_high,6,678,mid,12,0.8875900101072189,0.6994554678876025,0.6110408024623343,0.48675006875463783,-0.18813454221961656,-0.27654920764488455
persistence,low_to_high,6,679,all_post,39,0.6285362549532346,0.5762971899216333,0.5767920131423521,1.7998019263459275,-0.05223906503160128,-0.05174424181088255
persistence,low_to_high,6,679,early,12,0.48581219343276744,0.5091434554567135,0.512651260486118,0.7954974078342026,0.023331262023946014,0.026839067053350606
persistence,low_to_high,6,679,late,15,0.4632530894535115,0.31242069164546576,0.31409631881726435,2.5280675454953854,-0.15083239780804583,-0.1491567706362472
persistence,low_to_high,6,679,mid,12,0.9778642733483554,0.9732965472317626,0.9693023837049454,1.8937744209208303,-0.004567726116592875,-0.008561889643409966
persistence,low_to_high,12,670,all_post,37,0.7341308395925488,1.1560252543118497,1.0835100668602595,5.153144200652564,0.42189441471930084,0.34937922726771087
persistence,low_to_high,12,670,early,12,0.7140221143601496,0.7121353105516746,0.6256834709967546,4.096126617503171,-0.0018868038084746477,-0.08833864336339481
persistence,low_to_high,12,670,late,13,0.5006815277860455,0.9546796262917615,0.9469023927771332,5.156072127667651,0.4539980985057159,0.4462208649910876
persistence,low_to_high,12,670,mid,12,1.0071429859486605,1.81803962842712,1.6893283096471514,6.206989862868947,0.8108966424784599,0.6821853236984916
persistence,low_to_high,12,671,all_post,37,0.5659926289237487,0.9873539856860061,1.403312592719663,0.8503526284511942,0.4213613567622575,0.8373199637959143
persistence,low_to_high,12,671,early,12,0.27680029182900934,0.39788251887562476,0.48121152193913325,0.4123870118938695,0.12108222704661542,0.20441123011012388
persistence,low_to_high,12,671,late,13,0.9933974494324098,1.8507686065318805,2.79926944402802,1.5236016540389579,0.8573711570994708,1.8058719945956103
persistence,low_to_high,12,671,mid,12,0.39216307713410553,0.6414596132466905,0.8131270745828064,0.5589651339551082,0.24929653611258507,0.420963997448701
persistence,low_to_high,12,672,all_post,37,0.5794929515402909,0.41208337104644005,0.40911370679128667,0.41756064139729804,-0.16740958049385107,-0.1703792447490044
persistence,low_to_high,12,672,early,12,0.829677614662499,0.37384001213230017,0.35983939723438496,0.3190328992332309,-0.45583760253019895,-0.46983821742811416
persistence,low_to_high,12,672,late,13,0.36139307504269613,0.25554591704964874,0.2654965050815809,0.3762587992776406,-0.1058471579930474,-0.09589656996111526
persistence,low_to_high,12,672,mid,12,0.5655831546238111,0.6199089717904375,0.6139733182003696,0.5608320458576609,0.05432581716662627,0.04839016357655861
persistence,low_to_high,12,673,all_post,37,0.4020881208916873,0.8469018371871885,0.49531735902999885,0.3095652122647783,0.4448137162955012,0.09322923813831145
persistence,low_to_high,12,673,early,12,0.16930996911803897,0.19171616192780036,0.08226604469738126,0.13259744289914768,0.02240619280976144,-0.08704392442065767
persistence,low_to_high,12,673,late,13,0.5712140261283409,1.5085275920189614,0.9043343214382369,0.4703436852092245,0.9373135658906204,0.33312029530989595
persistence,low_to_high,12,673,mid,12,0.45164654199229415,0.7853262780454889,0.46526696408702506,0.3123563026072591,0.33367973605319473,0.013620422094730808
persistence,low_to_high,12,674,all_post,37,1.1116992913094301,1.2644543060661275,0.8374890842018502,0.8127975807615624,0.15275501475669728,-0.27421020710757993
persistence,low_to_high,12,674,early,12,0.44541151644001364,0.29628734252247796,0.38928015790670467,0.3076996613981802,-0.14912417391753569,-0.05613135853330894
persistence,low_to_high,12,674,late,13,1.6834159985342203,2.0517552289185,0.8703601678223578,1.2615468090715098,0.3683392303842795,-0.8130558307118629
persistence,low_to_high,12,674,mid,12,1.1586273000186569,1.3797119365197066,1.2500876699081127,0.8317505027891681,0.22108463650104968,0.09146036988945572
persistence,low_to_high,12,675,all_post,37,0.43216142167166716,0.32049778350657815,0.3252770967030205,0.43280156101194367,-0.11166363816508904,-0.10688432496864667
persistence,low_to_high,12,675,early,12,0.291289580006469,0.28767456357131066,0.27349483933593166,0.7576964549361375,-0.003615016435158365,-0.0177947406705373
persistence,low_to_high,12,675,late,13,0.20305840782987755,0.2040886796882471,0.19687256378033718,0.263335532912309,0.001030271858369552,-0.00618584404954035
persistence,low_to_high,12,675,mid,12,0.8212281949988042,0.47943086591170414,0.5161642647363496,0.2914948641956875,-0.3417973290870999,-0.3050639302624545
persistence,low_to_high,12,676,all_post,37,0.8502142645342525,0.6403803935192468,0.6237490239092268,4.417507259999888,-0.20983387101500572,-0.2264652406250257
persistence,low_to_high,12,676,early,12,0.9781530170751394,0.7341528495358255,0.7100957979784464,4.468789397033622,-0.24400016753931375,-0.26805721909669306
persistence,low_to_high,12,676,late,13,0.9202571643686331,0.8146051630550891,0.788547165216618,4.067188677700508,-0.10565200131354407,-0.1317099991520151
persistence,low_to_high,12,676,mid,12,0.6463957038394532,0.35786443717217203,0.3588709300903333,4.745736920457146,-0.28853126666728124,-0.2875247737491199
persistence,low_to_high,12,677,all_post,37,0.6078425525045045,0.5928420229190804,0.5504528462293532,0.4559440014425656,-0.015000529585424045,-0.05738970627515119
persistence,low_to_high,12,677,early,12,0.4321042986452937,0.4424604142356902,0.44517726246005807,0.3293566212358392,0.010356115590396476,0.013072963814764324
persistence,low_to_high,12,677,late,13,0.6093773626667466,0.42432218352986484,0.38074149821644887,0.4620036694524726,-0.18505517913688158,-0.22863586445029754
persistence,low_to_high,12,677,mid,12,0.7819180953546198,0.9257867909407874,0.8395823903459614,0.5759667413052262,0.14386869558616783,0.05766429499134181
persistence,low_to_high,12,678,all_post,37,0.9914403610589535,0.751936949893153,0.7415735954223285,1.7921280035805038,-0.2395034111658006,-0.2498667656366248
persistence,low_to_high,12,678,early,12,0.6984934104006547,0.7102304925285398,0.7698394185335512,2.906115386178509,0.01173708212788487,0.07134600813289656
persistence,low_to_high,12,678,late,13,0.6080510594944972,0.4635419156081851,0.5542113963126984,1.3109306400101584,-0.14450914388631222,-0.05383966318179872
persistence,low_to_high,12,678,mid,12,1.6997257217454127,1.1060713610664814,0.916283488013205,1.1994377648503738,-0.5936543606789314,-0.7834422337322077
persistence,low_to_high,12,679,all_post,37,1.0936789672926388,0.79659185654524,0.7964857747717846,5.268390383911158,-0.2970871107473988,-0.29719319252085424
persistence,low_to_high,12,679,early,12,0.703194953637904,0.7620299903036413,0.7618354967536577,2.5236887730236517,0.058835036665737174,0.05864054311575376
persistence,low_to_high,12,679,late,13,1.122195656817682,0.34863761820232536,0.3486803411498244,7.301938486676751,-0.7735580386153568,-0.7735153156678577
persistence,low_to_high,12,679,mid,12,1.453269900628577,1.3164374809916632,1.3162586058803682,5.810081550135938,-0.1368324196369137,-0.13701129474820858
persistence,stable_high,1,670,all_post,40,0.14479172443542856,0.12336039076731917,0.12318903942578444,0.20474018571668226,-0.021431333668109388,-0.02160268500964413
persistence,stable_high,1,670,early,12,0.17215740151733328,0.13354475144977537,0.13350828110510268,0.1941874086833066,-0.0386126500675579,-0.03864912041223057
persistence,stable_high,1,670,late,16,0.1585371250351963,0.13096445068685825,0.13059643597674275,0.2225768753643178,-0.027572674348338076,-0.027940689058453552
persistence,stable_high,1,670,mid,12,0.0990988465538335,0.10303728352547754,0.10299326901185503,0.19151070988654373,0.00393843697164406,0.003894422458021534
persistence,stable_high,1,671,all_post,40,0.10197815378395898,0.12277113429841531,0.12357917292256289,0.12277113452309882,0.02079298051445632,0.021601019138603912
persistence,stable_high,1,671,early,12,0.04755431899206906,0.03751880967109244,0.04567657520298852,0.037518809011334926,-0.01003550932097661,-0.0018777437890805286
persistence,stable_high,1,671,late,16,0.1500017703827403,0.20840464403656733,0.20450627596914622,0.2084046448104085,0.05840287365382707,0.05450450558640593
persistence,stable_high,1,671,mid,12,0.09237049977747384,0.09384544594153542,0.09357896658002617,0.09384544631844982,0.0014749461640615944,0.001208466802552326
persistence,stable_high,1,672,all_post,40,0.1188536853161638,0.11141935548419131,0.11145334780540694,0.11423906335250504,-0.0074343298319724995,-0.007400337510756855
persistence,stable_high,1,672,early,12,0.1122811015768177,0.10637990668322204,0.10641126960057067,0.10433980149903854,-0.005901194893595619,-0.005869831976247038
persistence,stable_high,1,672,late,16,0.14429386457430332,0.12163353121446134,0.12132441466174161,0.13871328511431386,-0.022660333359841998,-0.022969449912561724
persistence,stable_high,1,672,mid,12,0.0915060300446572,0.10283990331146715,0.10333400353513038,0.09150602952355981,0.011333873266809949,0.011827973490473154
persistence,stable_high,1,673,all_post,40,0.09476435060351993,0.07439916763526559,0.07424871407729834,0.07492724324883944,-0.02036518296825433,-0.02051563652622158
persistence,stable_high,1,673,early,12,0.09092068531720086,0.060107766173697764,0.05915892520211535,0.06185769400245397,-0.03081291914350308,-0.03176176011508551
persistence,stable_high,1,673,late,16,0.08706922834218134,0.07947432761539183,0.07990997387828475,0.07900671780860324,-0.007594900726789492,-0.007159254463896585
persistence,stable_high,1,673,mid,12,0.10886817890495709,0.08192368912333173,0.08179015655116612,0.08255749308220649,-0.026944489781625364,-0.027078022353790965
persistence,stable_high,1,674,all_post,40,0.08093959730243977,0.09396290661788913,0.09102193587650573,0.07923440037861273,0.013023309315449347,0.010082338574065965
persistence,stable_high,1,674,early,12,0.06797763709022263,0.06990374228502456,0.06774514502251885,0.06113895624495407,0.0019261051948019133,-0.00023249206770377685
persistence,stable_high,1,674,late,16,0.10042633182406055,0.11868305239144632,0.11506882119960359,0.10042633183647079,0.01825672056738578,0.014642489375543036
persistence,stable_high,1,674,mid,12,0.06791924481916255,0.08506187658601073,0.08223621296636215,0.06907393590179399,0.017142631766848198,0.014316968147199608
persistence,stable_high,1,675,all_post,40,0.07626212790106833,0.08138351612758259,0.08138351612758259,0.08138351687778675,0.0051213882265142546,0.0051213882265142546
persistence,stable_high,1,675,early,12,0.09225291168793091,0.09235016969577303,0.09235016969577303,0.09235017061290278,9.725800784213719e-05,9.725800784213719e-05
persistence,stable_high,1,675,late,16,0.07395368248945139,0.10225450979960915,0.10225450979960915,0.10225451088065807,0.028300827310157768,0.028300827310157768
persistence,stable_high,1,675,mid,12,0.06334927132969505,0.042588870996690065,0.042588870996690065,0.04258887113884229,-0.020760400333004986,-0.020760400333004986
persistence,stable_high,1,676,all_post,40,0.1802819165228744,0.1399724511713914,0.13893433691562862,0.18125056434061815,-0.04030946535148302,-0.04134757960724578
persistence,stable_high,1,676,early,12,0.10976050370277597,0.10812522977895116,0.10166112972576259,0.16872120391442777,-0.001635273923824809,-0.008099373977013359
persistence,stable_high,1,676,late,16,0.2547763513578849,0.17205198084079423,0.17836938805344504,0.16500241872910068,-0.08272437051709064,-0.07640696330443986
persistence,stable_high,1,676,mid,12,0.1514774162296255,0.12904696633796112,0.12362747592173944,0.2154441189154985,-0.0224304498916644,-0.02784994030788609
persistence,stable_high,1,677,all_post,40,0.11307521448700182,0.11092284236663814,0.11092284236663814,0.11092284265814975,-0.00215237212036368,-0.00215237212036368
persistence,stable_high,1,677,early,12,0.06116468949129645,0.06222360414836189,0.06222360414836189,0.06222360456227611,0.001058914657065425,0.001058914657065425
persistence,stable_high,1,677,late,16,0.1285358741684973,0.13151355733637388,0.13151355733637388,0.13151355767521908,0.0029776831678765825,0.0029776831678765825
persistence,stable_high,1,677,mid,12,0.14437152657404653,0.1321677939586001,0.1321677939586001,0.1321677940645976,-0.012203732615446466,-0.012203732615446466
persistence,stable_high,1,678,all_post,40,0.08134995922701213,0.08649519492271619,0.07497953017365688,0.0876677112254343,0.00514523569570405,-0.006370429053355259
persistence,stable_high,1,678,early,12,0.0971855478597855,0.08798996346181913,0.08458247289668529,0.11021841314936563,-0.00919558439796638,-0.012603074963100222
persistence,stable_high,1,678,late,16,0.08294532979610536,0.09545782458919003,0.0787971168985182,0.08869534396247991,0.012512494793084675,-0.004148212897587155
persistence,stable_high,1,678,mid,12,0.06338720983544782,0.07305025349498147,0.06028647181748004,0.06374683231877554,0.009663043659533641,-0.0031007380179677705
persistence,stable_high,1,679,all_post,40,0.12884214405530536,0.3132588869082614,0.3579902136979798,0.2658700239791725,0.184416742852956,0.22914806964267442
persistence,stable_high,1,679,early,12,0.14805927918948233,0.23268662090124537,0.24772320091542768,0.21617134746785202,0.08462734171176305,0.09966392172594539
persistence,stable_high,1,679,late,16,0.11235234590464996,0.3567541385242145,0.41821521066381767,0.29031652267719293,0.24440179261956455,0.3058628647591677
persistence,stable_high,1,679,mid,12,0.1316114064553356,0.3358374840940066,0.38795723052608144,0.28297336889313235,0.20422607763867098,0.2563458240707458
persistence,stable_high,3,670,all_post,40,0.3641335960872647,0.32530820612361283,0.32869678252775064,0.6164488650094008,-0.0388253899636519,-0.03543681355951407
persistence,stable_high,3,670,early,12,0.20095345230859737,0.18613730351069657,0.1883818312960728,0.4604586293605033,-0.01481614879790083,-0.012571621012524598
persistence,stable_high,3,670,late,16,0.5637868010751375,0.43299249406158946,0.43025420409471676,0.7261399832072077,-0.13079430701354786,-0.13353259698042058
persistence,stable_high,3,670,mid,12,0.2611094665487686,0.3209000581525602,0.33360183833680707,0.6261842763945552,0.05979059160379163,0.07249237178803848
persistence,stable_high,3,671,all_post,40,0.23807670086207794,0.25543881364971177,0.25543881364972365,0.25543881439248234,0.017362112787633867,0.01736211278764577
persistence,stable_high,3,671,early,12,0.14306404055423644,0.13803962313852366,0.1380396231385245,0.1380396232502475,-0.005024417415712779,-0.005024417415711927
persistence,stable_high,3,671,late,16,0.3705492272451927,0.4194563839634594,0.4194563839634853,0.4194563854503289,0.04890715671826671,0.04890715671829257
persistence,stable_high,3,671,mid,12,0.15645932599243295,0.15414791040923634,0.1541479104092407,0.15414791079092194,-0.002311415583196621,-0.002311415583192273
persistence,stable_high,3,672,all_post,40,0.2036462690643332,0.4467407602923987,0.1617962347532396,0.17155430915920625,0.24309449122806548,-0.04185003431109361
persistence,stable_high,3,672,early,12,0.2307991400480237,0.527023767305107,0.14010982335944921,0.14721823300146397,0.2962246272570834,-0.0906893166885745
persistence,stable_high,3,672,late,16,0.18880566990422498,0.2667470650941256,0.16339456589761803,0.1944225782409762,0.07794139518990059,-0.025411104006606944
persistence,stable_high,3,672,mid,12,0.19628086362745367,0.6064493468773878,0.18135153795452533,0.16539935987458845,0.4101684832499341,-0.014929325672928309
persistence,stable_high,3,673,all_post,40,0.12906848755872327,0.11582168744870587,0.1157900009091312,0.11735087395206542,-0.013246800110017373,-0.013278486649592042
persistence,stable_high,3,673,early,12,0.10272242772479827,0.08493275612348966,0.08788868195657888,0.09107998604175617,-0.017789671601308593,-0.014833745768219365
persistence,stable_high,3,673,late,16,0.1525466731538151,0.14217647785506224,0.140805551371599,0.14162680916465675,-0.010370195298752868,-0.011741121782216105
persistence,stable_high,3,673,mid,12,0.12411029993252576,0.11157089823211362,0.11033725257839311,0.11125384824558628,-0.01253940170041216,-0.013773047354132636
persistence,stable_high,3,674,all_post,40,0.2870183027974457,0.26210859256621205,0.23766117223101607,0.21478055179088237,-0.02490971023123368,-0.04935713056642966
persistence,stable_high,3,674,early,12,0.17206318702823378,0.16606402630341005,0.16483129118578152,0.1901368894795474,-0.005999160724823721,-0.007231895842452245
persistence,stable_high,3,674,late,16,0.4383468459179139,0.34820196369135387,0.3080778750747307,0.2500314418296426,-0.09014488222656006,-0.13026897084318317
persistence,stable_high,3,674,mid,12,0.2002020277393669,0.2433619973288251,0.21660211615129785,0.19242302738387032,0.0431599695894582,0.016400088411930927
persistence,stable_high,3,675,all_post,40,0.16985709405771302,0.15847621879503787,0.16669347077932478,0.16669347151026992,-0.01138087526267515,-0.0031636232783882196
persistence,stable_high,3,675,early,12,0.1796623697306927,0.16230921614407742,0.16026829657348776,0.16026829666515194,-0.01735315358661525,-0.019394073157204896
persistence,stable_high,3,675,late,16,0.1423618384440109,0.18623426854879213,0.20877316115490374,0.20877316292761194,0.043872430104781215,0.06641132271089281
persistence,stable_high,3,675,mid,12,0.19671215920300286,0.11763248844099265,0.11701239115105659,0.11701239113226529,-0.0790796707620102,-0.07969976805194626
persistence,stable_high,3,676,all_post,40,0.22317392290719829,0.20517703031615914,0.1996491727850228,0.5119143075811773,-0.017996892591039138,-0.02352475012217543
persistence,stable_high,3,676,early,12,0.24466924038518512,0.22563398990383343,0.22812838417363093,0.5615096743523988,-0.019035250481351712,-0.016540856211554242
persistence,stable_high,3,676,late,16,0.22196893405959223,0.21663516666401045,0.20655576972366818,0.4614591144026745,-0.005333767395581759,-0.015413164335924039
persistence,stable_high,3,676,mid,12,0.20328525722601934,0.16944255559801627,0.16196116547822084,0.5295925317146262,-0.03384270162800307,-0.041324091747798476
persistence,stable_high,3,677,all_post,40,0.2266613935525244,0.20894435606066675,0.2089604708505859,0.20894435603390918,-0.01771703749185764,-0.017700922701938564
persistence,stable_high,3,677,early,12,0.13370846295332164,0.12039689233055245,0.12016376416684484,0.12039689270447794,-0.013311570622769164,-0.013544698786476793
persistence,stable_high,3,677,late,16,0.2645674252112095,0.263506008470034,0.26347732198049245,0.2635060085114796,-0.0010614167411754812,-0.0010901032307170638
persistence,stable_high,3,677,mid,12,0.2690729486068137,0.22474294991162466,0.22506804269445138,0.2247429493932466,-0.04432999869518898,-0.04400490591236233
persistence,stable_high,3,678,all_post,40,0.4106224205949787,0.3691070525780705,0.40190517073440934,0.2618189227254713,-0.04151536801690812,-0.008717249860569331
persistence,stable_high,3,678,early,12,0.5620398314498131,0.5818664688035385,0.4642631827597547,0.3642960436274727,0.019826637353725484,-0.09777664869005835
persistence,stable_high,3,678,late,16,0.28265880602093607,0.2938538249650279,0.24747454913976397,0.22562763964377358,0.011195018944091795,-0.035184256881172125
persistence,stable_high,3,678,mid,12,0.4298231625055345,0.2566852731699929,0.5454546541685912,0.20759684593240013,-0.1731378893355416,0.11563149166305674
persistence,stable_high,3,679,all_post,40,0.31961837466825244,0.6753960359918441,0.6753960359918538,0.6753960324754382,0.3557776613235917,0.35577766132360145
persistence,stable_high,3,679,early,12,0.2029201823478263,0.33798731407982546,0.3379873140798279,0.33798731415349437,0.13506713173199916,0.13506713173200158
persistence,stable_high,3,679,late,16,0.34117439869810157,0.9083238452505342,0.9083238452505522,0.9083238394453742,0.5671494465524327,0.5671494465524507
persistence,stable_high,3,679,mid,12,0.4075752016155463,0.7022343455589422,0.7022343455589485,0.7022343415041342,0.29465914394339604,0.29465914394340237
persistence,stable_high,6,670,all_post,39,0.5354799720538115,0.44522845539770256,0.4819206355929283,1.6551503560466825,-0.09025151665610878,-0.05355933646088309
persistence,stable_high,6,670,early,12,0.3222135155865438,0.23613348281605498,0.26981961892699396,1.271725858341979,-0.08608003277048891,-0.05239389665954988
persistence,stable_high,6,670,late,15,0.6671979489628218,0.4957140263158471,0.5571143236423173,1.8054992734414885,-0.17148392264697485,-0.1100836253205048
persistence,stable_high,6,670,mid,12,0.5840989573848155,0.5912164643316694,0.6000295421971265,1.8506387070078791,0.007117506946853917,0.01593058481231086
persistence,stable_high,6,671,all_post,39,0.41659250749905613,0.4520833090514438,0.4387565992204004,0.45208331050750145,0.03549080155238751,0.022164091721344113
persistence,stable_high,6,671,early,12,0.2927061858260155,0.294847532989871,0.2793340697163258,0.29484753447051687,0.0021413471638555975,-0.013372116109689636
persistence,stable_high,6,671,late,15,0.5358532180189165,0.7078342111769536,0.6893059630734906,0.7078342130284943,0.17198099315803705,0.153452745054574
persistence,stable_high,6,671,mid,12,0.39140294102227163,0.2896304574561292,0.2849924239081121,0.289630458393245,-0.10177248356614249,-0.10641051711415951
persistence,stable_high,6,672,all_post,39,0.34730650728960183,0.5651963334518242,0.6053367248598138,0.2535868635915612,0.2178898261622224,0.25803021757021194
persistence,stable_high,6,672,early,12,0.4818542174051455,0.66360174789037,0.6751382116255469,0.19364467328455737,0.18174753048522438,0.19328399422040135
persistence,stable_high,6,672,late,15,0.24954151603290134,0.28949519406794083,0.26181485740813987,0.2720381502416073,0.039953678035039485,0.012273341375238497
persistence,stable_high,6,672,mid,12,0.3349650362449337,0.811417343243133,0.9649375724086734,0.2904649455860072,0.47645230699819935,0.6299725361637396
persistence,stable_high,6,673,all_post,39,0.24003534949515976,0.43918534963936223,0.18988893192331413,0.1923520245485937,0.19915000014420253,-0.050146417571845674
persistence,stable_high,6,673,early,12,0.20411666632317185,0.18285608216615712,0.0952303723180709,0.09568597514629594,-0.02126058415701476,-0.10888629400510096
persistence,stable_high,6,673,late,15,0.2901984958726465,0.7684503225083105,0.2620866357018061,0.2647154790727897,0.47825182663566396,-0.0281118601708404
persistence,stable_high,6,673,mid,12,0.21325009969528938,0.28393340102638237,0.19430036180544238,0.19856375579564642,0.07068330133109306,-0.018949737889847006
persistence,stable_high,6,674,all_post,39,0.5073377852996153,0.5116463841993847,0.43503234314795197,0.4049470898250846,0.004308598899769442,-0.07230544215166318
persistence,stable_high,6,674,early,12,0.23930372123765206,0.2295524451846607,0.22414915630661392,0.24228408824185255,-0.009751276052991325,-0.015154564931038159
persistence,stable_high,6,674,late,15,0.7490377739783337,0.7541570271560621,0.6279027635778854,0.5510431792163449,0.005119253177728167,-0.12113501040044855
persistence,stable_high,6,674,mid,12,0.47324686351318007,0.4906020195182619,0.4048275044518735,0.3849899796692415,0.017355156005081824,-0.06841935906130649
persistence,stable_high,6,675,all_post,39,0.20615832800725506,0.33437605758019767,0.34238278953055473,0.24849261863612335,0.1282177295729427,0.13622446152329964
persistence,stable_high,6,675,early,12,0.15521912892167292,0.17410769266000647,0.1782122450655436,0.32331384077454733,0.01888856373833355,0.022993116143870642
persistence,stable_high,6,675,late,15,0.14733034806354645,0.26176456984663715,0.2719428923665995,0.24505297721829133,0.11443422178309068,0.12461254430305309
persistence,stable_high,6,675,mid,12,0.3306325020224728,0.5854087821673396,0.5946032054505097,0.17797094826998938,0.2547762801448668,0.2639707034280369
persistence,stable_high,6,676,all_post,39,0.34702202781981173,0.28212882201990414,0.2801164102233743,1.313231477058618,-0.06489320579990764,-0.06690561759643741
persistence,stable_high,6,676,early,12,0.41237769836448024,0.3223629743306789,0.3179715106827335,1.3903194094495543,-0.09001472403380135,-0.09440618768174674
persistence,stable_high,6,676,late,15,0.33081434881290467,0.29533147464261983,0.29459899021782476,1.2174465726048438,-0.03548287417028481,-0.03621535859507992
persistence,stable_high,6,676,mid,12,0.3019259560337773,0.2253913539307347,0.22415808477095225,1.3558746752348985,-0.07653460210304246,-0.07776787126282494
persistence,stable_high,6,677,all_post,39,0.3350765090723705,0.38587955136374635,0.37951039793548325,0.2913643877043196,0.05080304229137577,0.044433888863112704
persistence,stable_high,6,677,early,12,0.23990440130012416,0.34122418675955074,0.382641342807488,0.16813830292966603,0.10131978545942662,0.14273694150736385
persistence,stable_high,6,677,late,15,0.3327919888083177,0.2683174424673166,0.2899874315272128,0.31674668684997326,-0.0644745463410011,-0.04280455728110484
persistence,stable_high,6,677,mid,12,0.43310426717468303,0.5774875520884791,0.4882831610738166,0.3828625985469061,0.14438328491379604,0.05517889389913349
persistence,stable_high,6,678,all_post,39,0.7138410089251804,0.5288033720432137,0.524129666882295,0.6581563542026015,-0.18503763688196662,-0.18971134204288528
persistence,stable_high,6,678,early,12,0.667002738117318,0.5565641075434571,0.5601062853427404,1.0031741618674948,-0.1104386305738609,-0.1068964527745776
persistence,stable_high,6,678,late,15,0.4670078043516542,0.2717960935510567,0.2785655951936462,0.5192586506434816,-0.19521171080059752,-0.188442209158008
persistence,stable_high,6,678,mid,12,1.0692207854499505,0.8223017346581668,0.7951081380326611,0.4867606759866087,-0.24691905079178375,-0.27411264741728963
persistence,stable_high,6,679,all_post,39,0.7890297977807396,1.8075006833776286,1.8075006833776286,1.8075006777517173,1.0184708855968891,1.0184708855968891
persistence,stable_high,6,679,early,12,0.7610299456359616,0.8204754305235697,0.8204754305235697,0.8204754295134774,0.05944548488760809,0.05944548488760809
persistence,stable_high,6,679,late,15,0.4614927533874092,2.5280675663758094,2.5280675663758094,2.528067557408967,2.0665748129884003,2.0665748129884003
persistence,stable_high,6,679,mid,12,1.22645095541718,1.8938173324839613,1.8938173324839613,1.8938173264183948,0.6673663770667811,0.6673663770667811
persistence,stable_high,12,670,all_post,37,0.7015654906076361,0.6716191422685486,0.6855478270175046,5.082952065537906,-0.029946348339087554,-0.016017663590131404
persistence,stable_high,12,670,early,12,0.7045942539625298,0.3087507136660628,0.3207683260765685,3.8797973901403817,-0.3958435402964671,-0.3838259278859614
persistence,stable_high,12,670,late,13,0.5001638268667619,0.6636146916182875,0.6961202321335194,5.156072100932663,0.16345086475152554,0.1959564052667576
persistence,stable_high,12,670,mid,12,0.9167218629720225,1.0431590590754836,1.038873889082758,6.206893369257778,0.12643719610346113,0.12215202611073557
persistence,stable_high,12,671,all_post,37,0.5890235417867846,0.8461509799057446,2.8301344398216064,0.8461509804080748,0.2571274381189601,2.241110898034821
persistence,stable_high,12,671,early,12,0.41157091772642823,0.3994378273829399,0.77480184149931,0.39943782861461424,-0.012133090343488395,0.3632309237728819
persistence,stable_high,12,671,late,13,0.9282930348957308,1.5236016518933284,5.949778556554066,1.5236016514886868,0.5953086169975976,5.021485521658335
persistence,stable_high,12,671,mid,12,0.39893421497911596,0.558959237775334,1.505852578350404,0.558959238530872,0.16002502279621797,1.106918363371288
persistence,stable_high,12,672,all_post,37,0.5427193717951312,0.6915555506833708,0.7719274076814401,0.42210944448623255,0.14883617888823975,0.22920803588630903
persistence,stable_high,12,672,early,12,0.7406651367346543,0.753739791295745,0.858312548897406,0.3330596332217266,0.013074654561090528,0.11764741216275164
persistence,stable_high,12,672,late,13,0.34558309500206746,0.2723455151947558,0.26343868204122367,0.3762587989050489,-0.07323757980731163,-0.08214441296084384
persistence,stable_high,12,672,mid,12,0.5583379067147601,1.0835155151836628,1.2364050525757089,0.5608307884636871,0.5251776084689029,0.6780671458609486
persistence,stable_high,12,673,all_post,37,0.389127934779591,0.5242273357626984,0.3082387283178635,0.3086308028676761,0.13509940098310755,-0.08088920646172748
persistence,stable_high,12,673,early,12,0.20378963711079578,0.14569765372770582,0.1286055571924852,0.1297117611573296,-0.05809198338309001,-0.07518407991831065
persistence,stable_high,12,673,late,13,0.5805691930523259,0.9308744312192396,0.46979084906038693,0.47034368224501605,0.3503052381669136,-0.1107783439919391
persistence,stable_high,12,673,mid,12,0.36707153598625647,0.4622226643864383,0.3128571019721747,0.31236089191923794,0.09515112840018175,-0.05421443401408182
persistence,stable_high,12,674,all_post,37,0.9933741063819383,1.4450146002412487,0.8735530605369406,0.813690795462808,0.4516404938593102,-0.11982104584499785
persistence,stable_high,12,674,early,12,0.33430419646714843,0.3176003439425798,0.2908813568936466,0.31045257487519756,-0.01670385252456867,-0.04342283957350188
persistence,stable_high,12,674,late,13,1.6963571816366216,2.368885286977429,1.3795700049949642,1.2615468097038265,0.6725281053408074,-0.3167871766416572
persistence,stable_high,12,674,mid,12,0.8908790181041547,1.571568945909055,0.9080397410173754,0.8317516672893146,0.6806899278049001,0.017160722913220423
persistence,stable_high,12,675,all_post,37,0.3565004870438097,0.5714458582077715,0.5909805573702804,0.4546134266164281,0.21494537116396167,0.23448007032647056
persistence,stable_high,12,675,early,12,0.22607323016707495,0.27647518513713226,0.2876205158234085,0.8249175020710657,0.05040195497005722,0.06154728565633349
persistence,stable_high,12,675,late,13,0.20198978462107586,0.47920653171590055,0.5093086511841981,0.2633355393187702,0.2772167470948247,0.30731886656312235
persistence,stable_high,12,675,mid,12,0.6543143382118396,0.9663424683112707,0.9828184972854078,0.29152706240092,0.31202813009943103,0.32850415907356817
persistence,stable_high,12,676,all_post,37,0.7285276617600276,0.7755256655967442,0.7925427687925992,4.3172208630845335,0.046998003836716665,0.06401510703257166
persistence,stable_high,12,676,early,12,0.6856686742650173,0.9061693675662997,0.9465632034974315,4.159648252749274,0.2205006933012826,0.2608945292324142
persistence,stable_high,12,676,late,13,0.8894434773404225,1.0769463221172138,1.0884580726441668,4.067188636855758,0.1875028447767915,0.19901459530374455
persistence,stable_high,12,676,mid,12,0.5970611823762771,0.3183429190633466,0.3179474215819021,4.745661718500968,-0.27871826331293037,-0.2791137607943749
persistence,stable_high,12,677,all_post,37,0.6230729385991165,0.5080440862522447,0.5059097708537662,0.4523598013018552,-0.11502885234687171,-0.1171631677453503
persistence,stable_high,12,677,early,12,0.4756664696417012,0.5210184081688509,0.5163670210725604,0.3182921552755264,0.045351938527149784,0.04070055143085927
persistence,stable_high,12,677,late,13,0.6264443270199513,0.39320053241226716,0.3901324639669022,0.46200366574821494,-0.23324379460768424,-0.2363118630530493
persistence,stable_high,12,677,mid,12,0.7668270701006273,0.6194836143289476,0.6208779364290746,0.5759799275112942,-0.1473434557716797,-0.14594913367155268
persistence,stable_high,12,678,all_post,37,1.0433275569723575,0.7594968907071887,0.756687824692743,1.810825613132971,-0.2838306662651688,-0.2866397322796145
persistence,stable_high,12,678,early,12,0.6828787041335183,0.7016774590057979,0.7391069378395176,2.963742093328527,0.018798754872279624,0.05622823370599938
persistence,stable_high,12,678,late,13,0.611344397502197,0.3039531578048761,0.3783392844420857,1.310930647219172,-0.30739123969732096,-0.23300511306011137
persistence,stable_high,12,678,mid,12,1.8717581659038707,1.3108220330527514,1.184146296817514,1.1994620126773645,-0.5609361328511192,-0.6876118690863567
persistence,stable_high,12,679,all_post,37,1.323482304491113,0.9717241755655752,0.925193542405371,5.2995332971786295,-0.35175812892553815,-0.3982887620857421
persistence,stable_high,12,679,early,12,1.1765723232679017,0.9819259252724626,0.9999208460113577,2.619630762367895,-0.19464639799543904,-0.17665147725654418
persistence,stable_high,12,679,late,13,1.0313430141795494,0.4402065868234978,0.35774134536203295,7.30193852174104,-0.5911364273560515,-0.6736016688175165
persistence,stable_high,12,679,mid,12,1.7868765168851848,1.5373331469959375,1.4652061189296675,5.810163505380079,-0.24954336988924763,-0.3216703979555179
persistence,stable_low,1,670,all_post,40,0.2663704757546232,0.28111677267026847,0.2789222087855753,0.5831829495449604,0.014746296915645274,0.012551733030952122
persistence,stable_low,1,670,early,12,0.31342108165270655,0.4197492052523922,0.4297506436904703,0.6238829462333016,0.10632812359968569,0.11632956203776372
persistence,stable_low,1,670,late,16,0.23552756653075288,0.26071632279602125,0.2495229422763074,0.58789828111227,0.025188756265268383,0.013995375745554518
persistence,stable_low,1,670,mid,12,0.26044374882170024,0.1696849399204743,0.1672927958930376,0.5361958441002064,-0.09075880890122595,-0.09315095292866271
persistence,stable_low,1,671,all_post,40,0.2821165923767465,0.2603393427128661,0.7649776480686123,0.6375559720865052,-0.021777249663880414,0.48286105569186566
persistence,stable_low,1,671,early,12,0.11041430602791198,0.14227222523148533,0.11736526269063202,0.2713217640719487,0.031857919203573316,0.006950956662720036
persistence,stable_low,1,671,late,16,0.43174150740332046,0.35173349311160684,1.5147655589255455,0.9693970209849679,-0.08000801429171353,1.0830240515222251
persistence,stable_low,1,671,mid,12,0.25431899202348257,0.25654759299592594,0.41287281897068123,0.5613354482364444,0.002228600972443336,0.15855382694719866
persistence,stable_low,1,672,all_post,40,0.3176773738760299,0.3590506191523112,0.3097549553251,0.5228704573717171,0.041373245276281265,-0.007922418550929927
persistence,stable_low,1,672,early,12,0.3081614583541858,0.4268561966755315,0.3371509048132238,0.37686897989938545,0.11869473832134565,0.028989446459037938
persistence,stable_low,1,672,late,16,0.34112023966557126,0.3855431987491823,0.35052687281114614,0.8214208820207947,0.04442295908361102,0.009406633145574893
persistence,stable_low,1,672,mid,12,0.2959361350118188,0.255921602166596,0.2279964491889146,0.27080470197861195,-0.04001453284522283,-0.06793968582290422
persistence,stable_low,1,673,all_post,40,0.22564330323738568,0.29872794994635476,0.2164959767404898,0.4316511185267882,0.07308464670896916,-0.009147326496895869
persistence,stable_low,1,673,early,12,0.12140158979081088,0.12239093907679367,0.17679463909368331,0.4346827479007021,0.0009893492859828006,0.05539304930287244
persistence,stable_low,1,673,late,16,0.26202535214610867,0.4111857991066251,0.22526176972921533,0.42440093099109166,0.14916044696051647,-0.03676358241689333
persistence,stable_low,1,673,mid,12,0.2813756181389964,0.32512116193555557,0.2445095904023288,0.43828640586713646,0.04374554379655909,-0.03686602773666757
persistence,stable_low,1,674,all_post,40,0.2769823642834968,0.2609241087235496,0.28528195107082344,0.42943562848107597,-0.016058255559947145,0.008299586787326639
persistence,stable_low,1,674,early,12,0.16173441747209336,0.1518353180679884,0.14899393573910713,0.4553180420162007,-0.009899099404104978,-0.012740481732986203
persistence,stable_low,1,674,late,16,0.3976458220796854,0.37171767320989024,0.4212816342435126,0.4522911346317392,-0.02592814886979508,0.023635812163827236
persistence,stable_low,1,674,mid,12,0.23134570069998214,0.2222881467306567,0.24023705550562077,0.3730792067450667,-0.009057553969325406,0.00889135480563869
persistence,stable_low,1,675,all_post,40,0.2967089460379341,0.241007284577339,0.23831468736335132,0.4433092645697029,-0.055701661460595055,-0.058394258674582714
persistence,stable_low,1,675,early,12,0.2448743560450463,0.2243358679217058,0.22110749543350958,0.5292297154009895,-0.020538488123340554,-0.023766860611536763
persistence,stable_low,1,675,late,16,0.32947734874356005,0.2838717695429737,0.27707032563657696,0.5718424526009496,-0.04560557920058631,-0.05240702310698313
persistence,stable_low,1,675,mid,12,0.3048523324233203,0.2005260546121258,0.20384769492889224,0.186011229696754,-0.10432627781119448,-0.10100463749442808
persistence,stable_low,1,676,all_post,40,0.40430312213674213,0.51545734058793,0.43996263109635747,0.642466248895859,0.11115421845118793,0.03565950895961538
persistence,stable_low,1,676,early,12,0.31538839596325446,0.32891465912832246,0.2612468879583016,0.9464495095530409,0.013526263165068062,-0.05414150800495282
persistence,stable_low,1,676,late,16,0.5478043926866132,0.8513952564510523,0.7182329807971433,0.549432279984037,0.3035908637644391,0.17042858811053013
persistence,stable_low,1,676,mid,12,0.30188282091040164,0.2540828008967078,0.24765124130003227,0.4625282801211064,-0.04780002001369382,-0.0542315796103694
persistence,stable_low,1,677,all_post,40,0.36637417364343433,0.3691814180401745,0.3366038939263077,0.49611676455182874,0.0028072443967401494,-0.029770279717126657
persistence,stable_low,1,677,early,12,0.2571285815233018,0.24656273731468237,0.2163090121306376,0.3358218201015965,-0.010565844208619451,-0.0408195693926642
persistence,stable_low,1,677,late,16,0.45280826334342117,0.4451186370928988,0.4091481960901723,0.5454159298410635,-0.007689626250522406,-0.04366006725324885
persistence,stable_low,1,677,mid,12,0.3603743128302512,0.39055047336203425,0.3601730395034916,0.5906794886164147,0.030176160531783156,-0.00020127332675951246
persistence,stable_low,1,678,all_post,40,0.22254878573311024,0.19659019658185276,0.1870038068601029,0.30395191553610224,-0.025958589151257466,-0.03554497887300732
persistence,stable_low,1,678,early,12,0.2873854771459512,0.2111014431998471,0.19841899498676477,0.3077285239589372,-0.07628403394610415,-0.08896648215918647
persistence,stable_low,1,678,late,16,0.21513268120790568,0.206497337395535,0.19194756988724765,0.41342686695669334,-0.008635343812370699,-0.023185111320658067
persistence,stable_low,1,678,mid,12,0.16760023368720864,0.16886942887894882,0.1689969346972481,0.15420870521914573,0.001269195191740202,0.0013967010100395052
persistence,stable_low,1,679,all_post,40,0.4192084739078238,0.5451408869611828,0.4745967373149879,1.02332647688018,0.1259324130533589,0.055388263407164115
persistence,stable_low,1,679,early,12,0.5858518327120493,0.5675106138884841,0.5538941660479991,0.8502944599473605,-0.01834121882356524,-0.031957666664050234
persistence,stable_low,1,679,late,16,0.3485221402487694,0.3569250167627199,0.3260482234332471,1.0409171695636465,0.008402876513950615,-0.022473916815522244
persistence,stable_low,1,679,mid,12,0.34681355998233765,0.7737256536318317,0.5933639937576313,1.1729042369017104,0.42691209364949406,0.24655043377529365
persistence,stable_low,3,670,all_post,40,0.34968927743578193,0.35019976776126605,0.34999765598624766,0.8667772133664948,0.0005104903254841197,0.00030837855046571825
persistence,stable_low,3,670,early,12,0.3582134156718635,0.3718031280594259,0.37058345982775487,0.7447201053921044,0.013589712387562375,0.012370044155891373
persistence,stable_low,3,670,late,16,0.4172009920480704,0.38636939391005404,0.3870831456849624,0.9480593333960642,-0.030831598138016357,-0.030117846363108016
persistence,stable_low,3,670,mid,12,0.251149519716649,0.2803702392647222,0.2799645325464541,0.8804581613014598,0.029220719548073162,0.028815012829805045
persistence,stable_low,3,671,all_post,40,0.33904132835171313,0.6284962304130948,0.6932206719661542,0.7288425646940716,0.2894549020613816,0.354179343614441
persistence,stable_low,3,671,early,12,0.2832794290630065,0.3015558077068486,0.3054998860697476,0.5577281338038799,0.01827637864384203,0.022220457006741048
persistence,stable_low,3,671,late,16,0.437881350011449,1.0708590808840899,1.2095097695427413,0.9720441346519482,0.6329777308726409,0.7716284195312922
persistence,stable_low,3,671,mid,12,0.2630165320941053,0.3656195191580142,0.39255599442711114,0.5756882356404279,0.10260298706390891,0.1295394623330058
persistence,stable_low,3,672,all_post,40,0.28815479536354804,0.29949009478606325,0.2769340846981677,0.5003115730888037,0.011335299422515214,-0.011220710665380251
persistence,stable_low,3,672,early,12,0.27120833931984406,0.32096733648479714,0.26299507552487306,0.39245948729876856,0.04975899716495307,-0.008213263794971037
persistence,stable_low,3,672,late,16,0.32807476604894514,0.30690208001418173,0.3175074663566976,0.7205047042973143,-0.021172686034763445,-0.010567299692247557
persistence,stable_low,3,672,mid,12,0.2518746238267226,0.2681302061165048,0.2367752516600895,0.3145728172674917,0.016255582289782217,-0.01509937216663306
persistence,stable_low,3,673,all_post,40,0.2707478684541961,0.3488679547609272,0.25437091448377946,0.46015421868726775,0.07812008630673113,-0.016376953970416597
persistence,stable_low,3,673,early,12,0.24637689624402556,0.22623509878289136,0.2022770630908962,0.4066466397631272,-0.02014179746113424,-0.04409983315312938
persistence,stable_low,3,673,late,16,0.2847025271529242,0.4073041805125242,0.279583508063739,0.5121486807267375,0.1226016533596,-0.005119019089185224
persistence,stable_low,3,673,mid,12,0.2765126290660625,0.39358584307016714,0.2728479744367169,0.4443358482254485,0.11707321400410466,-0.0036646546293456262
persistence,stable_low,3,674,all_post,40,0.3279993792966619,0.669798683849127,0.3077891011388917,0.5783674764719322,0.34179930455246516,-0.020210278157770215
persistence,stable_low,3,674,early,12,0.3138471399911083,0.2849585357266898,0.28691288738154724,0.6532822238538123,-0.028888604264418482,-0.02693425260956099
persistence,stable_low,3,674,late,16,0.34025520694602257,1.0979310664142554,0.3163876367364062,0.5140439343450683,0.7576758594682328,-0.02386757020961641
persistence,stable_low,3,674,mid,12,0.3258105150697346,0.48379565521805995,0.3172006007662167,0.5892174519258706,0.1579851401483254,-0.00860991430351786
persistence,stable_low,3,675,all_post,40,0.25765009811378137,0.23239114297972757,0.23251136911600864,0.40216162012329376,-0.02525895513405376,-0.025138728997772714
persistence,stable_low,3,675,early,12,0.19769861583746104,0.18572462854400817,0.1830101521678861,0.35071693122832076,-0.011973987293452878,-0.01468846366957495
persistence,stable_low,3,675,late,16,0.3093851098098268,0.29269499287404116,0.2874911307183435,0.566580959602072,-0.01669011693578565,-0.02189397909148335
persistence,stable_low,3,675,mid,12,0.24862156479537437,0.19865252422302895,0.2087062372610181,0.23438052304656246,-0.04996904057234544,-0.0399153275343563
persistence,stable_low,3,676,all_post,40,0.36295512354703696,0.33876385999717934,0.3492984552147282,0.8969591998707583,-0.024191263549857595,-0.01365666833230877
persistence,stable_low,3,676,early,12,0.41917359344096106,0.39257801073406334,0.4073424515420599,1.2957636950810778,-0.0265955827068978,-0.011831141898901243
persistence,stable_low,3,676,late,16,0.3740219975393607,0.36514988702419676,0.38317371419547774,0.7119480512680332,-0.008872110515163931,0.009151716656117036
persistence,stable_low,3,676,mid,12,0.29198082166334777,0.24976833989093883,0.24608744691306375,0.7448362361307391,-0.04221248177240894,-0.04589337475028402
persistence,stable_low,3,677,all_post,40,0.29272937415745887,0.2911321783752099,0.28881488195757454,0.41465840055358694,-0.0015971957822489224,-0.00391449219988428
persistence,stable_low,3,677,early,12,0.20256101545578653,0.18922968775653362,0.18944009164077638,0.28030921713982077,-0.013331327699252868,-0.013120923815010128
persistence,stable_low,3,677,late,16,0.32123763991879356,0.33547433071941013,0.3332523482603744,0.46329956644313164,0.014236690800616607,0.012014708341580861
persistence,stable_low,3,677,mid,12,0.34488671184401826,0.33391179920161923,0.3289397172039729,0.48415269611462675,-0.010974912642399021,-0.01594699464004528
persistence,stable_low,3,678,all_post,40,0.29278048677025215,0.316512019171721,0.3058002155191549,0.5076037773764671,0.023731532401468868,0.013019728748902771
persistence,stable_low,3,678,early,12,0.3407685374303359,0.3243889343921478,0.3297574274218214,0.7628433750584929,-0.016379603038188115,-0.0110111100085145
persistence,stable_low,3,678,late,16,0.24045293627090053,0.23646297196978466,0.24052977057592329,0.45531945227599974,-0.003989964301115861,7.683430502281128e-05
persistence,stable_low,3,678,mid,12,0.31456250344263725,0.4153671668872094,0.36887026354079727,0.32207661316173114,0.10080466344457217,0.05430776009816
persistence,stable_low,3,679,all_post,40,0.4248787195706984,0.4133577311735948,0.4138102356529629,1.1825057880307661,-0.011520988397103613,-0.011068483917735553
persistence,stable_low,3,679,early,12,0.38814525329089294,0.38681040824806484,0.38965493019410186,0.8427830138616259,-0.0013348450428281842,0.0015096769032088356
persistence,stable_low,3,679,late,16,0.36003367764757055,0.3382182378415762,0.3291333795870502,1.3142324980288644,-0.021815439805994354,-0.03090029806052033
persistence,stable_low,3,679,mid,12,0.5480722417480076,0.540091045208483,0.550868015866374,1.3465929488691089,-0.007981196539524725,0.0027957741183664377
persistence,stable_low,6,670,all_post,39,0.40572784622299746,0.4117395894042956,0.4109341921680793,1.8019508883443949,0.006011743181298228,0.005206345945081949
persistence,stable_low,6,670,early,12,0.4661794892122894,0.47564759637677834,0.47028540058322466,1.5847655267712843,0.009468107164488971,0.0041059113709352784
persistence,stable_low,6,670,late,15,0.43752593703033166,0.4123044980203544,0.4155439298303264,1.8309717048550673,-0.025221439009977274,-0.021982007200005264
persistence,stable_low,6,670,mid,12,0.3055285897245377,0.3471254466617395,0.3458208116751253,1.9828602292791662,0.041596856937201866,0.04029222195058764
persistence,stable_low,6,671,all_post,39,0.3537638484253251,0.7797155447131163,0.9145052494204083,0.8953049751664626,0.42595169628779106,0.5607414009950832
persistence,stable_low,6,671,early,12,0.3013422931586511,0.3464783235059237,0.35673543763685495,0.6678377117088655,0.04513603034727273,0.055393144478203905
persistence,stable_low,6,671,late,15,0.4579604904995232,1.3864130493937,1.6764773659477008,1.2614253732087455,0.928452558894177,1.2185168754481779
persistence,stable_low,6,671,mid,12,0.2759396010992518,0.45458088506957894,0.5198099155448458,0.6651217410712064,0.17864128397032722,0.24387031444559404
persistence,stable_low,6,672,all_post,39,0.30351864004017376,0.31586549965002003,0.2873825333119451,0.4527727692266075,0.012346859609846283,-0.016136106728228735
persistence,stable_low,6,672,early,12,0.3076944845886415,0.34231380424981367,0.2774223503105088,0.36385094984300803,0.03461931966117212,-0.030272134278132707
persistence,stable_low,6,672,late,15,0.3295814984056767,0.3135391931482184,0.3207574068512948,0.6066807003820323,-0.016042305257458304,-0.008824091554381882
persistence,stable_low,6,672,mid,12,0.26676422253482734,0.2923250781774785,0.25562412438919396,0.34930967466592566,0.02556085564265118,-0.011140098145633324
persistence,stable_low,6,673,all_post,39,0.30237864515636087,0.4232053438874296,0.2848326638093385,0.46055654128722334,0.12082669873106877,-0.017545981347022357
persistence,stable_low,6,673,early,12,0.23469057122627668,0.2561917807780912,0.19959777717372226,0.3851677613553912,0.02150120955181452,-0.035092794052554395
persistence,stable_low,6,673,late,15,0.33513457376321537,0.4914976461166412,0.3181960376338886,0.5149986802934176,0.15636307235342603,-0.016938536129326765
persistence,stable_low,6,673,mid,12,0.32912180832787696,0.5048535292102535,0.3283633331642672,0.46789264746131237,0.17573172088237657,-0.0007584751636098239
persistence,stable_low,6,674,all_post,39,0.35613712115035673,0.7497436227629293,0.3280099613726299,0.6572606646602782,0.39360650161257266,-0.028127159777726802
persistence,stable_low,6,674,early,12,0.3106691310252286,0.2796458341827908,0.2832382034178788,0.5656053885024658,-0.031023296842437778,-0.027430927607349793
persistence,stable_low,6,674,late,15,0.3750355953378911,1.3125313678230022,0.3578582128896498,0.7784311277650819,0.937495772485111,-0.01717738244824121
persistence,stable_low,6,674,mid,12,0.377982018541067,0.5163567300179771,0.3354714049311062,0.5974528619370866,0.1383747114769101,-0.04251061360996081
persistence,stable_low,6,675,all_post,39,0.28687658358758394,0.24227793402305098,0.24396756919453905,0.4335746673709204,-0.04459864956453293,-0.04290901439304496
persistence,stable_low,6,675,early,12,0.19608139763789043,0.1939984591837882,0.18904271255717897,0.43376478607962055,-0.002082938454102259,-0.007038685080711475
persistence,stable_low,6,675,late,15,0.3235442885040842,0.29994680625931636,0.2934606058613863,0.569555575663012,-0.02359748224476783,-0.030083682642697934
persistence,stable_low,6,675,mid,12,0.3318371383916521,0.2184713185669821,0.2370261299983398,0.26340841329710574,-0.11336581982466998,-0.09481100839331225
persistence,stable_low,6,676,all_post,39,0.3902009248302319,0.37135901612688754,0.37899281462957385,1.6756690339805176,-0.01884190870334432,-0.011208110200658079
persistence,stable_low,6,676,early,12,0.47315531846690334,0.4343471932738699,0.4424906905384974,2.210024317616759,-0.03880812519303351,-0.030664627928406074
persistence,stable_low,6,676,late,15,0.40555666993083483,0.4209384396214256,0.4355578273454247,1.3571635796696269,0.015381769690590786,0.03000115741458991
persistence,stable_low,6,676,mid,12,0.2880518498178067,0.2463965596117327,0.2447886728258366,1.5394455682328916,-0.04165529020607401,-0.043263176991970076
persistence,stable_low,6,677,all_post,39,0.30031245026016673,0.2993670430782314,0.29864378675938613,0.44598079324157835,-0.0009454071819352571,-0.0016686635007806445
persistence,stable_low,6,677,early,12,0.21440149043241188,0.21001528778524683,0.21105811516086137,0.2646330398587584,-0.004386202647165081,-0.003343375271550552
persistence,stable_low,6,677,late,15,0.3193310179102567,0.32871184809957,0.32726357985340965,0.45481379405930594,0.009380830189313275,0.007932561943152894
persistence,stable_low,6,677,mid,12,0.36245020052530896,0.35203779209454283,0.35045471699038133,0.616287295602239,-0.0104124084307661,-0.011995483534927659
persistence,stable_low,6,678,all_post,39,0.3274376395571657,0.3563024494591765,0.33702501276331337,0.8198253176665581,0.028864809902010756,0.009587373206147578
persistence,stable_low,6,678,early,12,0.34527112979049357,0.3431037725295318,0.3456099795211826,1.323429078804493,-0.0021673572609617123,0.0003388497306890878
persistence,stable_low,6,678,late,15,0.23967338456846035,0.22577588682439068,0.23112878649348712,0.6617463272460419,-0.013897497744069641,-0.008544598074973228
persistence,stable_low,6,678,mid,12,0.41930946805971975,0.5326593296823036,0.46081032884272694,0.5138202945542689,0.11334986162258372,0.04150086078300707
persistence,stable_low,6,679,all_post,39,0.5080838486356569,0.4884971002185199,0.48826405569209613,2.234016609160778,-0.01958674841713701,-0.019819792943560843
persistence,stable_low,6,679,early,12,0.49049254730576813,0.48988194820636227,0.48963084467341805,1.209833734102969,-0.000610599099405819,-0.0008617026323500393
persistence,stable_low,6,679,late,15,0.4213815922191127,0.36247252820822917,0.3610870558734444,2.874846221826909,-0.0589090640108835,-0.060294536345668184
persistence,stable_low,6,679,mid,12,0.6340529704862262,0.6446429672435411,0.6458685164840887,2.4571624683859237,0.010589996757314903,0.01181554599786252
persistence,stable_low,12,670,all_post,37,0.5185840987362491,0.5841673334214296,0.5585182042191251,5.186182716288486,0.06558323468518029,0.03993410548287592
persistence,stable_low,12,670,early,12,0.7390080107977196,0.8294342726607408,0.7379773535068299,4.399222136956493,0.09042626186302116,-0.0010306572908897933
persistence,stable_low,12,670,late,13,0.4308755304771135,0.43313860224975415,0.4698302095445492,5.0968560160496645,0.00226307177264063,0.03895467906743572
persistence,stable_low,12,670,mid,12,0.3931778022888425,0.5025148529514333,0.4751377158288778,6.069913887545869,0.10933705066259074,0.08195991354003516
persistence,stable_low,12,671,all_post,37,0.4143601258669725,1.1214294047611084,1.518323067770803,1.1826119254370604,0.7070692788941362,1.1039629419038306
persistence,stable_low,12,671,early,12,0.32799445114145104,0.422331783647725,0.4758318329320854,0.6416789919648264,0.09433733250627396,0.1478373817906344
persistence,stable_low,12,671,late,13,0.5974138134768345,2.1825143791369657,3.0661731782795862,1.9586931930737301,1.5851005656601318,2.468759364802752
persistence,stable_low,12,671,mid,12,0.3024176390151434,0.6710183036339802,0.8839766828916723,0.8827901523029014,0.3686006646188367,0.5815590438765289
persistence,stable_low,12,672,all_post,37,0.396776385415837,0.31813290951537543,0.31654352546794623,0.487905163968557,-0.0786434759004615,-0.08023285994789071
persistence,stable_low,12,672,early,12,0.5545815594027148,0.319559704364915,0.3110391096584121,0.4010165433870223,-0.23502185503779993,-0.2435424497443027
persistence,stable_low,12,672,late,13,0.3383571332071918,0.3328582224814515,0.3368461300282499,0.6194636868712057,-0.005498910725740284,-0.001511003178941887
persistence,stable_low,12,672,mid,12,0.3022587346549913,0.30075369228592025,0.30005345300381797,0.4322720514055555,-0.0015050423690711075,-0.002205281651173311
persistence,stable_low,12,673,all_post,37,0.3568054476056033,0.5950714963339119,0.3544842314921339,0.4699179312530376,0.23826604872830845,-0.0023212161134694123
persistence,stable_low,12,673,early,12,0.31738538585766324,0.3748968673362365,0.23337032840803182,0.4187168487639885,0.05751148147857322,-0.08401505744963146
persistence,stable_low,12,673,late,13,0.34223305662377307,0.6588332102833068,0.3839690763494098,0.5182970193988357,0.3166001536595338,0.04173601972563669
persistence,stable_low,12,673,mid,12,0.4120122662505263,0.7461709352197424,0.4436562193141873,0.46870833491747205,0.33415866896921625,0.031643953063661016
persistence,stable_low,12,674,all_post,37,0.5126527488696557,1.0731062889742229,0.40315254348064355,0.9941705219654449,0.560453540104567,-0.10950020538901215
persistence,stable_low,12,674,early,12,0.29045980053162396,0.27218818862303595,0.2747168974237441,0.5617652572750472,-0.018271611908588035,-0.015742903107879905
persistence,stable_low,12,674,late,13,0.5150168618170106,2.1117708674746485,0.4892939319900786,1.5788166529309973,1.5967540056576373,-0.025722929826931917
persistence,stable_low,12,674,mid,12,0.732284574848053,0.7488044292832824,0.43826835198565495,0.7932091447764938,0.016519854435229374,-0.294016222862398
persistence,stable_low,12,675,all_post,37,0.2963060643250997,0.27122025045276843,0.27525667503619766,0.5456191938382429,-0.025085813872331223,-0.021049389288902043
persistence,stable_low,12,675,early,12,0.207876134199366,0.20789012014811384,0.2018155378517549,0.784308292051017,1.3985948747819813e-05,-0.006060596347611081
persistence,stable_low,12,675,late,13,0.3078116898959935,0.2886606488373573,0.2874921225957514,0.46912298504125804,-0.01915104105863624,-0.0203195673002421
persistence,stable_low,12,675,mid,12,0.3722715667490318,0.31565661584078525,0.33544274403112384,0.38980098848886885,-0.056614950908246496,-0.03682882271790794
persistence,stable_low,12,676,all_post,37,0.6041208447744975,0.5700959609062517,0.5578455016040309,4.651578227710402,-0.03402488386824569,-0.04627534317046651
persistence,stable_low,12,676,early,12,0.635865609081152,0.6367981939536097,0.6167518828016717,5.160133988370586,0.0009325848724577405,-0.019113726279480218
persistence,stable_low,12,676,late,13,0.815191376860406,0.7636340748889073,0.7465028359015153,3.937319430127,-0.051557301971498624,-0.06868854095889064
persistence,stable_low,12,676,mid,12,0.3437163373747753,0.29372743771101684,0.2945603415841153,4.916802831098899,-0.04998889966375845,-0.04915599579065999
persistence,stable_low,12,677,all_post,37,0.33831655680922035,0.35073832269636634,0.3374855363042828,0.5066221958438554,0.012421765887145974,-0.0008310205049375354
persistence,stable_low,12,677,early,12,0.2595189610823788,0.27188329130920125,0.27258920556707317,0.3399190374633767,0.012364330226822437,0.013070244484694335
persistence,stable_low,12,677,late,13,0.3751357387536756,0.4015030705793598,0.38006457856939146,0.4758928552965136,0.026367331825684164,0.004928839815715817
persistence,stable_low,12,677,mid,12,0.37722670542956854,0.3745982105436217,0.35625457125429133,0.7066154731506207,-0.0026284948859468618,-0.020972134175277195
persistence,stable_low,12,678,all_post,37,0.5056528691867462,0.4837883642902687,0.43749373765606814,1.7726324633476618,-0.02186450489647757,-0.06815913153067824
persistence,stable_low,12,678,early,12,0.4231436997509595,0.40639991077201837,0.4196839796869125,2.9277076082457003,-0.01674378897894133,-0.003459720064047017
persistence,stable_low,12,678,late,13,0.2652810642130769,0.2478712747498098,0.2553640911365489,1.332214726470313,-0.017409789463267156,-0.009916973076528019
persistence,stable_low,12,678,mid,12,0.8485648273440082,0.8167536648106831,0.652610612688036,1.094676533400085,-0.0318111625333251,-0.19595421465597215
persistence,stable_low,12,679,all_post,37,0.6859868717997016,0.6039728000832503,0.6039701206104429,5.689582221986574,-0.08201407171645116,-0.08201675118925883
persistence,stable_low,12,679,early,12,0.627513859233336,0.6539876796712282,0.6539161485027493,2.788011734431805,0.02647382043789222,0.026402289269413157
persistence,stable_low,12,679,late,13,0.5341055252725717,0.3580452000334408,0.35804931922626715,7.82297801166465,-0.17606032523913087,-0.1760562060463045
persistence,stable_low,12,679,mid,12,0.9089980097704577,0.8203794872158997,0.8204382942176599,6.279973937390094,-0.08861852255455814,-0.08855971555279796
roughness,high_to_low,1,670,all_post,40,0.26609563052752583,0.34641122458163587,0.298922620590933,0.8996629963600682,0.08031559405411004,0.03282699006340726
roughness,high_to_low,1,670,early,12,0.32488623041949344,0.31922223807085004,0.33898094786140875,0.9317205326156103,-0.005663992348643375,0.01409471744191537
roughness,high_to_low,1,670,late,16,0.24038226071507857,0.404065351800086,0.33417918232818133,0.9138410011313032,0.16368309108500745,0.09379692161310282
roughness,high_to_low,1,670,mid,12,0.24158952371882111,0.29672804146782134,0.21185554433745948,0.8487014537428793,0.05513851774900023,-0.029733979381361603
roughness,high_to_low,1,671,all_post,40,0.2722506886202835,0.25864442610559035,0.26462554172686775,0.6104072465790853,-0.01360626251469312,-0.007625146893415802
roughness,high_to_low,1,671,early,12,0.10726045500675391,0.12975761884829154,0.12739323679426903,0.264359360903704,0.02249716384153765,0.020132781787515118
roughness,high_to_low,1,671,late,16,0.40558421354151586,0.3564927817889694,0.3776448412692275,0.9072793468298144,-0.0490914317525464,-0.027939372272288335
roughness,high_to_low,1,671,mid,12,0.25946288900550335,0.25706675911838384,0.25116544726965334,0.5606256652534946,-0.002396129887119513,-0.008297441735850024
roughness,high_to_low,1,672,all_post,40,0.37254662109521647,0.33893083709755417,0.3431469877010189,0.5363618343105386,-0.03361578399766233,-0.029399633394197523
roughness,high_to_low,1,672,early,12,0.3220775882534393,0.33211698719290816,0.2915599005928751,0.3742986513546707,0.01003939893946882,-0.030517687660564206
roughness,high_to_low,1,672,late,16,0.43418721694978246,0.3680197920116118,0.4175038124270971,0.8485758201563545,-0.06616742493817067,-0.016683404522685324
roughness,high_to_low,1,672,mid,12,0.34082819279757226,0.30695941378345665,0.2955916418410585,0.28213970280531897,-0.033868779014115676,-0.045236550956513764
roughness,high_to_low,1,673,all_post,40,0.22826291005335442,0.2654310772404189,0.24074811255529688,0.4151155973598886,0.03716816718706454,0.01248520250194245
roughness,high_to_low,1,673,early,12,0.10998468177549596,0.11460865628580548,0.23244252887273317,0.41508392228297825,0.004623974510309553,0.12245784709723723
roughness,high_to_low,1,673,late,16,0.27638673841906464,0.30345221640293096,0.24827729651411343,0.4104941712933613,0.02706547798386633,-0.02810944190495121
roughness,high_to_low,1,673,mid,12,0.2823760338435993,0.36555864597834975,0.23901478429277181,0.42130917385883543,0.08318261213475048,-0.043361249550827465
roughness,high_to_low,1,674,all_post,40,0.2446004791402186,0.30358097062946215,0.2120506330366058,0.41960965377230314,0.058980491489243544,-0.032549846103612765
roughness,high_to_low,1,674,early,12,0.13318997133930766,0.24883460673024238,0.14933263299828267,0.4228003894638916,0.11564463539093477,0.016142661658975054
roughness,high_to_low,1,674,late,16,0.35078037563015174,0.3513601851355682,0.26781176604675433,0.4524346224432919,0.0005798095054164419,-0.08296860958339741
roughness,high_to_low,1,674,mid,12,0.21443779162121865,0.2946217151872071,0.20042045572806413,0.3726522931860628,0.08018392356598848,-0.014017335893154412
roughness,high_to_low,1,675,all_post,40,0.24809464898264427,0.2455656155253068,0.23714614274272994,0.483451903094141,-0.002529033457337462,-0.01094850623991434
roughness,high_to_low,1,675,early,12,0.24382043492787045,0.24365155291193438,0.23566109225335227,0.5567620849710054,-0.0001688820159360619,-0.008159342674518202
roughness,high_to_low,1,675,late,16,0.2703525607164333,0.3051355602415417,0.2894784288646286,0.6535439766241516,0.034782999525108375,0.019125868148195314
roughness,high_to_low,1,675,mid,12,0.22269164739236602,0.16805308518369935,0.16885481173624264,0.18335228984392904,-0.05463856220866665,-0.05383683565612335
roughness,high_to_low,1,676,all_post,40,0.3883668029587287,0.3731342653395391,0.3684889120603053,0.7862283272717999,-0.015232537619189685,-0.019877890898423452
roughness,high_to_low,1,676,early,12,0.33109631820681956,0.33825895662883804,0.32023010414954306,1.2018720433412522,0.00716263842201854,-0.01086621405727653
roughness,high_to_low,1,676,late,16,0.5188084296490344,0.46464044964716644,0.475458815344084,0.5940781386198051,-0.05416798000186791,-0.0433496143049504
roughness,high_to_low,1,676,mid,12,0.27171511879023047,0.2860013283067369,0.27412118225936266,0.6267848627383407,0.014286209516506393,0.0024060634691321988
roughness,high_to_low,1,677,all_post,40,0.38813233945991304,0.3853615574424739,0.360480215483459,0.49788052319892495,-0.0027707820174391745,-0.027652123976454012
roughness,high_to_low,1,677,early,12,0.2699387556515935,0.2784014326720115,0.2623412235722182,0.351688005317214,0.008462677020417997,-0.007597532079375346
roughness,high_to_low,1,677,late,16,0.4340173839136173,0.4248751369723485,0.4151245916190024,0.5138402757874174,-0.009142246941268781,-0.018892792294614977
roughness,high_to_low,1,677,mid,12,0.44514586399662687,0.4396369095064367,0.3857600392139755,0.6227933709626459,-0.005508954490190202,-0.0593858247826514
roughness,high_to_low,1,678,all_post,40,0.2112657423340599,0.19329759428228183,0.18908568682078863,0.3874808351802968,-0.017968148051778113,-0.02218005551327129
roughness,high_to_low,1,678,early,12,0.2818547705457322,0.19995616608558697,0.19494800097141,0.41054581278737073,-0.0818986044601452,-0.08690676957432215
roughness,high_to_low,1,678,late,16,0.18794239089107526,0.20943296794056915,0.20431204660238084,0.5252952248279747,0.02149057704949389,0.016369655711305574
roughness,high_to_low,1,678,mid,12,0.17177451604636718,0.1651251909345935,0.16292155962804425,0.18066333804298554,-0.006649325111773696,-0.008852956418322925
roughness,high_to_low,1,679,all_post,40,0.4427811329007774,0.3911244571676087,0.3799457091340913,1.0340981946883359,-0.05165667573316872,-0.06283542376668608
roughness,high_to_low,1,679,early,12,0.5037625946944079,0.5043902282376856,0.4893131125690882,0.892028993018347,0.0006276335432777123,-0.014449482125319676
roughness,high_to_low,1,679,late,16,0.352953680422058,0.3526761648857863,0.318245660244322,1.0199957201135628,-0.0002775155362717274,-0.03470802017773601
roughness,high_to_low,1,679,mid,12,0.5015696077454396,0.3291230758066284,0.3528450375521203,1.194970695791356,-0.17244653193881113,-0.14872457019331922
roughness,high_to_low,3,670,all_post,40,0.33661846241263293,0.3704276128833125,0.36270198957911587,2.0545019445460495,0.033809150470679575,0.026083527166482955
roughness,high_to_low,3,670,early,12,0.3560586706292881,0.41780747125646317,0.3472112001428018,1.9720945564331533,0.061748800627175054,-0.008847470486486318
roughness,high_to_low,3,670,late,16,0.37457522480337957,0.4091209453200571,0.4482267993492403,2.1195677650591596,0.03454572051667755,0.07365157454586073
roughness,high_to_low,3,670,mid,12,0.26656923767498225,0.2714566445945024,0.2641596993219308,2.050154905308132,0.004887406919520156,-0.0024095383530514727
roughness,high_to_low,3,671,all_post,40,0.32943621684483343,0.4689061900990099,0.4690041910826757,0.6896113823537628,0.1394699732541765,0.13956797423784226
roughness,high_to_low,3,671,early,12,0.2948649165733077,0.3317729518102078,0.33137314359520403,0.5626736816807065,0.036908035236900026,0.03650822702189634
roughness,high_to_low,3,671,late,16,0.4079038196034098,0.67066296185865,0.6712879002068208,0.8741691644441282,0.26275914225524016,0.26338408060341095
roughness,high_to_low,3,671,mid,12,0.25938404677159055,0.3370303993749588,0.3369236264046205,0.5704720402396652,0.07764635260336825,0.07753957963302989
roughness,high_to_low,3,672,all_post,40,0.29265599271020937,0.29287967360330647,0.2943624339253271,0.5059078335716144,0.00022368089309706963,0.00170644121511776
roughness,high_to_low,3,672,early,12,0.23340627721788454,0.24340574286817498,0.24166559928343412,0.39706535640327073,0.009999465650290439,0.008259322065549595
roughness,high_to_low,3,672,late,16,0.35028123889416396,0.34552045537152387,0.3560635883069335,0.7323024789908806,-0.004760783522640039,0.005782349412769651
roughness,high_to_low,3,672,mid,12,0.27507204662392815,0.272165895314148,0.26479106272507824,0.3128907835142698,-0.0029061513097801543,-0.010280983898849932
roughness,high_to_low,3,673,all_post,40,0.2852124020249124,0.3405971353972287,0.25132463580217096,0.45370725236500853,0.05538473337231631,-0.033887766222741485
roughness,high_to_low,3,673,early,12,0.29491344387461477,0.2930224007039822,0.2115695907958924,0.3918070083766329,-0.0018910431706325541,-0.08334385307872237
roughness,high_to_low,3,673,late,16,0.2892005607624548,0.3073473089241325,0.2701231034851567,0.5100482884195079,0.018146748161677658,-0.0190774572772981
roughness,high_to_low,3,673,mid,12,0.2701938151918201,0.43250497205460353,0.26601505723113505,0.4404861149473849,0.16231115686278338,-0.004178757960685127
roughness,high_to_low,3,674,all_post,40,0.3120348400110463,0.30362542156715616,0.2924612220226603,0.6076982150035206,-0.008409418443890093,-0.019573617988385934
roughness,high_to_low,3,674,early,12,0.31546452311061635,0.3296667939513038,0.3112305726302402,0.6448623883025181,0.014202270840687481,-0.004233950480376228
roughness,high_to_low,3,674,late,16,0.32692474353888,0.31229997982247404,0.3001914841687055,0.5436550501900389,-0.014624763716405987,-0.02673325937017447
roughness,high_to_low,3,674,mid,12,0.2887519522076979,0.2660179715092514,0.2633848552203536,0.6559249281224988,-0.02273398069844648,-0.025367096987344257
roughness,high_to_low,3,675,all_post,40,0.24614654146833842,0.23838105783459432,0.2351425035572655,0.5575029719805037,-0.007765483633744154,-0.011004037911072921
roughness,high_to_low,3,675,early,12,0.2137806444275755,0.20673510575043377,0.20465551616196667,0.4834906643922941,-0.007045538677141745,-0.009125128265608814
roughness,high_to_low,3,675,late,16,0.3050455121998116,0.31390496948226254,0.30827531541594155,0.7431172476657075,0.008859457282451022,0.003229803216130059
roughness,high_to_low,3,675,mid,12,0.1999804775338039,0.16932846105519708,0.16811907514099625,0.38402957865510823,-0.030652016478606797,-0.031861402392807665
roughness,high_to_low,3,676,all_post,40,0.32715101472268715,0.3305981309396412,0.3209772823692998,1.4984590203095132,0.003447116216953977,-0.006173732353387399
roughness,high_to_low,3,676,early,12,0.42811514477692314,0.4215259096729642,0.4077436022757727,2.03484880507975,-0.006589235103958944,-0.020371542501150412
roughness,high_to_low,3,676,late,16,0.2943689922413949,0.2991897980171355,0.29314622729482237,1.2740553506199621,0.004820805775740629,-0.0012227649465724952
roughness,high_to_low,3,676,mid,12,0.26989624797684103,0.28154812943632573,0.2713190358954634,1.2612741284586781,0.01165188145948469,0.0014227879186224114
roughness,high_to_low,3,677,all_post,40,0.3140480974084265,0.318495930734967,0.3173218557792749,0.43700674033815645,0.004447833326540559,0.0032737583708484673
roughness,high_to_low,3,677,early,12,0.25193495435871127,0.21088077966293195,0.21271000103842064,0.31029499085105,-0.04105417469577933,-0.039224953320290655
roughness,high_to_low,3,677,late,16,0.3077612130763797,0.3647788774102372,0.36120995631343245,0.46232247099825396,0.05701766433385744,0.05344874323705268
roughness,high_to_low,3,677,mid,12,0.3845437529008708,0.3644004862399753,0.36341624314125265,0.5299641822784662,-0.02014326666089539,-0.021127509759618024
roughness,high_to_low,3,678,all_post,40,0.27776659493370426,0.26556262136218184,0.2661846575595018,0.9476043504333523,-0.012203973571522442,-0.011581937374202449
roughness,high_to_low,3,678,early,12,0.33336868578195594,0.3515683883385838,0.338235474800725,1.2261252102484594,0.018199702556627863,0.004866789018769188
roughness,high_to_low,3,678,late,16,0.23636543410088057,0.2255143586270595,0.23291681740990106,0.8616244890179328,-0.010851075473821067,-0.0034486166909795286
roughness,high_to_low,3,678,mid,12,0.27736605186255087,0.2329545380326096,0.2384909605177462,0.7837233058388047,-0.044411513829941233,-0.03887509134480464
roughness,high_to_low,3,679,all_post,40,0.4060396841061843,0.4327697275322285,0.4146975921031693,1.2019192313385536,0.026730043426044146,0.008657907996985001
roughness,high_to_low,3,679,early,12,0.40563804896404965,0.39700415773684933,0.384859567718768,0.9475603683730364,-0.008633891227200258,-0.020778481245281626
roughness,high_to_low,3,679,late,16,0.3126961412254063,0.3633684136119052,0.34274327928594817,1.243420798089777,0.05067227238649892,0.030047138060541854
roughness,high_to_low,3,679,mid,12,0.5308993764226896,0.5610703825547053,0.5404747002438656,1.4009426719691067,0.030171006132015538,0.009575323821175806
roughness,high_to_low,6,670,all_post,39,0.394973914201979,0.45001186214992056,0.4373593268998766,5.677548981677707,0.055037947947941555,0.04238541269789755
roughness,high_to_low,6,670,early,12,0.4690649197204364,0.5738842115208168,0.44573720983040643,5.558994502691044,0.10481929180038047,-0.023327709890030038
roughness,high_to_low,6,670,late,15,0.3905191414413898,0.4355441805609912,0.505733667333995,5.610757122517899,0.04502503911960134,0.11521452589260518
roughness,high_to_low,6,670,mid,12,0.32645137463425816,0.34422411476518616,0.3435135184266988,5.879593284614127,0.017772740130927975,0.017062143792440587
roughness,high_to_low,6,671,all_post,39,0.3260469928664866,0.35096319540371856,0.5723402046527415,0.8048523847868441,0.024916202537232056,0.2462932117862549
roughness,high_to_low,6,671,early,12,0.2859981936813561,0.285021461316426,0.3970578335427011,0.6813867276660259,-0.0009767323649300583,0.11105963986134505
roughness,high_to_low,6,671,late,15,0.39935357737312227,0.45010338349301493,0.8353043634224998,1.0202591341524898,0.05074980611989276,0.4359507860493775
roughness,high_to_low,6,671,mid,12,0.2744625614183225,0.29297969437939075,0.4189173773005839,0.6590596052006049,0.018517132961068303,0.14445481588226144
roughness,high_to_low,6,672,all_post,39,0.3096797673125839,0.3070483473657327,0.30601175814703085,0.4664319032841959,-0.002631419946851179,-0.0036680091655531145
roughness,high_to_low,6,672,early,12,0.25643629463335355,0.2457210332284648,0.2366348732701312,0.3802168960954664,-0.010715261404888758,-0.01980142136322235
roughness,high_to_low,6,672,late,15,0.3506653096494989,0.3597251350400183,0.36627071966440994,0.6311099235136498,0.00905982539051932,0.015605410014910987
roughness,high_to_low,6,672,mid,12,0.3116913120706705,0.3025296769101438,0.3000649411272065,0.3467993851861078,-0.009161635160526727,-0.011626370943464
roughness,high_to_low,6,673,all_post,39,0.31045157974160287,0.4112344133305913,0.2742065450831787,0.47250467541513513,0.10078283358898843,-0.03624503465842419
roughness,high_to_low,6,673,early,12,0.2964585652763115,0.3541763952488564,0.21355428317140523,0.38424943976165005,0.05771782997254495,-0.08290428210490625
roughness,high_to_low,6,673,late,15,0.3009383272471227,0.34347843838285946,0.2929987203290435,0.5408643992388995,0.042540111135736886,-0.007939606918079191
roughness,high_to_low,6,673,mid,12,0.3363361598249945,0.5529874000969909,0.31136858793762107,0.4753102562889145,0.21665124027199636,-0.02496757188737338
roughness,high_to_low,6,674,all_post,39,0.3260950053029202,0.33745487566325505,0.3089524237818234,0.7513197755159278,0.011359870360334874,-0.017142581521096892
roughness,high_to_low,6,674,early,12,0.30668230480324615,0.35039395570622384,0.30394606342119995,0.5878220482889526,0.04371165090297769,-0.0027362413820461915
roughness,high_to_low,6,674,late,15,0.3786898352709278,0.3780780477704407,0.343135638318465,0.8717894513089267,-0.0006117875004871006,-0.03555419695246278
roughness,high_to_low,6,674,mid,12,0.27976416834258494,0.2737368304863045,0.2712297659716447,0.7642304080016541,-0.006027337856280478,-0.008534402370940228
roughness,high_to_low,6,675,all_post,39,0.24421639767053913,0.25030201575418476,0.24316084378104308,0.9136242795173053,0.006085618083645569,-0.0010555538894960563
roughness,high_to_low,6,675,early,12,0.2308119610559001,0.22321795355046947,0.2184869099977442,0.9201172341071507,-0.00759400750543062,-0.012325051058155926
roughness,high_to_low,6,675,late,15,0.30007774254636804,0.330168713466786,0.3179392074342348,1.0516922686453012,0.030090970920418,0.01786146488786673
roughness,high_to_low,6,675,mid,12,0.18779415319039197,0.17755270581714822,0.17436182299785233,0.7345463385174654,-0.010241447373243787,-0.013432330192539666
roughness,high_to_low,6,676,all_post,39,0.358963548748939,0.35876296761625087,0.3522128225281788,3.5410018675086894,-0.00020058113268817907,-0.006750726220760124
roughness,high_to_low,6,676,early,12,0.50409221946361,0.5053047988028235,0.4963353639170848,4.366131407818948,0.001212579339213578,-0.007756855546525168
roughness,high_to_low,6,676,late,15,0.3220961844208331,0.311443044207504,0.306685505251475,3.094113520339257,-0.01065314021332902,-0.01541067916935802
roughness,high_to_low,6,676,mid,12,0.25991908344440046,0.2713710406906115,0.2649994277351527,3.274482761160223,0.011451957246211114,0.005080344290752292
roughness,high_to_low,6,677,all_post,39,0.32766290188605274,0.33956437798568684,0.3383514157414171,0.5144402890541481,0.01190147609963407,0.010688513855364365
roughness,high_to_low,6,677,early,12,0.27752262865550387,0.26262331364417374,0.26552903409243234,0.34149609381758683,-0.014899315011330114,-0.011993594563071483
roughness,high_to_low,6,677,late,15,0.30079224692116635,0.3460198861125784,0.3428252435933894,0.47249272500471207,0.04522763919141198,0.042032996672223
roughness,high_to_low,6,677,mid,12,0.4113914938227095,0.4084360571685853,0.40558151257543634,0.7398189393525042,-0.002955436654124148,-0.005809981247273084
roughness,high_to_low,6,678,all_post,39,0.29924621226439085,0.28372313762472057,0.2803944513321905,2.320395941143142,-0.015523074639670235,-0.018851760932200368
roughness,high_to_low,6,678,early,12,0.35223272824163315,0.37519448685964923,0.3611693098315159,2.9392563876248023,0.0229617586180161,0.008936581589882761
roughness,high_to_low,6,678,late,15,0.22554682264087714,0.2218703725627035,0.22190850117879907,2.105465960934198,-0.0036764500781736433,-0.003638321462078057
roughness,high_to_low,6,678,mid,12,0.3383839333165406,0.2695677447173134,0.2727270305246043,1.9701979699226602,-0.06881618859922728,-0.06565690279193638
roughness,high_to_low,6,679,all_post,39,0.4761344800693475,0.5112083255067785,0.4943883493032085,2.303376009589896,0.035073845437430896,0.018253869233860912
roughness,high_to_low,6,679,early,12,0.486347298807923,0.49725554669967464,0.4847765963998412,1.5997965219179988,0.010908247891751622,-0.0015707024080817676
roughness,high_to_low,6,679,late,15,0.33139212945190116,0.3779568262067913,0.3653295446823498,2.6566640471440577,0.04656469675489004,0.03393741523044862
roughness,high_to_low,6,679,mid,12,0.64684959960258,0.6917254784388663,0.6653236079826491,2.565345450319091,0.044875878836286194,0.01847400838006896
roughness,high_to_low,12,670,all_post,37,0.5959706323914037,0.6442596473631752,0.615542428326662,19.080014416792153,0.04828901497177163,0.019571795935258304
roughness,high_to_low,12,670,early,12,0.8866273796034148,0.9817127499745606,0.7489440191163582,18.323145990978478,0.09508537037114596,-0.13768336048705662
roughness,high_to_low,12,670,late,13,0.42545920142987864,0.49510394546171954,0.6097283576911396,18.89832026494723,0.06964474403184086,0.184269156261261
roughness,high_to_low,12,670,mid,12,0.490034602054378,0.4683918884783667,0.4884394140587816,20.033718173771145,-0.02164271357601107,-0.0015951879955963626
roughness,high_to_low,12,671,all_post,37,0.3537205954882195,0.3776347892850433,0.8345873775023701,0.9791811464022252,0.02391419379682374,0.4808667820141507
roughness,high_to_low,12,671,early,12,0.2976697526204904,0.2981601836083778,0.5111098420180641,0.702911785020132,0.0004904309878873877,0.2134400893975736
roughness,high_to_low,12,671,late,13,0.4263226249259745,0.45038128358153895,1.294141046222845,1.3237198076041994,0.02405865865556436,0.8678184212968704
roughness,high_to_low,12,671,mid,12,0.3311192397983806,0.3783006928071717,0.660215105206162,0.8822002914821802,0.04718145300879107,0.32909586540778135
roughness,high_to_low,12,672,all_post,37,0.3615826381853962,0.37355684839901404,0.3877804189646783,0.5313331887693352,0.011974210213617689,0.02619778077928204
roughness,high_to_low,12,672,early,12,0.37634352590963727,0.303686602867051,0.2885864047181372,0.4610367490185068,-0.07265692304258624,-0.08775712119150014
roughness,high_to_low,12,672,late,13,0.3428777091942482,0.4269390727292866,0.45053882966506126,0.6858147295145673,0.08406136353503833,0.10766112047081308
roughness,high_to_low,12,672,mid,12,0.367085423534899,0.38559635090651484,0.4189861549524712,0.43427462604616207,0.01851092737161591,0.051900731417572295
roughness,high_to_low,12,673,all_post,37,0.5128430394083517,0.5782999589326815,0.3215070631341506,0.5700994971329417,0.06545691952432973,-0.19133597627420118
roughness,high_to_low,12,673,early,12,0.5805294327031124,0.5623160710166953,0.23261997185737873,0.493599423336998,-0.0182133616864171,-0.3479094608457336
roughness,high_to_low,12,673,late,13,0.38369690640085835,0.4226461794932624,0.3758260975325308,0.6128066915816791,0.03894927309240397,-0.007870808868327623
roughness,high_to_low,12,673,mid,12,0.5850649568717089,0.7629087745747052,0.35154853381267714,0.60033344360942,0.17784381770299618,-0.23351642305903178
roughness,high_to_low,12,674,all_post,37,0.3772674635238339,0.4452195524480805,0.35069324846948063,1.3353150448404822,0.06795208892424653,-0.026574215054353312
roughness,high_to_low,12,674,early,12,0.3533116616985493,0.42881405007712936,0.30247563678417716,0.7641758885662119,0.07550238837857999,-0.050836024914372134
roughness,high_to_low,12,674,late,13,0.3998012738099923,0.5420735058709746,0.39925868295349143,1.8528385380270302,0.1422722320609822,-0.0005425908565009224
roughness,high_to_low,12,674,mid,12,0.37681163753911356,0.35669993861089644,0.34629830613043905,1.3458037501626592,-0.020111698928217233,-0.030513331408674585
roughness,high_to_low,12,675,all_post,37,0.25427098883294336,0.27274023443352124,0.2632170413150147,2.205597013150298,0.018469245600577885,0.008946052482071408
roughness,high_to_low,12,675,early,12,0.2604298828432498,0.265447395001783,0.25682245321167835,2.5964664322147537,0.005017512158533251,-0.0036074296315713322
roughness,high_to_low,12,675,late,13,0.29134741164241873,0.31934716933037827,0.306390342665377,1.9704684899707807,0.02799975768795943,0.01504293102295828
roughness,high_to_low,12,675,mid,12,0.207945970112372,0.22954222772699792,0.2228405529554587,2.069450160863653,0.021596257614625854,0.014894582843086706
roughness,high_to_low,12,676,all_post,37,0.48995561487828576,0.46653836650323166,0.45918251963938467,11.1727785458037,-0.023417248375054257,-0.030773095238901295
roughness,high_to_low,12,676,early,12,0.6971489710895745,0.7001071511840685,0.6902878461151621,12.224974678052268,0.0029581800944938736,-0.006861124974412508
roughness,high_to_low,12,676,late,13,0.44826701054085744,0.3786260637781842,0.3741897393272953,10.150539843707366,-0.06964094676267321,-0.07407727121356199
roughness,high_to_low,12,676,mid,12,0.32792491336587787,0.32820790977452935,0.3201527051683702,11.228007674159498,0.00028299640865146286,-0.007772208197507668
roughness,high_to_low,12,677,all_post,37,0.4049717466689023,0.44464419929202154,0.42074342178397495,0.7366268625527761,0.03967245262311925,0.01577167511507267
roughness,high_to_low,12,677,early,12,0.4375395552543402,0.3936420301735317,0.39895155044145003,0.5525869265213091,-0.043897525080808485,-0.03858800481289015
roughness,high_to_low,12,677,late,13,0.3365081886172782,0.4474757757886224,0.4171394192665483,0.5895006172952244,0.11096758717134417,0.08063123064927002
roughness,high_to_low,12,677,mid,12,0.4465727926393905,0.4925788272058605,0.4464396291870454,1.0800535642799243,0.04600603456647002,-0.0001331634523449992
roughness,high_to_low,12,678,all_post,37,0.36650710410415505,0.31871321608515596,0.36008263577129307,7.205919029760643,-0.04779388801899902,-0.006424468332862014
roughness,high_to_low,12,678,early,12,0.44003552574375987,0.4247231071272531,0.4278357390285033,8.708736188425652,-0.015312418616506637,-0.012199786715256603
roughness,high_to_low,12,678,late,13,0.22188227600774757,0.2271795411585022,0.31024269198060644,6.520982442246837,0.005297265150754609,0.08836041597285879
roughness,high_to_low,12,678,mid,12,0.44965557956899166,0.3118648062136006,0.3463228049539935,6.4451165075689225,-0.13779077335539117,-0.10333277461499829
roughness,high_to_low,12,679,all_post,37,0.5964392789426343,0.61637850158049,0.6237636027398163,5.990570736759121,0.019939222637855587,0.027324323797181974
roughness,high_to_low,12,679,early,12,0.5943286232850268,0.6777010017365527,0.6847917705645288,4.2244464584872645,0.08337237845152591,0.09046314727950211
roughness,high_to_low,12,679,late,13,0.4132820754147764,0.36409586067632377,0.3676444256784874,7.18018577857324,-0.0491862147384527,-0.04563764973628908
roughness,high_to_low,12,679,mid,12,0.7969702384220881,0.8283621957372741,0.8401978767315437,6.467945386399019,0.03139195731518595,0.043227638309455495
roughness,low_to_high,1,670,all_post,40,0.27206902609428585,0.3016183587146994,0.32208619913882497,0.4891293398074021,0.029549332620413555,0.05001717304453905
roughness,low_to_high,1,670,early,12,0.3228131834031766,0.5403114823314258,0.570104652782779,0.5395440096499399,0.21749829892824932,0.24729146937960242
roughness,low_to_high,1,670,late,16,0.23032497090721651,0.20091744674422876,0.18651730143441173,0.4852552288440108,-0.029407524162987773,-0.04380766947280482
roughness,low_to_high,1,670,mid,12,0.276983609034821,0.19719311772526726,0.2548262757674219,0.4438801512493861,-0.07979049130955378,-0.02215733326739912
roughness,low_to_high,1,671,all_post,40,0.33474250728836397,1.3474202978007157,2.3933434892378314,0.7167744974234436,1.0126777905123514,2.0586009819494673
roughness,low_to_high,1,671,early,12,0.17899695000333016,0.147990947811906,0.16030749943277203,0.2799111729500819,-0.03100600219142412,-0.018689450570558097
roughness,low_to_high,1,671,late,16,0.5136026144869128,2.878126499473602,5.24663053108574,1.1496186977985017,2.364523884986689,4.733027916598828
roughness,low_to_high,1,671,mid,12,0.25200792164199926,0.5059080455590098,0.8219967565790114,0.576512221396728,0.2539001239170106,0.5699888349370122
roughness,low_to_high,1,672,all_post,40,0.4275745564090762,0.43977266572965956,0.561451050872144,0.5071635393437975,0.012198109320583267,0.13387649446306776
roughness,low_to_high,1,672,early,12,0.4652233503895422,0.6023882644839232,0.5737246621176006,0.3884092607653859,0.1371649140943811,0.10850131172805844
roughness,low_to_high,1,672,late,16,0.44490666650948446,0.42032517942914266,0.4688766007591311,0.7825611494092775,-0.024581487080341812,0.023969934249646645
roughness,low_to_high,1,672,mid,12,0.3668162822947325,0.3030870487094181,0.672610039777371,0.25872100450156915,-0.06372923358531445,0.30579375748263854
roughness,low_to_high,1,673,all_post,40,0.2855373597152095,0.5625080429630889,0.43883597698201077,0.45498446370352247,0.27697068324787943,0.1532986172668013
roughness,low_to_high,1,673,early,12,0.11377455342624644,0.09859075422110741,0.10315927759786477,0.4545681805679413,-0.015183799205139051,-0.010615275828381692
roughness,low_to_high,1,673,late,16,0.26522649364632384,0.4546904626761066,0.3472423992081123,0.44831581179458174,0.18946396902978271,0.08201590556178841
roughness,low_to_high,1,673,mid,12,0.48438132076268675,1.1701821054210468,0.8966374467313547,0.4642922827176912,0.68580078465836,0.4122561259686682
roughness,low_to_high,1,674,all_post,40,0.3528411617065716,4.993850518626632,1.117129449594342,0.4587151560617445,4.641009356920061,0.7642882878877704
roughness,low_to_high,1,674,early,12,0.3643421391848343,0.7341011273533264,0.32335671897298096,0.4962710864747069,0.3697589881684921,-0.040985420211853356
roughness,low_to_high,1,674,late,16,0.4196866465350767,11.491803313225587,2.1064827159165223,0.4977303069983111,11.072116666690508,1.6867960693814454
roughness,low_to_high,1,674,mid,12,0.25221287112363516,0.5896628504346685,0.5917644917861292,0.36913902440002677,0.33744997931103327,0.33955162066249417
roughness,low_to_high,1,675,all_post,40,0.321171120241147,0.2779130886623064,0.27112090781452325,0.43702559666631435,-0.043258031578840596,-0.050050212426623754
roughness,low_to_high,1,675,early,12,0.2121437839896376,0.27482987757938876,0.21938439515908395,0.5226743549534247,0.0626860935897512,0.007240611169446384
roughness,low_to_high,1,675,late,16,0.3617684899424923,0.32184873396230185,0.2858728375070525,0.539292290346495,-0.0399197559801904,-0.07589565243543978
roughness,low_to_high,1,675,mid,12,0.37606863022419607,0.2224154393452301,0.30318818087992355,0.21502124680562998,-0.15365319087896598,-0.07288044934427253
roughness,low_to_high,1,676,all_post,40,0.41511942166817645,0.837016888609962,0.9185489440689594,0.6224622876808569,0.42189746694178554,0.503429522400783
roughness,low_to_high,1,676,early,12,0.27941093751812013,0.2979896241408497,0.5058369458481851,0.8710436842587995,0.018578686622729556,0.2264260083300649
roughness,low_to_high,1,676,late,16,0.6238658439354374,1.6962463487944555,1.6213212969364856,0.5749429074174667,1.0723805048590183,0.997455453001048
roughness,low_to_high,1,676,mid,12,0.2724993427952181,0.2304048728330826,0.3942311384663653,0.43724006478743466,-0.042094469962135395,0.12173179567114732
roughness,low_to_high,1,677,all_post,40,0.35987531896598546,0.360181934094675,0.3402339484144753,0.49205424002069,0.0003066151286895857,-0.019641370551510128
roughness,low_to_high,1,677,early,12,0.24007453321875372,0.22902097671797472,0.19801024563233535,0.32049865815240364,-0.011053556500779016,-0.04206428758641836
roughness,low_to_high,1,677,late,16,0.48065515668696895,0.45100380077347574,0.43126814476409625,0.5573182547335235,-0.029651355913493188,-0.04938701192287265
roughness,low_to_high,1,677,mid,12,0.3186363210852392,0.37024706923297446,0.361078722730454,0.5765911356051984,0.05161074814773523,0.04244240164521481
roughness,low_to_high,1,678,all_post,40,0.23668449706972497,0.2027845627082085,0.452733295477978,0.30091748247380656,-0.03389993436151648,0.216048798408253
roughness,low_to_high,1,678,early,12,0.30287724281360867,0.23001166265055348,0.27086296085170253,0.2863051988324227,-0.07286558016305522,-0.032014281961906185
roughness,low_to_high,1,678,late,16,0.18704330780862596,0.2017704291559555,0.3004349253095918,0.3902541551540645,0.014727121347329553,0.11339161750096581
roughness,low_to_high,1,678,mid,12,0.2366800036739732,0.17690964083553415,0.8376681236621017,0.1964142025415132,-0.059770362838439096,0.6009881199881284
roughness,low_to_high,1,679,all_post,40,0.48620876932504586,2.3846597093400956,2.069387775592923,1.1747969404471412,1.89845094001505,1.5831790062678777
roughness,low_to_high,1,679,early,12,0.8637085501237481,1.2545665238184052,1.1906514015390712,0.8711684641298879,0.39085797369465686,0.32694285141532275
roughness,low_to_high,1,679,late,16,0.3445666857513563,1.744416393777343,1.4466536913828116,1.2819893076108078,1.3998497080259868,1.1020870056314553
roughness,low_to_high,1,679,mid,12,0.2975650999579294,4.368410648945456,3.778436261926925,1.3355022605461722,4.070845548987527,3.4808711619689956
roughness,low_to_high,3,670,all_post,40,0.3763878739333659,0.4792376516715334,0.34643006788190345,0.565223379345619,0.10284977773816747,-0.02995780605146244
roughness,low_to_high,3,670,early,12,0.3725626182629567,0.45662298073719315,0.3299806139110962,0.4356544587550269,0.08406036247423641,-0.042582004351860527
roughness,low_to_high,3,670,late,16,0.4660831009125715,0.48375168235184646,0.42020085385639205,0.6513587045347723,0.017668581439274925,-0.04588224705617947
roughness,low_to_high,3,670,mid,12,0.2606194936315009,0.4958336150321228,0.2645184738867259,0.5799451996840065,0.23521412140062195,0.0038989802552250436
roughness,low_to_high,3,671,all_post,40,0.39667858954864255,0.6821034329462612,1.2239650031574034,0.876493381507359,0.2854248433976186,0.8272864136087609
roughness,low_to_high,3,671,early,12,0.2984534990123407,0.29353021192875367,0.2909164717162746,0.5634639634342536,-0.004923287083586956,-0.007537027296066061
roughness,low_to_high,3,671,late,16,0.49279837673816945,1.1987026561341079,2.4121926441795742,1.3077430218516544,0.7059042793959383,1.9193942674414046
roughness,low_to_high,3,671,mid,12,0.366743963832242,0.38187768971330666,0.5727100132356382,0.6145232791214043,0.015133725881064672,0.20596604940339622
roughness,low_to_high,3,672,all_post,40,0.3932436508059828,0.42229573121958275,0.5362817015963423,0.5107841525688368,0.029052080413599878,0.14303805079035947
roughness,low_to_high,3,672,early,12,0.37624111396465804,0.5686382876905758,0.5555901745003041,0.4089039900128499,0.19239717372591778,0.17934906053564603
roughness,low_to_high,3,672,late,16,0.4115670493713229,0.3184269004066694,0.31558349874089875,0.7162821031074674,-0.09314014896465347,-0.09598355063042414
roughness,low_to_high,3,672,mid,12,0.3858149895601875,0.4144449491658074,0.811237499166305,0.33866704773998296,0.028629959605619777,0.42542250960611777
roughness,low_to_high,3,673,all_post,40,0.3002019514689672,0.5488486053886052,0.3039376849163612,0.49150182514726665,0.248646653919638,0.0037357334473939853
roughness,low_to_high,3,673,early,12,0.24472802702938357,0.24850045530211143,0.2102222065147077,0.43779588448112433,0.0037724282727278438,-0.034505820514675864
roughness,low_to_high,3,673,late,16,0.313977745418905,0.7440376164550055,0.29421006625845214,0.5378990294235049,0.4300598710361006,-0.01976767916045279
roughness,low_to_high,3,673,mid,12,0.33730815064196706,0.5889447407198986,0.41062332152855996,0.48334482677842483,0.2516365900779314,0.07331517088659287
roughness,low_to_high,3,674,all_post,40,0.3666959630520193,3.413055260262952,1.3058125954262716,0.6263759114514615,3.0463592972109326,0.9391166323742522
roughness,low_to_high,3,674,early,12,0.40984763897938453,0.6669990165686626,0.4482746656785573,0.6996871034800415,0.257151377589278,0.0384270266991728
roughness,low_to_high,3,674,late,16,0.38856646210321866,7.671016694082792,2.6331199945656607,0.6155229172152491,7.282450231979572,2.2445535324624415
roughness,low_to_high,3,674,mid,12,0.2943836217230548,0.4818295921974545,0.393607326321467,0.567535378404498,0.18744597047439984,0.09922370459841227
roughness,low_to_high,3,675,all_post,40,0.27389686931794555,0.3944648652790824,0.49421513995259525,0.3988420120551145,0.1205679959611369,0.22031827063464968
roughness,low_to_high,3,675,early,12,0.18014403534822152,0.16737377980260523,0.16809209923557225,0.32637506190136606,-0.012770255545616291,-0.012051936112649273
roughness,low_to_high,3,675,late,16,0.3327513844437618,0.4233646100340012,0.5739597941801905,0.5756318220607428,0.09061322559023946,0.24120840973642863
roughness,low_to_high,3,675,mid,12,0.28917701645324795,0.5830229577490011,0.7140119750328245,0.2355892155346917,0.2938459412957533,0.4248349585795766
roughness,low_to_high,3,676,all_post,40,0.40926518567143544,0.7362793689876341,0.8626485611587391,0.7926156966291359,0.32701418331619864,0.45338337548730345
roughness,low_to_high,3,676,early,12,0.41840845012651945,0.5957390532032347,0.7033123642819757,1.1162742580657892,0.1773306030767153,0.2849039141554563
roughness,low_to_high,3,676,late,16,0.510255626034894,1.185819389998469,1.385230512870735,0.640251755451509,0.675563763963575,0.8749748868358409
roughness,low_to_high,3,676,mid,12,0.26546800073174004,0.27743299009092043,0.3252088224195075,0.6721090567626521,0.011964989359180353,0.059740821687767454
roughness,low_to_high,3,677,all_post,40,0.3189857884231121,0.2965229585335568,0.3180251532640037,0.41082650086398437,-0.022462829889555325,-0.0009606351591083612
roughness,low_to_high,3,677,early,12,0.16916262224847067,0.17069503128004523,0.18906580619314003,0.2670991424518006,0.001532409031574547,0.019903183944669337
roughness,low_to_high,3,677,late,16,0.41575124822439,0.3729704800730128,0.39446331936086804,0.47134718627472355,-0.04278076815137721,-0.021287928863521995
roughness,low_to_high,3,677,mid,12,0.339788341529383,0.32042085706779366,0.3450669455390485,0.47385961206184923,-0.01936748446158934,0.005278604009665451
roughness,low_to_high,3,678,all_post,40,0.3616394475710416,0.7794369483192268,0.727538818579857,0.4346156295068388,0.41779750074818534,0.36589937100881537
roughness,low_to_high,3,678,early,12,0.3954320768913196,0.3710266953239821,0.3704381900568073,0.6453091653475893,-0.024405381567337566,-0.02499388683451236
roughness,low_to_high,3,678,late,16,0.2632992708504145,0.5151515363999604,0.4709952490010043,0.40087873155984244,0.25185226554954593,0.20769597815058988
roughness,low_to_high,3,678,mid,12,0.4589670538782665,1.5402277505401603,1.4266975398747102,0.26890462426208356,1.081260696661894,0.9677304859964436
roughness,low_to_high,3,679,all_post,40,0.4984382889240284,0.8304165320073,0.7812471184839593,1.6650436582096735,0.3319782430832716,0.2828088295599308
roughness,low_to_high,3,679,early,12,0.45873013890349545,0.6905410497159568,0.6663140888972653,0.8784595932897875,0.23181091081246133,0.20758394999376986
roughness,low_to_high,3,679,late,16,0.4526618316425682,0.4900243993751294,0.4657966364748636,2.1493300197820173,0.037362567732561275,0.013134804832295413
roughness,low_to_high,3,679,mid,12,0.599181715319842,1.4241481911415377,1.3167807907494475,1.8059125743664348,0.8249664758216956,0.7175990754296057
roughness,low_to_high,6,670,all_post,39,0.4386210246917493,0.5790136211257484,0.40364295538455214,0.81333170623058,0.14039259643399915,-0.03497806930719712
roughness,low_to_high,6,670,early,12,0.4599270483633467,0.5785801213036358,0.4249552147210503,0.5747585797274682,0.11865307294028905,-0.0349718336422964
roughness,low_to_high,6,670,late,15,0.5093799250907762,0.5796381980882875,0.453274747282369,0.8780924441945025,0.07025827299751126,-0.05610517780840714
roughness,low_to_high,6,670,mid,12,0.32886637552136816,0.5786663997446871,0.3202909561757828,0.9709539102787882,0.24980002422331893,-0.008575419345585339
roughness,low_to_high,6,671,all_post,39,0.46867371924541984,0.9489195465578265,1.5131431890758198,1.2736424194841405,0.48024582731240667,1.0444694698303998
roughness,low_to_high,6,671,early,12,0.35144155239472835,0.34047851568558585,0.32253245293083527,0.6895251069354579,-0.010963036709142568,-0.028909099463893154
roughness,low_to_high,6,671,late,15,0.5954161630894396,1.8165895960612235,3.10193479098747,2.1547186260122633,1.2211734329717838,2.5065186278980307
roughness,low_to_high,6,671,mid,12,0.42747783129108674,0.472773015550821,0.7177644228312411,0.7564144738726695,0.045295184259734354,0.2902865915401543
roughness,low_to_high,6,672,all_post,39,0.44469695673159193,0.955414117408502,0.6079318834643934,0.4897793519216261,0.5107171606769098,0.16323492673280143
roughness,low_to_high,6,672,early,12,0.5122697241019578,0.6287115196113991,0.6490582001713843,0.40596103296203606,0.1164417955094413,0.13678847606942648
roughness,low_to_high,6,672,late,15,0.4153283427959543,0.9021355647794226,0.32626957251022415,0.611329576837323,0.4868072219834684,-0.0890587702857301
roughness,low_to_high,6,672,mid,12,0.41383495678077314,1.3487149059919539,0.9188834554501142,0.4216598897365949,0.9348799492111802,0.5050484986693408
roughness,low_to_high,6,673,all_post,39,0.40822832872151377,0.7227886560853783,0.3646933953678269,0.5283856649150551,0.3145603273638647,-0.04353493335368677
roughness,low_to_high,6,673,early,12,0.27435280738904677,0.2945129881369834,0.2174461230956086,0.4402471265967858,0.020160180747936577,-0.05690668429343823
roughness,low_to_high,6,673,late,15,0.39800861478395383,0.9872946652941901,0.32769268715507915,0.5621562583474915,0.5892860505102363,-0.07031592762887477
roughness,low_to_high,6,673,mid,12,0.5548784924759304,0.8204318125227585,0.5581915529059801,0.5743109614427785,0.2655533200468281,0.003313060430049697
roughness,low_to_high,6,674,all_post,39,0.44685628517197185,3.118744315578546,1.4380517090784166,0.7998925944781489,2.6718880304065737,0.9911954239064449
roughness,low_to_high,6,674,early,12,0.5229582075900547,0.6474549238195685,0.46113727296454243,0.6714618750905165,0.1244967162295138,-0.06182093462551234
roughness,low_to_high,6,674,late,15,0.5099539191801556,7.1662768743920715,3.030801137917923,1.091347274134534,6.656322955211916,2.520847218737767
roughness,low_to_high,6,674,mid,12,0.29188232024365895,0.5306180088206149,0.4240293591429077,0.5640049642952998,0.23873568857695604,0.13214703889924875
roughness,low_to_high,6,675,all_post,39,0.3491620134362575,0.4554489284315858,0.6962101330064895,0.4436127225107597,0.10628691499532834,0.3470481195702319
roughness,low_to_high,6,675,early,12,0.17660142568228998,0.17593705817094538,0.18004459975910067,0.3369756069618062,-0.0006643675113446381,0.003443174076810676
roughness,low_to_high,6,675,late,15,0.3552854992457616,0.4849678271882504,0.884895324301968,0.6702861503265399,0.12968232794248882,0.5296098250562065
roughness,low_to_high,6,675,mid,12,0.5140682439283449,0.6980621752463957,0.9765191771345298,0.26690805328998807,0.18399393131805067,0.46245093320618486
roughness,low_to_high,6,676,all_post,39,0.4855030315655944,0.8895792722349509,0.9742892603928832,1.3731033904535432,0.40407624066935643,0.48878622882728895
roughness,low_to_high,6,676,early,12,0.5012481088851706,0.6793725733893462,0.7546563711236626,1.7061963356712113,0.17812446450417582,0.25340826223849205
roughness,low_to_high,6,676,late,15,0.6508550563080182,1.5454323528770912,1.6834490838772027,1.162976047377431,0.8945772965690728,1.0325940275691843
roughness,low_to_high,6,676,mid,12,0.2630679233179885,0.27996962027787997,0.30747237030670477,1.3026696240810158,0.016901696959891577,0.04440444698871637
roughness,low_to_high,6,677,all_post,39,0.34098149218653045,0.3071644646764881,0.3356802123868807,0.43533480913329753,-0.03381702751004236,-0.005301279799649699
roughness,low_to_high,6,677,early,12,0.17842769026919347,0.1694232347894018,0.19311010244760127,0.24774619227539926,-0.009004455479791696,0.014682412178407744
roughness,low_to_high,6,677,late,15,0.4657529869662888,0.3950359590491469,0.4253267996866349,0.46461236383104243,-0.0707170279171419,-0.04042618727965399
roughness,low_to_high,6,677,mid,12,0.3475709256291693,0.33506632659775076,0.36619208820146754,0.5863264826190148,-0.012504599031418583,0.018621162572298223
roughness,low_to_high,6,678,all_post,39,0.4757712529004844,1.0897066662695083,0.9040344844933742,0.5441602857421787,0.6139354133690242,0.4282632315928899
roughness,low_to_high,6,678,early,12,0.42939816227916544,0.39667568107223455,0.3956076257543964,0.8828353326155988,-0.03272248120693092,-0.03379053652476893
roughness,low_to_high,6,678,late,15,0.3004106015731089,0.6436076352079155,0.49031391611564623,0.4015331921882346,0.3431970336348066,0.18990331454253723
roughness,low_to_high,6,678,mid,12,0.7413451576810225,2.3403614402937736,1.9296120537045127,0.3837691058111889,1.599016282612751,1.1882668960234901
roughness,low_to_high,6,679,all_post,39,0.7245255764143413,1.3692991081795074,1.1607116220329157,3.76849791334448,0.6447735317651659,0.43618604561857427
roughness,low_to_high,6,679,early,12,0.8278473702577349,1.0887449691866669,0.9990874763876748,1.3532863327950764,0.2608975989289317,0.17124010612994003
roughness,low_to_high,6,679,late,15,0.5544868032745919,0.7498934607287536,0.6216744783040108,5.5580947546616075,0.1954066574541619,0.06718767502941883
roughness,low_to_high,6,679,mid,12,0.8337522489956347,2.42411030648579,1.9961321973392876,3.946713442247471,1.590358057490155,1.162379948343653
roughness,low_to_high,12,670,all_post,37,0.6493125278185875,0.8253455204833086,0.5692250421256184,1.6226708512387857,0.17603299266472117,-0.08008748569296922
roughness,low_to_high,12,670,early,12,0.897560093095462,0.9490852553858776,0.5836509087560242,0.9120303401173423,0.05152516229041546,-0.313909184339438
roughness,low_to_high,12,670,late,13,0.599865615914698,0.720727051888512,0.5599301928255167,1.5210608930668053,0.12086143597381419,-0.039935423089181105
roughness,low_to_high,12,670,mid,12,0.4546324504375934,0.8149424598917695,0.5648685955703224,2.4433888170465403,0.3603100094541761,0.11023614513272917
roughness,low_to_high,12,671,all_post,37,0.7122120143674341,0.9676638411625683,2.1125943163199494,2.2011182653086694,0.25545182679513434,1.4003823019525155
roughness,low_to_high,12,671,early,12,0.45608099510511985,0.47869094631277126,0.3739499031097155,0.6955876241200482,0.022609951207651403,-0.08213109199540444
roughness,low_to_high,12,671,late,13,0.9506642600653544,1.9123283482260074,4.71075481922951,4.569057464203538,0.9616640881606531,3.7600905591641554
roughness,low_to_high,12,671,mid,12,0.7100197674570016,0.43325018669364024,1.0365648513781602,1.1413814410278504,-0.2767695807633613,0.3265450839211586
roughness,low_to_high,12,672,all_post,37,0.6863579358163892,1.2810250147267483,0.6889817837661517,0.6294988426716546,0.5946670789103593,0.0026238479497624335
roughness,low_to_high,12,672,early,12,0.8656166521441832,0.7714302690019256,0.849906502977379,0.5245249447800081,-0.09418638314225747,-0.015710149166803994
roughness,low_to_high,12,672,late,13,0.44563092656382364,1.2075165690453666,0.33152558704939966,0.6874558235377266,0.761885642481543,-0.11410533951442388
roughness,low_to_high,12,672,mid,12,0.7678868128455414,1.870253909939735,0.9153012776647386,0.6716860112917229,1.102367097094194,0.14741446481919737
roughness,low_to_high,12,673,all_post,37,0.6530126786969295,0.8211210398276885,0.48828030955704016,0.6530520603746547,0.16810836113075908,-0.16473236913988928
roughness,low_to_high,12,673,early,12,0.42525481171191276,0.4142987210277059,0.29258847999900384,0.5687944239071038,-0.010956090684206804,-0.13266633171290892
roughness,low_to_high,12,673,late,13,0.6091346034995039,0.8951816107193722,0.42360128950381415,0.6841473576420559,0.28604700721986825,-0.18553331399568967
roughness,low_to_high,12,673,mid,12,0.9283051271458237,1.1477110734950138,0.7540410775060712,0.7036231248025212,0.21940594634919006,-0.17426404963975264
roughness,low_to_high,12,674,all_post,37,0.7912435563635025,3.42774583120748,2.145092781532608,1.437625850178737,2.6365022748439784,1.3538492251691059
roughness,low_to_high,12,674,early,12,0.7857136313092279,0.7038754285457629,0.5510467326587787,0.799453221073454,-0.08183820276346503,-0.23466689865044932
roughness,low_to_high,12,674,late,13,1.0645239178982036,8.43959391940411,5.035563655522468,2.689681981454954,7.375070001505908,3.971039737624266
roughness,low_to_high,12,674,mid,12,0.5007197564218505,0.7221141383228478,0.6077953835840885,0.7194043370681181,0.22139438190099703,0.10707562716223795
roughness,low_to_high,12,675,all_post,37,0.5923339110303564,0.8634289725994229,1.1365302470417846,0.616920755194786,0.2710950615690664,0.5441963360114281
roughness,low_to_high,12,675,early,12,0.18488250082552934,0.18817732590087025,0.19930167991401704,0.39806012357964543,0.003294825075340905,0.014419179088487706
roughness,low_to_high,12,675,late,13,0.37379355808331904,1.0388743267727543,1.5626895265919978,1.0125552006367096,0.6650807686894354,1.1888959685086786
roughness,low_to_high,12,675,mid,12,1.2365373702611404,1.3486148189435327,1.6120862613234876,0.4071774042478429,0.11207744868239204,0.375548891062347
roughness,low_to_high,12,676,all_post,37,1.2718348614430024,1.4830557415193837,1.5223898849593451,3.62823114415578,0.21122088007638107,0.2505550235163427
roughness,low_to_high,12,676,early,12,0.8469027656762863,1.1148072412204186,1.166820899275855,3.607092658302461,0.2679044755441325,0.3199181335995687
roughness,low_to_high,12,676,late,13,2.5459335418211233,2.7822534516471,2.8252495090892813,3.156535168599972,0.23631990982597675,0.2793159672681579
roughness,low_to_high,12,676,mid,12,0.3164933868000878,0.4438400558466556,0.46652761116873803,4.1603736035278915,0.12734666904656775,0.15003422436865013
roughness,low_to_high,12,677,all_post,37,0.40058927016100426,0.33709140202416804,0.35644209971708696,0.47544186582648806,-0.06349786813683624,-0.04414717044391733
roughness,low_to_high,12,677,early,12,0.1787686144731601,0.17884856629625215,0.19192507016621974,0.30825219322522707,7.995182309204184e-05,0.013156455693059626
roughness,low_to_high,12,677,late,13,0.6520880373540846,0.4725902958917642,0.49817177024427284,0.5039799006428743,-0.17949774146232042,-0.1539162671098118
roughness,low_to_high,12,677,mid,12,0.34995292805634476,0.3485437693955215,0.36741865286350284,0.6117153340433309,-0.001409158660823318,0.017465724807158054
roughness,low_to_high,12,678,all_post,37,1.0248618198757051,1.509054230766658,1.5341142940935653,0.7511273384464701,0.48419241089095255,0.5092524742178599
roughness,low_to_high,12,678,early,12,0.4889799223609123,0.4812753423895924,0.5156919320121198,1.3792810405777558,-0.0077045799713197525,0.026712009651207652
roughness,low_to_high,12,678,late,13,0.3737307085181483,0.5821047869366148,0.7759732376842916,0.3400261264974546,0.2083740784184665,0.40224252916614334
roughness,low_to_high,12,678,mid,12,2.2661357546945187,3.5410283499596034,3.373856133951724,0.5683332825932845,1.274892595265085,1.107720379257205
roughness,low_to_high,12,679,all_post,37,1.2053416157477919,2.526510434959023,2.4405925313377437,10.836831775410902,1.3211688192112314,1.2352509155899516
roughness,low_to_high,12,679,early,12,1.5787928695834397,2.1031174934253016,2.068027753773308,3.433196152175315,0.5243246238418621,0.4892348841898686
roughness,low_to_high,12,679,late,13,0.7938853023412181,1.13116843416064,1.0727697180513753,16.680897841428298,0.33728313181942216,0.27888441571015715
roughness,low_to_high,12,679,mid,12,1.2776347014359322,4.461523877357661,4.294965356629078,11.90939582712764,3.1838891759217276,3.017330655193145
roughness,stable_high,1,670,all_post,40,0.27684035547402736,0.3203539901573742,0.29765703285409895,0.8821451639663623,0.04351363468334689,0.020816677380071653
roughness,stable_high,1,670,early,12,0.31746957568869316,0.31575561729127294,0.3946483901011331,0.8823984352671287,-0.0017139583974202519,0.07717881441244
roughness,stable_high,1,670,late,16,0.24493638524948141,0.35857839922549645,0.30608516845755984,0.8838459921543846,0.11364201397601505,0.061148783208078455
roughness,stable_high,1,670,mid,12,0.27874976222542264,0.27398648426597916,0.1894281614691169,0.8796241217482329,-0.004763277959443523,-0.08932160075630578
roughness,stable_high,1,671,all_post,40,0.3303197222371292,0.2733431391079371,0.33046264156699107,0.7371446987590794,-0.05697658312919203,0.00014291932986195967
roughness,stable_high,1,671,early,12,0.14591598047483964,0.17703967627417103,0.1816683957197577,0.27328709820975955,0.031123695799331438,0.03575241524491811
roughness,stable_high,1,671,late,16,0.5014919139463256,0.35653872383663865,0.5078061987523224,1.1943348633577995,-0.14495319010968696,0.006314284805996696
roughness,stable_high,1,671,mid,12,0.28649387505382334,0.2587191556367678,0.2427988111671161,0.5914154131767727,-0.027774719417055532,-0.043695063886707186
roughness,stable_high,1,672,all_post,40,0.3820785379667432,0.3930308441154134,0.35933945849920723,0.513375693771884,0.010952306148670115,-0.022739079467536
roughness,stable_high,1,672,early,12,0.38399061746890384,0.4663063095463677,0.3481227286084166,0.39055899234642183,0.08231569207746382,-0.03586788886048722
roughness,stable_high,1,672,late,16,0.42603414689374336,0.35179712909212557,0.39114934894140013,0.7931641044013009,-0.07423701780161779,-0.0348847979523432
roughness,stable_high,1,672,mid,12,0.3215589798952491,0.374733665382176,0.32814300113374056,0.26314118102478995,0.05317468548692692,0.006584021238491482
roughness,stable_high,1,673,all_post,40,0.2744898429428175,0.5334491273570794,0.25426982485960076,0.43555527308168873,0.258959284414262,-0.020220018083216766
roughness,stable_high,1,673,early,12,0.2489073491650683,0.16453473776670538,0.22348241566784188,0.4299151665513401,-0.0843726113983629,-0.025424933497226448
roughness,stable_high,1,673,late,16,0.272274982116669,0.7363797408622302,0.2597092933188937,0.43471655408864374,0.46410475874556123,-0.012565688797775297
roughness,stable_high,1,673,mid,12,0.3030254844887646,0.6317893656072527,0.27780460943896895,0.44231367160276397,0.328763881118488,-0.0252208750497957
roughness,stable_high,1,674,all_post,40,0.3652010300178132,0.3281882214324351,0.3678863073706623,0.46813335679336154,-0.037012808585378205,0.002685277352849047
roughness,stable_high,1,674,early,12,0.2566228591206184,0.2788319609189221,0.17795874379957707,0.45643833997521227,0.022209101798303835,-0.07866411532104127
roughness,stable_high,1,674,late,16,0.43085748818334035,0.36170214112109933,0.5930152171195007,0.5561271294300474,-0.0691553470622411,0.16215772893616023
roughness,stable_high,1,674,mid,12,0.38623725669430525,0.33285925569439556,0.2576419912766298,0.362503343429263,-0.0533780009999097,-0.12859526541767552
roughness,stable_high,1,675,all_post,40,0.36974517414821195,0.28004293127278607,0.2765011738563282,0.46296815465340024,-0.0897022428754259,-0.09324400029188376
roughness,stable_high,1,675,early,12,0.2502302547351235,0.25082602826559697,0.24253832674908823,0.551626681125638,0.0005957735304734581,-0.00769192798603529
roughness,stable_high,1,675,late,16,0.3963570249573852,0.3280822227319265,0.3131758200313689,0.5981210315379392,-0.06827480222545868,-0.08318120492601627
roughness,stable_high,1,675,mid,12,0.4537776258157362,0.24520744566778796,0.2615644927301807,0.19410579233511058,-0.20857018014794823,-0.19221313308555546
roughness,stable_high,1,676,all_post,40,0.41165068157809054,0.46412633161258193,0.495828066579015,0.8795499010706479,0.05247565003449138,0.08417738500092456
roughness,stable_high,1,676,early,12,0.3139073341338788,0.350076715669547,0.34767001728777763,1.291351146165985,0.03616938153566823,0.03376268315389886
roughness,stable_high,1,676,late,16,0.5857871313759342,0.6753464823027722,0.7633862477137159,0.664138951016201,0.08955935092683803,0.1775991163377817
roughness,stable_high,1,676,mid,12,0.27721209595851076,0.29654907996869634,0.2872418743573182,0.754963256047906,0.019336984010185645,0.010029778398807448
roughness,stable_high,1,677,all_post,40,0.3870133098684282,0.3749820251149039,0.3548151731775103,0.4886569288336145,-0.012031284753524284,-0.03219813669091784
roughness,stable_high,1,677,early,12,0.2511466149959111,0.25905695048098426,0.24911485698696925,0.331399638562964,0.00791033548507319,-0.0020317580089418068
roughness,stable_high,1,677,late,16,0.5140897507377229,0.4147000035544216,0.4476260041203517,0.5059742113278227,-0.09938974718330121,-0.06646374661737114
roughness,stable_high,1,677,mid,12,0.35344475024855243,0.43794979516279997,0.3367677147775963,0.6228245091119873,0.08450504491424753,-0.016677035470956142
roughness,stable_high,1,678,all_post,40,0.239872898913368,0.19935002555914255,0.19691649472429287,0.3689720880086781,-0.040522873354225476,-0.042956404189075176
roughness,stable_high,1,678,early,12,0.32599080118981966,0.2235615283162946,0.2195002980916192,0.42408384065227517,-0.10242927287352514,-0.10649050309820048
roughness,stable_high,1,678,late,16,0.18711021145016152,0.19667433554009023,0.19041367423297695,0.48902987278320387,0.009564124089928721,0.003303462782815427
roughness,stable_high,1,678,mid,12,0.2241052465878585,0.17870610949406032,0.1830031186787211,0.15378328899904647,-0.04539913709379806,-0.04110212790913733
roughness,stable_high,1,679,all_post,40,0.41502854389761934,0.4368531972731417,0.46536560373704255,1.379010587781939,0.02182465337552231,0.0503370598394232
roughness,stable_high,1,679,early,12,0.6259094266871131,0.5892126266594456,0.6105505138348413,0.9856293635471154,-0.03669680002766763,-0.015358912852271978
roughness,stable_high,1,679,late,16,0.3446786646657018,0.36931925324774867,0.35749371419789217,1.5215658259661042,0.024640588582046888,0.012815049532190398
roughness,stable_high,1,679,mid,12,0.29794750008401555,0.37453902658736177,0.46400987969144447,1.5823181611045414,0.07659152650334612,0.16606237960742884
roughness,stable_high,3,670,all_post,40,0.3972233709354439,0.4348733298567543,0.3962717297930068,1.9473628798532097,0.03764995892131055,-0.0009516411424370857
roughness,stable_high,3,670,early,12,0.44799388167787263,0.6319846391980399,0.4904346164448124,1.694454415624141,0.18399075752016716,0.04244073476693969
roughness,stable_high,3,670,late,16,0.4642378638531319,0.39151493385588465,0.42098314621860045,1.986478059158768,-0.0727229299972473,-0.04325471763453156
roughness,stable_high,3,670,mid,12,0.257100202969431,0.2955732151832953,0.2691602879070764,2.1481177716748676,0.038473012213864365,0.012060084937645437
roughness,stable_high,3,671,all_post,40,0.3941749074609408,0.9137061069050013,0.9179167426160036,0.9244825719671155,0.5195311994440605,0.5237418351550629
roughness,stable_high,3,671,early,12,0.3561968157751283,0.35594223223905486,0.35565881602698496,0.573522392574975,-0.00025458353607332615,-0.0005379997481432195
roughness,stable_high,3,671,late,16,0.49576957232039054,1.6724805150368147,1.6823933996047877,1.39477095925271,1.176710942716424,1.1866238272843974
roughness,stable_high,3,671,mid,12,0.29669344600082065,0.4597707707285304,0.46087245988664355,0.6483915683117976,0.16307732472770972,0.16417901388582287
roughness,stable_high,3,672,all_post,40,0.35280481538441383,0.32883448446370034,0.32207453573889533,0.5083937079509433,-0.02397033092071348,-0.030730279645518516
roughness,stable_high,3,672,early,12,0.3121238631275663,0.3335888117492776,0.30500091537307705,0.4116994073703329,0.021464948621711315,-0.007122947754489251
roughness,stable_high,3,672,late,16,0.40097177163556397,0.34195582447744044,0.3521868366393217,0.7151451160500706,-0.0590159471581235,-0.04878493499624222
roughness,stable_high,3,672,mid,12,0.32926315930639455,0.30658503715980295,0.2989984215708117,0.3294194643993839,-0.022678122146591585,-0.030264737735582855
roughness,stable_high,3,673,all_post,40,0.30567244235098456,0.6688586616067747,0.2751137583445795,0.4659109358237282,0.3631862192557902,-0.03055868400640503
roughness,stable_high,3,673,early,12,0.30811364662979984,0.4037367507373497,0.2232096830095962,0.41360242543237463,0.09562310410754986,-0.08490396362020365
roughness,stable_high,3,673,late,16,0.3050861514279318,0.7441560877443197,0.28411945659703763,0.5167178755063975,0.4390699363163879,-0.02096669483089417
roughness,stable_high,3,673,mid,12,0.3040129593029062,0.8335840042928063,0.3150102360096187,0.450476859971523,0.5295710449899002,0.010997276706712444
roughness,stable_high,3,674,all_post,40,0.3756378628320191,0.3191324157041716,0.34000033785938727,0.7326464552677177,-0.05650544712784748,-0.035637524972631826
roughness,stable_high,3,674,early,12,0.3380334249257661,0.33559919702406127,0.32204008263428363,0.6567836838843385,-0.002434227901704743,-0.01599334229148242
roughness,stable_high,3,674,late,16,0.37586765784212717,0.32753882727125394,0.37194606225662363,0.8354954258495646,-0.048328830570873255,-0.003921595585503604
roughness,stable_high,3,674,mid,12,0.4129359073914613,0.2914570856281721,0.31536629388817566,0.6713772658753009,-0.12147882176328921,-0.09756961350328554
roughness,stable_high,3,675,all_post,40,0.28590974211879233,0.25950156536643315,0.259592367781424,0.48317703189695527,-0.026408176752359173,-0.02631737433736834
roughness,stable_high,3,675,early,12,0.20491319469152958,0.19863440114907116,0.19687628202350815,0.4799121816512774,-0.006278793542458414,-0.008036912668021442
roughness,stable_high,3,675,late,16,0.3327245857486486,0.321508551304787,0.31691173628754987,0.6015232629695473,-0.011216034443861564,-0.015812849461098726
roughness,stable_high,3,675,mid,12,0.30448649803958017,0.23769274833265672,0.2458826288645055,0.32864690737917707,-0.06679374970692342,-0.058603869175074715
roughness,stable_high,3,676,all_post,40,0.41670720617687096,0.3879245541857571,0.3960731866867647,1.842798455646652,-0.028782651991113857,-0.020634019490106244
roughness,stable_high,3,676,early,12,0.44267060044013967,0.45137904375358473,0.44482355751132424,2.344507664581086,0.008708443313445042,0.0021529570711845206
roughness,stable_high,3,676,late,16,0.5084967149600612,0.42411663010078227,0.4573160684683056,1.5736475573668733,-0.08438008485927895,-0.05118064649175565
roughness,stable_high,3,676,mid,12,0.26835780020268185,0.2762139633978959,0.2656656401534841,1.6999571110852563,0.007856163195214053,-0.0026921600491977907
roughness,stable_high,3,677,all_post,40,0.34477967895030764,0.3273625419134423,0.3261609550654493,0.4407117856588828,-0.017417137036865375,-0.01861872388485835
roughness,stable_high,3,677,early,12,0.24801153616884783,0.2165245973527804,0.21740277117918996,0.29120617278410993,-0.031486938816067456,-0.030608764989657897
roughness,stable_high,3,677,late,16,0.42754380286345117,0.3968704384523776,0.39498773065886505,0.476979685627558,-0.030673364411073586,-0.03255607220458615
roughness,stable_high,3,677,mid,12,0.3311956565142427,0.34552329108885704,0.3431501048271543,0.541860198575422,0.014327634574614318,0.0119544483129116
roughness,stable_high,3,678,all_post,40,0.36001716637360287,0.35137138780747745,0.3519302064755154,0.8000060442024836,-0.008645778566125393,-0.008086959898087548
roughness,stable_high,3,678,early,12,0.4141753943407018,0.40395584904675186,0.37628646798555176,1.2346365892828983,-0.010219545293949887,-0.03788892635514999
roughness,stable_high,3,678,late,16,0.2798433797341085,0.28843758092811467,0.2941365008934793,0.7011555671498594,0.008594201194006175,0.014293121159370795
roughness,stable_high,3,678,mid,12,0.41275732059249653,0.38269866907402017,0.4046322190748602,0.4971761351922346,-0.03005865151847632,-0.008125101517636247
roughness,stable_high,3,679,all_post,40,0.489255603396386,0.467232909913573,0.4630931824691949,2.3358976092939403,-0.022022693482813042,-0.026162420927191316
roughness,stable_high,3,679,early,12,0.4379167550325789,0.4303957216716052,0.42837414106781563,1.182765457416555,-0.007521033360973639,-0.009542613964763315
roughness,stable_high,3,679,late,16,0.4438542610170761,0.4081982535708458,0.3955029200734131,3.0304435847767186,-0.03565600744623022,-0.04835134094366298
roughness,stable_high,3,679,mid,12,0.6011295749326068,0.5827829732791773,0.5879325737316163,2.5629684605276224,-0.018346601653429547,-0.013197001200990433
roughness,stable_high,6,670,all_post,39,0.5027877562049262,0.5795552907860099,0.5081439996541354,5.3382024202242855,0.07676753458108361,0.005356243449209153
roughness,stable_high,6,670,early,12,0.6705970175206559,0.9664304404748066,0.7184396493199445,4.6309571875499715,0.29583342295415066,0.04784263179928866
roughness,stable_high,6,670,late,15,0.5090798211322785,0.4393776293848376,0.4850896564364941,5.190276822150186,-0.06970219174744087,-0.02399016469578436
roughness,stable_high,6,670,mid,12,0.3271134137300063,0.36790221784867844,0.32666627901037787,6.230354650491221,0.04078880411867213,-0.0004471347196284674
roughness,stable_high,6,671,all_post,39,0.44991957411082995,0.4402803611678777,1.4604510906258197,1.4087862584424333,-0.009639212942952228,1.01053151651499
roughness,stable_high,6,671,early,12,0.39953076337358057,0.39124634160177957,0.45823931486585917,0.7209622673609127,-0.008284421771801038,0.05870855149227855
roughness,stable_high,6,671,late,15,0.5966672949722532,0.5956661990157658,2.8855788983043045,2.402711353044032,-0.0010010959564873633,2.288911603332051
roughness,stable_high,6,671,mid,12,0.3168737337713004,0.29508208342411585,0.6812531067876754,0.8542038812719567,-0.021791650347184485,0.3643793730163749
roughness,stable_high,6,672,all_post,39,0.3739664272759471,0.3638298493887354,0.3541829297414904,0.47504154942717963,-0.010136577887211659,-0.019783497534456698
roughness,stable_high,6,672,early,12,0.3928795672145436,0.4049914826741152,0.3576247501890934,0.4069216398122868,0.012111915459571606,-0.03525481702545021
roughness,stable_high,6,672,late,15,0.3882004750109074,0.3467805156920191,0.35634122471531826,0.5962484572253384,-0.04141995931888822,-0.031859250295589156
roughness,stable_high,6,672,mid,12,0.33726072766865034,0.3439798832242511,0.34804324057660274,0.39165282429437376,0.006719155555600777,0.010782512907952388
roughness,stable_high,6,673,all_post,39,0.3814349611263952,0.9037623034196173,0.33194405402104016,0.47786383331734883,0.5223273422932222,-0.04949090710535501
roughness,stable_high,6,673,early,12,0.35488250425054385,0.539095803431252,0.23796200353003505,0.4041733441867667,0.18421329918070825,-0.11692050072050875
roughness,stable_high,6,673,late,15,0.37412892115056134,0.9869553196280367,0.33878511940960665,0.5247000394223474,0.6128263984774753,-0.035343801740954604
roughness,stable_high,6,673,mid,12,0.417119967972039,1.1644375331474583,0.4173747727763373,0.4930090648166828,0.7473175651754193,0.000254804804298218
roughness,stable_high,6,674,all_post,39,0.44382640722985717,0.33993712351571315,0.37501796185269054,1.1300932337561937,-0.10388928371414402,-0.06880844537716665
roughness,stable_high,6,674,early,12,0.3519518007733258,0.3548452910725686,0.3434633507740239,0.5929603530477326,0.002893490299242884,-0.008488449999301923
roughness,stable_high,6,674,late,15,0.5035874134497472,0.36086113262624825,0.44107490466499644,1.787622680726342,-0.142726280823499,-0.06251250878475069
roughness,stable_high,6,674,mid,12,0.4609997559115262,0.298873944570689,0.3240013944159748,0.8453143057519695,-0.16212581134083717,-0.1369983614955514
roughness,stable_high,6,675,all_post,39,0.34946025424105587,0.28702138717114817,0.28707385205092323,0.6974053677523019,-0.06243886706990766,-0.06238640219013263
roughness,stable_high,6,675,early,12,0.2255831755831618,0.21771085184289796,0.21385141808591,0.9342668610139774,-0.007872323740263865,-0.011731757497251827
roughness,stable_high,6,675,late,15,0.3552331177629651,0.33934759450550767,0.32985838736341255,0.6530004032253596,-0.0158855232574575,-0.02537473039955253
roughness,stable_high,6,675,mid,12,0.46612125349656336,0.29092416333144927,0.3068156168753248,0.5160500801493039,-0.17519709016511417,-0.1593056366212386
roughness,stable_high,6,676,all_post,39,0.5134978847548588,0.4728643086541538,0.4817422361689647,4.65975615980197,-0.040633576100705115,-0.031755648585894164
roughness,stable_high,6,676,early,12,0.6271160077055794,0.5643426457652911,0.5645450058391702,5.311954289050465,-0.06277336194028817,-0.06257100186640915
roughness,stable_high,6,676,late,15,0.6202058146210018,0.5680121558443543,0.5956741911484467,4.048789042108052,-0.05219365877664738,-0.024531623472555213
roughness,stable_high,6,676,mid,12,0.2664948494714597,0.26245116255526546,0.2565245227744068,4.7712669276708715,-0.004043686916194229,-0.009970326697052853
roughness,stable_high,6,677,all_post,39,0.3767814060120252,0.356829656777586,0.3551761460187967,0.5288337269112792,-0.019951749234439216,-0.021605259993228536
roughness,stable_high,6,677,early,12,0.3172434189014462,0.26083406981868956,0.261556045522131,0.31380050691045897,-0.05640934908275668,-0.05568737337931517
roughness,stable_high,6,677,late,15,0.44433925054621604,0.4155711054353584,0.41405923081477525,0.5126916755395856,-0.028768145110857544,-0.030280019731440892
roughness,stable_high,6,677,mid,12,0.3518720874548657,0.37939843291426695,0.37519239052048925,0.7640445111267163,0.027526345459401174,0.02332030306562353
roughness,stable_high,6,678,all_post,39,0.4545133615283601,0.4312989070044952,0.4490557026422206,1.8207623068077914,-0.023214454523864947,-0.005457658886139541
roughness,stable_high,6,678,early,12,0.3937667665263683,0.4388753679574644,0.4128687462870692,2.9433370686471787,0.045108601431096185,0.019101979760700803
roughness,stable_high,6,678,late,15,0.30920705901775053,0.33975801376066544,0.3508217091745018,1.5377197723566374,0.030550954742914974,0.041614650156751254
roughness,stable_high,6,678,mid,12,0.696892834668614,0.538148562606313,0.6080351508320206,1.0519907130323467,-0.15874427206230093,-0.08885768383659337
roughness,stable_high,6,679,all_post,39,0.6361688875273526,0.6040643715961423,0.5986524635065646,5.936387525846184,-0.03210451593121021,-0.0375164240207879
roughness,stable_high,6,679,early,12,0.6026854717489761,0.6047567535276805,0.6008696415096141,2.4970730598811772,0.002071281778704276,-0.001815830239362193
roughness,stable_high,6,679,late,15,0.5268345303375955,0.4720543332994334,0.46376548197818834,8.417619526194935,-0.05478019703816207,-0.06306904835940717
roughness,stable_high,6,679,mid,12,0.8063202497929253,0.7683845375354906,0.7650440124139858,6.274161991375251,-0.03793571225743487,-0.041276237378939484
roughness,stable_high,12,670,all_post,37,0.9022709958115667,0.9557679433394657,0.821242637640646,17.94183655022467,0.05349694752789895,-0.08102835817092047
roughness,stable_high,12,670,early,12,1.6547812617498587,1.8128096904628945,1.4278605900519723,15.078926496548691,0.1580284287130362,-0.2269206716978863
roughness,stable_high,12,670,late,13,0.5956531107076888,0.5407182464048544,0.5979901696959415,17.450159127186282,-0.054934864302834306,0.002337058988252797
roughness,stable_high,12,670,mid,12,0.4819301054024754,0.548363367895198,0.4564815255027497,21.33739714552559,0.06643326249272265,-0.025448579899725668
roughness,stable_high,12,671,all_post,37,0.6343871567580998,0.6202618207015859,2.85531539923259,2.6226724963680272,-0.014125336056513641,2.220928242474491
roughness,stable_high,12,671,early,12,0.554356216180366,0.5616650221655815,0.6772706052298864,0.819676040315635,0.0073088059852153275,0.12291438904952033
roughness,stable_high,12,671,late,13,0.9704857277010581,0.9158016127628138,6.264430745899487,5.352556986780237,-0.0546841149382444,5.293945018198429
roughness,stable_high,12,671,mid,12,0.35031131214762806,0.35869051117126044,1.3401519010128224,1.4682940878071928,0.008379199023632359,0.9898405888651945
roughness,stable_high,12,672,all_post,37,0.5536770654486676,0.47974269633796535,0.4901928306202856,0.5678059891474195,-0.0739343691107021,-0.06348423482838189
roughness,stable_high,12,672,early,12,0.701628600197523,0.6402233491579987,0.5750043322353614,0.508100879374169,-0.06140525103952433,-0.12662426796216175
roughness,stable_high,12,672,late,13,0.44044659850441753,0.3711499367660245,0.41046923239618816,0.6248497089779419,-0.0692966617383931,-0.02997736610822925
roughness,stable_high,12,672,mid,12,0.5283918698894159,0.4369041997208678,0.49174856041464854,0.5657137357709376,-0.09148767016854799,-0.03664330947476738
roughness,stable_high,12,673,all_post,37,0.5777754968770864,1.5106578216418813,0.5067270871193148,0.5289846614823204,0.932882324764795,-0.07104840975777157
roughness,stable_high,12,673,early,12,0.8366872626847153,1.0406946947532416,0.3332601223625491,0.48806424161514755,0.20400743206852626,-0.5034271403221663
roughness,stable_high,12,673,late,13,0.41274928136259825,1.5076513793039674,0.5377110108377735,0.5576967093062056,1.094902097941369,0.12496172947517518
roughness,stable_high,12,673,mid,12,0.4976421312101527,1.983877927729928,0.6466281345144168,0.5388003628736179,1.4862357965197754,0.14898600330426406
roughness,stable_high,12,674,all_post,37,0.7953113639870205,0.49117873926076194,0.5817116016490378,2.575561494280905,-0.30413262472625857,-0.21359976233798267
roughness,stable_high,12,674,early,12,0.40055193318102117,0.4507103496084251,0.41149391372260063,0.6994151422670091,0.05015841642740393,0.010941980541579499
roughness,stable_high,12,674,late,13,1.0458221358825386,0.6222566090330339,0.8507347081062432,5.091516824760272,-0.4235655268495043,-0.19508742777629498
roughness,stable_high,12,674,mid,12,0.9186841252395426,0.3896461033264707,0.46048759091350244,1.7260895716088205,-0.5290380219130716,-0.4581965343260399
roughness,stable_high,12,675,all_post,37,0.4651112155764667,0.37234010391168326,0.37172122776607175,1.47947093353516,-0.09277111166478344,-0.09338998781039494
roughness,stable_high,12,675,early,12,0.25176070400395184,0.25370527806023524,0.24731511860419375,2.652083494530381,0.0019445740562834338,-0.004445585399758083
roughness,stable_high,12,675,late,13,0.3747326841584283,0.3604593609329071,0.34854890085859974,0.691724938737074,-0.014273323225521242,-0.026183783299828626
roughness,stable_high,12,675,mid,12,0.7763718028518566,0.5038457346568054,0.5212306910777113,1.160249866904533,-0.27252606819505104,-0.2551411117741453
roughness,stable_high,12,676,all_post,37,1.0784662297658116,0.8822053308608884,0.9007819047410124,15.344311994701862,-0.1962608989049233,-0.17768432502479944
roughness,stable_high,12,676,early,12,0.8741851376747349,0.9106524617612352,0.9171309226717915,15.643668890814842,0.03646732408650009,0.042945784997056514
roughness,stable_high,12,676,late,13,1.9821581897086014,1.3517667948196994,1.4033710787116829,13.512125792274656,-0.6303913948889021,-0.5787871109969183
roughness,stable_high,12,676,mid,12,0.30374769858553263,0.345066614005163,0.3399612816753394,17.029823484551684,0.04131891541963028,0.03621358308980669
roughness,stable_high,12,677,all_post,37,0.5193620885015228,0.49013651606346464,0.4609600103355036,0.7965095320541564,-0.02922557243805817,-0.05840207816601912
roughness,stable_high,12,677,early,12,0.4341310255184246,0.36767133857815787,0.3550567752176206,0.47745544099903436,-0.06645968694026676,-0.07907425030080402
roughness,stable_high,12,677,late,13,0.58442073013841,0.6384962682964226,0.6237117644944292,0.7778212535330495,0.054075538158012575,0.039291034356019224
roughness,stable_high,12,677,mid,12,0.5341129563779934,0.4518786286297338,0.3905488451145509,1.1358092581738106,-0.08223432774825955,-0.1435641112634424
roughness,stable_high,12,678,all_post,37,0.8979838982064976,0.7759043103588559,1.2500069676133214,5.352025591779804,-0.12207958784764171,0.35202306940682365
roughness,stable_high,12,678,early,12,0.5845945583274076,0.5926565310666555,0.6203127522886562,8.702872191758766,0.008061972739247844,0.03571819396124853
roughness,stable_high,12,678,late,13,0.4149476638380264,0.5720728122321258,1.805374630560627,4.404453484393667,0.1571251483940994,1.3904269667226012
roughness,stable_high,12,678,mid,12,1.734662491984765,1.1799695459550144,1.2780528814117378,3.0277154414691583,-0.5546929460297508,-0.45660961057302724
roughness,stable_high,12,679,all_post,37,1.0307080553654926,0.9469561907739082,0.9485509206063623,18.407304761872417,-0.08375186459158425,-0.08215713475913028
roughness,stable_high,12,679,early,12,1.047361081462982,1.119655619008235,1.123315232964434,7.9184207414708,0.07229453754525296,0.0759541515014519
roughness,stable_high,12,679,late,13,0.7223333877259603,0.5012970712400441,0.5031523645914211,26.467859845322298,-0.22103631648591618,-0.2191810231345392
roughness,stable_high,12,679,mid,12,1.3481275858774964,1.257054142034601,1.2563017105978098,20.16392077520334,-0.09107344384289522,-0.09182587527968612
roughness,stable_low,1,670,all_post,40,0.2781822825220158,0.2597762295379858,0.25314091445101894,0.48975755646053243,-0.018406052984029985,-0.025041368070996807
roughness,stable_low,1,670,early,12,0.3679498193426292,0.3688867237392052,0.37034599154440345,0.5408202202427322,0.0009369043965759953,0.002396172201774237
roughness,stable_low,1,670,late,16,0.23927407553789515,0.2525088875310857,0.23813775192279013,0.4943277657043624,0.013234811993190555,-0.0011363236151050202
roughness,stable_low,1,670,mid,12,0.24029235501356325,0.16035552467929992,0.1559400540619397,0.43260128035322576,-0.07993683033426335,-0.08435230095162355
roughness,stable_low,1,671,all_post,40,0.2763562085383204,0.4460809964657992,0.6142421866243994,0.5943183963578045,0.16972478792747883,0.33788597808607906
roughness,stable_low,1,671,early,12,0.13997528065195933,0.09768456334571456,0.11287811315587783,0.27101083556801114,-0.042290717306244764,-0.027097167496081497
roughness,stable_low,1,671,late,16,0.4054658315763844,0.8095455585098396,1.1596369465036265,0.8713606566913558,0.4040797269334552,0.7541711149272421
roughness,stable_low,1,671,mid,12,0.24059097237392937,0.30985801352716336,0.38841324692061835,0.5482362767028627,0.06926704115323394,0.14782227454668892
roughness,stable_low,1,672,all_post,40,0.38017308593788457,0.3297943796370704,0.3500498830622988,0.5283431859755188,-0.05037870630081417,-0.03012320287558578
roughness,stable_low,1,672,early,12,0.43163815154406665,0.3510572799305407,0.3684457886396088,0.3707526962452304,-0.08058087161352605,-0.06319236290445786
roughness,stable_low,1,672,late,16,0.41400629876950695,0.37450554511136325,0.4105963467104234,0.8361821857038538,-0.039500753658143616,-0.0034099520590835167
roughness,stable_low,1,672,mid,12,0.28359706988953937,0.24891659204454306,0.2509253592874894,0.2754816760680269,-0.03468047784499638,-0.03267171060205005
roughness,stable_low,1,673,all_post,40,0.22074253798604476,0.25771483173249576,0.23430527970846268,0.4301088732421099,0.03697229374645096,0.013562741722417887
roughness,stable_low,1,673,early,12,0.14011988145828924,0.21005389274218167,0.1895817455503809,0.43749136959161666,0.06993401128389241,0.049461864092091634
roughness,stable_low,1,673,late,16,0.24065548950997895,0.3190470123655951,0.27452765623939657,0.41947470309529766,0.07839152285561614,0.03387216672941763
roughness,stable_low,1,673,mid,12,0.2748145924818881,0.22359952987867734,0.22539897849196588,0.43690527042168603,-0.051215062603210716,-0.049415613989922176
roughness,stable_low,1,674,all_post,40,0.2697558958315125,0.6256506463364744,0.2556078364985944,0.417860126075999,0.3558947505049619,-0.014148059332918076
roughness,stable_low,1,674,early,12,0.16607190279460846,0.18141170759963532,0.16664308769272537,0.45613633060991826,0.015339804805026891,0.0005711848981169264
roughness,stable_low,1,674,late,16,0.3746884763820334,1.1977644043528777,0.32412701451671727,0.4156036002170912,0.8230759279708443,-0.0505614618653161
roughness,stable_low,1,674,mid,12,0.23352978146772216,0.3070712410514424,0.25321368128029975,0.38259262268728983,0.07354145958372028,0.019683899812577624
roughness,stable_low,1,675,all_post,40,0.2174885924512783,0.23116220526056494,0.22083723745721304,0.43860602527115866,0.0136736128092867,0.003348645005934789
roughness,stable_low,1,675,early,12,0.2108706396399046,0.26917284716857426,0.21362938090722797,0.5277051263446001,0.058302207528669624,0.0027587412673233808
roughness,stable_low,1,675,late,16,0.2191712059661936,0.2849034268564978,0.2627534593932745,0.5604635776046517,0.0657322208903042,0.04358225342708087
roughness,stable_low,1,675,mid,12,0.2218630605760982,0.1214966012246453,0.17215679809244958,0.18703018775305977,-0.10036645935145289,-0.04970626248364859
roughness,stable_low,1,676,all_post,40,0.37864560862937874,0.38300483214914355,0.3832127602654206,0.5679288365512927,0.004359223519764799,0.004567151636041868
roughness,stable_low,1,676,early,12,0.22564560719032875,0.22538629409612773,0.2821273874532492,0.8144990526068079,-0.0002593130942010155,0.05648178026292044
roughness,stable_low,1,676,late,16,0.572294544655145,0.6079844094872919,0.5427590417030371,0.5335058596416178,0.03568986483214698,-0.029535502952107787
roughness,stable_low,1,676,mid,12,0.27344702870074056,0.24065060041796152,0.2715697578274367,0.36725592304201066,-0.03279642828277896,-0.0018772708733038324
roughness,stable_low,1,677,all_post,40,0.3386965024784381,0.37273771513310194,0.33139449791921083,0.5017461039707205,0.03404121265466388,-0.007302004559227182
roughness,stable_low,1,677,early,12,0.26485367611064564,0.2431615944610551,0.21498888561878568,0.33926362788296877,-0.021692081649590578,-0.04986479049186002
roughness,stable_low,1,677,late,16,0.3454464679615437,0.4698170071954544,0.38340160986346655,0.5677413632706501,0.12437053923391073,0.037955141901922854
roughness,stable_low,1,677,mid,12,0.40353937486875613,0.37287477972201205,0.37845729429396174,0.5762349009918999,-0.030664595146744092,-0.025082080574794396
roughness,stable_low,1,678,all_post,40,0.22555872651595185,0.19780395963606648,0.1999977493639809,0.28734803577467494,-0.02775476687988542,-0.02556097715197101
roughness,stable_low,1,678,early,12,0.2740862785511223,0.2068709682527465,0.20068776124950635,0.27485125016542244,-0.06721531029837585,-0.07339851730161605
roughness,stable_low,1,678,late,16,0.21184210695258784,0.21361891333414113,0.14134610305316153,0.3897344114980724,0.0017768063815532939,-0.07049600389942631
roughness,stable_low,1,678,mid,12,0.19532000056526685,0.16765034608862026,0.277509932559548,0.1633296537527306,-0.02766965447664661,0.08218993199428108
roughness,stable_low,1,679,all_post,40,0.4065470792676195,0.5585617980841964,0.5323625383956083,0.8993625630978969,0.15201471881657666,0.12581545912798872
roughness,stable_low,1,679,early,12,0.49886153982464054,0.48580802542432644,0.488448025533083,0.8004401197361856,-0.013053514400314123,-0.01041351429155764
roughness,stable_low,1,679,late,16,0.3510085682689047,0.4338444403333641,0.40200682585338254,0.8811130112303618,0.08283587206445937,0.05099825758447777
roughness,stable_low,1,679,mid,12,0.38828396670888515,0.7976053810785091,0.7500846679811014,1.0226177422829883,0.4093214143696238,0.3618007012722162
roughness,stable_low,3,670,all_post,40,0.30675096973011523,0.31616264665871474,0.31258269024863183,0.5852350877327737,0.009411676928599557,0.005831720518516624
roughness,stable_low,3,670,early,12,0.2615846520390887,0.271974761967827,0.22821150170260693,0.4839066076606074,0.010390109928738291,-0.0333731503364818
roughness,stable_low,3,670,late,16,0.3710728726474052,0.3714410788360668,0.42303262970343974,0.6808966849054783,0.0003682061886615979,0.05195975705603457
roughness,stable_low,3,670,mid,12,0.2661547501980885,0.2866459551131331,0.24968729285491287,0.5590147715746671,0.020491204915044758,-0.016467457343175552
roughness,stable_low,3,671,all_post,40,0.3054594886927392,0.3187888205195681,0.3481836674493999,0.6616811720169429,0.013329331826828819,0.042724178756660604
roughness,stable_low,3,671,early,12,0.22855935066074473,0.2284645209387606,0.23001617679104025,0.5527510179065079,-9.482972198418856e-05,0.0014568261302955144
roughness,stable_low,3,671,late,16,0.4058219355413659,0.44033103100388665,0.5130569738408198,0.8285039811591324,0.03450909546252072,0.107235038299454
roughness,stable_low,3,671,mid,12,0.24854303092656482,0.2470568394546175,0.24652008291919938,0.5481809139377916,-0.0014861914719473783,-0.002022948007365482
roughness,stable_low,3,672,all_post,40,0.2971897613174758,0.28655144787811454,0.302899379342694,0.49964491936027444,-0.010638313439361302,0.005709618025218124
roughness,stable_low,3,672,early,12,0.3209284005815422,0.2802597644871341,0.29454820371949203,0.38685321848075854,-0.04066863609440812,-0.026380196862050148
roughness,stable_low,3,672,late,16,0.31791802030081867,0.3049690697663372,0.31036645563099996,0.7254908354275682,-0.012948950534481453,-0.00755156466981871
roughness,stable_low,3,672,mid,12,0.2458134434089524,0.26828630208479815,0.30129445324815457,0.31130873215006566,0.02247285867584572,0.05548100983920218
roughness,stable_low,3,673,all_post,40,0.24836231527560648,0.26375142600195967,0.24068231683224264,0.45906498519388605,0.015389110726353229,-0.0076799984433637905
roughness,stable_low,3,673,early,12,0.20209591671967084,0.1915089682404901,0.21731552685411057,0.40499577686425364,-0.010586948479180715,0.015219610134439752
roughness,stable_low,3,673,late,16,0.27475681286599213,0.3073517091300773,0.25835497588704004,0.5108943999111736,0.03259489626408521,-0.01640183697895211
roughness,stable_low,3,673,mid,12,0.2594360503776945,0.2778601729259391,0.24048556140397834,0.444028307233802,0.018424122548244524,-0.01895048897371626
roughness,stable_low,3,674,all_post,40,0.3273039617107695,0.5426220147112434,0.348085175975105,0.5375605083246427,0.215318053000474,0.02078121426433565
roughness,stable_low,3,674,early,12,0.2720958079508031,0.27868453691181866,0.2862466999817915,0.6579906720941778,0.006588728961015565,0.01415089203098841
roughness,stable_low,3,674,late,16,0.338980182988745,0.8768892914903517,0.4284058516605648,0.4247285562098236,0.5379091085016066,0.08942566867181972
roughness,stable_low,3,674,mid,12,0.36694382043343493,0.3608697901385239,0.302829417721139,0.5675729473748664,-0.006074030294911059,-0.06411440271229589
roughness,stable_low,3,675,all_post,40,0.218570499591902,0.219400559753841,0.22566718305005687,0.3855887556156667,0.0008300601619390016,0.007096683458154869
roughness,stable_low,3,675,early,12,0.18652276694387657,0.1731264737880147,0.17384570899390453,0.3320176766720541,-0.013396293155861876,-0.012677057949971997
roughness,stable_low,3,675,late,16,0.2756014254884664,0.27139835328508854,0.2758920605868048,0.5568845719936995,-0.00420307220337785,0.00029063509833841296
roughness,stable_low,3,675,mid,12,0.17457699771117496,0.19634425434467062,0.21052215372387864,0.21076541272190227,0.021767256633495675,0.03594515601270368
roughness,stable_low,3,676,all_post,40,0.310321619640066,0.3152716521210902,0.33042620898079955,0.6292221480922796,0.004950032481024208,0.020104589340733527
roughness,stable_low,3,676,early,12,0.3671635309385067,0.38203137559969647,0.4144908953729927,0.9603423493965297,0.014867844661189738,0.047327364434485965
roughness,stable_low,3,676,late,16,0.2948628341405616,0.3254822474234518,0.3405895200945509,0.47411660874609135,0.030619413282890143,0.04572668595398932
roughness,stable_low,3,676,mid,12,0.2740914223409644,0.23489780157266857,0.2328104411036044,0.5049093325829471,-0.039193620768295905,-0.04128098123735998
roughness,stable_low,3,677,all_post,40,0.2908140364646838,0.27488820291600913,0.2870694014692867,0.41050729364582167,-0.01592583354867471,-0.0037446349953970696
roughness,stable_low,3,677,early,12,0.176110679417774,0.1821822321882868,0.22822835815153145,0.2804415371742094,0.0060715527705128254,0.052117678733757444
roughness,stable_low,3,677,late,16,0.33169992812383053,0.29157323179606265,0.3049354452240664,0.46843118514748755,-0.04012669632776786,-0.026764482899764127
roughness,stable_low,3,677,mid,12,0.35100287129939794,0.34534746847032655,0.3220890531140024,0.46334119478187935,-0.005655402829071392,-0.028913818185395512
roughness,stable_low,3,678,all_post,40,0.27405237662182635,0.27028475170710486,0.26779468773068016,0.4365443885412336,-0.0037676249147215166,-0.006257688891146191
roughness,stable_low,3,678,early,12,0.3237179601391133,0.3073144751936771,0.30811324234448595,0.6442683209998082,-0.0164034849454362,-0.015604717794627307
roughness,stable_low,3,678,late,16,0.23255565537146616,0.21660150491791252,0.2161693060898036,0.40096015808756763,-0.015954150453553636,-0.01638634928166258
roughness,stable_low,3,678,mid,12,0.27971575477168636,0.30483269060612234,0.2963099753047098,0.27626609668754715,0.025116935834436,0.016594220533023455
roughness,stable_low,3,679,all_post,40,0.4059044782743998,0.38969964719946587,0.38753544184210326,0.8612488706256313,-0.016204831074933895,-0.018369036432296502
roughness,stable_low,3,679,early,12,0.376194475988373,0.375724943397536,0.375440569913755,0.7612054649949088,-0.0004695325908369921,-0.0007539060746179933
roughness,stable_low,3,679,late,16,0.3271848103906479,0.2957229816352154,0.2950880007529118,0.835012667966335,-0.03146182875543255,-0.03209680963773609
roughness,stable_low,3,679,mid,12,0.5405740377387626,0.5289765717537299,0.5228935685560404,0.9962738798020822,-0.011597465985032598,-0.01768046918272222
roughness,stable_low,6,670,all_post,39,0.3340190625925062,0.3491624822888369,0.3347633116067713,0.876880352698768,0.015143419696330684,0.0007442490142652377
roughness,stable_low,6,670,early,12,0.291812952574799,0.2989440629840166,0.2474101174842144,0.7569805679069878,0.007131110409217614,-0.04440283509058457
roughness,stable_low,6,670,late,15,0.3828256635911742,0.4086242609422242,0.4332720627503858,0.9739090488590726,0.025798597351050112,0.050446399159211675
roughness,stable_low,6,670,mid,12,0.31521692136187823,0.3250536782769226,0.29898056679981017,0.8754942672901671,0.00983675691504445,-0.01623635456206798
roughness,stable_low,6,671,all_post,39,0.3055842189475034,0.3213621251635009,0.35060778423026684,0.732948551415539,0.015777906215997426,0.045023565282763446
roughness,stable_low,6,671,early,12,0.23142073212488756,0.22991849672320838,0.2294523377074104,0.6507671966589993,-0.0015022354016791806,-0.001968394417477157
roughness,stable_low,6,671,late,15,0.39669566843037357,0.4418096889150557,0.5175739271682063,0.9053424437057532,0.04511402048468196,0.12087825873783273
roughness,stable_low,6,671,mid,12,0.2658583939165313,0.2622462989143497,0.2630555520806988,0.5996375408093109,-0.0036120950021816443,-0.0028028418358325246
roughness,stable_low,6,672,all_post,39,0.29645346414896345,0.3045270708113522,0.31617050302857,0.452411222082966,0.00807360666238875,0.019717038879606665
roughness,stable_low,6,672,early,12,0.30168356854299627,0.362923096881689,0.3084116433305682,0.3546102313886137,0.06123952833869273,0.006728074787571973
roughness,stable_low,6,672,late,15,0.3135446724885597,0.314790294072559,0.31675290432908093,0.619398329423662,0.0012456215839992328,0.0032082318405212123
roughness,stable_low,6,672,mid,12,0.26985934933043515,0.23330201566450684,0.32320136110093334,0.3414783286014485,-0.03655733366592832,0.05334201177049818
roughness,stable_low,6,673,all_post,39,0.29858353444657915,0.29524197473680497,0.2593285930044111,0.45721751362488333,-0.0033415597097741423,-0.03925494144216798
roughness,stable_low,6,673,early,12,0.21602782382158447,0.19870022046566427,0.2273359570824043,0.3810182525743235,-0.017327603355920203,0.01130813326081985
roughness,stable_low,6,673,late,15,0.3547953754444044,0.3435613873894662,0.2714389326421071,0.5131568937309355,-0.011233988054938271,-0.08335644280229733
roughness,stable_low,6,673,mid,12,0.31087444382429213,0.3313844631921192,0.27618330437929806,0.46349254954287805,0.020510019367827072,-0.034691139444994086
roughness,stable_low,6,674,all_post,39,0.35121478208811324,0.5179133133085744,0.36667015299395667,0.5389338708723307,0.16669853122046113,0.015455370905843443
roughness,stable_low,6,674,early,12,0.2702561941989888,0.2752569804235923,0.2799795929023056,0.573745989605654,0.0050007862246035885,0.009723398703316873
roughness,stable_low,6,674,late,15,0.39071153236004624,0.8352756695241457,0.4865422805035404,0.5109597915233305,0.4445641371640994,0.09583074814349408
roughness,stable_low,6,674,mid,12,0.3828024321373215,0.36386670092409235,0.3035205536986281,0.5390893513252577,-0.018935731213229137,-0.07928187843869332
roughness,stable_low,6,675,all_post,39,0.22588922475675183,0.22435852180777344,0.24210961244442286,0.37975309502805166,-0.0015307029489783892,0.016220387687670996
roughness,stable_low,6,675,early,12,0.1789231668701603,0.17781865346172362,0.1821681508388052,0.33401856570196786,-0.0011045134084366616,0.003244983968644885
roughness,stable_low,6,675,late,15,0.28167884347464844,0.2810756473953792,0.3000920676763074,0.553213659811944,-0.0006031960792692008,0.01841322420165897
roughness,stable_low,6,675,mid,12,0.2031182592459726,0.20000198316931606,0.22957300501018482,0.20866191837426976,-0.0031162760766566037,0.02645474576421214
roughness,stable_low,6,676,all_post,39,0.33631745497533794,0.33122212691760494,0.3416639952433634,0.8553135383335385,-0.005095328057733011,0.005346540268025539
roughness,stable_low,6,676,early,12,0.4112012854803631,0.4035063533778053,0.4245960802042222,1.281051438746328,-0.0076949321025578275,0.013394794723859129
roughness,stable_low,6,676,late,15,0.31960202190941606,0.3490310153614374,0.3600193904008695,0.6372328213045668,0.029428993452021303,0.040417368491453456
roughness,stable_low,6,676,mid,12,0.28232791580271505,0.2366767899026139,0.2357876663356221,0.7021765342069629,-0.045651125900101085,-0.04654024946709295
roughness,stable_low,6,677,all_post,39,0.2989347404697595,0.278703179956162,0.29570956228263756,0.4332105785457146,-0.020231560513597497,-0.0032251781871219056
roughness,stable_low,6,677,early,12,0.1920485553063852,0.19189717827900551,0.24677044191853634,0.2579247750696546,-0.00015137702737971076,0.05472188661215113
roughness,stable_low,6,677,late,15,0.34179131912630895,0.28705214748985425,0.3037899702395967,0.46515765729145236,-0.054739171636454684,-0.03800134888671223
roughness,stable_low,6,677,mid,12,0.35225020231244675,0.35507297221620293,0.3345481727005397,0.5685625335896021,0.0028227699037561816,-0.017702029611907043
roughness,stable_low,6,678,all_post,39,0.29452854428037095,0.2904791339251552,0.28127807102126556,0.5603631383883424,-0.004049410355215751,-0.013250473259105345
roughness,stable_low,6,678,early,12,0.32727099850217617,0.32059902110558564,0.322251514764754,0.8904677708974522,-0.006671977396590545,-0.00501948373742217
roughness,stable_low,6,678,late,15,0.22268923377193106,0.19850720050228207,0.19644830138576508,0.4434786659359068,-0.024182033269648982,-0.026240932386165997
roughness,stable_low,6,678,mid,12,0.35158522819411564,0.37532416352331627,0.34634183932215296,0.3763640964447772,0.023738935329200583,-0.005243388871962702
roughness,stable_low,6,679,all_post,39,0.455737708478546,0.44206687878943085,0.43269577096253314,1.2101357555156833,-0.013670829689115283,-0.02304193751601294
roughness,stable_low,6,679,early,12,0.4503640423563122,0.4289006054136239,0.42930302794084,0.8653414568972021,-0.021463436942688315,-0.021061014415472177
roughness,stable_low,6,679,late,15,0.34147810597698736,0.31809286960317773,0.3102894258159443,1.3280292076860172,-0.0233852363738097,-0.031188680161043078
roughness,stable_low,6,679,mid,12,0.6039358777277283,0.6102006636480539,0.5890964454174622,1.407563238921248,0.006264785920325773,-0.014839432310266028
roughness,stable_low,12,670,all_post,37,0.3878184249742727,0.4068315694764911,0.3455537678908341,1.8376409496907133,0.019013144502218415,-0.04226465708343865
roughness,stable_low,12,670,early,12,0.4249065926775057,0.3683143347864945,0.24656192568936328,1.562486111817534,-0.056592257891011154,-0.17834466698814225
roughness,stable_low,12,670,late,13,0.39292290440580074,0.43871415151856014,0.4386279162816822,1.8783031763802804,0.04579124711275922,0.04570501187588131
roughness,stable_low,12,670,mid,12,0.3452004045535511,0.41080934028757987,0.3437152826688861,2.068745041983527,0.06560893573402876,-0.0014851218846649514
roughness,stable_low,12,671,all_post,37,0.32072489733784554,0.31974247537332023,0.3757039724765275,0.7729550000895569,-0.0009824219645252876,0.05497907513868194
roughness,stable_low,12,671,early,12,0.22546404842711112,0.22620904346591275,0.21845341789110506,0.5889822695474978,0.0007449950388016338,-0.007010630536006034
roughness,stable_low,12,671,late,13,0.4484354105236728,0.4178578715901842,0.5973965285660429,1.0131587909042343,-0.03057753893348866,0.14896111804236992
roughness,stable_low,12,671,mid,12,0.27763269029726706,0.3069842280457918,0.29278759129830834,0.6967069572490483,0.029351537748524777,0.015154901001041296
roughness,stable_low,12,672,all_post,37,0.36617174301903804,0.3253473062834168,0.3326268411993686,0.48562536611649765,-0.04082443673562125,-0.033544901819669515
roughness,stable_low,12,672,early,12,0.48014006034813855,0.4157338687721279,0.31993944612100095,0.3866493981244192,-0.06440619157601062,-0.1602006142271377
roughness,stable_low,12,672,late,13,0.3201634062945698,0.30932579798516086,0.31861831122488865,0.6445812645998903,-0.010837608309408978,-0.0015450950696811654
roughness,stable_low,12,672,mid,12,0.3020457904747781,0.25231737778448293,0.3604901437500894,0.4123991107515677,-0.04972841269029518,0.05844435327531125
roughness,stable_low,12,673,all_post,37,0.3162118692846498,0.3015535591437268,0.29091735302512944,0.45656585063694916,-0.01465831014092295,-0.02529451625952025
roughness,stable_low,12,673,early,12,0.24377329105011494,0.21357334905933537,0.24375748245030804,0.40080630807361106,-0.03019994199077958,-1.580859980690232e-05
roughness,stable_low,12,673,late,13,0.34840497646080354,0.3386640049034933,0.295149189272141,0.5070806065696959,-0.009740971557310197,-0.05325578718866249
roughness,stable_low,12,673,mid,12,0.35377458141168466,0.34933078632170456,0.3334927343323551,0.45760107427314506,-0.004443795089980132,-0.020281847079329507
roughness,stable_low,12,674,all_post,37,0.40182760910544196,0.5328029251901077,0.4211907481818735,0.6271289461164765,0.13097531608466592,0.0193631390764316
roughness,stable_low,12,674,early,12,0.2601919421548513,0.26589445208662854,0.2698017569286529,0.5807509912059965,0.005702509931777217,0.009609814773801545
roughness,stable_low,12,674,late,13,0.4567946059830627,0.9062384620507429,0.6303151536487877,0.7145342713966631,0.4494438560676803,0.17352054766572492
roughness,stable_low,12,674,mid,12,0.48391569610527657,0.39515623336123223,0.3460283001792705,0.5788177986400876,-0.0887594627440443,-0.1378873959260061
roughness,stable_low,12,675,all_post,37,0.24042568975526496,0.2545945699332248,0.2785175818315269,0.3594918356460829,0.014168880177959748,0.03809189207626188
roughness,stable_low,12,675,early,12,0.1859623551051198,0.18768175562163836,0.19875446635172286,0.3895578400340772,0.0017194005165185537,0.012792111246603038
roughness,stable_low,12,675,late,13,0.2848979954704811,0.29526129258730455,0.32791398475397465,0.44731651788185395,0.010363297116823489,0.043015989283493566
roughness,stable_low,12,675,mid,12,0.24671069321392614,0.2774517680362247,0.3047679274786792,0.23428242550266984,0.030741074822298556,0.058057234264753094
roughness,stable_low,12,676,all_post,37,0.4255256117652168,0.40576240540603337,0.41179281180426236,1.7595808105181157,-0.01976320635918347,-0.013732799960954518
roughness,stable_low,12,676,early,12,0.5346528090777584,0.5004000447124121,0.5146165388639079,2.196046655919728,-0.03425276436534622,-0.020036270213850363
roughness,stable_low,12,676,late,13,0.42357421693779795,0.4364836198692924,0.4399671180762396,1.3987573563255467,0.012909402931494398,0.01639290113844162
roughness,stable_low,12,676,mid,12,0.3185124255157125,0.2778434504311242,0.2784469196166414,1.7140070404917864,-0.04066897508458841,-0.04006550589907114
roughness,stable_low,12,677,all_post,37,0.323788957483484,0.2973762056443153,0.30847122691973106,0.46189627014750795,-0.026412751839168767,-0.015317730563752914
roughness,stable_low,12,677,early,12,0.26509486129429366,0.23862627093687513,0.26696101056256244,0.3398834765452061,-0.02646859035741851,0.0018661492682688768
roughness,stable_low,12,677,late,13,0.35133434139272385,0.3097898332755866,0.32085120503057113,0.463386874293484,-0.04154450811713724,-0.030483136362152725
roughness,stable_low,12,677,mid,12,0.35264222110433124,0.34267804375121136,0.33656980032348965,0.5822942425916687,-0.009964177353119857,-0.016072420780841586
roughness,stable_low,12,678,all_post,37,0.36743098088033105,0.3253059977936847,0.3305973118618259,0.8275888209191827,-0.04212498308664634,-0.036833669018505086
roughness,stable_low,12,678,early,12,0.3624996086758237,0.3572743682267508,0.35776840904927315,1.3629912395664137,-0.005225240449072815,-0.004731199626550547
roughness,stable_low,12,678,late,13,0.2175327088058342,0.1794807994616068,0.19599771788231765,0.5687348017135542,-0.03805190934422738,-0.021534990923516534
roughness,stable_low,12,678,mid,12,0.53475214783221,0.45131492555370295,0.4492424414855128,0.5726115897447156,-0.08343722227850707,-0.08550970634669723
roughness,stable_low,12,679,all_post,37,0.5541021028476364,0.5322530765762131,0.5276635448778821,2.2569738431716404,-0.021849026271423082,-0.02643855796975415
roughness,stable_low,12,679,early,12,0.5104540269809132,0.5282129960826533,0.5277387015534059,1.3882208709012407,0.017758969101739967,0.017284674572492487
roughness,stable_low,12,679,late,13,0.44221378412519513,0.3304846242750822,0.3261211147261612,2.7945191296547067,-0.11172915985011299,-0.116092669399034
roughness,stable_low,12,679,mid,12,0.7189625239970038,0.754875647062665,0.7459260208667228,2.5433860884187176,0.03591312306566127,0.02696349686971906
