mechanism,direction,matched_control,horizon,seed,period,transition_advantage_vs_frozen_local,transition_advantage_vs_frozen_all_pre,control_advantage_vs_frozen_local,control_advantage_vs_frozen_all_pre,excess_advantage_vs_frozen_local,excess_advantage_vs_frozen_all_pre
noise_scale,low_to_high,stable_low,1,810,all_post,0.008566543032024365,0.0006434250457344415,-0.011488813612662052,-0.01107695560240572,0.02005535664468642,0.011720380648140162
noise_scale,low_to_high,stable_low,1,810,early,0.0529924346948765,0.04315983403845392,-0.0013173541895503153,-0.0012904800364820182,0.054309788884426814,0.04445031407493594
noise_scale,low_to_high,stable_low,1,810,late,-0.0911590550717615,-0.09033567387131386,-0.011431497681982278,-0.010354458240202808,-0.07972755738977923,-0.07998121563111105
noise_scale,low_to_high,stable_low,1,810,mid,0.09710811550755338,0.07943248127574604,-0.021736694276680155,-0.02182676098459997,0.11884480978423353,0.10125924226034601
noise_scale,low_to_high,stable_low,1,811,all_post,-0.05146570337874838,-0.09438539884794887,-0.011910358363816763,-0.013965862291208008,-0.03955534501493162,-0.08041953655674086
noise_scale,low_to_high,stable_low,1,811,early,-0.16773585383043585,-0.1918744860570211,-0.0025879144316334926,0.0007593962764565768,-0.16514793939880235,-0.19263388233347767
noise_scale,low_to_high,stable_low,1,811,late,-0.049583759144457035,-0.07305066994843011,-0.03540201831431259,-0.036629559490084215,-0.014181740830144444,-0.036421110458345896
noise_scale,low_to_high,stable_low,1,811,mid,0.06229518809388394,-0.025342616838235067,0.010089410971327742,0.0015271420729623373,0.052205777122556196,-0.026869758911197403
noise_scale,low_to_high,stable_low,1,812,all_post,0.007802243499917844,-0.0697758594830915,0.0005637796026021654,0.0012657951240005335,0.007238463897315678,-0.07104165460709204
noise_scale,low_to_high,stable_low,1,812,early,0.07944630362588981,-0.08507927582530835,0.004493539063469831,-0.006317969375202182,0.07495276456241998,-0.07876130645010616
noise_scale,low_to_high,stable_low,1,812,late,-0.08566522763688184,-0.07654771881074987,-0.006007899082696336,0.013942573722346141,-0.0796573285541855,-0.09049029253309601
noise_scale,low_to_high,stable_low,1,812,mid,0.06078147822301216,-0.045443297370663514,0.005396258388799167,-0.008052811841257562,0.05538521983421299,-0.03739048552940595
noise_scale,low_to_high,stable_low,1,813,all_post,-0.15772765165458388,-0.15530659932380225,-0.012264811191637356,-0.012614211653632846,-0.14546284046294652,-0.1426923876701694
noise_scale,low_to_high,stable_low,1,813,early,-0.08027996954901524,-0.07758751710843405,-0.00302620772709397,-0.0033665838396487423,-0.07725376182192127,-0.0742209332687853
noise_scale,low_to_high,stable_low,1,813,late,-0.013473341435703334,-0.008167370801610237,-0.0014273704134248992,-0.0009665725268353294,-0.012045971022278435,-0.007200798274774907
noise_scale,low_to_high,stable_low,1,813,mid,-0.42751441405199325,-0.42921131956875974,-0.03595333569379734,-0.037392024970013635,-0.3915610783581959,-0.3918192945987461
noise_scale,low_to_high,stable_low,1,814,all_post,-0.049523434548529824,-0.05408720567282301,5.107220693412514e-05,0.001219777065946091,-0.049574506755463946,-0.055306982738769106
noise_scale,low_to_high,stable_low,1,814,early,-0.013895569568543825,-0.0038775090669636316,-0.001213899534712447,0.0032330048210703274,-0.012681670033831378,-0.0071105138880339595
noise_scale,low_to_high,stable_low,1,814,late,-0.029842208444293555,-0.037045598266813834,0.0009712184476840706,-0.0001828988974614922,-0.030813426891977625,-0.03686269936935234
noise_scale,low_to_high,stable_low,1,814,mid,-0.11139293433416418,-0.12701904548669468,8.918229424743776e-05,0.0010767839286986304,-0.11148211662841162,-0.12809582941539333
noise_scale,low_to_high,stable_low,1,815,all_post,-0.08646896498479917,-0.028262377350509856,-0.003149355613022993,0.006069349540336464,-0.08331960937177618,-0.03433172689084632
noise_scale,low_to_high,stable_low,1,815,early,-0.06256730014112015,-0.05239100240725639,-0.0038543626886904624,0.005411033190783424,-0.058712937452429684,-0.057802035598039814
noise_scale,low_to_high,stable_low,1,815,late,-0.18049255864290503,-0.04952538865645256,-0.004744949423271095,0.011061751239426432,-0.17574760921963395,-0.060587139895878994
noise_scale,low_to_high,stable_low,1,815,mid,0.014994161715662984,0.024216929447493596,-0.0003168901236913881,7.11302911028811e-05,0.015311051839354373,0.024145799156390715
noise_scale,low_to_high,stable_low,1,816,all_post,-0.12197665566830325,-0.12197665566830325,-0.0036674287122575116,-0.0036674287122575116,-0.11830922695604573,-0.11830922695604573
noise_scale,low_to_high,stable_low,1,816,early,-0.11379097721906785,-0.11379097721906785,-0.031051084583826122,-0.031051084583826122,-0.08273989263524173,-0.08273989263524173
noise_scale,low_to_high,stable_low,1,816,late,-0.055255961616240974,-0.055255961616240974,0.0003409806263383799,0.0003409806263383799,-0.055596942242579356,-0.055596942242579356
noise_scale,low_to_high,stable_low,1,816,mid,-0.21912325952028833,-0.21912325952028833,0.018371681374516568,0.018371681374516568,-0.23749494089480488,-0.23749494089480488
noise_scale,low_to_high,stable_low,1,817,all_post,0.04546114411598743,0.019269318181113118,0.06533783541991599,-0.0014311444922332623,-0.019876691303928558,0.02070046267334638
noise_scale,low_to_high,stable_low,1,817,early,0.12251205746134648,0.07101422053039756,0.11299531475049844,-0.00016328965564049724,0.009516742710848042,0.07117751018603806
noise_scale,low_to_high,stable_low,1,817,late,-0.007268638102402351,0.05005055683890014,0.03289333118486059,0.0048823519633940556,-0.04016196928726294,0.04516820487550609
noise_scale,low_to_high,stable_low,1,817,mid,0.038716607061814755,-0.07351723571188738,0.06093969506940743,-0.011116994602995783,-0.02222308800759268,-0.0624002411088916
noise_scale,low_to_high,stable_low,1,818,all_post,0.037949098792304584,0.06255346724228732,-0.0016542645083915785,-0.00784893028835254,0.039603363300696165,0.07040239753063986
noise_scale,low_to_high,stable_low,1,818,early,-0.030441028818524233,-0.008827198572653544,0.003369223693394402,-0.02040838582504297,-0.03381025251191863,0.011581187252389425
noise_scale,low_to_high,stable_low,1,818,late,0.05415457599016727,0.06950601276115739,-0.00417537660621052,-0.000846675773869175,0.05832995259637779,0.07035268853502656
noise_scale,low_to_high,stable_low,1,818,mid,0.08473192347264984,0.12466407236540143,-0.0033162699130856316,-0.004625814104306599,0.08804819338573547,0.12928988646970804
noise_scale,low_to_high,stable_low,1,819,all_post,-0.07795428492930373,-0.060482930390357445,-0.00824601427027977,-0.010108285881180842,-0.06970827065902396,-0.0503746445091766
noise_scale,low_to_high,stable_low,1,819,early,-0.15924201108535985,-0.16820279201078583,-6.981400647158274e-05,-0.005649469811808246,-0.15917219707888827,-0.16255332219897758
noise_scale,low_to_high,stable_low,1,819,late,0.053417723704918776,0.06965369334126541,-0.0023156257340506744,-0.0046833595600142205,0.05573334943896945,0.07433705290127962
noise_scale,low_to_high,stable_low,1,819,mid,-0.17182923695221097,-0.12627856707875956,-0.024329399249060083,-0.021800337045442267,-0.1474998377031509,-0.1044782300333173
noise_scale,low_to_high,stable_low,3,810,all_post,0.12139327841782835,0.11165149656711493,0.006310090369264683,0.005945076298400352,0.11508318804856367,0.10570642026871457
noise_scale,low_to_high,stable_low,3,810,early,0.03381477874750868,0.02596767292473233,-0.009829846597044457,-0.009867498069843621,0.043644625344553135,0.03583517099457595
noise_scale,low_to_high,stable_low,3,810,late,0.20386174361848836,0.19155655075470912,0.02579611353101047,0.025099412251391583,0.1780656300874779,0.16645713850331753
noise_scale,low_to_high,stable_low,3,810,mid,0.09901382448726803,0.09079524795937195,-0.0035313368800872266,-0.003781463937343981,0.10254516136735525,0.09457671189671593
noise_scale,low_to_high,stable_low,3,811,all_post,0.014322083239268793,-0.01409730490808232,-0.011701693537326288,-0.013748165126679032,0.026023776776595082,-0.0003491397814032876
noise_scale,low_to_high,stable_low,3,811,early,-0.022033637608456235,-0.03852026382963778,-0.008014907627135073,-0.008758116374681657,-0.014018729981321162,-0.029762147454956124
noise_scale,low_to_high,stable_low,3,811,late,-0.08930587512490136,-0.108881701065011,-0.02024191697657197,-0.020784089950205312,-0.06906395814832939,-0.08809761111480569
noise_scale,low_to_high,stable_low,3,811,mid,0.18884841523922072,0.13670484888937803,-0.004001514861856598,-0.009356980780641368,0.19284993010107732,0.1460618296700194
noise_scale,low_to_high,stable_low,3,812,all_post,-0.0754613150192972,-0.06696760011400216,0.001612083747379304,-0.006465861568414151,-0.0770733987666765,-0.060501738545588005
noise_scale,low_to_high,stable_low,3,812,early,-0.04306942814115836,-0.030354746282722903,-0.004914774095113708,-0.007268266265089894,-0.03815465404604466,-0.02308648001763301
noise_scale,low_to_high,stable_low,3,812,late,-0.12549215507746306,-0.1411214447563771,0.019224698628616668,0.0016473950533846555,-0.14471685370607973,-0.14276883980976177
noise_scale,low_to_high,stable_low,3,812,mid,-0.04114541515321492,-0.004708661088781467,-0.015344544918444171,-0.01648113236747015,-0.025800870234770748,0.011772471278688683
noise_scale,low_to_high,stable_low,3,813,all_post,0.06802100851502205,0.02479826758573661,-0.0010414086113744738,-0.003561702836526,0.06906241712639652,0.028359970422262612
noise_scale,low_to_high,stable_low,3,813,early,0.01507521835161825,-0.010433596900458454,-0.00015535807721986646,-0.0017928199356485287,0.015230576428838117,-0.008640776964809926
noise_scale,low_to_high,stable_low,3,813,late,0.14822188920346646,0.07851353510967793,0.0018949603185056765,-0.004420758847399211,0.1463269288849608,0.08293429395707715
noise_scale,low_to_high,stable_low,3,813,mid,0.01403229109383323,-0.011590224626656742,-0.005842617718702617,-0.004185177722905854,0.019874908812535848,-0.007405046903750888
noise_scale,low_to_high,stable_low,3,814,all_post,-0.03101363942707802,-0.06296218826868265,-0.0057488868547359365,-0.0004727134832688362,-0.025264752572342085,-0.062489474785413814
noise_scale,low_to_high,stable_low,3,814,early,0.008977250619431554,-0.021368514006035944,0.00023462468643278082,0.00015503911462068335,0.008742625932998772,-0.021523553120656628
noise_scale,low_to_high,stable_low,3,814,late,-0.002686771243209857,-0.02993963068156828,-0.005068738109257665,-0.005719266995141846,0.0023819668660478082,-0.02422036368642643
noise_scale,low_to_high,stable_low,3,814,mid,-0.1087736870520785,-0.1485859393141485,-0.012639263389875685,0.005894938601338992,-0.09613442366220282,-0.1544808779154875
noise_scale,low_to_high,stable_low,3,815,all_post,0.1465624368864327,0.03760001209311995,0.1826548284658696,0.07224338467496774,-0.03609239157943692,-0.03464337258184779
noise_scale,low_to_high,stable_low,3,815,early,-0.09442401014044312,-0.09245897984317963,0.015533950253169915,-0.01043138891443178,-0.10995796039361304,-0.08202759092874785
noise_scale,low_to_high,stable_low,3,815,late,0.39500798979953805,0.15058199309379697,0.4037224785235204,0.17106435712309911,-0.008714488723982339,-0.020482364029302147
noise_scale,low_to_high,stable_low,3,815,mid,0.05628814669583471,0.017016362695183525,0.05501883993503482,0.023156861666858725,0.0012693067607998862,-0.0061404989716752
noise_scale,low_to_high,stable_low,3,816,all_post,0.006141642460249855,-0.012768019303020909,0.02059149714442762,0.0036777995982849067,-0.014449854684177765,-0.016445818901305816
noise_scale,low_to_high,stable_low,3,816,early,0.00721079131043922,0.030179082500157894,-0.0033305053983149284,-0.007275419158422077,0.010541296708754148,0.03745450165857997
noise_scale,low_to_high,stable_low,3,816,late,-0.03243570667154605,-0.036668074609151544,-0.0025798885681846207,-0.008493261001607594,-0.02985581810336143,-0.02817481360754395
noise_scale,low_to_high,stable_low,3,816,mid,0.05650895911912171,-0.023848380698025556,0.07540868063731983,0.030859099154848555,-0.018899721518198118,-0.05470747985287411
noise_scale,low_to_high,stable_low,3,817,all_post,0.007818563014990867,0.010739919229028448,0.0387826627264702,-0.0068657203433161685,-0.030964099711479332,0.017605639572344615
noise_scale,low_to_high,stable_low,3,817,early,-0.020924879428981108,-0.10109293830967424,0.07159168213096338,-0.01459839583825686,-0.09251656155994449,-0.08649454247141738
noise_scale,low_to_high,stable_low,3,817,late,0.01109108278748229,0.0861264971405846,0.006498660228655502,-0.005931676689502075,0.0045924225588267874,0.09205817383008667
noise_scale,low_to_high,stable_low,3,817,mid,0.03219864576230761,0.022057339552322922,0.04901897998572995,-0.0003784363867942635,-0.016820334223422342,0.022435775939117185
noise_scale,low_to_high,stable_low,3,818,all_post,-0.03195787944495626,0.03812009150297354,0.006726724474155767,-0.001530265978321824,-0.03868460391911203,0.03965035748129536
noise_scale,low_to_high,stable_low,3,818,early,-0.08144458826962295,-0.050986182695147125,0.027856246430055423,-0.013880538938677892,-0.10930083469967837,-0.037105643756469235
noise_scale,low_to_high,stable_low,3,818,late,0.04488320951124915,0.18713158476001707,-0.007288847066827865,0.007530352122625573,0.05217205657807701,0.1796012326373915
noise_scale,low_to_high,stable_low,3,818,mid,-0.08492595589523011,-0.07145562530829713,0.004284631239567617,-0.0012608171525622868,-0.08921058713479772,-0.07019480815573484
noise_scale,low_to_high,stable_low,3,819,all_post,-0.030148455494125103,-0.019727850640616933,0.00581612142117679,-0.00426794127279007,-0.035964576915301895,-0.015459909367826864
noise_scale,low_to_high,stable_low,3,819,early,-0.012184400292733795,-0.006426973623398081,0.005125350680316315,-0.005227307394174412,-0.01730975097305011,-0.001199666229223669
noise_scale,low_to_high,stable_low,3,819,late,-0.023758963235680143,-0.04190195319294647,0.018807305877587676,-0.0015637706135255358,-0.042566269113267816,-0.040338182579420935
noise_scale,low_to_high,stable_low,3,819,mid,-0.05663183370677637,-0.003463257588063068,-0.01081468711317725,-0.0069141360304251056,-0.045817146593599124,0.0034508784423620377
noise_scale,low_to_high,stable_low,6,810,all_post,0.1497742609787461,0.1421500357711605,0.01499121452681627,0.014671492730419086,0.13478304645192984,0.1274785430407414
noise_scale,low_to_high,stable_low,6,810,early,0.004258318460947962,-0.0004481487455925276,-0.002025548839843921,-0.0018421899527747592,0.006283867300791883,0.0013940412071822316
noise_scale,low_to_high,stable_low,6,810,late,0.2694731221279054,0.2602321862280471,0.04446434029549415,0.043840970809087144,0.22500878183241127,0.21639121541895998
noise_scale,low_to_high,stable_low,6,810,mid,0.14566662706009506,0.13714553221680525,-0.004833429317370888,-0.005276672184722139,0.15050005637746594,0.1424222044015274
noise_scale,low_to_high,stable_low,6,811,all_post,-0.006593251835431577,-0.04203215947140914,-0.01716482858126874,-0.017340250734587427,0.010571576745837166,-0.024691908736821713
noise_scale,low_to_high,stable_low,6,811,early,-0.004101006425703328,-0.03129744672352794,-0.0038248138740722844,-0.0034878089978550015,-0.000276192551631044,-0.027809637725672937
noise_scale,low_to_high,stable_low,6,811,late,-0.1705076428518583,-0.19085983150012703,-0.04770469376194395,-0.0436909284362427,-0.12280294908991435,-0.14716890306388433
noise_scale,low_to_high,stable_low,6,811,mid,0.19580749152537366,0.13326771781660704,0.0076699881873788164,0.001745654655749239,0.18813750333799484,0.1315220631608578
noise_scale,low_to_high,stable_low,6,812,all_post,-0.04503627392486886,-0.04679367380265076,0.009426101704447376,-0.0028245946184097957,-0.05446237562931623,-0.043969079184240964
noise_scale,low_to_high,stable_low,6,812,early,-0.024224758555023294,0.0024381240204192495,-0.0069830089689671,-0.008697907544227829,-0.017241749586056194,0.011136031564647078
noise_scale,low_to_high,stable_low,6,812,late,-0.13495230808374137,-0.16249361848379712,0.03038087876668966,0.008092790122262198,-0.16533318685043102,-0.1705864086060593
noise_scale,low_to_high,stable_low,6,812,mid,0.04654725340387622,0.04859945922571213,-0.0003582589499410149,-0.010598012618431749,0.046905512353817236,0.059197471844143874
noise_scale,low_to_high,stable_low,6,813,all_post,0.0021009922227118016,0.004044476095782435,-0.00603277159344179,-0.006307952941854834,0.008133763816153591,0.010352429037637268
noise_scale,low_to_high,stable_low,6,813,early,0.01648077847466032,0.018496404331320004,-0.0077556592397892525,-0.008020460270873553,0.024236437714449572,0.026516864602193557
noise_scale,low_to_high,stable_low,6,813,late,0.04389168630396944,0.04801890949749812,-0.009341271969492006,-0.009014481472678937,0.053232958273461445,0.05703339097017705
noise_scale,low_to_high,stable_low,6,813,mid,-0.06451716163080876,-0.06537549389189973,-0.00017425847703155783,-0.001212284949305987,-0.06434290315377719,-0.06416320894259374
noise_scale,low_to_high,stable_low,6,814,all_post,0.03785849881571256,-0.09824528279913672,0.1163227817113711,-0.023427635824514636,-0.07846428289565854,-0.07481764697462208
noise_scale,low_to_high,stable_low,6,814,early,0.08203409717791325,-0.02467886954103804,0.044750120143227795,-0.031334852825654354,0.03728397703468546,0.006655983284616314
noise_scale,low_to_high,stable_low,6,814,late,-0.02258030689761153,-0.03908270983205397,0.08509604492962687,-0.010179145284007941,-0.1076763518272384,-0.028903564548046025
noise_scale,low_to_high,stable_low,6,814,mid,0.06923140759516704,-0.24576491226608876,0.22692886425669467,-0.03208103199900829,-0.15769745666152762,-0.21368388026708046
noise_scale,low_to_high,stable_low,6,815,all_post,2.9618188765889975,0.061951570479608864,3.0368787294233814,0.12387620140004099,-0.07505985283438399,-0.06192463092043213
noise_scale,low_to_high,stable_low,6,815,early,0.18367854549562793,-0.09849564933864101,0.4137987584700186,-0.04440337307730374,-0.2301202129743907,-0.054092276261337266
noise_scale,low_to_high,stable_low,6,815,late,6.258135412323921,0.203275830510302,6.3343939782198975,0.32212556831226224,-0.07625856589597646,-0.11884973780196023
noise_scale,low_to_high,stable_low,6,815,mid,1.6195635380137123,0.04574346525949233,1.5380646393810988,0.044344067237109173,0.0814988986326135,0.001399398022383154
noise_scale,low_to_high,stable_low,6,816,all_post,0.012673855022245592,-0.007048882169113384,0.019278521124142987,-0.0015007339612347565,-0.006604666101897395,-0.005548148207878628
noise_scale,low_to_high,stable_low,6,816,early,0.003380190687322695,0.06098202083985211,-0.013898342701969173,-0.012653975034564004,0.01727853338929187,0.07363599587441612
noise_scale,low_to_high,stable_low,6,816,late,-0.03681601500900202,-0.036255179046298984,-0.03462407428919366,-0.04239068167448769,-0.002191940719808362,0.0061355026281887035
noise_scale,low_to_high,stable_low,6,816,mid,0.08382985689622802,-0.038571914081596846,0.11983362921692597,0.06076494175366067,-0.03600377232069796,-0.09933685583525752
noise_scale,low_to_high,stable_low,6,817,all_post,-0.010128614096572184,-0.0025027045401046586,0.05364329271642445,-0.014648982284939457,-0.06377190681299663,0.012146277744834798
noise_scale,low_to_high,stable_low,6,817,early,-0.13854255405658258,-0.2303681977235422,0.08235033915493004,-0.042122729154993065,-0.22089289321151262,-0.18824546856854912
noise_scale,low_to_high,stable_low,6,817,late,0.013478069395309777,0.14216659109469532,0.0009677147672829817,-0.005210547796253473,0.012510354628026795,0.14737713889094878
noise_scale,low_to_high,stable_low,6,817,mid,0.08877697149858578,0.04452616909983287,0.09078071871434568,0.0010267214742566762,-0.0020037472157598962,0.04349944762557619
noise_scale,low_to_high,stable_low,6,818,all_post,-0.07902805690342198,0.06466524011084007,0.007919010169364858,-0.007189483966764962,-0.08694706707278683,0.07185472407760503
noise_scale,low_to_high,stable_low,6,818,early,-0.1412704086875972,-0.019758533823479963,0.029026907663468434,-0.043596473667956805,-0.17029731635106563,0.02383793984447684
noise_scale,low_to_high,stable_low,6,818,late,0.0004229556823353612,0.2504879941540628,-0.011210912479441375,0.01651234520833265,0.011633868161776736,0.23397564894573017
noise_scale,low_to_high,stable_low,6,818,mid,-0.1160994708514435,-0.08318942850886826,0.010723515986269081,-0.00040978073444513833,-0.12682298683771256,-0.08277964777442312
noise_scale,low_to_high,stable_low,6,819,all_post,-0.059217147629424524,-0.041197391792047226,0.0036396136170044036,-0.008091581879185647,-0.06285676124642893,-0.03310580991286158
noise_scale,low_to_high,stable_low,6,819,early,-0.013087637837675135,-0.0012139675259712397,0.004074121687212686,-0.008837081501808284,-0.01716175952488782,0.007623113975837045
noise_scale,low_to_high,stable_low,6,819,late,-0.06137293575865973,-0.0824902655952125,0.020570796660028055,-0.00412227698725002,-0.08194373241868778,-0.07836798860796247
noise_scale,low_to_high,stable_low,6,819,mid,-0.10265192225962998,-0.029564723804166627,-0.017958873256983445,-0.012307713371482535,-0.08469304900264653,-0.017257010432684093
noise_scale,low_to_high,stable_low,12,810,all_post,0.26764629761660463,0.2573040176310144,0.030634425395115447,0.030099534825767542,0.23701187222148917,0.22720448280524685
noise_scale,low_to_high,stable_low,12,810,early,0.051134022507456835,0.04505426757812866,0.0009228464313781387,0.0011218685995843076,0.050211176076078695,0.04393239897854435
noise_scale,low_to_high,stable_low,12,810,late,0.5519548004408943,0.535425060788119,0.08613554806596713,0.0845807347716176,0.46581925237492716,0.45084432601650143
noise_scale,low_to_high,stable_low,12,810,mid,0.17615769466610545,0.16825597093037012,0.0002197881320967638,5.5901110613215906e-05,0.17593790653400868,0.1682000698197569
noise_scale,low_to_high,stable_low,12,811,all_post,0.15081615568511386,-0.1182517955765809,-0.009049689793473488,-0.04674791364201949,0.15986584547858734,-0.07150388193456142
noise_scale,low_to_high,stable_low,12,811,early,0.20543366634740334,-0.03494289484183811,0.004508023528159652,0.027247856381449262,0.2009256428192437,-0.06219075122328737
noise_scale,low_to_high,stable_low,12,811,late,-0.25061231823459107,-0.42169241392499346,-0.06679030046727097,-0.15962342928970352,-0.1838220177673201,-0.26206898463528994
noise_scale,low_to_high,stable_low,12,811,mid,0.5310794917691716,0.12716664023278987,0.03994492511484065,0.0015381249528361215,0.4911345666543309,0.12562851527995375
noise_scale,low_to_high,stable_low,12,812,all_post,-0.27477478698323116,-0.26581777633743653,-0.02925580688178093,-0.04765857616932776,-0.24551898010145023,-0.21815920016810877
noise_scale,low_to_high,stable_low,12,812,early,0.022312707820788074,0.060163114786324544,-0.012667109056235146,-0.016259909985808337,0.03497981687702322,0.07642302477213288
noise_scale,low_to_high,stable_low,12,812,late,-0.811127166288289,-0.8622178924817374,-0.03518517661437023,-0.07241034189832964,-0.7759419896739187,-0.7898075505834078
noise_scale,low_to_high,stable_low,12,812,mid,0.00918612912656215,0.0543014583617951,-0.03942102083035498,-0.05224282947976177,0.04860714995691713,0.10654428784155687
noise_scale,low_to_high,stable_low,12,813,all_post,-0.02140433393884111,-0.011750935453230332,0.012788873293685575,-0.003179126919480705,-0.03419320723252668,-0.008571808533749628
noise_scale,low_to_high,stable_low,12,813,early,0.007962450314309174,0.008963328580297558,0.015996152554694065,-0.00255443707494766,-0.008033702240384891,0.011517765655245218
noise_scale,low_to_high,stable_low,12,813,late,-0.03907402515343889,-0.005651139459318726,-0.0249348273939573,-0.026467689459681643,-0.014139197759481591,0.020816550000362918
noise_scale,low_to_high,stable_low,12,813,mid,-0.03162895270951047,-0.0390733118134958,0.050448936444290195,0.02142545932120393,-0.08207788915380067,-0.06049877113469973
noise_scale,low_to_high,stable_low,12,814,all_post,-0.1956388633878535,-0.21544078221028823,-0.044448711736164014,-0.10024420445277792,-0.15119015165168948,-0.11519657775751031
noise_scale,low_to_high,stable_low,12,814,early,0.008121777410363762,0.02071917663784384,-0.0057237028078699105,-0.01665727218703718,0.013845480218233673,0.03737644882488102
noise_scale,low_to_high,stable_low,12,814,late,-0.029497591855465417,-0.008540454746113339,0.09213956036694874,0.05364213354332677,-0.12163715222241417,-0.06218258828944011
noise_scale,low_to_high,stable_low,12,814,mid,-0.579385881679491,-0.6757427624779432,-0.23114434877616355,-0.3505413362142988,-0.3482415329033275,-0.3252014262636444
noise_scale,low_to_high,stable_low,12,815,all_post,2.870340782099534,0.24339004357616664,2.950773147053724,0.23107957054284958,-0.08043236495419004,0.01231047303331706
noise_scale,low_to_high,stable_low,12,815,early,0.177138875102293,-0.1398148882127814,0.3678572017316366,-0.15438283397833283,-0.1907183266293436,0.014567945765551427
noise_scale,low_to_high,stable_low,12,815,late,6.371136148829976,0.7211856283173729,6.489862358938206,0.7027717134113598,-0.11872621010823003,0.018413914906013074
noise_scale,low_to_high,stable_low,12,815,mid,1.7710143751387974,0.10898309189547455,1.6996757795009565,0.10554215362314594,0.07133859563784095,0.0034409382723286086
noise_scale,low_to_high,stable_low,12,816,all_post,0.08565219968773768,-0.004225223304859008,0.015241310548884428,-0.041067730328011795,0.07041088913885325,0.03684250702315279
noise_scale,low_to_high,stable_low,12,816,early,0.011545068459878747,0.14138000777747975,-0.01717709060298116,-0.0077898783728397175,0.02872215906285991,0.14916988615031945
noise_scale,low_to_high,stable_low,12,816,late,0.08405600129622615,0.04709034317573553,-0.043095117221931725,-0.06403646576809686,0.12715111851815786,0.1111268089438324
noise_scale,low_to_high,stable_low,12,816,mid,0.16148854583973407,-0.2054223180745085,0.11085750845246752,-0.04946278555642505,0.050631037387266556,-0.15595953251808345
noise_scale,low_to_high,stable_low,12,817,all_post,0.07513463644992588,-0.006716672123883998,0.08889594193002451,-0.10359864824322824,-0.013761305480098629,0.09688197611934425
noise_scale,low_to_high,stable_low,12,817,early,-0.13763162635235018,-0.3736391309435744,0.044730302909340686,-0.2681144139210284,-0.18236192926169087,-0.10552471702254601
noise_scale,low_to_high,stable_low,12,817,late,-0.005540733348079619,0.27304024926014725,-0.05558474871771538,-0.04483880615836741,0.050044015369635764,0.3178790554185147
noise_scale,low_to_high,stable_low,12,817,mid,0.37529921653337456,0.05713578852977259,0.28958232915242654,-0.002739378157360653,0.08571688738094801,0.05987516668713324
noise_scale,low_to_high,stable_low,12,818,all_post,-0.19133096677647946,0.02686597335322959,-0.02635395568279812,-0.04218541416707182,-0.16497701109368135,0.0690513875203014
noise_scale,low_to_high,stable_low,12,818,early,-0.19212814090825922,0.001044255591604255,-0.060931576367209306,-0.1505005058334377,-0.13119656454104991,0.15154476142504195
noise_scale,low_to_high,stable_low,12,818,late,-0.025549530811260802,0.3201549314520356,-0.019977028131269052,0.020716641150001474,-0.00557250267999175,0.2994382903020341
noise_scale,low_to_high,stable_low,12,818,mid,-0.3701303482736866,-0.26504201349218487,0.0013153268207898923,-0.0020142157608686556,-0.3714456750944765,-0.26302779773131624
noise_scale,low_to_high,stable_low,12,819,all_post,-0.14841117378421045,-0.12182264420604114,-0.023404798743791127,-0.030721531652509793,-0.12500637504041934,-0.09110111255353134
noise_scale,low_to_high,stable_low,12,819,early,-0.04593096528808127,-0.04502363012117095,-0.010760954492947597,-0.022698306822426628,-0.035170010795133676,-0.022325323298744322
noise_scale,low_to_high,stable_low,12,819,late,-0.22562285735683313,-0.24210968606376965,-0.0191157784942106,-0.038767402897069494,-0.20650707886262254,-0.20334228316670017
noise_scale,low_to_high,stable_low,12,819,mid,-0.16724539174333172,-0.06831069627837218,-0.0406950815983469,-0.030028395967653294,-0.12655031014498483,-0.038282300310718886
persistence,low_to_high,stable_low,1,810,all_post,0.0645346246614903,0.07915256784335531,-0.014218086594845789,-0.009027215339130635,0.0787527112563361,0.08817978318248594
persistence,low_to_high,stable_low,1,810,early,-0.00909379176625201,-0.01773078198839169,-0.0069487237835555785,-0.00431324543966545,-0.0021450679826964317,-0.013417536548726239
persistence,low_to_high,stable_low,1,810,late,0.1969608398979939,0.23560773774342958,-0.01765815738478945,-0.005363198175665836,0.21461899728278336,0.2409709359190954
persistence,low_to_high,stable_low,1,810,mid,-0.038405245892772194,-0.032570975524996666,-0.016900688352877787,-0.018626541456548892,-0.021504557539894407,-0.013944434068447774
persistence,low_to_high,stable_low,1,811,all_post,0.05224700127461453,0.06725531985403352,-0.024302814258127123,-0.02377052920045476,0.07654981553274165,0.09102584905448828
persistence,low_to_high,stable_low,1,811,early,0.013637669165742078,0.057638566342685764,-0.049987305575322195,-0.014664921245409315,0.06362497474106427,0.07230348758809507
persistence,low_to_high,stable_low,1,811,late,0.10202261413640029,0.11278568789466487,-0.05408979076471831,-0.056278188047201305,0.1561124049011186,0.16906387594186617
persistence,low_to_high,stable_low,1,811,mid,0.024488849567772558,0.016164915977872864,0.04109764573452289,0.010467407973495197,-0.01660879616675033,0.005697508004377667
persistence,low_to_high,stable_low,1,812,all_post,0.07128584893939521,0.1052312472871549,0.0013428057421188979,0.004443483283634859,0.06994304319727632,0.10078776400352003
persistence,low_to_high,stable_low,1,812,early,0.017364241072314424,-0.053317837956900066,0.004376440654678258,-0.049231361733351964,0.012987800417636166,-0.004086476223548102
persistence,low_to_high,stable_low,1,812,late,0.0937027554563776,0.2546453803554154,-0.037888756897122386,0.05667126581301696,0.13159151235349997,0.19797411454239844
persistence,low_to_high,stable_low,1,812,mid,0.09531824811716616,0.06456148844019592,0.05061792101521458,-0.011518715071887781,0.04470032710195158,0.07608020351208371
persistence,low_to_high,stable_low,1,813,all_post,0.11069808134974402,0.13328198588204657,-0.040161202608812646,-0.037425085875435984,0.15085928395855666,0.17070707175748256
persistence,low_to_high,stable_low,1,813,early,-0.027739255911637926,-0.037366687241778586,-0.030371800652209836,-0.03306091093426406,0.00263254474057191,-0.004305776307514525
persistence,low_to_high,stable_low,1,813,late,0.14524892069295509,0.13556994038199993,-0.022144340537027664,-0.03488274564530265,0.16739326122998274,0.17045268602730257
persistence,low_to_high,stable_low,1,813,mid,0.2030676328201778,0.3008800530059339,-0.07397308732779541,-0.045179047790119026,0.2770407201479732,0.34605910079605295
persistence,low_to_high,stable_low,1,814,all_post,0.08776889397965285,0.03470947174902124,-0.010349619404335023,-0.026095031816214132,0.09811851338398787,0.06080450356523537
persistence,low_to_high,stable_low,1,814,early,0.02947685566253842,-0.016132814221773692,-0.04726622803320055,-0.06238321460354681,0.07674308369573897,0.04625040038177312
persistence,low_to_high,stable_low,1,814,late,0.11600765159602712,0.06574401957698044,0.010045930100163938,-0.004019498847254579,0.10596172149586318,0.06976351842423502
persistence,low_to_high,stable_low,1,814,mid,0.1084092554749349,0.04417236061587058,-0.0006270767814680831,-0.01924089298749418,0.109036332256403,0.06341325360336475
persistence,low_to_high,stable_low,1,815,all_post,0.1459651692349698,0.21637452745208324,-0.03151732529593161,0.009248183985647165,0.17748249453090142,0.20712634346643607
persistence,low_to_high,stable_low,1,815,early,0.008237662270711628,0.051045474819954556,-0.004734153526255384,0.029721581687169835,0.012971815796967013,0.02132389313278472
persistence,low_to_high,stable_low,1,815,late,0.32790174193620414,0.4613283289969616,-0.08083638495029495,-0.008468665859355545,0.4087381268864991,0.4697969948563171
persistence,low_to_high,stable_low,1,815,mid,0.04111057926424889,0.05509851135770739,0.0074582491402099835,0.012397252744128113,0.033652330124038905,0.04270125861357928
persistence,low_to_high,stable_low,1,816,all_post,0.022907452055619816,0.1542307763867124,-0.06336197570158608,-0.09307063380903857,0.08626942775720589,0.24730141019575097
persistence,low_to_high,stable_low,1,816,early,-0.011692558403923274,0.11652787628851653,-0.16786333303669135,-0.12809140019744536,0.15617077463276807,0.24461927648596188
persistence,low_to_high,stable_low,1,816,late,0.04315797453183619,0.09795122447917293,-0.07739046969787527,-0.08087007253138419,0.12054844422971146,0.1788212970105571
persistence,low_to_high,stable_low,1,816,mid,0.03050676588020774,0.26697307902829415,0.059844040295238134,-0.07431728245750432,-0.029337274415030392,0.3412903614857985
persistence,low_to_high,stable_low,1,817,all_post,0.26951536630969064,0.06437220180299252,0.11564401407685168,-0.00801756599432135,0.15387135223283896,0.07238976779731388
persistence,low_to_high,stable_low,1,817,early,0.36642174802598815,0.01654542905675757,0.21425636231937895,0.017664599134610007,0.1521653857066092,-0.0011191700778524355
persistence,low_to_high,stable_low,1,817,late,0.240389648581241,0.07850409488468835,0.052422246158784755,0.00028179354002124887,0.18796740242245624,0.0782223013446671
persistence,low_to_high,stable_low,1,817,mid,0.21144327489799294,0.09335645044029971,0.10132735639174693,-0.04476554383570949,0.11011591850624601,0.13812199427600919
persistence,low_to_high,stable_low,1,818,all_post,0.024555505263195682,0.009604731682225818,0.0033934393202012005,0.02784476425184687,0.021162065942994482,-0.018240032569621055
persistence,low_to_high,stable_low,1,818,early,0.07118565874410128,0.019029136276743578,0.0085847593832135,0.030699478615563134,0.06260089936088778,-0.011670342338819556
persistence,low_to_high,stable_low,1,818,late,-0.015891258822333984,0.010140796109819647,0.011115008173819007,0.024079568538614725,-0.02700626699615299,-0.013938772428795078
persistence,low_to_high,stable_low,1,818,mid,0.03185437056299629,-0.0005344254824170627,-0.012093305880968174,0.0300103108391068,0.04394767644396446,-0.030544736321523863
persistence,low_to_high,stable_low,1,819,all_post,-0.03877114003302699,-0.050534593493372214,-0.045884976506885236,-0.04095598762614674,0.007113836473858243,-0.009578605867225476
persistence,low_to_high,stable_low,1,819,early,-0.03354421869056374,-0.03295792444260593,-0.07424458927437992,-0.07369028713403174,0.04070037058381618,0.04073236269142581
persistence,low_to_high,stable_low,1,819,late,0.024739607771000052,0.010166678679855391,0.007793369664370285,0.008802227416612279,0.016946238106629766,0.0013644512632431122
persistence,low_to_high,stable_low,1,819,mid,-0.12867905844752633,-0.14904629210844195,-0.08909649196773123,-0.07456597484194043,-0.039582566479795106,-0.07448031726650152
persistence,low_to_high,stable_low,3,810,all_post,0.039724061926418724,0.03972342501588645,0.02172521974338832,0.02165669690988356,0.017998842183030404,0.01806672810600289
persistence,low_to_high,stable_low,3,810,early,-0.01049394872161834,-0.010678183078447874,-0.005775276694913306,-0.005824511766896502,-0.004718672026705033,-0.004853671311551372
persistence,low_to_high,stable_low,3,810,late,0.11225840862635802,0.11244296734966805,0.05934305995410136,0.05928862533595117,0.05291534867225667,0.05315434201371688
persistence,low_to_high,stable_low,3,810,mid,-0.006770389692129962,-0.0068343566681547145,-0.0009314040992607757,-0.0010379989814265182,-0.005838985592869186,-0.005796357686728196
persistence,low_to_high,stable_low,3,811,all_post,0.052581385830585706,0.031695612961016986,-0.024019418589463645,-0.03516116244230187,0.07660080442004935,0.06685677540331886
persistence,low_to_high,stable_low,3,811,early,0.02543849151438138,0.04870647943875897,-0.023542947673543993,-0.017626905272429914,0.04898143918792537,0.06633338471118888
persistence,low_to_high,stable_low,3,811,late,0.056267434508674684,0.026552933746294687,-0.0703821878020924,-0.0757825481286035,0.1266496223107671,0.10233548187489819
persistence,low_to_high,stable_low,3,811,mid,0.07480954857600469,0.021541652102904766,0.037321136111455065,0.0014664279695616653,0.03748841246454963,0.0200752241333431
persistence,low_to_high,stable_low,3,812,all_post,0.11209980143650115,0.08967657150687863,0.012687056925067946,0.002225881991895301,0.09941274451143321,0.08745068951498333
persistence,low_to_high,stable_low,3,812,early,-0.04236711275873032,-0.04776440766300084,-0.027388011895544545,-0.029785223101484796,-0.014979100863185775,-0.01797918456151604
persistence,low_to_high,stable_low,3,812,late,0.31319951243459004,0.2632421347123912,0.08459904137756107,0.059926392886897197,0.22860047105702896,0.20331574182549403
persistence,low_to_high,stable_low,3,812,mid,-0.0015662323657193039,-0.004303200263925351,-0.04312052019097704,-0.042697027441393774,0.04155428782525774,0.03839382717746842
persistence,low_to_high,stable_low,3,813,all_post,0.017934104960604595,0.018638211842160787,-0.010256938858595032,-0.010352726245587088,0.028191043819199627,0.028990938087747876
persistence,low_to_high,stable_low,3,813,early,-0.006838445417149568,-0.007612163075490295,-0.010444171946278289,-0.01056493896178042,0.003605726529128721,0.002952775886290125
persistence,low_to_high,stable_low,3,813,late,-0.0856333308775218,-0.08691725971267428,-0.01702190985285824,-0.017792623282531367,-0.06861142102466355,-0.06912463643014291
persistence,low_to_high,stable_low,3,813,mid,0.18079656978919398,0.185629215499592,-0.0010497444452274955,-0.00022065081346804918,0.18184631423442146,0.18584986631306005
persistence,low_to_high,stable_low,3,814,all_post,0.27836683994622174,0.06565568243097922,0.06525639988076512,-0.02242338621080925,0.21311044006545662,0.08807906864178847
persistence,low_to_high,stable_low,3,814,early,0.23004361205195364,0.04121395735918021,0.017351844102725472,-0.05460788670914826,0.21269176794922817,0.09582184406832847
persistence,low_to_high,stable_low,3,814,late,0.04870512810614516,0.0096882223571805,0.024079288169532764,-0.005893721398304151,0.0246258399366124,0.015581943755484651
persistence,low_to_high,stable_low,3,814,mid,0.6329056836272587,0.1647206876011765,0.16806377127378122,-0.012278438795810365,0.4648419123534775,0.17699912639698687
persistence,low_to_high,stable_low,3,815,all_post,3.0711804971300793,0.19442328277366436,2.984145276505174,0.15102308270506176,0.08703522062490521,0.043400200068602596
persistence,low_to_high,stable_low,3,815,early,0.17439430508756915,-0.07891988425856386,0.2828318727333029,-0.07528810368610352,-0.10843756764573376,-0.003631780572460344
persistence,low_to_high,stable_low,3,815,late,6.4699763475928265,0.4851050457344427,6.156568439150336,0.38967664203710073,0.3134079084424908,0.09542840369734196
persistence,low_to_high,stable_low,3,815,mid,1.4362388885555941,0.08019076585818814,1.4555611300834987,0.05912952332017516,-0.019322241527904627,0.021061242538012982
persistence,low_to_high,stable_low,3,816,all_post,0.07511267883735259,0.07511267883735259,0.01963170057998586,0.01963170057998586,0.05548097825736673,0.05548097825736673
persistence,low_to_high,stable_low,3,816,early,0.010049127972585234,0.010049127972585234,-0.018295847314445793,-0.018295847314445793,0.028344975287031025,0.028344975287031025
persistence,low_to_high,stable_low,3,816,late,-0.03860049844106363,-0.03860049844106363,-0.006429069706201003,-0.006429069706201003,-0.032171428734862624,-0.032171428734862624
persistence,low_to_high,stable_low,3,816,mid,0.2917937994066749,0.2917937994066749,0.09230694218933333,0.09230694218933333,0.19948685721734155,0.19948685721734155
persistence,low_to_high,stable_low,3,817,all_post,0.09819519397560199,0.0004939632926559163,0.056791938237871355,-0.007166452727316997,0.04140325573773063,0.007660416019972913
persistence,low_to_high,stable_low,3,817,early,0.09627678477799849,-0.06511559592898791,0.12102613589739157,-0.014286883767338604,-0.02474935111939308,-0.05082871216164931
persistence,low_to_high,stable_low,3,817,late,0.09315966141847457,0.03673938294773041,0.012176331931981428,-0.004178543059461963,0.08098332948649314,0.04091792600719237
persistence,low_to_high,stable_low,3,817,mid,0.10682764658270871,0.017776296307533773,0.05204521565287099,-0.004029901244435433,0.05478243092983772,0.021806197551969206
persistence,low_to_high,stable_low,3,818,all_post,0.05885385703732911,0.00902226921208021,-0.003239429299857638,-0.02527766789251821,0.06209328633718675,0.034299937104598416
persistence,low_to_high,stable_low,3,818,early,0.20793528689977436,0.010978699141036932,0.047563233202823595,-0.064568881563883,0.16037205369695076,0.07554758070491993
persistence,low_to_high,stable_low,3,818,late,-0.0013420029828897324,0.009547511360698844,-0.029839228776923934,0.009949836102462067,0.0284972257940342,-0.0004023247417632228
persistence,low_to_high,stable_low,3,818,mid,-0.009966426131490997,0.00636551641829865,-0.0185756924997838,-0.03295645954779377,0.008609266368292802,0.039321975966092416
persistence,low_to_high,stable_low,3,819,all_post,0.012083250096619305,-0.02243014539085021,-0.0067872422123336105,-0.02755374970179867,0.018870492308952914,0.005123604310948462
persistence,low_to_high,stable_low,3,819,early,-0.0005324564431640535,0.0006939923902760029,0.007650854862867332,-0.015547653970290981,-0.008183311306031385,0.016241646360566984
persistence,low_to_high,stable_low,3,819,late,0.13561183492438034,0.05437268259584338,0.037941938481217165,-0.013391028303138146,0.09766989644316318,0.06776371089898153
persistence,low_to_high,stable_low,3,819,mid,-0.14000582313394536,-0.1479580538209012,-0.08086424687893558,-0.05844347396485372,-0.05914157625500978,-0.08951457985604747
persistence,low_to_high,stable_low,6,810,all_post,-0.031349178198097495,-0.03134572383545134,0.030100885491420388,0.030095664326616596,-0.061450063689517886,-0.061441388162067935
persistence,low_to_high,stable_low,6,810,early,-0.02912242453491691,-0.02915325373406974,-0.0018032791001896694,-0.0018093713839902256,-0.02731914543472724,-0.027343882350079514
persistence,low_to_high,stable_low,6,810,late,-0.07249120169877159,-0.0724592911547086,0.06634108439869336,0.06633069100762123,-0.13883228609746495,-0.13878998216232985
persistence,low_to_high,stable_low,6,810,mid,0.017851597514564558,0.01785376521223864,0.01670480144893922,0.01670691668596762,0.001146796065625337,0.0011468485262710187
persistence,low_to_high,stable_low,6,811,all_post,-0.05552560969849011,-0.08877366352766566,-0.03914467851993096,-0.05530685443720999,-0.016380931178559148,-0.03346680909045567
persistence,low_to_high,stable_low,6,811,early,-0.01511293217579078,-0.02447766999661991,-0.005935759000026848,-0.021622789738577328,-0.009177173175763931,-0.002854880258042581
persistence,low_to_high,stable_low,6,811,late,-0.20156442993659612,-0.23484747261772404,-0.10949835254437675,-0.11524039491224762,-0.09206607739221938,-0.11960707770547642
persistence,low_to_high,stable_low,6,811,mid,0.08661023807644308,0.02952260430386157,0.015588494490722143,-0.014073993542045556,0.07102174358572094,0.04359659784590712
persistence,low_to_high,stable_low,6,812,all_post,0.05093898367701187,0.03795264076676952,0.035897503706181756,0.030598685079896635,0.015041479970830114,0.007353955686872884
persistence,low_to_high,stable_low,6,812,early,-0.020998187374818594,-0.02239511392124617,-0.025653451643872893,-0.025137058733722614,0.004655264269054299,0.0027419448124764434
persistence,low_to_high,stable_low,6,812,late,0.15503786149526774,0.12249191033351739,0.1242469532577963,0.1098221304893048,0.030790908237471437,0.012669779844212595
persistence,low_to_high,stable_low,6,812,mid,-0.007247442543977527,-0.007373691503649633,-0.012988352883281746,-0.01269487786824431,0.005740910339304219,0.005321186364594677
persistence,low_to_high,stable_low,6,813,all_post,-0.06732052900149095,-0.07957226701005068,-0.00640936037915123,-0.014462384200572487,-0.06091116862233972,-0.0651098828094782
persistence,low_to_high,stable_low,6,813,early,-0.008938864278623655,0.010056495543252228,-0.0060524009703837615,-0.008641438060952111,-0.0028864633082398934,0.01869793360420434
persistence,low_to_high,stable_low,6,813,late,-0.18716374989929604,-0.18066938102446434,-0.013729364503687383,-0.015596198179512986,-0.17343438539560865,-0.16507318284495134
persistence,low_to_high,stable_low,6,813,mid,0.024101832397898103,-0.042829637045336544,0.0023836853677514946,-0.01886606286651724,0.021718147030146608,-0.023963574178819304
persistence,low_to_high,stable_low,6,814,all_post,0.2873182050615996,0.21375601775128297,0.09119001400620509,0.05165600846798622,0.19612819105539453,0.16210000928329676
persistence,low_to_high,stable_low,6,814,early,0.1746582425619263,0.1262440384397474,0.027418092530677757,0.006998533204349071,0.14724015003124855,0.11924550523539834
persistence,low_to_high,stable_low,6,814,late,-0.06927407778580053,-0.07958493955149307,0.043275471020635274,0.024977616787430615,-0.1125495488064358,-0.10456255633892368
persistence,low_to_high,stable_low,6,814,mid,0.8457185211205229,0.6679441936912887,0.21485511421369474,0.1296614733323179,0.6308634069068282,0.5382827203589707
persistence,low_to_high,stable_low,6,815,all_post,2.918913880367832,0.1254002444449474,3.031905824571937,0.2240467466737469,-0.11299194420410519,-0.0986465022287995
persistence,low_to_high,stable_low,6,815,early,0.12308293462930915,-0.11473070465748784,0.3101801821925057,-0.0713789122745029,-0.18709724756319657,-0.04335179238298495
persistence,low_to_high,stable_low,6,815,late,6.209336031989767,0.34889900852041866,6.342804660403356,0.5640046703240524,-0.1334686284135893,-0.21510566180363377
persistence,low_to_high,stable_low,6,815,mid,1.6017171365789362,0.08615773845304357,1.6150079221620939,0.09452500105911481,-0.01329078558315766,-0.008367262606071235
persistence,low_to_high,stable_low,6,816,all_post,0.09814829855731719,0.09814829855731719,0.010118087701651254,0.010118087701651254,0.08803021085566594,0.08803021085566594
persistence,low_to_high,stable_low,6,816,early,0.03204471510312284,0.03204471510312284,-0.003689075853874869,-0.003689075853874869,0.035733790956997705,0.035733790956997705
persistence,low_to_high,stable_low,6,816,late,-0.04330850503189639,-0.04330850503189639,-0.05069270821883989,-0.05069270821883989,0.007384203186943494,0.007384203186943494
persistence,low_to_high,stable_low,6,816,mid,0.3410728864980284,0.3410728864980284,0.0999387461577913,0.0999387461577913,0.2411341403402371,0.2411341403402371
persistence,low_to_high,stable_low,6,817,all_post,0.10369546015372208,-0.03661452643321095,0.056107368536342545,-0.03600094201440186,0.047588091617379535,-0.000613584418809085
persistence,low_to_high,stable_low,6,817,early,0.050050877810797166,-0.16772831003219482,0.09477570469369652,-0.09418595947052882,-0.04472482688289935,-0.073542350561666
persistence,low_to_high,stable_low,6,817,late,0.11784821532876763,0.058746232506211804,-0.007601483183524175,-0.016445206520142832,0.12544969851229182,0.07519143902635464
persistence,low_to_high,stable_low,6,817,mid,0.13964909852784008,-0.024701691508505482,0.097075097028822,-0.0022605939260987103,0.04257400149901808,-0.022441097582406772
persistence,low_to_high,stable_low,6,818,all_post,-0.03130170502804921,-0.07544882649256536,-0.004566165477500215,-0.03689379412601633,-0.02673553955054899,-0.03855503236654903
persistence,low_to_high,stable_low,6,818,early,-0.007758988709077254,-0.23267201470013424,0.08129748098555165,-0.06310725041122327,-0.0890564696946289,-0.16956476428891099
persistence,low_to_high,stable_low,6,818,late,-0.045973541378912894,-0.010528988060270073,-0.03151215227239813,0.016956448170971986,-0.01446138910651476,-0.02748543623124206
persistence,low_to_high,stable_low,6,818,mid,-0.03650462590844154,0.0006245636746343546,-0.05674732844692968,-0.07799314071204483,0.020242702538488137,0.07861770438667919
persistence,low_to_high,stable_low,6,819,all_post,-0.05503417364397393,-0.09054002143829522,-0.020898893476580326,-0.04486489854271024,-0.0341352801673936,-0.04567512289558498
persistence,low_to_high,stable_low,6,819,early,-0.006765219929903317,-0.005807019519087529,0.0036925117489407175,-0.039088775300580886,-0.010457731678844034,0.03328175578149336
persistence,low_to_high,stable_low,6,819,late,0.03147485181539613,-0.1073200051608367,0.017388268798197732,-0.06146809089065718,0.014086583017198399,-0.04585191427017952
persistence,low_to_high,stable_low,6,819,mid,-0.21143940918225715,-0.1542980437043261,-0.09334925154557394,-0.029887031349905918,-0.11809015763668321,-0.12441101235442018
persistence,low_to_high,stable_low,12,810,all_post,0.013140777653366149,0.013140792651857821,0.03778079818530859,0.037780837814473875,-0.024640020531942444,-0.024640045162616052
persistence,low_to_high,stable_low,12,810,early,-0.08108705105047075,-0.08108709527104838,-0.0039245752063731265,-0.0039243107039884555,-0.07716247584409762,-0.07716278456705992
persistence,low_to_high,stable_low,12,810,late,0.07745274300613317,0.07745276786618668,0.09300073922109559,0.09300050073738976,-0.015547996214962417,-0.015547732871203077
persistence,low_to_high,stable_low,12,810,mid,0.03769731055837211,0.037697374092574405,0.019664568788221027,0.019664684833110683,0.018032741770151083,0.018032689259463722
persistence,low_to_high,stable_low,12,811,all_post,-0.10281475758204689,-0.10231591179474597,-0.10824125379110831,-0.10305732908300481,0.005426496209061424,0.0007414172882588416
persistence,low_to_high,stable_low,12,811,early,-0.02240776305976319,-0.01723053345852175,-0.004900903275772771,0.004057999352907381,-0.01750685978399042,-0.02128853281142913
persistence,low_to_high,stable_low,12,811,late,-0.30580706871302454,-0.29310247581739046,-0.2951970549441197,-0.2814737034842168,-0.010610013768904858,-0.011628772333173665
persistence,low_to_high,stable_low,12,811,mid,0.03668658495422849,0.01928415422689466,-0.009046153057348216,-0.01688825191760405,0.04573273801157671,0.03617240614449871
persistence,low_to_high,stable_low,12,812,all_post,-0.38823165253822955,-0.39045302312369184,-0.05174505133099254,-0.04931414539271559,-0.336486601207237,-0.34113887773097623
persistence,low_to_high,stable_low,12,812,early,0.011856098465691777,0.014299326815854475,-0.011045561899321975,-0.010953141838939985,0.022901660365013753,0.025252468654794462
persistence,low_to_high,stable_low,12,812,late,-1.0840055720439683,-1.0946904799322241,-0.12119470411444025,-0.1203019726286712,-0.9628108679295281,-0.974388507303553
persistence,low_to_high,stable_low,12,812,mid,-0.034564324077600454,-0.03228146152066122,-0.017207416913928096,-0.01077166944087265,-0.017356907163672358,-0.02150979207978857
persistence,low_to_high,stable_low,12,813,all_post,-0.21079285195283007,-0.24302773731938007,0.012008991078228146,-0.024710164237787404,-0.2228018430310582,-0.21831757308159266
persistence,low_to_high,stable_low,12,813,early,-0.018460838935137797,0.004930519864784856,0.012126693834019237,-0.014038230035178524,-0.030587532769157034,0.01896874989996338
persistence,low_to_high,stable_low,12,813,late,-0.3672427992804036,-0.4318669184488211,-0.004107022066119352,-0.041133930330889044,-0.36313577721428425,-0.39073298811793206
persistence,low_to_high,stable_low,12,813,mid,-0.23363742203231772,-0.28641021494665053,0.029350302562146834,-0.017589685172869487,-0.26298772459446457,-0.26882052977378107
persistence,low_to_high,stable_low,12,814,all_post,0.22207154775767843,0.10560177303681854,-0.048318783784858876,-0.12253278086011776,0.27039033154253733,0.22813455389693632
persistence,low_to_high,stable_low,12,814,early,0.08946906780653936,0.029420212904408948,0.0058208570523417685,-0.023202576856009665,0.0836482107541976,0.05262278976041861
persistence,low_to_high,stable_low,12,814,late,-0.3671907930611052,-0.3916311588247091,0.08510317445678073,0.04573267658514091,-0.4522939675178859,-0.43736383540985
persistence,low_to_high,stable_low,12,814,mid,0.9930415635958333,0.7204523426858831,-0.24699887938383572,-0.40415056376325614,1.240040442979669,1.1246029064491392
persistence,low_to_high,stable_low,12,815,all_post,2.9912559323746524,0.2811839334021173,3.1335084217159754,0.3494427132286918,-0.14225248934132306,-0.06825877982657452
persistence,low_to_high,stable_low,12,815,early,0.11772027705487549,-0.15317867544238908,0.27210389546844577,-0.1842794914608916,-0.1543836184135703,0.03110081601850251
persistence,low_to_high,stable_low,12,815,late,6.7290148179693245,0.8718195285764576,6.886167474356313,1.0052002671254427,-0.15715265638698828,-0.13338073854898513
persistence,low_to_high,stable_low,12,815,mid,1.8155527949668702,0.07569131414108836,1.9295323076031405,0.1727609011967951,-0.11397951263627037,-0.09706958705570674
persistence,low_to_high,stable_low,12,816,all_post,0.22036464637455344,-0.08575116259477872,0.0460816193141832,-0.04785500473698259,0.17428302706037024,-0.037896157857796126
persistence,low_to_high,stable_low,12,816,early,0.1972369490651457,-0.1385133715015243,-0.048547575336767575,-0.09946640316123469,0.24578452440191326,-0.0390469683402896
persistence,low_to_high,stable_low,12,816,late,0.038036712573079605,-0.002797253358902484,-0.009827003789127188,-0.05035979557626494,0.04786371636220679,0.047562542217362454
persistence,low_to_high,stable_low,12,816,mid,0.4410142719688912,-0.12285568869356585,0.20127848899372022,0.006469917096492014,0.23973578297517098,-0.12932560579005786
persistence,low_to_high,stable_low,12,817,all_post,0.20953028127037915,-0.2727648733602708,0.1197426470581105,-0.1849562628195024,0.08978763421226865,-0.08780861054076838
persistence,low_to_high,stable_low,12,817,early,-0.07649094912873156,-0.6391511233756194,0.005801638702866004,-0.5264002573267288,-0.08229258783159756,-0.11275086604889062
persistence,low_to_high,stable_low,12,817,late,-0.03860277847167802,-0.13019770109469705,-0.03014726731734181,-0.036777859345400316,-0.00845551115433621,-0.09341984174929674
persistence,low_to_high,stable_low,12,817,mid,0.7643623263900517,-0.06082639329929376,0.39606439598676163,-0.00403887207588646,0.3682979304032901,-0.0567875212234073
persistence,low_to_high,stable_low,12,818,all_post,-0.18463578994114993,-0.1770289230189632,-0.17425026290982562,-0.18695027586815852,-0.01038552703132431,0.00992135284919532
persistence,low_to_high,stable_low,12,818,early,-0.327116377742057,-0.3615803336570625,-0.2314954841848086,-0.2930472702896601,-0.0956208935572484,-0.06853306336740239
persistence,low_to_high,stable_low,12,818,late,-0.10722845818484347,-0.07797207140032546,-0.04221049340806862,-0.015527987746668795,-0.06501796477677485,-0.06244408365365666
persistence,low_to_high,stable_low,12,818,mid,-0.12601314487624146,-0.09978910163438819,-0.26004812526174625,-0.2665607602449374,0.1340349803855048,0.1667716586105492
persistence,low_to_high,stable_low,12,819,all_post,-0.16411374160614497,-0.18816040315056184,-0.08990602109883784,-0.10286754657471886,-0.07420772050730713,-0.08529285657584298
persistence,low_to_high,stable_low,12,819,early,-0.036375183217831245,-0.04059325546310231,-0.028347560936117528,-0.06570994168854524,-0.008027622281713716,0.025116686225442934
persistence,low_to_high,stable_low,12,819,late,-0.27819774438504247,-0.4502915476455737,-0.08130397125960118,-0.1900504983165362,-0.1968937731254413,-0.2602410493290375
persistence,low_to_high,stable_low,12,819,mid,-0.16826129698398637,-0.05175214430175845,-0.16078336858739786,-0.04557695374059035,-0.007477928396588507,-0.006175190561168102
roughness,low_to_high,stable_low,1,810,all_post,0.0060134430396899695,0.013170303469189326,-0.014198912860370472,-0.01426989750363376,0.02021235590006044,0.027440200972823084
roughness,low_to_high,stable_low,1,810,early,-0.015249299920921201,-0.01630867533711874,-0.016881318136810586,-0.017283829562289098,0.0016320182158893852,0.000975154225170357
roughness,low_to_high,stable_low,1,810,late,0.066420468571373,0.08011751201365587,-0.0008033950021124354,-0.00021651721864868363,0.06722386357348543,0.08033402923230455
roughness,low_to_high,stable_low,1,810,mid,-0.05326651470860955,-0.046613662450458,-0.02937719806160774,-0.029993805824958517,-0.023889316647001807,-0.01661985662549948
roughness,low_to_high,stable_low,1,811,all_post,-0.07471459177394577,0.03859303743069168,-0.05283894519626586,-0.06309815095540325,-0.021875646577679903,0.10169118838609492
roughness,low_to_high,stable_low,1,811,early,-0.04306890029907273,0.18093678419813483,-0.021915130572818447,0.019852179029255405,-0.021153769726254285,0.16108460516887943
roughness,low_to_high,stable_low,1,811,late,-0.1107650336201908,0.09486979095560837,-0.02443370680239916,-0.024799055291314855,-0.08633132681779164,0.11966884624692323
roughness,low_to_high,stable_low,1,811,mid,-0.05829302745382545,-0.17878638070330707,-0.12163641101153555,-0.1971139418255131,0.0633433835577101,0.018327561122206015
roughness,low_to_high,stable_low,1,812,all_post,-0.048052111559649974,0.3604474989002674,-0.006560106023039249,-0.008375807954421569,-0.04149200553661073,0.36882330685468895
roughness,low_to_high,stable_low,1,812,early,-0.0316012445274936,-0.04354625764765672,0.025394388434556606,-0.06218258023523674,-0.05699563296205021,0.018636322587580023
roughness,low_to_high,stable_low,1,812,late,-0.04043330109314413,0.923184229774211,-0.03396164070494545,0.071544018797302,-0.006471660388198679,0.851640210976909
roughness,low_to_high,stable_low,1,812,mid,-0.07466139254714747,0.014125614282933519,-0.0019792209047601824,-0.06112880467590451,-0.07268217164238729,0.07525441895883803
roughness,low_to_high,stable_low,1,813,all_post,0.1162241961562313,0.21450125043036,-0.02990287105677099,-0.022621189873517626,0.14612706721300228,0.23712244030387764
roughness,low_to_high,stable_low,1,813,early,-0.007802938139580301,7.900707099416555e-05,-0.004561982705012375,0.0019910570576596154,-0.003240955434567926,-0.00191204998666545
roughness,low_to_high,stable_low,1,813,late,0.04868535112712086,0.15800126783154742,-0.04161119207929199,-0.035813491513675286,0.09029654320641284,0.1938147593452227
roughness,low_to_high,stable_low,1,813,mid,0.33030312382419014,0.504256803921476,-0.03963266471183496,-0.029643701284484663,0.3699357885360251,0.5339005052059607
roughness,low_to_high,stable_low,1,814,all_post,0.020207252537299242,0.5413906072409663,-0.0346315808387895,-0.01769011343284807,0.05483883337608874,0.5590807206738144
roughness,low_to_high,stable_low,1,814,early,-0.0690120150378359,0.013167275970473813,-0.04944582433828185,-0.04540856096910195,-0.019566190699554044,0.058575836939575764
roughness,low_to_high,stable_low,1,814,late,0.02758587258911292,0.7168460150856242,-0.02294696981977327,-0.03184216557754743,0.05053284240888619,0.7486881806631716
roughness,low_to_high,stable_low,1,814,mid,0.09958836004334948,0.8356733947185816,-0.03539681869798545,0.02889773696300497,0.13498517874133492,0.8067756577555766
roughness,low_to_high,stable_low,1,815,all_post,-0.045750770950972006,-0.0014935131257669877,-0.04520945516085362,-0.007271219156818953,-0.0005413157901183879,0.005777706031051965
roughness,low_to_high,stable_low,1,815,early,-0.013942607096768783,0.0242099390652581,-0.015171564989277792,0.017968751433110493,0.0012289578925090087,0.006241187632147607
roughness,low_to_high,stable_low,1,815,late,-0.10880054162185276,-0.03613625761352725,-0.10935840750921644,-0.042058359652686464,0.0005578658873636733,0.005922102039159216
roughness,low_to_high,stable_low,1,815,mid,0.006507426089332427,0.018993360666888257,0.010284591132054318,0.013871664247741604,-0.003777165042721891,0.005121696419146653
roughness,low_to_high,stable_low,1,816,all_post,0.032948877441072534,0.053161081769627784,-0.017701818262414883,-0.05314043211679398,0.05065069570348742,0.10630151388642176
roughness,low_to_high,stable_low,1,816,early,-0.14981090854126475,-0.06179129415897219,-0.05626017282325916,-0.04183135326149271,-0.0935507357180056,-0.019959940897479482
roughness,low_to_high,stable_low,1,816,late,0.019846628161548266,0.0919169110826089,-0.009763636981149067,-0.001189020445959475,0.029610265142697333,0.09310593152856837
roughness,low_to_high,stable_low,1,816,mid,0.23317832912944225,0.11643901861425288,0.01027229459007496,-0.13371805986654126,0.2229060345393673,0.25015707848079416
roughness,low_to_high,stable_low,1,817,all_post,0.4105142179012697,-0.011028648270830759,0.052436414345207225,-0.025605948120902767,0.35807780355606245,0.014577299850072008
roughness,low_to_high,stable_low,1,817,early,0.5399353150353735,-0.0635051701394363,0.13650556208132467,-0.060475157390223876,0.4034297529540488,-0.00303001274921242
roughness,low_to_high,stable_low,1,817,late,0.5989749245449747,0.016613444796293474,0.05862670176426921,0.008047370356453002,0.5403482227807055,0.008566074439840471
roughness,low_to_high,stable_low,1,817,mid,0.029812178575559286,0.0045917495082758225,-0.03988644994965953,-0.03560783015472268,0.06969862852521881,0.0401995796629985
roughness,low_to_high,stable_low,1,818,all_post,0.03368363573604305,-0.04451927786769406,0.006077192253620729,0.038129764046762236,0.02760644348242232,-0.0826490419144563
roughness,low_to_high,stable_low,1,818,early,0.006630039915853416,-0.11338422627784768,1.2894389292057753e-05,0.03502340113612105,0.0066171455265613575,-0.14840762741396873
roughness,low_to_high,stable_low,1,818,late,-0.018311269682110026,-0.016060939374383833,0.015152734396571116,0.022914276552619527,-0.033464004078681144,-0.03897521592700336
roughness,low_to_high,stable_low,1,818,mid,0.13006377211377015,-0.013598780781954064,4.0767260682219305e-05,0.06152344361626039,0.13002300485308793,-0.07512222439821445
roughness,low_to_high,stable_low,1,819,all_post,0.006451511702430029,-0.028449325467033493,-0.018412839507876224,-0.007168846705147888,0.02486435121030625,-0.021280478761885605
roughness,low_to_high,stable_low,1,819,early,-0.09026320972579382,-0.08771790302761011,-0.06738704215658929,-0.05074119136403846,-0.022876167569204534,-0.03697671166357165
roughness,low_to_high,stable_low,1,819,late,0.043288165757298,-0.008851253088087551,0.020162327345326084,0.02236213986506943,0.023125838411971914,-0.03121339295315698
roughness,low_to_high,stable_low,1,819,mid,0.0540506943908299,0.004688488921615192,-0.020872192663432904,-0.0029711508065470775,0.07492288705426281,0.007659639728162269
roughness,low_to_high,stable_low,3,810,all_post,-0.028174908844679936,-0.029618125004945837,-0.006144878915602423,-0.006302522127441761,-0.022030029929077512,-0.023315602877504078
roughness,low_to_high,stable_low,3,810,early,-0.006925091942857123,-0.009197949141238724,0.016842621361486006,0.011945923970567443,-0.02376771330434313,-0.02114387311180617
roughness,low_to_high,stable_low,3,810,late,-0.052845277077365055,-0.04959719879433692,-0.016301322744166548,-0.01328438263736836,-0.03654395433319851,-0.03631281615696856
roughness,low_to_high,stable_low,3,810,mid,-0.01653090143625595,-0.023399535816131523,-0.015590454087938688,-0.015241820878882163,-0.000940447348317261,-0.00815771493724936
roughness,low_to_high,stable_low,3,811,all_post,0.14655819098269246,0.13122397301643002,-0.005226988792161104,-0.006289038575593426,0.15178517977485356,0.13751301159202345
roughness,low_to_high,stable_low,3,811,early,0.07252056994042488,0.061133689683222296,0.033799196722845835,0.03153025997248177,0.03872137321757905,0.02960342971074053
roughness,low_to_high,stable_low,3,811,late,0.2680711738233489,0.24345964080158977,-0.019357094142646764,-0.02064236731702245,0.28742826796599563,0.26410200811861223
roughness,low_to_high,stable_low,3,811,mid,0.0585785015707514,0.05166669930275802,-0.025413033839853823,-0.02497056546842991,0.08399153541060522,0.07663726477118793
roughness,low_to_high,stable_low,3,812,all_post,0.515850712625139,0.3160458022011084,0.009629942502430771,-0.012870464267222975,0.5062207701227083,0.3289162664683314
roughness,low_to_high,stable_low,3,812,early,-0.008110848843738638,-0.014632134308243465,-0.0019450055892065489,-0.004915264134448855,-0.00616584325453209,-0.00971687017379461
roughness,low_to_high,stable_low,3,812,late,1.1983363241929061,0.7883614161275497,0.02895074462547886,-0.027685833974357615,1.1693855795674273,0.8160472501019074
roughness,low_to_high,stable_low,3,812,mid,0.12983145867032708,0.016969586808538353,-0.004556178903329358,-0.0010718381238175752,0.13438763757365643,0.01804142493235593
roughness,low_to_high,stable_low,3,813,all_post,0.05718697638608876,0.04211619607875795,-0.011483300343321437,-0.011636235333040187,0.0686702767294102,0.05375243141179814
roughness,low_to_high,stable_low,3,813,early,0.003132061220755681,-0.0003233709170190717,-0.0025872688249529156,-0.0014223641012214435,0.0057193300457085965,0.0010989931842023718
roughness,low_to_high,stable_low,3,813,late,0.02128281247872474,0.006114203319268749,-0.020273983633790668,-0.01927194380429883,0.04155679611251541,0.025386147123567578
roughness,low_to_high,stable_low,3,813,mid,0.1591141100945738,0.13255842008718727,-0.008658420807730976,-0.011669161936514074,0.16777253090230476,0.14422758202370134
roughness,low_to_high,stable_low,3,814,all_post,0.42459931643552606,0.6031233231761384,-0.001406969275779664,0.007633586070535475,0.4260062857113057,0.5954897371056029
roughness,low_to_high,stable_low,3,814,early,0.040557739667309224,0.05910777064541822,-0.0019979441703804244,-0.0031178171361411684,0.04255568383768965,0.06222558778155939
roughness,low_to_high,stable_low,3,814,late,0.45308670077243796,0.7641855420366607,0.005664449621433233,0.022107005312821174,0.4474222511510047,0.7420785367238395
roughness,low_to_high,stable_low,3,814,mid,0.7706577140878602,0.9323892505594955,-0.0102445529107961,-0.0009129030458354786,0.7809022669986563,0.933302153605331
roughness,low_to_high,stable_low,3,815,all_post,0.17728074981987224,0.4550431223122075,-0.018260084453933668,-0.0010119358269072274,0.19554083427380592,0.45605505813911473
roughness,low_to_high,stable_low,3,815,early,0.018852052524028277,-0.03094396810911686,-5.657827950901357e-05,-0.011630390714535732,0.01890863080353729,-0.01931357739458113
roughness,low_to_high,stable_low,3,815,late,0.4289770423889283,1.1419585142017934,-0.04172225656306516,0.017152899524767,0.4706992989519935,1.1248056146770264
roughness,low_to_high,stable_low,3,815,mid,0.00011439035697475598,0.02514302354741744,-0.00518069448284966,-0.014613261408177697,0.005295084839824416,0.03975628495559514
roughness,low_to_high,stable_low,3,816,all_post,0.08575807523562491,0.06834081183582334,0.01149831224345064,-0.028906235820814453,0.07425976299217427,0.0972470476566378
roughness,low_to_high,stable_low,3,816,early,-0.010490748782896714,-0.03818876462729323,-0.011030442933875418,-0.08667682753853571,0.0005396941509787038,0.04848806291124248
roughness,low_to_high,stable_low,3,816,late,-0.012614843928168536,0.009290613685011155,0.011652954146253256,-0.004831647652803028,-0.024267798074421792,0.014122261337814183
roughness,low_to_high,stable_low,3,816,mid,0.3131707914725378,0.25360398583335614,0.033820878217039864,-0.0032350949937750943,0.2793499132554979,0.25683908082713125
roughness,low_to_high,stable_low,3,817,all_post,0.15583919204644514,0.0038433470996725506,0.023701439924986707,-0.008113748382247562,0.13213775212145842,0.011957095481920112
roughness,low_to_high,stable_low,3,817,early,0.2230966061785231,0.06899014685625908,0.061276078387356187,-0.013975341299596752,0.1618205277911669,0.08296548815585583
roughness,low_to_high,stable_low,3,817,late,0.05331023887710498,-0.05128577873166217,-0.0013294408095975768,-0.006800154705752135,0.05463967968670256,-0.04448562402591004
roughness,low_to_high,stable_low,3,817,mid,0.2252870488068207,0.012202048451532313,0.019501309108729607,-0.004003613700225611,0.2057857396980911,0.016205662151757925
roughness,low_to_high,stable_low,3,818,all_post,0.27794447036877956,0.1846411963177567,-0.001901398468219992,0.0015559917664857675,0.2798458688369996,0.18308520455127092
roughness,low_to_high,stable_low,3,818,early,0.7752746114739665,0.4934016336187063,0.029774693577882715,0.010897645070388762,0.7454999178960837,0.48250398854831755
roughness,low_to_high,stable_low,3,818,late,-0.0659494127356889,-0.06010309566545665,-0.012768317740480938,0.004736732643396323,-0.053181094995207956,-0.06483982830885297
roughness,low_to_high,stable_low,3,818,mid,0.23913950673621734,0.20220648166109156,-0.019088264817974772,-0.01202664937329797,0.25822777155419213,0.21423313103438954
roughness,low_to_high,stable_low,3,819,all_post,0.12034884475987895,0.08536728651289197,-0.0075741115894135905,-0.007986568415212471,0.12792295634929254,0.09335385492810444
roughness,low_to_high,stable_low,3,819,early,0.005588496660964427,-0.023984685599438702,0.005670025503546541,-0.007968493025421028,-8.152884258211344e-05,-0.016016192574017672
roughness,low_to_high,stable_low,3,819,late,0.26720134390227646,0.06861096172026324,0.00508105679184612,-0.009638453103670752,0.26212028711043034,0.078249414823934
roughness,low_to_high,stable_low,3,819,mid,0.03930586066893009,0.21706102501539434,-0.03769180652405333,-0.005802130887059546,0.07699766719298343,0.2228631559024539
roughness,low_to_high,stable_low,6,810,all_post,-0.030609048319904915,-0.02971359583785412,-0.0030711850327624413,-0.0028588019208328932,-0.027537863287142472,-0.026854793917021225
roughness,low_to_high,stable_low,6,810,early,-0.010412639434016076,-0.012319791923288678,0.011284949782460932,0.003328757521590859,-0.021697589216477006,-0.015648549444879537
roughness,low_to_high,stable_low,6,810,late,-0.020046387274184497,-0.009153907489592205,-0.012005184123668567,-0.006995020806185883,-0.00804120315051593,-0.0021588866834063216
roughness,low_to_high,stable_low,6,810,mid,-0.06400878351294426,-0.07280701018774695,-0.006259820984353163,-0.0038760877565654126,-0.057748962528591095,-0.06893092243118154
roughness,low_to_high,stable_low,6,811,all_post,1.3551379553943823,0.13612690411644782,0.0156178497828374,-0.009057640829101482,1.3395201056115449,0.1451845449455493
roughness,low_to_high,stable_low,6,811,early,0.14581812946278505,0.03528530216538964,-1.1151603658731551e-05,0.03767445592074684,0.14582928106644377,-0.0023891537553572054
roughness,low_to_high,stable_low,6,811,late,2.6153058573269643,0.3631730269481085,0.043985788878941556,-0.028425576946851584,2.571320068448023,0.3915986038949601
roughness,low_to_high,stable_low,6,811,mid,0.9892479039102525,-0.04683914747206977,-0.0042130727007966655,-0.03157981743176217,0.9934609766110492,-0.015259330040307599
roughness,low_to_high,stable_low,6,812,all_post,0.6575458721679721,0.615489735690789,0.012480310596531085,0.008470704688981373,0.645065561571441,0.6070190310018077
roughness,low_to_high,stable_low,6,812,early,-0.0010912256321066228,-0.0011337378873338226,-0.000329135239008585,-2.3429533439427625e-05,-0.0007620903930980378,-0.001110308353894395
roughness,low_to_high,stable_low,6,812,late,1.6174581700709045,1.5250710189134162,0.032744510805936225,0.022351313408283904,1.5847136592649682,1.5027197055051322
roughness,low_to_high,stable_low,6,812,mid,0.11629259758938536,0.09513660524062811,-4.0493829685669946e-05,-0.0003859219877259985,0.11633309141907103,0.09552252722835411
roughness,low_to_high,stable_low,6,813,all_post,0.10600796266217681,0.036070455077180624,-0.0015768974982605128,-0.007162415817750143,0.10758486016043732,0.04323287089493077
roughness,low_to_high,stable_low,6,813,early,0.000358283944242748,-0.020310602614613853,-0.0007150436776966884,-0.0028821148083949173,0.0010733276219394364,-0.017428487806218935
roughness,low_to_high,stable_low,6,813,late,0.11696962534580349,0.040209115966462594,0.0011551802624328801,-0.0027483286886441738,0.1158144450833706,0.042957444655106765
roughness,low_to_high,stable_low,6,813,mid,0.1979555630255775,0.0872781866573726,-0.005853848519691077,-0.016960325738487835,0.2038094115452686,0.10423851239586043
roughness,low_to_high,stable_low,6,814,all_post,0.6245815358978212,0.7690121550359994,0.014274670378256816,0.003166520313149402,0.6103068655195644,0.7658456347228499
roughness,low_to_high,stable_low,6,814,early,0.017770580665354595,0.05219624319144343,0.0035672329656951164,-0.02393666941645368,0.01420334769965948,0.0761329126078971
roughness,low_to_high,stable_low,6,814,late,0.40912375046425914,0.9204993393387962,-0.025230693887164014,0.00894020621505805,0.4343544443514232,0.9115591331237382
roughness,low_to_high,stable_low,6,814,mid,1.5007147229222397,1.2964690865020592,0.07436381312259455,0.023052602665366684,1.4263509097996452,1.2734164838366926
roughness,low_to_high,stable_low,6,815,all_post,0.19410686573399416,0.09214549139611429,-0.023027126908850733,-0.022945258573619814,0.2171339926428449,0.1150907499697341
roughness,low_to_high,stable_low,6,815,early,0.037086818337923745,-0.0029602285127435513,-0.025129553613244083,-0.03514712539318061,0.06221637195116783,0.032186896880437056
roughness,low_to_high,stable_low,6,815,late,0.4889965705391142,0.25755335338050317,-0.032373107801044264,-0.020947653420694913,0.5213696783401585,0.2785010068011981
roughness,low_to_high,stable_low,6,815,mid,-0.01748521787633549,-0.019508616175513954,-0.00924222408921547,-0.013240398195215143,-0.00824299378712002,-0.00626821798029881
roughness,low_to_high,stable_low,6,816,all_post,0.06681267020716405,0.1048628184091576,-0.0003011398726915399,0.0021894350819299533,0.06711381007985559,0.10267338332722764
roughness,low_to_high,stable_low,6,816,early,-0.10429130226856893,-0.09193533206930711,-0.038578379553770185,-0.04249366070366873,-0.06571292271479875,-0.04944167136563838
roughness,low_to_high,stable_low,6,816,late,-0.051776058510199265,-0.011199451817029752,0.0037102728493172395,0.007189739315425581,-0.05548633135951651,-0.018389191132455334
roughness,low_to_high,stable_low,6,816,mid,0.38615255357960115,0.44673880667035676,0.03296183390587614,0.04062215057565909,0.353190719673725,0.40611665609469766
roughness,low_to_high,stable_low,6,817,all_post,0.13712552810566855,-0.027114006692720665,0.0256085374957903,-0.019377219793071505,0.11151699060987826,-0.00773678689964916
roughness,low_to_high,stable_low,6,817,early,0.0649251994753107,-0.07916128929706068,0.05055349130676725,-0.049379934981230666,0.014371708168543447,-0.02978135431583001
roughness,low_to_high,stable_low,6,817,late,0.05434617782717469,-0.01816945974305938,0.0008743046113912828,-0.008778295339373915,0.05347187321578341,-0.009391164403685466
roughness,low_to_high,stable_low,6,817,mid,0.31280004458414384,0.013752592224542745,0.03158137479031214,-0.0026231601720343328,0.2812186697938317,0.016375752396577077
roughness,low_to_high,stable_low,6,818,all_post,0.34018519026519595,0.14907124609668715,-0.001114163680099431,-0.0027102836391337416,0.34129935394529537,0.1517815297358209
roughness,low_to_high,stable_low,6,818,early,0.8723819183258811,0.3787660235845464,0.04664932781969703,0.018028552286760233,0.8257325905061841,0.36073747129778616
roughness,low_to_high,stable_low,6,818,late,-0.06843907617657372,-0.06668861122220478,-0.01014087763984379,0.0021161747831108897,-0.05829819853672993,-0.06880478600531567
roughness,low_to_high,stable_low,6,818,mid,0.31876879525672286,0.18907629025744277,-0.03759426273021544,-0.029482192592833512,0.3563630579869383,0.2185584828502763
roughness,low_to_high,stable_low,6,819,all_post,0.15753496194014874,0.07857751332826904,-0.01086847944441621,-0.015339562985266392,0.16840344138456495,0.09391707631353544
roughness,low_to_high,stable_low,6,819,early,0.025622947729652883,-0.02180434825086175,0.019195389476447385,-0.0019000275189654848,0.006427558253205498,-0.019904320731896265
roughness,low_to_high,stable_low,6,819,late,0.3449868336835171,-0.011336618913017463,0.0014950731870793396,-0.030094160800458233,0.34349176049643776,0.01875754188744077
roughness,low_to_high,stable_low,6,819,mid,0.055132136471434064,0.2913520402090079,-0.05638678915464925,-0.010335851182577493,0.11151892562608332,0.3016878913915854
roughness,low_to_high,stable_low,12,810,all_post,-0.1529734318909424,-0.14579180043544562,-0.011665885607891727,-0.010394592954714189,-0.14130754628305067,-0.13539720748073145
roughness,low_to_high,stable_low,12,810,early,-0.0482253927913844,-0.044968109372822786,0.003033518034138493,-0.003205271848966098,-0.05125891082552289,-0.04176283752385669
roughness,low_to_high,stable_low,12,810,late,-0.2417013088310388,-0.22098023002855469,-0.02358977608965834,-0.014811817315339466,-0.21811153274138045,-0.20616841271321523
roughness,low_to_high,stable_low,12,810,mid,-0.16159960430539602,-0.1651613594388669,-0.013447741228008117,-0.0127985876697849,-0.1481518630773879,-0.152362771769082
roughness,low_to_high,stable_low,12,811,all_post,1.6903688131705488,1.553194682931054,0.02126846158719045,0.01785809327740191,1.6691003515833582,1.535336589653652
roughness,low_to_high,stable_low,12,811,early,-0.0983289936853694,-0.1393853885790798,-0.040824457585296736,-0.04024856219924645,-0.05750453610007267,-0.09913682637983337
roughness,low_to_high,stable_low,12,811,late,3.6642080472961425,3.4326192240082,0.10040373118058718,0.09052064156145258,3.5638043161155553,3.3420985824467473
roughness,low_to_high,stable_low,12,811,mid,1.3407407830570746,1.2097315016076127,-0.0023684946331688126,-0.0027530118870046382,1.3431092776902434,1.2124845134946174
roughness,low_to_high,stable_low,12,812,all_post,0.38453100664221584,0.24425510741817316,-0.07001550352701753,-0.08033650187268372,0.45454651016923336,0.3245916092908569
roughness,low_to_high,stable_low,12,812,early,0.0013599971404655738,0.0064455995571090245,0.0015043432299296684,0.001812315914227774,-0.0001443460894640946,0.00463328364288125
roughness,low_to_high,stable_low,12,812,late,1.446544270769575,1.068395758600757,-0.19904709602345708,-0.2307494750656396,1.6455913667930322,1.2991452336663967
roughness,low_to_high,stable_low,12,812,mid,-0.3828123533273395,-0.41075442350189534,-0.00175112507948854,0.00046206796610692366,-0.38106122824785094,-0.41121649146800227
roughness,low_to_high,stable_low,12,813,all_post,0.050383424899414275,-0.1393738228715958,-0.003072351771835192,-0.020271110023192762,0.05345577667124947,-0.11910271284840304
roughness,low_to_high,stable_low,12,813,early,0.04287418478416268,-0.029899777944524652,0.0006381278957960241,-0.011588292609173033,0.04223605688836666,-0.018311485335351617
roughness,low_to_high,stable_low,12,813,late,0.0960896917284192,-0.1311597881494295,-0.0033942990736254906,-0.020907069684016417,0.09948399080204469,-0.11025271846541308
roughness,low_to_high,stable_low,12,813,mid,0.008377542616577213,-0.25774640541434707,-0.006434055195860257,-0.028264971137986854,0.01481159781243747,-0.22948143427636022
roughness,low_to_high,stable_low,12,814,all_post,1.1399649126091573,1.232793430132607,-0.03120105418962728,-0.05479201368439168,1.1711659667987846,1.2875854438169987
roughness,low_to_high,stable_low,12,814,early,-0.00014254181007351818,0.09071457453080799,-0.005804137705751253,-0.0392962734738487,0.005661595895677734,0.13001084800465668
roughness,low_to_high,stable_low,12,814,late,0.8702201655081414,1.575893532089056,-0.024712367153378847,0.027829290239221906,0.8949325326615203,1.548064241849834
roughness,low_to_high,stable_low,12,814,mid,2.5722958430544893,2.00318050861492,-0.06362738162943914,-0.1597941664788494,2.6359232246839284,2.1629746750937695
roughness,low_to_high,stable_low,12,815,all_post,0.2222979580623383,0.09805491193003375,-0.02461891618147417,-0.014305545887007186,0.24691687424381245,0.11236045781704093
roughness,low_to_high,stable_low,12,815,early,-0.04333593262241555,-0.08849639989017488,-0.025099554326544777,-0.0355312036236672,-0.018236378295870773,-0.05296519626650768
roughness,low_to_high,stable_low,12,815,late,0.7348823241823764,0.42159436682484797,-0.03456869297572946,0.002407426268250173,0.7694510171581059,0.4191869405565978
roughness,low_to_high,stable_low,12,815,mid,-0.06736788121628236,-0.06589485238580634,-0.013359353175960329,-0.011185607985209322,-0.05400852804032203,-0.05470924440059701
roughness,low_to_high,stable_low,12,816,all_post,0.06069545252933642,0.06095506047201826,-0.006446692320024745,-0.006427782377775981,0.06714214484936117,0.06738284284979425
roughness,low_to_high,stable_low,12,816,early,-0.2851327677959404,-0.2850768624863694,-0.047800200404149756,-0.047826056583096334,-0.23733256739179062,-0.23725080590327305
roughness,low_to_high,stable_low,12,816,late,0.1405704626895788,0.14090068753440058,0.04210540123986284,0.042144279090989716,0.09846506144971595,0.09875640844341085
roughness,low_to_high,stable_low,12,816,mid,0.3199924118476841,0.32037922077949177,-0.017691285592444612,-0.017649241430285102,0.3376836974401287,0.3380284622097769
roughness,low_to_high,stable_low,12,817,all_post,0.07330877500830675,-0.2987247588125386,0.012544202428891529,-0.08670181951002208,0.06076457257941522,-0.21202293930251653
roughness,low_to_high,stable_low,12,817,early,-0.07761738677256379,-0.46225560384702896,-0.04938372605415197,-0.25908730010683956,-0.028233660718411817,-0.2031683037401894
roughness,low_to_high,stable_low,12,817,late,-0.3395561327658863,-0.4437282151658914,0.0032964567602295405,-0.014905038493039868,-0.34285258952611586,-0.4288231766728515
roughness,low_to_high,stable_low,12,817,mid,0.6715052535445531,0.021893163938083843,0.08449052205298553,0.007903814985064645,0.5870147314915676,0.013989348953019199
roughness,low_to_high,stable_low,12,818,all_post,0.10648235766699386,0.05532805117004468,-0.04333835184378485,-0.03994162906315042,0.14982070951077872,0.0952696802331951
roughness,low_to_high,stable_low,12,818,early,0.2696829500740338,0.1153346844377392,-0.047380684207544786,-0.05326871384806269,0.3170636342815786,0.1686033982858019
roughness,low_to_high,stable_low,12,818,late,-0.1439219181746898,-0.1418133132789088,-0.011848952803518959,-0.006773359220013058,-0.13207296537117083,-0.13503995405889574
roughness,low_to_high,stable_low,12,818,mid,0.21455306408844452,0.2088912293887165,-0.07340953510697966,-0.06254683660830364,0.28796259919542416,0.27143806599702014
roughness,low_to_high,stable_low,12,819,all_post,0.06645149430002989,0.08353468133527917,-0.035610025741174466,-0.04258954520006112,0.10206152004120436,0.12612422653534028
roughness,low_to_high,stable_low,12,819,early,-0.07371298063006149,-0.09990721359871524,-0.003739742305348214,-0.03212746895668286,-0.06997323832471328,-0.06777974464203237
roughness,low_to_high,stable_low,12,819,late,0.3051176595855082,-0.27988495789228174,-0.028131513569214176,-0.08318996331139056,0.33324917315472236,-0.19669499458089118
roughness,low_to_high,stable_low,12,819,mid,-0.05193904316248019,0.6606811854324647,-0.07558203069662438,-0.009067835156165828,0.023642987534144184,0.6697490205886305
noise_scale,high_to_low,stable_high,1,810,all_post,-0.0009884142293361052,-0.000725484902824726,-0.03017373496595919,-0.030342870787654425,0.029185320736623083,0.0296173858848297
noise_scale,high_to_low,stable_high,1,810,early,0.0014460389724306594,0.001360433477296319,-0.019916217280295512,-0.020572731458936826,0.021362256252726173,0.021933164936233145
noise_scale,high_to_low,stable_high,1,810,late,0.019311982317183726,0.019882059390872498,-0.03372684705302578,-0.033321327814277574,0.05303882937020951,0.05320338720515007
noise_scale,high_to_low,stable_high,1,810,mid,-0.03049006282646265,-0.030288129007875406,-0.03569376986886741,-0.03614173408087449,0.005203707042404759,0.005853605072999084
noise_scale,high_to_low,stable_high,1,811,all_post,-0.017752108344827155,0.010073141436446567,-0.10026613539655452,-0.07685759516987742,0.08251402705172736,0.08693073660632399
noise_scale,high_to_low,stable_high,1,811,early,-0.006877157261252784,0.06772188400349516,-0.12823488149777226,-0.006230048910941907,0.12135772423651948,0.07395193291443707
noise_scale,high_to_low,stable_high,1,811,late,-0.04649392204166749,-0.02845195074868479,-0.10739523881267003,-0.08414798862030212,0.060901316771002544,0.05569603787161733
noise_scale,high_to_low,stable_high,1,811,mid,0.009695358834052247,0.0037911884495731153,-0.06279191807384941,-0.13776461682824664,0.07248727690790166,0.14155580527781975
noise_scale,high_to_low,stable_high,1,812,all_post,0.0013637283260481612,0.07860274136971943,-0.005823617601281891,0.0032566767845021993,0.0071873459273300525,0.07534606458521723
noise_scale,high_to_low,stable_high,1,812,early,0.0010586271304387756,0.03505645609223482,0.009492056064633825,-0.14631345243819305,-0.00843342893419505,0.18136990853042786
noise_scale,high_to_low,stable_high,1,812,late,-0.0048058670660425995,0.1587170097656005,-0.0778152620928427,0.16473044009277835,0.07300939502680011,-0.006013430327177854
noise_scale,high_to_low,stable_high,1,812,mid,0.009894956711111897,0.01533000211936259,0.07484956805488346,-0.06247154507050406,-0.06495461134377156,0.07780154718986665
noise_scale,high_to_low,stable_high,1,813,all_post,0.0198967745355755,0.0254045453008653,-0.04701880505050665,-0.040998015526544695,0.06691557958608216,0.06640256082741
noise_scale,high_to_low,stable_high,1,813,early,-0.0020563662389047163,0.002092509392308463,-0.011000060566315244,-0.0056633377977619555,0.008943694327410528,0.007755847190070418
noise_scale,high_to_low,stable_high,1,813,late,0.005299324681386016,0.011399666469056744,-0.06450484323593181,-0.06038385209033211,0.06980416791731782,0.07178351855938886
noise_scale,high_to_low,stable_high,1,813,mid,0.06131318178230838,0.06738975298516688,-0.059722831954131195,-0.050484911170277584,0.12103601373643957,0.11787466415544445
noise_scale,high_to_low,stable_high,1,814,all_post,-0.0019155306207394938,0.02210449802874137,-0.06137794662798992,-0.06030873482159571,0.05946241600725043,0.08241323285033708
noise_scale,high_to_low,stable_high,1,814,early,-0.0419021080394665,-0.03377282156610709,-0.20502039794280139,-0.17840607447906917,0.16311828990333488,0.14463325291296208
noise_scale,high_to_low,stable_high,1,814,late,0.006692502895983462,0.01823354625964066,0.014742545248041389,-0.05127790590109611,-0.008050042352057927,0.06951145216073677
noise_scale,high_to_low,stable_high,1,814,mid,0.026593668775690235,0.08314308664905747,-0.01922948448122022,0.045747499608544934,0.04582315325691046,0.03739558704051253
noise_scale,high_to_low,stable_high,1,815,all_post,0.000838173187506374,0.01953318975466154,-0.05492762794771997,0.03202481369123332,0.05576580113522635,-0.012491623936571779
noise_scale,high_to_low,stable_high,1,815,early,0.002666232675631888,0.03799257258094988,-0.018475187238573637,0.055512867198701965,0.021141419914205525,-0.017520294617752084
noise_scale,high_to_low,stable_high,1,815,late,-0.00401768146059708,0.014587025391431635,-0.14514075730986556,0.009692122304262585,0.14112307584926848,0.0048949030871690506
noise_scale,high_to_low,stable_high,1,815,mid,0.0054845865635188,0.007668692746013071,0.02890410382599441,0.03831368203305905,-0.023419517262475608,-0.030644989287045978
noise_scale,high_to_low,stable_high,1,816,all_post,0.028235722287734282,0.008370107366997068,-0.07843720928580536,-0.11469066457890773,0.10667293157353964,0.1230607719459048
noise_scale,high_to_low,stable_high,1,816,early,-0.05134252410973896,0.003840478662544975,-0.3293338457778567,-0.22149424227809075,0.27799132166811774,0.22533472094063572
noise_scale,high_to_low,stable_high,1,816,late,0.028162945758075097,0.0006537645967142763,-0.021900293467049185,-0.03145037442807823,0.05006323922512428,0.032104139024792505
noise_scale,high_to_low,stable_high,1,816,mid,0.1079110040580864,0.02318819309849289,0.09707687278123778,-0.11887414041416411,0.010834131276848624,0.142062333512657
noise_scale,high_to_low,stable_high,1,817,all_post,0.05749038541558732,-0.023730501940523976,0.08089162236383249,-0.05643548380665205,-0.02340123694824517,0.03270498186612808
noise_scale,high_to_low,stable_high,1,817,early,0.07523960603496986,-0.08162338415077434,0.21684243465586106,-0.08891611160846442,-0.14160282862089119,0.007292727457690079
noise_scale,high_to_low,stable_high,1,817,late,0.09081365897724361,0.0046101950338044186,0.11454544258090545,-0.008066527994175884,-0.023731783603661835,0.012676723027980303
noise_scale,high_to_low,stable_high,1,817,mid,-0.0046898666193369645,-0.0036252156960447936,-0.09993095021762667,-0.08844679708814122,0.0952410835982897,0.08482158139209643
noise_scale,high_to_low,stable_high,1,818,all_post,0.004100841368170791,-0.005344819271813209,0.008674713844409342,0.08094832548997963,-0.004573872476238551,-0.08629314476179284
noise_scale,high_to_low,stable_high,1,818,early,-1.0925719758023716e-05,-0.0018659460757270568,-6.77122715409872e-06,0.07345185837728828,-4.1544926039249966e-06,-0.07531780445301534
noise_scale,high_to_low,stable_high,1,818,late,-0.002760410618884069,-0.0022086927208190424,0.021684576716063553,0.04482782760822218,-0.024444987334947623,-0.04703652032904122
noise_scale,high_to_low,stable_high,1,818,mid,0.017360944438839423,-0.013005194535891584,9.71508710049795e-06,0.13660545644501426,0.017351229351738925,-0.14961065098090584
noise_scale,high_to_low,stable_high,1,819,all_post,-0.013947845499946987,-0.0179140221550614,-0.05011839282282127,-0.028141156216953643,0.03617054732287428,0.010227134061892244
noise_scale,high_to_low,stable_high,1,819,early,-0.02423663247772084,-0.02199260322360741,-0.15705592592055115,-0.12988338119587337,0.1328192934428303,0.10789077797226596
noise_scale,high_to_low,stable_high,1,819,late,0.007333552269396448,-0.003598847992998105,0.04811207792904661,0.05351974313461603,-0.04077852565965016,-0.05711859112761413
noise_scale,high_to_low,stable_high,1,819,mid,-0.03203425554796439,-0.03292233996926646,-0.07415482072758188,-0.03528013037346018,0.04212056517961749,0.0023577904041937187
noise_scale,high_to_low,stable_high,3,810,all_post,0.013065322944197402,0.016520898927008622,0.013793559171730207,0.04099410857610395,-0.0007282362275328053,-0.02447320964909533
noise_scale,high_to_low,stable_high,3,810,early,0.05813717494871081,0.018245590621853477,0.041419553814789116,-0.014415176316913225,0.016717621133921695,0.032660766938766704
noise_scale,high_to_low,stable_high,3,810,late,0.0022897766494923318,0.019621522579283145,0.03243737730284081,0.11231335776998319,-0.03014760065334848,-0.09269183519070004
noise_scale,high_to_low,stable_high,3,810,mid,-0.01763913400070925,0.010662042362464394,-0.038690859646142835,0.0013110612106154603,0.021051725645433585,0.009350981151848934
noise_scale,high_to_low,stable_high,3,811,all_post,-0.0003905660894114787,0.0549291927313339,-0.03734121906987263,-0.02437695286074556,0.03695065298046115,0.07930614559207946
noise_scale,high_to_low,stable_high,3,811,early,0.00530414188936039,0.12517462595892084,-0.0617823293717015,0.05011597871622087,0.06708647126106189,0.07505864724269998
noise_scale,high_to_low,stable_high,3,811,late,-0.01147454128033526,0.032977170351320764,-0.08469391437707746,-0.0788988578546107,0.0732193730967422,0.11187602820593147
noise_scale,high_to_low,stable_high,3,811,mid,0.008693359519715033,0.013953122677097808,0.05023681830822935,-0.02617401111255847,-0.041543458788514315,0.04012713378965628
noise_scale,high_to_low,stable_high,3,812,all_post,0.09817037258984358,0.04537955318759416,0.06865328955572184,0.0013420315006869965,0.029517083034121747,0.04403752168690716
noise_scale,high_to_low,stable_high,3,812,early,-0.028994917500686185,-0.048494498738668644,-0.01662162270956878,-0.02619997167403709,-0.012373294791117404,-0.022294527064631555
noise_scale,high_to_low,stable_high,3,812,late,0.2514479108394656,0.1534062063868859,0.20065737471550896,0.03846389366302684,0.05079053612395665,0.11494231272385906
noise_scale,high_to_low,stable_high,3,812,mid,0.020965611680877263,-0.004781932485198696,-0.022077245058703746,-0.02061178154104203,0.04304285673958101,0.015829849055843333
noise_scale,high_to_low,stable_high,3,813,all_post,0.007305450473815372,0.0026308729043560894,-0.017374780600134095,-0.01800213154397066,0.02468023107394947,0.02063300444832675
noise_scale,high_to_low,stable_high,3,813,early,-0.002680748964554809,-0.004119665169837478,-0.010935069745557871,-0.007064585475830704,0.008254320781003062,0.0029449203059932257
noise_scale,high_to_low,stable_high,3,813,late,0.00033422855245520897,-0.0042088692248238215,-0.04185164309260644,-0.03647221643244646,0.04218587164506164,0.03226334720762264
noise_scale,high_to_low,stable_high,3,813,mid,0.026586612473999103,0.01850106715078954,0.008821325201919467,-0.004312897760809541,0.017765287272079634,0.02281396491159908
noise_scale,high_to_low,stable_high,3,814,all_post,0.10119353183303863,0.06457484686063629,0.0665201276415191,0.005626148395146129,0.03467340419151953,0.05894869846549016
noise_scale,high_to_low,stable_high,3,814,early,0.01945173659243696,-0.032888672505313306,0.03292881433034222,-0.052590980642161694,-0.013477077737905258,0.01970230813684839
noise_scale,high_to_low,stable_high,3,814,late,0.06958499944343312,0.08063958701705001,-0.003496779033004077,0.028863459859674388,0.0730817784764372,0.051776127157375625
noise_scale,high_to_low,stable_high,3,814,mid,0.2250800369264476,0.14061871268470091,0.19346731651872684,0.0328601954797496,0.03161272040772076,0.1077585172049513
noise_scale,high_to_low,stable_high,3,815,all_post,2.980595732859853,0.2816224390404801,2.9938837522013992,0.26405016358214767,-0.013288019341546331,0.017572275458332454
noise_scale,high_to_low,stable_high,3,815,early,0.3859931355629865,-0.03165149393683286,0.22646957770945905,-0.06385754771917156,0.15952355785352743,0.0322060537823387
noise_scale,high_to_low,stable_high,3,815,late,6.076451132574186,0.6618369800666638,6.17425926256267,0.6224671913967936,-0.09780812998848454,0.039369788669870176
noise_scale,high_to_low,stable_high,3,815,mid,1.447391130537609,0.08794365064954819,1.5207972462116437,0.11406850446393892,-0.07340611567403466,-0.026124853814390725
noise_scale,high_to_low,stable_high,3,816,all_post,0.00781242147017186,-0.019141338465935392,-0.06055578981142486,-0.14436840283156335,0.06836821128159672,0.12522706436562797
noise_scale,high_to_low,stable_high,3,816,early,-0.023361871937313126,-0.08022607463285648,-0.03238637510602139,-0.1773832912625968,0.009024503168708262,0.09715721662974032
noise_scale,high_to_low,stable_high,3,816,late,-0.0026529853302583463,-0.003493968254425432,-0.03608461303524296,-0.07249734068469635,0.03343162770498462,0.06900337243027091
noise_scale,high_to_low,stable_high,3,816,mid,0.05294059061156378,0.021080237418972428,-0.12135344021840418,-0.20718159726301918,0.17429403082996797,0.22826183468199163
noise_scale,high_to_low,stable_high,3,817,all_post,0.07865654869605727,-0.00880801119864946,0.0707984670008532,-0.01941758300531189,0.007858081695204078,0.010609571806662428
noise_scale,high_to_low,stable_high,3,817,early,0.15965333363652492,-0.026621294021404274,0.1672694122929893,-0.01713507479852544,-0.007616078656464381,-0.009486219222878834
noise_scale,high_to_low,stable_high,3,817,late,0.02109034972681473,-0.009897807843846793,0.00620608771356182,-0.02553918879971383,0.014884262013252911,0.015641380955867038
noise_scale,high_to_low,stable_high,3,817,mid,0.07441469571457969,0.010458333817701795,0.06045069409177231,-0.013537950152895753,0.013964001622807379,0.023996283970597547
noise_scale,high_to_low,stable_high,3,818,all_post,0.05930264463987737,0.009645914904270138,-5.576453226094347e-06,-0.016652906534273607,0.059308221093103464,0.026298821438543743
noise_scale,high_to_low,stable_high,3,818,early,0.19077586563015334,0.04768916785301439,0.1547480724442718,0.016637192081915064,0.036027793185881535,0.03105197577109933
noise_scale,high_to_low,stable_high,3,818,late,-0.016774915562746687,-0.013227082407023616,-0.05904075801629383,0.006281474089053414,0.04226584245354714,-0.01950855649607703
noise_scale,high_to_low,stable_high,3,818,mid,0.029266170586433455,0.002099991703917557,-0.07604564993330033,-0.08052217931489832,0.10531182051973378,0.08262217101881587
noise_scale,high_to_low,stable_high,3,819,all_post,0.022997941518944947,0.008635397797262757,-0.019751635217796642,-0.02814733550536594,0.04274957673674159,0.0367827333026287
noise_scale,high_to_low,stable_high,3,819,early,0.023491077675480376,0.007664915039856386,0.023740624579644962,0.011901882194642964,-0.00024954690416458675,-0.004236967154786578
noise_scale,high_to_low,stable_high,3,819,late,0.06404264976273749,0.03874103070207225,0.02606375053510767,-0.005420688256860828,0.03797889922762982,0.044161718958933074
noise_scale,high_to_low,stable_high,3,819,mid,-0.03222147229598053,-0.030534963318410196,-0.12433107601911068,-0.098498749536715,0.09210960372313015,0.0679637862183048
noise_scale,high_to_low,stable_high,6,810,all_post,0.00202912369903106,-0.0005322586708388236,0.026861901789548462,0.028855024247150477,-0.024832778090517402,-0.0293872829179893
noise_scale,high_to_low,stable_high,6,810,early,0.03416358709347749,0.022763216142978878,0.048122921810974016,0.03865698698355505,-0.013959334717496524,-0.01589377084057617
noise_scale,high_to_low,stable_high,6,810,late,0.0027200006898921913,0.004806067588563643,0.04882009665099455,0.058139770075339096,-0.04610009596110236,-0.05333370248677545
noise_scale,high_to_low,stable_high,6,810,mid,-0.030968935933991786,-0.03050064130890961,-0.021846861808684708,-0.01755287077448987,-0.009122074125307078,-0.012947770534419742
noise_scale,high_to_low,stable_high,6,811,all_post,0.09093553258116532,-0.0027522309833740224,-0.007353017401964446,-0.0983682874605168,0.09828854998312977,0.09561605647714277
noise_scale,high_to_low,stable_high,6,811,early,0.17852126318422534,-0.027709500821585974,0.1356477907044996,-0.0606734171815749,0.042873472479725755,0.03296391635998892
noise_scale,high_to_low,stable_high,6,811,late,0.06698213837137591,0.032017140938785243,-0.12355614977057261,-0.18287509760371382,0.1905382881419485,0.21489223854249906
noise_scale,high_to_low,stable_high,6,811,mid,0.03329154474034203,-0.021256676047861158,-0.005099910047668345,-0.030429645060462463,0.03839145478801038,0.009172969012601305
noise_scale,high_to_low,stable_high,6,812,all_post,0.1133390115723639,0.09425308469241576,0.08559643624746183,0.06279303560741858,0.02774257532490207,0.03146004908499718
noise_scale,high_to_low,stable_high,6,812,early,-0.03306426229732058,-0.039693546610729234,-0.006715072441626682,-0.007106334365564386,-0.0263491898556939,-0.03258721224516485
noise_scale,high_to_low,stable_high,6,812,late,0.3010545290874577,0.2629189626044235,0.23177429606897212,0.17552896170054258,0.0692802330184856,0.08739000090388091
noise_scale,high_to_low,stable_high,6,812,mid,0.0250978885481811,0.017367368605551093,-0.004814379840337561,-0.008227502036003434,0.02991226838851866,0.025594870641554527
noise_scale,high_to_low,stable_high,6,813,all_post,0.021170274450780003,0.0017769056169380515,0.00010349209291682798,-0.019371087483726495,0.021066782357863176,0.021147993100664546
noise_scale,high_to_low,stable_high,6,813,early,0.004005437711056462,-0.010883320909887579,-0.003071953950749705,-0.01340648303386698,0.007077391661806167,0.002523162123979402
noise_scale,high_to_low,stable_high,6,813,late,0.021294957859755985,0.002313526340974152,-0.0036678534205592584,-0.015128966429027146,0.024962811280315245,0.0174424927700013
noise_scale,high_to_low,stable_high,6,813,mid,0.038179256929283555,0.01376635623871856,0.007993120028428452,-0.0306383432519602,0.0301861369008551,0.04440469949067876
noise_scale,high_to_low,stable_high,6,814,all_post,0.11578195454944218,0.06057197517381337,0.05627443374394884,-0.028193030726136444,0.05950752080549334,0.08876500589994982
noise_scale,high_to_low,stable_high,6,814,early,0.01220268538350794,-0.0506198872535342,0.014840939848874598,-0.07709148893417266,-0.002638254465366658,0.026471601680638453
noise_scale,high_to_low,stable_high,6,814,late,0.10195905255561856,0.09989808013340797,-0.023550595010769178,0.00047786280149427764,0.12550964756638774,0.09942021733191368
noise_scale,high_to_low,stable_high,6,814,mid,0.23663985120765604,0.1226062064016676,0.19748921358242055,-0.015133189427638602,0.03915063762523549,0.1377393958293062
noise_scale,high_to_low,stable_high,6,815,all_post,3.0370964088299277,0.3618088870265199,2.995959214628426,0.3169092338801782,0.041137194201501526,0.0448996531463417
noise_scale,high_to_low,stable_high,6,815,early,0.367711079502556,-0.07091214139814746,0.24156345442683744,-0.06258751054590697,0.12614762507571856,-0.008324630852240486
noise_scale,high_to_low,stable_high,6,815,late,6.32576108045406,0.8949806830927377,6.260522517799261,0.7590000806591471,0.0652385626547991,0.13598060243359056
noise_scale,high_to_low,stable_high,6,815,mid,1.5956508986271338,0.12806517036841522,1.66965084586647,0.14379241983255234,-0.07399994723933623,-0.015727249464137116
noise_scale,high_to_low,stable_high,6,816,all_post,-0.022479955706826902,-0.03896358220080106,-0.011711828254699373,-0.11541334408304728,-0.010768127452127529,0.07644976188224623
noise_scale,high_to_low,stable_high,6,816,early,-0.08726595018012277,-0.1348446882120203,-0.10173081450218807,-0.29286954404588433,0.014464864322065299,0.15802485583386403
noise_scale,high_to_low,stable_high,6,816,late,-0.03496812020856897,-0.0193639004751463,-0.03681938705300977,-0.05588885738541785,0.0018512668444407993,0.03652495691027155
noise_scale,high_to_low,stable_high,6,816,mid,0.05791624439364654,0.03241792165334973,0.10969160649067729,-0.01236275249224699,-0.05177536209703075,0.04478067414559672
noise_scale,high_to_low,stable_high,6,817,all_post,0.08651053785302554,-0.02780549222054059,0.0801271806558389,-0.04959003607590515,0.006383357197186634,0.021784543855364557
noise_scale,high_to_low,stable_high,6,817,early,0.15768422349859915,-0.08605571168638909,0.14629038514871234,-0.12170498937122314,0.011393838349886803,0.035649277684834044
noise_scale,high_to_low,stable_high,6,817,late,0.010288068209983592,-0.016386982698473312,0.0013062904537919306,-0.023357875447269732,0.008981777756191661,0.00697089274879642
noise_scale,high_to_low,stable_high,6,817,mid,0.11061493926125433,0.0161715903427238,0.11249008891552419,-0.010265283566381433,-0.0018751496542698531,0.026436873909105235
noise_scale,high_to_low,stable_high,6,818,all_post,0.06118330768563036,-0.015579318539559064,0.002030040052775308,-0.037151677397964614,0.05915326763285505,0.021572358858405548
noise_scale,high_to_low,stable_high,6,818,early,0.218984275045785,0.006648696065342005,0.1724360710389493,-0.008327411785099234,0.04654820400683568,0.014976107850441239
noise_scale,high_to_low,stable_high,6,818,late,-0.01708010047263269,-0.014172607480562528,-0.06924045170208235,-0.018555994638234548,0.052160351229449654,0.00438338715767202
noise_scale,high_to_low,stable_high,6,818,mid,0.0012116005233045412,-0.0395657219682058,-0.07928787623982662,-0.08922054646049256,0.08049947676313117,0.04965482449228676
noise_scale,high_to_low,stable_high,6,819,all_post,0.028028122927242622,-0.007933851856890205,-0.02407003625827218,-0.04898254747696627,0.0520981591855148,0.04104869562007607
noise_scale,high_to_low,stable_high,6,819,early,0.03799444302393627,-0.02606356413692196,0.043109098416382746,-0.018673891118433622,-0.005114655392446474,-0.007389673018488339
noise_scale,high_to_low,stable_high,6,819,late,0.08244151193486694,-0.014979121886502002,0.02176484766115006,-0.0942529585624394,0.06067666427371689,0.0792738366759374
noise_scale,high_to_low,stable_high,6,819,mid,-0.049954933428981434,0.019002447960156293,-0.1485427758322049,-0.022703189978657532,0.09858784240322346,0.04170563793881382
noise_scale,high_to_low,stable_high,12,810,all_post,0.0205768044348901,0.02057734574938283,0.044328393782362634,0.044326639005298055,-0.023751589347472533,-0.023749293255915224
noise_scale,high_to_low,stable_high,12,810,early,-0.009985274545199591,-0.009982125918914436,-0.03257486716191628,-0.032574907336264065,0.02258959261671669,0.02259278141734963
noise_scale,high_to_low,stable_high,12,810,late,0.03028209788417666,0.030276858203987456,0.15312858026747256,0.15312508928893714,-0.1228464823832959,-0.12284823108494969
noise_scale,high_to_low,stable_high,12,810,mid,0.040624815511586004,0.0406290122585251,0.0033647860344391683,0.003363197539584519,0.037260029477146836,0.03726581471894058
noise_scale,high_to_low,stable_high,12,811,all_post,-0.10578636980494811,-0.06257528893305515,-0.1948644487442465,-0.1508062941077334,0.08907807893929838,0.08823100517467826
noise_scale,high_to_low,stable_high,12,811,early,-0.34243705109776057,-0.13843530688967193,-0.28535414863214165,-0.09201957242108261,-0.05708290246561892,-0.04641573446858932
noise_scale,high_to_low,stable_high,12,811,late,0.02881864960269033,-0.04551073470787638,-0.26724248816156304,-0.3117546338609279,0.29606113776425336,0.2662438991530515
noise_scale,high_to_low,stable_high,12,811,mid,-0.014957792870410635,-0.005201871387048728,-0.02596520615425843,-0.03523231439509019,0.011007413283847795,0.03003044300804146
noise_scale,high_to_low,stable_high,12,812,all_post,0.08868679346506236,0.07757900712643277,-0.2256932387545711,-0.23884868783368213,0.31438003221963345,0.3164276949601149
noise_scale,high_to_low,stable_high,12,812,early,-0.0396905841767339,-0.04203041811711548,-0.013629357571862044,-0.011357054726421989,-0.026061226604871854,-0.030673363390693487
noise_scale,high_to_low,stable_high,12,812,late,0.24802084451349857,0.22190851880506748,-0.5364078419503715,-0.5801623317268592,0.7844286864638701,0.8020708505319266
noise_scale,high_to_low,stable_high,12,812,mid,0.04445228247105274,0.04083146138479344,-0.10114963314182972,-0.09658387339000041,0.14560191561288247,0.13741533477479384
noise_scale,high_to_low,stable_high,12,813,all_post,0.0416577722408832,-0.012188127141915315,0.003547506486181132,-0.05752509958798765,0.03811026575470207,0.045336972446072335
noise_scale,high_to_low,stable_high,12,813,early,0.017102261557379483,-0.034939563452820684,0.009617057038832944,-0.039221275769581815,0.0074852045185465396,0.004281712316761131
noise_scale,high_to_low,stable_high,12,813,late,0.057759729560638955,0.0016242215886833344,0.04235575481896829,-0.01735592327000051,0.015403974741670663,0.018980144858683844
noise_scale,high_to_low,stable_high,12,813,mid,0.04876949582798484,-0.004400068622491818,-0.04456431309365679,-0.11934553108421288,0.09333380892164164,0.11494546246172106
noise_scale,high_to_low,stable_high,12,814,all_post,0.09769774423377492,0.09769774423377492,-0.012347660765786125,-0.012347660765786125,0.11004540499956104,0.11004540499956104
noise_scale,high_to_low,stable_high,12,814,early,0.0018419145446162157,0.0018419145446162157,-0.0026030048317917296,-0.0026030048317917296,0.004444919376407945,0.004444919376407945
noise_scale,high_to_low,stable_high,12,814,late,0.20235596959761004,0.20235596959761004,0.012461485327926415,0.012461485327926415,0.18989448426968364,0.18989448426968364
noise_scale,high_to_low,stable_high,12,814,mid,0.08017382977877886,0.08017382977877886,-0.04896889163463577,-0.04896889163463577,0.12914272141341462,0.12914272141341462
noise_scale,high_to_low,stable_high,12,815,all_post,3.141771459185945,0.47711857911780764,3.0847254415518606,0.44943859359876925,0.05704601763408457,0.027679985519038386
noise_scale,high_to_low,stable_high,12,815,early,0.28355043066929814,-0.2330638345550752,0.17406234408414986,-0.1904689908135647,0.10948808658514828,-0.04259484374151051
noise_scale,high_to_low,stable_high,12,815,late,6.90693776867687,1.3618760709159938,6.82194876678391,1.2691358694409642,0.08498900189295977,0.0927402014750296
noise_scale,high_to_low,stable_high,12,815,mid,1.9210623190874234,0.22881371000932194,1.9467299366848494,0.20134079584872575,-0.025667617597425973,0.02747291416059619
noise_scale,high_to_low,stable_high,12,816,all_post,0.07475466060893486,0.06794624856237798,-0.024103803543579695,-0.030338489809359912,0.09885846415251456,0.09828473837173789
noise_scale,high_to_low,stable_high,12,816,early,0.07289862211876409,0.06750653152591184,-0.20762843915084805,-0.20640815076340435,0.28052706126961213,0.2739146822893162
noise_scale,high_to_low,stable_high,12,816,late,0.027334647812193143,0.022805174540185696,0.0617840819056334,0.05516329570455195,-0.03444943409344026,-0.03235812116436626
noise_scale,high_to_low,stable_high,12,816,mid,0.12798237962890915,0.11728879578955244,0.06637562282704114,0.05310423683794668,0.061606756801868015,0.06418455895160576
noise_scale,high_to_low,stable_high,12,817,all_post,0.05699815078533403,-0.21138625714946896,0.03898684301962698,-0.27183971417057873,0.01801130776570705,0.06045345702110977
noise_scale,high_to_low,stable_high,12,817,early,-0.033915982689279374,-0.6084344455697809,-0.16884307636926235,-0.8058235468220244,0.13492709367998298,0.19738910125224352
noise_scale,high_to_low,stable_high,12,817,late,-0.031496287513899886,-0.0675755089376911,0.004553575216527008,-0.029617557675037712,-0.036049862730426895,-0.03795795126265339
noise_scale,high_to_low,stable_high,12,817,mid,0.2437812590841175,0.029866954041416958,0.284119469195208,-0.0002632177226355563,-0.04033821011109048,0.030130171764052513
noise_scale,high_to_low,stable_high,12,818,all_post,-0.09587919106712034,-0.11918997922574892,-0.18444154149297584,-0.19299346664117545,0.0885623504258555,0.07380348741542653
noise_scale,high_to_low,stable_high,12,818,early,-0.10325360170763398,-0.1740209875637909,-0.12444097395278945,-0.17927889243448367,0.021187372245155475,0.005257904870692776
noise_scale,high_to_low,stable_high,12,818,late,-0.031175614885452993,-0.028490955803257088,-0.10967968213317453,-0.09151270829102869,0.07850406724772153,0.0630217524877716
noise_scale,high_to_low,stable_high,12,818,mid,-0.15860032129007962,-0.1626162462620732,-0.3254341233396137,-0.31664552906052623,0.16683380204953407,0.15402928279845304
noise_scale,high_to_low,stable_high,12,819,all_post,-0.037365986302630536,-0.045958748098619495,-0.12575295066685033,-0.14514716005345152,0.08838696436421979,0.09918841195483202
noise_scale,high_to_low,stable_high,12,819,early,-0.042019608882134483,-0.09534382878249546,-0.036694558342513055,-0.10546846539234521,-0.005325050539621429,0.010124636609849746
noise_scale,high_to_low,stable_high,12,819,late,0.044974023278857564,-0.0841259548805347,-0.14046430864428763,-0.30364362730057987,0.18543833192314518,0.21951767242004516
noise_scale,high_to_low,stable_high,12,819,mid,-0.12191404076973868,0.04477413993233129,-0.19887403851563057,-0.013121348530168922,0.07695999774589189,0.057895488462500214
persistence,high_to_low,stable_high,1,810,all_post,0.052384327805692785,0.05112354963520447,0.0052370779627408885,0.0053813695922529225,0.0471472498429519,0.045742180042951545
persistence,high_to_low,stable_high,1,810,early,-0.03034833799709993,-0.031546075415276056,-0.0021207501319253125,-0.0017515270912314808,-0.028227587865174618,-0.029794548324044576
persistence,high_to_low,stable_high,1,810,late,0.0504432031047285,0.049042064677189204,0.026984565684950237,0.02781418496897233,0.023458637419778265,0.021227879708216872
persistence,high_to_low,stable_high,1,810,mid,0.13770515987643792,0.1365684879630387,-0.016401744238872046,-0.01739615422655522,0.15410690411530997,0.1539646421895939
persistence,high_to_low,stable_high,1,811,all_post,0.03169060041909762,-0.016569100793047287,-0.014453699137501918,-0.01008707712615588,0.04614429955659954,-0.006482023666891407
persistence,high_to_low,stable_high,1,811,early,0.014641322392155107,-0.03656928285091677,2.1013645106389886e-16,0.011553157089414803,0.014641322392154897,-0.04812243994033157
persistence,high_to_low,stable_high,1,811,late,-0.024440495830497427,-0.053250054703360875,-0.023432150551993103,-0.016735045488442676,-0.0010083452785043245,-0.036515009214918195
persistence,high_to_low,stable_high,1,811,mid,0.12358134011216686,0.05233901981190701,-0.01693612972234913,-0.02286335352534416,0.140517469834516,0.07520237333725116
persistence,high_to_low,stable_high,1,812,all_post,0.1311734793001081,0.026697058495748438,0.03217975078310307,0.05236843380258087,0.09899372851700503,-0.02567137530683243
persistence,high_to_low,stable_high,1,812,early,0.034794309178291814,0.012140110386648778,0.025233007570078996,0.02382899428252198,0.009561301608212818,-0.011688883895873203
persistence,high_to_low,stable_high,1,812,late,-0.0172234709807794,-0.020080911075222335,0.0655779482070574,0.0956573401461861,-0.08280141918783679,-0.11573825122140843
persistence,high_to_low,stable_high,1,812,mid,0.425415249796441,0.1036246326994758,-0.005404435902478622,0.023189331531166146,0.43081968569891965,0.08043530116830966
persistence,high_to_low,stable_high,1,813,all_post,0.0788280528128901,-0.01244440932915218,-0.01690242447863809,-0.031101049858943706,0.09573047729152818,0.018656640529791525
persistence,high_to_low,stable_high,1,813,early,0.001990294852474083,-0.01686253181035112,0.006674857003302577,-0.013832882563217385,-0.0046845621508284935,-0.003029649247133734
persistence,high_to_low,stable_high,1,813,late,0.17173448463262703,0.09159613544909692,-0.003958251648045773,-0.016587080912724494,0.1756927362806728,0.10818321636182142
persistence,high_to_low,stable_high,1,813,mid,0.031790568346990254,-0.14674701321895203,-0.05773860306803519,-0.06772117574962899,0.08952917141502545,-0.07902583746932304
persistence,high_to_low,stable_high,1,814,all_post,0.05337877372222727,0.06107471577656405,-0.011856166512210418,-0.01261197720890645,0.06523494023443768,0.0736866929854705
persistence,high_to_low,stable_high,1,814,early,0.035807318389227745,0.04727562459775436,-0.008079386652044338,-0.0077221484004360045,0.04388670504127208,0.054997772998190364
persistence,high_to_low,stable_high,1,814,late,-0.00957826959932799,-0.009238134138905826,-0.017503053450645546,-0.0196669239016189,0.007924783851317556,0.010428789762713074
persistence,high_to_low,stable_high,1,814,mid,0.15489295348396717,0.1686242735093336,-0.008103763787796337,-0.008095210427093628,0.1629967172717635,0.17671948393642722
persistence,high_to_low,stable_high,1,815,all_post,0.03963087075208306,0.052130085228109836,-0.006528184522883759,-0.0077513215246059215,0.04615905527496682,0.059881406752715756
persistence,high_to_low,stable_high,1,815,early,-0.047293532059440486,-0.04105077563903464,-0.014315379591457794,-0.015291103252519903,-0.03297815246798269,-0.02575967238651474
persistence,high_to_low,stable_high,1,815,late,0.04338743224033091,0.05792624308551696,-0.004126918657386722,-0.006284704531995811,0.04751435089771763,0.06421094761751277
persistence,high_to_low,stable_high,1,815,mid,0.12154652491260946,0.13758273561871145,-0.0019426772749724557,-0.00216702912017208,0.12348920218758191,0.13974976473888354
persistence,high_to_low,stable_high,1,816,all_post,-0.0002577703500198536,-0.00025777034999915904,-0.021977052295883266,-0.021977052295871942,0.021719281945863412,0.021719281945872783
persistence,high_to_low,stable_high,1,816,early,-0.02134081058763487,-0.02134081058762764,-0.05924369399217475,-0.05924369399216931,0.037902883404539886,0.037902883404541676
persistence,high_to_low,stable_high,1,816,late,-0.08977382643160861,-0.0897738264316002,-0.008218790075820376,-0.00821879007581507,-0.08155503635578823,-0.08155503635578513
persistence,high_to_low,stable_high,1,816,mid,0.1401800113297135,0.14018001132976404,-0.003054760226342299,-0.0030547602263170676,0.1432347715560558,0.1432347715560811
persistence,high_to_low,stable_high,1,817,all_post,0.05172324538418299,0.24199448457397307,0.12038736334201916,0.002377094338309704,-0.06866411795783617,0.23961739023566336
persistence,high_to_low,stable_high,1,817,early,0.07165745858947985,0.5705849670205857,0.2314104095330609,0.01456172867294818,-0.15975295094358105,0.5560232383476376
persistence,high_to_low,stable_high,1,817,late,0.0595563095640991,0.07529286615833017,0.07465184217753164,-0.02340283425230893,-0.015095532613432536,0.0986957004106391
persistence,high_to_low,stable_high,1,817,mid,0.021344946605664633,0.13567282668155103,0.0703450120369607,0.02456569812449608,-0.049000065431296064,0.11110712855705496
persistence,high_to_low,stable_high,1,818,all_post,0.11518754392410899,0.11467217334110846,-0.05842736654010301,-0.058430984256704,0.173614910464212,0.17310315759781247
persistence,high_to_low,stable_high,1,818,early,-0.007316034144037475,-0.007670878459392419,-0.11652309633135206,-0.11649998191799416,0.10920706218731459,0.10882910345860174
persistence,high_to_low,stable_high,1,818,late,0.21299711740078692,0.21224945195439243,-0.04255975594562175,-0.04256269228585747,0.25555687334640864,0.2548121442402499
persistence,high_to_low,stable_high,1,818,mid,0.1072783573566849,0.10691218699056408,-0.021488450874828955,-0.021519709223209244,0.12876680823151385,0.12843189621377332
persistence,high_to_low,stable_high,1,819,all_post,0.1555241366280186,0.15552413662802017,-0.028381127065544152,-0.02838112706554367,0.18390526369356275,0.18390526369356383
persistence,high_to_low,stable_high,1,819,early,0.02208911118812422,0.022089111188120823,-0.005250649280021538,-0.00525064928002019,0.027339760468145756,0.027339760468141013
persistence,high_to_low,stable_high,1,819,late,0.33948717494601094,0.3394871749460166,0.02555054697755333,0.025550546977553844,0.3139366279684576,0.3139366279684628
persistence,high_to_low,stable_high,1,819,mid,0.04367511097725648,0.04367511097725765,-0.12342050357519674,-0.12342050357519717,0.16709561455245323,0.1670956145524548
persistence,high_to_low,stable_high,3,810,all_post,0.016112626335368814,0.016120299151580753,0.039031966329007996,0.03901692247283593,-0.02291933999363918,-0.02289662332125518
persistence,high_to_low,stable_high,3,810,early,-0.022688626911979756,-0.022687359568615017,-0.04431457423087818,-0.044296935203028194,0.021625947318898425,0.021609575634413177
persistence,high_to_low,stable_high,3,810,late,0.0493765947951977,0.049388783184466004,0.11352280972965101,0.11346795099797438,-0.0641462149344533,-0.06407916781350838
persistence,high_to_low,stable_high,3,810,mid,0.010561921636278867,0.010569979161262838,0.023057382354703462,0.023062742115182142,-0.012495460718424596,-0.012492762953919304
persistence,high_to_low,stable_high,3,811,all_post,0.0688750336509362,-0.006837928105475547,-0.03382910672428259,-0.03754348772099353,0.10270414037521879,0.030705559615517984
persistence,high_to_low,stable_high,3,811,early,0.09593508975145466,-0.03190884294053418,0.0,-0.007305801563613515,0.09593508975145466,-0.024603041376920664
persistence,high_to_low,stable_high,3,811,late,-0.014457609899685038,-0.05177852551758007,-0.0805183678661765,-0.07540214370268433,0.06606075796649147,0.023623618185104264
persistence,high_to_low,stable_high,3,811,mid,0.15292516895124605,0.0781537832790558,-0.0054058652593733415,-0.017302965902785804,0.1583310342106194,0.0954567491818416
persistence,high_to_low,stable_high,3,812,all_post,0.04270161587313554,-0.011113242374582704,0.1794485116836841,0.08187066687665205,-0.13674689581054855,-0.09298390925123476
persistence,high_to_low,stable_high,3,812,early,-0.01237805843413855,-0.01613658074252225,-0.005758973817104694,-0.0024344924029563405,-0.006619084617033856,-0.01370208833956591
persistence,high_to_low,stable_high,3,812,late,0.15772828798560737,0.021490578698743608,0.4569019466094144,0.2129615538449241,-0.29917365862380707,-0.1914709751461805
persistence,high_to_low,stable_high,3,812,mid,-0.05558760596955284,-0.0495616654377449,-0.005281916049834189,-0.008612023134768934,-0.05030568991971865,-0.040949642302975965
persistence,high_to_low,stable_high,3,813,all_post,0.1338424083871841,0.1338424083871841,-0.01620440041363861,-0.01620440041363861,0.1500468088008227,0.1500468088008227
persistence,high_to_low,stable_high,3,813,early,0.0,0.0,0.0,0.0,0.0,0.0
persistence,high_to_low,stable_high,3,813,late,0.23398370671924457,0.23398370671924457,-0.028723017406660667,-0.028723017406660667,0.26270672412590523,0.26270672412590523
persistence,high_to_low,stable_high,3,813,mid,0.13416308566495416,0.13416308566495416,-0.015717311503247813,-0.015717311503247813,0.14988039716820198,0.14988039716820198
persistence,high_to_low,stable_high,3,814,all_post,0.061671649030279455,0.04863600250986239,-0.005720362151349917,-0.0036291614805907787,0.06739201118162937,0.052265163990453174
persistence,high_to_low,stable_high,3,814,early,0.07243475147001842,0.05447732557011344,-0.0015684000744608274,-0.002732392585380876,0.07400315154447924,0.05720971815549432
persistence,high_to_low,stable_high,3,814,late,0.0907131939526343,0.08582962963287162,0.008972849681380343,0.0158942700714165,0.08174034427125396,0.06993535956145512
persistence,high_to_low,stable_high,3,814,mid,0.012186486694067375,-0.006796823381067657,-0.029463273338546023,-0.030557172445143735,0.0416497600326134,0.023760349064076078
persistence,high_to_low,stable_high,3,815,all_post,0.03980501633607348,0.04248823695409304,0.0011257142040281692,-6.724404941939738e-05,0.03867930213204531,0.04255548100351244
persistence,high_to_low,stable_high,3,815,early,-0.02378670345303043,-0.022181753821348845,0.009562284997796487,0.008886619081786253,-0.033348988450826914,-0.0310683729031351
persistence,high_to_low,stable_high,3,815,late,0.08877023123549578,0.0918482381735204,-0.010479850145672931,-0.012386767786263774,0.09925008138116871,0.10423500595978417
persistence,high_to_low,stable_high,3,815,mid,0.038109782925947654,0.041344892770298416,0.008163229209861326,0.00740492446850079,0.02994655371608633,0.03393996830179763
persistence,high_to_low,stable_high,3,816,all_post,0.07257522289294571,0.07257522289294571,-0.07520154309261848,-0.07520154309261848,0.1477767659855642,0.1477767659855642
persistence,high_to_low,stable_high,3,816,early,-0.02648926025802736,-0.02648926025802736,-0.12170526955288695,-0.12170526955288695,0.09521600929485959,0.09521600929485959
persistence,high_to_low,stable_high,3,816,late,0.030349931434278644,0.030349931434278644,-0.11257709199588825,-0.11257709199588825,0.1429270234301669,0.1429270234301669
persistence,high_to_low,stable_high,3,816,mid,0.2279400946554748,0.2279400946554748,0.0211362485720097,0.0211362485720097,0.20680384608346508,0.20680384608346508
persistence,high_to_low,stable_high,3,817,all_post,0.08179123735379804,0.10863907464996898,0.15244945241564603,-0.0831488375107989,-0.070658215061848,0.1917879121607679
persistence,high_to_low,stable_high,3,817,early,0.09306395330301342,0.1832390699712084,0.2576840357244631,-0.22368479454995924,-0.16462008242144965,0.40692386452116763
persistence,high_to_low,stable_high,3,817,late,0.09069582611327609,0.0673749218146598,0.1119851383040242,-0.03140660377882011,-0.021289312190748116,0.09878152559347991
persistence,high_to_low,stable_high,3,817,mid,0.0586457363919452,0.08905794977580844,0.10116728792232473,-0.01160252544761034,-0.04252155153037952,0.10066047522341878
persistence,high_to_low,stable_high,3,818,all_post,0.04531052395295236,0.07554832958032079,0.10045652518572767,0.023845892829274355,-0.05514600123277531,0.05170243675104644
persistence,high_to_low,stable_high,3,818,early,0.18051935427718738,0.05597547218630391,0.27436243483246386,-0.01845395441168096,-0.09384308055527649,0.07442942659798488
persistence,high_to_low,stable_high,3,818,late,-0.027978054996729704,0.1586611550734628,0.003956441207227154,0.07236735002060773,-0.03193449620395686,0.08629380505285505
persistence,high_to_low,stable_high,3,818,mid,0.007819798894960088,-0.015695913683184955,0.055217394176992174,0.001450463815118503,-0.047397595282032086,-0.01714637749830346
persistence,high_to_low,stable_high,3,819,all_post,0.17816546931697178,0.001296130433034584,-0.005174343796403624,-0.05628370577359072,0.1833398131133754,0.05757983620662531
persistence,high_to_low,stable_high,3,819,early,0.029299647603880454,-0.06495696209290881,-0.01638508049407077,0.05911676884066815,0.045684728097951224,-0.12407373093357696
persistence,high_to_low,stable_high,3,819,late,0.3200052703735434,0.001767343181870197,0.15067509623085334,0.03263572482885471,0.16933017414269008,-0.030868381646984515
persistence,high_to_low,stable_high,3,819,mid,0.1379115562879676,0.06692093929386382,-0.20176286046841244,-0.2902434211911102,0.33967441675638005,0.357164360484974
persistence,high_to_low,stable_high,6,810,all_post,0.02963839457292339,0.02964228440748929,-0.014404630121069588,-0.014403539806806144,0.04404302469399298,0.04404582421429543
persistence,high_to_low,stable_high,6,810,early,3.2981947655413846e-05,4.2326884020183385e-05,0.00028908948723900253,0.00030611520130356266,-0.0002561075395835887,-0.0002637883172833793
persistence,high_to_low,stable_high,6,810,late,0.05527490879649379,0.0552787595254685,-0.06380542207602846,-0.06381611402230652,0.11908033087252226,0.11909487354777502
persistence,high_to_low,stable_high,6,810,mid,0.027198164418728358,0.027196648033484382,0.032652640214320426,0.03265252295445961,-0.005454475795592068,-0.0054558749209752296
persistence,high_to_low,stable_high,6,811,all_post,-0.033332118766720056,-0.04508049900003502,-0.15813772696299383,-0.15351714108286912,0.12480560819627377,0.1084366420828341
persistence,high_to_low,stable_high,6,811,early,-0.04146112307284865,-0.05530867265998681,-0.028116377008097826,-0.03015805676909558,-0.013344746064750827,-0.02515061589089123
persistence,high_to_low,stable_high,6,811,late,-0.06759326415062726,-0.06450265813535032,-0.38494252451512895,-0.36316649766351383,0.3173492603645017,0.2986638395281635
persistence,high_to_low,stable_high,6,811,mid,0.01762331726929255,-0.0105746264209391,-0.004653079977720944,-0.014814529670836742,0.022276397247013493,0.004239903249897642
persistence,high_to_low,stable_high,6,812,all_post,0.10753368935234409,0.03903844895438501,0.16461685452330468,0.049048319416786564,-0.0570831651709606,-0.010009870462401552
persistence,high_to_low,stable_high,6,812,early,0.0029413901431008665,-0.006839354682037393,0.014021997840308721,0.016802811262689,-0.011080607697207855,-0.023642165944726394
persistence,high_to_low,stable_high,6,812,late,0.30392460766128804,0.13610623016801385,0.41521316971622946,0.1167818976117769,-0.11128856205494142,0.019324332556236945
persistence,high_to_low,stable_high,6,812,mid,-0.0333626593245927,-0.03641847392622862,0.0019663172151446607,-0.0033731451728537983,-0.035328976539737364,-0.03304532875337482
persistence,high_to_low,stable_high,6,813,all_post,0.17338591897708552,-0.07274249682441458,-0.09722746718482618,-0.15885872331778184,0.2706133861619117,0.08611622649336725
persistence,high_to_low,stable_high,6,813,early,0.01896586020531935,-0.1979764417318314,-0.05211404089645733,-0.23929337855512955,0.07107990110177669,0.04131693682329815
persistence,high_to_low,stable_high,6,813,late,0.39957620498528784,-0.011009899343054927,0.09661338125725474,-0.18734987636373363,0.30296282372803307,0.1763399770206787
persistence,high_to_low,stable_high,6,813,mid,0.04506812023859889,-0.024674298768697384,-0.38464195402579615,-0.0428101267729944,0.42971007426439506,0.018135828004297017
persistence,high_to_low,stable_high,6,814,all_post,0.09623460469901755,0.09352747696980616,-0.06120642562907277,-0.06014641634141862,0.15744103032809031,0.15367389331122477
persistence,high_to_low,stable_high,6,814,early,0.05014853055284424,0.04777624899277474,0.0017480700146784995,0.0023414611449520954,0.04840046053816574,0.04543478784782264
persistence,high_to_low,stable_high,6,814,late,0.2538340361871745,0.25173147688977654,-0.03383091556102222,-0.031506625835231325,0.28766495174819673,0.2832381027250079
persistence,high_to_low,stable_high,6,814,mid,-0.05467861051500534,-0.0584762949531254,-0.1583803088578873,-0.15843403196052339,0.10370169834288195,0.09995773700739799
persistence,high_to_low,stable_high,6,815,all_post,0.08534522423978398,0.05946293952095236,-0.021631554966423484,-0.06608598846004786,0.10697677920620746,0.1255489279810002
persistence,high_to_low,stable_high,6,815,early,-0.0389807142628271,-0.03781600019745934,-0.014450316149964304,-0.025325924466030058,-0.024530398112862797,-0.012490075731429285
persistence,high_to_low,stable_high,6,815,late,0.24071788934275523,0.17993666053365406,-0.08359585502123092,-0.17508262849683257,0.32431374436398613,0.35501928903048663
persistence,high_to_low,stable_high,6,815,mid,0.01545533136368095,0.0061497279734869376,0.04864258128562662,0.029399747591915253,-0.03318724992194567,-0.023250019618428316
persistence,high_to_low,stable_high,6,816,all_post,0.06951923878655078,-0.14209309077944132,-0.082156401779847,-0.04024598145045997,0.15167564056639776,-0.10184710932898136
persistence,high_to_low,stable_high,6,816,early,-0.13019874415877852,-0.42805727755712913,-0.2750966270154541,-0.2913281440049087,0.1448978828566756,-0.13672913355222044
persistence,high_to_low,stable_high,6,816,late,0.1033091983325209,-0.05043800507342969,-0.06630313958389082,-0.0440134222963191,0.16961233791641173,-0.006424582777110589
persistence,high_to_low,stable_high,6,816,mid,0.2269997722994175,0.029302238865731994,0.0909672457108149,0.21554548216131272,0.1360325265886026,-0.18624324329558073
persistence,high_to_low,stable_high,6,817,all_post,0.0828951406060903,0.015627673778236904,0.2698313447063505,-0.1705418937054558,-0.1869362041002602,0.1861695674836927
persistence,high_to_low,stable_high,6,817,early,-0.01193091808746787,-0.1371260532084719,0.46174091978290804,-0.5363176790638702,-0.4736718378703759,0.39919162585539825
persistence,high_to_low,stable_high,6,817,late,0.13824438374859277,0.05484952555487143,0.18123323554377227,-0.030828746941487562,-0.0429888517951795,0.085678272496359
persistence,high_to_low,stable_high,6,817,mid,0.1085346453715204,0.11935408604415247,0.18866940608301594,0.020592458197998226,-0.08013476071149554,0.09876162784615425
persistence,high_to_low,stable_high,6,818,all_post,0.02908840466443414,0.07241637418534805,0.02582605996072046,0.0005442308738270793,0.0032623447037136814,0.07187214331152098
persistence,high_to_low,stable_high,6,818,early,0.1480035746184137,0.05731499012497748,0.10631029680048326,-0.11598792564821947,0.041693277817930446,0.17330291577319695
persistence,high_to_low,stable_high,6,818,late,-0.029279165182373692,0.17516893424956184,-0.039650735348426225,0.10124108856240852,0.010371570166052533,0.07392784568715333
persistence,high_to_low,stable_high,6,818,mid,-0.01686730298103557,-0.04092294183454857,0.027187817257391018,-0.008794684714853188,-0.04405512023842659,-0.03212825711969538
persistence,high_to_low,stable_high,6,819,all_post,-0.0945198113745686,-0.09681167531006217,-0.12935954520868506,-0.1294763207132568,0.03483973383411647,0.03266464540319462
persistence,high_to_low,stable_high,6,819,early,-0.17070309078426596,-0.15937817368283203,-0.09847844023269002,-0.08108214142032204,-0.07222465055157594,-0.07829603226250999
persistence,high_to_low,stable_high,6,819,late,-0.06345899402641177,-0.06534491834680907,-0.1962563287558412,-0.19908344040142117,0.13279733472942945,0.13373852205461212
persistence,high_to_low,stable_high,6,819,mid,-0.05716255365006732,-0.07357862314135867,-0.07661967075073509,-0.0908616003959861,0.01945711710066777,0.017282977254627435
persistence,high_to_low,stable_high,12,810,all_post,0.016011609152045057,0.016024297455101814,-0.022588899307078462,-0.022585083531257703,0.03860050845912352,0.03860938098635952
persistence,high_to_low,stable_high,12,810,early,-0.022739151398727748,-0.022708270381187112,-0.06998982751250798,-0.06993934513472484,0.04725067611378024,0.04723107475353773
persistence,high_to_low,stable_high,12,810,late,0.06400382352228645,0.0640180937584412,-0.016638269963479075,-0.016668193102856443,0.08064209348576552,0.08068628686129764
persistence,high_to_low,stable_high,12,810,mid,0.0027708041350563567,0.002763585962773064,0.01836551377611838,0.01835921344144138,-0.015594709641062025,-0.015595627478668316
persistence,high_to_low,stable_high,12,811,all_post,-0.1688428211805799,-0.1669873097536123,-0.20419719259056957,-0.20297208682199475,0.03535437140998968,0.035984777068382434
persistence,high_to_low,stable_high,12,811,early,-0.30217367640516546,-0.3003949845784389,-0.4071430218271337,-0.40638107058850753,0.10496934542196823,0.10598608601006865
persistence,high_to_low,stable_high,12,811,late,-0.1704623235023228,-0.16583019641944555,-0.19719773655562356,-0.1924140211278054,0.026735413053300766,0.02658382470835985
persistence,high_to_low,stable_high,12,811,mid,-0.03375750510743956,-0.03483317437413314,-0.00883410739186362,-0.011001007557520476,-0.02492339771557594,-0.023832166816612668
persistence,high_to_low,stable_high,12,812,all_post,0.03894912930789781,-0.04263655954497586,-0.279948014325635,-0.4182960488106799,0.3188971436335328,0.375659489265704
persistence,high_to_low,stable_high,12,812,early,-0.014337790164269974,-0.03297389878160139,0.006985293563742755,0.005170247191059157,-0.02132308372801273,-0.03814414597266055
persistence,high_to_low,stable_high,12,812,late,0.16938460108924944,-0.05714033159036318,-0.8053098985332815,-1.1942023754420583,0.974694499622531,1.1370620438516952
persistence,high_to_low,stable_high,12,812,mid,-0.04906904564973208,-0.036586800592514075,0.002260719009937536,-0.001197157628426099,-0.05132976465966962,-0.035389642964087975
persistence,high_to_low,stable_high,12,813,all_post,0.005644176784788535,-0.03745583603734043,-0.25120527550703825,-0.3056938451852965,0.25684945229182676,0.2682380091479561
persistence,high_to_low,stable_high,12,813,early,0.0021499543206843033,-0.05291055862880542,-0.053478911461171307,-0.09851697993500304,0.05562886578185561,0.04560642130619762
persistence,high_to_low,stable_high,12,813,late,0.03785856242388242,-0.0009872025256662915,-0.46166942929594185,-0.5284363509521313,0.49952799171982426,0.527449148426465
persistence,high_to_low,stable_high,12,813,mid,-0.025760518526792276,-0.06150879975018913,-0.22092880628159314,-0.27156632918818574,0.19516828775480086,0.2100575294379966
persistence,high_to_low,stable_high,12,814,all_post,-0.008308304933927934,-0.02111428607368775,0.02701844660689366,0.19051838666967233,-0.03532675154082159,-0.2116326727433601
persistence,high_to_low,stable_high,12,814,early,0.14856094212258245,-0.019492585750399423,-0.12765368944978664,-0.07512312735184555,0.2762146315723691,0.05563054160144613
persistence,high_to_low,stable_high,12,814,late,0.6767182512392034,0.2684793337643772,0.1796965635054947,-0.23163562326213347,0.4970216877337087,0.5001149570265107
persistence,high_to_low,stable_high,12,814,mid,-0.9072896545113308,-0.3364624078882131,0.01628928935675608,0.9134934114506464,-0.9235789438680869,-1.2499558193388596
persistence,high_to_low,stable_high,12,815,all_post,0.6044720388370141,0.3206796344932064,0.5198022467549458,0.31520774911186955,0.08466979208206826,0.005471885381336861
persistence,high_to_low,stable_high,12,815,early,-0.1199057515544734,-0.25625846038211736,-0.12615869490447124,-0.2280549059954218,0.006252943349997833,-0.028203554386695556
persistence,high_to_low,stable_high,12,815,late,1.6413122922846162,1.076200656331661,1.2648491891837481,0.9615421092702281,0.37646310310086806,0.11465854706143297
persistence,high_to_low,stable_high,12,815,mid,0.20560622132693238,0.07913662237687097,0.3586290007831603,0.15827484738093905,-0.15302277945622791,-0.07913822500406809
persistence,high_to_low,stable_high,12,816,all_post,-0.015566471731857462,-0.06685854026172397,0.020976340072427446,-0.01771654093286811,-0.03654281180428491,-0.049141999328855865
persistence,high_to_low,stable_high,12,816,early,-0.2017027151448418,-0.2331914392051437,-0.557612449930415,-0.546700648013898,0.3559097347855732,0.3135092088087542
persistence,high_to_low,stable_high,12,816,late,0.040646261812717105,0.008725042859459319,0.16533564438702203,0.1150744634405038,-0.12468938257430492,-0.10634942058104449
persistence,high_to_low,stable_high,12,816,mid,0.10967264367450447,0.01759214363374732,0.44317588373445904,0.3674106447436753,-0.3335032400599546,-0.34981850110992796
persistence,high_to_low,stable_high,12,817,all_post,0.15607972811096527,-0.3038228184608555,0.3516892321057504,-0.29332124837512147,-0.19560950399478516,-0.010501570085734047
persistence,high_to_low,stable_high,12,817,early,0.23899544284771332,-0.8304131735067249,0.3838866265228393,-0.9231774812357941,-0.14489118367512596,0.09276430772906918
persistence,high_to_low,stable_high,12,817,late,-0.07030597604218161,-0.09901783192971253,0.13806124028898548,-0.03366125963147855,-0.2083672163311671,-0.06535657229823398
persistence,high_to_low,stable_high,12,817,mid,0.3184151928734597,0.0008954678429421459,0.5509221621568235,0.05523666334660477,-0.23250696928336384,-0.05434119550366263
persistence,high_to_low,stable_high,12,818,all_post,-0.041201831940552394,-0.013590343229363255,-0.15112703963267907,-0.12381853929053971,0.10992520769212667,0.11022819606117645
persistence,high_to_low,stable_high,12,818,early,0.050467635988590755,0.1204517019153885,-0.2271020693008077,-0.15911227483578969,0.27756970528939845,0.27956397675117817
persistence,high_to_low,stable_high,12,818,late,-0.04784620414751565,-0.0516529787167115,-0.1186053993449305,-0.11941171657980384,0.07075919519741486,0.06775873786309235
persistence,high_to_low,stable_high,12,818,mid,-0.1256732299788187,-0.10639786659615441,-0.11038378694294469,-0.09329886168192025,-0.015289443035873998,-0.013099004914234158
persistence,high_to_low,stable_high,12,819,all_post,-0.11687664445462961,-0.11600579451499189,-0.22283243211085918,-0.22370822640934188,0.10595578765622957,0.10770243189434998
persistence,high_to_low,stable_high,12,819,early,-0.07616464713322502,-0.07670584032308798,-0.07294506204738632,-0.07386471261330595,-0.0032195850858386943,-0.0028411277097820375
persistence,high_to_low,stable_high,12,819,late,-0.1257609649170043,-0.1262469257897617,-0.3668191710473833,-0.3690236377763532,0.241058206130379,0.2427767119865915
persistence,high_to_low,stable_high,12,819,mid,-0.14796396127512837,-0.14421118982589523,-0.21673416832643078,-0.21612671122444893,0.0687702070513024,0.0719155213985537
roughness,high_to_low,stable_high,1,810,all_post,0.015492451583162748,0.011585891624871211,-0.04588738597359698,-0.04423995393262005,0.06137983755675973,0.05582584555749126
roughness,high_to_low,stable_high,1,810,early,0.011723469002602188,0.0071140154311561095,-0.005269416757298351,-0.005161920145031148,0.016992885759900538,0.012275935576187258
roughness,high_to_low,stable_high,1,810,late,-0.01001260543269094,-0.00990380136160464,-0.04555631953897745,-0.04124816177191893,0.03554371410628651,0.03134436041031429
roughness,high_to_low,stable_high,1,810,mid,0.053268176851528216,0.04471069180055412,-0.08694677710272164,-0.0873070439344771,0.14021495395424985,0.13201773573503123
roughness,high_to_low,stable_high,1,811,all_post,-0.024959513395764986,-0.03995245314911081,-0.06601939718975923,-0.0742414128279671,0.041059883793994244,0.03428895967885629
roughness,high_to_low,stable_high,1,811,early,-0.007935997129025135,-0.008700202486881052,-0.010351657726992475,0.003037587025905706,0.0024156605979673406,-0.011737789512786758
roughness,high_to_low,stable_high,1,811,late,-0.0393610798355427,-0.04968987765279337,-0.200571732548336,-0.20548189731366312,0.16121065271279328,0.15579201966086975
roughness,high_to_low,stable_high,1,811,mid,-0.022780941076134553,-0.05822147113976383,0.05771597715890975,0.023466899965754764,-0.0804969182350443,-0.08168837110551859
roughness,high_to_low,stable_high,1,812,all_post,0.007294834426300056,-0.029341243642266545,0.0022553481347610768,0.005063161113731887,0.00503948629153898,-0.03440440475599843
roughness,high_to_low,stable_high,1,812,early,0.02658231165077291,-0.04797146436029709,0.017974587921950235,-0.025271942192615127,0.008607723728822674,-0.022699522167681962
roughness,high_to_low,stable_high,1,812,late,-0.037511580735806065,-0.03982291249589784,-0.02403152337365752,0.055770294898943036,-0.013480057362148544,-0.09559320739484087
roughness,high_to_low,stable_high,1,812,mid,0.04774924408463536,0.003264535547272402,0.021585270358796715,-0.03221124729353598,0.026163973725838643,0.03547578284080838
roughness,high_to_low,stable_high,1,813,all_post,-0.06400855279923165,-0.06349707437917262,-0.03757318015999528,-0.0389707820115917,-0.02643537263923637,-0.024526292367580922
roughness,high_to_low,stable_high,1,813,early,-0.010364502274532741,-0.011036049327474406,-0.012774000181361008,-0.014135504633221664,0.002409497906828267,0.0030994553057472583
roughness,high_to_low,stable_high,1,813,late,-0.02197247090846919,-0.019746577247085027,-0.0012969164902265906,0.0005462750542485351,-0.0206755544182426,-0.020292852301333562
roughness,high_to_low,stable_high,1,813,mid,-0.17370071251161381,-0.17429209560698763,-0.11074071169832111,-0.11649546881108204,-0.0629600008132927,-0.057796626795905595
roughness,high_to_low,stable_high,1,814,all_post,-0.05673295338148691,-0.05523082529295635,0.0008587275210702343,0.005533546868854352,-0.05759168090255714,-0.0607643721618107
roughness,high_to_low,stable_high,1,814,early,-0.004184556096046427,0.012066507324371319,-0.004855598660033315,0.012932018683012955,0.0006710425639868886,-0.0008655113586416366
roughness,high_to_low,stable_high,1,814,late,-0.03182765900572451,-0.03468797537664513,0.004021416029819109,-0.0005950535598813651,-0.03584907503554362,-0.034092921816763766
roughness,high_to_low,stable_high,1,814,mid,-0.14248840983461056,-0.1499186244653657,0.00235613569050862,0.006306542293010031,-0.1448445455251192,-0.15622516675837572
roughness,high_to_low,stable_high,1,815,all_post,0.0236138949459303,0.05508882133366015,-0.012597312545857211,0.024277517269259953,0.03621120749178751,0.030811304064400198
roughness,high_to_low,stable_high,1,815,early,-0.00860752972610074,0.017030250188618642,-0.015417451391134124,0.02164414011717115,0.006809921665033384,-0.004613889928552509
roughness,high_to_low,stable_high,1,815,late,0.06802136695540953,0.1258672199121436,-0.0189795231005237,0.044247294577119504,0.08700089005593323,0.0816199253350241
roughness,high_to_low,stable_high,1,815,mid,-0.0033746430613442904,-0.001223805625942957,-0.001267559627691656,0.00028452467753604157,-0.0021070834336526347,-0.0015083303034789987
roughness,high_to_low,stable_high,1,816,all_post,-0.015518199178372905,-0.08516955154736108,0.035765875123648774,-0.004263620350877645,-0.05128407430202168,-0.08090593119648344
roughness,high_to_low,stable_high,1,816,early,-0.19563227407411277,-0.18108565763436427,-0.22310488185710964,-0.1562003351621523,0.027472607782996872,-0.02488532247221198
roughness,high_to_low,stable_high,1,816,late,0.01544545150935255,-0.004457792746685082,0.014922552269031351,0.0013332489044657198,0.000522899240321199,-0.005791041651150802
roughness,high_to_low,stable_high,1,816,mid,0.12331100813373301,-0.09686912386125918,0.322427729243897,0.14021060211993921,-0.19911672111016399,-0.2370797259811984
roughness,high_to_low,stable_high,1,817,all_post,0.04033438307945754,0.002216188616975727,0.2613512612661586,-0.005724586799475106,-0.22101687818670107,0.007940775416450833
roughness,high_to_low,stable_high,1,817,early,0.16834524448938284,0.0393990062268386,0.45198104074745854,-0.0006531919720530512,-0.28363579625807567,0.04005219819889165
roughness,high_to_low,stable_high,1,817,late,-0.03864188510808164,-0.007041227314026991,0.13157317983493338,0.019529410208720212,-0.17021506494301503,-0.0265706375227472
roughness,high_to_low,stable_high,1,817,mid,0.017625212586251143,-0.02262340775155017,0.24375892369315896,-0.04446797763782425,-0.22613371110690783,0.02184456988627408
roughness,high_to_low,stable_high,1,818,all_post,0.022542354356002683,0.036691131929603736,-0.006626227230983115,-0.03140489027433158,0.0291685815869858,0.06809602220393532
roughness,high_to_low,stable_high,1,818,early,-0.0036344896673778278,0.014892052373659197,0.013446308900668858,-0.0816641289485986,-0.017080798568046687,0.0965561813222578
roughness,high_to_low,stable_high,1,818,late,0.028089595022269466,0.03384763523131977,-0.01670150958095238,-0.003386706277091437,0.044791104603221846,0.037234341508411206
roughness,high_to_low,stable_high,1,818,mid,0.041322877491027483,0.06228154041659358,-0.01326505356267607,-0.018503230263051423,0.054587931053703555,0.08078477067964501
roughness,high_to_low,stable_high,1,819,all_post,-0.0326141718624524,-0.029318026112983085,-0.03298994813262729,-0.04043903320839494,0.0003757762701748907,0.011121007095411854
roughness,high_to_low,stable_high,1,819,early,-0.001341224547231799,-0.024445484772562347,-0.0002798871919685725,-0.02259851137852413,-0.0010613373552632265,-0.001846973394038217
roughness,high_to_low,stable_high,1,819,late,0.007197587348342964,0.015127352646942444,-0.00927593071704638,-0.018746857982023538,0.016473518065389346,0.03387421062896598
roughness,high_to_low,stable_high,1,819,mid,-0.11696946479206681,-0.09345107246663788,-0.09731869896072722,-0.08720245534009426,-0.019650765831339595,-0.006248617126543621
roughness,high_to_low,stable_high,3,810,all_post,0.03665214326183427,0.03270529743708458,0.02524508365181889,0.023785027369293988,0.011407059610015379,0.00892027006779059
roughness,high_to_low,stable_high,3,810,early,-0.01579600030219977,-0.017635406964276238,-0.03931938659185003,-0.039469992482551695,0.023523386289650262,0.021834585518275457
roughness,high_to_low,stable_high,3,810,late,0.07400304646885655,0.06838402196869262,0.10319625971202687,0.10040945459489872,-0.029193213243170313,-0.03202543262620611
roughness,high_to_low,stable_high,3,810,mid,0.03929908254983861,0.03547436912963468,-0.014125347518122855,-0.015125855746333317,0.053424430067961465,0.05060022487596799
roughness,high_to_low,stable_high,3,811,all_post,0.01537901100244556,0.0022628680380197856,-0.07459052879327296,-0.08277641515057076,0.08996953979571852,0.08503928318859054
roughness,high_to_low,stable_high,3,811,early,-0.004005156446233944,-0.01270888434773354,-0.0081130744482134,-0.011085909438245186,0.004107918001979456,-0.0016229749094883537
roughness,high_to_low,stable_high,3,811,late,-0.0091478380088062,-0.018025034461197586,-0.1794492486512404,-0.18161794054557898,0.1703014106424342,0.1635929060843814
roughness,high_to_low,stable_high,3,811,mid,0.06746564379946075,0.04428515708939627,-0.0012563566610425934,-0.022678220336218715,0.06872200046050335,0.06696337742561498
roughness,high_to_low,stable_high,3,812,all_post,-0.03513344271223567,-0.0327145827503378,0.00644827564824475,-0.02586350561536619,-0.04158171836048042,-0.006851077134971607
roughness,high_to_low,stable_high,3,812,early,-0.016884276428121302,-0.022207479205141684,-0.01965909638166918,-0.029073065060960444,0.0027748199535478774,0.00686558585581876
roughness,high_to_low,stable_high,3,812,late,-0.06831426352426946,-0.07099781629137461,0.07689864641471283,0.006589432113017442,-0.14521290993898228,-0.07758724840439205
roughness,high_to_low,stable_high,3,812,mid,-0.009141514580304976,0.0078226250925152,-0.06137818001046543,-0.06592452980761677,0.05223666543016046,0.07374715490013198
roughness,high_to_low,stable_high,3,813,all_post,0.039577122211450974,0.01979395655217579,-0.0041656344257738395,-0.014246811327211156,0.043742756637224815,0.034040767879386945
roughness,high_to_low,stable_high,3,813,early,0.016032142914871886,0.0039830539523262876,-0.0006214323058899353,-0.007171279737325908,0.016653575220761822,0.011154333689652195
roughness,high_to_low,stable_high,3,813,late,0.07930439743054099,0.04814767082152891,0.0075798412748237474,-0.017683035390878128,0.07172455615571724,0.06583070621240704
roughness,high_to_low,stable_high,3,813,mid,0.010152401215910033,-0.002200093207112199,-0.023370470813121196,-0.01674071083220711,0.03352287202903123,0.014540617625094912
roughness,high_to_low,stable_high,3,814,all_post,-0.007616196846878584,-0.02166454856801268,-0.022995547335614607,-0.0018908538292781059,0.015379350488736024,-0.019773694738734575
roughness,high_to_low,stable_high,3,814,early,0.0025050149990025715,-0.00487652786502523,0.0009384987456026762,0.0006201564552325822,0.0015665162533998953,-0.0054966843202578115
roughness,high_to_low,stable_high,3,814,late,0.012583928431139183,-1.6523076882934105e-05,-0.02027495221893104,-0.022877067751208416,0.03285888065007022,0.02286054467432548
roughness,high_to_low,stable_high,3,814,mid,-0.044670909063450094,-0.06731660325917314,-0.05055705357240999,0.02357975444878495,0.005886144508959898,-0.09089635770795809
roughness,high_to_low,stable_high,3,815,all_post,0.21112642661387054,0.09870679768146766,0.7392946801236386,0.3904664843569524,-0.528168253509768,-0.29175968667548474
roughness,high_to_low,stable_high,3,815,early,0.04052742681547191,-0.019739247657810582,0.12979565495469336,0.01880140802630312,-0.08926822813922144,-0.0385406556841137
roughness,high_to_low,stable_high,3,815,late,0.3416916560241549,0.1741748131960396,1.5361073039401745,0.8427080907883889,-1.1944156479160195,-0.6685332775923494
roughness,high_to_low,stable_high,3,815,mid,0.20763845386522337,0.11652882233464994,0.28637687353720237,0.15914275211235304,-0.078738419671979,-0.042613929777703105
roughness,high_to_low,stable_high,3,816,all_post,-0.005459903258247393,-0.02436719796390962,0.08229720796613396,0.01472765829901539,-0.08775711122438136,-0.03909485626292501
roughness,high_to_low,stable_high,3,816,early,-0.043784225701472536,-0.07124736477208406,-0.013444121832694361,-0.02904678082804694,-0.030340103868778175,-0.04220058394403711
roughness,high_to_low,stable_high,3,816,late,0.003018673979751054,0.002274648187446004,-0.010439686056063944,-0.03397304908577483,0.013458360035814998,0.03624769727322083
roughness,high_to_low,stable_high,3,816,mid,0.021559649534313177,-0.013009492690876001,0.3016877297945595,0.12343637393913137,-0.2801280802602463,-0.13644586663000738
roughness,high_to_low,stable_high,3,817,all_post,0.04049712658840301,0.0045271000423893985,0.130636657311841,-0.05195685825471308,-0.09013953072343797,0.056483958297102475
roughness,high_to_low,stable_high,3,817,early,0.1219601017744353,-0.05126915556905609,0.2863666677143613,-0.058393580867007376,-0.16440656593992603,0.007124425297951285
roughness,high_to_low,stable_high,3,817,late,0.0031696836687746324,0.04094137149573025,-0.03524030186508047,-0.08496165082612762,0.0384099855338551,0.12590302232185788
roughness,high_to_low,stable_high,3,817,mid,0.008804075295208566,0.01177099371604707,0.19607592581188252,-0.00151374554719938,-0.18727185051667394,0.01328473926324645
roughness,high_to_low,stable_high,3,818,all_post,0.008011832170226208,0.04276442641534721,0.018227639624973955,-0.014800322171800717,-0.010215807454747747,0.057564748587147926
roughness,high_to_low,stable_high,3,818,early,-0.016328993635179923,0.008215273091380667,0.1114249856840362,-0.055522155762363946,-0.12775397931921612,0.06373742885374462
roughness,high_to_low,stable_high,3,818,late,0.043968364762795545,0.1066848789748468,-0.029155388105967833,0.030121408692127833,0.07312375286876338,0.07656347028271897
roughness,high_to_low,stable_high,3,818,mid,-0.015589385481126773,-0.007913690340019005,-0.011792336126165905,-0.03397412973314224,-0.0037970493549608682,0.026060439393123233
roughness,high_to_low,stable_high,3,819,all_post,-0.005850167604073591,-0.007085113811463475,0.023263401669446685,-0.017072774255739588,-0.029113569273520275,0.009987660444276113
roughness,high_to_low,stable_high,3,819,early,0.027327521777923885,-0.003716337669782785,0.02050136225228627,-0.020909225492636838,0.006826159525637615,0.017192887822854053
roughness,high_to_low,stable_high,3,819,late,-0.008463193554355996,-0.01134937662312958,0.07522756722021728,-0.006256565433327399,-0.08369076077457328,-0.005092811189802182
roughness,high_to_low,stable_high,3,819,mid,-0.03554382238569453,-0.004768206204256028,-0.04326011298108703,-0.02765793478205858,0.0077162905953925,0.02288972857780255
roughness,high_to_low,stable_high,6,810,all_post,0.04230611868327382,0.039268561147800925,0.05996881186416353,0.05868992467933941,-0.017662693180889706,-0.019421363531538484
roughness,high_to_low,stable_high,6,810,early,0.0014016336999935531,0.0006567281205214539,-0.008102195357211303,-0.007368759808712263,0.009503829057204857,0.008025487929233717
roughness,high_to_low,stable_high,6,810,late,0.06995283732140156,0.06580079337837638,0.1778676409476642,0.17537416300325023,-0.10791480362626263,-0.10957336962487385
roughness,high_to_low,stable_high,6,810,mid,0.0486522053688944,0.044715103886861084,-0.01933371726883747,-0.021106688737497496,0.06798592263773187,0.06582179262435858
roughness,high_to_low,stable_high,6,811,all_post,0.009602223788564037,-0.005580216174232626,-0.15068098330953175,-0.15138267192182825,0.1602832070980958,0.14580245574759562
roughness,high_to_low,stable_high,6,811,early,-0.011504023725308253,-0.020085818139685237,-0.015299255496799504,-0.013951235990675956,0.0037952317714912507,-0.006134582149009282
roughness,high_to_low,stable_high,6,811,late,-0.015039705874641837,-0.025668972179383662,-0.40169840225050574,-0.38564334094589997,0.3866586963758639,0.3599743687665163
roughness,high_to_low,stable_high,6,811,mid,0.06151088338144367,0.034036330797658776,0.02770906255395354,0.004011728427109184,0.03380182082749013,0.030024602370549592
roughness,high_to_low,stable_high,6,812,all_post,-0.029712871128068013,-0.03276046254962915,0.037704407086767734,-0.011298378271098608,-0.06741727821483574,-0.021462084278530545
roughness,high_to_low,stable_high,6,812,early,-0.020172299374013353,-0.02386703131338097,-0.02793203587555287,-0.034791630167997085,0.007759736501539518,0.010924598854616115
roughness,high_to_low,stable_high,6,812,late,-0.05842812966678238,-0.06573123568968905,0.12152351623189261,0.03237116153614267,-0.179951645898675,-0.09810239722583172
roughness,high_to_low,stable_high,6,812,mid,-0.00335936970872971,-0.00044042736080246274,-0.0014330363823177733,-0.04239205113325172,-0.0019263333264119367,0.04195162377244926
roughness,high_to_low,stable_high,6,813,all_post,-0.0039362103180806945,-0.0032790825228555384,-0.0241310863708103,-0.02523181176383501,0.020194876052729606,0.02195272924097947
roughness,high_to_low,stable_high,6,813,early,-0.019826462826702935,-0.0197592623070056,-0.031022636935733955,-0.0320818410600489,0.01119617410903102,0.012322578753043302
roughness,high_to_low,stable_high,6,813,late,0.017646960905544715,0.019453601816354693,-0.03736508788368313,-0.0360579258960655,0.055012048789227844,0.05551152771242019
roughness,high_to_low,stable_high,6,813,mid,-0.015024921838990209,-0.015214758162718263,-0.0006970339147955966,-0.004849139802333014,-0.014327887924194612,-0.01036561836038525
roughness,high_to_low,stable_high,6,814,all_post,0.06434930328664058,-0.050201696773086155,0.49250407175632954,-0.06649352339149601,-0.428154768469689,0.01629182661840986
roughness,high_to_low,stable_high,6,814,early,0.23844886647910948,-0.07380844824597664,0.2674539378760579,-0.03688409636726428,-0.02900507139694844,-0.03692435187871236
roughness,high_to_low,stable_high,6,814,late,-0.018865740662500848,-0.009701770494852694,0.340382753682188,-0.04071658119557521,-0.35924849434468886,0.03101481070072252
roughness,high_to_low,stable_high,6,814,mid,-0.005731454969401439,-0.0772198531479875,0.9077058532292773,-0.1283241281606288,-0.9134373081986787,0.051104275012641295
roughness,high_to_low,stable_high,6,815,all_post,0.3995447589006273,0.22032702894628323,1.2619228392149153,0.7185825457257221,-0.862378080314288,-0.4982555167794389
roughness,high_to_low,stable_high,6,815,early,0.11512608616514115,0.012381365642972991,0.21272027017336806,0.02509894190931296,-0.0975941840082269,-0.01271757626633997
roughness,high_to_low,stable_high,6,815,late,0.6520228237906086,0.3913464067908434,2.69266834064252,1.6027042136749396,-2.040645516851911,-1.2113578068840962
roughness,high_to_low,stable_high,6,815,mid,0.36836585052363646,0.2144984699438933,0.5226935314719566,0.30691406460560955,-0.15432768094832017,-0.09241559466171625
roughness,high_to_low,stable_high,6,816,all_post,0.010613113296543717,-0.01200910947632832,0.07703032681195171,-0.005965124197479553,-0.066417213515408,-0.006043985278848766
roughness,high_to_low,stable_high,6,816,early,-0.07972790923009825,-0.10238825974270083,-0.05577212272146163,-0.05055143922276223,-0.02395578650863662,-0.0518368205199386
roughness,high_to_low,stable_high,6,816,late,0.01613807432483705,0.01806422160379649,-0.13866023742395292,-0.1695627381570005,0.15479831174878997,0.18762695976079696
roughness,high_to_low,stable_high,6,816,mid,0.09404793453781901,0.040778376939888165,0.4794459816402457,0.24311820827720423,-0.3853980471024267,-0.20233983133731606
roughness,high_to_low,stable_high,6,817,all_post,0.04884616964279159,-0.007370446114711344,0.21457315591281592,-0.058595924808206926,-0.16572698627002433,0.051225478693495585
roughness,high_to_low,stable_high,6,817,early,0.1310214544800904,-0.1212246272930309,0.3294012929588511,-0.16849090254209564,-0.19837983847876073,0.04726627524906474
roughness,high_to_low,stable_high,6,817,late,-0.0015861487716595994,0.05891759240103663,0.003870869405826586,-0.020842191187580704,-0.005457018177486186,0.07975978358861734
roughness,high_to_low,stable_high,6,817,mid,0.029711282823556808,0.023623686918923276,0.3631228770005175,0.004106885899899008,-0.3334115941769607,0.01951680101902427
roughness,high_to_low,stable_high,6,818,all_post,-0.005731056564805999,0.0652248919132921,0.03636755716697515,-0.024066419332850725,-0.04209861373178115,0.08929131124614283
roughness,high_to_low,stable_high,6,818,early,-0.017655037350679328,0.056470073558467726,0.1161076304456294,-0.1743858947474619,-0.13376266779630872,0.23085596830592964
roughness,high_to_low,stable_high,6,818,late,0.02491842470733863,0.134783696212218,-0.04484364993916386,0.06604938086233338,0.06976207464650248,0.06873431534988463
roughness,high_to_low,stable_high,6,818,mid,-0.03211892736911345,-0.01296879510554084,0.058141492770994646,0.013608305837780358,-0.0902604201401081,-0.0265771009433212
roughness,high_to_low,stable_high,6,819,all_post,-0.01514282074868386,-0.014341845238816505,0.014557662799812436,-0.03236704553608172,-0.029700483548496297,0.01802520029726521
roughness,high_to_low,stable_high,6,819,early,0.014845601382953108,-0.020983378605476225,0.016296465792889084,-0.035348312695688354,-0.0014508644099359754,0.014364934090212129
roughness,high_to_low,stable_high,6,819,late,-0.016417687795317593,-0.019404350525025395,0.08228160117082677,-0.016490499282752747,-0.09869928896614436,-0.0029138512422726484
roughness,high_to_low,stable_high,6,819,mid,-0.04353765907202867,-0.001372180264395668,-0.07183606315703212,-0.04923146119313628,0.028298404085003448,0.047859280928740616
roughness,high_to_low,stable_high,12,810,all_post,0.08056756237785918,0.07656628335173386,0.12254203888413076,0.12040247660777345,-0.04197447650627158,-0.04383619325603959
roughness,high_to_low,stable_high,12,810,early,0.00291313220956396,0.0022412812287409775,0.0036913857292914416,0.004487474402215904,-0.0007782535197274816,-0.0022461931734749263
roughness,high_to_low,stable_high,12,810,late,0.1737829338293764,0.16651921147091864,0.34455453689115695,0.33833528371609034,-0.17077160306178055,-0.1718160722451717
roughness,high_to_low,stable_high,12,810,mid,0.05723867347367745,0.05344228001227655,0.0008791525313583218,0.00022360444598775361,0.05635952094231913,0.053218675566288794
roughness,high_to_low,stable_high,12,811,all_post,-0.004542907418662343,-0.014571591539550824,-0.37451940836120035,-0.3519364580895755,0.369976500942538,0.3373648665500247
roughness,high_to_low,stable_high,12,811,early,-0.01142833963591264,-0.007290563603329851,-0.0070286478175580714,0.027888907185784174,-0.004399691818354568,-0.03517947078911403
roughness,high_to_low,stable_high,12,811,late,-0.04921370516958241,-0.048107147852772356,-1.065215372184438,-1.0023570292083468,1.0160016670148555,0.9542498813555744
roughness,high_to_low,stable_high,12,811,mid,0.05073588902875134,0.014477566530218188,0.006243791903664936,-0.027139537986266213,0.04449209712508641,0.0416171045164844
roughness,high_to_low,stable_high,12,812,all_post,-0.042869873547027135,-0.04240624530499224,-0.1170232270035297,-0.1906343041467692,0.07415335345650256,0.14822805884177698
roughness,high_to_low,stable_high,12,812,early,-0.02930798740576766,-0.03646799764128312,-0.05066843623092664,-0.06503963994577626,0.021360448825158983,0.02857164230449314
roughness,high_to_low,stable_high,12,812,late,-0.09605009442055322,-0.10939436319975855,-0.14074070407514824,-0.2896413651974765,0.04469060965459502,0.18024700199771798
roughness,high_to_low,stable_high,12,812,mid,0.0011801462580333353,0.024225968083962126,-0.15768408428187922,-0.20897131887616247,0.15886423053991255,0.2331972869601246
roughness,high_to_low,stable_high,12,813,all_post,-0.020265609435142454,-0.030170901294158437,0.051155493099223216,-0.012716507671444402,-0.07142110253436568,-0.017454393622714035
roughness,high_to_low,stable_high,12,813,early,-0.0022598388321828553,-0.054232335081881015,0.06398461023047607,-0.010217748230602905,-0.06624444906265892,-0.04401458685127811
roughness,high_to_low,stable_high,12,813,late,-0.045786826094394266,-0.030248617064544923,-0.09973930967854175,-0.10587075786606329,0.05395248358414748,0.07562214080151836
roughness,high_to_low,stable_high,12,813,mid,-0.010623395323912592,-0.0060252754218505095,0.20179574564388245,0.08570183726521789,-0.21241914096779504,-0.0917271126870684
roughness,high_to_low,stable_high,12,814,all_post,-0.12468732149079224,-0.1325971375771462,-0.17775804821936533,-0.40093960221965835,0.05307072672857309,0.26834246464251216
roughness,high_to_low,stable_high,12,814,early,-0.20865771140175463,-0.2721004423166561,-0.02252794589664986,-0.06626214221758446,-0.18612976550510477,-0.2058383000990716
roughness,high_to_low,stable_high,12,814,late,-0.019091191486747983,-0.001110103162146146,0.36855832936880717,0.2145686293998469,-0.38764952085555515,-0.21567873256199305
roughness,high_to_low,stable_high,12,814,mid,-0.15511273908421122,-0.13553812012055302,-0.9248308929292675,-1.4024176464761966,0.7697181538450563,1.2668795263556436
roughness,high_to_low,stable_high,12,815,all_post,0.6141986706121866,0.49101359541490314,1.8493838608671744,1.4816943274747685,-1.2351851902549877,-0.9906807320598654
roughness,high_to_low,stable_high,12,815,early,0.16865172544850163,0.09832330417837098,0.24030719894732447,0.10773268228673132,-0.07165547349882284,-0.00940937810836033
roughness,high_to_low,stable_high,12,815,late,1.0655815515148643,0.8826012560890414,4.240334883463934,3.4681571598304752,-3.1747533319490695,-2.585555903741434
roughness,high_to_low,stable_high,12,815,mid,0.5707474947979708,0.45948392092111895,0.8682635816405359,0.7036545709441239,-0.29751608684256503,-0.24417065002300492
roughness,high_to_low,stable_high,12,816,all_post,0.08048359058168664,-0.01667947450160099,0.060879419942890346,-0.1641263671030261,0.01960417063879629,0.14744689260142513
roughness,high_to_low,stable_high,12,816,early,-0.0442672651452495,-0.14597611331431082,-0.06898736366528722,-0.030986436755476465,0.024720098520037724,-0.11498967655883435
roughness,high_to_low,stable_high,12,816,late,0.0578649574536855,0.04530437851776852,-0.17271708874723576,-0.256145825072137,0.23058204620092126,0.30145020358990554
roughness,high_to_low,stable_high,12,816,mid,0.22973796553062398,0.045467990206791827,0.44380908796537116,-0.1975785513173722,-0.21407112243474719,0.24304654152416402
roughness,high_to_low,stable_high,12,817,all_post,-0.032398360927312075,-0.2265973108589416,0.3555839034709109,-0.41439450250510235,-0.387982264398223,0.18779719164616074
roughness,high_to_low,stable_high,12,817,early,-0.1689086944269905,-0.8268565413062552,0.17892158205087724,-1.0724573767456698,-0.34783027647786774,0.24560083543941458
roughness,high_to_low,stable_high,12,817,late,-0.02345047825081689,0.10415174370973826,-0.2223390161453371,-0.17935522463590398,0.1988885378945202,0.28350696834564226
roughness,high_to_low,stable_high,12,817,mid,0.09441843300616316,0.015350443805635404,1.1583293878085463,-0.01095751262283317,-1.063910954802383,0.026307956428468574
roughness,high_to_low,stable_high,12,818,all_post,-0.013288162796272915,0.08476252359153023,-0.13173845976746384,-0.19506429366560796,0.11845029697119093,0.2798268172571382
roughness,high_to_low,stable_high,12,818,early,-0.02696178791297889,0.05822347201630651,-0.24372630592162947,-0.602002023661614,0.21676451800865057,0.6602254956779205
roughness,high_to_low,stable_high,12,818,late,0.03728158336335094,0.1904985370213027,-0.12608097023830991,0.03669370693315937,0.16336255360166085,0.15380483008814333
roughness,high_to_low,stable_high,12,818,mid,-0.05439842935249281,-0.0032457727154995702,-0.02587956060321507,-0.03919773098493338,-0.02851886874927774,0.03595195826943381
roughness,high_to_low,stable_high,12,819,all_post,-0.03382355030556562,-0.025664367574519346,-0.09362283488140499,-0.12288973484919989,0.05979928457583937,0.09722536727468055
roughness,high_to_low,stable_high,12,819,early,-0.010562820222637296,-0.035186317487198325,-0.04304380320536849,-0.0907932087824061,0.032480982982731194,0.05560689129520777
roughness,high_to_low,stable_high,12,819,late,-0.06301029589605454,-0.0647171459158331,-0.07647351634967034,-0.15507989168782452,0.013463220453615796,0.09036274577199142
roughness,high_to_low,stable_high,12,819,mid,-0.025465305998797625,0.02616475887458286,-0.1627802949668207,-0.12011359100748353,0.13731498896802308,0.1462783498820664
