mechanism,direction,horizon,relative_origin,n_pairs,transition_smoothness,start_smoothness,target_smoothness,mean_abs_smoothness_gap_to_target,mean_transition_order,mean_start_order,mean_target_order,mean_transition_window,mean_start_window,mean_target_window,order_match_target_share,window_match_target_share,discrete_config_match_target_share,mean_transition_window_post_fraction
noise_scale,high_to_low,1,0,10,0.9953308382258603,0.9953308382258603,0.9642163856846253,0.03111445254123495,2.6,2.6,2.3,67.2,67.2,45.6,0.4,0.4,0.1,0.0
noise_scale,high_to_low,1,3,10,0.9915292370951679,0.9916978438057263,0.9731454400187616,0.018383797076406316,2.4,2.4,2.5,62.4,60.0,50.4,0.4,0.4,0.2,0.05416666666666666
noise_scale,high_to_low,1,6,10,0.9917925685859169,0.9937953578019354,0.9646016834028955,0.027190885183021173,2.5,2.5,2.3,62.4,57.6,45.6,0.5,0.3,0.1,0.1
noise_scale,high_to_low,1,9,10,0.9740952795764402,0.9781270130513866,0.9333166822129562,0.04077859736348408,2.1,2.2,2.2,55.2,50.4,43.2,0.6,0.2,0.1,0.19375
noise_scale,high_to_low,1,12,10,0.9043723131404333,0.9864450670216343,0.9523770563206508,0.10766414134324576,2.1,2.2,2.4,57.6,50.4,38.4,0.5,0.3,0.1,0.2333333333333333
noise_scale,high_to_low,1,15,10,0.9827137265774057,0.983426808025683,0.9414781733800526,0.041413637609117315,2.2,2.3,2.2,55.2,62.4,38.4,0.3,0.2,0.1,0.3229166666666667
noise_scale,high_to_low,1,18,10,0.9809744448867921,0.9858236578776998,0.9481831258345066,0.03481054751622119,2.0,2.2,2.3,52.8,55.2,43.2,0.6,0.4,0.2,0.425
noise_scale,high_to_low,1,21,10,0.983019764009447,0.9943556965967325,0.9708047035535514,0.02468675028313331,2.0,2.2,2.4,45.6,48.0,40.8,0.6,0.4,0.3,0.56875
noise_scale,high_to_low,1,24,10,0.9810631835501141,0.9810564669587329,0.9567399396304266,0.030653793192263044,2.1,2.0,2.5,48.0,52.8,43.2,0.4,0.1,0.1,0.6
noise_scale,high_to_low,1,27,10,0.8867263921704772,0.9833455306883587,0.9539829603536395,0.1271204979923597,2.2,2.1,2.2,50.4,55.2,38.4,0.4,0.2,0.2,0.59375
noise_scale,high_to_low,1,30,10,0.8954017993624521,0.992726905104988,0.98549660672373,0.09969193189145849,2.3,2.4,2.6,52.8,57.6,43.2,0.4,0.3,0.2,0.6166666666666667
noise_scale,high_to_low,1,33,10,0.889610451978915,0.992217810382032,0.9803482288294184,0.11321799843136052,2.4,2.4,2.5,57.6,52.8,38.4,0.4,0.3,0.2,0.6041666666666666
noise_scale,high_to_low,1,36,10,0.993055196038091,0.9939134693521124,0.9496240608525983,0.04948639796990715,2.6,2.6,2.3,50.4,52.8,43.2,0.4,0.5,0.4,0.725
noise_scale,high_to_low,1,39,10,0.9920555407317835,0.9917245195841012,0.9765491107834979,0.015506429948285595,2.6,2.4,2.4,52.8,55.2,48.0,0.8,0.9,0.8,0.7333333333333333
noise_scale,high_to_low,1,42,10,0.9631006169988987,0.9929980748006704,0.9838048617363088,0.03688216504191226,2.1,2.4,2.4,48.0,60.0,48.0,0.5,0.4,0.2,0.825
noise_scale,high_to_low,1,45,10,0.9512637357921827,0.9850786206329678,0.9559088211420887,0.02696593778056926,2.2,2.3,2.2,52.8,60.0,40.8,0.6,0.6,0.6,0.8
noise_scale,high_to_low,1,48,10,0.9677185254918435,0.9836158259674141,0.9685428254515122,0.036270993591369205,2.3,2.3,2.3,48.0,64.8,40.8,0.6,0.5,0.4,0.8666666666666666
noise_scale,high_to_low,1,51,10,0.9691259366608185,0.9917121164228636,0.9742002128058035,0.029259564379357873,2.3,2.3,2.5,45.6,67.2,48.0,0.6,0.6,0.5,0.9125
noise_scale,high_to_low,1,54,10,0.9852593391754837,0.9915593066227777,0.9811258607621299,0.009713879761663557,2.5,2.3,2.6,60.0,67.2,45.6,0.7,0.5,0.4,0.85
noise_scale,high_to_low,1,57,10,0.954738347617098,0.9940248037509498,0.9793758669264172,0.03176698864132772,2.2,2.2,2.5,40.8,57.6,50.4,0.7,0.7,0.6,0.9791666666666666
noise_scale,high_to_low,1,60,10,0.9677494755988789,0.9930832151967397,0.9790223232005818,0.015204666463063565,2.3,2.2,2.4,55.2,57.6,48.0,0.9,0.6,0.6,0.9166666666666667
noise_scale,high_to_low,1,63,10,0.9712869257522143,0.9915615429893052,0.9813813262294164,0.01446734282705392,2.2,2.3,2.4,48.0,60.0,45.6,0.8,0.9,0.7,0.95
noise_scale,high_to_low,1,66,10,0.9760224249934432,0.9911288858547301,0.9802548169752185,0.008052567826936318,2.3,2.3,2.4,43.2,55.2,40.8,0.9,0.9,0.8,0.975
noise_scale,high_to_low,1,69,10,0.9766933099947515,0.9937180993010575,0.9828612609727984,0.007709741512572743,2.4,2.2,2.5,45.6,48.0,40.8,0.9,0.8,0.8,0.9916666666666666
noise_scale,high_to_low,1,72,10,0.9786048471217954,0.9923829094333533,0.9805956889976579,0.006138073586821125,2.4,2.3,2.5,45.6,57.6,45.6,0.9,0.8,0.8,1.0
noise_scale,high_to_low,1,75,10,0.9802416369502767,0.9844395851083008,0.9804816384855493,0.0006661540181655768,2.5,2.1,2.4,48.0,55.2,45.6,0.9,0.9,0.9,1.0
noise_scale,high_to_low,1,78,10,0.9813453125190978,0.9905559368804766,0.9829509336863156,0.002169803521170888,2.4,2.2,2.4,43.2,60.0,43.2,0.8,0.8,0.8,1.0
noise_scale,high_to_low,1,81,10,0.9827569257239501,0.99112812111699,0.9857965898530932,0.0034944073798145237,2.4,2.2,2.4,45.6,60.0,40.8,0.8,0.6,0.6,1.0
noise_scale,high_to_low,1,84,10,0.9808724705426493,0.9916982023315761,0.9811089393380079,0.005156364758546339,2.3,2.2,2.3,43.2,60.0,43.2,0.8,0.6,0.6,1.0
noise_scale,high_to_low,1,87,10,0.9822956315396636,0.9609337839474563,0.9821989696756402,0.0008534114196208087,2.4,2.0,2.4,45.6,62.4,45.6,1.0,1.0,1.0,1.0
noise_scale,high_to_low,1,90,10,0.9712151456926751,0.9563108394667139,0.97305868564764,0.0021971545712869854,2.3,2.0,2.3,40.8,62.4,36.0,1.0,0.8,0.8,1.0
noise_scale,high_to_low,1,93,10,0.9752229892597413,0.9576301684353687,0.977072997564235,0.0021344364634339865,2.4,2.1,2.4,43.2,62.4,40.8,1.0,0.9,0.9,1.0
noise_scale,high_to_low,1,96,10,0.975502236253044,0.9571223638361458,0.9761455690003235,0.0011015823884366616,2.4,2.1,2.4,45.6,60.0,43.2,1.0,0.9,0.9,1.0
noise_scale,high_to_low,1,99,10,0.9102096080870666,0.9599219641356364,0.9098978246792283,0.0007684234281727153,2.3,2.1,2.3,43.2,60.0,43.2,1.0,1.0,1.0,1.0
noise_scale,high_to_low,1,102,10,0.9834629202149838,0.9947232961576628,0.98342944077683,0.0002753343374128581,2.4,2.4,2.4,43.2,52.8,43.2,1.0,1.0,1.0,1.0
noise_scale,high_to_low,1,105,10,0.9775472623323298,0.9919457047883379,0.9776574804638303,0.00035424494385157825,2.5,2.4,2.5,48.0,52.8,48.0,1.0,1.0,1.0,1.0
noise_scale,high_to_low,1,108,10,0.980931802678364,0.9934300023105683,0.980974280747569,6.062142155712769e-05,2.3,2.4,2.3,38.4,55.2,38.4,1.0,1.0,1.0,1.0
noise_scale,high_to_low,1,111,10,0.9786728911067855,0.9887116644008884,0.9786858516635583,3.838761466701257e-05,2.3,2.4,2.3,43.2,52.8,43.2,1.0,1.0,1.0,1.0
noise_scale,high_to_low,1,114,10,0.979067728600531,0.9855408380219837,0.979835499918619,0.0007835114966202817,2.4,2.4,2.5,45.6,55.2,48.0,0.9,0.9,0.9,1.0
noise_scale,high_to_low,1,117,10,0.9751826264131125,0.991873612830168,0.975319188781047,0.00015079313349107836,2.4,2.4,2.4,43.2,60.0,43.2,1.0,1.0,1.0,1.0
noise_scale,high_to_low,3,0,10,0.9874143521082244,0.9874143521082244,0.9617914958137659,0.03118609837375471,2.2,2.2,2.1,50.4,50.4,28.8,0.7,0.3,0.3,0.0
noise_scale,high_to_low,3,3,10,0.9900184478717377,0.9901608030048872,0.9592732031915183,0.03074524468021931,2.2,2.2,2.0,52.8,52.8,28.8,0.8,0.3,0.3,0.06666666666666667
noise_scale,high_to_low,3,6,10,0.985213208578496,0.985690190641504,0.9642925641076806,0.025489976491131737,2.2,2.2,2.1,55.2,55.2,31.2,0.7,0.2,0.2,0.12916666666666668
noise_scale,high_to_low,3,9,10,0.9858915337874669,0.9839368912239383,0.9571170716018178,0.028774462185648997,2.1,2.0,2.0,55.2,57.6,38.4,0.9,0.3,0.3,0.19375
noise_scale,high_to_low,3,12,10,0.9751384885364267,0.9762989811774029,0.9339821141547571,0.041156374381669546,1.8,1.8,1.9,48.0,48.0,38.4,0.9,0.4,0.4,0.31666666666666665
noise_scale,high_to_low,3,15,10,0.9778671342516724,0.9798704965083992,0.9364132355019358,0.04145389874973669,1.9,1.9,1.9,50.4,50.4,43.2,0.8,0.5,0.5,0.3854166666666667
noise_scale,high_to_low,3,18,10,0.9796618428243509,0.9828444757800667,0.9300787760667699,0.04958306675758103,1.9,1.9,1.8,50.4,48.0,40.8,0.9,0.5,0.5,0.4625
noise_scale,high_to_low,3,21,10,0.9883959868460636,0.9912684367512519,0.9624330457107497,0.03244849991716263,2.1,2.0,2.3,50.4,45.6,33.6,0.6,0.3,0.3,0.5395833333333333
noise_scale,high_to_low,3,24,10,0.9782662682267516,0.9826156360575764,0.9476872133596826,0.042487464010821395,2.0,2.0,2.1,55.2,55.2,28.8,0.7,0.4,0.4,0.55
noise_scale,high_to_low,3,27,10,0.9764333966042795,0.9870199139232838,0.9391406957632956,0.03729270084098392,2.0,2.1,2.0,55.2,55.2,38.4,0.8,0.6,0.5,0.58125
noise_scale,high_to_low,3,30,10,0.9823817503870066,0.9884140480121284,0.9454567502333286,0.0369250001536778,2.2,2.1,2.0,60.0,55.2,40.8,0.8,0.4,0.4,0.5541666666666667
noise_scale,high_to_low,3,33,10,0.9883481840493363,0.994944624082368,0.9432299867160147,0.045118197333321744,2.4,2.3,2.0,62.4,55.2,40.8,0.7,0.3,0.3,0.5583333333333333
noise_scale,high_to_low,3,36,10,0.9773572015975619,0.9909923952237104,0.94993259870162,0.028357356742675664,2.1,2.2,2.1,55.2,55.2,43.2,1.0,0.4,0.4,0.675
noise_scale,high_to_low,3,39,10,0.9723284861755831,0.9859339955054527,0.9535656802845484,0.025473027657338176,2.0,2.1,2.0,64.8,62.4,43.2,1.0,0.2,0.2,0.6229166666666666
noise_scale,high_to_low,3,42,10,0.9660097207780993,0.9835202814835619,0.9665961642967676,0.016160463235058854,2.0,2.1,1.9,60.0,55.2,38.4,0.9,0.4,0.4,0.7125
noise_scale,high_to_low,3,45,10,0.9581516995280627,0.9818381354860983,0.9522321860543921,0.031192662207178267,2.0,2.1,1.9,62.4,60.0,33.6,0.9,0.4,0.4,0.725
noise_scale,high_to_low,3,48,10,0.9525682570777659,0.9826186680284075,0.9501766356473309,0.021033233457316204,2.0,2.1,1.9,62.4,62.4,40.8,0.9,0.5,0.5,0.7666666666666666
noise_scale,high_to_low,3,51,10,0.9547489546461861,0.9870072926544535,0.9563666922786773,0.02027016443879537,1.9,2.0,2.0,60.0,55.2,36.0,0.9,0.3,0.3,0.7958333333333334
noise_scale,high_to_low,3,54,10,0.9599592534441903,0.9892136789342427,0.9716861085351951,0.02358216107264436,2.0,2.0,2.1,57.6,55.2,40.8,0.9,0.5,0.5,0.875
noise_scale,high_to_low,3,57,10,0.9726938698726354,0.9905048133592654,0.9698370238506397,0.012482741183945777,2.1,2.0,2.1,52.8,55.2,43.2,1.0,0.7,0.7,0.9166666666666666
noise_scale,high_to_low,3,60,10,0.9720413924793851,0.9926054786755337,0.9701921355621685,0.009297105321009635,2.2,2.1,2.1,45.6,50.4,40.8,0.9,0.6,0.6,0.9333333333333333
noise_scale,high_to_low,3,63,10,0.9687642566134267,0.9930651457183062,0.9716456737931166,0.007997290277762725,2.2,2.1,2.1,40.8,48.0,36.0,0.9,0.6,0.6,0.9625
noise_scale,high_to_low,3,66,10,0.9659669189122054,0.9948283467208432,0.968588855950801,0.007664967289914037,2.2,2.1,2.1,43.2,45.6,33.6,0.9,0.8,0.8,0.975
noise_scale,high_to_low,3,69,10,0.9690428128817714,0.993574340117023,0.9731950002014541,0.006344953403351195,2.2,2.1,2.2,40.8,45.6,36.0,1.0,0.9,0.9,0.9916666666666666
noise_scale,high_to_low,3,72,10,0.9699181384074436,0.9833036422285492,0.9734121844275283,0.005936504496786022,2.2,2.0,2.3,40.8,50.4,40.8,0.9,1.0,0.9,1.0
noise_scale,high_to_low,3,75,10,0.9679897754412711,0.9807759838503101,0.9689841039091099,0.0022755616030155855,2.4,2.1,2.3,50.4,57.6,48.0,0.9,0.8,0.8,1.0
noise_scale,high_to_low,3,78,10,0.9609491396603855,0.9878307243428044,0.9634585421628117,0.004053590891840364,2.2,2.1,2.2,50.4,60.0,50.4,0.8,0.8,0.8,1.0
noise_scale,high_to_low,3,81,10,0.9676082837160186,0.986890287679263,0.9706310656337747,0.004595884055510246,2.1,2.1,2.2,40.8,60.0,43.2,0.9,0.9,0.8,1.0
noise_scale,high_to_low,3,84,10,0.9617244748677937,0.9874001990393013,0.961999013804258,0.0018826267010206843,2.0,2.1,2.0,40.8,57.6,40.8,1.0,0.8,0.8,1.0
noise_scale,high_to_low,3,87,10,0.9640314124255699,0.9881318983763018,0.96364532206929,0.0014124007443641839,2.1,2.2,2.1,48.0,64.8,50.4,1.0,0.9,0.9,1.0
noise_scale,high_to_low,3,90,10,0.9622390987006796,0.9867781223854631,0.9625287231841989,0.00029968996555470586,2.1,2.2,2.1,45.6,64.8,45.6,1.0,1.0,1.0,1.0
noise_scale,high_to_low,3,93,10,0.9660518034610984,0.9881437067692997,0.9625471120584436,0.004227242388645813,2.2,2.1,2.0,43.2,55.2,40.8,0.8,0.9,0.8,1.0
noise_scale,high_to_low,3,96,10,0.9667301125553441,0.9878431100247586,0.9646664688431924,0.0027156057399943313,2.0,2.1,2.0,36.0,57.6,40.8,1.0,0.9,0.9,1.0
noise_scale,high_to_low,3,99,10,0.9673100545060539,0.9870220827214746,0.9638523998909092,0.0041145344064478,2.1,2.1,2.0,43.2,60.0,43.2,0.9,1.0,0.9,1.0
noise_scale,high_to_low,3,102,10,0.9627183012843135,0.9875996479677042,0.9621984648210766,0.0007646611299863659,2.0,2.1,2.0,38.4,55.2,40.8,1.0,0.9,0.9,1.0
noise_scale,high_to_low,3,105,10,0.9640272799374031,0.9813613875273914,0.9652364157610833,0.001331092874492179,2.2,2.1,2.2,40.8,62.4,38.4,1.0,0.9,0.9,1.0
noise_scale,high_to_low,3,108,10,0.9584688352502237,0.9829974091342478,0.9586637285369234,0.0001948932866995934,2.2,2.1,2.2,45.6,55.2,45.6,1.0,1.0,1.0,1.0
noise_scale,high_to_low,3,111,10,0.9651529136344832,0.9858954898996304,0.9614650725096233,0.0038603173132613078,2.4,2.2,2.3,55.2,55.2,52.8,0.9,0.9,0.9,1.0
noise_scale,high_to_low,3,114,10,0.9585851809568859,0.98569541472533,0.9586180591644469,3.42078663377654e-05,2.2,2.3,2.2,43.2,62.4,43.2,1.0,1.0,1.0,1.0
noise_scale,high_to_low,3,117,10,0.9619700492952484,0.9834777519437345,0.961993043886129,2.3911493400374795e-05,2.3,2.4,2.3,48.0,67.2,48.0,1.0,1.0,1.0,1.0
noise_scale,high_to_low,6,0,10,0.9724975371020166,0.9724975371020166,0.9520523145119741,0.04161467420329068,2.1,2.1,2.0,50.4,50.4,38.4,0.7,0.7,0.5,0.0
noise_scale,high_to_low,6,3,10,0.9875914099965799,0.9876993122848857,0.956911412974882,0.03067999702169786,2.2,2.2,2.0,55.2,55.2,28.8,0.8,0.3,0.3,0.06458333333333334
noise_scale,high_to_low,6,6,10,0.9887444331269745,0.9889598883198637,0.9590476131504355,0.029696819976538946,2.2,2.2,2.0,55.2,55.2,28.8,0.8,0.3,0.3,0.12916666666666668
noise_scale,high_to_low,6,9,10,0.987891595719159,0.9888384789300861,0.9591585276399623,0.028733068079196622,2.1,2.2,2.0,52.8,57.6,33.6,0.7,0.2,0.2,0.2125
noise_scale,high_to_low,6,12,10,0.9690096084800148,0.9680879166748726,0.9166403413523678,0.05236926712764685,1.9,1.8,1.9,50.4,48.0,33.6,0.8,0.3,0.3,0.3083333333333333
noise_scale,high_to_low,6,15,10,0.9745926807604585,0.975634368861342,0.9269195531580288,0.04767312760242981,1.9,1.9,1.9,50.4,50.4,36.0,0.8,0.4,0.4,0.3854166666666667
noise_scale,high_to_low,6,18,10,0.976746499396753,0.9783449668798779,0.9300070410918693,0.04673945830488361,1.9,1.9,1.9,50.4,50.4,40.8,0.8,0.5,0.5,0.4625
noise_scale,high_to_low,6,21,10,0.9779434625196144,0.9800770502529049,0.9551652256637102,0.04507421966200392,1.9,1.9,2.1,50.4,45.6,40.8,0.7,0.5,0.4,0.5395833333333333
noise_scale,high_to_low,6,24,10,0.9785920767790482,0.9813874613417042,0.9386226506569629,0.040964736961436835,2.0,1.9,2.0,50.4,45.6,36.0,0.8,0.4,0.4,0.6166666666666666
noise_scale,high_to_low,6,27,10,0.9779801833645572,0.9849488428485464,0.9341121730644482,0.04386801030010897,2.1,2.1,2.0,55.2,55.2,40.8,0.9,0.5,0.5,0.58125
noise_scale,high_to_low,6,30,10,0.9797277993652923,0.9866101741269636,0.9385279114029261,0.04119988796236614,2.2,2.1,2.0,60.0,55.2,40.8,0.8,0.4,0.4,0.5541666666666667
noise_scale,high_to_low,6,33,10,0.9849700914799966,0.9890610657478636,0.9495955800542883,0.035374511425708174,2.2,2.2,2.0,55.2,55.2,45.6,0.8,0.5,0.5,0.64375
noise_scale,high_to_low,6,36,10,0.9831534774432684,0.9874987215854649,0.9523716221142662,0.030781855329002274,2.2,2.2,2.0,60.0,57.6,43.2,0.8,0.5,0.5,0.625
noise_scale,high_to_low,6,39,10,0.9812126778825918,0.9844528970589488,0.9566471239829986,0.02548805147181794,2.2,2.1,2.0,62.4,62.4,45.6,0.8,0.6,0.5,0.6416666666666666
noise_scale,high_to_low,6,42,10,0.9782996891617701,0.9871106798720138,0.9626662426557745,0.019407122878791115,2.0,2.1,2.0,62.4,62.4,43.2,1.0,0.6,0.6,0.6833333333333333
noise_scale,high_to_low,6,45,10,0.9723237199081576,0.983199856007641,0.9640512845453021,0.017972509657426926,2.1,2.1,1.9,57.6,57.6,43.2,0.8,0.5,0.4,0.7875
noise_scale,high_to_low,6,48,10,0.9641466636247037,0.9839842651799016,0.9493857061257328,0.031610514181403856,2.1,2.1,1.9,64.8,57.6,48.0,0.8,0.6,0.5,0.7666666666666666
noise_scale,high_to_low,6,51,10,0.9459178973036634,0.9846545632581882,0.9514266761457435,0.018449136385320274,2.0,2.1,2.0,55.2,60.0,48.0,1.0,0.6,0.6,0.8541666666666666
noise_scale,high_to_low,6,54,10,0.9600384658444934,0.9874122825374908,0.9558912986829069,0.01782309102561087,2.0,2.0,2.0,55.2,55.2,43.2,1.0,0.7,0.7,0.875
noise_scale,high_to_low,6,57,10,0.9602351866810472,0.9913927621724445,0.9720447806102521,0.023376377747616937,2.0,2.0,2.1,55.2,50.4,38.4,0.9,0.5,0.5,0.8958333333333333
noise_scale,high_to_low,6,60,10,0.9743097592872665,0.9902608085193648,0.971436941809209,0.007747286538371712,2.1,2.0,2.1,50.4,55.2,40.8,1.0,0.7,0.7,0.9333333333333333
noise_scale,high_to_low,6,63,10,0.9697077208341532,0.9939859503337996,0.9710458569648841,0.01063200696987574,2.2,2.2,2.1,52.8,48.0,40.8,0.9,0.6,0.6,0.9375
noise_scale,high_to_low,6,66,10,0.9697185828852198,0.9939971403881819,0.9690795232310156,0.004046322000677061,2.1,2.2,2.2,43.2,45.6,40.8,0.9,0.9,0.8,0.975
noise_scale,high_to_low,6,69,10,0.9634063549139411,0.9925080969486875,0.9680669801077156,0.006948647952459097,2.1,2.2,2.1,40.8,48.0,38.4,1.0,0.7,0.7,0.9916666666666666
noise_scale,high_to_low,6,72,10,0.9668866376015833,0.9812615518350281,0.9676559878299997,0.0032612459191764588,2.2,2.1,2.2,45.6,55.2,48.0,1.0,0.9,0.9,1.0
noise_scale,high_to_low,6,75,10,0.9725585113942996,0.9819196887418501,0.9726944523224995,0.0022735615682820008,2.3,2.0,2.3,48.0,55.2,48.0,1.0,1.0,1.0,1.0
noise_scale,high_to_low,6,78,10,0.9728080772516339,0.9892687063139143,0.9732768865055531,0.0019175174627364066,2.3,2.1,2.3,43.2,52.8,43.2,1.0,1.0,1.0,1.0
noise_scale,high_to_low,6,81,10,0.965271187204652,0.9894561555147019,0.9704018168856768,0.010464999070888981,2.1,2.1,2.2,40.8,52.8,43.2,0.9,0.8,0.8,1.0
noise_scale,high_to_low,6,84,10,0.9603692685804918,0.9886058060270496,0.9604967083541526,0.0005796978061972657,2.0,2.1,2.0,45.6,55.2,45.6,1.0,1.0,1.0,1.0
noise_scale,high_to_low,6,87,10,0.9636235704891364,0.9894720717916382,0.9684380095145846,0.00539099432936907,2.0,2.1,2.1,43.2,55.2,40.8,0.9,0.9,0.9,1.0
noise_scale,high_to_low,6,90,10,0.969943356567768,0.9909174415168203,0.9718520284164681,0.0019086718487000165,2.1,2.2,2.1,36.0,55.2,33.6,1.0,0.9,0.9,1.0
noise_scale,high_to_low,6,93,10,0.9677005585219527,0.9911702354828045,0.9681509619467686,0.0004504034248159261,2.1,2.2,2.1,36.0,52.8,36.0,1.0,1.0,1.0,1.0
noise_scale,high_to_low,6,96,10,0.964651949860491,0.9877802083267321,0.9650388068729147,0.00041579983992222623,2.0,2.1,2.0,36.0,57.6,36.0,1.0,1.0,1.0,1.0
noise_scale,high_to_low,6,99,10,0.9650515720118016,0.9887056809250818,0.9674707399429735,0.002424709880266762,2.0,2.1,2.0,38.4,57.6,36.0,1.0,0.9,0.9,1.0
noise_scale,high_to_low,6,102,10,0.9712035343823706,0.9911522407817046,0.9716559016605786,0.00045236727820791023,2.1,2.1,2.1,36.0,52.8,36.0,1.0,1.0,1.0,1.0
noise_scale,high_to_low,6,105,10,0.9721351324681111,0.9887690618184497,0.9722782845186027,0.0001480515127164739,2.2,2.1,2.2,33.6,55.2,33.6,1.0,1.0,1.0,1.0
noise_scale,high_to_low,6,108,10,0.9683560114402056,0.9888521663314949,0.9696173171816707,0.00134836945759379,2.3,2.2,2.3,43.2,55.2,40.8,1.0,0.9,0.9,1.0
noise_scale,high_to_low,6,111,10,0.9590877806408635,0.9853711154780088,0.9591719149687886,0.00016952575822521966,2.3,2.2,2.3,55.2,57.6,55.2,1.0,1.0,1.0,1.0
noise_scale,high_to_low,6,114,10,0.9591844393850749,0.9883372763144159,0.9591543640138556,0.0001663572717059747,2.3,2.3,2.3,55.2,57.6,55.2,1.0,1.0,1.0,1.0
noise_scale,high_to_low,12,0,10,0.9695746823816705,0.9695746823816705,0.9485259373065738,0.03563657921140696,2.1,2.1,2.0,55.2,55.2,40.8,0.7,0.5,0.3,0.0
noise_scale,high_to_low,12,3,10,0.9655923173889962,0.9653168330889901,0.9475005480024657,0.04701239279913971,2.1,2.1,2.0,57.6,57.6,40.8,0.7,0.4,0.2,0.05833333333333333
noise_scale,high_to_low,12,6,10,0.9693568207691919,0.9691355143940331,0.9549194728074871,0.039421413142474826,2.1,2.1,2.1,57.6,57.6,33.6,0.8,0.4,0.3,0.125
noise_scale,high_to_low,12,9,10,0.9898132449507097,0.9898499273603631,0.9553937998910088,0.03441944505970072,2.3,2.3,2.0,64.8,64.8,28.8,0.7,0.1,0.1,0.14375
noise_scale,high_to_low,12,12,10,0.9906306555720258,0.9895216204747614,0.963533448110755,0.027097207461270745,2.3,2.2,2.0,64.8,60.0,33.6,0.7,0.2,0.2,0.19166666666666665
noise_scale,high_to_low,12,15,10,0.9865595633010255,0.9866226023360127,0.9623027311596857,0.024365356552507787,2.1,2.1,2.0,60.0,62.4,40.8,0.7,0.4,0.4,0.30208333333333337
noise_scale,high_to_low,12,18,10,0.971177743262564,0.9648335589381197,0.916172000074815,0.05517374860208575,2.0,2.0,1.9,48.0,64.8,40.8,0.7,0.5,0.5,0.475
noise_scale,high_to_low,12,21,10,0.9713978768986063,0.9729936319612656,0.9280217548175737,0.048346657720894914,2.0,2.0,1.9,60.0,60.0,40.8,0.7,0.6,0.5,0.4229166666666667
noise_scale,high_to_low,12,24,10,0.973677940950245,0.9745633496301457,0.9286170293063118,0.05021512034693478,2.0,2.0,1.9,62.4,57.6,40.8,0.7,0.5,0.4,0.4333333333333333
noise_scale,high_to_low,12,27,10,0.9786604234007333,0.9801834641155389,0.9411780650727988,0.03797514318388558,2.0,2.1,2.1,52.8,55.2,43.2,0.6,0.4,0.4,0.6
noise_scale,high_to_low,12,30,10,0.9775414747985829,0.9817598554798315,0.9451425900794055,0.03870392155535185,2.2,2.1,2.1,62.4,55.2,43.2,0.7,0.5,0.5,0.5166666666666667
noise_scale,high_to_low,12,33,10,0.9778915004249823,0.9801099893732804,0.9426084150276438,0.03528308539733847,2.2,2.1,2.0,62.4,60.0,43.2,0.8,0.5,0.5,0.5583333333333333
noise_scale,high_to_low,12,36,10,0.9791817601997339,0.9811685436264567,0.9469024096196582,0.03227935058007568,2.2,2.2,2.0,60.0,62.4,43.2,0.8,0.6,0.6,0.625
noise_scale,high_to_low,12,39,10,0.985000694374152,0.9833716859269648,0.9525206464083157,0.03248004796583637,2.2,2.1,2.0,52.8,57.6,43.2,0.8,0.5,0.5,0.725
noise_scale,high_to_low,12,42,10,0.9810559008790749,0.9852964557088594,0.9559432021120143,0.025112698767060494,2.1,2.1,2.0,57.6,57.6,52.8,0.9,0.5,0.5,0.725
noise_scale,high_to_low,12,45,10,0.9795913885933661,0.9859235941330328,0.9598439533146685,0.01974743527869758,2.1,2.1,2.0,62.4,60.0,57.6,0.9,0.6,0.6,0.725
noise_scale,high_to_low,12,48,10,0.981463008839609,0.9863690105064598,0.9597859850507037,0.02486365188916778,2.1,2.1,1.9,62.4,62.4,45.6,0.8,0.5,0.4,0.7666666666666666
noise_scale,high_to_low,12,51,10,0.978982373420634,0.9891059516484983,0.9666587783179912,0.016794985614398593,2.1,2.1,1.9,57.6,57.6,43.2,0.8,0.7,0.6,0.825
noise_scale,high_to_low,12,54,10,0.9754219455265375,0.9847595126663913,0.9411294794374043,0.03750835042515961,2.0,2.1,1.9,60.0,57.6,55.2,0.9,0.7,0.6,0.85
noise_scale,high_to_low,12,57,10,0.9750607409684309,0.9856591737576824,0.9415581945769352,0.0364535178590108,2.0,2.1,2.0,55.2,60.0,52.8,1.0,0.7,0.7,0.8958333333333333
noise_scale,high_to_low,12,60,10,0.9778670691736437,0.9884313045916449,0.948111269030538,0.036527367742656844,2.0,2.0,2.0,55.2,55.2,48.0,1.0,0.6,0.6,0.9166666666666667
noise_scale,high_to_low,12,63,10,0.9547555769754229,0.9909123806902338,0.9691505333168312,0.027424720337382004,2.0,2.0,2.1,55.2,57.6,45.6,0.9,0.7,0.7,0.9375
noise_scale,high_to_low,12,66,10,0.9714685041963662,0.9915545115456675,0.9708906762371464,0.008479885107216834,2.1,2.1,2.2,52.8,55.2,45.6,0.9,0.7,0.6,0.9666666666666666
noise_scale,high_to_low,12,69,10,0.9694029862359896,0.9923889323096902,0.9698614379765831,0.01009798815791022,2.1,2.2,2.2,50.4,52.8,45.6,0.9,0.9,0.8,0.9833333333333334
noise_scale,high_to_low,12,72,10,0.9681065957808809,0.9911656502585446,0.9684592100897973,0.008089294234463074,2.1,2.2,2.3,50.4,57.6,50.4,0.8,0.8,0.7,1.0
noise_scale,high_to_low,12,75,10,0.9643537138084708,0.9805220338077942,0.9707142273232048,0.00955712045767465,2.1,2.1,2.3,52.8,60.0,45.6,0.8,0.8,0.7,1.0
noise_scale,high_to_low,12,78,10,0.968273204745139,0.9844041593251036,0.9720726391683069,0.005723348530416861,2.2,2.1,2.2,50.4,52.8,45.6,0.8,0.9,0.8,1.0
noise_scale,high_to_low,12,81,10,0.9767417676143115,0.990732209492686,0.9785584724482839,0.00237325008986472,2.4,2.1,2.3,52.8,55.2,48.0,0.9,0.9,0.9,1.0
noise_scale,high_to_low,12,84,10,0.9734629591511851,0.9905943367116059,0.9746610067920164,0.0026763072850356506,2.2,2.1,2.2,48.0,55.2,45.6,1.0,0.9,0.9,1.0
noise_scale,high_to_low,12,87,10,0.9759301839268965,0.9899662465110994,0.9759698106138124,0.0011319208359945598,2.2,2.1,2.2,45.6,55.2,45.6,1.0,1.0,1.0,1.0
noise_scale,high_to_low,12,90,10,0.9729831913906892,0.989166718571538,0.9776265035160204,0.005305242824738099,2.1,2.1,2.2,48.0,57.6,45.6,0.9,0.9,0.9,1.0
noise_scale,high_to_low,12,93,10,0.9732499111224417,0.9928619372543013,0.9774014023332613,0.005633199561057156,2.1,2.2,2.2,48.0,57.6,43.2,0.9,0.8,0.8,1.0
noise_scale,high_to_low,12,96,10,0.9771065488530658,0.9932401277567819,0.9783011845171842,0.0020979477903725454,2.2,2.2,2.2,43.2,57.6,38.4,1.0,0.8,0.8,1.0
noise_scale,high_to_low,12,99,10,0.9705132837377157,0.9922621954252081,0.9666944498261059,0.004240022804289201,2.1,2.2,2.0,38.4,57.6,38.4,0.9,1.0,0.9,1.0
noise_scale,high_to_low,12,102,10,0.9664217467086686,0.9875721373786627,0.9663756444831277,0.00048768921965450793,2.0,2.1,2.0,38.4,62.4,38.4,1.0,1.0,1.0,1.0
noise_scale,high_to_low,12,105,10,0.9719326470950932,0.9875129553164449,0.9739930337127886,0.0026088259239544164,2.1,2.1,2.1,38.4,62.4,36.0,1.0,0.9,0.9,1.0
noise_scale,high_to_low,12,108,10,0.9731100920698825,0.9905886462543467,0.9726710376450137,0.0005390254496781544,2.1,2.1,2.1,38.4,55.2,36.0,1.0,0.9,0.9,1.0
noise_scale,low_to_high,1,0,10,0.9642163856846253,0.9642163856846253,0.9953308382258603,0.03111445254123495,2.3,2.3,2.6,45.6,45.6,67.2,0.4,0.4,0.1,0.0
noise_scale,low_to_high,1,3,10,0.9806078543305674,0.9731454400187616,0.9916978438057263,0.013279802829621734,2.8,2.5,2.4,55.2,50.4,60.0,0.5,0.5,0.2,0.06458333333333334
noise_scale,low_to_high,1,6,10,0.8754269178411895,0.9646016834028955,0.9937953578019354,0.11918943861431788,2.3,2.3,2.5,45.6,45.6,57.6,0.8,0.4,0.4,0.1625
noise_scale,low_to_high,1,9,10,0.8721151556312968,0.9333166822129562,0.9781270130513866,0.12026184683565663,2.2,2.2,2.2,38.4,43.2,50.4,0.6,0.4,0.3,0.2875
noise_scale,low_to_high,1,12,10,0.8820988440109534,0.9523770563206508,0.9864450670216343,0.10592718787470586,2.1,2.4,2.2,33.6,38.4,50.4,0.7,0.4,0.4,0.4333333333333333
noise_scale,low_to_high,1,15,10,0.8955081889980068,0.9414781733800526,0.983426808025683,0.09012566230311686,2.3,2.2,2.3,36.0,38.4,62.4,0.6,0.3,0.3,0.5104166666666667
noise_scale,low_to_high,1,18,10,0.8946090482756045,0.9481831258345066,0.9858236578776998,0.0964954791038545,2.3,2.3,2.2,50.4,43.2,55.2,0.9,0.6,0.6,0.4625
noise_scale,low_to_high,1,21,10,0.9273518674539037,0.9708047035535514,0.9943556965967325,0.0769656121216544,2.3,2.4,2.2,45.6,40.8,48.0,0.7,0.4,0.3,0.5979166666666667
noise_scale,low_to_high,1,24,10,0.9631961329951588,0.9567399396304266,0.9810564669587329,0.026554678353872086,2.3,2.5,2.0,52.8,43.2,52.8,0.5,0.5,0.3,0.5666666666666667
noise_scale,low_to_high,1,27,10,0.9932199588246761,0.9539829603536395,0.9833455306883587,0.015338729522670758,2.4,2.2,2.1,45.6,38.4,55.2,0.8,0.4,0.3,0.70625
noise_scale,low_to_high,1,30,10,0.9793612113150527,0.98549660672373,0.992726905104988,0.020718425937298078,2.4,2.6,2.4,48.0,43.2,57.6,1.0,0.7,0.7,0.6916666666666667
noise_scale,low_to_high,1,33,10,0.9769803549975773,0.9803482288294184,0.992217810382032,0.025528411080118794,2.4,2.5,2.4,52.8,38.4,52.8,0.6,0.5,0.3,0.6666666666666666
noise_scale,low_to_high,1,36,10,0.9753877601448349,0.9496240608525983,0.9939134693521124,0.026672096560358415,2.3,2.3,2.6,38.4,43.2,52.8,0.7,0.6,0.6,0.85
noise_scale,low_to_high,1,39,10,0.9753112673462923,0.9765491107834979,0.9917245195841012,0.02041450586906791,2.4,2.4,2.4,57.6,48.0,55.2,0.8,0.7,0.7,0.6875
noise_scale,low_to_high,1,42,10,0.9925493759093451,0.9838048617363088,0.9929980748006704,0.004532080414551299,2.3,2.4,2.4,50.4,48.0,60.0,0.9,0.7,0.7,0.7958333333333334
noise_scale,low_to_high,1,45,10,0.9748443667781693,0.9559088211420887,0.9850786206329678,0.022533232406812365,2.1,2.2,2.3,60.0,40.8,60.0,0.9,0.8,0.7,0.75625
noise_scale,low_to_high,1,48,10,0.989952040398928,0.9685428254515122,0.9836158259674141,0.009381046484268685,2.2,2.3,2.3,52.8,40.8,64.8,0.9,0.7,0.7,0.8333333333333333
noise_scale,low_to_high,1,51,10,0.9907393364209293,0.9742002128058035,0.9917121164228636,0.0031448665336631263,2.3,2.5,2.3,62.4,48.0,67.2,1.0,0.8,0.8,0.825
noise_scale,low_to_high,1,54,10,0.9928315028340325,0.9811258607621299,0.9915593066227777,0.002920983553971446,2.2,2.6,2.3,55.2,45.6,67.2,0.9,0.7,0.7,0.875
noise_scale,low_to_high,1,57,10,0.9925920723006494,0.9793758669264172,0.9940248037509498,0.0014683579348931607,2.2,2.5,2.2,60.0,50.4,57.6,1.0,0.9,0.9,0.875
noise_scale,low_to_high,1,60,10,0.992856048271659,0.9790223232005818,0.9930832151967397,0.0014452243859497949,2.2,2.4,2.2,57.6,48.0,57.6,1.0,1.0,1.0,0.9
noise_scale,low_to_high,1,63,10,0.9901805005874111,0.9813813262294164,0.9915615429893052,0.004599094133009518,2.2,2.4,2.3,57.6,45.6,60.0,0.9,0.6,0.6,0.95
noise_scale,low_to_high,1,66,10,0.994219304159353,0.9802548169752185,0.9911288858547301,0.0033781786947887915,2.3,2.4,2.3,50.4,40.8,55.2,0.8,0.6,0.6,0.975
noise_scale,low_to_high,1,69,10,0.9927962853308753,0.9828612609727984,0.9937180993010575,0.0034886069190602997,2.2,2.5,2.2,52.8,40.8,48.0,1.0,0.9,0.9,0.9833333333333334
noise_scale,low_to_high,1,72,10,0.9937085305622911,0.9805956889976579,0.9923829094333533,0.0015850609130026228,2.3,2.5,2.3,55.2,45.6,57.6,1.0,0.9,0.9,1.0
noise_scale,low_to_high,1,75,10,0.986358561554584,0.9804816384855493,0.9844395851083008,0.003792674145018904,2.1,2.4,2.1,50.4,45.6,55.2,1.0,0.8,0.8,1.0
noise_scale,low_to_high,1,78,10,0.9926656324733406,0.9829509336863156,0.9905559368804766,0.002994952853766375,2.2,2.4,2.2,55.2,43.2,60.0,1.0,0.8,0.8,1.0
noise_scale,low_to_high,1,81,10,0.9922765565796479,0.9857965898530932,0.99112812111699,0.0025478853794796306,2.2,2.4,2.2,55.2,40.8,60.0,1.0,0.8,0.8,1.0
noise_scale,low_to_high,1,84,10,0.9922659150730198,0.9811089393380079,0.9916982023315761,0.002240159339147285,2.2,2.3,2.2,57.6,43.2,60.0,1.0,0.9,0.9,1.0
noise_scale,low_to_high,1,87,10,0.9630605433978129,0.9821989696756402,0.9609337839474563,0.0030834114838679373,2.0,2.4,2.0,55.2,45.6,62.4,1.0,0.8,0.8,1.0
noise_scale,low_to_high,1,90,10,0.957262860189536,0.97305868564764,0.9563108394667139,0.0011893884216475302,2.0,2.3,2.0,57.6,36.0,62.4,1.0,0.8,0.8,1.0
noise_scale,low_to_high,1,93,10,0.9574107442892588,0.977072997564235,0.9576301684353687,0.003248242814582214,2.1,2.4,2.1,57.6,40.8,62.4,1.0,0.6,0.6,1.0
noise_scale,low_to_high,1,96,10,0.9568438771984107,0.9761455690003235,0.9571223638361458,0.0024385625843266643,2.1,2.4,2.1,60.0,43.2,60.0,1.0,0.8,0.8,1.0
noise_scale,low_to_high,1,99,10,0.9590510591548268,0.9098978246792283,0.9599219641356364,0.0008709185091652971,2.1,2.3,2.1,62.4,43.2,60.0,1.0,0.9,0.9,1.0
noise_scale,low_to_high,1,102,10,0.9947015030984998,0.98342944077683,0.9947232961576628,2.2345890581976224e-05,2.4,2.4,2.4,52.8,43.2,52.8,1.0,1.0,1.0,1.0
noise_scale,low_to_high,1,105,10,0.9919917886768126,0.9776574804638303,0.9919457047883379,7.433489866924825e-05,2.4,2.5,2.4,52.8,48.0,52.8,1.0,1.0,1.0,1.0
noise_scale,low_to_high,1,108,10,0.9934442442167907,0.980974280747569,0.9934300023105683,2.5770187834917026e-05,2.5,2.3,2.4,57.6,38.4,55.2,0.9,0.9,0.9,1.0
noise_scale,low_to_high,1,111,10,0.9887215441562361,0.9786858516635583,0.9887116644008884,2.6651107279007658e-05,2.4,2.3,2.4,52.8,43.2,52.8,1.0,1.0,1.0,1.0
noise_scale,low_to_high,1,114,10,0.9855668276881024,0.979835499918619,0.9855408380219837,4.268620831230363e-05,2.4,2.5,2.4,55.2,48.0,55.2,1.0,1.0,1.0,1.0
noise_scale,low_to_high,1,117,10,0.9918681055394936,0.975319188781047,0.991873612830168,5.423446576865443e-05,2.4,2.4,2.4,60.0,43.2,60.0,1.0,1.0,1.0,1.0
noise_scale,low_to_high,3,0,10,0.9617914958137659,0.9617914958137659,0.9874143521082244,0.03118609837375471,2.1,2.1,2.2,28.8,28.8,50.4,0.7,0.3,0.3,0.0
noise_scale,low_to_high,3,3,10,0.9637822975955705,0.9592732031915183,0.9901608030048872,0.03293022563571596,2.1,2.0,2.2,28.8,28.8,52.8,0.7,0.3,0.2,0.1125
noise_scale,low_to_high,3,6,10,0.8679909069048574,0.9642925641076806,0.985690190641504,0.12208349140817461,2.1,2.1,2.2,36.0,31.2,55.2,0.7,0.3,0.3,0.20416666666666666
noise_scale,low_to_high,3,9,10,0.8645939154293207,0.9571170716018178,0.9839368912239383,0.11934297579461742,2.0,2.0,2.0,36.0,38.4,57.6,1.0,0.3,0.3,0.30625
noise_scale,low_to_high,3,12,10,0.9448138249860396,0.9339821141547571,0.9762989811774029,0.0314851561913634,1.9,1.9,1.8,38.4,38.4,48.0,0.9,0.4,0.4,0.4
noise_scale,low_to_high,3,15,10,0.9583125707653439,0.9364132355019358,0.9798704965083992,0.023627429212082374,2.0,1.9,1.9,43.2,43.2,50.4,0.9,0.5,0.5,0.4583333333333333
noise_scale,low_to_high,3,18,10,0.9636486568140723,0.9300787760667699,0.9828444757800667,0.0227772084455106,2.0,1.8,1.9,40.8,40.8,48.0,0.9,0.6,0.6,0.5625
noise_scale,low_to_high,3,21,10,0.9786412551140158,0.9624330457107497,0.9912684367512519,0.01732253850453248,2.1,2.3,2.0,48.0,33.6,45.6,0.9,0.5,0.5,0.5833333333333334
noise_scale,low_to_high,3,24,10,0.9658478212934201,0.9476872133596826,0.9826156360575764,0.02910465870265122,2.1,2.1,2.0,52.8,28.8,55.2,0.7,0.6,0.4,0.6
noise_scale,low_to_high,3,27,10,0.9515915917245474,0.9391406957632956,0.9870199139232838,0.04051688623388151,2.2,2.0,2.1,57.6,38.4,55.2,0.7,0.5,0.4,0.5625
noise_scale,low_to_high,3,30,10,0.9479157794451749,0.9454567502333286,0.9884140480121284,0.0448442022015217,2.0,2.0,2.1,60.0,40.8,55.2,0.7,0.5,0.3,0.5375
noise_scale,low_to_high,3,33,10,0.9855449478541699,0.9432299867160147,0.994944624082368,0.0136415308079051,2.1,2.0,2.3,52.8,40.8,55.2,0.8,0.8,0.6,0.6666666666666666
noise_scale,low_to_high,3,36,10,0.9852406101147022,0.94993259870162,0.9909923952237104,0.008630426639418386,2.1,2.1,2.2,52.8,43.2,55.2,0.9,0.9,0.8,0.7
noise_scale,low_to_high,3,39,10,0.9552089292405705,0.9535656802845484,0.9859339955054527,0.03170610333686057,1.9,2.0,2.1,55.2,43.2,62.4,0.9,0.8,0.7,0.7145833333333333
noise_scale,low_to_high,3,42,10,0.9816953175931316,0.9665961642967676,0.9835202814835619,0.005478413958285633,2.0,1.9,2.1,50.4,38.4,55.2,0.9,0.7,0.7,0.7958333333333333
noise_scale,low_to_high,3,45,10,0.9811211410283702,0.9522321860543921,0.9818381354860983,0.005585256910294179,1.9,1.9,2.1,50.4,33.6,60.0,0.8,0.7,0.7,0.83125
noise_scale,low_to_high,3,48,10,0.9845598722651079,0.9501766356473309,0.9826186680284075,0.005515071214504985,2.0,1.9,2.1,52.8,40.8,62.4,0.9,0.8,0.8,0.8333333333333333
noise_scale,low_to_high,3,51,10,0.9864767051801373,0.9563666922786773,0.9870072926544535,0.00648697604808548,2.0,2.0,2.0,52.8,36.0,55.2,1.0,0.8,0.8,0.8541666666666666
noise_scale,low_to_high,3,54,10,0.9908298679417472,0.9716861085351951,0.9892136789342427,0.006365961465441894,2.0,2.1,2.0,48.0,40.8,55.2,1.0,0.8,0.8,0.925
noise_scale,low_to_high,3,57,10,0.9886240354447595,0.9698370238506397,0.9905048133592654,0.00313025383150497,2.0,2.1,2.0,52.8,43.2,55.2,1.0,0.9,0.9,0.8958333333333334
noise_scale,low_to_high,3,60,10,0.9909640435955668,0.9701921355621685,0.9926054786755337,0.002601341332693574,2.1,2.1,2.1,48.0,40.8,50.4,1.0,0.9,0.9,0.95
noise_scale,low_to_high,3,63,10,0.9911443850685769,0.9716456737931166,0.9930651457183062,0.0027269131399418555,2.1,2.1,2.1,48.0,36.0,48.0,1.0,1.0,1.0,0.9625
noise_scale,low_to_high,3,66,10,0.99280437009229,0.968588855950801,0.9948283467208432,0.0024894740086894075,2.1,2.1,2.1,48.0,33.6,45.6,1.0,0.9,0.9,0.975
noise_scale,low_to_high,3,69,10,0.9907712033667455,0.9731950002014541,0.993574340117023,0.003619939921550941,2.1,2.2,2.1,50.4,36.0,45.6,1.0,0.6,0.6,0.9875
noise_scale,low_to_high,3,72,10,0.9819435465561501,0.9734121844275283,0.9833036422285492,0.00244053475060686,2.1,2.3,2.0,52.8,40.8,50.4,0.9,0.8,0.8,1.0
noise_scale,low_to_high,3,75,10,0.980607707912877,0.9689841039091099,0.9807759838503101,0.0013519212221748344,2.1,2.3,2.1,55.2,48.0,57.6,1.0,0.9,0.9,1.0
noise_scale,low_to_high,3,78,10,0.988664404045941,0.9634585421628117,0.9878307243428044,0.001875950115016578,2.1,2.2,2.1,55.2,50.4,60.0,1.0,0.8,0.8,1.0
noise_scale,low_to_high,3,81,10,0.9898926493143735,0.9706310656337747,0.986890287679263,0.0037047628248782273,2.2,2.2,2.1,55.2,43.2,60.0,0.9,0.8,0.7,1.0
noise_scale,low_to_high,3,84,10,0.9916488117138991,0.961999013804258,0.9874001990393013,0.00489622922977011,2.2,2.0,2.1,52.8,40.8,57.6,0.9,0.8,0.7,1.0
noise_scale,low_to_high,3,87,10,0.9915897260581982,0.96364532206929,0.9881318983763018,0.0037473135763004374,2.3,2.1,2.2,60.0,50.4,64.8,0.9,0.8,0.7,1.0
noise_scale,low_to_high,3,90,10,0.9891610635404243,0.9625287231841989,0.9867781223854631,0.0027028087809077062,2.2,2.1,2.2,57.6,45.6,64.8,1.0,0.7,0.7,1.0
noise_scale,low_to_high,3,93,10,0.9893592955635931,0.9625471120584436,0.9881437067692997,0.0016765143600246501,2.1,2.0,2.1,52.8,40.8,55.2,1.0,0.9,0.9,1.0
noise_scale,low_to_high,3,96,10,0.9878177537051096,0.9646664688431924,0.9878431100247586,0.00019991314653642345,2.1,2.0,2.1,57.6,40.8,57.6,1.0,1.0,1.0,1.0
noise_scale,low_to_high,3,99,10,0.9862351811548233,0.9638523998909092,0.9870220827214746,0.0010596907296219205,2.1,2.0,2.1,60.0,43.2,60.0,1.0,0.8,0.8,1.0
noise_scale,low_to_high,3,102,10,0.9875653673932925,0.9621984648210766,0.9875996479677042,5.4902670402889876e-05,2.1,2.0,2.1,55.2,40.8,55.2,1.0,1.0,1.0,1.0
noise_scale,low_to_high,3,105,10,0.9812175826987979,0.9652364157610833,0.9813613875273914,0.00024141659399321558,2.1,2.2,2.1,62.4,38.4,62.4,1.0,1.0,1.0,1.0
noise_scale,low_to_high,3,108,10,0.9830732145359107,0.9586637285369234,0.9829974091342478,8.229789140441479e-05,2.1,2.2,2.1,55.2,45.6,55.2,1.0,1.0,1.0,1.0
noise_scale,low_to_high,3,111,10,0.985921433894631,0.9614650725096233,0.9858954898996304,0.0001343829428125165,2.2,2.3,2.2,55.2,52.8,55.2,1.0,1.0,1.0,1.0
noise_scale,low_to_high,3,114,10,0.9855868807124466,0.9586180591644469,0.98569541472533,0.00030044903494327315,2.3,2.2,2.3,62.4,43.2,62.4,1.0,1.0,1.0,1.0
noise_scale,low_to_high,3,117,10,0.9839605166323885,0.961993043886129,0.9834777519437345,0.000522792194712185,2.4,2.3,2.4,64.8,48.0,67.2,1.0,0.9,0.9,1.0
noise_scale,low_to_high,6,0,10,0.9520523145119741,0.9520523145119741,0.9724975371020166,0.04161467420329068,2.0,2.0,2.1,38.4,38.4,50.4,0.7,0.7,0.5,0.0
noise_scale,low_to_high,6,3,10,0.9539509255407385,0.956911412974882,0.9876993122848857,0.03374838674414715,2.0,2.0,2.2,33.6,28.8,55.2,0.8,0.4,0.3,0.10416666666666667
noise_scale,low_to_high,6,6,10,0.960338223614778,0.9590476131504355,0.9889598883198637,0.02862166470508567,2.0,2.0,2.2,28.8,28.8,55.2,0.8,0.3,0.3,0.225
noise_scale,low_to_high,6,9,10,0.9624584487818278,0.9591585276399623,0.9888384789300861,0.026380030148258304,2.0,2.0,2.2,38.4,33.6,57.6,0.8,0.4,0.4,0.3
noise_scale,low_to_high,6,12,10,0.9280724415018946,0.9166403413523678,0.9680879166748726,0.04001547517297791,1.9,1.9,1.8,36.0,33.6,48.0,0.9,0.5,0.5,0.4083333333333333
noise_scale,low_to_high,6,15,10,0.9374151356176416,0.9269195531580288,0.975634368861342,0.03874793625517493,1.9,1.9,1.9,36.0,36.0,50.4,0.8,0.5,0.5,0.5104166666666667
noise_scale,low_to_high,6,18,10,0.9475670939746601,0.9300070410918693,0.9783449668798779,0.03077787290521773,2.0,1.9,1.9,45.6,40.8,50.4,0.9,0.7,0.7,0.5125
noise_scale,low_to_high,6,21,10,0.9550078146540214,0.9551652256637102,0.9800770502529049,0.027859936041622367,2.0,2.1,1.9,40.8,40.8,45.6,0.9,0.5,0.5,0.65625
noise_scale,low_to_high,6,24,10,0.9596245200551607,0.9386226506569629,0.9813874613417042,0.025259246881898657,2.0,2.0,1.9,45.6,36.0,45.6,0.9,0.6,0.6,0.6833333333333333
noise_scale,low_to_high,6,27,10,0.9662886093818619,0.9341121730644482,0.9849488428485464,0.021797762970393098,2.2,2.0,2.1,50.4,40.8,55.2,0.9,0.5,0.5,0.64375
noise_scale,low_to_high,6,30,10,0.97122731382673,0.9385279114029261,0.9866101741269636,0.02055806868844593,2.2,2.0,2.1,48.0,40.8,55.2,0.9,0.6,0.6,0.6916666666666667
noise_scale,low_to_high,6,33,10,0.9776062370079244,0.9495955800542883,0.9890610657478636,0.01618156049771985,2.1,2.0,2.2,52.8,45.6,55.2,0.9,0.8,0.7,0.6666666666666666
noise_scale,low_to_high,6,36,10,0.9743066112048904,0.9523716221142662,0.9874987215854649,0.018299953326487615,2.0,2.0,2.2,57.6,43.2,57.6,0.8,0.8,0.6,0.65
noise_scale,low_to_high,6,39,10,0.978017584542861,0.9566471239829986,0.9844528970589488,0.011751704131536755,2.0,2.0,2.1,57.6,45.6,62.4,0.9,0.9,0.8,0.6875
noise_scale,low_to_high,6,42,10,0.9838779447297006,0.9626662426557745,0.9871106798720138,0.004787282102144419,2.1,2.0,2.1,60.0,43.2,62.4,1.0,0.9,0.9,0.7125
noise_scale,low_to_high,6,45,10,0.9812637890167597,0.9640512845453021,0.983199856007641,0.003731964570405277,2.1,1.9,2.1,55.2,43.2,57.6,1.0,0.9,0.9,0.79375
noise_scale,low_to_high,6,48,10,0.9834943539245475,0.9493857061257328,0.9839842651799016,0.004588462226172085,2.1,1.9,2.1,52.8,48.0,57.6,1.0,0.6,0.6,0.8666666666666666
noise_scale,low_to_high,6,51,10,0.9861734231923354,0.9514266761457435,0.9846545632581882,0.005790990765441717,2.0,2.0,2.1,48.0,48.0,60.0,0.9,0.7,0.7,0.9125
noise_scale,low_to_high,6,54,10,0.98969031670019,0.9558912986829069,0.9874122825374908,0.0065633628095772886,2.0,2.0,2.0,45.6,43.2,55.2,1.0,0.7,0.7,0.95
noise_scale,low_to_high,6,57,10,0.9914363270886388,0.9720447806102521,0.9913927621724445,0.004106402595796888,2.0,2.1,2.0,45.6,38.4,50.4,1.0,0.8,0.8,0.9583333333333333
noise_scale,low_to_high,6,60,10,0.9893732942294514,0.971436941809209,0.9902608085193648,0.003314873273002583,2.0,2.1,2.0,50.4,40.8,55.2,1.0,0.8,0.8,0.9333333333333333
noise_scale,low_to_high,6,63,10,0.9921718732227071,0.9710458569648841,0.9939859503337996,0.0018896240996793766,2.1,2.1,2.2,45.6,40.8,48.0,0.9,0.9,0.9,0.9625
noise_scale,low_to_high,6,66,10,0.9911289574741655,0.9690795232310156,0.9939971403881819,0.003223158637457935,2.2,2.2,2.2,48.0,40.8,45.6,1.0,0.9,0.9,0.975
noise_scale,low_to_high,6,69,10,0.9906551485131005,0.9680669801077156,0.9925080969486875,0.0021385548829545797,2.2,2.1,2.2,48.0,38.4,48.0,1.0,1.0,1.0,0.9875
noise_scale,low_to_high,6,72,10,0.9797547274155773,0.9676559878299997,0.9812615518350281,0.0020962361453805145,2.0,2.2,2.1,52.8,48.0,55.2,0.9,0.9,0.8,1.0
noise_scale,low_to_high,6,75,10,0.981770949322495,0.9726944523224995,0.9819196887418501,0.0014719925583202454,2.0,2.3,2.0,50.4,48.0,55.2,1.0,0.8,0.8,1.0
noise_scale,low_to_high,6,78,10,0.9901462796391582,0.9732768865055531,0.9892687063139143,0.001817685023387916,2.1,2.3,2.1,50.4,43.2,52.8,1.0,0.7,0.7,1.0
noise_scale,low_to_high,6,81,10,0.9889906702896708,0.9704018168856768,0.9894561555147019,0.0007818154399293564,2.1,2.2,2.1,52.8,43.2,52.8,1.0,1.0,1.0,1.0
noise_scale,low_to_high,6,84,10,0.9901688280898251,0.9604967083541526,0.9886058060270496,0.0025116245745528177,2.2,2.0,2.1,55.2,45.6,55.2,0.9,1.0,0.9,1.0
noise_scale,low_to_high,6,87,10,0.9915479664033416,0.9684380095145846,0.9894720717916382,0.002458926163009434,2.2,2.1,2.1,55.2,40.8,55.2,0.9,1.0,0.9,1.0
noise_scale,low_to_high,6,90,10,0.9909441635888816,0.9718520284164681,0.9909174415168203,0.00040106663401776597,2.2,2.1,2.2,55.2,33.6,55.2,1.0,1.0,1.0,1.0
noise_scale,low_to_high,6,93,10,0.990888615111761,0.9681509619467686,0.9911702354828045,0.0002816203710434673,2.2,2.1,2.2,52.8,36.0,52.8,1.0,1.0,1.0,1.0
noise_scale,low_to_high,6,96,10,0.9880857671751804,0.9650388068729147,0.9877802083267321,0.0008516184979744046,2.1,2.0,2.1,55.2,36.0,57.6,1.0,0.9,0.9,1.0
noise_scale,low_to_high,6,99,10,0.9889325957745131,0.9674707399429735,0.9887056809250818,0.0004983509955284072,2.1,2.0,2.1,57.6,36.0,57.6,1.0,1.0,1.0,1.0
noise_scale,low_to_high,6,102,10,0.9910467411661215,0.9716559016605786,0.9911522407817046,0.0004321542670358003,2.1,2.1,2.1,52.8,36.0,52.8,1.0,1.0,1.0,1.0
noise_scale,low_to_high,6,105,10,0.9891421835251689,0.9722782845186027,0.9887690618184497,0.0005091324873333414,2.1,2.2,2.1,52.8,33.6,55.2,1.0,0.9,0.9,1.0
noise_scale,low_to_high,6,108,10,0.9872746028067703,0.9696173171816707,0.9888521663314949,0.0015973788069726935,2.1,2.3,2.2,52.8,40.8,55.2,0.9,0.9,0.9,1.0
noise_scale,low_to_high,6,111,10,0.9853561954597522,0.9591719149687886,0.9853711154780088,0.0004851474139944134,2.2,2.3,2.2,55.2,55.2,57.6,1.0,0.9,0.9,1.0
noise_scale,low_to_high,6,114,10,0.9881627707985009,0.9591543640138556,0.9883372763144159,0.00021760177885614683,2.3,2.3,2.3,57.6,55.2,57.6,1.0,1.0,1.0,1.0
noise_scale,low_to_high,12,0,10,0.9485259373065738,0.9485259373065738,0.9695746823816705,0.03563657921140696,2.0,2.0,2.1,40.8,40.8,55.2,0.7,0.5,0.3,0.0
noise_scale,low_to_high,12,3,10,0.947186965280322,0.9475005480024657,0.9653168330889901,0.047263548569623705,2.0,2.0,2.1,40.8,40.8,57.6,0.7,0.4,0.2,0.09375
noise_scale,low_to_high,12,6,10,0.9508254176706888,0.9549194728074871,0.9691355143940331,0.043361187319764835,2.1,2.1,2.1,38.4,33.6,57.6,0.8,0.5,0.3,0.19166666666666665
noise_scale,low_to_high,12,9,10,0.9561000466770174,0.9553937998910088,0.9898499273603631,0.03374988068334568,2.0,2.0,2.3,28.8,28.8,64.8,0.7,0.1,0.1,0.3375
noise_scale,low_to_high,12,12,10,0.9601737485436617,0.963533448110755,0.9895216204747614,0.029347871931099688,1.9,2.0,2.2,33.6,33.6,60.0,0.7,0.2,0.2,0.4166666666666667
noise_scale,low_to_high,12,15,10,0.9639903656284481,0.9623027311596857,0.9866226023360127,0.022738833712697415,2.0,2.0,2.1,45.6,40.8,62.4,0.7,0.4,0.4,0.42708333333333337
noise_scale,low_to_high,12,18,10,0.9324250059046812,0.916172000074815,0.9648335589381197,0.03769498377080564,1.9,1.9,2.0,40.8,40.8,64.8,0.7,0.5,0.4,0.5625
noise_scale,low_to_high,12,21,10,0.9423969173102096,0.9280217548175737,0.9729936319612656,0.030804565897457104,2.0,1.9,2.0,45.6,40.8,60.0,0.8,0.5,0.5,0.5979166666666667
noise_scale,low_to_high,12,24,10,0.951569828723254,0.9286170293063118,0.9745633496301457,0.029248357846584028,2.0,1.9,2.0,50.4,40.8,57.6,0.8,0.6,0.5,0.6166666666666666
noise_scale,low_to_high,12,27,10,0.9571843149267595,0.9411780650727988,0.9801834641155389,0.02347411770709351,2.0,2.1,2.1,55.2,43.2,55.2,0.7,0.6,0.6,0.58125
noise_scale,low_to_high,12,30,10,0.9681943621500512,0.9451425900794055,0.9817598554798315,0.014267822115291517,2.2,2.1,2.1,55.2,43.2,55.2,0.9,0.7,0.7,0.6125
noise_scale,low_to_high,12,33,10,0.971338795167384,0.9426084150276438,0.9801099893732804,0.015527545614906258,2.2,2.0,2.1,55.2,43.2,60.0,0.9,0.8,0.7,0.64375
noise_scale,low_to_high,12,36,10,0.9736826847764639,0.9469024096196582,0.9811685436264567,0.01700184498746269,2.2,2.0,2.2,55.2,43.2,62.4,0.8,0.8,0.6,0.675
noise_scale,low_to_high,12,39,10,0.9771792506075017,0.9525206464083157,0.9833716859269648,0.011941592135872791,2.2,2.0,2.1,57.6,43.2,57.6,0.9,0.8,0.8,0.6875
noise_scale,low_to_high,12,42,10,0.9757330358499299,0.9559432021120143,0.9852964557088594,0.015043860142235887,2.0,2.0,2.1,55.2,52.8,57.6,0.9,0.7,0.6,0.7541666666666667
noise_scale,low_to_high,12,45,10,0.9809370263672476,0.9598439533146685,0.9859235941330328,0.010308557094112736,2.0,2.0,2.1,52.8,57.6,60.0,0.9,0.7,0.6,0.825
noise_scale,low_to_high,12,48,10,0.9873777216653643,0.9597859850507037,0.9863690105064598,0.006179787061666919,2.1,1.9,2.1,52.8,45.6,62.4,1.0,0.7,0.7,0.8666666666666666
noise_scale,low_to_high,12,51,10,0.9847699013673434,0.9666587783179912,0.9891059516484983,0.009110478800197119,2.1,1.9,2.1,50.4,43.2,57.6,1.0,0.6,0.6,0.8833333333333334
noise_scale,low_to_high,12,54,10,0.9852676485846054,0.9411294794374043,0.9847595126663913,0.006639191269439482,2.0,1.9,2.1,48.0,55.2,57.6,0.9,0.6,0.6,0.925
noise_scale,low_to_high,12,57,10,0.9866896165821268,0.9415581945769352,0.9856591737576824,0.005287422872141756,2.0,2.0,2.1,48.0,52.8,60.0,0.9,0.7,0.7,0.9375
noise_scale,low_to_high,12,60,10,0.9902037346101003,0.948111269030538,0.9884313045916449,0.0063524246825994,2.0,2.0,2.0,48.0,48.0,55.2,1.0,0.6,0.6,0.95
noise_scale,low_to_high,12,63,10,0.9922081414709183,0.9691505333168312,0.9909123806902338,0.004725630710738127,2.0,2.1,2.0,50.4,45.6,57.6,1.0,0.8,0.8,0.9625
noise_scale,low_to_high,12,66,10,0.9920563127777541,0.9708906762371464,0.9915545115456675,0.003636029763152737,2.1,2.2,2.1,50.4,45.6,55.2,1.0,0.9,0.9,0.9666666666666666
noise_scale,low_to_high,12,69,10,0.9926867023434325,0.9698614379765831,0.9923889323096902,0.0035014695278352548,2.2,2.2,2.2,48.0,45.6,52.8,1.0,0.9,0.9,0.9833333333333334
noise_scale,low_to_high,12,72,10,0.9927826030546971,0.9684592100897973,0.9911656502585446,0.0044186964203587805,2.2,2.3,2.2,50.4,50.4,57.6,1.0,0.7,0.7,1.0
noise_scale,low_to_high,12,75,10,0.9926953016610112,0.9707142273232048,0.9805220338077942,0.014115107076911503,2.2,2.3,2.1,50.4,45.6,60.0,0.9,0.7,0.7,1.0
noise_scale,low_to_high,12,78,10,0.98084291575896,0.9720726391683069,0.9844041593251036,0.003705737244615337,2.0,2.2,2.1,52.8,45.6,52.8,0.9,0.8,0.7,1.0
noise_scale,low_to_high,12,81,10,0.9906942222973962,0.9785584724482839,0.990732209492686,0.0006687911583028617,2.1,2.3,2.1,55.2,48.0,55.2,1.0,1.0,1.0,1.0
noise_scale,low_to_high,12,84,10,0.9906722960037324,0.9746610067920164,0.9905943367116059,0.000744792493410007,2.1,2.2,2.1,55.2,45.6,55.2,1.0,1.0,1.0,1.0
noise_scale,low_to_high,12,87,10,0.9934493696268218,0.9759698106138124,0.9899662465110994,0.003889907482309507,2.3,2.2,2.1,57.6,45.6,55.2,0.8,0.9,0.8,1.0
noise_scale,low_to_high,12,90,10,0.9934982803380763,0.9776265035160204,0.989166718571538,0.0048861749253462875,2.3,2.2,2.1,57.6,45.6,57.6,0.8,1.0,0.8,1.0
noise_scale,low_to_high,12,93,10,0.9934962600496657,0.9774014023332613,0.9928619372543013,0.0010444122490461671,2.2,2.2,2.2,55.2,43.2,57.6,1.0,0.9,0.9,1.0
noise_scale,low_to_high,12,96,10,0.993874493733186,0.9783011845171842,0.9932401277567819,0.000997025936985896,2.2,2.2,2.2,55.2,38.4,57.6,1.0,0.9,0.9,1.0
noise_scale,low_to_high,12,99,10,0.993702477288787,0.9666944498261059,0.9922621954252081,0.001771167797439166,2.2,2.0,2.2,52.8,38.4,57.6,1.0,0.8,0.8,1.0
noise_scale,low_to_high,12,102,10,0.9884388640111125,0.9663756444831277,0.9875721373786627,0.0029623391255793274,2.1,2.0,2.1,60.0,38.4,62.4,1.0,0.7,0.7,1.0
noise_scale,low_to_high,12,105,10,0.9879061648230258,0.9739930337127886,0.9875129553164449,0.001416851640830319,2.1,2.1,2.1,60.0,36.0,62.4,1.0,0.9,0.9,1.0
noise_scale,low_to_high,12,108,10,0.990432032048296,0.9726710376450137,0.9905886462543467,0.0010832934030451714,2.1,2.1,2.1,55.2,36.0,55.2,1.0,1.0,1.0,1.0
persistence,high_to_low,1,0,10,0.42106300628588944,0.42106300628588944,0.9806194918586234,0.5595564855727341,1.6,1.6,2.3,48.0,48.0,55.2,0.5,0.2,0.1,0.0
persistence,high_to_low,1,3,10,0.411663584115631,0.41527676447257367,0.978023972549947,0.566360388434316,1.6,1.6,2.5,52.8,43.2,55.2,0.4,0.5,0.0,0.06666666666666667
persistence,high_to_low,1,6,10,0.4587173850415964,0.3718515255655908,0.9819186916148558,0.5232013065732595,1.5,1.5,2.3,43.2,45.6,52.8,0.3,0.4,0.2,0.175
persistence,high_to_low,1,9,10,0.3994526892391824,0.29019047315558943,0.9540024623191456,0.5545497730799632,1.3,1.4,1.9,48.0,52.8,48.0,0.5,0.3,0.1,0.225
persistence,high_to_low,1,12,10,0.46427892011160943,0.300182024307757,0.9722135849983952,0.5079346648867857,1.3,1.3,2.1,40.8,52.8,45.6,0.4,0.0,0.0,0.35833333333333334
persistence,high_to_low,1,15,10,0.7055140041865727,0.24322372247278423,0.9692671117626357,0.263753107576063,1.6,1.2,2.1,43.2,55.2,48.0,0.5,0.3,0.2,0.4375
persistence,high_to_low,1,18,10,0.7296717318076641,0.31259523640504483,0.9787448365372547,0.2490731047295907,1.5,1.3,2.3,40.8,48.0,45.6,0.4,0.5,0.2,0.5375
persistence,high_to_low,1,21,10,0.7528855906191053,0.39851124551079103,0.9848289995173936,0.23228165257281458,1.5,1.4,2.2,31.2,43.2,40.8,0.4,0.5,0.3,0.7729166666666667
persistence,high_to_low,1,24,10,0.8502915578415926,0.37109835617744097,0.9755115033842889,0.13209190708351182,1.7,1.4,2.2,31.2,48.0,43.2,0.4,0.6,0.3,0.8833333333333334
persistence,high_to_low,1,27,10,0.8730173937621475,0.36748041033830886,0.9766953941120731,0.11137661021562004,1.8,1.4,2.2,31.2,48.0,45.6,0.5,0.6,0.5,0.89375
persistence,high_to_low,1,30,10,0.9468725146646039,0.49544967990586664,0.9890014215623596,0.04969733292294024,2.1,1.5,2.4,33.6,45.6,45.6,0.6,0.5,0.4,0.85
persistence,high_to_low,1,33,10,0.9548917458576701,0.48716966543563006,0.9934029876189626,0.04302459045626472,2.1,1.5,2.5,40.8,40.8,48.0,0.5,0.4,0.2,0.7979166666666666
persistence,high_to_low,1,36,10,0.9622179334608422,0.5144364495530521,0.9929070699414748,0.03870990830403975,2.4,1.6,2.6,38.4,40.8,48.0,0.4,0.6,0.3,0.85
persistence,high_to_low,1,39,10,0.920384201232596,0.5759001435768397,0.9879556049912402,0.07912183390601836,2.3,1.8,2.4,52.8,48.0,55.2,0.6,0.7,0.4,0.7333333333333333
persistence,high_to_low,1,42,10,0.9433806394702844,0.5785634919844227,0.9887995010667087,0.053287572867674174,2.3,1.7,2.4,52.8,43.2,57.6,0.7,0.7,0.5,0.7666666666666667
persistence,high_to_low,1,45,10,0.9807215478295209,0.5943894700851333,0.9826688873856986,0.007915497505336266,2.3,1.7,2.3,52.8,45.6,57.6,0.8,0.7,0.6,0.8
persistence,high_to_low,1,48,10,0.9828193914876792,0.5873801669719425,0.9843658946283197,0.013178525014158582,2.4,1.6,2.4,55.2,43.2,57.6,0.8,0.6,0.6,0.8
persistence,high_to_low,1,51,10,0.9873572911261711,0.5859582642251466,0.9916927987419086,0.005349334110855408,2.4,1.6,2.4,64.8,40.8,55.2,1.0,0.7,0.7,0.7666666666666667
persistence,high_to_low,1,54,10,0.9887125643727861,0.535978413976116,0.9917510545947803,0.006729384437136688,2.3,1.5,2.3,57.6,43.2,52.8,0.6,0.3,0.3,0.825
persistence,high_to_low,1,57,10,0.9890305434633595,0.6516455496069717,0.9927022004730139,0.006227883189925787,2.1,1.7,2.4,57.6,36.0,45.6,0.7,0.5,0.5,0.8541666666666666
persistence,high_to_low,1,60,10,0.989362004464047,0.6430936586451536,0.9898493756643647,0.004191365312284301,2.1,1.7,2.3,57.6,38.4,52.8,0.8,0.7,0.7,0.8833333333333334
persistence,high_to_low,1,63,10,0.989699325872454,0.609767770862082,0.9936278414774586,0.004936530240213977,2.2,1.6,2.4,57.6,38.4,48.0,0.8,0.5,0.4,0.925
persistence,high_to_low,1,66,10,0.9881969468613624,0.599176452500385,0.9936798528806723,0.007676574602122887,2.2,1.6,2.3,57.6,43.2,43.2,0.7,0.4,0.3,0.95
persistence,high_to_low,1,69,10,0.9861828275994838,0.6078299113654759,0.9948879142751286,0.009732864650780382,2.3,1.6,2.3,57.6,40.8,43.2,0.8,0.4,0.4,0.9791666666666667
persistence,high_to_low,1,72,10,0.989910775192436,0.6040741747473356,0.9929875086580822,0.005294341529367852,2.3,1.6,2.3,50.4,43.2,48.0,0.8,0.7,0.7,1.0
persistence,high_to_low,1,75,10,0.988006496900279,0.5870020899558563,0.9859165027587332,0.005277844468771264,2.4,1.6,2.2,57.6,38.4,50.4,0.8,0.8,0.7,1.0
persistence,high_to_low,1,78,10,0.9875758059566998,0.5716586077774697,0.9903309375191389,0.006030931040312248,2.3,1.7,2.3,55.2,43.2,50.4,0.8,0.8,0.7,1.0
persistence,high_to_low,1,81,10,0.9899217361714804,0.5002687764852478,0.9888408662851285,0.003218850479491042,2.3,1.5,2.2,50.4,40.8,50.4,0.9,0.8,0.7,1.0
persistence,high_to_low,1,84,10,0.9927995643043885,0.5203253251428481,0.9913185834892273,0.0035893242097905786,2.3,1.5,2.2,48.0,45.6,45.6,0.9,0.8,0.7,1.0
persistence,high_to_low,1,87,10,0.9477751207901068,0.4795157740415519,0.9896043415451489,0.04305456520047597,2.1,1.5,2.2,55.2,48.0,50.4,0.8,0.7,0.7,1.0
persistence,high_to_low,1,90,10,0.9430864578183401,0.5426757245355978,0.9442386337772042,0.005017489068353443,2.1,1.7,2.1,55.2,48.0,50.4,1.0,0.7,0.7,1.0
persistence,high_to_low,1,93,10,0.9423816341241829,0.39695763662051364,0.9465176037959854,0.004178308469811975,2.2,1.4,2.2,60.0,48.0,48.0,1.0,0.7,0.7,1.0
persistence,high_to_low,1,96,10,0.9431600778233843,0.41027547648731577,0.943351684391667,0.002418145874735933,2.2,1.5,2.2,57.6,43.2,55.2,1.0,0.7,0.7,1.0
persistence,high_to_low,1,99,10,0.9476905625370641,0.49107335347722475,0.9479730040728986,0.0010005431268609755,2.2,1.6,2.2,50.4,43.2,48.0,1.0,0.9,0.9,1.0
persistence,high_to_low,1,102,10,0.9918171207639409,0.43326610717560887,0.9918837747369984,0.00012512903746280112,2.4,1.6,2.4,50.4,45.6,50.4,1.0,1.0,1.0,1.0
persistence,high_to_low,1,105,10,0.9893305290956788,0.40680833204290484,0.988006943296112,0.002124671638905806,2.4,1.6,2.4,52.8,40.8,52.8,1.0,0.8,0.8,1.0
persistence,high_to_low,1,108,10,0.9924148032376372,0.4586959955381008,0.9924113318263362,5.971639012166685e-05,2.5,1.6,2.5,52.8,45.6,52.8,1.0,1.0,1.0,1.0
persistence,high_to_low,1,111,10,0.9938907752201329,0.5039425346163693,0.9939189524479535,4.048441326046648e-05,2.4,1.7,2.4,48.0,55.2,48.0,1.0,1.0,1.0,1.0
persistence,high_to_low,1,114,10,0.975972773281361,0.4602110974333722,0.9760707306840214,9.795740266027586e-05,2.4,1.7,2.4,57.6,43.2,57.6,1.0,1.0,1.0,1.0
persistence,high_to_low,1,117,10,0.9856444708382744,0.30166123855597354,0.9857731846453364,0.00014762971365597232,2.4,1.3,2.4,55.2,43.2,55.2,1.0,1.0,1.0,1.0
persistence,high_to_low,3,0,10,0.5066395100540629,0.5066395100540629,0.9798200909105551,0.47318058085649223,1.5,1.5,2.2,45.6,45.6,52.8,0.5,0.4,0.2,0.0
persistence,high_to_low,3,3,10,0.6471877145364973,0.5540167984081751,0.9830242508877756,0.33627243648912664,1.6,1.5,2.1,40.8,38.4,50.4,0.5,0.5,0.4,0.08958333333333332
persistence,high_to_low,3,6,10,0.5117680048697213,0.5633360509445922,0.9781711123521573,0.4664031074824361,1.4,1.4,2.1,45.6,40.8,50.4,0.4,0.5,0.3,0.1625
persistence,high_to_low,3,9,10,0.521783294786274,0.4319889186034665,0.9780730329969686,0.45628973821069446,1.4,1.4,2.0,45.6,45.6,45.6,0.4,0.6,0.3,0.24375
persistence,high_to_low,3,12,10,0.7780157045346939,0.4758553142690582,0.968024394122643,0.19000868958794898,1.6,1.4,1.8,33.6,43.2,45.6,0.8,0.4,0.4,0.4166666666666667
persistence,high_to_low,3,15,10,0.7457784404014205,0.437320356950062,0.9679048520274367,0.2221264116260162,1.5,1.4,1.9,43.2,45.6,45.6,0.6,0.3,0.2,0.4166666666666667
persistence,high_to_low,3,18,10,0.7866129636527638,0.5608858626130833,0.975388394867957,0.18878247210911725,1.6,1.5,1.9,31.2,40.8,43.2,0.7,0.5,0.4,0.6625
persistence,high_to_low,3,21,10,0.863167991584984,0.519116854408849,0.9823708204053198,0.11951575980767667,1.7,1.5,2.1,38.4,43.2,55.2,0.6,0.4,0.3,0.6708333333333334
persistence,high_to_low,3,24,10,0.874890034818009,0.5049541978653841,0.974961127188954,0.10007109237094505,1.7,1.5,2.0,40.8,48.0,45.6,0.7,0.5,0.4,0.75
persistence,high_to_low,3,27,10,0.9200723249765455,0.6073938453966583,0.971058722990278,0.06009955930094825,1.8,1.6,2.0,43.2,48.0,40.8,0.8,0.5,0.4,0.75
persistence,high_to_low,3,30,10,0.9363643131662623,0.625108136327387,0.9805606234453161,0.04504506866106509,1.8,1.6,2.2,45.6,45.6,55.2,0.7,0.5,0.5,0.7125
persistence,high_to_low,3,33,10,0.9205859078307045,0.558854002805142,0.9867672467097235,0.07230029467019608,1.9,1.6,2.2,50.4,50.4,55.2,0.6,0.7,0.6,0.6895833333333333
persistence,high_to_low,3,36,10,0.9786575959878873,0.6166311454132763,0.9717919579270398,0.014104475370027236,2.0,1.6,2.0,45.6,40.8,62.4,0.8,0.6,0.6,0.775
persistence,high_to_low,3,39,10,0.9482511142767105,0.784431727903205,0.9737820860378011,0.04485750385618261,2.0,2.0,2.1,52.8,40.8,57.6,0.8,0.6,0.5,0.7416666666666666
persistence,high_to_low,3,42,10,0.9733402687430743,0.780871644664711,0.9774719069655955,0.012466437040072864,2.0,1.8,2.0,45.6,48.0,50.4,0.8,0.7,0.5,0.8208333333333334
persistence,high_to_low,3,45,10,0.9782360074741616,0.8126150805269405,0.976096274090413,0.007976725409519847,2.1,2.0,2.0,57.6,52.8,55.2,0.9,0.8,0.7,0.7625
persistence,high_to_low,3,48,10,0.9805666767431219,0.8526675308738382,0.9789034218662016,0.004334598932538858,2.1,2.0,2.1,52.8,43.2,57.6,1.0,0.8,0.8,0.8333333333333333
persistence,high_to_low,3,51,10,0.9811884473836349,0.8362914867632469,0.9799260056907972,0.006757636475426032,2.1,1.9,2.0,57.6,60.0,57.6,0.9,0.5,0.5,0.8541666666666666
persistence,high_to_low,3,54,10,0.9824599830258576,0.8623927532287862,0.9854286029460001,0.009272355300106349,2.0,1.8,2.0,50.4,55.2,52.8,1.0,0.6,0.6,0.9
persistence,high_to_low,3,57,10,0.9848066745287222,0.8617733401439989,0.9879157251754297,0.0101407366618258,2.0,1.8,2.1,52.8,50.4,45.6,0.9,0.7,0.7,0.9166666666666666
persistence,high_to_low,3,60,10,0.9880441117357698,0.8755899738395385,0.9852272922368593,0.003533808183106546,2.1,1.8,2.1,48.0,52.8,50.4,1.0,0.9,0.9,0.95
persistence,high_to_low,3,63,10,0.9889093489258347,0.8169818259495278,0.9895674344068125,0.004877804609828851,2.1,1.9,2.1,48.0,55.2,43.2,1.0,0.9,0.9,0.95
persistence,high_to_low,3,66,10,0.989981161237627,0.8027137120906813,0.9867989821129111,0.0065910969408091045,2.1,1.8,2.2,43.2,50.4,45.6,0.9,0.7,0.6,0.975
persistence,high_to_low,3,69,10,0.9873822202527862,0.8955306072426475,0.9855659217790989,0.007974133764000602,2.2,2.0,2.1,48.0,50.4,43.2,0.9,0.7,0.6,0.9833333333333334
persistence,high_to_low,3,72,10,0.9737728480361991,0.876780110639037,0.9877124899174217,0.020245833724470464,2.2,1.9,2.2,50.4,48.0,45.6,0.8,0.5,0.5,1.0
persistence,high_to_low,3,75,10,0.9842600666037727,0.8789248904247259,0.9845033980469899,0.005913492769715067,2.1,1.9,2.2,45.6,57.6,45.6,0.9,0.8,0.7,1.0
persistence,high_to_low,3,78,10,0.9854127018974085,0.8784760250975218,0.9869238636606363,0.004550842536823007,2.1,2.1,2.2,48.0,57.6,45.6,0.9,0.7,0.7,1.0
persistence,high_to_low,3,81,10,0.9802838535644842,0.8870514306235332,0.9840681013143197,0.0057986371207115915,2.1,2.0,2.3,50.4,57.6,50.4,0.8,0.8,0.7,1.0
persistence,high_to_low,3,84,10,0.9849009752741971,0.8881936879674308,0.9864934909388057,0.004256058516483951,2.1,2.1,2.2,48.0,52.8,48.0,0.9,0.8,0.7,1.0
persistence,high_to_low,3,87,10,0.9848227286013754,0.8795780172910751,0.9836566685891622,0.006123968742441388,2.2,2.2,2.2,55.2,52.8,57.6,1.0,0.6,0.6,1.0
persistence,high_to_low,3,90,10,0.9815924715371918,0.8735085773773156,0.9801584676291194,0.004839585736614494,2.2,2.0,2.2,57.6,48.0,60.0,1.0,0.7,0.7,1.0
persistence,high_to_low,3,93,10,0.9834982399662845,0.9056306483525857,0.9819739762963422,0.003499132884547518,2.1,2.0,2.1,40.8,43.2,45.6,1.0,0.8,0.8,1.0
persistence,high_to_low,3,96,10,0.9805173582455918,0.8958740545954939,0.9804339705422007,0.003056667172185612,2.0,2.0,2.0,45.6,45.6,50.4,1.0,0.8,0.8,1.0
persistence,high_to_low,3,99,10,0.9845782586986129,0.7148541396708105,0.9854031315356405,0.0014846586017006834,2.1,1.8,2.1,45.6,45.6,45.6,1.0,1.0,1.0,1.0
persistence,high_to_low,3,102,10,0.9834643631962698,0.868320257723026,0.9868282507211814,0.005006406813742282,2.1,2.0,2.2,45.6,48.0,48.0,0.9,0.9,0.8,1.0
persistence,high_to_low,3,105,10,0.9839830133516989,0.7693841693892461,0.9799634446921385,0.004037412581542743,2.3,1.9,2.2,52.8,50.4,55.2,0.9,0.7,0.7,1.0
persistence,high_to_low,3,108,10,0.9817802404938849,0.7129065934735459,0.9793613315405679,0.002467639930680776,2.3,1.8,2.2,52.8,50.4,50.4,0.9,0.9,0.9,1.0
persistence,high_to_low,3,111,10,0.984724323647985,0.6757846612123419,0.9844925346299982,0.00036634482256379106,2.4,1.9,2.4,52.8,57.6,52.8,1.0,1.0,1.0,1.0
persistence,high_to_low,3,114,10,0.9843611691740948,0.6935270961923516,0.9817760086390515,0.0029321157128616047,2.5,1.8,2.4,57.6,52.8,55.2,0.9,0.9,0.9,1.0
persistence,high_to_low,3,117,10,0.9823105837272619,0.6943309920904646,0.9823124081015069,0.00026810742226116566,2.4,1.8,2.4,52.8,45.6,52.8,1.0,1.0,1.0,1.0
persistence,high_to_low,6,0,10,0.9135506464463315,0.9135506464463315,0.9796433952431448,0.06664349866835995,2.1,2.1,2.2,55.2,55.2,48.0,0.7,0.8,0.7,0.0
persistence,high_to_low,6,3,10,0.8499007827013914,0.8500724542682627,0.980487253660901,0.13189352358018452,1.9,1.9,2.2,55.2,55.2,50.4,0.7,0.9,0.7,0.06458333333333334
persistence,high_to_low,6,6,10,0.7899533634380997,0.8486805209316115,0.9823513572784777,0.192876754769925,1.6,1.9,2.1,45.6,50.4,45.6,0.6,0.6,0.5,0.1625
persistence,high_to_low,6,9,10,0.8583874053949782,0.8487456579268539,0.9745496670036058,0.12487685674737839,1.7,1.7,2.0,48.0,55.2,48.0,0.7,0.5,0.4,0.2375
persistence,high_to_low,6,12,10,0.8420726557763525,0.8290387435809284,0.9548149447717751,0.11500180692089279,1.7,1.7,1.9,48.0,50.4,50.4,0.8,0.7,0.6,0.31666666666666665
persistence,high_to_low,6,15,10,0.8711436753170165,0.8785106840577515,0.9640106547864944,0.09512800787466766,1.7,1.7,1.8,43.2,40.8,45.6,0.9,0.7,0.7,0.4375
persistence,high_to_low,6,18,10,0.8948918658545114,0.8959584578913917,0.9684144946189301,0.07489413900271519,1.7,1.7,1.9,43.2,40.8,45.6,0.8,0.7,0.6,0.525
persistence,high_to_low,6,21,10,0.9537978989864758,0.9035625888246738,0.9711307928585688,0.019730730766938376,1.8,1.7,2.0,36.0,40.8,45.6,0.8,0.8,0.7,0.7145833333333333
persistence,high_to_low,6,24,10,0.959187961337028,0.9504623630100874,0.9698731629582026,0.017396006034562296,1.9,1.8,2.0,40.8,40.8,55.2,0.7,0.7,0.5,0.75
persistence,high_to_low,6,27,10,0.9636696756738157,0.9585494461397077,0.9727324728076148,0.012487751179456042,1.9,1.9,2.0,38.4,40.8,50.4,0.9,0.7,0.7,0.7875
persistence,high_to_low,6,30,10,0.9696951074192375,0.9639049419740487,0.9780632327691363,0.014458837084484377,1.9,1.9,2.2,43.2,45.6,55.2,0.7,0.7,0.6,0.75
persistence,high_to_low,6,33,10,0.9753214199927912,0.9759949510470278,0.9805090314648334,0.012174071466952551,2.0,2.0,2.2,52.8,55.2,55.2,0.8,0.9,0.8,0.6666666666666666
persistence,high_to_low,6,36,10,0.9779360259411789,0.9856913890170217,0.9734619589850938,0.011680155899747713,2.0,2.1,2.0,52.8,52.8,57.6,0.8,0.8,0.6,0.7
persistence,high_to_low,6,39,10,0.9781349264976574,0.978643361480785,0.9742587734520465,0.011210904740271754,2.0,2.0,2.0,57.6,60.0,62.4,0.8,0.7,0.5,0.6875
persistence,high_to_low,6,42,10,0.9822781121993429,0.8841205493639649,0.9817878418867977,0.008337758540997586,2.1,2.0,2.1,60.0,55.2,62.4,0.8,0.9,0.7,0.7125
persistence,high_to_low,6,45,10,0.9850932003433897,0.9624081019221891,0.9772491876099447,0.012959472078512068,2.1,2.1,2.1,60.0,52.8,57.6,0.8,0.8,0.6,0.75625
persistence,high_to_low,6,48,10,0.9788249726662606,0.9625014105196111,0.9777554040900671,0.006923282293400423,2.0,2.0,2.1,55.2,57.6,60.0,0.9,0.8,0.7,0.8333333333333334
persistence,high_to_low,6,51,10,0.9824895149600206,0.9631102592543715,0.9799170039238245,0.005428365107951217,2.1,2.0,2.0,52.8,55.2,52.8,0.9,0.5,0.5,0.8833333333333334
persistence,high_to_low,6,54,10,0.980359210343269,0.9745970802997984,0.982452204954994,0.010009509319037036,2.0,2.1,2.0,52.8,62.4,52.8,1.0,0.5,0.5,0.9
persistence,high_to_low,6,57,10,0.9815048771831245,0.9810204246230405,0.9867854922294115,0.01236639892898087,2.0,2.1,2.0,55.2,60.0,50.4,1.0,0.5,0.5,0.8958333333333334
persistence,high_to_low,6,60,10,0.9847246015031106,0.9745675259670987,0.9877584137252875,0.009187362011578604,2.0,2.0,2.1,52.8,62.4,45.6,0.9,0.7,0.7,0.9333333333333333
persistence,high_to_low,6,63,10,0.9874177412098248,0.979643840433163,0.9905209746554883,0.006597181840909927,2.1,2.1,2.2,48.0,60.0,43.2,0.9,0.7,0.6,0.9625
persistence,high_to_low,6,66,10,0.9850029607532775,0.951990328600381,0.9894983860836204,0.0076315654476676875,2.1,2.1,2.2,50.4,64.8,43.2,0.9,0.8,0.7,0.9666666666666666
persistence,high_to_low,6,69,10,0.9862726282551548,0.9513626981046135,0.988154092912693,0.006656745702375233,2.1,2.1,2.2,48.0,55.2,40.8,0.9,0.8,0.7,0.9833333333333334
persistence,high_to_low,6,72,10,0.9732458940924247,0.9479660455024727,0.9885950370341063,0.021369004620336307,2.1,2.1,2.2,50.4,55.2,43.2,0.7,0.7,0.5,1.0
persistence,high_to_low,6,75,10,0.9695116053867274,0.9335528984732496,0.9742790447103038,0.007255165288454124,2.0,2.1,2.0,50.4,60.0,45.6,1.0,0.7,0.7,1.0
persistence,high_to_low,6,78,10,0.9816587993499709,0.9421080051733737,0.9844153269792668,0.0051955570681924135,2.1,2.0,2.2,48.0,64.8,48.0,0.9,0.8,0.8,1.0
persistence,high_to_low,6,81,10,0.9812469824128435,0.9464780923811926,0.986950827218779,0.007997620566487774,2.1,2.0,2.3,50.4,55.2,50.4,0.8,0.8,0.7,1.0
persistence,high_to_low,6,84,10,0.9844963869539718,0.9454553577561435,0.9856362697391626,0.008652283664164184,2.2,2.0,2.2,50.4,52.8,48.0,0.8,0.9,0.7,1.0
persistence,high_to_low,6,87,10,0.9862296639253184,0.950928783439649,0.9858595699566068,0.0014552386818804997,2.2,2.0,2.2,50.4,43.2,50.4,1.0,1.0,1.0,1.0
persistence,high_to_low,6,90,10,0.9857419046563913,0.9368407850364788,0.9853242297792513,0.001702678118230616,2.2,2.0,2.2,55.2,43.2,55.2,1.0,1.0,1.0,1.0
persistence,high_to_low,6,93,10,0.9839705507958636,0.9231391946678908,0.9882648428695623,0.005342551422977371,2.1,2.0,2.2,43.2,50.4,45.6,0.9,0.9,0.9,1.0
persistence,high_to_low,6,96,10,0.9846472776644486,0.9400060399608302,0.9856963200640745,0.0015605288971771158,2.1,2.0,2.1,43.2,40.8,40.8,1.0,0.9,0.9,1.0
persistence,high_to_low,6,99,10,0.9828805353768159,0.932979242702246,0.983661007883771,0.0023254874848873675,2.1,2.0,2.1,50.4,38.4,50.4,1.0,0.8,0.8,1.0
persistence,high_to_low,6,102,10,0.9827430933127659,0.9233278693663349,0.9829216945691146,0.0015274470777367432,2.1,2.0,2.1,48.0,45.6,50.4,1.0,0.9,0.9,1.0
persistence,high_to_low,6,105,10,0.982896106005899,0.9160196417673522,0.9815740339197243,0.0017653569788632305,2.2,2.0,2.1,50.4,43.2,50.4,0.9,1.0,0.9,1.0
persistence,high_to_low,6,108,10,0.9843746706039586,0.8868485499218461,0.9842020742349863,0.0004984645667437171,2.2,2.0,2.2,48.0,40.8,48.0,1.0,1.0,1.0,1.0
persistence,high_to_low,6,111,10,0.9816574950182613,0.8939634564859235,0.9844387742286445,0.0029806561186990765,2.2,2.0,2.3,48.0,48.0,48.0,0.9,1.0,0.9,1.0
persistence,high_to_low,6,114,10,0.982547431245098,0.8861236201110552,0.9818664552172203,0.0008483241695760313,2.4,2.1,2.4,55.2,50.4,57.6,1.0,0.9,0.9,1.0
persistence,high_to_low,12,0,10,0.944796680258072,0.944796680258072,0.9590352242242979,0.02435650743347455,2.0,2.0,2.1,48.0,48.0,48.0,0.9,0.7,0.7,0.0
persistence,high_to_low,12,3,10,0.9182158404116885,0.9193400143446075,0.9514873566687834,0.0417013070564341,2.0,2.0,2.2,52.8,52.8,50.4,0.8,0.5,0.5,0.06666666666666667
persistence,high_to_low,12,6,10,0.926072751360631,0.9267008692391967,0.9813941677858903,0.06164253854199472,2.0,2.0,2.2,52.8,52.8,52.8,0.8,1.0,0.8,0.14166666666666666
persistence,high_to_low,12,9,10,0.9254693105386543,0.9264641891696618,0.9827961188672673,0.06239748689635584,2.0,2.0,2.2,57.6,52.8,52.8,0.8,0.9,0.8,0.1875
persistence,high_to_low,12,12,10,0.9163490246829562,0.9185047111689688,0.9773367668377206,0.06730127007379569,1.8,1.9,2.0,50.4,52.8,48.0,0.8,0.5,0.5,0.29166666666666663
persistence,high_to_low,12,15,10,0.8667158824013088,0.8648893477834099,0.9772046334002967,0.11086670545672206,1.7,1.7,2.0,55.2,52.8,50.4,0.7,0.5,0.5,0.3229166666666667
persistence,high_to_low,12,18,10,0.8479518246637492,0.8442180241169354,0.9522568928880041,0.10722996526118314,1.7,1.7,1.9,48.0,48.0,50.4,0.8,0.6,0.6,0.475
persistence,high_to_low,12,21,10,0.8677550766159958,0.8830774103291882,0.9601018705435177,0.094939438184157,1.7,1.7,1.9,48.0,43.2,50.4,0.8,0.6,0.6,0.5541666666666667
persistence,high_to_low,12,24,10,0.8801471733966283,0.891257193319805,0.966585853862347,0.09108391422891815,1.7,1.7,2.0,50.4,45.6,55.2,0.7,0.4,0.3,0.5833333333333333
persistence,high_to_low,12,27,10,0.9685338133728859,0.9036923289077652,0.9694337277053375,0.014566656955276692,2.0,1.7,2.1,43.2,48.0,55.2,0.7,0.3,0.3,0.725
persistence,high_to_low,12,30,10,0.9678098007392135,0.9629978962768762,0.9729693386857592,0.016369452573995347,2.0,1.9,2.1,48.0,52.8,50.4,0.7,0.4,0.4,0.6916666666666667
persistence,high_to_low,12,33,10,0.9686003596071243,0.9748302708397363,0.9730912345391344,0.012192831839234364,1.9,2.0,2.1,55.2,55.2,55.2,0.8,0.7,0.6,0.64375
persistence,high_to_low,12,36,10,0.9759013926323235,0.9750557000139102,0.9740735455235556,0.010894209184804604,2.0,2.0,2.2,50.4,57.6,60.0,0.8,0.7,0.6,0.725
persistence,high_to_low,12,39,10,0.9801021482850578,0.9786699621185976,0.9781028949285172,0.0067366414117951525,2.1,2.0,2.2,50.4,52.8,57.6,0.9,0.7,0.7,0.7520833333333333
persistence,high_to_low,12,42,10,0.9817631227254319,0.9811656662137855,0.9777964025375437,0.006451021345147112,2.1,2.0,2.1,55.2,52.8,57.6,1.0,0.7,0.7,0.7375
persistence,high_to_low,12,45,10,0.9850401777474722,0.9828718683037859,0.9753699397916253,0.011296587707554383,2.1,2.0,2.0,52.8,52.8,62.4,0.9,0.7,0.6,0.8
persistence,high_to_low,12,48,10,0.983497682680022,0.9822537923195019,0.9815903160942323,0.01042439298062855,2.1,2.0,2.1,57.6,60.0,62.4,0.8,0.8,0.6,0.8
persistence,high_to_low,12,51,10,0.9853429858035196,0.9845450144866881,0.9799794570964661,0.008715959948056485,2.1,2.0,2.1,60.0,60.0,55.2,1.0,0.7,0.7,0.825
persistence,high_to_low,12,54,10,0.9826834764169629,0.9846971132997628,0.9789180424902586,0.006557463861332125,2.1,2.1,2.0,57.6,52.8,55.2,0.9,0.7,0.6,0.875
persistence,high_to_low,12,57,10,0.982119205570742,0.9852399861450178,0.980484803574653,0.007500330612349027,2.1,2.1,2.0,62.4,57.6,52.8,0.9,0.5,0.5,0.875
persistence,high_to_low,12,60,10,0.9824096424765912,0.9874807824130839,0.9829935435496694,0.007662250712109231,2.0,2.1,2.0,55.2,57.6,52.8,1.0,0.7,0.7,0.9333333333333333
persistence,high_to_low,12,63,10,0.9845529413482472,0.9836532375252294,0.985278029028934,0.004475553075013239,2.0,2.0,2.0,52.8,57.6,52.8,1.0,0.8,0.8,0.95
persistence,high_to_low,12,66,10,0.9742176257215341,0.9779075450341861,0.9865251436949528,0.01609554909103015,2.0,2.1,2.2,55.2,64.8,50.4,0.8,0.9,0.8,0.9583333333333333
persistence,high_to_low,12,69,10,0.9877492783472507,0.9802704173583615,0.9880628306393302,0.006663841933166192,2.2,2.1,2.2,50.4,62.4,48.0,0.8,0.9,0.7,0.9833333333333334
persistence,high_to_low,12,72,10,0.973556227724355,0.961298349382259,0.9889127988743323,0.021926578435366238,2.2,2.1,2.2,50.4,57.6,40.8,0.8,0.7,0.6,1.0
persistence,high_to_low,12,75,10,0.9732510283382062,0.9626029493185688,0.989759866473424,0.022192475855711914,2.2,2.1,2.2,50.4,60.0,43.2,0.8,0.6,0.6,1.0
persistence,high_to_low,12,78,10,0.9722757806170648,0.964141830065439,0.9903981021255113,0.02323295421814924,2.1,2.1,2.2,50.4,57.6,43.2,0.7,0.6,0.5,1.0
persistence,high_to_low,12,81,10,0.9876489662776153,0.9555313954650136,0.9894758158693403,0.004564459649249242,2.2,2.0,2.1,50.4,60.0,43.2,0.9,0.7,0.7,1.0
persistence,high_to_low,12,84,10,0.9844312910972185,0.9805762060179172,0.9886870319106184,0.005317447937985087,2.1,2.1,2.2,50.4,57.6,48.0,0.9,0.6,0.6,1.0
persistence,high_to_low,12,87,10,0.9881648971448899,0.9803685124959495,0.9875194340142099,0.0025950684642587762,2.1,2.1,2.2,45.6,57.6,50.4,0.9,0.7,0.7,1.0
persistence,high_to_low,12,90,10,0.9886236825878292,0.9820007188211557,0.9891745138422102,0.0018065162579637972,2.1,2.1,2.2,45.6,55.2,48.0,0.9,0.7,0.7,1.0
persistence,high_to_low,12,93,10,0.9882247539031817,0.9865894932674225,0.9902819818983964,0.005370736168516144,2.1,2.1,2.2,48.0,52.8,48.0,0.9,0.5,0.5,1.0
persistence,high_to_low,12,96,10,0.9879660112692055,0.9848255561220809,0.9882133573535737,0.001595330307087206,2.2,2.1,2.2,52.8,52.8,52.8,1.0,1.0,1.0,1.0
persistence,high_to_low,12,99,10,0.9834950202442074,0.9849984651285135,0.9904800275807725,0.008516525033951117,2.1,2.1,2.2,52.8,50.4,48.0,0.9,0.9,0.8,1.0
persistence,high_to_low,12,102,10,0.9808016310902705,0.9882594297970286,0.9845803878669817,0.005060629814407913,2.0,2.1,2.1,48.0,52.8,45.6,0.9,0.9,0.8,1.0
persistence,high_to_low,12,105,10,0.9806354264804336,0.9867562362489982,0.9836004142125686,0.009104954296755364,2.1,2.1,2.1,55.2,62.4,50.4,0.8,0.6,0.4,1.0
persistence,high_to_low,12,108,10,0.9843567246044209,0.9873212671109085,0.9839822117665481,0.002151358244272139,2.2,2.1,2.1,50.4,60.0,48.0,0.9,0.9,0.8,1.0
persistence,low_to_high,1,0,10,0.9806194918586234,0.9806194918586234,0.42106300628588944,0.5595564855727341,2.3,2.3,1.6,55.2,55.2,48.0,0.5,0.2,0.1,0.0
persistence,low_to_high,1,3,10,0.9809434679477844,0.978023972549947,0.41527676447257367,0.5656667034752109,2.5,2.5,1.6,50.4,55.2,43.2,0.4,0.2,0.0,0.06875
persistence,low_to_high,1,6,10,0.9777659585401691,0.9819186916148558,0.3718515255655908,0.6059144329745785,2.3,2.3,1.5,55.2,52.8,45.6,0.4,0.3,0.1,0.12083333333333332
persistence,low_to_high,1,9,10,0.9567816668393888,0.9540024623191456,0.29019047315558943,0.6665911936837994,2.1,1.9,1.4,45.6,48.0,52.8,0.5,0.4,0.1,0.23125
persistence,low_to_high,1,12,10,0.778336720902169,0.9722135849983952,0.300182024307757,0.478154696594412,1.9,2.1,1.3,45.6,45.6,52.8,0.6,0.4,0.2,0.3083333333333333
persistence,low_to_high,1,15,10,0.8629694353682427,0.9692671117626357,0.24322372247278423,0.6197457128954584,2.1,2.1,1.2,48.0,48.0,55.2,0.4,0.4,0.1,0.375
persistence,low_to_high,1,18,10,0.8672635945288312,0.9787448365372547,0.31259523640504483,0.5546683581237863,1.9,2.3,1.3,40.8,45.6,48.0,0.5,0.4,0.2,0.5375
persistence,low_to_high,1,21,10,0.875967420336689,0.9848289995173936,0.39851124551079103,0.47745617482589786,1.9,2.2,1.4,40.8,40.8,43.2,0.6,0.4,0.4,0.65625
persistence,low_to_high,1,24,10,0.8697279267485085,0.9755115033842889,0.37109835617744097,0.4986295705710675,2.0,2.2,1.4,40.8,43.2,48.0,0.6,0.5,0.3,0.7166666666666666
persistence,low_to_high,1,27,10,0.779299585961457,0.9766953941120731,0.36748041033830886,0.4118191756231481,2.0,2.2,1.4,48.0,45.6,48.0,0.6,0.3,0.3,0.6625
persistence,low_to_high,1,30,10,0.8823284173529758,0.9890014215623596,0.49544967990586664,0.38687873744710927,2.4,2.4,1.5,45.6,45.6,45.6,0.4,0.4,0.2,0.7125
persistence,low_to_high,1,33,10,0.8834152582902689,0.9934029876189626,0.48716966543563006,0.39624559285463884,2.4,2.5,1.5,45.6,48.0,40.8,0.4,0.5,0.3,0.74375
persistence,low_to_high,1,36,10,0.8550645685826093,0.9929070699414748,0.5144364495530521,0.34367318846567396,2.2,2.6,1.6,48.0,48.0,40.8,0.5,0.5,0.3,0.75
persistence,low_to_high,1,39,10,0.8543698658978105,0.9879556049912402,0.5759001435768397,0.28948397419552824,2.1,2.4,1.8,48.0,55.2,48.0,0.4,0.7,0.3,0.7875
persistence,low_to_high,1,42,10,0.8503924614327513,0.9887995010667087,0.5785634919844227,0.2808909525699591,2.0,2.4,1.7,50.4,57.6,43.2,0.6,0.6,0.4,0.7958333333333334
persistence,low_to_high,1,45,10,0.8143853623454144,0.9826688873856986,0.5943894700851333,0.2324992024634583,2.0,2.3,1.7,52.8,57.6,45.6,0.6,0.7,0.3,0.8
persistence,low_to_high,1,48,10,0.8487713181878277,0.9843658946283197,0.5873801669719425,0.2613911512158852,1.9,2.4,1.6,57.6,57.6,43.2,0.7,0.4,0.3,0.8
persistence,low_to_high,1,51,10,0.7199211600885267,0.9916927987419086,0.5859582642251466,0.13396289586338012,1.9,2.4,1.6,48.0,55.2,40.8,0.8,0.4,0.4,0.9125
persistence,low_to_high,1,54,10,0.7233573773813473,0.9917510545947803,0.535978413976116,0.18737896340523136,1.9,2.3,1.5,43.2,52.8,43.2,0.7,0.4,0.3,0.95
persistence,low_to_high,1,57,10,0.7187291142121676,0.9927022004730139,0.6516455496069717,0.06708356460519584,1.8,2.4,1.7,40.8,45.6,36.0,0.9,0.7,0.7,0.9583333333333334
persistence,low_to_high,1,60,10,0.6753189373234492,0.9898493756643647,0.6430936586451536,0.04013569451889743,1.7,2.3,1.7,38.4,52.8,38.4,1.0,1.0,1.0,0.9666666666666668
persistence,low_to_high,1,63,10,0.6070372734346632,0.9936278414774586,0.609767770862082,0.005450718436590329,1.6,2.4,1.6,36.0,48.0,38.4,1.0,0.8,0.8,0.9875
persistence,low_to_high,1,66,10,0.5954548067367923,0.9936798528806723,0.599176452500385,0.006994218866362134,1.6,2.3,1.6,40.8,43.2,43.2,1.0,0.8,0.8,0.9916666666666666
persistence,low_to_high,1,69,10,0.6072225883039114,0.9948879142751286,0.6078299113654759,0.0047512773209571315,1.6,2.3,1.6,40.8,43.2,40.8,1.0,0.7,0.7,0.9958333333333333
persistence,low_to_high,1,72,10,0.6031675957674387,0.9929875086580822,0.6040741747473356,0.006063444471261506,1.6,2.3,1.6,45.6,48.0,43.2,1.0,0.7,0.7,1.0
persistence,low_to_high,1,75,10,0.584254456157057,0.9859165027587332,0.5870020899558563,0.0037854760052272703,1.6,2.2,1.6,50.4,50.4,38.4,1.0,0.6,0.6,1.0
persistence,low_to_high,1,78,10,0.571106449811973,0.9903309375191389,0.5716586077774697,0.0008234776604744198,1.6,2.3,1.7,40.8,50.4,43.2,0.9,0.8,0.8,1.0
persistence,low_to_high,1,81,10,0.5001792172326699,0.9888408662851285,0.5002687764852478,0.0011437834832135675,1.5,2.2,1.5,45.6,50.4,40.8,1.0,0.8,0.8,1.0
persistence,low_to_high,1,84,10,0.5202689724288869,0.9913185834892273,0.5203253251428481,6.0271040290879593e-05,1.5,2.2,1.5,45.6,45.6,45.6,1.0,1.0,1.0,1.0
persistence,low_to_high,1,87,10,0.47998159419375125,0.9896043415451489,0.4795157740415519,0.0005224228627691175,1.5,2.2,1.5,45.6,50.4,48.0,1.0,0.9,0.9,1.0
persistence,low_to_high,1,90,10,0.5426944517349936,0.9442386337772042,0.5426757245355978,2.354132415925414e-05,1.7,2.1,1.7,48.0,50.4,48.0,1.0,1.0,1.0,1.0
persistence,low_to_high,1,93,10,0.3969490541615988,0.9465176037959854,0.39695763662051364,1.2855915223494718e-05,1.4,2.2,1.4,48.0,48.0,48.0,1.0,1.0,1.0,1.0
persistence,low_to_high,1,96,10,0.41027773566093517,0.943351684391667,0.41027547648731577,2.799849417733924e-06,1.5,2.2,1.5,43.2,55.2,43.2,1.0,1.0,1.0,1.0
persistence,low_to_high,1,99,10,0.49128674918961385,0.9479730040728986,0.49107335347722475,0.00021625381856797617,1.6,2.2,1.6,45.6,48.0,43.2,1.0,0.9,0.9,1.0
persistence,low_to_high,1,102,10,0.434695151357397,0.9918837747369984,0.43326610717560887,0.0023488450814170246,1.6,2.4,1.6,45.6,50.4,45.6,1.0,0.7,0.7,1.0
persistence,low_to_high,1,105,10,0.4068083100073962,0.988006943296112,0.40680833204290484,1.2364852749400526e-07,1.6,2.4,1.6,43.2,52.8,40.8,1.0,0.9,0.9,1.0
persistence,low_to_high,1,108,10,0.4588893322423032,0.9924113318263362,0.4586959955381008,0.00019351775864399277,1.6,2.5,1.6,48.0,52.8,45.6,1.0,0.9,0.9,1.0
persistence,low_to_high,1,111,10,0.5040386895001244,0.9939189524479535,0.5039425346163693,0.00032110859462047283,1.7,2.4,1.7,52.8,48.0,55.2,1.0,0.9,0.9,1.0
persistence,low_to_high,1,114,10,0.46021108146764445,0.9760707306840214,0.4602110974333722,3.335414020019366e-08,1.7,2.4,1.7,43.2,57.6,43.2,1.0,1.0,1.0,1.0
persistence,low_to_high,1,117,10,0.3016612677432321,0.9857731846453364,0.30166123855597354,5.6791721582862056e-08,1.3,2.4,1.3,45.6,55.2,43.2,1.0,0.8,0.8,1.0
persistence,low_to_high,3,0,10,0.9798200909105551,0.9798200909105551,0.5066395100540629,0.47318058085649223,2.2,2.2,1.5,52.8,52.8,45.6,0.5,0.4,0.2,0.0
persistence,low_to_high,3,3,10,0.9826903458871321,0.9830242508877756,0.5540167984081751,0.428673547478957,2.1,2.1,1.5,50.4,50.4,38.4,0.6,0.4,0.3,0.07291666666666666
persistence,low_to_high,3,6,10,0.9810083242695955,0.9781711123521573,0.5633360509445922,0.4176722733250033,2.1,2.1,1.4,45.6,50.4,40.8,0.5,0.4,0.3,0.17083333333333334
persistence,low_to_high,3,9,10,0.9818316919678003,0.9780730329969686,0.4319889186034665,0.5498427733643337,2.1,2.0,1.4,45.6,45.6,45.6,0.4,0.4,0.2,0.25625
persistence,low_to_high,3,12,10,0.9669695922480048,0.968024394122643,0.4758553142690582,0.4911142779789466,1.8,1.8,1.4,45.6,45.6,43.2,0.6,0.4,0.3,0.3416666666666667
persistence,low_to_high,3,15,10,0.8704178480520074,0.9679048520274367,0.437320356950062,0.4330974911019454,1.8,1.9,1.4,43.2,45.6,45.6,0.6,0.4,0.2,0.4375
persistence,low_to_high,3,18,10,0.8869760926823419,0.975388394867957,0.5608858626130833,0.32734761376784216,1.9,1.9,1.5,40.8,43.2,40.8,0.6,0.4,0.3,0.5625
persistence,low_to_high,3,21,10,0.9013615358716673,0.9823708204053198,0.519116854408849,0.3867855022802934,2.0,2.1,1.5,48.0,55.2,43.2,0.6,0.1,0.0,0.5541666666666667
persistence,low_to_high,3,24,10,0.8214138502757227,0.974961127188954,0.5049541978653841,0.32055147310396787,1.8,2.0,1.5,45.6,45.6,48.0,0.8,0.2,0.2,0.6833333333333333
persistence,low_to_high,3,27,10,0.8202115754407986,0.971058722990278,0.6073938453966583,0.21546702094096265,1.8,2.0,1.6,36.0,40.8,48.0,0.8,0.4,0.3,0.83125
persistence,low_to_high,3,30,10,0.8700011912588913,0.9805606234453161,0.625108136327387,0.24798623452778173,2.0,2.2,1.6,50.4,55.2,45.6,0.6,0.2,0.0,0.6708333333333333
persistence,low_to_high,3,33,10,0.8742620213321984,0.9867672467097235,0.558854002805142,0.3252082684847336,2.0,2.2,1.6,57.6,55.2,50.4,0.5,0.4,0.1,0.6125
persistence,low_to_high,3,36,10,0.7930877134428684,0.9717919579270398,0.6166311454132763,0.19520495728938686,1.8,2.0,1.6,48.0,62.4,40.8,0.7,0.5,0.4,0.75
persistence,low_to_high,3,39,10,0.8654815011905317,0.9737820860378011,0.784431727903205,0.09809817702873258,1.9,2.1,2.0,57.6,57.6,40.8,0.7,0.6,0.4,0.6875
persistence,low_to_high,3,42,10,0.8161761265969476,0.9774719069655955,0.780871644664711,0.038118953775319896,1.8,2.0,1.8,55.2,50.4,48.0,1.0,0.7,0.7,0.7541666666666667
persistence,low_to_high,3,45,10,0.8622243866104901,0.976096274090413,0.8126150805269405,0.060886379004166935,1.9,2.0,2.0,60.0,55.2,52.8,0.9,0.8,0.7,0.75625
persistence,low_to_high,3,48,10,0.87799984592681,0.9789034218662016,0.8526675308738382,0.04434057142988736,1.9,2.1,2.0,62.4,57.6,43.2,0.9,0.5,0.5,0.8
persistence,low_to_high,3,51,10,0.8702933852238941,0.9799260056907972,0.8362914867632469,0.0381292171515642,1.8,2.0,1.9,55.2,57.6,60.0,0.9,0.6,0.6,0.8541666666666666
persistence,low_to_high,3,54,10,0.8732219337900362,0.9854286029460001,0.8623927532287862,0.023617668127588642,1.8,2.0,1.8,52.8,52.8,55.2,1.0,0.6,0.6,0.9
persistence,low_to_high,3,57,10,0.8718613768766488,0.9879157251754297,0.8617733401439989,0.017782018861935856,1.9,2.1,1.8,60.0,45.6,50.4,0.9,0.7,0.6,0.875
persistence,low_to_high,3,60,10,0.8607303811005418,0.9852272922368593,0.8755899738395385,0.016408719674532956,1.9,2.1,1.8,55.2,50.4,52.8,0.9,0.7,0.6,0.9166666666666667
persistence,low_to_high,3,63,10,0.8199133185936699,0.9895674344068125,0.8169818259495278,0.016520697805775773,1.8,2.1,1.9,52.8,43.2,55.2,0.9,0.6,0.6,0.95
persistence,low_to_high,3,66,10,0.8034563363060141,0.9867989821129111,0.8027137120906813,0.00406260580670334,1.8,2.2,1.8,50.4,45.6,50.4,1.0,1.0,1.0,0.9666666666666666
persistence,low_to_high,3,69,10,0.9039674203289494,0.9855659217790989,0.8955306072426475,0.010220059069380161,2.0,2.1,2.0,50.4,43.2,50.4,1.0,1.0,1.0,0.9833333333333334
persistence,low_to_high,3,72,10,0.8898550654673253,0.9877124899174217,0.876780110639037,0.01823434787582775,2.0,2.2,1.9,48.0,45.6,48.0,0.9,0.8,0.8,1.0
persistence,low_to_high,3,75,10,0.8784189444789545,0.9845033980469899,0.8789248904247259,0.02853796888326493,2.0,2.2,1.9,48.0,45.6,57.6,0.9,0.4,0.4,1.0
persistence,low_to_high,3,78,10,0.8800239388067712,0.9869238636606363,0.8784760250975218,0.01631629778223596,2.1,2.2,2.1,62.4,45.6,57.6,1.0,0.7,0.7,1.0
persistence,low_to_high,3,81,10,0.8867099255858317,0.9840681013143197,0.8870514306235332,0.00234033112775357,2.0,2.3,2.0,60.0,50.4,57.6,1.0,0.7,0.7,1.0
persistence,low_to_high,3,84,10,0.8877474614180265,0.9864934909388057,0.8881936879674308,0.002675927866352018,2.1,2.2,2.1,55.2,48.0,52.8,1.0,0.7,0.7,1.0
persistence,low_to_high,3,87,10,0.8794971046009549,0.9836566685891622,0.8795780172910751,0.0016495228166617526,2.2,2.2,2.2,57.6,57.6,52.8,1.0,0.8,0.8,1.0
persistence,low_to_high,3,90,10,0.8742914002592486,0.9801584676291194,0.8735085773773156,0.004204921286021446,2.1,2.2,2.0,52.8,60.0,48.0,0.9,0.8,0.7,1.0
persistence,low_to_high,3,93,10,0.9045336871682634,0.9819739762963422,0.9056306483525857,0.0011042439311804153,2.0,2.1,2.0,45.6,45.6,43.2,1.0,0.9,0.9,1.0
persistence,low_to_high,3,96,10,0.8842712573209331,0.9804339705422007,0.8958740545954939,0.011688295530978093,1.9,2.0,2.0,43.2,50.4,45.6,0.9,0.9,0.9,1.0
persistence,low_to_high,3,99,10,0.7138430979297856,0.9854031315356405,0.7148541396708105,0.0016778675141864042,1.8,2.1,1.8,48.0,45.6,45.6,1.0,0.9,0.9,1.0
persistence,low_to_high,3,102,10,0.8682989338859477,0.9868282507211814,0.868320257723026,2.3985110546165254e-05,2.0,2.2,2.0,48.0,48.0,48.0,1.0,1.0,1.0,1.0
persistence,low_to_high,3,105,10,0.7685215560360188,0.9799634446921385,0.7693841693892461,0.0019574397118671135,1.9,2.2,1.9,50.4,55.2,50.4,1.0,0.8,0.8,1.0
persistence,low_to_high,3,108,10,0.7091084579598336,0.9793613315405679,0.7129065934735459,0.004011889238904014,1.7,2.2,1.8,48.0,50.4,50.4,0.9,0.9,0.8,1.0
persistence,low_to_high,3,111,10,0.6758542318095463,0.9844925346299982,0.6757846612123419,0.00016895670584664567,1.9,2.4,1.9,55.2,52.8,57.6,1.0,0.9,0.9,1.0
persistence,low_to_high,3,114,10,0.6935290624450204,0.9817760086390515,0.6935270961923516,1.0527874131095391e-05,1.8,2.4,1.8,52.8,55.2,52.8,1.0,1.0,1.0,1.0
persistence,low_to_high,3,117,10,0.6944060595920177,0.9823124081015069,0.6943309920904646,7.508482013110496e-05,1.8,2.4,1.8,45.6,52.8,45.6,1.0,1.0,1.0,1.0
persistence,low_to_high,6,0,10,0.9796433952431448,0.9796433952431448,0.9135506464463315,0.06664349866835995,2.2,2.2,2.1,48.0,48.0,55.2,0.7,0.8,0.7,0.0
persistence,low_to_high,6,3,10,0.9790838472444306,0.980487253660901,0.8500724542682627,0.13070978351294432,2.2,2.2,1.9,52.8,50.4,55.2,0.7,0.8,0.6,0.06666666666666667
persistence,low_to_high,6,6,10,0.9807271387209457,0.9823513572784777,0.8486805209316115,0.13614784631997517,2.1,2.1,1.9,52.8,45.6,50.4,0.8,0.6,0.6,0.14166666666666666
persistence,low_to_high,6,9,10,0.980335737282123,0.9745496670036058,0.8487456579268539,0.13830531665091697,2.1,2.0,1.7,45.6,48.0,55.2,0.7,0.5,0.4,0.25625
persistence,low_to_high,6,12,10,0.9518172879088869,0.9548149447717751,0.8290387435809284,0.12518565702484388,1.8,1.9,1.7,50.4,50.4,50.4,0.9,0.8,0.8,0.3083333333333333
persistence,low_to_high,6,15,10,0.9639078058184474,0.9640106547864944,0.8785106840577515,0.08775621319247211,1.8,1.8,1.7,45.6,45.6,40.8,0.9,0.7,0.7,0.42708333333333337
persistence,low_to_high,6,18,10,0.9681021775848789,0.9684144946189301,0.8959584578913917,0.07342769686492495,1.9,1.9,1.7,45.6,45.6,40.8,0.8,0.7,0.6,0.5125
persistence,low_to_high,6,21,10,0.9706836954222968,0.9711307928585688,0.9035625888246738,0.06897107581402209,1.9,2.0,1.7,45.6,45.6,40.8,0.8,0.7,0.6,0.5979166666666667
persistence,low_to_high,6,24,10,0.9683468965735569,0.9698731629582026,0.9504623630100874,0.019977919157143597,1.9,2.0,1.8,50.4,55.2,40.8,0.9,0.6,0.5,0.6166666666666666
persistence,low_to_high,6,27,10,0.9659876942352209,0.9727324728076148,0.9585494461397077,0.022253125639771165,1.9,2.0,1.9,52.8,50.4,40.8,0.8,0.6,0.5,0.6
persistence,low_to_high,6,30,10,0.9794945590417349,0.9780632327691363,0.9639049419740487,0.02266583956453714,2.2,2.2,1.9,55.2,55.2,45.6,0.7,0.6,0.4,0.6125
persistence,low_to_high,6,33,10,0.8794523682247224,0.9805090314648334,0.9759949510470278,0.0997523866319337,1.9,2.2,2.0,57.6,55.2,55.2,0.9,0.8,0.8,0.6125
persistence,low_to_high,6,36,10,0.9849087328825517,0.9734619589850938,0.9856913890170217,0.006088180269575994,2.2,2.0,2.1,60.0,57.6,52.8,0.9,0.8,0.7,0.625
persistence,low_to_high,6,39,10,0.9822710144324688,0.9742587734520465,0.978643361480785,0.008177621200901286,2.1,2.0,2.0,57.6,62.4,60.0,0.9,0.7,0.6,0.6875
persistence,low_to_high,6,42,10,0.9835074007150404,0.9817878418867977,0.8841205493639649,0.10522530742884924,2.1,2.1,2.0,62.4,62.4,55.2,0.8,0.8,0.7,0.6833333333333333
persistence,low_to_high,6,45,10,0.8832596898359133,0.9772491876099447,0.9624081019221891,0.10344839812074427,1.9,2.1,2.1,52.8,57.6,52.8,0.8,0.8,0.7,0.8
persistence,low_to_high,6,48,10,0.8821966500891829,0.9777554040900671,0.9625014105196111,0.09964533499131552,1.9,2.1,2.0,52.8,60.0,57.6,0.9,0.8,0.8,0.8666666666666666
persistence,low_to_high,6,51,10,0.9706716773062372,0.9799170039238245,0.9631102592543715,0.015824066436524196,2.1,2.0,2.0,67.2,52.8,55.2,0.9,0.7,0.6,0.7666666666666667
persistence,low_to_high,6,54,10,0.9752075197748976,0.982452204954994,0.9745970802997984,0.008290031720869239,2.0,2.0,2.1,62.4,52.8,62.4,0.9,0.7,0.7,0.825
persistence,low_to_high,6,57,10,0.978035116732044,0.9867854922294115,0.9810204246230405,0.011348976963720493,2.0,2.0,2.1,57.6,50.4,60.0,0.9,0.5,0.5,0.875
persistence,low_to_high,6,60,10,0.9763391406878423,0.9877584137252875,0.9745675259670987,0.007429120467075811,2.1,2.1,2.0,62.4,45.6,62.4,0.9,0.7,0.6,0.8833333333333334
persistence,low_to_high,6,63,10,0.9797232554200412,0.9905209746554883,0.979643840433163,0.004824053059821631,2.1,2.2,2.1,57.6,43.2,60.0,1.0,0.8,0.8,0.925
persistence,low_to_high,6,66,10,0.9504448061200346,0.9894983860836204,0.951990328600381,0.005764400791575397,2.0,2.2,2.1,60.0,43.2,64.8,0.9,0.7,0.6,0.95
persistence,low_to_high,6,69,10,0.9460330260358981,0.988154092912693,0.9513626981046135,0.0067297054262662305,2.0,2.2,2.1,57.6,40.8,55.2,0.9,0.7,0.7,0.9791666666666667
persistence,low_to_high,6,72,10,0.9454641668400054,0.9885950370341063,0.9479660455024727,0.00473429365318474,2.0,2.2,2.1,52.8,43.2,55.2,0.9,0.9,0.9,1.0
persistence,low_to_high,6,75,10,0.9335114055703009,0.9742790447103038,0.9335528984732496,0.0019756592797316674,2.0,2.0,2.1,60.0,45.6,60.0,0.9,1.0,0.9,1.0
persistence,low_to_high,6,78,10,0.9435796018591006,0.9844153269792668,0.9421080051733737,0.0033658931913040035,2.0,2.2,2.0,57.6,48.0,64.8,1.0,0.8,0.8,1.0
persistence,low_to_high,6,81,10,0.9458535062366055,0.986950827218779,0.9464780923811926,0.0012639112932810504,2.0,2.3,2.0,52.8,50.4,55.2,1.0,0.9,0.9,1.0
persistence,low_to_high,6,84,10,0.944402535974634,0.9856362697391626,0.9454553577561435,0.0015186637889127775,2.0,2.2,2.0,55.2,48.0,52.8,1.0,0.9,0.9,1.0
persistence,low_to_high,6,87,10,0.9516203410830755,0.9858595699566068,0.950928783439649,0.0018586461955001688,2.1,2.2,2.0,48.0,50.4,43.2,0.9,0.8,0.8,1.0
persistence,low_to_high,6,90,10,0.9366939988232005,0.9853242297792513,0.9368407850364788,0.0023824604827946128,2.1,2.2,2.0,48.0,55.2,43.2,0.9,0.8,0.8,1.0
persistence,low_to_high,6,93,10,0.9231356075152937,0.9882648428695623,0.9231391946678908,0.004831784553369978,2.0,2.2,2.0,52.8,45.6,50.4,1.0,0.6,0.6,1.0
persistence,low_to_high,6,96,10,0.9393921075736259,0.9856963200640745,0.9400060399608302,0.0018088142024450082,2.0,2.1,2.0,43.2,40.8,40.8,1.0,0.7,0.7,1.0
persistence,low_to_high,6,99,10,0.9319272897017695,0.983661007883771,0.932979242702246,0.0010564363808705957,2.0,2.1,2.0,40.8,50.4,38.4,1.0,0.9,0.9,1.0
persistence,low_to_high,6,102,10,0.9235129172435714,0.9829216945691146,0.9233278693663349,0.00020771658981671992,2.0,2.1,2.0,45.6,50.4,45.6,1.0,1.0,1.0,1.0
persistence,low_to_high,6,105,10,0.9160307876299904,0.9815740339197243,0.9160196417673522,1.5341377742572605e-05,2.0,2.1,2.0,43.2,50.4,43.2,1.0,1.0,1.0,1.0
persistence,low_to_high,6,108,10,0.8870405127278745,0.9842020742349863,0.8868485499218461,0.00019365588710347492,2.0,2.2,2.0,40.8,48.0,40.8,1.0,1.0,1.0,1.0
persistence,low_to_high,6,111,10,0.8941742411012967,0.9844387742286445,0.8939634564859235,0.0006751014218512763,2.1,2.3,2.0,50.4,48.0,48.0,0.9,0.9,0.9,1.0
persistence,low_to_high,6,114,10,0.8859404251793203,0.9818664552172203,0.8861236201110552,0.0002536250824555199,2.1,2.4,2.1,52.8,57.6,50.4,1.0,0.9,0.9,1.0
persistence,low_to_high,12,0,10,0.9590352242242979,0.9590352242242979,0.944796680258072,0.02435650743347455,2.1,2.1,2.0,48.0,48.0,48.0,0.9,0.7,0.7,0.0
persistence,low_to_high,12,3,10,0.9523465812687377,0.9514873566687834,0.9193400143446075,0.04144258339690945,2.2,2.2,2.0,50.4,50.4,52.8,0.8,0.5,0.5,0.07708333333333332
persistence,low_to_high,12,6,10,0.9822671259036468,0.9813941677858903,0.9267008692391967,0.06095602882336747,2.2,2.2,2.0,52.8,52.8,52.8,0.8,1.0,0.8,0.14166666666666666
persistence,low_to_high,12,9,10,0.9832082185239646,0.9827961188672673,0.9264641891696618,0.06090809764161559,2.2,2.2,2.0,55.2,52.8,52.8,0.8,0.9,0.7,0.19375
persistence,low_to_high,12,12,10,0.9820364884530577,0.9773367668377206,0.9185047111689688,0.06813055458658344,2.1,2.0,1.9,48.0,48.0,52.8,0.8,0.5,0.4,0.3
persistence,low_to_high,12,15,10,0.9778084283576419,0.9772046334002967,0.8648893477834099,0.11829914973798712,2.0,2.0,1.7,55.2,50.4,52.8,0.7,0.5,0.5,0.34375
persistence,low_to_high,12,18,10,0.9526954279370562,0.9522568928880041,0.8442180241169354,0.10931230435769437,1.9,1.9,1.7,50.4,50.4,48.0,0.8,0.7,0.7,0.4625
persistence,low_to_high,12,21,10,0.9618694386537708,0.9601018705435177,0.8830774103291882,0.08408743030342478,1.9,1.9,1.7,50.4,50.4,43.2,0.8,0.6,0.6,0.5395833333333334
persistence,low_to_high,12,24,10,0.9639925194479403,0.966585853862347,0.891257193319805,0.08018891554253246,1.9,2.0,1.7,55.2,55.2,45.6,0.8,0.4,0.4,0.55
persistence,low_to_high,12,27,10,0.9643390771186688,0.9694337277053375,0.9036923289077652,0.06969829928671017,1.9,2.1,1.7,57.6,55.2,48.0,0.8,0.6,0.5,0.5375
persistence,low_to_high,12,30,10,0.9685867564881304,0.9729693386857592,0.9629978962768762,0.018842270182990693,2.0,2.1,1.9,57.6,50.4,52.8,0.7,0.7,0.5,0.5583333333333333
persistence,low_to_high,12,33,10,0.9744388016172746,0.9730912345391344,0.9748302708397363,0.007968873391054565,2.1,2.1,2.0,55.2,55.2,55.2,0.9,0.6,0.6,0.6270833333333333
persistence,low_to_high,12,36,10,0.9770516213316947,0.9740735455235556,0.9750557000139102,0.006725224372262273,2.2,2.2,2.0,57.6,60.0,57.6,0.8,0.6,0.5,0.65
persistence,low_to_high,12,39,10,0.9784555940779764,0.9781028949285172,0.9786699621185976,0.005134766295777781,2.1,2.2,2.0,55.2,57.6,52.8,0.9,0.9,0.8,0.7145833333333333
persistence,low_to_high,12,42,10,0.9825472469955869,0.9777964025375437,0.9811656662137855,0.006716612516340636,2.2,2.1,2.0,55.2,57.6,52.8,0.8,0.9,0.7,0.7541666666666667
persistence,low_to_high,12,45,10,0.9830646878620023,0.9753699397916253,0.9828718683037859,0.007222329421374729,2.1,2.0,2.0,57.6,62.4,52.8,0.9,0.7,0.6,0.7875
persistence,low_to_high,12,48,10,0.9856411383557043,0.9815903160942323,0.9822537923195019,0.00710512665135643,2.1,2.1,2.0,57.6,62.4,60.0,0.9,0.9,0.8,0.8333333333333333
persistence,low_to_high,12,51,10,0.9776588989360185,0.9799794570964661,0.9845450144866881,0.015975985070154818,2.1,2.1,2.0,55.2,55.2,60.0,0.9,0.8,0.7,0.8833333333333334
persistence,low_to_high,12,54,10,0.974517156558437,0.9789180424902586,0.9846971132997628,0.014675919863080134,2.1,2.0,2.1,62.4,55.2,52.8,1.0,0.6,0.6,0.85
persistence,low_to_high,12,57,10,0.9769868762850169,0.980484803574653,0.9852399861450178,0.012469351476211676,2.1,2.0,2.1,60.0,52.8,57.6,1.0,0.8,0.8,0.8958333333333333
persistence,low_to_high,12,60,10,0.9821869629432982,0.9829935435496694,0.9874807824130839,0.008009749677225486,2.0,2.0,2.1,52.8,52.8,57.6,0.9,0.7,0.7,0.9333333333333333
persistence,low_to_high,12,63,10,0.9837244685499311,0.985278029028934,0.9836532375252294,0.008255768791430963,2.1,2.0,2.0,57.6,52.8,57.6,0.9,0.7,0.6,0.925
persistence,low_to_high,12,66,10,0.9795204781143593,0.9865251436949528,0.9779075450341861,0.005824111614792726,2.1,2.2,2.1,62.4,50.4,64.8,1.0,0.8,0.8,0.9416666666666667
persistence,low_to_high,12,69,10,0.9800568997032549,0.9880628306393302,0.9802704173583615,0.006069154844182112,2.0,2.2,2.1,62.4,48.0,62.4,0.9,0.7,0.6,0.9708333333333334
persistence,low_to_high,12,72,10,0.9644822133565084,0.9889127988743323,0.961298349382259,0.006874537387485613,2.0,2.2,2.1,55.2,40.8,57.6,0.9,0.8,0.7,1.0
persistence,low_to_high,12,75,10,0.9647369578066984,0.989759866473424,0.9626029493185688,0.0057880006776650835,2.0,2.2,2.1,55.2,43.2,60.0,0.9,0.7,0.6,1.0
persistence,low_to_high,12,78,10,0.9671989842424626,0.9903981021255113,0.964141830065439,0.004529875655036764,2.0,2.2,2.1,55.2,43.2,57.6,0.9,0.8,0.7,1.0
persistence,low_to_high,12,81,10,0.9577196653302377,0.9894758158693403,0.9555313954650136,0.004375037903089907,2.0,2.1,2.0,57.6,43.2,60.0,1.0,0.6,0.6,1.0
persistence,low_to_high,12,84,10,0.9809359853091365,0.9886870319106184,0.9805762060179172,0.0047195486412084705,2.1,2.2,2.1,60.0,48.0,57.6,1.0,0.6,0.6,1.0
persistence,low_to_high,12,87,10,0.9809403301358547,0.9875194340142099,0.9803685124959495,0.004025451300045124,2.1,2.2,2.1,57.6,50.4,57.6,1.0,0.7,0.7,1.0
persistence,low_to_high,12,90,10,0.9828178020165914,0.9891745138422102,0.9820007188211557,0.0018920788335573425,2.2,2.2,2.1,57.6,48.0,55.2,0.9,0.9,0.9,1.0
persistence,low_to_high,12,93,10,0.9865179853472409,0.9902819818983964,0.9865894932674225,0.003189039058459986,2.2,2.2,2.1,57.6,48.0,52.8,0.9,0.8,0.8,1.0
persistence,low_to_high,12,96,10,0.9836808794902734,0.9882133573535737,0.9848255561220809,0.0012807142916045789,2.1,2.2,2.1,55.2,52.8,52.8,1.0,0.9,0.9,1.0
persistence,low_to_high,12,99,10,0.98386703227897,0.9904800275807725,0.9849984651285135,0.0011314328495436565,2.1,2.2,2.1,52.8,48.0,50.4,1.0,0.9,0.9,1.0
persistence,low_to_high,12,102,10,0.9877683666867284,0.9845803878669817,0.9882594297970286,0.0004910631103000829,2.1,2.1,2.1,50.4,45.6,52.8,1.0,0.9,0.9,1.0
persistence,low_to_high,12,105,10,0.9875462347893027,0.9836004142125686,0.9867562362489982,0.0012830137017956545,2.1,2.1,2.1,55.2,50.4,62.4,1.0,0.7,0.7,1.0
persistence,low_to_high,12,108,10,0.9883066533098643,0.9839822117665481,0.9873212671109085,0.0014750885183082319,2.1,2.1,2.1,55.2,48.0,60.0,1.0,0.8,0.8,1.0
roughness,high_to_low,1,0,10,0.964216393064067,0.964216393064067,0.9966340320041649,0.032417638940097804,2.3,2.3,2.6,45.6,45.6,64.8,0.4,0.2,0.0,0.0
roughness,high_to_low,1,3,10,0.9731184474641722,0.9731460681198636,0.9951716952694767,0.023847722330876564,2.5,2.5,2.5,50.4,50.4,62.4,0.5,0.2,0.1,0.07291666666666666
roughness,high_to_low,1,6,10,0.9646141548983111,0.9646019583345797,0.9956037362316812,0.03098958133336992,2.3,2.3,2.4,45.6,45.6,55.2,0.4,0.1,0.0,0.1625
roughness,high_to_low,1,9,10,0.936007183459106,0.9348418529934646,0.9810208143274723,0.045013630868366204,2.2,2.2,2.3,43.2,43.2,55.2,0.5,0.2,0.2,0.2625
roughness,high_to_low,1,12,10,0.9559457565010172,0.9536016898163011,0.98737870071591,0.03143436406483739,2.4,2.4,2.3,38.4,38.4,55.2,0.7,0.2,0.2,0.3833333333333333
roughness,high_to_low,1,15,10,0.9451520242526239,0.942010044608276,0.9867772429099532,0.04162521865732934,2.2,2.2,2.3,36.0,38.4,55.2,0.3,0.0,0.0,0.5104166666666667
roughness,high_to_low,1,18,10,0.9490135954288561,0.9484758158482782,0.9899782666092906,0.04308917988267401,2.2,2.3,2.3,38.4,43.2,48.0,0.5,0.5,0.4,0.575
roughness,high_to_low,1,21,10,0.9766158406868819,0.9708047350147531,0.9963432449108275,0.02166152717405012,2.4,2.4,2.2,38.4,40.8,45.6,0.6,0.3,0.3,0.6708333333333334
roughness,high_to_low,1,24,10,0.9516808062822975,0.9561839862244004,0.9860089937486777,0.03583962179262808,2.3,2.5,2.0,40.8,43.2,45.6,0.6,0.3,0.3,0.7166666666666666
roughness,high_to_low,1,27,10,0.9860122012571555,0.9528299235069146,0.9888930792418529,0.011092601268231018,2.5,2.2,2.0,40.8,38.4,43.2,0.7,0.4,0.4,0.76875
roughness,high_to_low,1,30,10,0.9869108120374108,0.985496606466495,0.993678135185551,0.012178939230360009,2.5,2.6,2.2,40.8,43.2,50.4,0.8,0.2,0.2,0.7708333333333334
roughness,high_to_low,1,33,10,0.9881914608810369,0.9803485698868423,0.9962537499799679,0.01122328462865344,2.5,2.5,2.4,40.8,38.4,57.6,0.8,0.3,0.3,0.7979166666666667
roughness,high_to_low,1,36,10,0.9818169662193569,0.9659399141437423,0.994502149182364,0.01498721635967395,2.4,2.4,2.3,38.4,38.4,48.0,0.5,0.3,0.3,0.85
roughness,high_to_low,1,39,10,0.9921515699039519,0.9813661943050127,0.9925882181749381,0.012234298291245426,2.7,2.6,2.3,48.0,45.6,52.8,0.7,0.5,0.4,0.7791666666666666
roughness,high_to_low,1,42,10,0.9905233683244857,0.9752409647560562,0.9954488487901887,0.00889848969136774,2.5,2.5,2.4,43.2,43.2,60.0,0.6,0.4,0.3,0.85
roughness,high_to_low,1,45,10,0.9855955850513703,0.9698672661832699,0.98589052917909,0.008594143515847873,2.4,2.3,2.3,48.0,40.8,60.0,0.7,0.4,0.4,0.8125
roughness,high_to_low,1,48,10,0.9836125090629533,0.9685428274564881,0.9845941886834417,0.009936067407496729,2.3,2.3,2.2,50.4,40.8,60.0,0.7,0.5,0.5,0.8333333333333333
roughness,high_to_low,1,51,10,0.9853903596500537,0.974200212376674,0.9955774924593921,0.01557708302900539,2.2,2.5,2.4,52.8,48.0,64.8,0.6,0.5,0.3,0.8541666666666666
roughness,high_to_low,1,54,10,0.98783848510471,0.9811258605881559,0.9934554620895222,0.009324791545419675,2.3,2.6,2.2,50.4,45.6,67.2,0.8,0.4,0.4,0.9
roughness,high_to_low,1,57,10,0.992998607023987,0.9793758668167479,0.994957979762144,0.004639848652727219,2.2,2.5,2.1,48.0,50.4,55.2,0.9,0.7,0.7,0.9166666666666666
roughness,high_to_low,1,60,10,0.9917968571404906,0.9790223229793209,0.9931246984086798,0.003779850133761087,2.2,2.4,2.2,45.6,48.0,57.6,0.8,0.6,0.6,0.9333333333333333
roughness,high_to_low,1,63,10,0.9934256931940334,0.9813813269519777,0.9931805385439919,0.005259494559909495,2.3,2.4,2.2,50.4,45.6,62.4,0.9,0.6,0.6,0.95
roughness,high_to_low,1,66,10,0.993978479309568,0.9802548161424725,0.9913099093150823,0.005177389291961321,2.4,2.4,2.1,50.4,40.8,57.6,0.7,0.5,0.5,0.9666666666666666
roughness,high_to_low,1,69,10,0.9929977070529963,0.9828612609822722,0.9911797538734696,0.006621743606412667,2.3,2.5,2.1,48.0,40.8,60.0,0.8,0.5,0.5,0.9875
roughness,high_to_low,1,72,10,0.9940197465723737,0.9805956492816972,0.9950670712055405,0.00671220197721929,2.3,2.5,2.1,52.8,45.6,60.0,0.8,0.4,0.4,1.0
roughness,high_to_low,1,75,10,0.9875363849747727,0.9804816384883657,0.9967271356610864,0.009191091396451944,2.2,2.4,2.2,62.4,45.6,60.0,0.8,0.7,0.6,1.0
roughness,high_to_low,1,78,10,0.9900914962895753,0.9829509337986897,0.9925941153393352,0.007254737328936967,2.2,2.4,2.0,64.8,43.2,57.6,0.8,0.8,0.6,1.0
roughness,high_to_low,1,81,10,0.993395425944027,0.985796589017113,0.9934810661420055,0.006836841790331028,2.2,2.4,2.1,60.0,40.8,60.0,0.7,0.8,0.6,1.0
roughness,high_to_low,1,84,10,0.9918179018947922,0.9811089392201563,0.9928718619015722,0.008348302051658152,2.2,2.3,2.0,69.6,43.2,60.0,0.8,0.7,0.5,1.0
roughness,high_to_low,1,87,10,0.980460676371599,0.9821989739064932,0.9917523184724949,0.01655834281232904,2.1,2.4,2.0,64.8,45.6,62.4,0.7,0.8,0.6,1.0
roughness,high_to_low,1,90,10,0.9752648267627301,0.9183998264858587,0.9633344290126772,0.01763033952022062,2.1,2.2,1.9,62.4,36.0,64.8,0.9,0.9,0.8,1.0
roughness,high_to_low,1,93,10,0.9785205276329426,0.9770729975632045,0.9629402136864037,0.017228004571602396,2.2,2.4,2.0,57.6,40.8,64.8,0.9,0.7,0.6,1.0
roughness,high_to_low,1,96,10,0.9805932529815591,0.9167324314737678,0.9958240393315352,0.018794317468547227,2.3,2.3,2.2,62.4,43.2,67.2,0.8,0.8,0.7,1.0
roughness,high_to_low,1,99,10,0.9846097068928893,0.9132469714701947,0.9699206737300905,0.015170959690095132,2.2,2.3,2.0,60.0,43.2,62.4,0.9,0.9,0.8,1.0
roughness,high_to_low,1,102,10,0.9949131370101434,0.983429453867779,0.9938697763429312,0.001946977285231777,2.2,2.4,2.1,64.8,43.2,67.2,0.9,0.9,0.8,1.0
roughness,high_to_low,1,105,10,0.9951920071972002,0.9776574777633703,0.993717400325191,0.0023759910302911247,2.2,2.5,2.2,62.4,48.0,57.6,0.8,0.9,0.8,1.0
roughness,high_to_low,1,108,10,0.9939766354950684,0.9809742847921246,0.9917969049702519,0.0027685144839775357,2.3,2.3,2.2,60.0,38.4,62.4,0.9,0.9,0.8,1.0
roughness,high_to_low,1,111,10,0.9961155593800687,0.9786858517516273,0.9956780540054148,0.0004968564231806249,2.5,2.3,2.4,60.0,43.2,60.0,0.9,1.0,0.9,1.0
roughness,high_to_low,1,114,10,0.9930445007561783,0.979835502775661,0.9921403645183805,0.00123140984785699,2.4,2.5,2.4,62.4,48.0,64.8,0.8,0.9,0.8,1.0
roughness,high_to_low,1,117,10,0.9918180270840647,0.9753191837143038,0.9750018886374242,0.01686510948476011,2.3,2.4,2.0,62.4,43.2,55.2,0.8,0.8,0.8,1.0
roughness,high_to_low,3,0,10,0.9659490113665494,0.9659490113665494,0.980626531704232,0.03300739631428963,2.2,2.2,2.2,33.6,33.6,52.8,0.6,0.4,0.3,0.0
roughness,high_to_low,3,3,10,0.9617814949291033,0.9618584376676337,0.9807065098600727,0.03651835427642462,2.1,2.1,2.2,33.6,33.6,60.0,0.7,0.3,0.3,0.10416666666666667
roughness,high_to_low,3,6,10,0.9646172937985563,0.9642173199349289,0.9781477126345084,0.03362843288031311,2.2,2.2,2.2,33.6,36.0,60.0,0.6,0.1,0.1,0.20833333333333334
roughness,high_to_low,3,9,10,0.9597561808488049,0.9524202061927884,0.9763212396301244,0.03229826579790794,2.1,2.0,2.0,38.4,38.4,62.4,0.9,0.3,0.3,0.3
roughness,high_to_low,3,12,10,0.9382099847188426,0.9300759036260186,0.9808503378045496,0.05561474634142312,2.0,1.9,1.9,36.0,38.4,48.0,0.7,0.4,0.2,0.4083333333333333
roughness,high_to_low,3,15,10,0.939538822825465,0.931485732695176,0.9840306311309359,0.05801579368857105,2.0,1.9,2.0,40.8,43.2,52.8,0.6,0.3,0.2,0.46875
roughness,high_to_low,3,18,10,0.9596476777116472,0.9299576072867346,0.9839518490260462,0.037310537149673285,2.0,1.8,2.0,33.6,40.8,55.2,0.8,0.3,0.3,0.625
roughness,high_to_low,3,21,10,0.9663746914551627,0.9624330431744946,0.9919374669349686,0.030419019624308253,2.3,2.3,2.1,36.0,33.6,55.2,0.6,0.3,0.3,0.6854166666666667
roughness,high_to_low,3,24,10,0.9436517658227249,0.9490609556407605,0.9853220982146894,0.04167150162441574,2.0,2.1,2.0,36.0,28.8,55.2,0.8,0.3,0.3,0.8166666666666667
roughness,high_to_low,3,27,10,0.9424110340215026,0.9404513424134613,0.9893615600951989,0.046952012255543775,1.9,2.0,2.1,33.6,38.4,55.2,0.8,0.2,0.2,0.85
roughness,high_to_low,3,30,10,0.9628065609375887,0.9455819033418932,0.9921440677499611,0.03821128082513884,2.1,2.0,2.2,40.8,45.6,55.2,0.6,0.3,0.2,0.7708333333333333
roughness,high_to_low,3,33,10,0.9647089073018943,0.9437572290876588,0.9949380792410725,0.0302291719391782,2.1,2.0,2.2,40.8,40.8,55.2,0.7,0.2,0.1,0.7979166666666667
roughness,high_to_low,3,36,10,0.9706668085310174,0.9496288870838487,0.9947289479742516,0.02406213944323421,2.1,2.1,2.2,33.6,43.2,52.8,0.7,0.1,0.1,0.9
roughness,high_to_low,3,39,10,0.9699345244925228,0.9505047096405728,0.9900371194029557,0.029324354068211954,2.1,2.0,2.1,43.2,43.2,55.2,0.7,0.5,0.3,0.825
roughness,high_to_low,3,42,10,0.9645961436188639,0.9528252498204551,0.9879106292191985,0.027716286402598024,2.0,1.9,2.1,48.0,38.4,50.4,0.6,0.6,0.4,0.8083333333333333
roughness,high_to_low,3,45,10,0.9730860727476319,0.9671002022902526,0.992054827123415,0.018968754375783214,2.0,2.0,2.2,45.6,28.8,50.4,0.8,0.5,0.5,0.84375
roughness,high_to_low,3,48,10,0.9758739499991748,0.9459443546053181,0.9908394389239806,0.018864745870242616,2.0,1.9,2.2,45.6,40.8,55.2,0.9,0.6,0.6,0.8666666666666666
roughness,high_to_low,3,51,10,0.9714016507681643,0.9737514811700236,0.99344744384793,0.022045793079765695,1.9,2.1,2.1,50.4,31.2,48.0,0.9,0.6,0.6,0.8541666666666666
roughness,high_to_low,3,54,10,0.9832751373313491,0.9716861085885908,0.9914685393122479,0.016439159136306412,2.1,2.1,2.0,45.6,40.8,50.4,0.9,0.5,0.5,0.9
roughness,high_to_low,3,57,10,0.9710822078226455,0.9698370239001507,0.9918649068908637,0.02695285378518094,1.9,2.1,2.0,48.0,43.2,52.8,0.8,0.5,0.4,0.8958333333333334
roughness,high_to_low,3,60,10,0.9753994410851149,0.9701921356179593,0.992388275369801,0.02175483470950059,1.9,2.1,2.0,48.0,40.8,52.8,0.8,0.5,0.4,0.9166666666666666
roughness,high_to_low,3,63,10,0.975392366914907,0.9716456738316495,0.9932210885872614,0.020169240614006767,1.9,2.1,2.1,48.0,36.0,57.6,0.9,0.4,0.3,0.95
roughness,high_to_low,3,66,10,0.9887623616025811,0.9685888559805539,0.9940494919484774,0.006800615621331008,2.1,2.1,2.1,43.2,33.6,52.8,1.0,0.5,0.5,0.9833333333333332
roughness,high_to_low,3,69,10,0.9882717762405594,0.9731950001453529,0.9898550933594612,0.01251252752637152,2.1,2.2,2.0,45.6,36.0,55.2,0.9,0.5,0.5,0.9916666666666666
roughness,high_to_low,3,72,10,0.9884457699312014,0.9734121843002974,0.9922181279753037,0.00744062970595728,2.2,2.3,2.0,50.4,40.8,52.8,0.8,0.5,0.4,1.0
roughness,high_to_low,3,75,10,0.9874146495934509,0.9689841037337933,0.9902579842116781,0.007725473221660506,2.1,2.3,2.0,50.4,48.0,57.6,0.9,0.5,0.5,1.0
roughness,high_to_low,3,78,10,0.9877658540873361,0.9634585419406758,0.9895280194603867,0.00728165606027188,2.1,2.2,2.0,55.2,50.4,57.6,0.9,0.5,0.5,1.0
roughness,high_to_low,3,81,10,0.9889859975449051,0.970631065538581,0.9882842752784683,0.00548995274425852,2.1,2.2,2.0,57.6,43.2,57.6,0.9,0.8,0.8,1.0
roughness,high_to_low,3,84,10,0.9921364449154998,0.9619990138059281,0.9889631739551202,0.0063277418084392465,2.1,2.0,2.0,60.0,40.8,57.6,0.9,0.7,0.7,1.0
roughness,high_to_low,3,87,10,0.9906200954071203,0.9636453220370335,0.9891643695711764,0.006011623065011307,2.2,2.1,2.0,69.6,50.4,60.0,0.8,0.5,0.5,1.0
roughness,high_to_low,3,90,10,0.9943727505094792,0.9625287231515675,0.9886586925016495,0.005938791526572595,2.2,2.1,2.0,57.6,45.6,52.8,0.8,0.5,0.5,1.0
roughness,high_to_low,3,93,10,0.9914618227984299,0.9625471120527077,0.9886251672221693,0.005581167682995614,2.2,2.0,2.0,60.0,40.8,57.6,0.8,0.8,0.7,1.0
roughness,high_to_low,3,96,10,0.9931991399562611,0.9646664688414607,0.9911545344523702,0.0032135307204687823,2.1,2.0,2.0,60.0,40.8,52.8,0.9,0.8,0.8,1.0
roughness,high_to_low,3,99,10,0.9924141179000537,0.9638523999019103,0.9904363149671361,0.0036584332663893715,2.1,2.0,2.0,60.0,43.2,52.8,0.9,0.8,0.8,1.0
roughness,high_to_low,3,102,10,0.9921208036843346,0.9621984648217365,0.9880495742982832,0.004127094299165457,2.1,2.0,2.0,60.0,40.8,57.6,0.9,0.6,0.6,1.0
roughness,high_to_low,3,105,10,0.987910786992545,0.9652364160030344,0.9827699756040271,0.005165300557995767,2.1,2.2,2.0,57.6,38.4,55.2,0.9,0.8,0.8,1.0
roughness,high_to_low,3,108,10,0.9863490152002751,0.9586637288243031,0.9818234559671695,0.007025739049992296,2.1,2.2,2.1,60.0,45.6,55.2,0.8,0.7,0.7,1.0
roughness,high_to_low,3,111,10,0.9862371728643053,0.9614650912490271,0.9811152465909354,0.005624772091755237,2.2,2.3,2.1,64.8,52.8,60.0,0.9,0.9,0.9,1.0
roughness,high_to_low,3,114,10,0.9887150285042351,0.9586180594381266,0.98897767483379,0.0002958930711990049,2.3,2.2,2.3,62.4,43.2,62.4,1.0,1.0,1.0,1.0
roughness,high_to_low,3,117,10,0.985799943622126,0.9619930442854423,0.9860402399541165,0.00024236555347457723,2.2,2.3,2.2,62.4,48.0,62.4,1.0,1.0,1.0,1.0
roughness,high_to_low,6,0,10,0.9580769302475878,0.9580769302475878,0.9768904695186809,0.0336528125465785,2.1,2.1,2.2,40.8,40.8,55.2,0.7,0.6,0.4,0.0
roughness,high_to_low,6,3,10,0.9611128702604527,0.9611659750361119,0.9791913132618333,0.033543832192115666,2.1,2.1,2.2,33.6,33.6,57.6,0.7,0.4,0.3,0.10416666666666667
roughness,high_to_low,6,6,10,0.9607436562808205,0.9609052154338755,0.9795060696400574,0.03564826048868208,2.1,2.1,2.2,33.6,33.6,57.6,0.7,0.4,0.3,0.20833333333333334
roughness,high_to_low,6,9,10,0.959942933082122,0.9593268392479024,0.9770060013435724,0.03316992606069791,2.1,2.1,2.1,36.0,38.4,60.0,0.8,0.2,0.1,0.30625
roughness,high_to_low,6,12,10,0.9217544999422674,0.9141135935624668,0.977222491233649,0.07117489951131832,2.0,1.9,1.9,36.0,33.6,50.4,0.7,0.3,0.2,0.4083333333333333
roughness,high_to_low,6,15,10,0.9316736379107649,0.9251868810744439,0.9682428467078532,0.05138030142900117,2.0,1.9,1.8,36.0,31.2,45.6,0.8,0.4,0.3,0.5104166666666667
roughness,high_to_low,6,18,10,0.9331835430339137,0.9277571570945913,0.9710426960797001,0.051467765035690595,2.0,1.9,1.9,40.8,36.0,50.4,0.7,0.5,0.4,0.5625
roughness,high_to_low,6,21,10,0.9640996848734383,0.9300669145058931,0.9811999218056323,0.031132189983048453,2.2,1.9,2.0,38.4,36.0,55.2,0.6,0.3,0.1,0.6708333333333333
roughness,high_to_low,6,24,10,0.9616477226957703,0.9409054218513877,0.9824682124135551,0.03473377656443042,2.2,2.0,2.0,40.8,36.0,57.6,0.7,0.1,0.1,0.7166666666666667
roughness,high_to_low,6,27,10,0.9345589884421617,0.9362780544380911,0.9868714136649578,0.05231242522279607,1.9,2.0,2.1,38.4,40.8,57.6,0.8,0.2,0.2,0.7875
roughness,high_to_low,6,30,10,0.9370684877064044,0.9404303193795631,0.9881895437888375,0.05112105608243306,1.9,2.0,2.1,38.4,40.8,57.6,0.8,0.2,0.2,0.8083333333333333
roughness,high_to_low,6,33,10,0.971113060998975,0.9511228334880514,0.9958192423851691,0.024706181386193994,2.1,2.0,2.2,40.8,45.6,55.2,0.7,0.1,0.1,0.7979166666666667
roughness,high_to_low,6,36,10,0.9709071509356593,0.9519948602042524,0.994734997098805,0.02382784616314578,2.1,2.0,2.2,45.6,48.0,52.8,0.7,0.2,0.2,0.775
roughness,high_to_low,6,39,10,0.9766580260631205,0.9554219638732164,0.9874706056542342,0.02270627888717306,2.1,2.0,2.1,43.2,45.6,55.2,0.7,0.4,0.3,0.825
roughness,high_to_low,6,42,10,0.9778105129197219,0.9641423923758703,0.9910486393397846,0.020143186793499034,2.1,2.0,2.2,48.0,43.2,57.6,0.6,0.5,0.3,0.8083333333333333
roughness,high_to_low,6,45,10,0.9647253258102774,0.9474940840513583,0.990073635378263,0.03102166668396822,1.9,1.9,2.1,43.2,43.2,57.6,0.7,0.4,0.4,0.875
roughness,high_to_low,6,48,10,0.9760554247362782,0.9433371098884307,0.988908721440145,0.01863994044791144,2.0,1.9,2.1,40.8,48.0,48.0,0.8,0.6,0.5,0.9
roughness,high_to_low,6,51,10,0.9719436440674712,0.9708197517874428,0.9866638705892828,0.02801627155887294,1.9,2.1,2.1,45.6,43.2,55.2,0.7,0.3,0.3,0.8833333333333334
roughness,high_to_low,6,54,10,0.9814556074978948,0.9737644927993279,0.9885079700488835,0.019100483057979446,2.0,2.1,2.0,43.2,38.4,52.8,0.8,0.5,0.4,0.925
roughness,high_to_low,6,57,10,0.981845883308716,0.9720447806706524,0.9908768220219837,0.017994225804110198,2.1,2.1,2.0,45.6,38.4,52.8,0.9,0.6,0.6,0.9375
roughness,high_to_low,6,60,10,0.9749457952859523,0.9714369416975931,0.9922734642177649,0.022954828058849054,1.9,2.1,2.0,40.8,40.8,52.8,0.8,0.5,0.5,0.95
roughness,high_to_low,6,63,10,0.9812520798582558,0.9710458568430415,0.9916275268542686,0.016711792872313593,2.0,2.1,2.0,38.4,40.8,57.6,0.7,0.5,0.4,0.975
roughness,high_to_low,6,66,10,0.9892597624219741,0.969079522701373,0.9908410030149278,0.01075530589079755,2.1,2.2,2.1,40.8,40.8,55.2,0.8,0.5,0.4,0.975
roughness,high_to_low,6,69,10,0.9880160222445769,0.9680669801219691,0.9910697055926422,0.012770440277119276,2.1,2.1,2.1,43.2,38.4,52.8,0.8,0.5,0.4,0.9916666666666666
roughness,high_to_low,6,72,10,0.9885455176896369,0.9676559877299844,0.9913393258506238,0.010521414872868885,2.1,2.2,2.1,52.8,48.0,55.2,0.8,0.6,0.5,1.0
roughness,high_to_low,6,75,10,0.9891053651498487,0.9726944521358816,0.992020055093733,0.009387646218232414,2.1,2.3,2.0,52.8,48.0,55.2,0.9,0.5,0.5,1.0
roughness,high_to_low,6,78,10,0.9904927209388049,0.9732768862751827,0.9916148919769567,0.007376040363230007,2.1,2.3,2.0,52.8,43.2,52.8,0.9,0.6,0.6,1.0
roughness,high_to_low,6,81,10,0.9911707960989681,0.9704018167951585,0.9904342575034084,0.00599420274625484,2.1,2.2,2.0,55.2,43.2,52.8,0.9,0.7,0.7,1.0
roughness,high_to_low,6,84,10,0.9926301422333823,0.9604967083514122,0.9911291637153686,0.004445481915030758,2.1,2.0,2.0,55.2,45.6,50.4,0.9,0.7,0.7,1.0
roughness,high_to_low,6,87,10,0.9942450986005003,0.9684380095698103,0.9927274921585412,0.0028920487415165065,2.1,2.1,2.0,55.2,40.8,52.8,0.9,0.8,0.8,1.0
roughness,high_to_low,6,90,10,0.9943428933578333,0.9718520284566374,0.9943386963745888,0.0036294602807421692,2.2,2.1,2.1,60.0,33.6,55.2,0.9,0.7,0.7,1.0
roughness,high_to_low,6,93,10,0.9956349251885366,0.9681509619222293,0.9928119415495168,0.004069275113038828,2.2,2.1,2.1,60.0,36.0,52.8,0.9,0.6,0.6,1.0
roughness,high_to_low,6,96,10,0.9968109929178729,0.9650388068705992,0.9930956484285804,0.00432228927948769,2.2,2.0,2.0,57.6,36.0,50.4,0.8,0.6,0.5,1.0
roughness,high_to_low,6,99,10,0.9936975206913145,0.9674707399458168,0.9922436365997495,0.0017017198610497664,2.1,2.0,2.0,60.0,36.0,52.8,0.9,0.8,0.8,1.0
roughness,high_to_low,6,102,10,0.9910207848460283,0.9716559017175577,0.9916937730622781,0.006905411432802688,2.0,2.1,1.9,64.8,36.0,50.4,0.9,0.4,0.4,1.0
roughness,high_to_low,6,105,10,0.9920060004790452,0.9722783298911555,0.9899106176389841,0.0034140152261979417,2.1,2.2,1.9,57.6,33.6,50.4,0.8,0.7,0.7,1.0
roughness,high_to_low,6,108,10,0.9915286699445762,0.9696173189732882,0.9870635954433137,0.004465222793678137,2.2,2.3,2.1,57.6,40.8,55.2,0.9,0.8,0.8,1.0
roughness,high_to_low,6,111,10,0.989865979870963,0.9591719143757244,0.9854978619915341,0.004368147021938362,2.2,2.3,2.1,57.6,55.2,52.8,0.9,0.9,0.9,1.0
roughness,high_to_low,6,114,10,0.9894756752886792,0.9591543633050709,0.9896261720700312,0.00015868760591138952,2.3,2.3,2.3,60.0,55.2,60.0,1.0,1.0,1.0,1.0
roughness,high_to_low,12,0,10,0.959707904674179,0.959707904674179,0.9769743306574965,0.026568492415266064,2.1,2.1,2.1,40.8,40.8,57.6,0.8,0.4,0.3,0.0
roughness,high_to_low,12,3,10,0.9457551467100351,0.9458014335365046,0.9755735626530655,0.04704636468940284,2.0,2.0,2.2,36.0,36.0,60.0,0.6,0.4,0.2,0.10208333333333333
roughness,high_to_low,12,6,10,0.9614963698684308,0.9615190973949959,0.9763412911864636,0.030226765866242976,2.2,2.2,2.2,38.4,38.4,62.4,0.8,0.4,0.3,0.19166666666666665
roughness,high_to_low,12,9,10,0.9604918884604288,0.960760666353862,0.9779516029951587,0.031558780560422516,2.1,2.1,2.2,31.2,31.2,62.4,0.7,0.2,0.1,0.31875
roughness,high_to_low,12,12,10,0.9659781838672499,0.9661232614006613,0.9761858683102558,0.026736073563067488,2.1,2.1,2.1,36.0,38.4,60.0,0.8,0.3,0.2,0.39166666666666666
roughness,high_to_low,12,15,10,0.9632903933353483,0.9626821809858249,0.9753107541951389,0.029106226909106657,2.1,2.1,2.0,43.2,45.6,55.2,0.7,0.5,0.3,0.4375
roughness,high_to_low,12,18,10,0.9253974820183517,0.9151344922146067,0.9565950441116902,0.047849193889172824,2.0,1.9,1.8,38.4,36.0,50.4,0.8,0.5,0.4,0.575
roughness,high_to_low,12,21,10,0.9344861069020277,0.9239499079218438,0.9622948312484638,0.04368365442249694,2.0,1.9,1.9,38.4,40.8,52.8,0.7,0.5,0.4,0.6708333333333334
roughness,high_to_low,12,24,10,0.9387425985952982,0.9308799766091665,0.9639096981666755,0.043476032250308536,2.0,1.9,1.9,38.4,40.8,52.8,0.7,0.4,0.3,0.7666666666666667
roughness,high_to_low,12,27,10,0.96757449492553,0.9443726764764513,0.9823487494561058,0.03780009481862938,2.1,2.1,2.1,38.4,43.2,57.6,0.7,0.3,0.2,0.7875
roughness,high_to_low,12,30,10,0.9681736940282647,0.9478399413412323,0.9836140202875553,0.029554895126436963,2.2,2.1,2.1,45.6,43.2,57.6,0.6,0.2,0.2,0.7291666666666667
roughness,high_to_low,12,33,10,0.9463007727407307,0.9451542956367402,0.9823205411864,0.03602066747855679,2.0,2.0,2.1,45.6,43.2,60.0,0.9,0.4,0.4,0.7520833333333333
roughness,high_to_low,12,36,10,0.9725336471071069,0.948902818393444,0.9838436396036061,0.024395774555697202,2.2,2.0,2.1,45.6,43.2,57.6,0.8,0.3,0.3,0.775
roughness,high_to_low,12,39,10,0.9751759257999074,0.9530330505893826,0.9863168841087042,0.023202846058313298,2.2,2.0,2.1,45.6,48.0,52.8,0.8,0.2,0.2,0.80625
roughness,high_to_low,12,42,10,0.9713156965759062,0.9563269829920618,0.9877730713053732,0.026180493984426356,2.1,2.0,2.1,45.6,52.8,52.8,0.7,0.2,0.2,0.8375
roughness,high_to_low,12,45,10,0.9721046057045987,0.9554033720283408,0.9884801132637329,0.02519603520660323,2.1,2.0,2.1,48.0,57.6,52.8,0.7,0.3,0.3,0.8625
roughness,high_to_low,12,48,10,0.9758473584538923,0.9612474260043878,0.989836693582804,0.02084365437005491,2.1,1.9,2.1,48.0,45.6,52.8,0.7,0.4,0.4,0.9
roughness,high_to_low,12,51,10,0.9717661817972691,0.9439625840595832,0.990783245750681,0.019017118355782226,2.0,1.9,2.1,52.8,43.2,52.8,0.8,0.6,0.6,0.8541666666666666
roughness,high_to_low,12,54,10,0.9690822518572076,0.9317768899455423,0.9860007041688931,0.028952867190368825,1.9,1.9,2.1,52.8,55.2,55.2,0.7,0.3,0.3,0.875
roughness,high_to_low,12,57,10,0.9697992131310832,0.9682100460560974,0.9859012162759667,0.024668033773828313,1.9,2.1,2.1,57.6,48.0,57.6,0.7,0.4,0.4,0.875
roughness,high_to_low,12,60,10,0.9774874217501612,0.9717008930315304,0.98711022779682,0.021404684253697338,1.9,2.1,2.0,48.0,43.2,57.6,0.8,0.4,0.4,0.9333333333333333
roughness,high_to_low,12,63,10,0.9846913237261263,0.9691505331558712,0.9917725617922093,0.01564876075946906,2.1,2.1,2.0,55.2,45.6,55.2,0.9,0.6,0.6,0.925
roughness,high_to_low,12,66,10,0.9865139855706545,0.9708906744250336,0.9933747814141233,0.014151245743765061,2.1,2.2,2.1,55.2,45.6,60.0,0.8,0.7,0.6,0.95
roughness,high_to_low,12,69,10,0.9914114576248391,0.9698614344573713,0.9943851659714052,0.009059680343454857,2.2,2.2,2.1,50.4,45.6,60.0,0.7,0.7,0.6,0.9833333333333334
roughness,high_to_low,12,72,10,0.9912266529371516,0.9684592046509248,0.9926347842755534,0.009045312637151682,2.1,2.3,2.1,45.6,50.4,64.8,0.8,0.5,0.5,1.0
roughness,high_to_low,12,75,10,0.9942797905788142,0.9707142245964514,0.9925831260222739,0.009612736098705433,2.1,2.3,2.1,43.2,45.6,64.8,0.8,0.4,0.3,1.0
roughness,high_to_low,12,78,10,0.9894067301720421,0.97207263900709,0.9919322543490976,0.010823615174519009,2.1,2.2,2.1,52.8,45.6,62.4,0.8,0.5,0.4,1.0
roughness,high_to_low,12,81,10,0.9891232008809018,0.9785584721584684,0.9909417391319184,0.008954934060066654,2.1,2.3,2.0,55.2,48.0,62.4,0.9,0.6,0.6,1.0
roughness,high_to_low,12,84,10,0.9904974081911243,0.9746610064635093,0.9906083467122275,0.008227495202487434,2.1,2.2,2.0,55.2,45.6,60.0,0.9,0.7,0.7,1.0
roughness,high_to_low,12,87,10,0.9917096513622001,0.9759698102557156,0.9899344640616574,0.006295373559059259,2.1,2.2,2.0,55.2,45.6,57.6,0.9,0.8,0.8,1.0
roughness,high_to_low,12,90,10,0.9926199954212958,0.9776265029919247,0.9882862566685947,0.006578748968276593,2.1,2.2,2.0,55.2,45.6,64.8,0.9,0.5,0.5,1.0
roughness,high_to_low,12,93,10,0.993744147871225,0.9774014004519721,0.9919664469297629,0.0035281148065367416,2.1,2.2,2.0,55.2,43.2,55.2,0.9,0.7,0.7,1.0
roughness,high_to_low,12,96,10,0.9953031510697011,0.9783013847973789,0.9938336773086383,0.003722909835935273,2.2,2.2,2.1,57.6,38.4,57.6,0.9,0.7,0.7,1.0
roughness,high_to_low,12,99,10,0.9957154752010411,0.9666944498287489,0.9900707353074225,0.0077250785803862024,2.2,2.0,2.0,60.0,38.4,60.0,0.8,0.8,0.7,1.0
roughness,high_to_low,12,102,10,0.9916461769222398,0.9663756444886852,0.9880850106789275,0.006151310167932389,2.1,2.0,1.9,64.8,38.4,62.4,0.8,0.8,0.7,1.0
roughness,high_to_low,12,105,10,0.9920961641680398,0.9739930337451888,0.9901117248933563,0.003683668260297235,2.1,2.1,2.0,64.8,36.0,62.4,0.9,0.8,0.8,1.0
roughness,high_to_low,12,108,10,0.9951156783759872,0.9726710376748227,0.9931558429647606,0.0035748565598153425,2.1,2.1,2.0,60.0,36.0,57.6,0.9,0.8,0.8,1.0
roughness,low_to_high,1,0,10,0.9966340320041649,0.9966340320041649,0.964216393064067,0.032417638940097804,2.6,2.6,2.3,64.8,64.8,45.6,0.4,0.2,0.0,0.0
roughness,low_to_high,1,3,10,0.9951532636832138,0.9951716952694767,0.9731460681198636,0.023839405115986968,2.5,2.5,2.5,62.4,62.4,50.4,0.5,0.2,0.1,0.05
roughness,low_to_high,1,6,10,0.9956843010962764,0.9956037362316812,0.9646019583345797,0.031082342761696625,2.4,2.4,2.3,55.2,55.2,45.6,0.4,0.1,0.0,0.12916666666666668
roughness,low_to_high,1,9,10,0.9796944248865926,0.9810208143274723,0.9348418529934646,0.04485257189312819,2.4,2.3,2.2,60.0,55.2,43.2,0.6,0.2,0.2,0.16875
roughness,low_to_high,1,12,10,0.986521232614993,0.98737870071591,0.9536016898163011,0.034049879295360894,2.3,2.3,2.4,55.2,55.2,38.4,0.5,0.2,0.1,0.2583333333333333
roughness,low_to_high,1,15,10,0.9762865843827372,0.9867772429099532,0.942010044608276,0.0399871603577079,2.2,2.3,2.2,55.2,55.2,38.4,0.4,0.1,0.1,0.30208333333333337
roughness,low_to_high,1,18,10,0.9866631341982638,0.9899782666092906,0.9484758158482782,0.03818731834998553,2.3,2.3,2.3,50.4,48.0,43.2,0.8,0.4,0.4,0.4375
roughness,low_to_high,1,21,10,0.9840467047959287,0.9963432449108275,0.9708047350147531,0.017834224634327746,2.2,2.2,2.4,52.8,45.6,40.8,0.8,0.3,0.3,0.4958333333333334
roughness,low_to_high,1,24,10,0.9693710563255082,0.9860089937486777,0.9561839862244004,0.01868766151759501,2.3,2.0,2.5,50.4,45.6,43.2,0.8,0.6,0.5,0.5833333333333333
roughness,low_to_high,1,27,10,0.9935654077516445,0.9888930792418529,0.9528299235069146,0.0419224443555245,2.6,2.0,2.2,50.4,43.2,38.4,0.6,0.3,0.3,0.61875
roughness,low_to_high,1,30,10,0.9947749326077282,0.993678135185551,0.985496606466495,0.010726266575653287,2.6,2.2,2.6,50.4,50.4,43.2,0.8,0.4,0.4,0.6541666666666667
roughness,low_to_high,1,33,10,0.9881032167718187,0.9962537499799679,0.9803485698868423,0.013148368848791702,2.4,2.4,2.5,40.8,57.6,38.4,0.7,0.6,0.5,0.7979166666666666
roughness,low_to_high,1,36,10,0.9924148899776906,0.994502149182364,0.9659399141437423,0.02833000181051183,2.6,2.3,2.4,50.4,48.0,38.4,0.8,0.5,0.5,0.725
roughness,low_to_high,1,39,10,0.9636244422960806,0.9925882181749381,0.9813661943050127,0.03451696729155025,2.2,2.3,2.6,52.8,52.8,45.6,0.5,0.4,0.3,0.7416666666666666
roughness,low_to_high,1,42,10,0.9641895342110356,0.9954488487901887,0.9752409647560562,0.02466614956915273,2.3,2.4,2.5,55.2,60.0,43.2,0.5,0.3,0.2,0.7541666666666667
roughness,low_to_high,1,45,10,0.9565536744205666,0.98589052917909,0.9698672661832699,0.026666956700316713,2.1,2.3,2.3,52.8,60.0,40.8,0.6,0.4,0.3,0.8
roughness,low_to_high,1,48,10,0.9533722552817869,0.9845941886834417,0.9685428274564881,0.025576465831076,2.2,2.2,2.3,55.2,60.0,40.8,0.5,0.5,0.4,0.8333333333333333
roughness,low_to_high,1,51,10,0.9576277348225462,0.9955774924593921,0.974200212376674,0.0342886245145641,2.2,2.4,2.5,52.8,64.8,48.0,0.6,0.7,0.5,0.8833333333333334
roughness,low_to_high,1,54,10,0.9612685191149193,0.9934554620895222,0.9811258605881559,0.029998845726557533,2.2,2.2,2.6,57.6,67.2,45.6,0.5,0.3,0.3,0.85
roughness,low_to_high,1,57,10,0.977573823434339,0.994957979762144,0.9793758668167479,0.012181246543572688,2.4,2.1,2.5,52.8,55.2,50.4,0.9,0.6,0.6,0.9166666666666666
roughness,low_to_high,1,60,10,0.97667819274462,0.9931246984086798,0.9790223229793209,0.011964814348367015,2.3,2.2,2.4,48.0,57.6,48.0,0.9,0.6,0.6,0.95
roughness,low_to_high,1,63,10,0.9413554824366799,0.9931805385439919,0.9813813269519777,0.04410893605461484,1.9,2.2,2.4,40.8,62.4,45.6,0.6,0.4,0.4,0.975
roughness,low_to_high,1,66,10,0.9372605358077554,0.9913099093150823,0.9802548161424725,0.05302701010932026,1.9,2.1,2.4,43.2,57.6,40.8,0.4,0.6,0.4,0.9833333333333334
roughness,low_to_high,1,69,10,0.955213101000963,0.9911797538734696,0.9828612609822722,0.034425292170434996,2.2,2.1,2.5,43.2,60.0,40.8,0.6,0.7,0.5,0.9916666666666666
roughness,low_to_high,1,72,10,0.9552230153073709,0.9950670712055405,0.9805956492816972,0.03521755232089312,2.1,2.1,2.5,40.8,60.0,45.6,0.5,0.5,0.4,1.0
roughness,low_to_high,1,75,10,0.9502244106299077,0.9967271356610864,0.9804816384883657,0.03028647339143996,2.1,2.2,2.4,43.2,60.0,45.6,0.7,0.6,0.6,1.0
roughness,low_to_high,1,78,10,0.9679983668793988,0.9925941153393352,0.9829509337986897,0.015277480067686677,2.2,2.0,2.4,36.0,57.6,43.2,0.8,0.8,0.8,1.0
roughness,low_to_high,1,81,10,0.9451807425350388,0.9934810661420055,0.985796589017113,0.04095527942482681,2.1,2.1,2.4,38.4,60.0,40.8,0.7,0.7,0.7,1.0
roughness,low_to_high,1,84,10,0.9453689380454453,0.9928718619015722,0.9811089392201563,0.040013026952411365,2.0,2.0,2.3,38.4,60.0,43.2,0.7,0.6,0.6,1.0
roughness,low_to_high,1,87,10,0.9491920663926099,0.9917523184724949,0.9821989739064932,0.033083088151951726,2.2,2.0,2.4,43.2,62.4,45.6,0.8,0.8,0.8,1.0
roughness,low_to_high,1,90,10,0.9271103068993476,0.9633344290126772,0.9183998264858587,0.10060725296721448,2.0,1.9,2.2,40.8,64.8,36.0,0.6,0.7,0.6,1.0
roughness,low_to_high,1,93,10,0.930872946885895,0.9629402136864037,0.9770729975632045,0.046200050677311734,2.0,2.0,2.4,43.2,64.8,40.8,0.7,0.7,0.7,1.0
roughness,low_to_high,1,96,10,0.9328002694434471,0.9958240393315352,0.9167324314737678,0.10285423121264974,2.0,2.2,2.3,45.6,67.2,43.2,0.6,0.7,0.6,1.0
roughness,low_to_high,1,99,10,0.854056387705581,0.9699206737300905,0.9132469714701947,0.059192606104957156,1.9,2.0,2.3,48.0,62.4,43.2,0.7,0.7,0.7,1.0
roughness,low_to_high,1,102,10,0.957343974123192,0.9938697763429312,0.983429453867779,0.026149132329602663,2.3,2.1,2.4,43.2,67.2,43.2,0.9,1.0,0.9,1.0
roughness,low_to_high,1,105,10,0.952064395090237,0.993717400325191,0.9776574777633703,0.025613235532146283,2.4,2.2,2.5,48.0,57.6,48.0,0.9,1.0,0.9,1.0
roughness,low_to_high,1,108,10,0.9636080804732888,0.9917969049702519,0.9809742847921246,0.01741596342995122,2.2,2.2,2.3,43.2,62.4,38.4,0.9,0.9,0.9,1.0
roughness,low_to_high,1,111,10,0.951976174344327,0.9956780540054148,0.9786858517516273,0.02677616472310145,2.2,2.4,2.3,48.0,60.0,43.2,0.9,0.9,0.9,1.0
roughness,low_to_high,1,114,10,0.9526899414927332,0.9921403645183805,0.979835502775661,0.027147415046645716,2.4,2.4,2.5,48.0,64.8,48.0,0.9,1.0,0.9,1.0
roughness,low_to_high,1,117,10,0.9454554263588504,0.9750018886374242,0.9753191837143038,0.0298784700222403,2.3,2.0,2.4,48.0,55.2,43.2,0.9,0.9,0.9,1.0
roughness,low_to_high,3,0,10,0.980626531704232,0.980626531704232,0.9659490113665494,0.03300739631428963,2.2,2.2,2.2,52.8,52.8,33.6,0.6,0.4,0.3,0.0
roughness,low_to_high,3,3,10,0.9807179375182068,0.9807065098600727,0.9618584376676337,0.03648485974731721,2.2,2.2,2.1,60.0,60.0,33.6,0.7,0.3,0.3,0.05625
roughness,low_to_high,3,6,10,0.9785053428313253,0.9781477126345084,0.9642173199349289,0.033927809697256096,2.2,2.2,2.2,60.0,60.0,36.0,0.6,0.2,0.2,0.1125
roughness,low_to_high,3,9,10,0.9782544340135058,0.9763212396301244,0.9524202061927884,0.040973725839101735,2.0,2.0,2.0,60.0,62.4,38.4,0.8,0.3,0.2,0.16875
roughness,low_to_high,3,12,10,0.9811430325106365,0.9808503378045496,0.9300759036260186,0.06468997795539762,1.9,1.9,1.9,48.0,48.0,38.4,0.6,0.2,0.1,0.3
roughness,low_to_high,3,15,10,0.9820610407149779,0.9840306311309359,0.931485732695176,0.06151604547321676,2.1,2.0,1.9,57.6,52.8,43.2,0.6,0.4,0.3,0.3125
roughness,low_to_high,3,18,10,0.9841948532043734,0.9839518490260462,0.9299576072867346,0.06330962191237431,2.2,2.0,1.8,55.2,55.2,40.8,0.5,0.5,0.3,0.4125
roughness,low_to_high,3,21,10,0.9799364417193536,0.9919374669349686,0.9624330431744946,0.035647906205463875,2.1,2.1,2.3,55.2,55.2,33.6,0.6,0.3,0.3,0.48125
roughness,low_to_high,3,24,10,0.9792158016771204,0.9853220982146894,0.9490609556407605,0.04963305881761665,2.1,2.0,2.1,55.2,55.2,28.8,0.6,0.4,0.3,0.55
roughness,low_to_high,3,27,10,0.9520259249512251,0.9893615600951989,0.9404513424134613,0.06646526651765244,2.1,2.1,2.0,55.2,55.2,38.4,0.5,0.3,0.2,0.58125
roughness,low_to_high,3,30,10,0.9781613897989813,0.9921440677499611,0.9455819033418932,0.04550199199080655,2.2,2.2,2.0,60.0,55.2,45.6,0.6,0.3,0.3,0.5541666666666667
roughness,low_to_high,3,33,10,0.9776079801251691,0.9949380792410725,0.9437572290876588,0.04923565014019597,2.3,2.2,2.0,64.8,55.2,40.8,0.5,0.3,0.2,0.5354166666666667
roughness,low_to_high,3,36,10,0.9875919687720259,0.9947289479742516,0.9496288870838487,0.037963081688177316,2.4,2.2,2.1,52.8,52.8,43.2,0.7,0.4,0.4,0.7
roughness,low_to_high,3,39,10,0.9686696120881345,0.9900371194029557,0.9505047096405728,0.035081165016413327,2.2,2.1,2.0,52.8,55.2,43.2,0.4,0.2,0.1,0.7333333333333333
roughness,low_to_high,3,42,10,0.9594480488782763,0.9879106292191985,0.9528252498204551,0.015083791747064156,2.2,2.1,1.9,52.8,50.4,38.4,0.7,0.5,0.5,0.7666666666666667
roughness,low_to_high,3,45,10,0.9734606792300905,0.992054827123415,0.9671002022902526,0.013038354027868227,2.2,2.2,2.0,50.4,50.4,28.8,0.8,0.4,0.4,0.80625
roughness,low_to_high,3,48,10,0.9568470963661344,0.9908394389239806,0.9459443546053181,0.011924970263572676,2.1,2.2,1.9,48.0,55.2,40.8,0.8,0.8,0.7,0.8666666666666666
roughness,low_to_high,3,51,10,0.9727615418466046,0.99344744384793,0.9737514811700236,0.009393625295679687,2.2,2.1,2.1,50.4,48.0,31.2,0.9,0.3,0.3,0.8833333333333334
roughness,low_to_high,3,54,10,0.9744211685764199,0.9914685393122479,0.9716861085885908,0.011345459863428331,2.2,2.0,2.1,48.0,50.4,40.8,0.9,0.4,0.4,0.925
roughness,low_to_high,3,57,10,0.9646937491391874,0.9918649068908637,0.9698370239001507,0.019089581492523145,2.0,2.0,2.1,43.2,52.8,43.2,0.9,0.5,0.5,0.9375
roughness,low_to_high,3,60,10,0.9475967509542098,0.992388275369801,0.9701921356179593,0.02259538466374964,1.9,2.0,2.1,45.6,52.8,40.8,0.8,0.5,0.5,0.95
roughness,low_to_high,3,63,10,0.9473767018156748,0.9932210885872614,0.9716456738316495,0.025392830699827652,1.9,2.1,2.1,38.4,57.6,36.0,0.8,0.6,0.6,0.975
roughness,low_to_high,3,66,10,0.9662921889473186,0.9940494919484774,0.9685888559805539,0.011075690305799935,2.1,2.1,2.1,38.4,52.8,33.6,0.8,0.9,0.7,0.9833333333333334
roughness,low_to_high,3,69,10,0.9662627028705548,0.9898550933594612,0.9731950001453529,0.008301786219302675,2.1,2.0,2.2,40.8,55.2,36.0,0.9,0.7,0.7,0.9875
roughness,low_to_high,3,72,10,0.9670494672364747,0.9922181279753037,0.9734121843002974,0.007435621140609172,2.2,2.0,2.3,43.2,52.8,40.8,0.9,0.8,0.8,1.0
roughness,low_to_high,3,75,10,0.9679380903321565,0.9902579842116781,0.9689841037337933,0.0019155748100686321,2.4,2.0,2.3,55.2,57.6,48.0,0.9,0.8,0.8,1.0
roughness,low_to_high,3,78,10,0.9627209052191918,0.9895280194603867,0.9634585419406758,0.0016729369522244686,2.2,2.0,2.2,52.8,57.6,50.4,1.0,0.9,0.9,1.0
roughness,low_to_high,3,81,10,0.9671429292216196,0.9882842752784683,0.970631065538581,0.010877454894963246,2.2,2.0,2.2,45.6,57.6,43.2,0.8,0.9,0.8,1.0
roughness,low_to_high,3,84,10,0.9656927461134062,0.9889631739551202,0.9619990138059281,0.003948898567353576,2.1,2.0,2.0,43.2,57.6,40.8,0.9,0.9,0.8,1.0
roughness,low_to_high,3,87,10,0.966928427439141,0.9891643695711764,0.9636453220370335,0.003478090928871602,2.2,2.0,2.1,50.4,60.0,50.4,0.9,1.0,0.9,1.0
roughness,low_to_high,3,90,10,0.9624668168065039,0.9886586925016495,0.9625287231515675,6.851793569273568e-05,2.1,2.0,2.1,45.6,52.8,45.6,1.0,1.0,1.0,1.0
roughness,low_to_high,3,93,10,0.9624730752147268,0.9886251672221693,0.9625471120527077,7.403683866823441e-05,2.0,2.0,2.0,40.8,57.6,40.8,1.0,1.0,1.0,1.0
roughness,low_to_high,3,96,10,0.9509618644110246,0.9911545344523702,0.9646664688414607,0.015368717147693122,1.9,2.0,2.0,43.2,52.8,40.8,0.9,0.8,0.8,1.0
roughness,low_to_high,3,99,10,0.9475112703054709,0.9904363149671361,0.9638523999019103,0.016399326986969796,1.9,2.0,2.0,48.0,52.8,43.2,0.9,0.9,0.9,1.0
roughness,low_to_high,3,102,10,0.9444253518142613,0.9880495742982832,0.9621984648217365,0.017775435925344207,1.9,2.0,2.0,36.0,57.6,40.8,0.9,0.9,0.9,1.0
roughness,low_to_high,3,105,10,0.9653233354075473,0.9827699756040271,0.9652364160030344,8.703693471068252e-05,2.2,2.0,2.2,38.4,55.2,38.4,1.0,1.0,1.0,1.0
roughness,low_to_high,3,108,10,0.9587230748752967,0.9818234559671695,0.9586637288243031,5.9856653922685245e-05,2.2,2.1,2.2,45.6,55.2,45.6,1.0,1.0,1.0,1.0
roughness,low_to_high,3,111,10,0.9615165939658358,0.9811152465909354,0.9614650912490271,6.871862023241082e-05,2.3,2.1,2.3,52.8,60.0,52.8,1.0,1.0,1.0,1.0
roughness,low_to_high,3,114,10,0.9586336924612237,0.98897767483379,0.9586180594381266,1.5638437188236766e-05,2.2,2.3,2.2,43.2,62.4,43.2,1.0,1.0,1.0,1.0
roughness,low_to_high,3,117,10,0.9619895833385567,0.9860402399541165,0.9619930442854423,7.542098352886218e-06,2.3,2.2,2.3,48.0,62.4,48.0,1.0,1.0,1.0,1.0
roughness,low_to_high,6,0,10,0.9768904695186809,0.9768904695186809,0.9580769302475878,0.0336528125465785,2.2,2.2,2.1,55.2,55.2,40.8,0.7,0.6,0.4,0.0
roughness,low_to_high,6,3,10,0.9792031158994344,0.9791913132618333,0.9611659750361119,0.03351122307667044,2.2,2.2,2.1,57.6,57.6,33.6,0.7,0.4,0.3,0.0625
roughness,low_to_high,6,6,10,0.9796272478617546,0.9795060696400574,0.9609052154338755,0.03554690834471798,2.2,2.2,2.1,57.6,57.6,33.6,0.7,0.4,0.3,0.125
roughness,low_to_high,6,9,10,0.9775931694461922,0.9770060013435724,0.9593268392479024,0.03382008722500046,2.1,2.1,2.1,60.0,60.0,38.4,0.8,0.3,0.2,0.16875
roughness,low_to_high,6,12,10,0.9805789862529422,0.977222491233649,0.9141135935624668,0.08090663191190889,2.0,1.9,1.9,50.4,50.4,33.6,0.7,0.4,0.2,0.29166666666666663
roughness,low_to_high,6,15,10,0.9793402964646469,0.9682428467078532,0.9251868810744439,0.06663970911431197,1.9,1.8,1.9,45.6,45.6,31.2,0.6,0.3,0.1,0.40625
roughness,low_to_high,6,18,10,0.9807765988426796,0.9710426960797001,0.9277571570945913,0.06401499905649483,2.2,1.9,1.9,55.2,50.4,36.0,0.6,0.4,0.3,0.4125
roughness,low_to_high,6,21,10,0.9801003052068434,0.9811999218056323,0.9300669145058931,0.0608160846950585,2.2,2.0,1.9,57.6,55.2,36.0,0.6,0.3,0.2,0.4375
roughness,low_to_high,6,24,10,0.9771563938785164,0.9824682124135551,0.9409054218513877,0.050324692998884965,2.2,2.0,2.0,60.0,57.6,36.0,0.6,0.3,0.2,0.4833333333333333
roughness,low_to_high,6,27,10,0.9765975146171945,0.9868714136649578,0.9362780544380911,0.054501128496963556,2.1,2.1,2.0,55.2,57.6,40.8,0.5,0.3,0.2,0.58125
roughness,low_to_high,6,30,10,0.9790462917710064,0.9881895437888375,0.9404303193795631,0.052480938594413586,2.3,2.1,2.0,60.0,57.6,40.8,0.5,0.4,0.3,0.5541666666666667
roughness,low_to_high,6,33,10,0.9800943512546674,0.9958192423851691,0.9511228334880514,0.043469759061399625,2.3,2.2,2.0,60.0,55.2,45.6,0.5,0.5,0.4,0.5895833333333333
roughness,low_to_high,6,36,10,0.9753883394182106,0.994734997098805,0.9519948602042524,0.04123608937113552,2.3,2.2,2.0,64.8,52.8,48.0,0.5,0.4,0.4,0.575
roughness,low_to_high,6,39,10,0.977749167758792,0.9874706056542342,0.9554219638732164,0.04255788585996388,2.4,2.1,2.0,62.4,55.2,45.6,0.4,0.3,0.2,0.6416666666666666
roughness,low_to_high,6,42,10,0.9502732848833816,0.9910486393397846,0.9641423923758703,0.03838571144853261,2.3,2.2,2.0,62.4,57.6,43.2,0.5,0.4,0.3,0.6833333333333333
roughness,low_to_high,6,45,10,0.9446368262286177,0.990073635378263,0.9474940840513583,0.02360413866771316,2.1,2.1,1.9,57.6,57.6,43.2,0.6,0.3,0.3,0.7625
roughness,low_to_high,6,48,10,0.9428214916424051,0.988908721440145,0.9433371098884307,0.02195963641066334,2.0,2.1,1.9,57.6,48.0,48.0,0.7,0.6,0.5,0.8
roughness,low_to_high,6,51,10,0.9418236851757247,0.9866638705892828,0.9708197517874428,0.044030594000087506,2.1,2.1,2.1,55.2,55.2,43.2,0.6,0.4,0.3,0.8541666666666667
roughness,low_to_high,6,54,10,0.9591454624165499,0.9885079700488835,0.9737644927993279,0.01732755231876759,2.1,2.0,2.1,52.8,52.8,38.4,0.8,0.4,0.4,0.9
roughness,low_to_high,6,57,10,0.9482509370307797,0.9908768220219837,0.9720447806706524,0.028886723784405856,2.0,2.0,2.1,50.4,52.8,38.4,0.7,0.4,0.4,0.9166666666666666
roughness,low_to_high,6,60,10,0.95068801012869,0.9922734642177649,0.9714369416975931,0.026015181350217166,1.9,2.0,2.1,43.2,52.8,40.8,0.8,0.6,0.6,0.9666666666666666
roughness,low_to_high,6,63,10,0.9478641005919147,0.9916275268542686,0.9710458568430415,0.02810408119447656,1.9,2.0,2.1,40.8,57.6,40.8,0.8,0.7,0.7,0.975
roughness,low_to_high,6,66,10,0.9382367011050816,0.9908410030149278,0.969079522701373,0.03880568893341595,1.9,2.1,2.2,40.8,55.2,40.8,0.8,0.4,0.4,0.975
roughness,low_to_high,6,69,10,0.9687750708142516,0.9910697055926422,0.9680669801219691,0.01063241850625749,2.1,2.1,2.1,33.6,52.8,38.4,0.8,0.7,0.7,0.9958333333333333
roughness,low_to_high,6,72,10,0.9645078859998325,0.9913393258506238,0.9676559877299844,0.010960685191257513,2.1,2.1,2.2,45.6,55.2,48.0,0.9,0.6,0.6,1.0
roughness,low_to_high,6,75,10,0.9687020280821196,0.992020055093733,0.9726944521358816,0.004914574855480647,2.2,2.0,2.3,43.2,55.2,48.0,0.9,0.9,0.9,1.0
roughness,low_to_high,6,78,10,0.9728939397993489,0.9916148919769567,0.9732768862751827,0.001175201475055576,2.3,2.0,2.3,43.2,52.8,43.2,1.0,1.0,1.0,1.0
roughness,low_to_high,6,81,10,0.9635512723104673,0.9904342575034084,0.9704018167951585,0.015305497216515796,2.2,2.0,2.2,50.4,52.8,43.2,0.8,0.8,0.7,1.0
roughness,low_to_high,6,84,10,0.968836692788328,0.9911291637153686,0.9604967083514122,0.008965981468063166,2.2,2.0,2.0,43.2,50.4,45.6,0.8,0.9,0.8,1.0
roughness,low_to_high,6,87,10,0.9719721312502078,0.9927274921585412,0.9684380095698103,0.003983297061262514,2.2,2.0,2.1,40.8,52.8,40.8,0.9,1.0,0.9,1.0
roughness,low_to_high,6,90,10,0.9558924390725914,0.9943386963745888,0.9718520284566374,0.01597082597281203,2.0,2.1,2.1,33.6,55.2,33.6,0.9,1.0,0.9,1.0
roughness,low_to_high,6,93,10,0.964166539626207,0.9928119415495168,0.9681509619222293,0.003984422296908219,2.0,2.1,2.1,36.0,52.8,36.0,0.9,1.0,0.9,1.0
roughness,low_to_high,6,96,10,0.9503228026074874,0.9930956484285804,0.9650388068705992,0.014716004263138094,1.9,2.0,2.0,40.8,50.4,36.0,0.9,0.9,0.9,1.0
roughness,low_to_high,6,99,10,0.952773261777549,0.9922436365997495,0.9674707399458168,0.014700782332744943,1.9,2.0,2.0,40.8,52.8,36.0,0.9,0.9,0.9,1.0
roughness,low_to_high,6,102,10,0.9311258188495668,0.9916937730622781,0.9716559017175577,0.04071301722036865,2.0,1.9,2.1,40.8,50.4,36.0,0.9,0.9,0.9,1.0
roughness,low_to_high,6,105,10,0.9345328606397498,0.9899106176389841,0.9722783298911555,0.03777069833983564,2.1,1.9,2.2,38.4,50.4,33.6,0.9,0.9,0.9,1.0
roughness,low_to_high,6,108,10,0.9697093450031746,0.9870635954433137,0.9696173189732882,9.300175428922364e-05,2.3,2.1,2.3,40.8,55.2,40.8,1.0,1.0,1.0,1.0
roughness,low_to_high,6,111,10,0.9556863551750754,0.9854978619915341,0.9591719143757244,0.003650839924053606,2.2,2.1,2.3,52.8,52.8,55.2,0.9,0.9,0.9,1.0
roughness,low_to_high,6,114,10,0.9597150509576524,0.9896261720700312,0.9591543633050709,0.000560754516820483,2.3,2.3,2.3,52.8,60.0,55.2,1.0,0.9,0.9,1.0
roughness,low_to_high,12,0,10,0.9769743306574965,0.9769743306574965,0.959707904674179,0.026568492415266064,2.1,2.1,2.1,57.6,57.6,40.8,0.8,0.4,0.3,0.0
roughness,low_to_high,12,3,10,0.9755419853359666,0.9755735626530655,0.9458014335365046,0.04701394381565975,2.2,2.2,2.0,60.0,60.0,36.0,0.6,0.4,0.2,0.05625
roughness,low_to_high,12,6,10,0.9763228568934826,0.9763412911864636,0.9615190973949959,0.03021945872081755,2.2,2.2,2.2,62.4,62.4,38.4,0.8,0.4,0.3,0.10833333333333332
roughness,low_to_high,12,9,10,0.9780491562324617,0.9779516029951587,0.960760666353862,0.03134198264789055,2.2,2.2,2.1,62.4,62.4,31.2,0.7,0.2,0.1,0.1625
roughness,low_to_high,12,12,10,0.9741929898541976,0.9761858683102558,0.9661232614006613,0.024233143715024587,2.0,2.1,2.1,60.0,60.0,38.4,0.9,0.4,0.3,0.225
roughness,low_to_high,12,15,10,0.9754498373079784,0.9753107541951389,0.9626821809858249,0.027952096480169886,2.0,2.0,2.1,57.6,55.2,45.6,0.9,0.4,0.3,0.29166666666666663
roughness,low_to_high,12,18,10,0.9601407975950476,0.9565950441116902,0.9151344922146067,0.05810016677834147,2.1,1.8,1.9,55.2,50.4,36.0,0.7,0.5,0.4,0.3875
roughness,low_to_high,12,21,10,0.9631049197964188,0.9622948312484638,0.9239499079218438,0.04920093835575136,2.1,1.9,1.9,55.2,52.8,40.8,0.7,0.6,0.4,0.4520833333333333
roughness,low_to_high,12,24,10,0.9636312458996233,0.9639096981666755,0.9308799766091665,0.042024247301975536,2.1,1.9,1.9,60.0,52.8,40.8,0.7,0.6,0.5,0.4833333333333333
roughness,low_to_high,12,27,10,0.9791434251863225,0.9823487494561058,0.9443726764764513,0.044900713160629435,2.3,2.1,2.1,69.6,57.6,43.2,0.6,0.4,0.4,0.39375
roughness,low_to_high,12,30,10,0.9776077057314698,0.9836140202875553,0.9478399413412323,0.04338974751811332,2.3,2.1,2.1,60.0,57.6,43.2,0.6,0.6,0.5,0.5541666666666667
roughness,low_to_high,12,33,10,0.9772781183608735,0.9823205411864,0.9451542956367402,0.04659076599008738,2.3,2.1,2.0,60.0,60.0,43.2,0.5,0.6,0.5,0.5895833333333333
roughness,low_to_high,12,36,10,0.9777566813044583,0.9838436396036061,0.948902818393444,0.04258433786232076,2.3,2.1,2.0,60.0,57.6,43.2,0.5,0.6,0.5,0.625
roughness,low_to_high,12,39,10,0.9764188468399413,0.9863168841087042,0.9530330505893826,0.0376798246615459,2.3,2.1,2.0,64.8,52.8,48.0,0.5,0.4,0.4,0.6145833333333333
roughness,low_to_high,12,42,10,0.9776405281675343,0.9877730713053732,0.9563269829920618,0.03880473791694936,2.4,2.1,2.0,64.8,52.8,52.8,0.4,0.5,0.3,0.6541666666666667
roughness,low_to_high,12,45,10,0.9498117215293028,0.9884801132637329,0.9554033720283408,0.042410959293026504,2.3,2.1,2.0,67.2,52.8,57.6,0.5,0.6,0.4,0.6875
roughness,low_to_high,12,48,10,0.9453450063143636,0.989836693582804,0.9612474260043878,0.05272523621997747,2.3,2.1,1.9,60.0,52.8,45.6,0.4,0.5,0.3,0.8
roughness,low_to_high,12,51,10,0.9390689832485906,0.990783245750681,0.9439625840595832,0.025736927316584068,2.1,2.1,1.9,60.0,52.8,43.2,0.6,0.5,0.4,0.825
roughness,low_to_high,12,54,10,0.9161287834489636,0.9860007041688931,0.9317768899455423,0.06053417053911795,2.0,2.1,1.9,50.4,55.2,55.2,0.5,0.6,0.3,0.9
roughness,low_to_high,12,57,10,0.9156516563014924,0.9859012162759667,0.9682100460560974,0.07401170015635275,2.0,2.1,2.1,50.4,57.6,48.0,0.5,0.5,0.4,0.9166666666666666
roughness,low_to_high,12,60,10,0.9179098948402507,0.98711022779682,0.9717008930315304,0.06429922875566588,1.9,2.0,2.1,48.0,57.6,43.2,0.6,0.5,0.4,0.9666666666666668
roughness,low_to_high,12,63,10,0.9230083251179819,0.9917725617922093,0.9691505331558712,0.060153332632086595,1.9,2.0,2.1,50.4,55.2,45.6,0.6,0.6,0.5,0.9625
roughness,low_to_high,12,66,10,0.9488106631189851,0.9933747814141233,0.9708906744250336,0.03318035453099336,2.0,2.1,2.2,48.0,60.0,45.6,0.7,0.6,0.5,0.975
roughness,low_to_high,12,69,10,0.9440348555648385,0.9943851659714052,0.9698614344573713,0.03645697696162535,2.0,2.1,2.2,45.6,60.0,45.6,0.7,0.7,0.6,0.9875
roughness,low_to_high,12,72,10,0.9311062764167801,0.9926347842755534,0.9684592046509248,0.046050573012568874,2.0,2.1,2.3,50.4,64.8,50.4,0.8,0.5,0.5,1.0
roughness,low_to_high,12,75,10,0.9624469058620783,0.9925831260222739,0.9707142245964514,0.019940402157586735,2.2,2.1,2.3,50.4,64.8,45.6,0.8,0.3,0.3,1.0
roughness,low_to_high,12,78,10,0.9640410615821444,0.9919322543490976,0.97207263900709,0.01629667223723903,2.3,2.1,2.2,50.4,62.4,45.6,0.7,0.7,0.6,1.0
roughness,low_to_high,12,81,10,0.9733764790014513,0.9909417391319184,0.9785584721584684,0.0063396924683175706,2.4,2.0,2.3,57.6,62.4,48.0,0.9,0.6,0.6,1.0
roughness,low_to_high,12,84,10,0.9771406163837095,0.9906083467122275,0.9746610064635093,0.005739998217706377,2.3,2.0,2.2,48.0,60.0,45.6,0.9,0.9,0.8,1.0
roughness,low_to_high,12,87,10,0.9795671108223285,0.9899344640616574,0.9759698102557156,0.00439212139098083,2.3,2.0,2.2,45.6,57.6,45.6,0.9,1.0,0.9,1.0
roughness,low_to_high,12,90,10,0.9087940131881342,0.9882862566685947,0.9776265029919247,0.07631618184806566,2.1,2.0,2.2,48.0,64.8,45.6,0.7,0.8,0.7,1.0
roughness,low_to_high,12,93,10,0.9082962276175325,0.9919664469297629,0.9774014004519721,0.06958862237781928,2.0,2.0,2.2,48.0,55.2,43.2,0.8,0.9,0.8,1.0
roughness,low_to_high,12,96,10,0.9592925338296713,0.9938336773086383,0.9783013847973789,0.01905332011252945,2.1,2.1,2.2,43.2,57.6,38.4,0.9,0.9,0.9,1.0
roughness,low_to_high,12,99,10,0.9486677043970747,0.9900707353074225,0.9666944498287489,0.01802674543169508,1.9,2.0,2.0,40.8,60.0,38.4,0.9,0.8,0.8,1.0
roughness,low_to_high,12,102,10,0.949076925425933,0.9880850106789275,0.9663756444886852,0.017380357278101333,1.9,1.9,2.0,40.8,62.4,38.4,0.9,0.8,0.8,1.0
roughness,low_to_high,12,105,10,0.914058240809325,0.9901117248933563,0.9739930337451888,0.06017446035329895,1.9,2.0,2.1,45.6,62.4,36.0,0.8,0.8,0.8,1.0
roughness,low_to_high,12,108,10,0.9306509859143969,0.9931558429647606,0.9726710376748227,0.04207756106195167,2.0,2.0,2.1,40.8,57.6,36.0,0.9,0.9,0.9,1.0
