mechanism,path,horizon,seed,period,n_blocks,adaptive_mse,frozen_local_mse,frozen_all_pre_mse,benchmark_mse,adaptive_advantage_vs_frozen_local,adaptive_advantage_vs_frozen_all_pre
noise_scale,high_to_low,1,390,all_post,40,0.11630405913272321,0.11606972802751145,0.11124375731636975,0.16904375638070648,-0.00023433110521174915,-0.005060301816353455
noise_scale,high_to_low,1,390,early,12,0.10330781577938096,0.07568108431138687,0.07617672292578341,0.2304590086488747,-0.027626731467994076,-0.027131092853597535
noise_scale,high_to_low,1,390,late,16,0.11782852421358522,0.1294712643973204,0.12377095474480787,0.1059490096147094,0.011642740183735172,0.00594243053122264
noise_scale,high_to_low,1,390,mid,12,0.1272676823782494,0.13858965658389077,0.1296078618023719,0.19175483313386768,0.011321974205641364,0.0023401794241224906
noise_scale,high_to_low,1,391,all_post,40,0.13868226724685556,0.2789777610268981,0.14798285863507263,0.14675897992836137,0.14029549378004255,0.00930059138821707
noise_scale,high_to_low,1,391,early,12,0.24810763963399943,0.38832745979222244,0.2128961968325365,0.1837688309608065,0.14021982015822307,-0.03521144280146293
noise_scale,high_to_low,1,391,late,16,0.07847437364943374,0.2201921687347652,0.11178503282364494,0.08399382519401605,0.14171779508533144,0.033310659174211193
noise_scale,high_to_low,1,391,mid,12,0.1095340863229408,0.24800885198441766,0.13133328818617904,0.1934360018750433,0.13847476566147687,0.021799201863238252
noise_scale,high_to_low,1,392,all_post,40,0.14067728565316912,0.11673068191405381,0.48713724223363875,0.15994257913869994,-0.02394660373911528,0.3464599565804697
noise_scale,high_to_low,1,392,early,12,0.16169479908423692,0.10658742324068893,0.5834128918883147,0.22445514973807257,-0.05510737584354802,0.4217180928040778
noise_scale,high_to_low,1,392,late,16,0.13430019955405748,0.11651894362558145,0.2937060196699943,0.10677033271244699,-0.017781255928476,0.15940582011593687
noise_scale,high_to_low,1,392,mid,12,0.12816255368758347,0.12715625830538188,0.6487698893304887,0.16632633710766462,-0.0010062953822015982,0.5206073356429053
noise_scale,high_to_low,1,393,all_post,40,0.11115993434609799,0.11973951583694982,0.15024695735948854,0.15483629010614997,0.008579581490851819,0.03908702301339053
noise_scale,high_to_low,1,393,early,12,0.13987402633474905,0.1894534986300953,0.21994080995291734,0.2186865265930321,0.04957947229534627,0.08006678361816832
noise_scale,high_to_low,1,393,late,16,0.11620761356111488,0.09651434234881794,0.15201002473091516,0.08378426680186132,-0.019693271212296942,0.035802411169800256
noise_scale,high_to_low,1,393,mid,12,0.07571560340409107,0.08099243102798014,0.07820234827082422,0.18572208469165272,0.005276827623889049,0.002486744866733137
noise_scale,high_to_low,1,394,all_post,40,0.09919533885073241,0.5426987941177046,0.10599496108633233,0.17009997615596736,0.4435034552669723,0.006799622235599934
noise_scale,high_to_low,1,394,early,12,0.16060424008395838,0.7322624891091438,0.17554463004922852,0.3189372212821153,0.5716582490251855,0.014940389965270133
noise_scale,high_to_low,1,394,late,16,0.08639448106800782,0.5132081345612332,0.07625987796977235,0.10957401329340966,0.4268136534932253,-0.010134603098235481
noise_scale,high_to_low,1,394,mid,12,0.05485424799447255,0.3924559785348943,0.07609206961218283,0.10196401484656303,0.3376017305404217,0.021237821617710286
noise_scale,high_to_low,1,395,all_post,40,0.12878418970736125,0.1767660929271957,0.15692331088707934,0.12581385105540946,0.04798190321983441,0.0281391211797181
noise_scale,high_to_low,1,395,early,12,0.16830362944443467,0.20317944093599058,0.20307061295654058,0.1695457743289186,0.034875811491555865,0.034766983512105915
noise_scale,high_to_low,1,395,late,16,0.10502357365242967,0.23010128885372289,0.17986452365699185,0.08264206005659434,0.1250777152012932,0.07484095000456219
noise_scale,high_to_low,1,395,mid,12,0.12094557137686333,0.07923915034969786,0.08018772512440145,0.13964431578032047,-0.04170642102716545,-0.040757846252461864
noise_scale,high_to_low,1,396,all_post,40,0.10927100727688366,0.15517839158238358,0.08270115435846151,0.09153712951541267,0.04590738430549995,-0.026569852918422156
noise_scale,high_to_low,1,396,early,12,0.16580588186172568,0.29451394516896645,0.09873612407462735,0.09092984177374154,0.12870806330724077,-0.06706975778709835
noise_scale,high_to_low,1,396,late,16,0.053276161549365486,0.05312424827155506,0.05586300184060316,0.04054351763169618,-0.00015191327781042055,0.0025868402912376676
noise_scale,high_to_low,1,396,mid,12,0.12739592699539917,0.15191502907690546,0.1024503879994401,0.1601358997687058,0.024519102081506292,-0.02494553899595908
noise_scale,high_to_low,1,397,all_post,40,0.09550095939968592,0.09449677887339768,0.0944991911736585,0.22132571211796,-0.0010041805262882384,-0.0010017682260274065
noise_scale,high_to_low,1,397,early,12,0.10779643208583073,0.08471869656467884,0.08475171989728496,0.33682132285416366,-0.02307773552115193,-0.023044712188545802
noise_scale,high_to_low,1,397,late,16,0.11017677764423311,0.12958798100733587,0.12956192232659813,0.1791148345351755,0.01941120336310276,0.019385144682365015
noise_scale,high_to_low,1,397,mid,12,0.06363772905414482,0.057486591670198935,0.057496354246112574,0.1621112714921357,-0.006151137383945876,-0.006141374808032243
noise_scale,high_to_low,1,398,all_post,40,0.10910020385461668,0.19623311901930163,0.08277709221979632,0.23844313415917365,0.08713291516468498,-0.026323111634820356
noise_scale,high_to_low,1,398,early,12,0.13038758067528067,0.12938348090403876,0.0882354562278732,0.36535294625928105,-0.0010040997712418762,-0.04215212444740743
noise_scale,high_to_low,1,398,late,16,0.08914188185569036,0.23324408852695616,0.08678004916688906,0.24271950046566718,0.1441022066712658,-0.0023618326888013106
noise_scale,high_to_low,1,398,mid,12,0.11442392303252114,0.2137347977910252,0.07198145228226246,0.10583150031707467,0.09931087475850402,-0.04244247075025869
noise_scale,high_to_low,1,399,all_post,40,0.10530193538027673,0.1183917598477205,0.12233985193270032,0.20488276379805023,0.013089824467443755,0.017037916552423583
noise_scale,high_to_low,1,399,early,12,0.12787295251347117,0.15868262086432286,0.16880216049690297,0.12923407073817603,0.030809668350851697,0.04092920798343177
noise_scale,high_to_low,1,399,late,16,0.07716459845985352,0.09068338943989929,0.09036794527597691,0.23944122482761832,0.013518790980045776,0.013203346816123403
noise_scale,high_to_low,1,399,mid,12,0.12024736747431324,0.11504539270821303,0.11850675224412888,0.23445350881850038,-0.005201974766100205,-0.0017406152301843517
noise_scale,high_to_low,3,390,all_post,40,0.11262949548735643,0.11007830735964722,0.10655503873292153,0.34083525168409945,-0.0025511881277092267,-0.0060744567544348945
noise_scale,high_to_low,3,390,early,12,0.11534519218673117,0.10162326223101519,0.10628267736667973,0.3486502026299742,-0.013721929955716005,-0.009062514820051453
noise_scale,high_to_low,3,390,late,16,0.11336725619016184,0.10329699554399262,0.10184967710236514,0.3164054265784906,-0.010070260646169237,-0.011517579087796707
noise_scale,high_to_low,3,390,mid,12,0.10893011785090782,0.12757510157581875,0.11310121560657192,0.36559340087903647,0.018644983724910903,0.004171097755664079
noise_scale,high_to_low,3,391,all_post,40,0.10065622221086892,0.12885097399475234,0.12973010403226976,0.13365066442204815,0.02819475178388342,0.029073881821400867
noise_scale,high_to_low,3,391,early,12,0.14747477840552126,0.1602495523335253,0.16143206311979058,0.15162490019025257,0.012774773928004015,0.013957284714269316
noise_scale,high_to_low,3,391,late,16,0.06908852949031012,0.10717143859105545,0.10791404897110442,0.07551255486774358,0.03808290910074533,0.038825519480794296
noise_scale,high_to_low,3,391,mid,12,0.09592792297696164,0.12635844286090858,0.12711621835963613,0.19319390805958317,0.03043051988394695,0.03118829538267452
noise_scale,high_to_low,3,392,all_post,40,0.1377075905888604,0.34568620774760506,0.5692131597083131,0.22798683519385285,0.20797861715874463,0.43150556911945265
noise_scale,high_to_low,3,392,early,12,0.1982898020134396,0.436982605911294,0.6804562913527031,0.32829007468908894,0.23869280389785444,0.4821664893392635
noise_scale,high_to_low,3,392,late,16,0.11978357326097172,0.2219172950860433,0.36739879893255256,0.1533570691227008,0.10213372182507158,0.24761522567158087
noise_scale,high_to_low,3,392,mid,12,0.10102406893479948,0.41941502646599843,0.7270558424316037,0.2271899504601529,0.3183909575311989,0.6260317734968043
noise_scale,high_to_low,3,393,all_post,40,0.1292001883579348,0.18866768966413805,0.21127617263494325,0.1873472334969239,0.05946750130620326,0.08207598427700845
noise_scale,high_to_low,3,393,early,12,0.14628200893031695,0.1764315046083477,0.20680769290063036,0.16206875987684063,0.030149495678030765,0.06052568397031342
noise_scale,high_to_low,3,393,late,16,0.1022258870014305,0.2115120167533905,0.23675555607085796,0.14624462914333702,0.10928612975196,0.13452966906942743
noise_scale,high_to_low,3,393,mid,12,0.1480841029275583,0.17044477193425844,0.18177214112136983,0.2674291795884564,0.02236066900670011,0.033688038193811505
noise_scale,high_to_low,3,394,all_post,40,0.08584407884619757,0.5037434653133908,0.13594295547871765,0.161924492939945,0.41789938646719327,0.050098876632520085
noise_scale,high_to_low,3,394,early,12,0.14601501391900623,0.5624195411908531,0.19869022454236204,0.27295439525921456,0.41640452727184707,0.052675210623355805
noise_scale,high_to_low,3,394,late,16,0.06448401405195121,0.5653628036265366,0.09209178956942565,0.1315455139193483,0.5008787895745853,0.02760777551747444
noise_scale,high_to_low,3,394,mid,12,0.05415323016571739,0.3629082716850675,0.1316639076274626,0.0913998959814711,0.30875504151935007,0.07751067746174523
noise_scale,high_to_low,3,395,all_post,40,0.11381937192467481,0.1803315466236669,0.1242800482926995,0.164614864481288,0.06651217469899207,0.010460676368024677
noise_scale,high_to_low,3,395,early,12,0.14153866403606014,0.16809852645094492,0.1012203770245881,0.2207097908301575,0.02655986241488477,-0.04031828701147205
noise_scale,high_to_low,3,395,late,16,0.0969753324541211,0.25322125168387183,0.17559669735046407,0.07770500640969621,0.1562459192297507,0.07862136489634297
noise_scale,high_to_low,3,395,mid,12,0.10855879910736112,0.09537829338278232,0.07891752081712478,0.22439974889454095,-0.013180505724578817,-0.02964127829023633
noise_scale,high_to_low,3,396,all_post,40,0.07980051724355966,0.074531615977713,0.08050205964201453,0.11048775831594967,-0.005268901265846651,0.0007015423984548588
noise_scale,high_to_low,3,396,early,12,0.10798749612333441,0.07762108208706939,0.1293169602286003,0.1391318865307435,-0.03036641403626501,0.02132946410526591
noise_scale,high_to_low,3,396,late,16,0.04625736881983379,0.05223056341024332,0.05232428418716745,0.07827451007082337,0.0059731945904095175,0.00606691536733365
noise_scale,high_to_low,3,396,mid,12,0.0963377362620861,0.1011768866249829,0.06925752632855818,0.12479462776132427,0.004839150362896814,-0.027080209933527916
noise_scale,high_to_low,3,397,all_post,40,0.07957486027523304,0.06922666163730079,0.07092487995134969,0.45558584683087966,-0.010348198637932243,-0.008649980323883344
noise_scale,high_to_low,3,397,early,12,0.10543908735637784,0.0752281185615831,0.07439017851263406,0.5408355486531252,-0.030210968794794745,-0.03104890884374377
noise_scale,high_to_low,3,397,late,16,0.08843034998191254,0.08334179134446149,0.08688952660410727,0.4254668494089857,-0.005088558637451054,-0.0015408233778052569
noise_scale,high_to_low,3,397,mid,12,0.04190331358518221,0.044405031770137555,0.046173385853055186,0.4104948082378263,0.002501718184955338,0.004270072267872969
noise_scale,high_to_low,3,398,all_post,40,0.12176432120634954,0.18173582107118783,0.10626925221864587,0.36154689643614224,0.059971499864838275,-0.015495068987703661
noise_scale,high_to_low,3,398,early,12,0.11441801803654074,0.11084511331505352,0.08879728619276682,0.4477541796610757,-0.003572904721487223,-0.02562073184377392
noise_scale,high_to_low,3,398,late,16,0.12781043322045132,0.198287770618846,0.11814503517565916,0.38609305482495104,0.07047733739839467,-0.009665398044792148
noise_scale,high_to_low,3,398,mid,12,0.12104914169068925,0.23055726276377783,0.10790684096850718,0.2426114020261305,0.10950812107308855,-0.013142300722182086
noise_scale,high_to_low,3,399,all_post,40,0.10188147096244356,0.15083279242998082,0.15083279242998082,0.36471125558820405,0.04895132146753726,0.04895132146753726
noise_scale,high_to_low,3,399,early,12,0.12084689848117693,0.25290498690684104,0.25290498690684104,0.3593505571001277,0.13205808842566416,0.13205808842566416
noise_scale,high_to_low,3,399,late,16,0.1025869813654303,0.1265122637783604,0.1265122637783604,0.3697560693260594,0.023925282412930085,0.023925282412930085
noise_scale,high_to_low,3,399,mid,12,0.08197536290639452,0.08118796948861444,0.08118796948861444,0.36334553575913997,-0.0007873934177800903,-0.0007873934177800903
noise_scale,high_to_low,6,390,all_post,39,0.13623216555829099,0.12315489888246803,0.11971859351744175,0.8424102835148258,-0.013077266675822923,-0.01651357204084919
noise_scale,high_to_low,6,390,early,12,0.12371687623607547,0.10263883404269679,0.11106816530341364,0.8701955422280653,-0.021078042193378704,-0.012648710932661853
noise_scale,high_to_low,6,390,late,15,0.1399897298024154,0.11308901447346585,0.11315364402105714,0.7273486585968514,-0.02690071532894956,-0.02683608578135827
noise_scale,high_to_low,6,390,mid,12,0.1440504995753509,0.15625331923349206,0.13657520860195074,0.9584520559490536,0.012202819658141148,-0.0074752909734001685
noise_scale,high_to_low,6,391,all_post,39,0.1313388733399148,0.18208418394660908,0.17965239914967188,0.14895302284478726,0.05074531060669425,0.048313525809757056
noise_scale,high_to_low,6,391,early,12,0.21842028653106105,0.23788187589797205,0.23487001552815687,0.19463592467962285,0.019461589366911006,0.016449728997095816
noise_scale,high_to_low,6,391,late,15,0.08009952439623991,0.15293427660963058,0.15070485383736457,0.09039712259805094,0.07283475221339068,0.07060532944112467
noise_scale,high_to_low,6,391,mid,12,0.10830664632836222,0.16272387616646922,0.16061921441157104,0.17646499631837212,0.05441722983810699,0.052312568083208805
noise_scale,high_to_low,6,392,all_post,39,0.1711844025321837,0.5079764978821506,0.819725330144223,0.43055004147787584,0.33679209534996685,0.6485409276120392
noise_scale,high_to_low,6,392,early,12,0.24921596060647136,0.6838235580777902,1.0261085303722277,0.6122993877192543,0.4346075974713189,0.7768925697657565
noise_scale,high_to_low,6,392,late,15,0.16418524828686035,0.30068303947168545,0.4905199307293401,0.2786855187622639,0.1364977911848251,0.32633468244247976
noise_scale,high_to_low,6,392,mid,12,0.10190178726455028,0.5912462606995922,1.024848879184822,0.4386313486310121,0.48934447343504184,0.9229470919202719
noise_scale,high_to_low,6,393,all_post,39,0.16510040795471276,0.27463566031075065,0.2839732803665515,0.29154236714090837,0.10953525235603784,0.1188728724118388
noise_scale,high_to_low,6,393,early,12,0.21280617509796307,0.28180926590923344,0.29628454045073843,0.24341888701595535,0.06900309081127041,0.08347836535277535
noise_scale,high_to_low,6,393,late,15,0.15658460608713753,0.30430139545077783,0.3104867350043295,0.3178392848141869,0.1477167893636403,0.153902128917192
noise_scale,high_to_low,6,393,mid,12,0.1280393931459314,0.23037988578723356,0.23852020198514212,0.3067947001742631,0.10234049264130222,0.11048080883921076
noise_scale,high_to_low,6,394,all_post,39,0.15654993103189893,0.621544520535543,0.21128676274988223,0.2247072945118589,0.46499458950364425,0.054736831717983346
noise_scale,high_to_low,6,394,early,12,0.3380389260638043,0.666863892552383,0.29334258520148054,0.26065871977670935,0.32882496648857873,-0.044696340862323734
noise_scale,high_to_low,6,394,late,15,0.07298396809758688,0.7374651003483503,0.15944534451626963,0.26945176619896666,0.6644811322507634,0.08646137641868272
noise_scale,high_to_low,6,394,mid,12,0.07951838966788348,0.4313244237526941,0.1940327130902997,0.13282527963812388,0.35180603408481065,0.11451432342241626
noise_scale,high_to_low,6,395,all_post,39,0.2058495469599427,0.262106643212461,0.17270470736626883,0.28957018835793535,0.056257096252518325,-0.03314483959367392
noise_scale,high_to_low,6,395,early,12,0.1944460184102649,0.2889639371564411,0.11618452871930367,0.4150255002945947,0.09451791874617617,-0.07826148969096125
noise_scale,high_to_low,6,395,late,15,0.26241865983785206,0.3475331903185207,0.27069397997259165,0.11239734574503195,0.08511453048066868,0.00827532013473959
noise_scale,high_to_low,6,395,mid,12,0.14654168441223384,0.12846616538590636,0.10673829525533036,0.38558092968740537,-0.018075519026327477,-0.039803389156903464
noise_scale,high_to_low,6,396,all_post,39,0.08130414377731278,0.09984892854957167,0.10526198993076996,0.13306506490639106,0.018544784772258904,0.023957846153457196
noise_scale,high_to_low,6,396,early,12,0.10028483051504504,0.16467989647145137,0.17856334802905213,0.14902093187829793,0.06439506595640636,0.07827851751400712
noise_scale,high_to_low,6,396,late,15,0.047867850215026236,0.05929376048068514,0.06187671788102655,0.12074341121864313,0.01142591026565891,0.014008867666000313
noise_scale,high_to_low,6,396,mid,12,0.10411882399243871,0.08571192071380014,0.08619222189466709,0.1325112650441691,-0.01840690327863857,-0.017926602097771627
noise_scale,high_to_low,6,397,all_post,39,0.07786102674707364,0.0694995207027355,0.07175918755750281,1.270975039033426,-0.008361506044338144,-0.006101839189570861
noise_scale,high_to_low,6,397,early,12,0.09872518455266675,0.07263696056289391,0.06532748389847107,1.4050356045935402,-0.026088223989772823,-0.03339770065419568
noise_scale,high_to_low,6,397,late,15,0.08481603598789964,0.08408513427721263,0.09311672328347297,1.205615091553295,-0.0007309017106870093,0.00830068729557334
noise_scale,high_to_low,6,397,mid,12,0.0483031073904481,0.04813006387448073,0.05149397155907181,1.218614407823475,-0.0001730435159673771,0.003190864168623709
noise_scale,high_to_low,6,398,all_post,39,0.1453789094756701,0.2471657163290582,0.12071599021615163,0.7144486463695652,0.10178680685338817,-0.02466291925951844
noise_scale,high_to_low,6,398,early,12,0.12535588321531513,0.12866528457074358,0.09043904159421207,0.9689674470553317,0.0033094013554284367,-0.03491684162110307
noise_scale,high_to_low,6,398,late,15,0.15233126834463614,0.28241059805235963,0.14815355764915586,0.6682839017694575,0.1300793297077235,-0.004177710695480298
noise_scale,high_to_low,6,398,mid,12,0.1567114871498174,0.32161004593324616,0.11669597954683592,0.5176357764339331,0.16489855878342877,-0.04001550760298147
noise_scale,high_to_low,6,399,all_post,39,0.17902687133671222,0.19541712620852023,0.19541712620852023,0.8572213049017936,0.016390254871807994,0.016390254871807994
noise_scale,high_to_low,6,399,early,12,0.33457751073225106,0.34893830510835655,0.34893830510835655,1.0051694263810322,0.014360794376105546,0.014360794376105546
noise_scale,high_to_low,6,399,late,15,0.12237564169172793,0.14725525439742304,0.14725525439742304,0.7903224488434691,0.0248796127056951,0.0248796127056951
noise_scale,high_to_low,6,399,mid,12,0.09429026899740373,0.1020982870725553,0.1020982870725553,0.7928967534954606,0.007808018075151577,0.007808018075151577
noise_scale,high_to_low,12,390,all_post,37,0.16316769769742265,0.13892741102253375,0.14508185693682096,2.7046856575459284,-0.0242402866748889,-0.018085840760601688
noise_scale,high_to_low,12,390,early,12,0.13699441798064652,0.11201899001376531,0.12735343332008184,2.847764632557778,-0.024975427966881195,-0.009640984660564683
noise_scale,high_to_low,12,390,late,13,0.16305041675865928,0.10294241635414916,0.11528527712137121,2.3517441429073145,-0.06010800040451015,-0.047765139637288075
noise_scale,high_to_low,12,390,mid,12,0.18946803176452576,0.2048195762553855,0.195089908686964,2.943959990059246,0.01535154449085973,0.005621876922438227
noise_scale,high_to_low,12,391,all_post,37,0.24252919013242982,0.2819686334652326,0.2864081829921842,0.22531885068699017,0.039439443332802804,0.0438789928597544
noise_scale,high_to_low,12,391,early,12,0.38471769618231066,0.38919481907237485,0.39471085202838463,0.30623787529239405,0.004477122890064161,0.00999315584607398
noise_scale,high_to_low,12,391,late,13,0.12758442607732493,0.2482399656432051,0.25252460492874074,0.16757414235001808,0.12065553956588018,0.12494017885141587
noise_scale,high_to_low,12,391,mid,12,0.22486417847557919,0.2112818379986202,0.21481272352471412,0.20695659344663941,-0.013582340476959056,-0.010051454950865091
noise_scale,high_to_low,12,392,all_post,37,0.3833577476086898,1.4538258660485595,1.7788461346953295,1.157878004886077,1.0704681184398694,1.3954883870866401
noise_scale,high_to_low,12,392,early,12,0.6747389244377288,1.8497079828215863,2.202979581298322,1.5278270139196175,1.1749690583838575,1.5282406568605926
noise_scale,high_to_low,12,392,late,13,0.35749000855958624,0.7682733339555118,0.9678936735194521,0.6601604720888958,0.4107833253959256,0.6104036649598659
noise_scale,high_to_low,12,392,mid,12,0.11999995474951285,1.8006256590430014,2.233244521032872,1.3271229897161503,1.6806257042934885,2.1132445662833583
noise_scale,high_to_low,12,393,all_post,37,0.33928042973265726,0.3971485019044601,0.4220445263000521,0.654761723444633,0.0578680721718028,0.08276409656739488
noise_scale,high_to_low,12,393,early,12,0.4491330079310813,0.4091321021116518,0.4579170991677217,0.5648841658585073,-0.04000090581942945,0.008784091236640479
noise_scale,high_to_low,12,393,late,13,0.3670759897287104,0.46763079350959996,0.47389949400691384,0.9364376688460729,0.10055480378088949,0.10682350427820343
noise_scale,high_to_low,12,393,mid,12,0.19931599487184237,0.30880908579170024,0.3299957384166157,0.43949034017919936,0.10949309091985776,0.1306797435447733
noise_scale,high_to_low,12,394,all_post,37,0.33624114461517907,0.9194013276846712,0.38966391850853127,0.47672288575231225,0.583160183069492,0.05342277389335216
noise_scale,high_to_low,12,394,early,12,0.7386451154357099,0.8922190362128268,0.47603044482339496,0.2807462615108583,0.1535739207771169,-0.26261467061231497
noise_scale,high_to_low,12,394,late,13,0.10323054913496524,1.1892380642154325,0.3414025462030735,0.7834158511627424,1.0860075150804673,0.23817199706810815
noise_scale,high_to_low,12,394,mid,12,0.18626531889821327,0.6542604879148571,0.3555805455245801,0.34044879746580053,0.46799516901664395,0.1693152266263669
noise_scale,high_to_low,12,395,all_post,37,0.6000979470665632,0.5764462432916766,0.3082742568395423,0.7256515063858291,-0.023651703774886443,-0.2918236902270207
noise_scale,high_to_low,12,395,early,12,0.4276737842707358,0.5971580184669334,0.15302550262951062,1.1783361571435147,0.16948423419619754,-0.2746482816412252
noise_scale,high_to_low,12,395,late,13,1.0334738860221608,0.8706409248185613,0.5417574765069384,0.1794674023124233,-0.1628329612035997,-0.4917164095152228
noise_scale,high_to_low,12,395,mid,12,0.30303150932715917,0.23702356312896122,0.21058285640989494,0.8646663017076667,-0.06600794619819789,-0.09244865291726423
noise_scale,high_to_low,12,396,all_post,37,0.17043759485536727,0.19514194955414002,0.16439014354640114,0.237804404756942,0.024704354698772735,-0.0060474513089661276
noise_scale,high_to_low,12,396,early,12,0.3319858672674541,0.3228544920131812,0.2324071860374687,0.2734089613749211,-0.009131375254272983,-0.09957868122998544
noise_scale,high_to_low,12,396,late,13,0.06964309244755437,0.08049940351272666,0.0799310770048022,0.2747423452441439,0.01085631106517229,0.010287984557247831
noise_scale,high_to_low,12,396,mid,12,0.118083366718411,0.19162549863996325,0.18787042314206573,0.1621837459444941,0.07354213192155225,0.06978705642365472
noise_scale,high_to_low,12,397,all_post,37,0.08789379219547348,0.07740850386706855,0.07842873171601507,4.309595209483863,-0.010485288328404938,-0.009465060479458408
noise_scale,high_to_low,12,397,early,12,0.11341064686635575,0.08199971658438425,0.07866874808097592,4.558758917990395,-0.0314109302819715,-0.03474189878537981
noise_scale,high_to_low,12,397,late,13,0.10093328444276438,0.1012819530738278,0.10558049323276503,4.20076970081415,0.0003486686310633967,0.004647208790000635
noise_scale,high_to_low,12,397,mid,12,0.04825082092335938,0.04695438784243031,0.04877430704124174,4.178325802036186,-0.0012964330809290695,0.0005234861178823512
noise_scale,high_to_low,12,398,all_post,37,0.2020192214352185,0.37103520548822533,0.15045036794617336,1.949788960713466,0.16901598405300683,-0.051568853489045094
noise_scale,high_to_low,12,398,early,12,0.13314569347307284,0.15877306455673454,0.09511283372490975,2.745255977035727,0.02562737108366171,-0.03803285974816309
noise_scale,high_to_low,12,398,late,13,0.18749847122305405,0.4137646513798111,0.16507514145936628,1.7286091269486976,0.2262661801567571,-0.022423329763687775
noise_scale,high_to_low,12,398,mid,12,0.2866235621272089,0.5370071133704979,0.1899443975281446,1.3939334309697031,0.2503835512432891,-0.09667916459906424
noise_scale,high_to_low,12,399,all_post,37,0.34186613643075964,0.3337691387322151,0.3337691387322151,2.764348121723001,-0.008096997698544476,-0.008096997698544476
noise_scale,high_to_low,12,399,early,12,0.6136880977517803,0.6368599317956952,0.6368599317956952,3.4961799369758317,0.023171834043914905,0.023171834043914905
noise_scale,high_to_low,12,399,late,13,0.23884509770333812,0.22509247335751092,0.22509247335751092,2.3398699382317334,-0.013752624345827176,-0.013752624345827176
noise_scale,high_to_low,12,399,mid,12,0.18165030039777896,0.1484113998246647,0.1484113998246647,2.4923676719190455,-0.03323890057311427,-0.03323890057311427
noise_scale,low_to_high,1,390,all_post,40,0.8991492649369122,0.8635242472619282,0.8780946025122095,1.0733147579998952,-0.03562501767498376,-0.02105466242470238
noise_scale,low_to_high,1,390,early,12,0.7182199971431161,0.7713627441669518,0.7801003880673966,1.448171366585868,0.05314274702383561,0.061880390924280416
noise_scale,low_to_high,1,390,late,16,1.026597472621614,0.9865879707638321,0.9702574060218339,0.8017847263145137,-0.040009501857781946,-0.05634006659978017
noise_scale,low_to_high,1,390,mid,12,0.910147589151105,0.7916007856876995,0.8532050789441904,1.0604981916610983,-0.11854680346340556,-0.056942510206914786
noise_scale,low_to_high,1,391,all_post,40,0.8768513775609014,0.8636110159561394,0.8660912483282424,1.2984445982422967,-0.01324036160476209,-0.010760129232658887
noise_scale,low_to_high,1,391,early,12,1.2475941297710478,1.1016659668875564,1.1037236351227275,1.574742940029168,-0.1459281628834914,-0.14387049464832022
noise_scale,low_to_high,1,391,late,16,0.5895150599655138,0.6518791870428491,0.6533224567538864,0.751159498919935,0.06236412707733517,0.06380739678837273
noise_scale,low_to_high,1,391,mid,12,0.8892237154779385,0.9078651702424428,0.9121505836328988,1.751859722218575,0.018641454764504194,0.022926868154960273
noise_scale,low_to_high,1,392,all_post,40,0.9199300926752306,0.9374815726607266,0.8563489077667933,1.0457247469682405,0.017551479985496075,-0.06358118490843723
noise_scale,low_to_high,1,392,early,12,0.7300158227954642,0.6703554266714312,0.7619896060564547,0.886676350636844,-0.0596603961240329,0.031973783260990686
noise_scale,low_to_high,1,392,late,16,0.8835898312519143,0.9721413171397977,0.7707344386100491,0.9153837042885017,0.08855148588788334,-0.11285539264186516
noise_scale,low_to_high,1,392,mid,12,1.1582980444527522,1.158394726011261,1.0648608350194577,1.3785612002059555,9.668155850870877e-05,-0.09343720943329471
noise_scale,low_to_high,1,393,all_post,40,0.5939753319296937,0.7179387480927636,0.6625097903224508,1.1120988732257053,0.12396341616307001,0.06853445839275733
noise_scale,low_to_high,1,393,early,12,0.6035483373295348,0.7818137998958886,0.760017820317326,1.0777241284954828,0.17826546256635376,0.15646948298779118
noise_scale,low_to_high,1,393,late,16,0.6039482347154106,0.5134509148756707,0.5182982873856408,0.6547281720119851,-0.09049731983973995,-0.08564994732976988
noise_scale,low_to_high,1,393,mid,12,0.5711051228155629,0.9267141405790958,0.7572837642433229,1.7563012195742218,0.35560901776353276,0.18617864142775986
noise_scale,low_to_high,1,394,all_post,40,0.8506275583163537,1.2503143144496964,0.6798942774943537,1.1812448975897096,0.39968675613334254,-0.17073328082200007
noise_scale,low_to_high,1,394,early,12,0.9536296847914644,1.7951583141220826,0.9524427146022072,1.7833794601329827,0.8415286293306181,-0.001186970189257395
noise_scale,low_to_high,1,394,late,16,0.8298494691756438,0.9759459746061544,0.6417039121800705,0.9679277151719548,0.14609650543051067,-0.18814555699557334
noise_scale,low_to_high,1,394,mid,12,0.7753295506955231,1.0712947679020326,0.45826632747221124,0.8635332449367764,0.2959652172065096,-0.31706322322331176
noise_scale,low_to_high,1,395,all_post,40,0.9284136561851339,0.771035541157156,0.771035541157156,1.0440359789481484,-0.15737811502797788,-0.15737811502797788
noise_scale,low_to_high,1,395,early,12,1.173359332607612,1.0650897716159573,1.0650897716159573,1.4005431838352456,-0.10826956099165468,-0.10826956099165468
noise_scale,low_to_high,1,395,late,16,0.8950915323113595,0.7606363774006427,0.7606363774006427,0.7066818062167093,-0.1344551549107168,-0.1344551549107168
noise_scale,low_to_high,1,395,mid,12,0.7278974782610218,0.4908468623737057,0.4908468623737057,1.1373343377029699,-0.2370506158873159,-0.2370506158873159
noise_scale,low_to_high,1,396,all_post,40,0.616901800097921,0.5882926631580218,0.5650011587972575,0.8034325990918116,-0.028609136939899027,-0.0519006413006632
noise_scale,low_to_high,1,396,early,12,0.44963613594026675,0.5704676039675864,0.39006339756168834,0.8941033348394886,0.1208314680273197,-0.0595727383785784
noise_scale,low_to_high,1,396,late,16,0.39742705638407116,0.39162909475454544,0.41078568875808225,0.30061119104137374,-0.005797961629525797,0.013358632374011074
noise_scale,low_to_high,1,396,mid,12,1.076800455874041,0.8683358135530921,0.9455595467517273,1.3831904074113857,-0.20846464232094877,-0.13124090912231368
noise_scale,low_to_high,1,397,all_post,40,0.8393845676647842,0.7722991889024928,0.7693136006235273,1.1417496483117475,-0.06708537876229119,-0.07007096704125684
noise_scale,low_to_high,1,397,early,12,0.6761075962072316,0.6495195784589025,0.6396506937358394,1.5247534557887075,-0.026588017748329112,-0.03645690247139216
noise_scale,low_to_high,1,397,late,16,1.1692659057420927,1.0211827734222048,1.017793576233157,1.1653127556569047,-0.14808313231988793,-0.15147232950893577
noise_scale,low_to_high,1,397,mid,12,0.5628197550192585,0.5632340199864677,0.5676698733650422,0.7273283643745784,0.0004142649672090858,0.004850118345783701
noise_scale,low_to_high,1,398,all_post,40,0.7278183029158329,0.6972699648770322,0.6883761174139076,1.5296018314698983,-0.030548338038800738,-0.039442185501925506
noise_scale,low_to_high,1,398,early,12,0.8468199636816571,0.7673082150935416,0.838895422734812,1.956792020390912,-0.07951174858811544,-0.00792454094684505
noise_scale,low_to_high,1,398,late,16,0.5967635828082406,0.6220945078057769,0.644642178220654,1.7431857675687072,0.02533092499753634,0.047878595412413294
noise_scale,low_to_high,1,398,mid,12,0.7835562689601319,0.7274656574221964,0.5961687310173409,0.8176330610838054,-0.05609061153793545,-0.18738753794279103
noise_scale,low_to_high,1,399,all_post,40,0.5702209338521149,0.5815920034441738,0.5769880629450942,1.3176320607942378,0.011371069592058853,0.006767129092979307
noise_scale,low_to_high,1,399,early,12,0.38486995554703346,0.3641538932615637,0.37615041554980183,0.6010767802103442,-0.020716062285469832,-0.00871953999723167
noise_scale,low_to_high,1,399,late,16,0.5950858088511288,0.649987474850477,0.6368941700602992,1.5600878588029798,0.05490166599934821,0.04180836120917042
noise_scale,low_to_high,1,399,mid,12,0.7224187454918445,0.7078361517517129,0.6979509008534466,1.7109129440331419,-0.014582593740131577,-0.024467844638397865
noise_scale,low_to_high,3,390,all_post,40,0.7963115579265418,0.8051545097257169,0.8167086379913492,1.214950970365757,0.008842951799174978,0.02039708006480746
noise_scale,low_to_high,3,390,early,12,0.900791346957489,0.9139028111361869,0.9141442322486347,1.3510624507668918,0.013111464178697976,0.013352885291145838
noise_scale,low_to_high,3,390,late,16,0.8202953995990799,0.8401179821604621,0.863273539832587,1.1860420987848759,0.019822582561382158,0.04297814023350696
noise_scale,low_to_high,3,390,mid,12,0.6598533133322103,0.6497882450689195,0.6571865079457468,1.117384652072464,-0.010065068263290919,-0.0026668053864635963
noise_scale,low_to_high,3,391,all_post,40,0.7035491515301115,0.7244295339154067,0.7328419742818739,1.1570310775715411,0.02088038238529507,0.02929282275176236
noise_scale,low_to_high,3,391,early,12,0.930763083674742,0.7830488014012144,0.8626884774932116,1.2705012136369302,-0.14771428227352745,-0.06807460618153033
noise_scale,low_to_high,3,391,late,16,0.4194035563986892,0.516850196647201,0.5437955656929936,0.6257734260954197,0.09744664024851174,0.12439200929430433
noise_scale,low_to_high,3,391,mid,12,0.8551960128940443,0.9425827161205399,0.8550573491890435,1.7519044768076466,0.08738670322649535,-0.00013866370500087433
noise_scale,low_to_high,3,392,all_post,40,0.8449484483066829,0.8722920207053007,0.8157619162765671,1.125690908034072,0.027343572398617694,-0.029186532030115876
noise_scale,low_to_high,3,392,early,12,0.8988696997045188,0.8067214912233824,0.7703543090772994,1.1974843807947344,-0.09214820848113625,-0.12851539062721934
noise_scale,low_to_high,3,392,late,16,0.8379652919831915,0.8556757096230287,0.8032944770299509,0.980608342723442,0.017710417639837137,-0.034670814953240564
noise_scale,low_to_high,3,392,mid,12,0.8003380720068359,0.9600176316302481,0.8777927758046564,1.247340855687584,0.15967955962341238,0.07745470379782053
noise_scale,low_to_high,3,393,all_post,40,0.7597204913545008,0.8931048948102258,0.7997607686237703,1.2326545035417975,0.13338440345572514,0.040040277269269675
noise_scale,low_to_high,3,393,early,12,0.6038836129444874,0.6008366865816231,0.6330730177080275,0.8369245585126198,-0.003046926362864369,0.02918940476354002
noise_scale,low_to_high,3,393,late,16,0.6701877349555652,0.6428121985526918,0.6649620254398325,0.7508110481879962,-0.027375536402873525,-0.005225709515732653
noise_scale,low_to_high,3,393,mid,12,1.0349343782964278,1.519096698048874,1.146180177118097,2.2708423890427114,0.4841623197524462,0.11124579882166913
noise_scale,low_to_high,3,394,all_post,40,0.6272951488508849,0.5795504495864161,0.5677552077482787,0.9396956954040695,-0.04774469926446876,-0.059539941102606145
noise_scale,low_to_high,3,394,early,12,0.8107779389094634,0.8235022826082409,0.796924945244733,1.4213271286964586,0.012724343698777322,-0.013852993664730346
noise_scale,low_to_high,3,394,late,16,0.5811342438763377,0.5413174280493778,0.5266262641885253,0.8105076277335783,-0.039816815826959964,-0.05450797968781239
noise_scale,low_to_high,3,394,mid,12,0.5053602320917024,0.3865759786139759,0.3934240616648288,0.6303150190056687,-0.11878425347772657,-0.11193617042687365
noise_scale,low_to_high,3,395,all_post,40,0.762439111098825,0.708341299106453,0.673561112825005,1.0548017701530623,-0.05409781199237185,-0.08887799827382012
noise_scale,low_to_high,3,395,early,12,0.8622654006866419,0.8250850343469037,0.8419262605926697,1.34988765913168,-0.03718036633973818,-0.02033914009397249
noise_scale,low_to_high,3,395,late,16,0.8511548399960089,0.7034580383469424,0.5766718454663555,0.6278078193105998,-0.14769680164906657,-0.27448299452965336
noise_scale,low_to_high,3,395,mid,12,0.5443251829814293,0.5981085782120167,0.6343816548688724,1.3290411489643943,0.05378339523058746,0.09005647188744324
noise_scale,low_to_high,3,396,all_post,40,0.4838588862924638,0.47555008926635994,0.4808179715149645,0.849334396351526,-0.00830879702610383,-0.0030409147774992586
noise_scale,low_to_high,3,396,early,12,0.4872176229681813,0.4830948174095224,0.4838161839836437,1.0230021722508809,-0.004122805558658796,-0.0034014389845375323
noise_scale,low_to_high,3,396,late,16,0.36526176438445984,0.39539315122638186,0.40049044733252775,0.550204683368267,0.030131386841922004,0.035228682948067906
noise_scale,low_to_high,3,396,mid,12,0.6386296454940849,0.5748812785098351,0.5849231246228678,1.0745062377631838,-0.06374836698424997,-0.05370652087121721
noise_scale,low_to_high,3,397,all_post,40,0.5458758182548774,0.588663645139914,0.6085261205483852,1.1686989448065896,0.04278782688503652,0.06265030229350778
noise_scale,low_to_high,3,397,early,12,0.5680379749765877,0.5973699497719401,0.6091202222757628,1.485716018011667,0.029331974795352503,0.041082247299175194
noise_scale,low_to_high,3,397,late,16,0.6545708784149105,0.6922182864539862,0.7238529680785719,1.195481876003234,0.03764740803907571,0.06928208966366135
noise_scale,low_to_high,3,397,mid,12,0.37878691465312325,0.4418844854224581,0.4541628887807588,0.8159712966726533,0.06309757076933495,0.07537597412763557
noise_scale,low_to_high,3,398,all_post,40,0.8619858537202127,0.8959122294752737,0.937173253039882,1.8394178176183338,0.03392637575506109,0.0751873993196693
noise_scale,low_to_high,3,398,early,12,0.7091725181696332,0.7334562143159852,0.7503048590195113,1.636428843574465,0.024283696146351997,0.04113234084987805
noise_scale,low_to_high,3,398,late,16,0.9856471045423634,1.0579966934043616,1.12415100842302,2.448168810156244,0.07234958886199819,0.13850390388065634
noise_scale,low_to_high,3,398,mid,12,0.849917521507924,0.8422556260624449,0.8747379732160687,1.2307388016116547,-0.007661895445479278,0.024820451708144526
noise_scale,low_to_high,3,399,all_post,40,0.6217962879291837,0.6010113423590095,0.6008329131532333,1.42985246672496,-0.020784945570174213,-0.020963374775950474
noise_scale,low_to_high,3,399,early,12,0.5675692281677015,0.5174540392415384,0.5165098261992905,0.8711632951141106,-0.05011518892616306,-0.05105940196841086
noise_scale,low_to_high,3,399,late,16,0.7004867251453437,0.6759002463857986,0.676187991073404,1.720144885613653,-0.024586478759545113,-0.024298734071939648
noise_scale,low_to_high,3,399,mid,12,0.5711027647357863,0.5847167734407621,0.5846825628802818,1.6014850798175528,0.01361400870497582,0.013579798144495496
noise_scale,low_to_high,6,390,all_post,39,0.8059570894995656,0.8484147940242253,0.8722829497089278,1.8173983959318498,0.042457704524659697,0.06632586020936235
noise_scale,low_to_high,6,390,early,12,0.9121111135215259,0.9594573550691146,0.9672821076806751,2.035382983561822,0.04734624154758867,0.05517099415914923
noise_scale,low_to_high,6,390,late,15,0.8522969065067777,0.9109427033290449,0.9642888041063685,1.5521209080635043,0.05864579682226711,0.11199189759959079
noise_scale,low_to_high,6,390,mid,12,0.64187829421859,0.6592123463483115,0.6622764737403799,1.9310106681373094,0.017334052129721472,0.020398179521789957
noise_scale,low_to_high,6,391,all_post,39,0.8897063036863221,0.7763939072279403,0.8501997791505946,1.1448367969083457,-0.11331239645838152,-0.03950652453572719
noise_scale,low_to_high,6,391,early,12,1.4859762287489888,0.9933175788098995,1.2254297391418374,1.4589888611211572,-0.4926586499390895,-0.2605464896071516
noise_scale,low_to_high,6,391,late,15,0.4141262360462968,0.5234082529586076,0.568071675773388,0.603946219202834,0.10928201691231083,0.15394543972709146
noise_scale,low_to_high,6,391,mid,12,0.887911463173686,0.8757023034826469,0.8276299483808599,1.5067979548274255,-0.012209159691039098,-0.06028151479282621
noise_scale,low_to_high,6,392,all_post,39,0.877379354568431,0.9984073038282898,0.9266184235108563,1.428041560185242,0.12102794925985887,0.04923906894242546
noise_scale,low_to_high,6,392,early,12,0.8794300428916761,0.8993732953805273,0.8517363356115003,1.6308661090726275,0.01994325248885111,-0.02769370728017569
noise_scale,low_to_high,6,392,late,15,0.9862241464561464,1.0664498663725643,0.9836729982885332,1.3453487332244554,0.08022571991641766,-0.002551148167613504
noise_scale,low_to_high,6,392,mid,12,0.7392726763855412,1.0123881090957092,0.9301822929381164,1.3285830449988403,0.27311543271016814,0.19090961655257532
noise_scale,low_to_high,6,393,all_post,39,0.7843568135837681,0.795832559517187,0.7941463472871185,1.4426908476784175,0.011475745933419015,0.009789533703350482
noise_scale,low_to_high,6,393,early,12,0.6597726523886766,0.6483683915660304,0.6454416493421739,1.0060324736533581,-0.011404260822646043,-0.01433100304650268
noise_scale,low_to_high,6,393,late,15,0.7562629377513798,0.8138356423144335,0.8123465439493606,1.1021079836223757,0.05757270456305366,0.056083606197980966
noise_scale,low_to_high,6,393,mid,12,0.9440583195693445,0.9207928739717853,0.9201007994042603,2.3050778017735296,-0.023265445597559237,-0.023957520165084456
noise_scale,low_to_high,6,394,all_post,39,0.736681746729895,0.662185704525753,0.6442391937159776,0.9618641674790075,-0.07449604220414201,-0.09244255301391752
noise_scale,low_to_high,6,394,early,12,0.870944503476926,0.919104217959549,0.8794793966386715,1.3940586049521615,0.04815971448262298,0.008534893161745416
noise_scale,low_to_high,6,394,late,15,0.6740481353696932,0.6009422630483204,0.5694948519290024,0.8955400607198302,-0.07310587232137276,-0.10455328344069079
noise_scale,low_to_high,6,394,mid,12,0.6807110041831161,0.4818214929387477,0.5024294180270023,0.6125748634548251,-0.19888951124436846,-0.17828158615611386
noise_scale,low_to_high,6,395,all_post,39,0.9548944229794504,0.8315353075985144,0.7998266834844123,1.243865338483105,-0.12335911538093615,-0.15506773949503824
noise_scale,low_to_high,6,395,early,12,0.93310442316048,0.8822640181481868,0.9419274119215452,1.497169341792689,-0.05084040501229311,0.00882298876106529
noise_scale,low_to_high,6,395,late,15,1.2511160840230588,0.9288666353390288,0.7107877210788566,0.8130210878534001,-0.3222494486840302,-0.5403283629442023
noise_scale,low_to_high,6,395,mid,12,0.6064073464939107,0.659142437373199,0.769024658054224,1.529116648460653,0.052735090879288384,0.1626173115603133
noise_scale,low_to_high,6,396,all_post,39,0.5106619529208164,0.524440611268419,0.5180999853264276,0.8255463570753037,0.013778658347602704,0.00743803240561128
noise_scale,low_to_high,6,396,early,12,0.46627579729752316,0.4965185377572225,0.4951236642610728,0.8827909941257444,0.03024274045969928,0.028847866963549535
noise_scale,low_to_high,6,396,late,15,0.4109389948742427,0.41884125897559266,0.41257211466451227,0.6172868531404915,0.007902264101349995,0.0016331197902695735
noise_scale,low_to_high,6,396,mid,12,0.679701806102326,0.6843618751456481,0.6729861447191764,1.0286260999433778,0.0046600690433220154,-0.006715661383149847
noise_scale,low_to_high,6,397,all_post,39,0.523365888415263,0.5984636778658062,0.6585929725649076,2.043454489803674,0.07509778945054328,0.13522708414964443
noise_scale,low_to_high,6,397,early,12,0.5443498031817274,0.588477503090623,0.6214537139550501,2.4490282872811355,0.044127699908895625,0.07710391077332275
noise_scale,low_to_high,6,397,late,15,0.602921535787844,0.710326933000589,0.8157862962247566,2.0577163914934737,0.10740539721274507,0.2128647604369126
noise_scale,low_to_high,6,397,mid,12,0.40293741443307257,0.4686207837225112,0.49924057659995374,1.6200533152139627,0.0656833692894387,0.0963031621668811
noise_scale,low_to_high,6,398,all_post,39,0.9817343489458609,0.9019088364000948,1.120170745640375,2.376726567276432,-0.07982551254576617,0.13843639669451419
noise_scale,low_to_high,6,398,early,12,0.7564677431706704,0.7127207178862106,0.8782252411077676,2.531344577055838,-0.04374702528445965,0.12175749793709713
noise_scale,low_to_high,6,398,late,15,1.1538090346264456,0.9891903925400426,1.409242827253354,2.870222604706067,-0.16461864208640262,0.2554337926269084
noise_scale,low_to_high,6,398,mid,12,0.9919075976203208,0.9819950097390436,1.0007761481567592,1.6052385107099836,-0.009912587881277099,0.008868550536438355
noise_scale,low_to_high,6,399,all_post,39,0.6046981442506258,0.6084537412652203,0.6084537412652203,1.8573862563128478,0.003755597014594432,0.003755597014594432
noise_scale,low_to_high,6,399,early,12,0.5064021072897483,0.5493105421240849,0.5493105421240849,1.5435810416635813,0.04290843483433667,0.04290843483433667
noise_scale,low_to_high,6,399,late,15,0.693755225625853,0.6693498828028069,0.6693498828028069,2.206846297663374,-0.024405342823046017,-0.024405342823046017
noise_scale,low_to_high,6,399,mid,12,0.5916728294924699,0.5914767634843727,0.5914767634843727,1.7343664192739572,-0.00019606600809722133,-0.00019606600809722133
noise_scale,low_to_high,12,390,all_post,37,0.8661072226349807,0.9395704371979355,1.016157957267277,3.8994913983421307,0.07346321456295475,0.15005073463229615
noise_scale,low_to_high,12,390,early,12,1.069475470218659,1.1418452382250026,1.2226185654976247,4.30266535727475,0.07236976800634352,0.15314309527896552
noise_scale,low_to_high,12,390,late,13,0.8373797836412634,0.903548880323142,1.041181026473052,3.253172331556644,0.06616909668187856,0.20380124283178874
noise_scale,low_to_high,12,390,mid,12,0.6938603672944961,0.7763189894518945,0.782589024064006,4.1964964284271185,0.08245862215739856,0.08872865676950986
noise_scale,low_to_high,12,391,all_post,37,1.0651799071207968,0.9530029996550206,1.0866704578184774,1.2934635400462635,-0.112176907465776,0.02149055069768098
noise_scale,low_to_high,12,391,early,12,1.8020566830610285,1.2746374685484976,1.6750091500395534,1.6614004794148325,-0.527419214512531,-0.12704753302147534
noise_scale,low_to_high,12,391,late,13,0.3922472109807105,0.6343653668000057,0.7066143430380821,0.7205328388751362,0.2421181558192952,0.3143671320573716
noise_scale,low_to_high,12,391,mid,12,1.057313551998991,0.9765592996878097,0.9100592232761633,1.5462015269464155,-0.08075425231118134,-0.14725432872282757
noise_scale,low_to_high,12,392,all_post,37,1.1075899519700139,1.137621177687755,1.9673469057948316,2.1124521617592804,0.030031225717740962,0.859756953824818
noise_scale,low_to_high,12,392,early,12,0.9419918752063126,0.8920500125308517,2.2044345062958306,2.3050665236562766,-0.04994186267546088,1.2624426310895178
noise_scale,low_to_high,12,392,late,13,1.4826447926279718,1.4279661513245552,1.623665285118682,1.9983298346671576,-0.05467864130341667,0.14102049249071008
noise_scale,low_to_high,12,392,mid,12,0.8668786180209275,1.0686519547381244,2.102581061026329,2.043470320878751,0.201773336717197,1.2357024430054016
noise_scale,low_to_high,12,393,all_post,37,1.1106505630503867,0.9766985007532961,0.9847729929159232,1.926622825341075,-0.1339520622970904,-0.12587757013446338
noise_scale,low_to_high,12,393,early,12,0.9848038977114472,0.7640083859843304,0.7838981098548464,1.356333403251516,-0.22079551172711706,-0.20090578785660088
noise_scale,low_to_high,12,393,late,13,1.2249720795088572,1.0796367640981441,1.0793774562450695,1.9671561044995265,-0.145335315410713,-0.14559462326378758
noise_scale,low_to_high,12,393,mid,12,1.1126489188926492,1.0778721635653434,1.0831597073704247,2.4530011950089783,-0.03477675532730592,-0.029489211522224553
noise_scale,low_to_high,12,394,all_post,37,1.0445211142609547,0.8735469290251754,0.7380248272824979,1.1926763296185134,-0.1709741852357794,-0.3064962869784571
noise_scale,low_to_high,12,394,early,12,1.2830840486124133,1.1112317038117963,1.0241626525635816,1.3769875131837612,-0.1718523448006168,-0.25892139604883146
noise_scale,low_to_high,12,394,late,13,0.9585921194493277,0.7446409177033805,0.5659717348119165,1.3399309005613789,-0.2139512017459473,-0.39262038463741117
noise_scale,low_to_high,12,394,mid,12,0.8990479242887601,0.7755103331704999,0.6382778521778775,0.848839360865162,-0.1235375911182602,-0.26077007211088243
noise_scale,low_to_high,12,395,all_post,37,1.7936132854676552,1.1258478218883872,1.1666788519514846,1.7195401083677657,-0.6677654635792684,-0.6269344335161708
noise_scale,low_to_high,12,395,early,12,1.1149173469035016,0.9921155733127917,1.0131088792613794,2.247713514849356,-0.1228017735907102,-0.10180846764212259
noise_scale,low_to_high,12,395,late,13,3.3631372140062714,1.502530922763881,1.502441734052121,0.9820746515682182,-1.8606062912423904,-1.8606954799541506
noise_scale,low_to_high,12,395,mid,12,0.7719916347816421,0.8515067111821973,0.9565057023659008,1.9902876134190184,0.07951507640055563,0.18451406758425892
noise_scale,low_to_high,12,396,all_post,37,0.630195101940424,0.5990518943500011,0.6364564135760167,0.9045405596810241,-0.03114320759042312,0.006261311635592737
noise_scale,low_to_high,12,396,early,12,0.7197806686578979,0.6655522917968273,0.6578007910485322,0.983219510178202,-0.05422837686107068,-0.061979877609365804
noise_scale,low_to_high,12,396,late,13,0.4266686685774496,0.44173031646906136,0.4510813114941936,0.7615253707844462,0.015061647891611817,0.024412642916744002
noise_scale,low_to_high,12,396,mid,12,0.7610965046995058,0.7029832062741924,0.8159350633588099,0.9807947304884727,-0.0581132984253134,0.05483855865930407
noise_scale,low_to_high,12,397,all_post,37,0.5345298750744819,0.6984827722264473,0.790427823848257,5.181232601255471,0.16395289715196532,0.25589794877377525
noise_scale,low_to_high,12,397,early,12,0.606081047904541,0.7132780279104685,0.7752644944740809,5.6386353740702155,0.10719698000592755,0.1691834465695401
noise_scale,low_to_high,12,397,late,13,0.5799369604128823,0.8963746054081313,1.0735652776853666,5.285908648201898,0.3164376449952491,0.49362831727248435
noise_scale,low_to_high,12,397,mid,12,0.41378769312782254,0.46930469726226814,0.49885891156556467,4.610430777582096,0.05551700413444568,0.08507121843774217
noise_scale,low_to_high,12,398,all_post,37,0.9657466462884354,1.0447851943233346,1.2983925862623729,3.836703931563618,0.07903854803489936,0.3326459399739378
noise_scale,low_to_high,12,398,early,12,0.7087072223698359,0.7041443510903133,0.8767961626972459,4.6367992352946645,-0.004562871279522669,0.16808894032740992
noise_scale,low_to_high,12,398,late,13,1.0561760942139289,1.036281032667073,1.7523581284460619,4.547115206940276,-0.019895061546855917,0.6961820342321328
noise_scale,low_to_high,12,398,mid,12,1.1248208349544166,1.3946388793506397,1.228193005795171,2.2669964128411944,0.269818044396223,0.10337217084075445
noise_scale,low_to_high,12,399,all_post,37,0.7210388021608051,0.7021402553859102,0.7021402553859102,3.917121887169918,-0.018898546774894984,-0.018898546774894984
noise_scale,low_to_high,12,399,early,12,0.759664123964417,0.7645247618008174,0.7645247618008174,4.227033024000948,0.004860637836400505,0.004860637836400505
noise_scale,low_to_high,12,399,late,13,0.730150087965193,0.684652535627661,0.684652535627661,4.1359640270787335,-0.04549755233753196,-0.04549755233753196
noise_scale,low_to_high,12,399,mid,12,0.6725429207357729,0.6587007787091059,0.6587007787091059,3.3701317654376712,-0.013842142026667078,-0.013842142026667078
noise_scale,stable_high,1,390,all_post,40,0.9165413706283271,0.854579566782169,0.8541236149623795,1.0771871084745943,-0.06196180384615811,-0.06241775566594757
noise_scale,stable_high,1,390,early,12,0.7763465073347852,0.6573983874489948,0.6744572332593206,1.4610792015015315,-0.11894811988579031,-0.10188927407546461
noise_scale,stable_high,1,390,late,16,1.0239604710508707,1.0040355697429626,0.9926422972403958,0.8017847263145137,-0.019924901307908173,-0.03131817381047494
noise_scale,stable_high,1,390,mid,12,0.9135107666918105,0.8524860755009515,0.8490984202947498,1.0604981916610983,-0.06102469119085915,-0.06441234639706071
noise_scale,stable_high,1,391,all_post,40,0.9046879714412703,0.9692484177944245,0.8374418433875068,1.2995229948492013,0.0645604463531542,-0.06724612805376373
noise_scale,stable_high,1,391,early,12,1.3058907186343107,1.4397264743173934,1.1798168546131307,1.5783375953855163,0.13383575568308287,-0.12607386402118018
noise_scale,stable_high,1,391,late,16,0.5882769144412492,0.6715405002431921,0.597629185274032,0.751159498919935,0.08326358580194282,0.009352270832782714
noise_scale,stable_high,1,391,mid,12,0.9253666335815917,0.8957142513397658,0.814817042979849,1.751859722218575,-0.02965238224182597,-0.11054959060174263
noise_scale,stable_high,1,392,all_post,40,0.9312104612285339,0.935764504844389,1.1011919233086387,1.08758052399984,0.004554043615855275,0.1699814620801048
noise_scale,stable_high,1,392,early,12,0.777870091447889,0.664631867283639,1.2124485443463089,1.0261956074088419,-0.11323822416424993,0.43457845289841995
noise_scale,stable_high,1,392,late,16,0.8762214982037874,0.9721413171397977,0.7812638408068299,0.9153837042885017,0.09591981893601029,-0.09495765739695747
noise_scale,stable_high,1,392,mid,12,1.1578694483755072,1.158394726011261,1.4165060789400465,1.3785612002059555,0.0005252776357537995,0.2586366305645395
noise_scale,stable_high,1,393,all_post,40,0.6066409662788464,0.7009019181209315,0.6642507641644517,1.158719326904653,0.09426095184208498,0.057609797885605274
noise_scale,stable_high,1,393,early,12,0.6660645103665125,0.8732352434384194,0.8792907454534212,1.233125640758641,0.20717073307190703,0.21322623508690888
noise_scale,stable_high,1,393,late,16,0.5934279136584759,0.5168044965425231,0.5554157906873475,0.6547281720119851,-0.07662341711595276,-0.03801212297112849
noise_scale,stable_high,1,393,mid,12,0.5648348256850076,0.7740318215746543,0.5943240808449543,1.7563012195742218,0.20919699588964666,0.029489255159946656
noise_scale,stable_high,1,394,all_post,40,0.7826201771028044,1.333141963355882,0.6739597359477816,1.235997338523679,0.5505217862530778,-0.10866044115502276
noise_scale,stable_high,1,394,early,12,0.8819770649381016,2.033548325888316,0.9875216171866205,1.9658875965795473,1.1515712609502147,0.10554455224851876
noise_scale,stable_high,1,394,late,16,0.6996890312951183,0.9811550702458491,0.6335192619199694,0.9679277151719548,0.2814660389507309,-0.06616976937514886
noise_scale,stable_high,1,394,mid,12,0.793838150344422,1.1020514583034917,0.4143184867460257,0.8635332449367764,0.3082133079590699,-0.3795196635983962
noise_scale,stable_high,1,395,all_post,40,0.9055308361029806,0.7810725556991521,0.8024377284137229,1.0468384496672734,-0.12445828040382838,-0.10309310768925765
noise_scale,stable_high,1,395,early,12,1.2059307154240524,1.1460118117322244,1.1527360769249693,1.4098847528989957,-0.05991890369182806,-0.05319463849908318
noise_scale,stable_high,1,395,late,16,0.8460204447981041,0.7222426016702016,0.7606363774006427,0.7066818062167093,-0.12377784312790253,-0.0853840673974614
noise_scale,stable_high,1,395,mid,12,0.6844781451884102,0.49457323837134703,0.5078745145865832,1.1373343377029699,-0.18990490681706318,-0.17660363060182713
noise_scale,stable_high,1,396,all_post,40,0.6149132260716665,0.6067646226340527,0.5474619620344059,0.7885345660969679,-0.008148603437613899,-0.06745126403726065
noise_scale,stable_high,1,396,early,12,0.5801835763017411,0.6782214218629057,0.47813494753893354,0.8444432248566759,0.09803784556116453,-0.10204862876280761
noise_scale,stable_high,1,396,late,16,0.4002623055212129,0.3779679214254546,0.40154170749255425,0.30061119104137374,-0.02229438409575822,0.0012794019713414494
noise_scale,stable_high,1,396,mid,12,0.935844103242197,0.8403700916833303,0.8113493159190139,1.3831904074113857,-0.0954740115588666,-0.12449478732318316
noise_scale,stable_high,1,397,all_post,40,0.7683316976881669,0.7759392292588697,0.7759475425241008,1.1599691716617457,0.007607531570702941,0.007615844835933872
noise_scale,stable_high,1,397,early,12,0.6259799753027705,0.6295445030744271,0.6296285766632596,1.5854852002887008,0.0035645277716567004,0.0036486013604890666
noise_scale,stable_high,1,397,late,16,1.0285143951246696,1.0192732805817628,1.0191918188770088,1.1653127556569047,-0.00924111454290677,-0.009322576247660752
noise_scale,stable_high,1,397,mid,12,0.5637731568248928,0.5978885536794549,0.5979408065810642,0.7273283643745784,0.034115396854562156,0.03416764975617146
noise_scale,stable_high,1,398,all_post,40,0.7045406953341147,0.6785610518871839,0.6708060881133582,1.5548990333756778,-0.025979643446930833,-0.03373460722075642
noise_scale,stable_high,1,398,early,12,0.7223475202611501,0.7207072993919289,0.7716358770392087,2.0411160267435116,-0.0016402208692212143,0.04928835677805848
noise_scale,stable_high,1,398,late,16,0.6236725876083855,0.6221299300188137,0.6556811123095141,1.7431857675687072,-0.0015426575895718074,0.03200852470112857
noise_scale,stable_high,1,398,mid,12,0.7945580140413845,0.7116563002069322,0.5901429335926333,0.8176330610838054,-0.08290171383445252,-0.2044150804487513
noise_scale,stable_high,1,399,all_post,40,0.6040042289324846,0.5965338994869693,0.5978262933508269,1.2756546133733833,-0.007470329445515428,-0.006177935581657823
noise_scale,stable_high,1,399,early,12,0.417566331220706,0.4043416374062834,0.41091043685873635,0.4611519554741624,-0.013224693814422416,-0.0066558943619696165
noise_scale,stable_high,1,399,late,16,0.5937905051464574,0.6390082706887276,0.6354989236462035,1.5600878588029798,0.04521776554227025,0.041708418499746214
noise_scale,stable_high,1,399,mid,12,0.8040604250256335,0.7320936666319776,0.7345119761157487,1.7109129440331419,-0.071966758393656,-0.06954844890988475
noise_scale,stable_high,3,390,all_post,40,0.7906513194095955,0.7570866396848692,0.7760815110920612,1.2161783790157163,-0.03356467972472628,-0.014569808317534386
noise_scale,stable_high,3,390,early,12,0.8583920784326929,0.8188356865121937,0.8510434208215195,1.3551538129334224,-0.03955639192049906,-0.007348657611173169
noise_scale,stable_high,3,390,late,16,0.8385498547325045,0.7913650121240623,0.8130604769472126,1.1860420987848759,-0.04718484260844218,-0.02548937778529188
noise_scale,stable_high,3,390,mid,12,0.6590458466226198,0.6496330962719541,0.6518143135557342,1.117384652072464,-0.009412750350665628,-0.0072315330668856065
noise_scale,stable_high,3,391,all_post,40,0.6913883094853549,0.6684455912368243,0.6683775747567917,1.1577135555717686,-0.022942718248530537,-0.02301073472856312
noise_scale,stable_high,3,391,early,12,0.8973553668320834,0.7919405312287205,0.7926726400614162,1.2727761403043552,-0.10541483560336272,-0.10468272677066713
noise_scale,stable_high,3,391,late,16,0.4172623642345861,0.4803239579110531,0.4796019570124784,0.6257734260954197,0.06306159367646696,0.06233959277789222
noise_scale,stable_high,3,391,mid,12,0.8509225124729846,0.7957794956792895,0.7957833331112516,1.7519044768076466,-0.05514301679369502,-0.05513917936173294
noise_scale,stable_high,3,392,all_post,40,0.8432604888058591,0.9993000165815074,1.1820320286195396,1.1611044927575607,0.1560395277756484,0.3387715398136807
noise_scale,stable_high,3,392,early,12,0.905155786141875,1.068261203828447,1.2621674206033238,1.3155296632063627,0.16310541768657186,0.3570116344614487
noise_scale,stable_high,3,392,late,16,0.8381426124609901,0.8720957544731371,0.9984687574338094,0.980608342723442,0.03395314201214686,0.1603261449728191
noise_scale,stable_high,3,392,mid,12,0.7881890265963346,1.0999445121457283,1.346647664883396,1.247340855687584,0.3117554855493936,0.5584586382870614
noise_scale,stable_high,3,393,all_post,40,0.7552555645275402,0.804304683842299,0.7813057934769926,1.2479086554870578,0.04904911931475884,0.02605022894945247
noise_scale,stable_high,3,393,early,12,0.6418389070079334,0.6581756742221657,0.6536369062476308,0.887771731663487,0.016336767214232314,0.011797999239697354
noise_scale,stable_high,3,393,late,16,0.6709100287798014,0.676812217302409,0.7681462691633082,0.7508110481879962,0.0059021885226076265,0.09723624038350677
noise_scale,stable_high,3,393,mid,12,0.9811329363774651,1.1204236488489523,0.9265207131246006,2.2708423890427114,0.139290712471487,-0.05461222325286482
noise_scale,stable_high,3,394,all_post,40,0.6578853780777731,0.9883964711605107,0.5916909354554862,0.9837704132760499,0.3305110930827375,-0.06619444262228702
noise_scale,stable_high,3,394,early,12,0.9388512514924185,1.2606221118973189,0.8541555575662639,1.5682428549363927,0.3217708604049004,-0.08469569392615456
noise_scale,stable_high,3,394,late,16,0.5744048223961714,0.9056137210046995,0.47468607734737933,0.8105076277335783,0.331208898608528,-0.0997187450487921
noise_scale,stable_high,3,394,mid,12,0.48822691223859693,0.826547830631451,0.48523279082218423,0.6303150190056687,0.33832091839285416,-0.0029941214164126754
noise_scale,stable_high,3,395,all_post,40,0.7485052052645237,0.6978920586401616,0.6425088370150913,1.0552962433712652,-0.05061314662436208,-0.1059963682494324
noise_scale,stable_high,3,395,early,12,0.8068081822845129,0.8213939321703393,0.7631670860933223,1.3515359031923566,0.014585749885826468,-0.04364109619119066
noise_scale,stable_high,3,395,late,16,0.8563179350051167,0.6936629192285544,0.6181817365734548,0.6278078193105998,-0.1626550157765622,-0.23813619843166184
noise_scale,stable_high,3,395,mid,12,0.5464519219237439,0.5800290376587934,0.5542867218590425,1.3290411489643943,0.033577115735049484,0.007834799935298445
noise_scale,stable_high,3,396,all_post,40,0.493254058198049,0.4714902466023217,0.46160702478234084,0.8520854953466964,-0.02176381159572746,-0.031647033415708174
noise_scale,stable_high,3,396,early,12,0.5207288049164827,0.45605541003830835,0.5136546209637066,1.0321725022347819,-0.06467339487817426,-0.007074183952776088
noise_scale,stable_high,3,396,late,16,0.38272748738416484,0.40256523675726147,0.37469355758099043,0.550204683368267,0.019837749373096666,-0.008033929803174331
noise_scale,stable_high,3,396,mid,12,0.6131480725647945,0.5788250962930817,0.5254440515361091,1.0745062377631838,-0.03432297627171283,-0.0877040210286854
noise_scale,stable_high,3,397,all_post,40,0.5467468996121436,0.554269893536185,0.5572268160398577,1.1839070907329283,0.007522993924041414,0.01047991642771404
noise_scale,stable_high,3,397,early,12,0.578174792249685,0.5631749707235458,0.5652102280804545,1.5364098377661293,-0.014999821526139332,-0.01296456416923058
noise_scale,stable_high,3,397,late,16,0.6441421896857068,0.660565371876856,0.6702140015289457,1.195481876003234,0.016423182191149154,0.026071811843238916
noise_scale,stable_high,3,397,mid,12,0.38545862020985133,0.4036375118945965,0.3985938233471435,0.8159712966726533,0.01817889168474518,0.013135203137292162
noise_scale,stable_high,3,398,all_post,40,0.8569163395867921,0.8397276130179924,0.8494497675951797,1.8549889302561318,-0.017188726568799863,-0.007466571991612632
noise_scale,stable_high,3,398,early,12,0.6815313547164125,0.6670780057163914,0.7062539545788815,1.6883325523671255,-0.014453349000021183,0.024722599862469097
noise_scale,stable_high,3,398,late,16,0.9789886756970207,0.9148292939706887,0.989961601981824,2.448168810156244,-0.06415938172633215,0.010972926284803244
noise_scale,stable_high,3,398,mid,12,0.869538209643534,0.9122416457159986,0.8052964680959519,1.2307388016116547,0.04270343607246455,-0.0642417415475822
noise_scale,stable_high,3,399,all_post,40,0.6224239046612355,0.6215001814928593,0.6215001814928593,1.4149292704917955,-0.0009237231683762836,-0.0009237231683762836
noise_scale,stable_high,3,399,early,12,0.542028480744639,0.588862227066814,0.588862227066814,0.8214193076702291,0.04683374632217487,0.04683374632217487
noise_scale,stable_high,3,399,late,16,0.7002314608078417,0.6757871285770518,0.6757871285770518,1.720144885613653,-0.0244443322307899,-0.0244443322307899
noise_scale,stable_high,3,399,mid,12,0.5990759203823574,0.581755539806648,0.581755539806648,1.6014850798175528,-0.0173203805757093,-0.0173203805757093
noise_scale,stable_high,6,390,all_post,39,0.7925871400022442,0.766080693486124,0.8003637066936347,1.81864824557119,-0.02650644651612031,0.007776566691390488
noise_scale,stable_high,6,390,early,12,0.8758446706089003,0.817204429200447,0.8695079993654901,2.0394449948896782,-0.05864024140845308,-0.00633667124341003
noise_scale,stable_high,6,390,late,15,0.8437900685721065,0.8236880094425675,0.8625665824572876,1.5521209080635043,-0.020102059129539093,0.01877651388518112
noise_scale,stable_high,6,390,mid,12,0.6453259486832604,0.6429478128262464,0.6534658193172133,1.9310106681373094,-0.0023781358570140556,0.008139870633952703
noise_scale,stable_high,6,391,all_post,39,0.8235421809163598,0.7448828254148543,0.7436492703984454,1.1451304958607518,-0.07865935550150546,-0.07989291051791426
noise_scale,stable_high,6,391,early,12,1.2551334419818556,0.972843571432637,0.9715259495660765,1.459943382716477,-0.28228987054921834,-0.28360749241577915
noise_scale,stable_high,6,391,late,15,0.4118787605963219,0.5111768965947928,0.5101651352924396,0.603946219202834,0.0992981359984708,0.09828637469611756
noise_scale,stable_high,6,391,mid,12,0.9065301952509114,0.8090544904221483,0.8076277601133222,1.5067979548274255,-0.09747570482876296,-0.0989024351375891
noise_scale,stable_high,6,392,all_post,39,0.8898293198683785,1.2435295799951875,1.4514189024753905,1.466665937804415,0.35370026012680916,0.5615895826070122
noise_scale,stable_high,6,392,early,12,0.9290505361595905,1.4500066910143843,1.662803019714947,1.7563953363349398,0.5209561548547939,0.7337524835553566
noise_scale,stable_high,6,392,late,15,0.9849439723079263,1.0705384858349591,1.1738695144360898,1.3453487332244554,0.08559451352703276,0.18892554212816373
noise_scale,stable_high,6,392,mid,12,0.7317147880277314,1.2532913366762763,1.5869715202849608,1.3285830449988403,0.5215765486485446,0.855256732257229
noise_scale,stable_high,6,393,all_post,39,0.7773201769392134,0.8616147547691255,0.8731792041822922,1.4508351925539396,0.0842945778299122,0.09585902724307875
noise_scale,stable_high,6,393,early,12,0.6762970771276633,0.7211863356576586,0.7349063879162084,1.032501594498805,0.044889258529995306,0.058609310788545144
noise_scale,stable_high,6,393,late,15,0.7538413786245949,0.8862339538285163,0.8978949355686582,1.1021079836223757,0.13239257520392148,0.14405355694406327
noise_scale,stable_high,6,393,mid,12,0.9076917746440366,0.9712691750563541,0.9805573562154183,2.3050778017735296,0.06357740041231748,0.07286558157138169
noise_scale,stable_high,6,394,all_post,39,0.8053735358449783,1.133925660784273,0.6972545662536439,0.9955749229999267,0.3285521249392942,-0.10811896959133453
noise_scale,stable_high,6,394,early,12,1.0702485520452552,1.3850146662037368,0.9856453039854923,1.5036185603951486,0.3147661141584817,-0.08460324805976278
noise_scale,stable_high,6,394,late,15,0.6693562230025522,1.1141829112991093,0.5455679901149662,0.8955400607198302,0.44482668829655664,-0.12378823288758599
noise_scale,stable_high,6,394,mid,12,0.7105201606977344,0.907515092221263,0.5984720486951424,0.6125748634548251,0.19699493152352857,-0.11204811200259197
noise_scale,stable_high,6,395,all_post,39,0.9185406872274191,0.8691179170734938,0.7157000738540179,1.2450691568961147,-0.0494227701539253,-0.20284061337340134
noise_scale,stable_high,6,395,early,12,0.8478032096546944,0.9894640496419057,0.7804628525340385,1.501081751634971,0.14166083998721146,-0.06734035712065575
noise_scale,stable_high,6,395,late,15,1.2285945459032006,0.9285892609726399,0.7558963716364876,0.8130210878534001,-0.30000528493056083,-0.4726981742667133
noise_scale,stable_high,6,395,mid,12,0.6017108414554168,0.6744326046311492,0.6006919229459097,1.529116648460653,0.0727217631757326,-0.0010189185095070645
noise_scale,stable_high,6,396,all_post,39,0.5007570767989736,0.4937192129622973,0.4959654373510565,0.8233383594456933,-0.007037863836676321,-0.0047916394479171525
noise_scale,stable_high,6,396,early,12,0.518165866381955,0.5441366270906444,0.5575931796695475,0.8756150018295109,0.025970760708689224,0.03942731328759236
noise_scale,stable_high,6,396,late,15,0.37883338126098454,0.3850819718930794,0.385293926379469,0.6172868531404915,0.006248590632094908,0.006460545118484486
noise_scale,stable_high,6,396,mid,12,0.6357529066384785,0.5790983501704726,0.5726770837470498,1.0286260999433778,-0.0566545564680059,-0.06307582289142871
noise_scale,stable_high,6,397,all_post,39,0.5245098346611419,0.553774146229542,0.5591616322781403,2.0594637101176496,0.029264311568400345,0.03465179761699849
noise_scale,stable_high,6,397,early,12,0.5251967318873434,0.5588652204315268,0.5231531926927345,2.5010582533015557,0.03366848854418334,-0.002043539194608828
noise_scale,stable_high,6,397,late,15,0.6142050356887704,0.6393019911911113,0.6916547813313164,2.0577163914934737,0.025096955502340916,0.07744974564254621
noise_scale,stable_high,6,397,mid,12,0.41170393615040424,0.4417732658255959,0.4295536355470755,1.6200533152139627,0.03006932967519166,0.017849699396671196
noise_scale,stable_high,6,398,all_post,39,0.9475593100580866,0.9283199887969378,0.9508445812049189,2.3776556728822387,-0.019239321261148426,0.003285271146832348
noise_scale,stable_high,6,398,early,12,0.7223974931676387,0.6877898875904679,0.7356093169185619,2.534364170274707,-0.034607605577170915,0.013211823750923177
noise_scale,stable_high,6,398,late,15,1.135288181050727,1.0269633518591232,1.1769143898792251,2.870222604706067,-0.10832482919160394,0.04162620882849803
noise_scale,stable_high,6,398,mid,12,0.9380600382077332,1.0455458861756766,0.8834925846483926,1.6052385107099836,0.10748584796794347,-0.05456745355934059
noise_scale,stable_high,6,399,all_post,39,0.6558470916172627,0.6413949140152582,0.6413949140152582,1.8388391534399962,-0.014452177602004531,-0.014452177602004531
noise_scale,stable_high,6,399,early,12,0.6695562190233068,0.6531691834416807,0.6531691834416807,1.4833029573268137,-0.01638703558162603,-0.01638703558162603
noise_scale,stable_high,6,399,late,15,0.6933038099913259,0.6693498828028069,0.6693498828028069,2.206846297663374,-0.023953927188519134,-0.023953927188519134
noise_scale,stable_high,6,399,mid,12,0.5953170662436397,0.5946769336043998,0.5946769336043998,1.7343664192739572,-0.0006401326392397785,-0.0006401326392397785
noise_scale,stable_high,12,390,all_post,37,0.8341911386529197,0.7925269065632512,0.8510135078059832,3.902915876335862,-0.04166423208966845,0.01682236915306328
noise_scale,stable_high,12,390,early,12,0.9597516671518611,0.8521909903168102,0.9518118082472738,4.313224164422089,-0.10756067683505068,-0.007939858904587177
noise_scale,stable_high,12,390,late,13,0.8418936802072522,0.796945524858701,0.8515390194785575,3.253172331556644,-0.04494815534855117,0.009645339271305415
noise_scale,stable_high,12,390,mid,12,0.7002861901367848,0.728075986322955,0.7496459030527364,4.1964964284271185,0.027789796186170085,0.049359712915951426
noise_scale,stable_high,12,391,all_post,37,0.9088056903120151,0.8878590834767164,0.8895762386600387,1.2926288255671472,-0.02094660683529879,-0.01922945165197666
noise_scale,stable_high,12,391,early,12,1.3211590541009006,1.1974809203190513,1.198151883110233,1.658826776437557,-0.12367813378184951,-0.12300717099066795
noise_scale,stable_high,12,391,late,13,0.3915411139811746,0.6206398144493566,0.6228023042521806,0.7205328388751362,0.22909870046818195,0.2312611902710059
noise_scale,stable_high,12,391,mid,12,1.056822284214874,0.8677247880806883,0.8700056898183574,1.5462015269464155,-0.1890974961341855,-0.18681659439651643
noise_scale,stable_high,12,392,all_post,37,1.2133775423262563,2.114079840756316,2.3875241230576436,2.1590919978896697,0.9007022984300594,1.1741465807313876
noise_scale,stable_high,12,392,early,12,1.342341421465612,2.440392563256114,2.744478902330631,2.44887268505831,1.0980511417905017,1.4021374808650187
noise_scale,stable_high,12,392,late,13,1.4839519450080585,1.578943978552072,1.7122303556182494,1.9983298346671576,0.09499203354401382,0.22827841061019086
noise_scale,stable_high,12,392,mid,12,0.7912913936149484,2.367497635644448,2.7621375918440005,2.043470320878751,1.5762062420295002,1.970846198229052
noise_scale,stable_high,12,393,all_post,37,1.0393425734353114,1.0254549149261714,1.052997976695045,1.9249533590910546,-0.0138876585091404,0.013655403259733299
noise_scale,stable_high,12,393,early,12,0.8684410176550442,0.8518293631368113,0.8981534745972722,1.351185882313952,-0.01661165451823285,0.029712456942227933
noise_scale,stable_high,12,393,late,13,1.2127900912522733,1.088362835140005,1.0993113369332377,1.9671561044995265,-0.12442725611226821,-0.11347875431903542
noise_scale,stable_high,12,393,mid,12,1.0223426515805374,1.130930219817211,1.1576696718681088,2.4530011950089783,0.10858756823667383,0.1353270202875715
noise_scale,stable_high,12,394,all_post,37,1.0506485093477933,1.4875617759656379,0.9136951036497534,1.2266252097205954,0.43691326661784424,-0.13695340569804013
noise_scale,stable_high,12,394,early,12,1.5594609055590916,1.6313994160047918,1.2156299534916217,1.4816632268318468,0.07193851044569988,-0.34383095206747005
noise_scale,stable_high,12,394,late,13,0.687638969552327,1.6414737137149171,0.7509250576190928,1.3399309005613789,0.95383474416259,0.06328608806676583
noise_scale,stable_high,12,394,mid,12,0.9350964479149173,1.1769862033647647,0.7880944703411005,0.848839360865162,0.2418897554498475,-0.1470019775738167
noise_scale,stable_high,12,395,all_post,37,1.6535980108260981,1.303115996222474,0.9154165528441307,1.721593252176527,-0.3504820146036241,-0.7381814579819674
noise_scale,stable_high,12,395,early,12,1.1082133783239545,1.369587411150773,0.8144163797619327,2.2540440415930356,0.2613740328268186,-0.29379699856202174
noise_scale,stable_high,12,395,late,13,2.9986362985642057,1.6801322087777544,1.1923579652163256,0.9820746515682182,-1.3185040897864513,-1.8062783333478802
noise_scale,stable_high,12,395,mid,12,0.7418578316119584,0.828210351025954,0.7163968625231174,1.9902876134190184,0.08635251941399565,-0.025460969088840837
noise_scale,stable_high,12,396,all_post,37,0.5993313473909812,0.5957496331719291,0.578973149038615,0.8924540389655439,-0.003581714219051997,-0.02035819835236587
noise_scale,stable_high,12,396,early,12,0.7537591737276667,0.7299813746885117,0.641440184259772,0.9459527379721377,-0.023777799039155067,-0.11231898946789469
noise_scale,stable_high,12,396,late,13,0.42296283739043816,0.41090506282659256,0.42962848890458044,0.7615253707844462,-0.012057774563845483,0.006665651514142426
noise_scale,stable_high,12,396,mid,12,0.6359694068882168,0.6617661761961274,0.6782961622959957,0.9807947304884727,0.025796769307910694,0.042326755407778964
noise_scale,stable_high,12,397,all_post,37,0.5446604991957915,0.5978967565648251,0.6036076838069202,5.205834394822175,0.0532362573690335,0.05894718461112858
noise_scale,stable_high,12,397,early,12,0.5601357258174068,0.6030090559195279,0.5865112355740424,5.714490904234221,0.04287333010212121,0.026375509756635652
noise_scale,stable_high,12,397,late,13,0.6378390680544437,0.7382725859561867,0.7703609411740823,5.285908648201898,0.10043351790174294,0.1325218731196386
noise_scale,stable_high,12,397,mid,12,0.42824182297730323,0.44071064203614707,0.4400547698920388,4.610430777582096,0.012468819058843913,0.011812946914735653
noise_scale,stable_high,12,398,all_post,37,0.9536418693073132,1.0613814098655943,0.9839634657061415,3.803822703888308,0.10773954055828142,0.030321596398828306
noise_scale,stable_high,12,398,early,12,0.6563119861297013,0.6702113800618875,0.6927940116694641,4.535415449962458,0.013899393932186352,0.036482025539762646
noise_scale,stable_high,12,398,late,13,1.0563676260993657,1.079839576270611,1.2163051143644856,4.547115206940276,0.02347195017124518,0.15993748826512008
noise_scale,stable_high,12,398,mid,12,1.139685515960201,1.4325550927305335,1.0234294670296125,2.2669964128411944,0.29286957677033243,-0.11625604893058877
noise_scale,stable_high,12,399,all_post,37,0.785878648251182,0.7656074388892201,0.7656074388892201,3.8671871908291573,-0.020271209361961848,-0.020271209361961848
noise_scale,stable_high,12,399,early,12,0.9227892668032348,0.9511906302672193,0.9511906302672193,4.0730677102836035,0.02840136346398422,0.02840136346398422
noise_scale,stable_high,12,399,late,13,0.7263776651671745,0.684652535627661,0.684652535627661,4.1359640270787335,-0.04172512953951349,-0.04172512953951349
noise_scale,stable_high,12,399,mid,12,0.7134274280401369,0.6677253927112433,0.6677253927112433,3.3701317654376712,-0.045702035328893637,-0.045702035328893637
noise_scale,stable_low,1,390,all_post,40,0.11061876627479825,0.10925854992791961,0.10552209751535331,0.16733661394622498,-0.0013602163468786521,-0.005096668759444968
noise_scale,stable_low,1,390,early,12,0.09367783012172416,0.09230063142944321,0.0874987071567161,0.2247685338672697,-0.0013771986922809388,-0.0061791229650080435
noise_scale,stable_low,1,390,late,16,0.11309964062605782,0.12069716018947285,0.11561725354575468,0.1059490096147094,0.007597519563415048,0.002517612919696862
noise_scale,stable_low,1,390,mid,12,0.12425186995952632,0.11096498807765837,0.11008527983345534,0.19175483313386768,-0.013286881881867966,-0.014166590126070999
noise_scale,stable_low,1,391,all_post,40,0.10579389790833064,0.10926412782344028,0.10923970097078653,0.1463873481731036,0.003470229915109651,0.0034458030624559
noise_scale,stable_low,1,391,early,12,0.1493770738680805,0.14522136720301318,0.14501772008241237,0.1825300584432806,-0.004155706665067285,-0.004359353785668101
noise_scale,stable_low,1,391,late,16,0.07851626544665549,0.08274776806772088,0.08265733819440128,0.08399382519401605,0.004231502621065399,0.004141072747745807
noise_scale,stable_low,1,391,mid,12,0.09858089856414766,0.1086620347848266,0.10890483222767434,0.1934360018750433,0.010081136220678922,0.010323933663526685
noise_scale,stable_low,1,392,all_post,40,0.11250666970443682,0.10574614195771921,0.1392898780101366,0.13149031396334335,-0.006760527746717577,0.02678320830569978
noise_scale,stable_low,1,392,early,12,0.06997229005290695,0.06997229005290695,0.15093078236167198,0.12961426582021723,0.0,0.08095849230876506
noise_scale,stable_low,1,392,late,16,0.1334779400726412,0.11651894362558145,0.10310329501822202,0.10677033271244699,-0.01695899644705972,-0.030374645054419155
noise_scale,stable_low,1,392,mid,12,0.12707935553169417,0.12715625830538188,0.1758977509811539,0.16632633710766462,7.690277368770267e-05,0.048818395449459755
noise_scale,stable_low,1,393,all_post,40,0.09235900186510891,0.10104093723815036,0.10823449404997736,0.13367334482107043,0.008681935373041452,0.015875492184868445
noise_scale,stable_low,1,393,early,12,0.07577194336065986,0.13413999090123277,0.14861302634332607,0.1481433756427669,0.058368047540572926,0.07284108298266621
noise_scale,stable_low,1,393,late,16,0.11527874618249555,0.08134788344118098,0.09922708257826333,0.08378426680186132,-0.03393086274131457,-0.016051663604232207
noise_scale,stable_low,1,393,mid,12,0.07838640127970913,0.09419928863769379,0.07986584371891402,0.18572208469165272,0.015812887357984678,0.001479442439204886
noise_scale,stable_low,1,394,all_post,40,0.09450919665784074,0.4832567139777108,0.08845703123737975,0.13956153218770048,0.3887475173198701,-0.006052165420461004
noise_scale,stable_low,1,394,early,12,0.13295724306429288,0.5699167043813124,0.12811794902952212,0.21714240805455912,0.4369594613170194,-0.0048392940347707645
noise_scale,stable_low,1,394,late,16,0.08309836406999634,0.5079934658725196,0.07652897327916805,0.10957401329340966,0.42489510180252327,-0.006569390790828281
noise_scale,stable_low,1,394,mid,12,0.07127559370184784,0.36361438771436444,0.06470019072285296,0.10196401484656303,0.29233879401251656,-0.006575402978994877
noise_scale,stable_low,1,395,all_post,40,0.11591140678279518,0.1396644484666447,0.1396644484666447,0.12462308557280158,0.023753041683849473,0.023753041683849473
noise_scale,stable_low,1,395,early,12,0.14154002400093332,0.15313816468851604,0.15313816468851604,0.16557655605355898,0.011598140687582739,0.011598140687582739
noise_scale,stable_low,1,395,late,16,0.10138087571276197,0.17986452365699185,0.17986452365699185,0.08264206005659434,0.07848364794422992,0.07848364794422992
noise_scale,stable_low,1,395,mid,12,0.10965683099136804,0.07259063199097701,0.07259063199097701,0.13964431578032047,-0.03706619900039102,-0.03706619900039102
noise_scale,stable_low,1,396,all_post,40,0.07222942160099749,0.12099806169026137,0.06724537751600443,0.09070298164638188,0.048768640089263876,-0.004984044084993057
noise_scale,stable_low,1,396,early,12,0.04792243999574144,0.18964988062518406,0.034593832199409,0.08814934887697229,0.14172744062944262,-0.013328607796332435
noise_scale,stable_low,1,396,late,16,0.05382385775998688,0.05146417670405829,0.050616045802316545,0.04054351763169618,-0.0023596810559285836,-0.003207811957670333
noise_scale,stable_low,1,396,mid,12,0.12107715499426769,0.14505808940360942,0.12206936511751705,0.1601358997687058,0.02398093440934175,0.0009922101232493561
noise_scale,stable_low,1,397,all_post,40,0.09021635910957093,0.09074588244822751,0.09062698470592886,0.21167422448762374,0.0005295233386565734,0.0004106255963579275
noise_scale,stable_low,1,397,early,12,0.091357400120865,0.07801050310559195,0.07754653468732561,0.30464969741970954,-0.013346897015273038,-0.013810865433539385
noise_scale,stable_low,1,397,late,16,0.1101743306178989,0.126082803040909,0.12624464878509803,0.1791148345351755,0.015908472423010103,0.016070318167199123
noise_scale,stable_low,1,397,mid,12,0.06246468942050625,0.05636536766728772,0.05621721595230656,0.1621112714921357,-0.006099321753218531,-0.006247473468199693
noise_scale,stable_low,1,398,all_post,40,0.10307932559539741,0.20037581762516163,0.08403073692115376,0.22049402166586374,0.0972964920297642,-0.019048588674243666
noise_scale,stable_low,1,398,early,12,0.144767596327548,0.13507283384465552,0.10001532717746092,0.3055225712815815,-0.00969476248289246,-0.04475226915008707
noise_scale,stable_low,1,398,late,16,0.08881943827725024,0.23325241261878826,0.08282604112528995,0.24271950046566718,0.144432974341538,-0.005993397151960288
noise_scale,stable_low,1,398,mid,12,0.08040423795410978,0.2218433414141656,0.06965240772599836,0.10583150031707467,0.1414391034600558,-0.010751830228111424
noise_scale,stable_low,1,399,all_post,40,0.0834167342502312,0.08692814710324362,0.10040718551622307,0.20422856599121433,0.003511412853012424,0.01699045126599187
noise_scale,stable_low,1,399,early,12,0.06440920483739042,0.08010613024994406,0.11440718403631812,0.1270534113820563,0.015696925412553644,0.049997979198927706
noise_scale,stable_low,1,399,late,16,0.0771082136504414,0.08755485606942899,0.09146473359434498,0.23944122482761832,0.010446642418987594,0.014356519943903582
noise_scale,stable_low,1,399,mid,12,0.11083562446279173,0.09291455200162939,0.09833045622529883,0.23445350881850038,-0.017921072461162358,-0.012505168237492916
noise_scale,stable_low,3,390,all_post,40,0.10799888117205729,0.10211753926054909,0.10161798253074825,0.33968186904409897,-0.00588134191150818,-0.006380898641309018
noise_scale,stable_low,3,390,early,12,0.10764825777877234,0.10804763536875071,0.10799884106158157,0.3448055938299726,0.00039937758997834506,0.000350583282809211
noise_scale,stable_low,3,390,late,16,0.1133703367847503,0.10424477097898197,0.10483810481781616,0.3164054265784906,-0.009125565805768334,-0.008532231966934128
noise_scale,stable_low,3,390,mid,12,0.10118756374841816,0.09335113419443701,0.09094362761715773,0.36559340087903647,-0.007836429553981164,-0.010243936131260433
noise_scale,stable_low,3,391,all_post,40,0.09547434851849763,0.09820702675927628,0.08741107309301181,0.133453301580857,0.002732678240778634,-0.008063275425485818
noise_scale,stable_low,3,391,early,12,0.12189138563186162,0.11123713101346161,0.10140981620851623,0.15096702405294865,-0.0106542546184,-0.020481569423345374
noise_scale,stable_low,3,391,late,16,0.06906564016053178,0.07652495956449548,0.06656355446495943,0.07551255486774358,0.007459319403963709,-0.0025020856955723465
noise_scale,stable_low,3,391,mid,12,0.10426892254908815,0.1140863454314653,0.10120902148157725,0.19319390805958317,0.00981742288237717,-0.0030599010675108917
noise_scale,stable_low,3,392,all_post,40,0.11118162334759711,0.10367159885098451,0.10049093042004834,0.19953956482392377,-0.007510024496612607,-0.010690692927548786
noise_scale,stable_low,3,392,early,12,0.10260309264537916,0.0994883642584814,0.0989839843099591,0.2334658401226586,-0.003114728386897745,-0.0036191083354200383
noise_scale,stable_low,3,392,late,16,0.12091598205713143,0.10322513857611347,0.10183433177776915,0.1533570691227008,-0.017690843481017963,-0.01908165027936228
noise_scale,stable_low,3,392,mid,12,0.10678100910376932,0.10845011380998233,0.10020667471984311,0.2271899504601529,0.0016691047062130085,-0.006574334383926209
noise_scale,stable_low,3,393,all_post,40,0.10193959399462749,0.10369226303444176,0.18058611645652606,0.17848085282644555,0.001752669039814273,0.07864652246189856
noise_scale,stable_low,3,393,early,12,0.06630019694872395,0.06902904731270998,0.16510179540314315,0.1325141576419127,0.0027288503639860285,0.0988015984544192
noise_scale,stable_low,3,393,late,16,0.10204936645522122,0.08131373923189736,0.20062949844525305,0.14624462914333702,-0.020735627223323862,0.09858013199003182
noise_scale,stable_low,3,393,mid,12,0.13743262775973938,0.1681935104928994,0.1693459281916063,0.2674291795884564,0.030760882733160032,0.0319133004318669
noise_scale,stable_low,3,394,all_post,40,0.0726878922208317,0.06913228781249162,0.06967040074779143,0.13406535515064072,-0.0035556044083400865,-0.003017491473040259
noise_scale,stable_low,3,394,early,12,0.09875265111960962,0.09673575324199303,0.09585990146550984,0.1800906026282002,-0.0020168978776165906,-0.0028927496540997904
noise_scale,stable_low,3,394,late,16,0.06883785707745277,0.06222103165366667,0.06119226321543199,0.1315455139193483,-0.0066168254237860885,-0.007645593862020773
noise_scale,stable_low,3,394,mid,12,0.05175651351322571,0.05074383059475681,0.05478508340655233,0.0913998959814711,-0.0010126829184689114,0.0030285698933266232
noise_scale,stable_low,3,395,all_post,40,0.11008106835073787,0.1559763639550694,0.08919613185742019,0.16399131316210994,0.0458952956043315,-0.020884936493317702
noise_scale,stable_low,3,395,early,12,0.11411061914795612,0.15054305069913065,0.09654818294458563,0.21863128643289717,0.03643243155117454,-0.01756243620337049
noise_scale,stable_low,3,395,late,16,0.10924428951469867,0.2092383173366929,0.09219046089388824,0.07770500640969621,0.09999402782199425,-0.01705382862081041
noise_scale,stable_low,3,395,mid,12,0.1071672226682386,0.09039373936884339,0.07785164205496398,0.22439974889454095,-0.016773483299395195,-0.02931558061327463
noise_scale,stable_low,3,396,all_post,40,0.061786508656721584,0.06445779377091765,0.0635190512548105,0.10601143360542711,0.0026712851141960656,0.001732542598088927
noise_scale,stable_low,3,396,early,12,0.06096255715294537,0.08182578872194374,0.07824576587805337,0.12421080416233488,0.02086323156899837,0.017283208725107996
noise_scale,stable_low,3,396,late,16,0.045882727654863224,0.04828401090041357,0.04823750249793787,0.07827451007082337,0.0024012832455503493,0.0023547748430746474
noise_scale,stable_low,3,396,mid,12,0.08381550149630894,0.0686548426472303,0.06916773497406449,0.12479462776132427,-0.015160658849078615,-0.014647766522244433
noise_scale,stable_low,3,397,all_post,40,0.07341664721069555,0.07047967664370221,0.07451997795310211,0.44505949357079455,-0.0029369705669933382,0.001103330742406573
noise_scale,stable_low,3,397,early,12,0.07836089580757732,0.07226273454902189,0.0758194523571019,0.5057477044528415,-0.006098161258555433,-0.0025414434504754274
noise_scale,stable_low,3,397,late,16,0.08891346243581005,0.08578476799527167,0.09192670127749515,0.4254668494089857,-0.003128694440538394,0.0030132388416850907
noise_scale,stable_low,3,397,mid,12,0.047809978313661065,0.048289830269623225,0.050011539116578275,0.4104948082378263,0.00047985195596216695,0.002201560802917217
noise_scale,stable_low,3,398,all_post,40,0.1104431558470091,0.10751799711881808,0.11069494297769085,0.35118825188008546,-0.0029251587281910137,0.0002517871306817611
noise_scale,stable_low,3,398,early,12,0.08284296786254021,0.09078857421857088,0.0922395086293631,0.4132253644742198,0.007945606356030657,0.009396540766822897
noise_scale,stable_low,3,398,late,16,0.1358699700326194,0.12559570762128294,0.13373333773446183,0.38609305482495104,-0.010274262411336483,-0.0021366322981575883
noise_scale,stable_low,3,398,mid,12,0.10414092491733086,0.10014380601577882,0.09843251765032396,0.2426114020261305,-0.003997118901552057,-0.005708407267006908
noise_scale,stable_low,3,399,all_post,40,0.097053511924849,0.12529284032999682,0.12521627071771188,0.3630739525708649,0.028239328405147833,0.02816275879286288
noise_scale,stable_low,3,399,early,12,0.10646245464972885,0.17631699886613983,0.17539944212638903,0.3538928803756638,0.06985454421641095,0.0689369874766602
noise_scale,stable_low,3,399,late,16,0.10517766045970267,0.12689497120422016,0.12768228493603212,0.3697560693260594,0.021717310744517507,0.022504624476329435
noise_scale,stable_low,3,399,mid,12,0.07681237115349758,0.0721325072948894,0.07174508035127437,0.36334553575913997,-0.0046798638586081675,-0.005067290802223186
noise_scale,stable_low,6,390,all_post,39,0.13440467401452943,0.11839485499465298,0.11773899172939717,0.8407040982808985,-0.016009819019876453,-0.016665682285132256
noise_scale,stable_low,6,390,early,12,0.11558557946069829,0.11736179385986091,0.11811211336697096,0.864650440217802,0.001776214399162638,0.0025265339062726425
noise_scale,stable_low,6,390,late,15,0.14019387356582108,0.12165945017963205,0.12383605150564393,0.7273486585968514,-0.018534423386189033,-0.016357822060177166
noise_scale,stable_low,6,390,mid,12,0.14598726912924598,0.11534717214822114,0.10974454537151497,0.9584520559490536,-0.030640096981024812,-0.036242723757731014
noise_scale,stable_low,6,391,all_post,39,0.13524361665472268,0.12740009988252732,0.10724667439535836,0.14896949818468058,-0.007843516772195386,-0.02799694225936431
noise_scale,stable_low,6,391,early,12,0.2285261066426992,0.164945490520761,0.14813147975001592,0.1946894695342761,-0.0635806161219382,-0.08039462689268329
noise_scale,stable_low,6,391,late,15,0.08180916026757755,0.09989455251022704,0.07357658403667947,0.09039712259805094,0.018085392242649486,-0.008232576230898105
noise_scale,stable_low,6,391,mid,12,0.10875419715067754,0.12423664345966891,0.10844948198904947,0.17646499631837212,0.015482446308991355,-0.00030471516162810147
noise_scale,stable_low,6,392,all_post,39,0.14195223602000612,0.12505276775123106,0.1206057144784975,0.3967096642323328,-0.016899468268775038,-0.021346521541508626
noise_scale,stable_low,6,392,early,12,0.13728705224810805,0.1163356911736435,0.11537834689888767,0.5023181616712394,-0.020951361074464565,-0.021908705349220358
noise_scale,stable_low,6,392,late,15,0.16294213891779033,0.13934080346422598,0.13529903358334935,0.2786855187622639,-0.02360133545356428,-0.027643105334440896
noise_scale,stable_low,6,392,mid,12,0.12038004116967388,0.11590979968757492,0.10746643317704231,0.4386313486310121,-0.00447024148209896,-0.01291360799263156
noise_scale,stable_low,6,393,all_post,39,0.13864833703008125,0.2214911220547991,0.21983922570527895,0.2877733533710419,0.08284278502471777,0.0811908886751977
noise_scale,stable_low,6,393,early,12,0.11465103545022974,0.20528774401648123,0.20210068151104701,0.23116959226388908,0.09063670856625154,0.0874496460608173
noise_scale,stable_low,6,393,late,15,0.15587296500193273,0.2678521653425095,0.26700597351801275,0.3178392848141869,0.11197920034057679,0.11113300851608003
noise_scale,stable_low,6,393,mid,12,0.14111485364511842,0.17974319598347874,0.17861933513359363,0.3067947001742631,0.03862834233836029,0.03750448148847522
noise_scale,stable_low,6,394,all_post,39,0.08747697815538487,0.08488078568531655,0.08615123215601965,0.19881317741421817,-0.002596192470068314,-0.001325745999365253
noise_scale,stable_low,6,394,early,12,0.11670777383280928,0.11653727005823165,0.11652623566575859,0.17650283920937695,-0.00017050377457763477,-0.0001815381670506926
noise_scale,stable_low,6,394,late,15,0.07724279999973753,0.07141162678788701,0.06910077339285836,0.26945176619896666,-0.005831173211850519,-0.008142026606879177
noise_scale,stable_low,6,394,mid,12,0.07103890517251969,0.07006074993418844,0.07708930210023228,0.13282527963812388,-0.000978155238331237,0.006050396927712591
noise_scale,stable_low,6,395,all_post,39,0.20012448055303877,0.2317405499904776,0.1190376793514249,0.2884163611312406,0.031616069437438825,-0.08108680120161388
noise_scale,stable_low,6,395,early,12,0.1512791966789191,0.19938934786582738,0.11025472383719735,0.4112755618078366,0.04811015118690829,-0.04102447284172176
noise_scale,stable_low,6,395,late,15,0.27493599879190767,0.34779783267060804,0.13349647621934635,0.11239734574503195,0.0728618338787003,-0.1414395225725613
noise_scale,stable_low,6,395,mid,12,0.15545536662857226,0.1190201487649648,0.10974713878075053,0.38558092968740537,-0.036435217863607455,-0.04570822784782174
noise_scale,stable_low,6,396,all_post,39,0.07194238657569373,0.07362618611935605,0.07427056786993728,0.13356937947025396,0.0016837995436623104,0.0023281812942435587
noise_scale,stable_low,6,396,early,12,0.0686587730664753,0.0899646230482651,0.09292716923035342,0.1506599542108523,0.021305849981789776,0.0242683961638781
noise_scale,stable_low,6,396,late,15,0.04711780611462988,0.050135943055686576,0.04984123551596125,0.12074341121864313,0.0030181369410566873,0.00272342940133137
noise_scale,stable_low,6,396,mid,12,0.106256725661242,0.08665055302003387,0.08615063195199126,0.1325112650441691,-0.01960617264120813,-0.020106093709250743
noise_scale,stable_low,6,397,all_post,39,0.07422762977904987,0.07474773064946962,0.08448194083715811,1.2570978248801483,0.0005201008704197621,0.01025431105810823
noise_scale,stable_low,6,397,early,12,0.08626983421478307,0.07646769458673976,0.08258119188835424,1.3599346585953873,-0.00980213962804332,-0.0036886423264288278
noise_scale,stable_low,6,397,late,15,0.08466141923488103,0.09201215734197143,0.10873255851172509,1.205615091553295,0.007350738107090389,0.024071139276844043
noise_scale,stable_low,6,397,mid,12,0.04914318852352773,0.0514472333465723,0.05606941769275326,1.218614407823475,0.00230404482304456,0.006926229169225531
noise_scale,stable_low,6,398,all_post,39,0.12957814383339736,0.20898282996977136,0.1369947711895278,0.71547143657897,0.07940468613637391,0.007416627356130392
noise_scale,stable_low,6,398,early,12,0.09243582706076171,0.12253560685361158,0.11462013542914112,0.9722915152358979,0.030099779792849862,0.022184308368379414
noise_scale,stable_low,6,398,late,15,0.1622854677177902,0.21598457684279493,0.17237706414044782,0.6682839017694575,0.05369910912500475,0.01009159642265758
noise_scale,stable_low,6,398,mid,12,0.125836305750542,0.28667786949465146,0.11514154076126437,0.5176357764339331,0.1608415637441095,-0.010694764989277608
noise_scale,stable_low,6,399,all_post,39,0.12661168704414916,0.15826872014884252,0.15826872014884252,0.8681979361063011,0.03165703310469336,0.03165703310469336
noise_scale,stable_low,6,399,early,12,0.17339547533023383,0.2429310265422894,0.2429310265422894,1.0408434777956819,0.06953555121205555,0.06953555121205555
noise_scale,stable_low,6,399,late,15,0.11991349074050976,0.14725525439742304,0.14725525439742304,0.7903224488434691,0.02734176365691326,0.02734176365691326
noise_scale,stable_low,6,399,mid,12,0.08820064413761365,0.08737324594466994,0.08737324594466994,0.7928967534954606,-0.0008273981929437096,-0.0008273981929437096
noise_scale,stable_low,12,390,all_post,37,0.17238158441555618,0.15399372151349872,0.15811053406622472,2.7010375637017474,-0.018387862902057447,-0.01427105034933145
noise_scale,stable_low,12,390,early,12,0.15537713600052508,0.14995655943571848,0.1606443100144764,2.836516343204886,-0.005420576564806621,0.005267174013951316
noise_scale,stable_low,12,390,late,13,0.16799868350787991,0.13313347632120598,0.14480303279584505,2.3517441429073145,-0.0348652071866739,-0.023195650712034853
noise_scale,stable_low,12,390,mid,12,0.19413417548056985,0.18062948254959602,0.16999321782755097,2.943959990059246,-0.013504692930973785,-0.02414095765301887
noise_scale,stable_low,12,391,all_post,37,0.19218079030016313,0.21273911539454163,0.15878399465269885,0.22592060867213926,0.020558325094378434,-0.033396795647464325
noise_scale,stable_low,12,391,early,12,0.2989272715699623,0.2955465428160345,0.2228561105327231,0.3080932957466037,-0.0033807287539278463,-0.07607116103723917
noise_scale,stable_low,12,391,late,13,0.1270858134018837,0.17833034860137428,0.10476658514748252,0.16757414235001808,0.05124453519949054,-0.022319228254401233
noise_scale,stable_low,12,391,mid,12,0.1559538673368335,0.16720785199898006,0.15323073906999238,0.20695659344663941,0.011253984662146591,-0.0027231282668411134
noise_scale,stable_low,12,392,all_post,37,0.22411295171771797,0.1798657102561434,1.2129746953626472,1.110969128300076,-0.04424724146157461,0.9888617436449292
noise_scale,stable_low,12,392,early,12,0.1582206543786888,0.15457252843710526,1.5152656010240062,1.38319131111278,-0.003648125941583516,1.3570449466453176
noise_scale,stable_low,12,392,late,13,0.3478403899947425,0.24561972587687925,0.6637490295073227,0.6601604720888958,-0.10222066411786311,0.3159086395125803
noise_scale,stable_low,12,392,mid,12,0.15596719092330405,0.13392537515271757,1.5056782610445563,1.3271229897161503,-0.022041815770586493,1.3497110701212518
noise_scale,stable_low,12,393,all_post,37,0.32995511882729617,0.3505485414200751,0.35920931106111254,0.6596948603875542,0.02059342259277893,0.02925419223381632
noise_scale,stable_low,12,393,early,12,0.366138929272908,0.311484235780748,0.33279762763140314,0.5800946714325143,-0.05465469349215991,-0.03334130164150478
noise_scale,stable_low,12,393,late,13,0.4017768939835132,0.4668730415224729,0.4661730729966855,0.9364376688460729,0.06509614753895981,0.06439617901317239
noise_scale,stable_low,12,393,mid,12,0.21596438529578277,0.263594638615138,0.26974358572728446,0.43949034017919936,0.0476302533193552,0.05377920043150166
noise_scale,stable_low,12,394,all_post,37,0.16512877274536267,0.35279575258621054,0.2015084610203318,0.44807837777146237,0.18766697984084788,0.036379688274969124
noise_scale,stable_low,12,394,early,12,0.2858485317889935,0.3819320782186202,0.26052659317199783,0.19242569523657124,0.09608354642962669,-0.025321938616995606
noise_scale,stable_low,12,394,late,13,0.10387768395268131,0.3348855445360587,0.12627366320552463,0.7834158511627424,0.23100786058337727,0.02239597925284333
noise_scale,stable_low,12,394,mid,12,0.11076435989380333,0.3430621523414654,0.2239946931680401,0.34044879746580053,0.23229779244766213,0.1132303332742368
noise_scale,stable_low,12,395,all_post,37,0.5624411066258671,0.3584031148554766,0.3138086445543449,0.7235831157433745,-0.20403799177039045,-0.24863246207152215
noise_scale,stable_low,12,395,early,12,0.25770455251953606,0.23329210637390277,0.18959371124869798,1.1719586193292795,-0.0244124461456333,-0.06811084127083812
noise_scale,stable_low,12,395,late,13,1.0766159825966877,0.6245301381929167,0.5357732782231525,0.1794674023124233,-0.4520858444037711,-0.5408427043735352
noise_scale,stable_low,12,395,mid,12,0.31015487843047573,0.19520984805482386,0.19756189138545024,0.8646663017076667,-0.11494503037565189,-0.11259298704502546
noise_scale,stable_low,12,396,all_post,37,0.1519929035477124,0.17387993983788,0.12412442688370154,0.24869001736179475,0.021887036290167607,-0.027868476664010836
noise_scale,stable_low,12,396,early,12,0.2341592124635652,0.2496339937385721,0.18637083814004218,0.3069729335732171,0.015474781275006955,-0.04778837432352303
noise_scale,stable_low,12,396,late,13,0.07160830078007076,0.08011927467509714,0.05729570166975514,0.2747423452441439,0.00851097389502636,-0.014312599110315636
noise_scale,stable_low,12,396,mid,12,0.15690991429680465,0.19969993986353593,0.13427580127580288,0.1621837459444941,0.04279002556673128,-0.022634113021001767
noise_scale,stable_low,12,397,all_post,37,0.08970846719370504,0.09243674107125753,0.10880447695326212,4.286012165801957,0.002728273877552479,0.019096009759557105
noise_scale,stable_low,12,397,early,12,0.11233527385184988,0.09958630599532431,0.11425959248533069,4.486044533304519,-0.012748967856525593,0.0019243186334807927
noise_scale,stable_low,12,397,late,13,0.10705387680174816,0.12367279730426264,0.15376973637312255,4.20076970081415,0.016618920502514487,0.04671585957137439
noise_scale,stable_low,12,397,mid,12,0.048290800126846785,0.05144811522810183,0.05463699704967815,4.178325802036186,0.0031573151012550395,0.006346196922831355
noise_scale,stable_low,12,398,all_post,37,0.16481363822374723,0.3440613459095083,0.1780098877196249,1.9768499502889776,0.1792477076857611,0.013196249495877688
noise_scale,stable_low,12,398,early,12,0.09731584829406113,0.16034097831106695,0.1239341247178553,2.8286940282268893,0.0630251300170058,0.026618276423794163
noise_scale,stable_low,12,398,late,13,0.18608288638957207,0.34874614973018053,0.23056781345401545,1.7286091269486976,0.1626632633406084,0.04448492706444332
noise_scale,stable_low,12,398,mid,12,0.2092697426404563,0.5227065093688882,0.1751478978424715,1.3939334309697031,0.31343676672843174,-0.034121844797984885
noise_scale,stable_low,12,399,all_post,37,0.27124798580332776,0.26547371698296246,0.26547371698296246,2.8096281176850235,-0.005774268820365255,-0.005774268820365255
noise_scale,stable_low,12,399,early,12,0.42509830272907917,0.4504457672016084,0.4504457672016084,3.6357932578587335,0.025347464472529252,0.025347464472529252
noise_scale,stable_low,12,399,late,13,0.25426733106608645,0.22509247335751092,0.22509247335751092,2.3398699382317334,-0.029174857708575495,-0.029174857708575495
noise_scale,stable_low,12,399,mid,12,0.13579337817625434,0.12424801402522238,0.12424801402522238,2.4923676719190455,-0.011545364151031995,-0.011545364151031995
persistence,high_to_low,1,390,all_post,40,0.4256392108428301,0.49657455395516675,0.49657455395516675,0.4965745573991227,0.07093534311233661,0.07093534311233661
persistence,high_to_low,1,390,early,12,0.39426291073913083,0.6479983027786524,0.6479983027786524,0.6479983113835708,0.2537353920395217,0.2537353920395217
persistence,high_to_low,1,390,late,16,0.44200810261445944,0.35871868619091546,0.35871868619091546,0.35871868892672054,-0.08328941642354397,-0.08328941642354397
persistence,high_to_low,1,390,mid,12,0.4351903219176905,0.5289586288173495,0.5289586288173495,0.5289586280445441,0.09376830689965888,0.09376830689965888
persistence,high_to_low,1,391,all_post,40,0.4152700517505773,0.5760084156195697,0.5760084156195713,0.5760084229305955,0.16073836386899246,0.16073836386899418
persistence,high_to_low,1,391,early,12,0.6445687829314778,0.6982142644169099,0.6982142644169071,0.6982142712677349,0.05364548148543232,0.053645481485429476
persistence,high_to_low,1,391,late,16,0.28121139231513026,0.33375999152460983,0.3337599915246117,0.3337599938109708,0.052548599209479525,0.052548599209481454
persistence,high_to_low,1,391,mid,12,0.3647161998169393,0.7768004656155093,0.7768004656155152,0.776800480086289,0.4120842657985699,0.4120842657985759
persistence,high_to_low,1,392,all_post,40,0.48327262910338253,0.4887537658458728,0.4887537658458728,0.48875377176198737,0.005481136742490336,0.005481136742490336
persistence,high_to_low,1,392,early,12,0.5217743594742156,0.4660769994085075,0.4660769994085075,0.4660770040342823,-0.055697360065707975,-0.055697360065707975
persistence,high_to_low,1,392,late,16,0.43336845746795294,0.40896015396231067,0.40896015396231067,0.40896015754318,-0.024408303505642263,-0.024408303505642263
persistence,high_to_low,1,392,mid,12,0.5113097942464556,0.6178220147946546,0.6178220147946546,0.6178220251147691,0.1065122205481988,0.1065122205481988
persistence,high_to_low,1,393,all_post,40,0.3632067406169555,0.5550313379495659,0.5550313379495692,0.5550313467657432,0.1918245973326104,0.19182459733261367
persistence,high_to_low,1,393,early,12,0.5205107723093625,0.682820594285969,0.6828205942859751,0.6828206010373914,0.16230982197660637,0.1623098219766126
persistence,high_to_low,1,393,late,16,0.3126727208553751,0.2981613254414949,0.298161325441506,0.29816133007017764,-0.014511395413880256,-0.014511395413869185
persistence,high_to_low,1,393,mid,12,0.27328140193998895,0.7697354316239241,0.7697354316239142,0.7697354480881824,0.4964540296839353,0.49645402968392527
persistence,high_to_low,1,394,all_post,40,0.3630174356352486,0.34588455181282096,0.3525128306479181,0.5085008411917766,-0.017132883822427593,-0.010504604987330468
persistence,high_to_low,1,394,early,12,0.42444735825903623,0.4966451371325666,0.5101574222311226,0.7368190744881572,0.07219777887353027,0.08571006397208632
persistence,high_to_low,1,394,late,16,0.2992353650179082,0.35814276303625925,0.3609853667853676,0.42736346329630304,0.05890739801835106,0.06175000176745937
persistence,high_to_low,1,394,mid,12,0.38663027383458143,0.17877968486182436,0.18357152421478098,0.3883657784226942,-0.20785058897275702,-0.2030587496198004
persistence,high_to_low,1,395,all_post,40,0.44578706235912174,0.4092273149377115,0.475665379617152,0.47755923388774546,-0.03655974742141029,0.02987831725803024
persistence,high_to_low,1,395,early,12,0.5355076476994438,0.4754760283760267,0.6515936091644269,0.6547902761732987,-0.060031619323417024,0.11608596146498312
persistence,high_to_low,1,395,late,16,0.4128655029590139,0.35685520623166295,0.31705271155496695,0.31785356826714817,-0.05601029672735098,-0.09581279140404693
persistence,high_to_low,1,395,mid,12,0.39996188955227696,0.4128080797741276,0.5112207074861238,0.5132690790963219,0.012846190221850656,0.1112588179338469
persistence,high_to_low,1,396,all_post,40,0.2819442504380657,0.25199359360973517,0.24991610290745775,0.35286000924423044,-0.029950656828330525,-0.03202814753060793
persistence,high_to_low,1,396,early,12,0.18636831095227846,0.1729543169628542,0.17185428637523126,0.3693959826120512,-0.013413993989424255,-0.014514024577047188
persistence,high_to_low,1,396,late,16,0.18262507234520736,0.19074811933128483,0.18735931865209637,0.13941775619679975,0.00812304698607747,0.004734246306888987
persistence,high_to_low,1,396,mid,12,0.5099457607143306,0.4126935026278833,0.4113869651134994,0.6209137066063174,-0.09725225808644745,-0.09855879560083124
persistence,high_to_low,1,397,all_post,40,0.39854511561063743,0.46725867282604483,0.4157776905084599,0.5895964978883592,0.06871355721540742,0.017232574897822574
persistence,high_to_low,1,397,early,12,0.46784080604236533,0.6090309197986605,0.5246674634170516,0.8624909396561171,0.14119011375629523,0.056826657374686264
persistence,high_to_low,1,397,late,16,0.4603450691892239,0.497570758485962,0.44112679400435395,0.5431518305394885,0.03722568929673818,-0.019218275184869973
persistence,high_to_low,1,397,mid,12,0.24684948707412765,0.2850703116402062,0.2730891129386765,0.3786282792524291,0.03822082456607856,0.02623962586454888
persistence,high_to_low,1,398,all_post,40,0.3438641191079773,0.4926128831835571,0.6763912157116717,0.7212126703523255,0.14874876407557988,0.33252709660369456
persistence,high_to_low,1,398,early,12,0.3946033169107832,0.5938224693750869,0.8976427510418233,0.9465294614654347,0.19921915246430374,0.50303943413104
persistence,high_to_low,1,398,late,16,0.2894215332845975,0.513799517428151,0.7598487905983059,0.8163167201930632,0.22437798414355356,0.4704272573137085
persistence,high_to_low,1,398,mid,12,0.3657150357363444,0.36315445133256885,0.34386291386600815,0.3690904794515657,-0.002560584403775549,-0.02185212187033624
persistence,high_to_low,1,399,all_post,40,0.30046848963424405,0.6384727433468362,0.6565679444335334,0.6188800623912512,0.3380042537125923,0.35609945479928945
persistence,high_to_low,1,399,early,12,0.17621391212549264,0.1941207569608884,0.19189026352589222,0.27694976364749446,0.01790684483539581,0.015676351400399618
persistence,high_to_low,1,399,late,16,0.25991675023844185,0.7009740632198376,0.7254017431132536,0.7483296101663843,0.44105731298139583,0.46548499287481176
persistence,high_to_low,1,399,mid,12,0.47879205300406485,0.9994896365687823,1.0294672271015477,0.7882109641014968,0.5206975835647174,0.5506751740974828
persistence,high_to_low,3,390,all_post,40,0.37486462298147805,0.3531933866214412,0.3769989221531538,0.6693577931388367,-0.021671236360036903,0.0021342991716757605
persistence,high_to_low,3,390,early,12,0.40435832379443615,0.361446306369964,0.4326041161785754,0.7087237873196196,-0.042912017424472114,0.028245792384139295
persistence,high_to_low,3,390,late,16,0.38423342686505674,0.3612985430716389,0.38905003736503146,0.6447760785276531,-0.022934883793417796,0.004816610499974748
persistence,high_to_low,3,390,mid,12,0.3328791836570817,0.3341335916059878,0.3053255745118953,0.6627674184396316,0.001254407948906175,-0.027553609145186415
persistence,high_to_low,3,391,all_post,40,0.3524831163664325,0.5151111903382086,0.5151111903382086,0.5151111978107941,0.16262807397177625,0.16262807397177625
persistence,high_to_low,3,391,early,12,0.4303687061481452,0.5675486624219538,0.5675486624219538,0.5675486710292769,0.13717995627380855,0.13717995627380855
persistence,high_to_low,3,391,late,16,0.2198761905755726,0.2813086629569902,0.2813086629569902,0.28130866553030776,0.06143247238141759,0.06143247238141759
persistence,high_to_low,3,391,mid,12,0.45140676097253274,0.7744104214294216,0.7744104214294216,0.7744104342996264,0.3230036604568888,0.3230036604568888
persistence,high_to_low,3,392,all_post,40,0.46157455679948284,0.5597854452500112,0.5597854452500112,0.5597854514072258,0.09821088845052825,0.09821088845052825
persistence,high_to_low,3,392,early,12,0.6291949175180783,0.6388244720044748,0.6388244720044748,0.6388244786504708,0.009629554486396418,0.009629554486396418
persistence,high_to_low,3,392,late,16,0.4057406771207273,0.46694764054988164,0.46694764054988164,0.4669476443731815,0.06120696342915429,0.06120696342915429
persistence,high_to_low,3,392,mid,12,0.36839936898589487,0.6045301580957203,0.6045301580957203,0.60453016687604,0.23613078910982532,0.23613078910982532
persistence,high_to_low,3,393,all_post,40,0.40089756664083503,0.5977029660074098,0.5977029660074098,0.5977029753081027,0.19680539936657476,0.19680539936657476
persistence,high_to_low,3,393,early,12,0.4068406283593024,0.4703400487404162,0.4703400487404162,0.47034005327761447,0.06349942038111381,0.06349942038111381
persistence,high_to_low,3,393,late,16,0.3273848460780035,0.37832354698269405,0.37832354698269405,0.3783235526120652,0.050938700904690576,0.050938700904690576
persistence,high_to_low,3,393,mid,12,0.49297146567280986,1.0175717753073579,1.0175717753073579,1.0175717942666411,0.5246003096345482,0.5246003096345482
persistence,high_to_low,3,394,all_post,40,0.2959255232028493,0.3903735581273696,0.36089251041488196,0.4180923954243573,0.09444803492452036,0.06496698721203267
persistence,high_to_low,3,394,early,12,0.44173399005038655,0.5466511772908904,0.49111435558210736,0.5953001038857962,0.10491718724050386,0.04938036553172081
persistence,high_to_low,3,394,late,16,0.2350544880362675,0.36101824306158975,0.345234529314572,0.37777561850197805,0.12596375502532223,0.11018004127830447
persistence,high_to_low,3,394,mid,12,0.23127843657742106,0.2732363590515554,0.25154797338140317,0.2946403895260907,0.04195792247413438,0.02026953680398214
persistence,high_to_low,3,395,all_post,40,0.39140609440074475,0.3532978565182289,0.5015473258237386,0.501547332447951,-0.03810823788251581,0.11014123142299384
persistence,high_to_low,3,395,early,12,0.45818524194482935,0.4263105590244563,0.6479504191343918,0.6479504287166359,-0.03187468292037309,0.18976517718956246
persistence,high_to_low,3,395,late,16,0.41823927993554466,0.27872263632503175,0.28540407576213034,0.2854040795018087,-0.13951664361051286,-0.13283520417341432
persistence,high_to_low,3,395,mid,12,0.28884936614359363,0.37971878093626454,0.6433352325952298,0.6433352401074556,0.09086941479267091,0.3544858664516361
persistence,high_to_low,3,396,all_post,40,0.22094847232463183,0.2435657499027295,0.22713690831059746,0.38368606068577776,0.022617277578097724,0.006188435985965669
persistence,high_to_low,3,396,early,12,0.2459566018670353,0.2444016769969984,0.23089646305403247,0.4560337706253354,-0.0015549248700368202,-0.015060138813002793
persistence,high_to_low,3,396,late,16,0.17158112377488044,0.20685001212075216,0.1881227301902087,0.2560429959319852,0.03526888834587173,0.016541606415328286
persistence,high_to_low,3,396,mid,12,0.2617634741818968,0.2916841398510971,0.2753962577276808,0.4815291037512768,0.029920665669200264,0.01363278354578397
persistence,high_to_low,3,397,all_post,40,0.2951813628020442,0.41740530974918577,0.3417231840826343,0.7377493539500645,0.12222394694714153,0.046541821280590014
persistence,high_to_low,3,397,early,12,0.40864277350587014,0.5227599633622825,0.376602497822678,0.9491166766419986,0.11411718985641241,-0.03204027568319215
persistence,high_to_low,3,397,late,16,0.30158538982980543,0.4546834725262255,0.38515011799752297,0.711603478297306,0.15309808269642006,0.08356472816771751
persistence,high_to_low,3,397,mid,12,0.17318124939453675,0.2623464391000361,0.2489412917894056,0.5612431987951417,0.08916518970549936,0.07576004239486885
persistence,high_to_low,3,398,all_post,40,0.3882042081149626,0.5980357130334288,0.49138332697580867,0.9179030414586883,0.20983150491846625,0.1031791188608461
persistence,high_to_low,3,398,early,12,0.3219172310807982,0.44369206189481925,0.399325508562616,0.8939410324053364,0.12177483081402106,0.07740827748181776
persistence,high_to_low,3,398,late,16,0.4388454791359798,0.7268198044759786,0.5880084455613341,1.167095117112999,0.2879743253399988,0.1491629664253543
persistence,high_to_low,3,398,mid,12,0.38696949045443724,0.5806672422486386,0.4546076539416341,0.6096089496396261,0.19369775179420134,0.06763816348719685
persistence,high_to_low,3,399,all_post,40,0.31470517782911644,0.7750583710861502,0.3621211750048838,0.7616646426061355,0.4603531932570338,0.04741599717576733
persistence,high_to_low,3,399,early,12,0.32636273057873283,0.4079338538497153,0.3104407648723096,0.5292700049417617,0.08157112327098247,-0.015921965706423218
persistence,high_to_low,3,399,late,16,0.3392242427478784,0.8296326258244364,0.3859528000479583,0.8913595891813162,0.49040838307655804,0.046728557300079895
persistence,high_to_low,3,399,mid,12,0.27035553852115096,1.0694172153382036,0.3820260850800254,0.8211326848369351,0.7990616768170526,0.11167054655887448
persistence,high_to_low,6,390,all_post,39,0.3852668516358131,0.3604221581622809,0.38933080298925116,1.2099933700517793,-0.02484469347353224,0.004063951353437974
persistence,high_to_low,6,390,early,12,0.396393117637905,0.3569759633235658,0.42574497385621696,1.289245029216503,-0.039417154314339314,0.02935185621831191
persistence,high_to_low,6,390,late,15,0.4050984208012379,0.3748919227578236,0.40756522155685104,1.0285320851383661,-0.03020649804341428,0.0024668007556130855
persistence,high_to_low,6,390,mid,12,0.34935112417694025,0.3457811472565677,0.3301236089127854,1.3575683170288217,-0.003569976920372616,-0.01922751526415486
persistence,high_to_low,6,391,all_post,39,0.3691369491562225,0.38599397177066747,0.4393109345557338,0.5215157076055257,0.016857022614444883,0.07017398539951135
persistence,high_to_low,6,391,early,12,0.5363999456641729,0.522655554562397,0.5640329507528685,0.6708031243799804,-0.013744391101775883,0.02763300508869576
persistence,high_to_low,6,391,late,15,0.21528082445776348,0.27502977323472483,0.2669465980768164,0.2827986208149076,0.05974894877696131,0.05166577361905298
persistence,high_to_low,6,391,mid,12,0.39419410852134623,0.3880376371488663,0.530044338957246,0.6706246493193438,-0.006156471372479895,0.13585023043589994
persistence,high_to_low,6,392,all_post,39,0.5091550813378501,0.7962933400125118,0.7962933400125118,0.7962933464324021,0.2871382586746614,0.2871382586746614
persistence,high_to_low,6,392,early,12,0.6286578007739791,0.974700937957421,0.974700937957421,0.9747009444472542,0.34604313718344165,0.34604313718344165
persistence,high_to_low,6,392,late,15,0.525933537111672,0.6847521770335626,0.6847521770335626,0.6847521841926969,0.1588186399218906,0.1588186399218906
persistence,high_to_low,6,392,mid,12,0.3686792921844441,0.7573121957912888,0.7573121957912888,0.7573122012171817,0.38863290360684477,0.38863290360684477
persistence,high_to_low,6,393,all_post,39,0.4519154943253008,0.7380338159215933,0.7380338159215933,0.7380338264261376,0.28611832159629264,0.28611832159629264
persistence,high_to_low,6,393,early,12,0.5122604573941826,0.5645160175529159,0.5645160175529159,0.5645160217270043,0.05225556015873331,0.05225556015873331
persistence,high_to_low,6,393,late,15,0.409929908272577,0.6238224579037792,0.6238224579037792,0.623822465361014,0.21389254963120222,0.21389254963120222
persistence,high_to_low,6,393,mid,12,0.4440525138223235,1.0543158118125386,1.0543158118125386,1.0543158324566748,0.6102632979902151,0.6102632979902151
persistence,high_to_low,6,394,all_post,39,0.3590282442611253,0.44808236690885567,0.4248049796861076,0.46967094103919294,0.08905412264773058,0.06577673542498216
persistence,high_to_low,6,394,early,12,0.5025675902637508,0.5505112196161812,0.4914952811178736,0.5979666012345378,0.047943629352430524,-0.011072309145877124
persistence,high_to_low,6,394,late,15,0.2549193168436371,0.4852735714124537,0.48339718195933806,0.4916643609760833,0.23035425456881675,0.22847786511570084
persistence,high_to_low,6,394,mid,12,0.34562505753036005,0.29916450857203297,0.2848744254128031,0.31388350592273506,-0.046460548958327054,-0.06075063211755688
persistence,high_to_low,6,395,all_post,39,0.5153653085495558,0.37228460393274015,0.6537128879766703,0.6537128948463531,-0.14308070461681568,0.1383475794271145
persistence,high_to_low,6,395,early,12,0.36419409343005515,0.38332763406528664,0.8309907174303675,0.8309907240796052,0.019133540635231497,0.46679662400031224
persistence,high_to_low,6,395,late,15,0.7864185610000054,0.42494460978512183,0.3782050031856545,0.37820500940150814,-0.36147395121488385,-0.40821355781435115
persistence,high_to_low,6,395,mid,12,0.3277199581059939,0.2954165664847163,0.8208199145117426,0.8208199224191569,-0.032303391621277655,0.49309995640574883
persistence,high_to_low,6,396,all_post,39,0.22778061911088243,0.24539615688844754,0.23404681231258018,0.38927144780861817,0.0176155377775651,0.006266193201697651
persistence,high_to_low,6,396,early,12,0.2438259656229289,0.23943603022764495,0.25315140846214207,0.40940435810946535,-0.004389935395283977,0.009325442839213131
persistence,high_to_low,6,396,late,15,0.17351819386217068,0.1904210789978417,0.17814700748847848,0.3078069207878939,0.016902885135671026,0.004628813626307811
persistence,high_to_low,6,396,mid,12,0.2795633041597257,0.32007513091250744,0.2848169721931452,0.470969196283676,0.040511826752781754,0.005253668033419476
persistence,high_to_low,6,397,all_post,39,0.26482822027859326,0.298240022116364,0.3076528317388009,1.5781112430575346,0.03341180183777069,0.04282461146020759
persistence,high_to_low,6,397,early,12,0.32314468536039137,0.28285514216191615,0.2897916498590497,1.8584743063258138,-0.04028954319847517,-0.0333530355013417
persistence,high_to_low,6,397,late,15,0.27789723990262094,0.36919889077341833,0.38283850793744606,1.5220861002834398,0.0913016508707974,0.1049412680348251
persistence,high_to_low,6,397,mid,12,0.19017548066676068,0.22492631624949386,0.23153191837024564,1.367779608256874,0.034750835582733175,0.041356437703485
persistence,high_to_low,6,398,all_post,39,0.43333362118553037,0.47017527015032595,0.552005258380913,1.3545238606294132,0.03684164896479548,0.11867163719538255
persistence,high_to_low,6,398,early,12,0.34250161634711146,0.3241682475844087,0.44300078683176625,1.5964207435341917,-0.01833336876270273,0.10049917048465475
persistence,high_to_low,6,398,late,15,0.48706055518123664,0.5140470519062863,0.6973950525106578,1.5123983091451834,0.026986496725049693,0.21033449732942122
persistence,high_to_low,6,398,mid,12,0.45700695852931655,0.5613425655212925,0.4792724872678786,0.915283917079922,0.1043356069919759,0.022265528738562034
persistence,high_to_low,6,399,all_post,39,0.29492383746564205,0.3529380392687364,0.32238887453732495,1.2397346300161043,0.05801420180309432,0.027465037071682942
persistence,high_to_low,6,399,early,12,0.21738410548154707,0.43522080423148224,0.35806321671430563,1.2051573738867443,0.21783669874993525,0.14067911123275856
persistence,high_to_low,6,399,late,15,0.3634445711454467,0.3338923458923031,0.33355198920606366,1.3547766399075685,-0.029552225253143546,-0.029892581939383007
persistence,high_to_low,6,399,mid,12,0.2868126523499814,0.2944623910265321,0.2727606390244211,1.1305093737811345,0.00764973867655074,-0.014052013325560256
persistence,high_to_low,12,390,all_post,37,0.4125868381269507,0.3803394738643357,0.4086966457851407,3.1537443057616232,-0.03224736426261488,-0.0038901923418099868
persistence,high_to_low,12,390,early,12,0.4254063232705809,0.37706557165209764,0.4311958124484914,3.359097391377109,-0.04834075161848325,0.005789489177910463
persistence,high_to_low,12,390,late,13,0.3987305469451564,0.35851715129707007,0.3820705445697845,2.6640502248692917,-0.040213395648086264,-0.016660002375371866
persistence,high_to_low,12,390,mid,12,0.4147783350969308,0.40725422552444496,0.4150424221050924,3.478893141112831,-0.0075241095724858376,0.0002640870081615787
persistence,high_to_low,12,391,all_post,37,0.48425590786189243,0.5146723590971879,0.4884458349096013,0.6289181372890671,0.03041645123529556,0.0041899270477088356
persistence,high_to_low,12,391,early,12,0.7959549488463163,0.729701287124866,0.6858636558208486,0.8303466669339686,-0.06625366172145052,-0.11009129302546768
persistence,high_to_low,12,391,late,13,0.22940509251168487,0.3805351521386927,0.3565832500887124,0.3772416226558499,0.15113005962700787,0.12717815757702758
persistence,high_to_low,12,391,mid,12,0.44864525017352713,0.4449587386078804,0.43387914755431706,0.7001391651634844,-0.0036865115656467087,-0.014766102619209956
persistence,high_to_low,12,392,all_post,37,0.9676049904617074,1.5018711378659908,1.5018711378659908,1.5018711426063127,0.5342661474042838,0.5342661474042838
persistence,high_to_low,12,392,early,12,1.4725499007290204,1.7827478004834847,1.7827478004834847,1.7827478023970242,0.3101978997544644,0.3101978997544644
persistence,high_to_low,12,392,late,13,0.9991134010187539,1.1781559703935518,1.1781559703935518,1.1781559816390001,0.1790425693747979,0.1790425693747979
persistence,high_to_low,12,392,mid,12,0.42852596875759347,1.5716859066769722,1.5716859066769722,1.571685907196856,1.1431599379193786,1.1431599379193786
persistence,high_to_low,12,393,all_post,37,0.6694662493863773,0.7091948762839981,1.2898498846422517,1.145476966973123,0.039728626897620876,0.6203836352558746
persistence,high_to_low,12,393,early,12,0.7051884651462114,0.5990031371790998,1.161633761472996,0.8742840381090798,-0.10618532796711139,0.45644529632678466
persistence,high_to_low,12,393,late,13,0.7265481779360078,0.8827388100584842,1.8294637165019445,1.3599481577530015,0.15619063212247633,1.1029155385659366
persistence,high_to_low,12,393,mid,12,0.571905277697777,0.6313806871332034,0.8334843566301743,1.1843261058256316,0.059475409435426375,0.26157907893239735
persistence,high_to_low,12,394,all_post,37,0.634797385033656,1.3001306258285725,0.7431293307393648,0.7065800279228703,0.6653332407949166,0.10833194570570884
persistence,high_to_low,12,394,early,12,1.0422828008284848,1.529882294276776,1.1167022451452484,0.6006158948761723,0.4875994934482913,0.07441944431676382
persistence,high_to_low,12,394,late,13,0.3104710684278965,1.3564047912696073,0.5482869918732622,0.9657711068466658,1.0459337228417107,0.23781592344536567
persistence,high_to_low,12,394,mid,12,0.5786654788950666,1.0094152781525814,0.5806356167717589,0.5317538254687896,0.4307497992575149,0.001970137876692248
persistence,high_to_low,12,395,all_post,37,0.9527497690478886,0.5595637021338012,0.5459745985220158,1.1091142257495878,-0.3931860669140871,-0.40677517052587253
persistence,high_to_low,12,395,early,12,0.4011086780872293,0.4128681844444586,0.4170003925532671,1.5978999480202931,0.011759506357229395,0.015891714466037873
persistence,high_to_low,12,395,late,13,1.9512493717655939,0.8474475639564217,0.8017238756696946,0.4868456270177797,-1.1038018078091723,-1.1495254960958992
persistence,high_to_low,12,395,mid,12,0.4226829570643667,0.3943850361819719,0.3978870875807794,1.294452818771674,-0.028297920882394786,-0.024795869483587293
persistence,high_to_low,12,396,all_post,37,0.3066100969044911,0.29565920790588557,0.30381481344334504,0.48699442072013,-0.010950888998605518,-0.002795283461146005
persistence,high_to_low,12,396,early,12,0.3459288516570012,0.356266704143579,0.3830739526055389,0.5265555186565188,0.010337852486577764,0.03714510094853761
persistence,high_to_low,12,396,late,13,0.21940149310319304,0.18879178143025854,0.19045572250469497,0.46215627723203484,-0.030609711672934508,-0.02894577059849807
persistence,high_to_low,12,396,mid,12,0.36176732960338703,0.350824757016788,0.34736135613135555,0.47434131156251097,-0.010942572586599067,-0.014405973472031555
persistence,high_to_low,12,397,all_post,37,0.27255455442312904,0.3369362280141691,0.3023176638472248,4.668590794329663,0.06438167359104016,0.029763109424095786
persistence,high_to_low,12,397,early,12,0.3382279660455206,0.3330709725944618,0.29647212928090416,5.051035894922314,-0.005156993451058846,-0.04175583676461644
persistence,high_to_low,12,397,late,13,0.2924574013510148,0.4548711672837866,0.4026927022298653,4.614785312842147,0.16241376593277176,0.11023530087885043
persistence,high_to_low,12,397,mid,12,0.18531972529552773,0.21303863255845765,0.19942357349901826,4.344434965348489,0.027718907262929932,0.014103848203490489
persistence,high_to_low,12,398,all_post,37,0.4724658865566822,0.6109616217245333,0.5768355459402512,2.70675514081343,0.1384957351678513,0.10436965938356907
persistence,high_to_low,12,398,early,12,0.3101867906462707,0.3345997488469093,0.3840518904994889,3.5829752210518255,0.02441295820063859,0.0738650998532182
persistence,high_to_low,12,398,late,13,0.5056351989638761,0.6315715647748807,0.7776139368593297,2.8507264050689276,0.12593636581100456,0.2719787378954535
persistence,high_to_low,12,398,mid,12,0.5988115606926334,0.8649960562976148,0.5521092778853453,1.6745661909649119,0.2661844956049813,-0.04670228280728822
persistence,high_to_low,12,399,all_post,37,0.3780110471191215,0.479261107820257,0.430056362979495,3.229982631121703,0.10125006070113564,0.052045315860373656
persistence,high_to_low,12,399,early,12,0.3374583033321679,0.7055365646048277,0.5911065033529344,3.818293077286017,0.3680782612726598,0.25364820002076643
persistence,high_to_low,12,399,late,13,0.42450517586987035,0.3835037587206141,0.3829223081383408,3.0926132345289847,-0.04100141714925634,-0.041582867731529596
persistence,high_to_low,12,399,mid,12,0.36819515142609677,0.3567227792269661,0.32006811535063956,2.7904890312661674,-0.011472372199130621,-0.04812703607545723
persistence,low_to_high,1,390,all_post,40,0.18490738357430833,0.28584141579533606,0.32435478969542364,0.17115496674049582,0.1009340322210277,0.13944740612111525
persistence,low_to_high,1,390,early,12,0.21728099703462342,0.25021279062439505,0.2076561343544444,0.19219402244278191,0.03293179358977167,-0.009624862680179024
persistence,low_to_high,1,390,late,16,0.18709133161439168,0.3396966174401598,0.39176907478100775,0.13643128189850234,0.15260528582576813,0.20467774316661605
persistence,low_to_high,1,390,mid,12,0.14962183939388213,0.24966310543984527,0.35116773158895725,0.196414157494201,0.10004126604596314,0.20154589219507515
persistence,low_to_high,1,391,all_post,40,0.1528885707010225,0.2513711135110716,0.1925681536351212,0.12301440413874705,0.09848254281004909,0.03967958293409868
persistence,low_to_high,1,391,early,12,0.24459944316215018,0.46299356031079947,0.3439150444935408,0.17140927032658795,0.2183941171486492,0.0993156013313906
persistence,low_to_high,1,391,late,16,0.09553789214703426,0.1509536556775411,0.11691740857961398,0.08940863644795946,0.05541576353050682,0.021379516432579716
persistence,low_to_high,1,391,mid,12,0.13764526964521243,0.17363861048938442,0.14208892285071115,0.11942722820528956,0.03599334084417199,0.004443653205498735
persistence,low_to_high,1,392,all_post,40,0.19564156005021024,0.26872092537645864,0.3024623585582068,0.13293875229703825,0.07307936532624841,0.10682079850799657
persistence,low_to_high,1,392,early,12,0.1872104237028764,0.1698318738766034,0.36257585971698797,0.14325458705953728,-0.017378549826273,0.17536543601411161
persistence,low_to_high,1,392,late,16,0.1947691588637938,0.33669186929983674,0.20084098024769603,0.10087808352911906,0.14192271043604293,0.0060718213839022345
persistence,low_to_high,1,392,mid,12,0.20523589797943265,0.27698205164514317,0.37784402848010673,0.16537047589176473,0.07174615366571051,0.17260813050067406
persistence,low_to_high,1,393,all_post,40,0.1145982950303632,0.1329585873989861,0.17687910087920694,0.09230478319223583,0.018360292368622903,0.0622808058488437
persistence,low_to_high,1,393,early,12,0.15167242092482072,0.1632873493530533,0.208944981011266,0.1158661889748977,0.011614928428232562,0.05727256008644525
persistence,low_to_high,1,393,late,16,0.09061932779190238,0.13908218531877792,0.19313811930656957,0.08505980925946273,0.04846285752687555,0.10251879151466721
persistence,low_to_high,1,393,mid,12,0.10949612545385345,0.09446502821852985,0.12313452951066424,0.07840334265327144,-0.015031097235323629,0.01363840405681078
persistence,low_to_high,1,394,all_post,40,0.1945780191258377,0.7708350079812972,0.22176207920253982,0.1101967198130718,0.5762569888554596,0.0271840600767021
persistence,low_to_high,1,394,early,12,0.365138812804195,0.9615362702439686,0.3345344842720989,0.14938902553655736,0.5963974574397736,-0.030604328532096173
persistence,low_to_high,1,394,late,16,0.1274687385171553,0.717052984348623,0.12758626793015113,0.10517760525723041,0.5895842458314677,0.00011752941299585269
persistence,low_to_high,1,394,mid,12,0.11349626625905689,0.6518431105621918,0.2345574224961656,0.07769656683070804,0.5383468443031348,0.12106115623710871
persistence,low_to_high,1,395,all_post,40,0.17225512230639942,0.27498854548109464,0.27496782561671684,0.11040576285278728,0.10273342317469517,0.10271270331031743
persistence,low_to_high,1,395,early,12,0.3551402888968513,0.3923093085009832,0.3923093907552255,0.1684831548446086,0.03716901960413202,0.03716910185837418
persistence,low_to_high,1,395,late,16,0.09085024396998004,0.24595176705121502,0.24615855585472646,0.08757909314565923,0.15510152308123495,0.15530831188474642
persistence,low_to_high,1,395,mid,12,0.09790979349784011,0.19638348703437866,0.19603862016086218,0.08276393047047002,0.09847369353653852,0.09812882666302207
persistence,low_to_high,1,396,all_post,40,0.112405550898985,0.24719126034867092,0.15616039564578665,0.0868913266682905,0.1347857094496859,0.043754844746801656
persistence,low_to_high,1,396,early,12,0.1455332829672965,0.34491802237817404,0.14779114504073423,0.06776576471398689,0.19938473941087753,0.0022578620734377414
persistence,low_to_high,1,396,late,16,0.08152435652865017,0.17955258705369073,0.14007336996129638,0.06681842332995591,0.09802823052504056,0.05854901343264621
persistence,low_to_high,1,396,mid,12,0.12045274465778665,0.23964939604580804,0.18597901383015947,0.1327807597403736,0.11919665138802142,0.06552626917237282
persistence,low_to_high,1,397,all_post,40,0.17592147167446265,0.2579049271152223,0.2602442376007578,0.21150089020041102,0.08198345544075966,0.08432276592629522
persistence,low_to_high,1,397,early,12,0.13594588084172352,0.1351626904606781,0.13569508946976397,0.24956975854515262,-0.0007831903810454221,-0.00025079137195956064
persistence,low_to_high,1,397,late,16,0.2419411910996668,0.3941176284363199,0.39809779221861746,0.18523000932259326,0.1521764373366531,0.15615660111895066
persistence,low_to_high,1,397,mid,12,0.12787076994026284,0.1990302286749697,0.2009886462412722,0.20845986302609307,0.07115945873470686,0.07311787630100937
persistence,low_to_high,1,398,all_post,40,0.188621067704833,0.582034414303201,0.3412143055037306,0.13957415889758815,0.39341334659836813,0.15259323779889766
persistence,low_to_high,1,398,early,12,0.22329204941446654,0.2090815177442343,0.17096688165440768,0.1892807814492756,-0.01421053167023221,-0.05232516776005882
persistence,low_to_high,1,398,late,16,0.1481556614192263,0.6563181863305183,0.4105909568329086,0.13370951999112735,0.508162524911292,0.2624352954136823
persistence,low_to_high,1,398,mid,12,0.20790396104267514,0.8559422814924117,0.41895952758081645,0.09768705488784844,0.6480383204497364,0.21105556653814125
persistence,low_to_high,1,399,all_post,40,0.19723016710489263,0.20996226258923198,0.21879028119908236,0.16291690970041892,0.012732095484339376,0.021560114094189748
persistence,low_to_high,1,399,early,12,0.2724546657476693,0.3398526648938384,0.3627401004946737,0.14992143403170347,0.06739799914616916,0.09028543474700446
persistence,low_to_high,1,399,late,16,0.17023810071382683,0.18713615971693154,0.1898048789470005,0.1654962588720231,0.016898059003104694,0.019566778233173647
persistence,low_to_high,1,399,mid,12,0.15799509031687034,0.11050666411435951,0.11348766490626684,0.1724732531403288,-0.047488426202510835,-0.04450742541060352
persistence,low_to_high,3,390,all_post,40,0.35169779996785094,0.338018901423164,0.30933554091413357,0.42800021051225734,-0.01367889854468698,-0.04236225905371739
persistence,low_to_high,3,390,early,12,0.3020486269373211,0.33517678932062284,0.26428076443704474,0.4755765041303293,0.033128162383301796,-0.03776786250027634
persistence,low_to_high,3,390,late,16,0.39553766475909036,0.3200003907912965,0.3485928880667931,0.3743690085174797,-0.07553727396779382,-0.0469447766922972
persistence,low_to_high,3,390,mid,12,0.342893819943395,0.364885694368195,0.302047187854343,0.4519321862205556,0.021991874424800047,-0.040846632089051996
persistence,low_to_high,3,391,all_post,40,0.26197837000967805,0.24245324702374083,0.2478805722897699,0.19889452339770117,-0.01952512298593723,-0.01409779771990817
persistence,low_to_high,3,391,early,12,0.49130059247122615,0.4081851573442601,0.4203369603495464,0.2570767695881409,-0.08311543512696608,-0.07096363212167979
persistence,low_to_high,3,391,late,16,0.1634829102951512,0.16781537191275658,0.1697704974047557,0.16237611501296764,0.004332461617605374,0.006287587109604512
persistence,low_to_high,3,391,mid,12,0.16398342716749914,0.17623850351786732,0.1795709507433457,0.18940348838690615,0.012255076350368146,0.01558752357584655
persistence,low_to_high,3,392,all_post,40,0.3305698881493269,0.4055395246200334,0.5260974521884745,0.27043738029828873,0.0749696364707065,0.19552756403914762
persistence,low_to_high,3,392,early,12,0.22449635637350626,0.3961100036200689,0.5325135682228767,0.24301476988901402,0.17161364724656267,0.30801721184937036
persistence,low_to_high,3,392,late,16,0.3688132048340268,0.32980245715905476,0.41998505357774885,0.2172855046963426,-0.03901074767497205,0.05117184874372199
persistence,low_to_high,3,392,mid,12,0.38565233101221436,0.515951802234636,0.6611645343017069,0.36872915817682483,0.13029947122242172,0.27551220328949244
persistence,low_to_high,3,393,all_post,40,0.25738696174860354,0.25104485638135676,0.3518487298238443,0.18061635148824617,-0.00634210536724677,0.09446176807524079
persistence,low_to_high,3,393,early,12,0.22661109546161687,0.21837345435086752,0.2606305290669087,0.14752253192769596,-0.00823764111074937,0.03401943360529182
persistence,low_to_high,3,393,late,16,0.262665754326199,0.2924476499992479,0.4276236020864008,0.1786110803922153,0.029781895673048894,0.1649578477602019
persistence,low_to_high,3,393,mid,12,0.2811244379321296,0.22851253358799117,0.3420337675640379,0.21638386584350422,-0.052611904344138406,0.060909329631908336
persistence,low_to_high,3,394,all_post,40,0.22985293887225824,0.6237344417555322,0.2502023332011919,0.18663892600475118,0.3938815028832739,0.02034939432893363
persistence,low_to_high,3,394,early,12,0.3304582079776623,0.7407197603544039,0.33886326434544456,0.24818606088870834,0.41026155237674167,0.008405056367782257
persistence,low_to_high,3,394,late,16,0.21781532359099925,0.5561150369310435,0.17478666238273782,0.18146190866671436,0.3382997133400442,-0.043028661208261404
persistence,low_to_high,3,394,mid,12,0.14529782347519965,0.596908329589312,0.26209562981487805,0.13199448090484306,0.4516105061141123,0.11679780633967839
persistence,low_to_high,3,395,all_post,40,0.2702847671121418,0.365480893294624,0.24859850517103918,0.207216831195552,0.09519612618248226,-0.021686261941102618
persistence,low_to_high,3,395,early,12,0.37800699730663423,0.40179352246483463,0.32691889738737717,0.27459822284579344,0.023786525158200372,-0.05108809991925702
persistence,low_to_high,3,395,late,16,0.18308325838338183,0.38949924347337517,0.2426861052677171,0.13968158126413752,0.20641598508999334,0.05960284688433529
persistence,low_to_high,3,395,mid,12,0.27883121522266263,0.29714379721941203,0.1781613128257972,0.2298824394538632,0.01831258199674941,-0.10066990239686542
persistence,low_to_high,3,396,all_post,40,0.1442191281031756,0.15845131943348068,0.14990128032891784,0.12134224782148242,0.014232191330305058,0.005682152225742229
persistence,low_to_high,3,396,early,12,0.08663219869014654,0.14938968345074277,0.13558916395643242,0.0810980871821583,0.0627574847605962,0.04895696526628587
persistence,low_to_high,3,396,late,16,0.13476141608142125,0.14661316348514303,0.13542753470046198,0.11634778675296044,0.011851747403721755,0.00066611861904072
persistence,low_to_high,3,396,mid,12,0.21441634021187714,0.18329716334733548,0.1835117242060111,0.16824568988550248,-0.031119176864541683,-0.030904616005866067
persistence,low_to_high,3,397,all_post,40,0.27439887104688665,0.222653177530005,0.23940263520121116,0.5133838540692681,-0.05174569351688163,-0.03499623584567546
persistence,low_to_high,3,397,early,12,0.15262382660704663,0.16498022896435938,0.15582135165582675,0.5141339610861925,0.012356402357312751,0.0031975250487801016
persistence,low_to_high,3,397,late,16,0.4653124506278997,0.3162597640076876,0.3627039344240979,0.4916322564729666,-0.14905268662021207,-0.10260851620380182
persistence,low_to_high,3,397,mid,12,0.1416224760453759,0.15551734412540716,0.15858218644941333,0.5416358771807458,0.013894868080031245,0.016959710404037442
persistence,low_to_high,3,398,all_post,40,0.3984858523569395,0.49512520042026464,0.4100345099041373,0.4069636501639614,0.09663934806332515,0.011548657547197838
persistence,low_to_high,3,398,early,12,0.2398909878902625,0.2363685105072636,0.2386738854116706,0.4380306986313309,-0.0035224773829988774,-0.0012171024785919138
persistence,low_to_high,3,398,late,16,0.44593875271004013,0.5054749603218023,0.5088674915040385,0.43028407047657935,0.05953620761176216,0.06292873879399846
persistence,low_to_high,3,398,mid,12,0.49381018301948226,0.7400822104645489,0.44961782559673563,0.3448027079464348,0.24627202744506646,-0.04419235742274654
persistence,low_to_high,3,399,all_post,40,0.21398045544621241,0.23215979850960541,0.23215979850960541,0.38754355660797224,0.018179343063393038,0.018179343063393038
persistence,low_to_high,3,399,early,12,0.2979684537618952,0.39977369636192067,0.39977369636192067,0.44891951570478095,0.1018052426000255,0.1018052426000255
persistence,low_to_high,3,399,late,16,0.20931326891067525,0.1849803696026584,0.1849803696026584,0.36569716862777013,-0.024332899308016836,-0.024332899308016836
persistence,low_to_high,3,399,mid,12,0.13621537251124582,0.1274518058665529,0.1274518058665529,0.35529611481809975,-0.008763566644692923,-0.008763566644692923
persistence,low_to_high,6,390,all_post,39,0.3992726211678524,0.35851810708888865,0.3843715525336915,0.9801912523596855,-0.04075451407896368,-0.0149010686341608
persistence,low_to_high,6,390,early,12,0.35046656394621484,0.3025063417498521,0.3339041438606993,1.0252161027370665,-0.047960222196362784,-0.016562420085515662
persistence,low_to_high,6,390,late,15,0.4575747335326548,0.36242054093825427,0.40288409566119543,0.8333158266760952,-0.0951541925944006,-0.05469063787145941
persistence,low_to_high,6,390,mid,12,0.3752010379334867,0.40965183011621825,0.41169828229730404,1.1187606840867925,0.03445079218273157,0.036497244363817315
persistence,low_to_high,6,391,all_post,39,0.5039658111668482,0.36716539769672657,0.37009086871934943,0.3276248677241937,-0.13680041347012167,-0.13387494244749867
persistence,low_to_high,6,391,early,12,1.1339265639338196,0.6656923963421667,0.6711960994595007,0.5354026088182716,-0.46823416759165276,-0.46273046447431904
persistence,low_to_high,6,391,late,15,0.22678437159079495,0.23554054325476334,0.23685509897370874,0.22174206185915504,0.008756171663968394,0.010070727382913782
persistence,low_to_high,6,391,mid,12,0.22048185786994334,0.2331694671037404,0.23553035016124943,0.2522006339614142,0.012687609233797003,0.015048492291306071
persistence,low_to_high,6,392,all_post,39,0.43378765911968753,0.6477861269500678,0.8222362556487149,0.5587644487409376,0.21399846783038015,0.38844859652902736
persistence,low_to_high,6,392,early,12,0.3118720601795499,0.6808912982290924,0.8845283182391693,0.588047887697508,0.3690192380495427,0.5726562580596197
persistence,low_to_high,6,392,late,15,0.562964263844886,0.5009153944192983,0.6273707645377586,0.42620746096261897,-0.06204886942558767,0.0644065006928727
persistence,low_to_high,6,392,mid,12,0.3942325021533271,0.7982693713345047,1.003526056946956,0.6951772445072651,0.40403686918117754,0.6092935547936288
persistence,low_to_high,6,393,all_post,39,0.4134314218602917,0.45990195921380933,0.4752581527566517,0.3545183898209214,0.04647053735351758,0.06182673089635996
persistence,low_to_high,6,393,early,12,0.3353522692860958,0.3358137714920299,0.3521567677931377,0.29002301318733525,0.00046150220593401775,0.016804498507041948
persistence,low_to_high,6,393,late,15,0.5036271005254525,0.5780434765239005,0.5974900705764056,0.41029394435241495,0.0744163759984482,0.09386297005095313
persistence,low_to_high,6,393,mid,12,0.3787659761030368,0.4363132502979746,0.4455696404454735,0.34929432329014015,0.05754727419493783,0.06680366434243655
persistence,low_to_high,6,394,all_post,39,0.4536057603423239,0.8104004699179748,0.40245970935774245,0.33539713092246587,0.3567947095756509,-0.05114605098458145
persistence,low_to_high,6,394,early,12,0.6588924808643412,0.9092040475101943,0.5380978614208977,0.3698524150912272,0.25031156664585325,-0.12079461944344333
persistence,low_to_high,6,394,late,15,0.4064075215815694,0.7954992475081079,0.2555047972578928,0.3678276352054093,0.3890917259265384,-0.15090272432367652
persistence,low_to_high,6,394,mid,12,0.30731683827124995,0.7302234203380892,0.4505151974193992,0.26040371640002524,0.4229065820668391,0.1431983591481493
persistence,low_to_high,6,395,all_post,39,0.517288725094043,0.536399234303503,0.3528210501519,0.40149171618832086,0.019110509209460013,-0.16446767494214276
persistence,low_to_high,6,395,early,12,0.4999080292719165,0.5487971453523224,0.42308922985929726,0.5732037877124488,0.048889116080405776,-0.07681879941261928
persistence,low_to_high,6,395,late,15,0.6777866112558701,0.6185037760247886,0.3777663201393384,0.20765908238373498,-0.059282835231081576,-0.3000202911165317
persistence,low_to_high,6,395,mid,12,0.3340470632138852,0.4213706461030764,0.2513712829602051,0.4720704369199251,0.08732358288919118,-0.08267578025368001
persistence,low_to_high,6,396,all_post,39,0.19939066302975908,0.18950120908855758,0.19185871901763304,0.1842388928893884,-0.009889453941201547,-0.007531944012126062
persistence,low_to_high,6,396,early,12,0.10800806565072345,0.16744052170680546,0.17477171202850758,0.14122792173399565,0.05943245605608204,0.06676364637778413
persistence,low_to_high,6,396,late,15,0.1749629851680469,0.1523254193372078,0.16335620656757452,0.17285435095679957,-0.02263756583083908,-0.011606778600472384
persistence,low_to_high,6,396,mid,12,0.32130785773593507,0.25803163365949683,0.2445738665693317,0.24148054146051734,-0.06327622407643822,-0.07673399116660334
persistence,low_to_high,6,397,all_post,39,0.23355936415790124,0.2859460923999428,0.310402538225556,1.399778515701484,0.05238672824204166,0.07684317406765487
persistence,low_to_high,6,397,early,12,0.17123141375965556,0.19388706954401003,0.1791320657214742,1.3728663797357832,0.02265565578435444,0.007900651961818576
persistence,low_to_high,6,397,late,15,0.3144946162815107,0.40723011596715764,0.48870219460734643,1.2938539620287728,0.09273549968564677,0.17420757832583575
persistence,low_to_high,6,397,mid,12,0.19471824940163476,0.22640008579685722,0.21879844025239978,1.5590963437580732,0.03168183639522246,0.02408019085076502
persistence,low_to_high,6,398,all_post,39,0.6282448800141349,0.6391938441007776,0.5564230057190311,0.9166178866763559,0.010948964086642627,-0.07182187429510385
persistence,low_to_high,6,398,early,12,0.27640819635370767,0.2760009879521136,0.3207211950786001,0.9995432089847857,-0.0004072084015941113,0.04431299872489239
persistence,low_to_high,6,398,late,15,0.8686370621549261,0.6403971593336691,0.7174971427007206,0.9766167402360392,-0.22823990282125675,-0.15113991945420527
persistence,low_to_high,6,398,mid,12,0.6795913359985736,1.000882556208327,0.5907821451323503,0.7586939974183221,0.3212912202097536,-0.0888091908662233
persistence,low_to_high,6,399,all_post,39,0.2863705142869367,0.29412645722323166,0.29412645722323166,0.8883561643563908,0.007755942936295019,0.007755942936295019
persistence,low_to_high,6,399,early,12,0.41721758967023465,0.5013892292782042,0.5013892292782042,1.1513165072990115,0.08417163960796974,0.08417163960796974
persistence,low_to_high,6,399,late,15,0.2745261485954833,0.23764244832842088,0.23764244832842088,0.7531523443877705,-0.036883700267062385,-0.036883700267062385
persistence,low_to_high,6,399,mid,12,0.1703288960179555,0.15746869628677254,0.15746869628677254,0.7944005963745452,-0.01286019973118295,-0.01286019973118295
persistence,low_to_high,12,390,all_post,37,0.47530719018239315,0.43885993533800566,0.49561108398369824,3.009148061808842,-0.036447254844387454,0.020303893801305005
persistence,low_to_high,12,390,early,12,0.4663266337849525,0.39102250102171404,0.48660660706891706,3.2539905960913735,-0.0753041327632384,0.02027997328396463
persistence,low_to_high,12,390,late,13,0.4788140605874497,0.31496713716521785,0.3428098287267339,2.552838974119258,-0.16384692342223192,-0.1360042318607158
persistence,low_to_high,12,390,mid,12,0.4804886369743558,0.6209145676748175,0.6701502540935239,3.2586403725233613,0.14042593070046164,0.18966161711916796
persistence,low_to_high,12,391,all_post,37,0.5589917425304991,0.5676220464310534,0.5683836968117216,0.5838653727419832,0.008630303900554298,0.009391954281222432
persistence,low_to_high,12,391,early,12,1.011871795562331,1.002879096432348,1.0023294524207509,1.0212705821950312,-0.00899269912998335,-0.009542343141580228
persistence,low_to_high,12,391,late,13,0.1520433179241999,0.3666242685035944,0.3673765096486162,0.36864103899423967,0.21458095057939458,0.21533319172441626
persistence,low_to_high,12,391,mid,12,0.5469724828221578,0.3501125891845061,0.35219572729605625,0.37961985818232447,-0.19685989363765166,-0.19477675552610152
persistence,low_to_high,12,392,all_post,37,0.7155064298182001,1.4871887778046553,1.683055395671569,1.3188351562187246,0.7716823479864553,0.9675489658533691
persistence,low_to_high,12,392,early,12,0.6420163351721004,1.6688804302997606,1.9047056390935049,1.4617221574191424,1.0268640951276604,1.2626893039214042
persistence,low_to_high,12,392,late,13,0.960174569772743,1.0536697001444302,1.1778345170237263,0.9731028736577627,0.09349513037168711,0.21765994725098325
persistence,low_to_high,12,392,mid,12,0.5239393728468783,1.7751427927747947,2.008727770784796,1.5504914611260159,1.251203419927916,1.4847883979379175
persistence,low_to_high,12,393,all_post,37,0.688308066483118,0.6451921122139855,0.66997792037926,0.7671797304538762,-0.04311595426913248,-0.018330146103858195
persistence,low_to_high,12,393,early,12,0.5370272789551963,0.4674458411620443,0.5080528953061068,0.6957733213589904,-0.06958143779315197,-0.028974383649089438
persistence,low_to_high,12,393,late,13,0.9105849969690925,0.8032563196452074,0.8165832825648173,1.0033179315450433,-0.10732867732388512,-0.09400171440427545
persistence,low_to_high,12,393,mid,12,0.5987888459845675,0.6517021585487698,0.6730804697513926,0.5827697550333307,0.052913312564202376,0.07429162376682506
persistence,low_to_high,12,394,all_post,37,1.0610213941561142,1.247089354337749,0.6697661546827559,0.7014339303040741,0.1860679601816347,-0.39125523947335816
persistence,low_to_high,12,394,early,12,1.4601183696605904,1.2312178318216431,0.8754142818695546,0.5452741342531969,-0.22890053783894707,-0.5847040877910357
persistence,low_to_high,12,394,late,13,0.9479666552823642,1.4576471733376661,0.47106084934848325,0.9972483740595318,0.5096805180553022,-0.4769058059338809
persistence,low_to_high,12,394,mid,12,0.7844003857648675,1.0348565729372774,0.679382108274753,0.5371280789532048,0.25045618717240997,-0.10501827749011444
persistence,low_to_high,12,395,all_post,37,1.5071623959937874,1.0363086440619667,0.5914310688459414,0.9128352258844741,-0.47085375193182094,-0.915731327147846
persistence,low_to_high,12,395,early,12,0.7497144118312894,0.9461897118990712,0.5252139227372662,1.4165191317213832,0.19647530006778172,-0.22450048909402323
persistence,low_to_high,12,395,late,13,3.052119012009075,1.3898493284262572,0.8169690843126993,0.3716090487999987,-1.6622696835828177,-2.2351499276963755
persistence,low_to_high,12,395,mid,12,0.5909073794730574,0.743425168163547,0.413315364865629,0.9954796785557462,0.15251778869048963,-0.17759201460742835
persistence,low_to_high,12,396,all_post,37,0.41530755288357935,0.4057681575679073,0.32875754115562633,0.31941777324865034,-0.009539395315672074,-0.08655001172795301
persistence,low_to_high,12,396,early,12,0.37674621334404756,0.4057864201220121,0.3348714260935739,0.3137763944356278,0.02904020677796466,-0.041874787250473645
persistence,low_to_high,12,396,late,13,0.3385689217706303,0.41264479423718115,0.26139654355846775,0.32241415554126124,0.07407587246655087,-0.07717237821216257
persistence,low_to_high,12,396,mid,12,0.5370024094621395,0.39830020528875587,0.39561807028126733,0.32181307124467745,-0.1387022041733836,-0.1413843391808721
persistence,low_to_high,12,397,all_post,37,0.22733837026562642,0.38544070849182505,0.4235264128191179,4.537685638402017,0.15810233822619857,0.19618804255349148
persistence,low_to_high,12,397,early,12,0.18829869200453486,0.27204938269106976,0.27628765366556335,4.2551812192835605,0.08375069068653496,0.0879889616610285
persistence,low_to_high,12,397,late,13,0.262522796835029,0.5717302630196248,0.6686576513812069,4.440361272642585,0.3092074661845958,0.4061348545461778
persistence,low_to_high,12,397,mid,12,0.22826158640986527,0.2970183502207971,0.3052063301970762,4.925624787093191,0.06875676381093192,0.07694474378721096
persistence,low_to_high,12,398,all_post,37,0.768900047151661,0.8965128235631665,0.6803752345377528,2.273441202142251,0.1276127764115056,-0.08852481261390836
persistence,low_to_high,12,398,early,12,0.26807062576426016,0.29240391790925613,0.329835113024491,2.825674338456303,0.024333292144995983,0.06176448726023082
persistence,low_to_high,12,398,late,13,0.8461826436447875,0.7269915876312605,0.8043816225276156,2.455896916857924,-0.11919105601352696,-0.04180102111717204
persistence,low_to_high,12,398,mid,12,1.1860066556715085,1.6842697348099758,0.89657510239533,1.523547708219553,0.4982630791384672,-0.2894315532761785
persistence,low_to_high,12,399,all_post,37,0.47500011366354994,0.4498856061650775,0.4498856061650775,2.79302159251927,-0.025114507498472455,-0.025114507498472455
persistence,low_to_high,12,399,early,12,0.8634400986766492,0.8444197985557348,0.8444197985557348,3.6303412336028607,-0.019020300120914185,-0.019020300120914185
persistence,low_to_high,12,399,late,13,0.35003097713703296,0.31950959167772075,0.31950959167772075,2.2733660484436222,-0.030521385459312215,-0.030521385459312215
persistence,low_to_high,12,399,mid,12,0.2219433598875108,0.19659209613572312,0.19659209613572312,2.5186621241842992,-0.025351263751787683,-0.025351263751787683
persistence,stable_high,1,390,all_post,40,0.18232228846062395,0.16840177437029466,0.16840177437029466,0.16840177306260692,-0.013920514090329295,-0.013920514090329295
persistence,stable_high,1,390,early,12,0.19520012914994578,0.18301687472097405,0.18301687472097405,0.1830168740289958,-0.012183254428971694,-0.012183254428971694
persistence,stable_high,1,390,late,16,0.18717013000631108,0.13643128303780672,0.13643128303780672,0.13643128171461397,-0.050738846968504364,-0.050738846968504364
persistence,stable_high,1,390,mid,12,0.16298065904371928,0.1964139957962658,0.1964139957962658,0.196413993893542,0.03343333675254653,0.03343333675254653
persistence,stable_high,1,391,all_post,40,0.14310863446531413,0.12359541279234736,0.12359541279234687,0.12359541321029117,-0.01951322167296678,-0.01951322167296729
persistence,stable_high,1,391,early,12,0.223031116891524,0.17334526524618074,0.17334526524617874,0.17334526544476916,-0.0496858516453433,-0.04968585164534528
persistence,stable_high,1,391,late,16,0.09553614027800349,0.08940863655420489,0.0894086365542027,0.08940863646152479,-0.006127503723798597,-0.006127503723800788
persistence,stable_high,1,391,mid,12,0.12661614428885182,0.1194279286560373,0.1194279286560405,0.11942792997416833,-0.007188215632814511,-0.007188215632811297
persistence,stable_high,1,392,all_post,40,0.19335166711375956,0.13298899041700268,0.13298899041700268,0.13298898968197634,-0.06036267669675692,-0.06036267669675692
persistence,stable_high,1,392,early,12,0.14437467130725148,0.14342202283633565,0.14342202283633565,0.14342202131991696,-0.0009526484709158426,-0.0009526484709158426
persistence,stable_high,1,392,late,16,0.19408308331742663,0.10087808409510199,0.10087808409510199,0.1008780835428271,-0.09320499922232463,-0.09320499922232463
persistence,stable_high,1,392,mid,12,0.24135344131537828,0.16537049976020393,0.16537049976020393,0.1653704995629013,-0.07598294155517436,-0.07598294155517436
persistence,stable_high,1,393,all_post,40,0.1013436312197181,0.0945169540455959,0.09451695404559882,0.094516954170475,-0.006826677174122183,-0.0068266771741192726
persistence,stable_high,1,393,early,12,0.13768945767130675,0.12323857741519323,0.12323857741519763,0.12323857772525232,-0.014450880256113517,-0.014450880256109125
persistence,stable_high,1,393,late,16,0.0906190594175465,0.0850598097352582,0.08505980973526367,0.08505980923438133,-0.005559249682288303,-0.005559249682282828
persistence,stable_high,1,393,mid,12,0.07929723383769152,0.07840485642311552,0.07840485642311353,0.07840485719715591,-0.0008923774145760248,-0.000892377414578012
persistence,stable_high,1,394,all_post,40,0.12313126327144705,0.11166570979107009,0.10944516984572594,0.10708236260266586,-0.011465553480376964,-0.01368609342572114
persistence,stable_high,1,394,early,12,0.160668716362766,0.13634867343438276,0.13516841342087002,0.13900561505333572,-0.02432004292838327,-0.02550030294189598
persistence,stable_high,1,394,late,16,0.12749926570696113,0.12414754911645037,0.12208758631022115,0.10517760581761815,-0.0033517165905107785,-0.005411679396739999
persistence,stable_high,1,394,mid,12,0.07976980693277601,0.07034029371391709,0.06686537098458818,0.0776987858653929,-0.009429513218858912,-0.012904435948187826
persistence,stable_high,1,395,all_post,40,0.12687335539559474,0.17175420766993973,0.11159280306568413,0.11155556120566541,0.04488085227434502,-0.015280552329910602
persistence,stable_high,1,395,early,12,0.19973293175708082,0.2783184486353481,0.17250530612259862,0.17231487089821518,0.0785855168782673,-0.027227625634482156
persistence,stable_high,1,395,late,16,0.09084977840175505,0.12103200367000802,0.08760874145325093,0.08757909311197276,0.03018222526825298,-0.003241036948504122
persistence,stable_high,1,395,mid,12,0.10204521502589486,0.1328195720377737,0.0826590488253472,0.08276487563803923,0.030774357011878792,-0.019386166200547686
persistence,stable_high,1,396,all_post,40,0.1131278930144148,0.11473594110986059,0.11642869136562642,0.0871086925283428,0.001608048095445775,0.003300798351211623
persistence,stable_high,1,396,early,12,0.1123554393536808,0.08569577777459393,0.08826097864453382,0.06848998274154311,-0.026659661579086877,-0.024094460709146993
persistence,stable_high,1,396,late,16,0.08151750111875004,0.09987147167640495,0.09838884554569441,0.06681842329939153,0.0183539705576549,0.01687134442694436
persistence,stable_high,1,396,mid,12,0.15604753586936848,0.1635953970230681,0.16864953184662843,0.13278109462041085,0.007547861153699607,0.012601995977259929
persistence,stable_high,1,397,all_post,40,0.20536563097065513,0.13852419456926324,0.14874498093348493,0.21405636789884985,-0.06684143640139187,-0.056620650037170185
persistence,stable_high,1,397,early,12,0.16743845197569063,0.1525268112564377,0.15444135221821312,0.2580862873462002,-0.014911640719252947,-0.012997099757477475
persistence,stable_high,1,397,late,16,0.2453548757259526,0.15865402985890104,0.18495382978391747,0.18523000986205954,-0.08670084586705157,-0.06040104594203513
persistence,stable_high,1,397,mid,12,0.18997381695855622,0.097681797495905,0.0947701445148466,0.2084615925005533,-0.09229201946265121,-0.09520367244370963
persistence,stable_high,1,398,all_post,40,0.18203912138841474,0.1386389676202365,0.14233514487751675,0.1409064020540325,-0.043400153768178205,-0.03970397651089795
persistence,stable_high,1,398,early,12,0.19678949311964813,0.1310141960823914,0.1919773544578238,0.19372072138122262,-0.06577529703725676,-0.004812138661824357
persistence,stable_high,1,398,late,16,0.14815629909875339,0.12234003993908689,0.1338761108242542,0.13370952007702488,-0.025816259159666507,-0.014280188274499186
persistence,stable_high,1,398,mid,12,0.21246584604339644,0.1679956427329478,0.10397164736822649,0.09768792536285253,-0.044470203310448604,-0.1084941986751699
persistence,stable_high,1,399,all_post,40,0.12330442338612238,0.11562206442649041,0.1194375326627803,0.16449346943024687,-0.007682358959631966,-0.0038668907233420867
persistence,stable_high,1,399,early,12,0.07847936051860316,0.07534775954414023,0.07613288311187709,0.15517569371195442,-0.003131600974462922,-0.002346477406726065
persistence,stable_high,1,399,late,16,0.1700669839469161,0.1204344747896882,0.12406632129056473,0.16549625929506684,-0.04963250915722791,-0.046000662656351374
persistence,stable_high,1,399,mid,12,0.10577940550591663,0.1494798221579102,0.15657046404330424,0.17247419199544609,0.04370041665199359,0.050791058537387614
persistence,stable_high,3,390,all_post,40,0.3613618862863647,0.3010206835610754,0.3180724553978006,0.42275172870240574,-0.06034120272528922,-0.04328943088856402
persistence,stable_high,3,390,early,12,0.3247551003600551,0.22488662447027363,0.289428610233972,0.45808670628285614,-0.09986847588978152,-0.03532649012608314
persistence,stable_high,3,390,late,16,0.3924483393678414,0.33312132338371053,0.37121275348757554,0.3743690071374344,-0.0593270159841308,-0.021235585880265813
persistence,stable_high,3,390,mid,12,0.3565200681040386,0.3343538895550304,0.27586256977526274,0.45192704654191734,-0.022166178549008153,-0.08065749832877582
persistence,stable_high,3,391,all_post,40,0.19634227439399823,0.1995417245240346,0.1995417245240346,0.1995417253013336,0.00319945013003637,0.00319945013003637
persistence,stable_high,3,391,early,12,0.26239277641881636,0.2592345604912157,0.2592345604912157,0.2592345609984997,-0.0031582159276006857,-0.0031582159276006857
persistence,stable_high,3,391,late,16,0.1634802538706312,0.162376115383568,0.162376115383568,0.16237611541768465,-0.001104138487063196,-0.001104138487063196
persistence,stable_high,3,391,mid,12,0.17410779973366952,0.1894030340774757,0.1894030340774757,0.18940303611569945,0.015295234343806183,0.015295234343806183
persistence,stable_high,3,392,all_post,40,0.325622441010457,0.2705899393951478,0.2705899393951478,0.27058993814838245,-0.05503250161530917,-0.05503250161530917
persistence,stable_high,3,392,early,12,0.24352311598053347,0.24352311598053392,0.24352311598053392,0.24352311433245097,4.637494092444664e-16,4.637494092444664e-16
persistence,stable_high,3,392,late,16,0.36977715830972385,0.2172855062290164,0.2172855062290164,0.2172855047448256,-0.15249165208070747,-0.15249165208070747
persistence,stable_high,3,392,mid,12,0.34884880964135795,0.36872934036460353,0.36872934036460353,0.3687293398357232,0.01988053072324561,0.01988053072324561
persistence,stable_high,3,393,all_post,40,0.23150015869726412,0.18211498251766264,0.18211498251766264,0.18211498244539057,-0.049385176179601496,-0.049385176179601496
persistence,stable_high,3,393,early,12,0.20086837565788487,0.152519287597315,0.152519287597315,0.15251928739168708,-0.048349088060569846,-0.048349088060569846
persistence,stable_high,3,393,late,16,0.2626633915580646,0.178611081444103,0.178611081444103,0.17861108027334166,-0.08405231011396164,-0.08405231011396164
persistence,stable_high,3,393,mid,12,0.22058096458890944,0.2163825455360898,0.2163825455360898,0.216382547061826,-0.0041984190528196325,-0.0041984190528196325
persistence,stable_high,3,394,all_post,40,0.21317380149603085,0.17440140802191312,0.17402969356010634,0.17605675046543778,-0.038772393474117726,-0.03914410793592451
persistence,stable_high,3,394,early,12,0.2811484822164232,0.20544959431731072,0.19820432163677768,0.2129124257773556,-0.07569888789911247,-0.08294416057964556
persistence,stable_high,3,394,late,16,0.2177860193435764,0.18293562195868046,0.18611792043020758,0.18146190947280266,-0.0348503973848959,-0.031668098913368796
persistence,stable_high,3,394,mid,12,0.13904949697891114,0.13197426981082572,0.13373742965663338,0.13199419647703334,-0.007075227168085425,-0.005312067322277759
persistence,stable_high,3,395,all_post,40,0.3016234377607604,0.2601672451897128,0.20947400402268745,0.20947400384322568,-0.04145619257104753,-0.09214943373807287
persistence,stable_high,3,395,early,12,0.3525829190845912,0.41029144187395494,0.2821182212043584,0.2821182205508765,0.05770852278936381,-0.0704646978802328
persistence,stable_high,3,395,late,16,0.1856001327459461,0.19294028422735113,0.13968158152316953,0.13968158130428954,0.007340151481405023,-0.04591855122277659
persistence,stable_high,3,395,mid,12,0.40536169645668174,0.19967899645528617,0.22988635017370707,0.22988635052082315,-0.20568270000139566,-0.1754753462829747
persistence,stable_high,3,396,all_post,40,0.14313591745508425,0.1321045727147289,0.12922930491056603,0.12166659237914516,-0.011031344740355355,-0.013906612544518198
persistence,stable_high,3,396,early,12,0.07787793132187128,0.0677057159192279,0.07301422986789789,0.08217868603298854,-0.01017221540264338,-0.004863701453973399
persistence,stable_high,3,396,late,16,0.13475611081764627,0.1188161066315517,0.10989276810392926,0.11634778662500661,-0.015940004186094554,-0.024863342713717
persistence,stable_high,3,396,mid,12,0.21956697910488118,0.21422138428779944,0.2112264290287499,0.16824623973081987,-0.005345594817081735,-0.008340550076131267
persistence,stable_high,3,397,all_post,40,0.3007121928325723,0.26572883539323977,0.25022339250532744,0.5204910443690938,-0.03498335743933249,-0.0504888003272448
persistence,stable_high,3,397,early,12,0.23317818642814048,0.23748196356046714,0.19057945528158285,0.53781815292108,0.004303777132326675,-0.04259873114655759
persistence,stable_high,3,397,late,16,0.4636521034375751,0.326041004908457,0.3402543056292153,0.49163225776448893,-0.13761109852911813,-0.12339779780835977
persistence,stable_high,3,397,mid,12,0.15099298509700024,0.2135594812057228,0.18982611223055482,0.5416423179565811,0.06256649610872254,0.03883312713355461
persistence,stable_high,3,398,all_post,40,0.39579571316988776,0.4431797974078441,0.4481639531203977,0.41116273909596146,0.04738408423795625,0.05236823995050993
persistence,stable_high,3,398,early,12,0.2060898532591697,0.3228163274267573,0.3153271841793261,0.4520223094242652,0.11672647416758762,0.10923733092015638
persistence,stable_high,3,398,late,16,0.4460087286304784,0.5081046195718647,0.5660118723451135,0.43028407090031096,0.06209589094138625,0.12000314371463511
persistence,stable_high,3,398,mid,12,0.5185508857998183,0.4769768378369031,0.4238701630951814,0.3448080596951916,-0.04157404796291514,-0.09468072270463675
persistence,stable_high,3,399,all_post,40,0.19576069308427752,0.2584320312622542,0.17460383713442312,0.3914803634937907,0.06267133817797674,-0.021156855949854392
persistence,stable_high,3,399,early,12,0.24364295424559443,0.28609435027062996,0.2081721346396979,0.462038468669963,0.04245139602503554,-0.03547081960589651
persistence,stable_high,3,399,late,16,0.20604822362775496,0.2558459854624655,0.17658381404174883,0.36569716935539465,0.04979776183471055,-0.02946440958600614
persistence,stable_high,3,399,mid,12,0.1341617245316573,0.23421777332026347,0.1383955704193807,0.35529985050214635,0.10005604878860615,0.004233845887723363
persistence,stable_high,6,390,all_post,39,0.41416149077125425,0.33201872204833827,0.3860653244637293,0.9685794112861082,-0.08214276872291588,-0.02809616630752488
persistence,stable_high,6,390,early,12,0.35365710778806053,0.23652175958922836,0.33496827396224055,0.9874952891134291,-0.11713534819883224,-0.018688833825819984
persistence,stable_high,6,390,late,15,0.4639578205476121,0.35114448407626336,0.40059006063227176,0.8333158231362223,-0.1128133364713488,-0.06336775991534037
persistence,stable_high,6,390,mid,12,0.4124204615340006,0.40360848197254207,0.41900645475454024,1.1187430186461456,-0.008811979561458481,0.0065859932205395945
persistence,stable_high,6,391,all_post,39,0.4989251807602287,0.3977205987617207,0.3255245738542206,0.3313033700979364,-0.10120458199850799,-0.17340060690600817
persistence,stable_high,6,391,early,12,1.0953183993504212,0.740718051195381,0.5476544557574171,0.5473580083694239,-0.3546003481550402,-0.5476639435930043
persistence,stable_high,6,391,late,15,0.2330895127937906,0.24357368116628325,0.2247857011224373,0.2217420626718519,0.010484168372492695,-0.008303811671353278
persistence,stable_high,6,391,mid,12,0.23482654712808382,0.2474067933223573,0.22931828286575304,0.25220036610905483,0.012580246194273498,-0.005508264262330778
persistence,stable_high,6,392,all_post,39,0.4810141309629832,0.5591238817164534,0.5591238817164534,0.5591238801584631,0.0781097507534702,0.0781097507534702
persistence,stable_high,6,392,early,12,0.48778945791771294,0.5892157166319218,0.5892157166319218,0.5892157149523226,0.10142625871420884,0.10142625871420884
persistence,stable_high,6,392,late,15,0.5604748616855224,0.42620746257989933,0.42620746257989933,0.4262074610723294,-0.13426739910562313,-0.13426739910562313
persistence,stable_high,6,392,mid,12,0.3749128906050796,0.6951775707216777,0.6951775707216777,0.6951775692222711,0.3202646801165981,0.3202646801165981
persistence,stable_high,6,393,all_post,39,0.4311103132479735,0.3529623652133586,0.3529623652133586,0.3529623654655777,-0.0781479480346148,-0.0781479480346148
persistence,stable_high,6,393,early,12,0.29575054185217176,0.28497329028050256,0.28497329028050256,0.28497329013667405,-0.010777251571669125,-0.010777251571669125
persistence,stable_high,6,393,late,15,0.5030126224510316,0.4102939450240536,0.4102939450240536,0.41029394363226535,-0.09271867742697797,-0.09271867742697797
persistence,stable_high,6,393,mid,12,0.4765921981399526,0.3492869653828461,0.3492869653828461,0.3492869680861219,-0.12730523275710656,-0.12730523275710656
persistence,stable_high,6,394,all_post,39,0.4051295246704809,0.3216139121125728,0.32493261057692713,0.320721082701691,-0.08351561255790815,-0.08019691409355381
persistence,stable_high,6,394,early,12,0.4526104861328155,0.31462984687439066,0.30642536132982673,0.32215957412074103,-0.13798063925842488,-0.14618512480298887
persistence,stable_high,6,394,late,15,0.4635711411720894,0.3733386642629627,0.3829746961915911,0.36782763307616567,-0.0902324769091267,-0.0805964449804984
persistence,stable_high,6,394,mid,12,0.28459654258113565,0.26394203716276743,0.27088725280569764,0.2603994033145477,-0.020654505418368222,-0.013709289775438034
persistence,stable_high,6,395,all_post,39,0.48655490144192765,0.36005807998147166,0.40680017459075146,0.40680017454967843,-0.12649682146045602,-0.07975472685117617
persistence,stable_high,6,395,early,12,0.36744774242957995,0.4127245043078869,0.5904474110180572,0.5904474098306254,0.04527676187830687,0.22299966858847722
persistence,stable_high,6,395,late,15,0.6730660801653682,0.4026065348227347,0.20765908207838588,0.20765908250293652,-0.27045954534263367,-0.4654069980869824
persistence,stable_high,6,395,mid,12,0.37252308704997467,0.25420608710347786,0.472079303803903,0.4720793043271589,-0.11831699994649686,0.09955621675392834
persistence,stable_high,6,396,all_post,39,0.1847019711318025,0.1851634819990071,0.18005770712009783,0.18507363383835385,0.0004615108672046141,-0.0046442640117046645
persistence,stable_high,6,396,early,12,0.10460630345702233,0.10347750409851546,0.13239642336732346,0.14393978164476448,-0.0011287993585068698,0.027790119910301125
persistence,stable_high,6,396,late,15,0.17496039500153066,0.13033419583603048,0.1484097130081982,0.17285435060571536,-0.044626199165500174,-0.02655068199333246
persistence,stable_high,6,396,mid,12,0.27697460896942244,0.3353860676032196,0.2672789835127468,0.24148159007274117,0.05841145863379708,-0.009695625456675707
persistence,stable_high,6,397,all_post,39,0.2559076898488596,0.31720970584754404,0.32840532256415017,1.416255698488434,0.0613020159986845,0.07249763271529068
persistence,stable_high,6,397,early,12,0.22812819059203668,0.1838524079072734,0.18838534693649875,1.426402564743837,-0.04427578268476327,-0.03974284365553791
persistence,stable_high,6,397,late,15,0.3130953755521942,0.48881327378671263,0.5076282069088783,1.2938539647863536,0.1757178982345185,0.19453283135668417
persistence,stable_high,6,397,mid,12,0.21220258197651418,0.23606254386385395,0.2443966927608916,1.5591109993606314,0.023859961887339774,0.032194110784377374
persistence,stable_high,6,398,all_post,39,0.5885118970676816,0.6073167386375733,0.7029681814210611,0.9298666335154112,0.01880484156989166,0.1144562843533796
persistence,stable_high,6,398,early,12,0.24875852850291394,0.23484026811789185,0.44207924699055146,1.0425847595669668,-0.013918260385022092,0.19332071848763752
persistence,stable_high,6,398,late,15,0.7538615793718079,0.6262287056588896,0.9824452449885368,0.9766167414991906,-0.12763287371291848,0.22858366561672885
persistence,stable_high,6,398,mid,12,0.7215781627522909,0.956153250380609,0.6145107863922261,0.7587108724841308,0.23457508762831805,-0.1070673763600649
persistence,stable_high,6,399,all_post,39,0.2549672775635302,0.31081656562678484,0.2731963119049802,0.8973298036762477,0.05584928806325463,0.01822903434145001
persistence,stable_high,6,399,early,12,0.3334054630085861,0.5162332892069184,0.4245831386749703,1.1804719282802398,0.18282782619833216,0.09117767566638413
persistence,stable_high,6,399,late,15,0.2680345192586257,0.23866318425916686,0.23396386340560718,0.7531523466783401,-0.029371334999458862,-0.03407065585301853
persistence,stable_high,6,399,mid,12,0.160195039999605,0.19559156875617378,0.1708500457592065,0.7944095003196409,0.03539652875656882,0.010655005759601542
persistence,stable_high,12,390,all_post,37,0.47000872367477464,0.3868317151441038,0.4389231268871034,2.972753682797669,-0.0831770085306709,-0.031085596787671286
persistence,stable_high,12,390,early,12,0.3937221194812473,0.26474684895480516,0.36933957244843896,3.1418221665581196,-0.1289752705264421,-0.02438254703280839
persistence,stable_high,12,390,late,13,0.491206651897303,0.3409367716467158,0.3211439346441068,2.552838964981002,-0.15026988025058718,-0.17006271725319624
persistence,stable_high,12,390,mid,12,0.5233309056272297,0.5586361034555726,0.6361008062556809,3.258592810005274,0.035305197828342925,0.11276990062845117
persistence,stable_high,12,391,all_post,37,0.6608308983236705,0.6077196141699385,0.5868959331884395,0.5989808787518086,-0.05311128415373225,-0.07393496513523116
persistence,stable_high,12,391,early,12,1.4954887873861644,1.091846198233388,1.0726619753794353,1.067870888818665,-0.4036425891527764,-0.4228268120067291
persistence,stable_high,12,391,late,13,0.18757948922031945,0.3764248163247982,0.3641048372037208,0.36864104240692536,0.18884532710447877,0.17652534798340147
persistence,stable_high,12,391,mid,12,0.33886203578980717,0.3741623944387238,0.34248691164755524,0.3796256913919091,0.035300358648916605,0.0036248758577480827
persistence,stable_high,12,392,all_post,37,0.8943924514232919,1.319670814980893,1.319670814980893,1.3196708119492733,0.42527836355760107,0.42527836355760107
persistence,stable_high,12,392,early,12,1.1883581668931198,1.464298006041436,1.464298006041436,1.464298001758533,0.27593983914831594,0.27593983914831594
persistence,stable_high,12,392,late,13,0.957289869857529,0.973102874224307,0.973102874224307,0.973102873945564,0.015813004366778162,0.015813004366778162
persistence,stable_high,12,392,mid,12,0.5322878659830408,1.5504922264066519,1.5504922264066519,1.550492221644033,1.018204360423611,1.018204360423611
persistence,stable_high,12,393,all_post,37,0.75265280946636,0.7478443123973813,1.1706154982435892,0.7543683341794755,-0.004808497068978841,0.4179626887772289
persistence,stable_high,12,393,early,12,0.5114307621717357,0.423755265441836,0.9867197000394263,0.6562966271897347,-0.08767549672989959,0.4752889378676906
persistence,stable_high,12,393,late,13,0.9140003845841848,1.1196569724957066,1.668983741124112,1.0033179267738535,0.2056565879115218,0.7549833565399268
persistence,stable_high,12,393,mid,12,0.8190816503833408,0.6691363109130739,0.8146123666605188,0.5827446491919733,-0.14994533947026714,-0.004469283722822025
persistence,stable_high,12,394,all_post,37,1.0993368356484818,1.7397008487422665,1.0049334184116745,0.6811632456428987,0.6403640130937847,-0.09440341723680715
persistence,stable_high,12,394,early,12,1.6754968112344377,2.057724698795034,1.533788951886801,0.4827738895735323,0.38222788756059667,-0.14170785934763666
persistence,stable_high,12,394,late,13,0.9224407740617208,1.7571906586804142,0.6649325812189915,0.9972483575663583,0.8347498846186934,-0.2575081928427294
persistence,stable_high,12,394,mid,12,0.7148142601148507,1.4027297045898386,0.8444121252286222,0.5371270637951833,0.6879154444749876,0.1295978651137715
persistence,stable_high,12,395,all_post,37,1.215851061634133,0.6074605693899675,0.5995806089499932,0.9252438960473968,-0.6083904922441656,-0.61627045268414
persistence,stable_high,12,395,early,12,0.448102618600785,0.4791331782620621,0.49179011136621115,1.4547616347216987,0.031030559661277102,0.04368749276542616
persistence,stable_high,12,395,late,13,2.555605674956113,0.9084173581270846,0.8767235453963379,0.37160904861486765,-1.6471883168290282,-1.6788821295597756
persistence,stable_high,12,395,mid,12,0.5321986735686698,0.40975143938599623,0.40713292538356854,0.9954972420916679,-0.12244723418267366,-0.12506574818510133
persistence,stable_high,12,396,all_post,37,0.3223378588902053,0.3051691000851121,0.3106294780996404,0.32178522653821223,-0.01716875880509321,-0.011708380790564825
persistence,stable_high,12,396,early,12,0.24862296029515174,0.2640574602253542,0.2997256879036701,0.3210749261879569,0.015434499930202404,0.05110272760851837
persistence,stable_high,12,396,late,13,0.2854238324293904,0.26151121698747204,0.2634751738154536,0.32241415481549424,-0.02391261544191834,-0.021948658613936804
persistence,stable_high,12,396,mid,12,0.4360429528178082,0.3935767799673133,0.37261709793681325,0.32181418792141203,-0.04246617285049494,-0.06342585488099504
persistence,stable_high,12,397,all_post,37,0.24977620876237502,0.43408469249048204,0.3900328278955134,4.576256022742151,0.184308483728107,0.1402566191331383
persistence,stable_high,12,397,early,12,0.24360832019435666,0.29226392468686757,0.24841617312220243,4.374067002098358,0.04865560449251092,0.004807852927845746
persistence,stable_high,12,397,late,13,0.2625405333570918,0.7060092212645177,0.6275306117622594,4.440361281212451,0.4434686879074261,0.3649900784051676
persistence,stable_high,12,397,mid,12,0.2421160790194502,0.2813205541222243,0.2743602168131826,4.925664346709788,0.03920447510277406,0.032244137793732405
persistence,stable_high,12,398,all_post,37,0.7353643131879425,0.8823364756750668,0.8125620113233712,2.311462919070878,0.1469721624871243,0.0771976981354288
persistence,stable_high,12,398,early,12,0.2052087549193121,0.21643738437689689,0.3949336615152727,2.94286981406595,0.011228629457584806,0.1897249065959606
persistence,stable_high,12,398,late,13,0.7202633402009648,0.7568201798451675,1.0756655929131684,2.4558969232783037,0.036556839644202734,0.3554022527122036
persistence,stable_high,12,398,mid,12,1.281879258859132,1.6842115541222942,0.9451614810758562,1.5235858528510937,0.4023322952631623,-0.3367177777832758
persistence,stable_high,12,399,all_post,37,0.32092479579651334,0.4742603484014408,0.41660841651749003,2.816892728994457,0.15333555260492757,0.09568362072097672
persistence,stable_high,12,399,early,12,0.37478764453437724,0.8463889853220636,0.717165343459036,3.7039203450978175,0.4716013407876863,0.34237769892465875
persistence,stable_high,12,399,late,13,0.34662709744545084,0.32345811374468714,0.3138727521980459,2.2733660545798364,-0.02316898370076361,-0.03275434524740501
persistence,stable_high,12,399,mid,12,0.23921778693896714,0.26550079902563484,0.22734845925534206,2.5186856768402706,0.02628301208666764,-0.011869327683625107
persistence,stable_low,1,390,all_post,40,0.424344854196071,0.3919289948309175,0.4076831285667799,0.5111195125330639,-0.032415859365153496,-0.016661725629291045
persistence,stable_low,1,390,early,12,0.354938829037065,0.345328980263357,0.3006797497758238,0.6964814951633745,-0.009609848773707928,-0.05425907926124122
persistence,stable_low,1,390,late,16,0.4494266335910101,0.4443075080321318,0.46367320435331816,0.35871868892672054,-0.005119125558878262,0.014246570762308093
persistence,stable_low,1,390,mid,12,0.46030850682849156,0.3686909917968588,0.44003307297568517,0.5289586280445441,-0.09161751503163272,-0.020275433852806377
persistence,stable_low,1,391,all_post,40,0.4022848999447738,0.4076017664195559,0.3849378896863621,0.5788801916161578,0.005316866474782125,-0.01734701025841167
persistence,stable_low,1,391,early,12,0.5639894112491436,0.5782438542072893,0.5196336049926746,0.7077868335529427,0.014254442958145768,-0.04435580625646898
persistence,stable_low,1,391,late,16,0.28201572052817075,0.2958748201239592,0.28681056892930384,0.3337599938109708,0.013859099595788495,0.004794848401133114
persistence,stable_low,1,391,mid,12,0.40093929452920785,0.38592894035928454,0.3810786020561272,0.776800480086289,-0.015010354169923357,-0.019860692473080737
persistence,stable_low,1,392,all_post,40,0.4212466274362049,0.4167544362476633,0.483684885789768,0.48822056885441445,-0.004492191188541527,0.06243825835356313
persistence,stable_low,1,392,early,12,0.3155204493690266,0.29115082566360523,0.519978351964646,0.46429966100903913,-0.024369623705421384,0.20445790259561947
persistence,stable_low,1,392,late,16,0.43253007052020365,0.43953670412752144,0.3579939453709818,0.40896015754318,0.0070066336073177915,-0.07453612514922184
persistence,stable_low,1,392,mid,12,0.511928214724718,0.5119816896585773,0.6149793401732714,0.6178220251147691,5.347493385924746e-05,0.1030511254485535
persistence,stable_low,1,393,all_post,40,0.30211546593965266,0.3293874826649088,0.32486873908793346,0.5169509870062121,0.027272016725256133,0.022753273148280826
persistence,stable_low,1,393,early,12,0.30335333169919815,0.4211020837957477,0.4382764098915762,0.5558860685056213,0.11774875209654956,0.13492307819237806
persistence,stable_low,1,393,late,16,0.33355139499192343,0.24503149850208594,0.27583850821837735,0.29816133007017764,-0.08851989648983753,-0.05771288677354611
persistence,stable_low,1,393,mid,12,0.2589630281104128,0.3501475270845003,0.27683470944369887,0.7697354480881824,0.0911844989740876,0.017871681333286135
persistence,stable_low,1,394,all_post,40,0.36442372783544613,0.8298048101015084,0.32540135294957506,0.5491321209561201,0.46538108226606223,-0.03902237488587106
persistence,stable_low,1,394,early,12,0.4797477318408263,1.179910260981037,0.47733677007303094,0.8722566737026353,0.7001625291402108,-0.002410961767795372
persistence,stable_low,1,394,late,16,0.3107492350042318,0.6830481617639625,0.27992563684630695,0.42736346329630304,0.3722989267597307,-0.030823598157924858
persistence,stable_low,1,394,mid,12,0.32066571427168505,0.6753748903387077,0.23410022396380994,0.3883657784226942,0.3547091760670225,-0.08656549030787504
persistence,stable_low,1,395,all_post,40,0.430108942255819,0.39123911743156264,0.39111844089638903,0.4698660179521643,-0.0388698248242565,-0.038990501359430024
persistence,stable_low,1,395,early,12,0.5422648637007637,0.5261753595225779,0.5260283656365776,0.629146223054695,-0.016089504178185682,-0.01623649806418608
persistence,stable_low,1,395,late,16,0.4101360350868934,0.4044107172531328,0.4044699103352005,0.31785356826714817,-0.005725317833760513,-0.005666124751692904
persistence,stable_low,1,395,mid,12,0.34458356370277543,0.23874074224512012,0.2384065569044519,0.5132690790963219,-0.10584282145765526,-0.10617700679832347
persistence,stable_low,1,396,all_post,40,0.2763742262194134,0.32621040032531706,0.2572623097929091,0.3521496800038035,0.04983617410590373,-0.01911191642650429
persistence,stable_low,1,396,early,12,0.24386931753781846,0.4439462205985399,0.2381366403464785,0.36702821847729467,0.20007690306072148,-0.005732677191340033
persistence,stable_low,1,396,late,16,0.16917596266255802,0.17067021515707545,0.18536865686638526,0.13941775619679975,0.0014942524945174632,0.016192694203827268
persistence,stable_low,1,396,mid,12,0.4518101529768153,0.4158614936097496,0.3722461831413715,0.6209137066063174,-0.035948659367065657,-0.07956396983544396
persistence,stable_low,1,397,all_post,40,0.3480262013265942,0.34869461504855287,0.34898280352450667,0.5732302184742994,0.0006684137219586883,0.0009566021979124761
persistence,stable_low,1,397,early,12,0.3008221671764375,0.28690978725909927,0.2868234796551119,0.8079366749425848,-0.013912379917338243,-0.013998687521325657
persistence,stable_low,1,397,late,16,0.46001687073135467,0.46660385288731593,0.46694121613845263,0.5431518305394885,0.006586982155961249,0.006924345407097937
persistence,stable_low,1,397,mid,12,0.24590934293707015,0.25326712571965565,0.25386424390864015,0.3786282792524291,0.007357782782585507,0.007954900971569985
persistence,stable_low,1,398,all_post,40,0.3019605337733881,0.37407450028403455,0.30609042086694993,0.7285402896929563,0.07211396651064642,0.004129887093561805
persistence,stable_low,1,398,early,12,0.35651832365203634,0.35645784780766143,0.3518900617897834,0.9709548592675374,-6.0475844374921484e-05,-0.0046282618622529486
persistence,stable_low,1,398,late,16,0.28992577810003617,0.3609535079843078,0.3039507490524073,0.8163167201930632,0.07102772988427167,0.01402497095237118
persistence,stable_low,1,398,mid,12,0.2634490847925426,0.40918580916004327,0.26314367569683994,0.3690904794515657,0.14573672436750074,-0.00030540909570260147
persistence,stable_low,1,399,all_post,40,0.27860615356425644,0.2786606970439566,0.2817345092840942,0.6133055378521893,5.4543479700169814e-05,0.0031283557198377664
persistence,stable_low,1,399,early,12,0.2014371051867423,0.21368960207279422,0.2254951507703649,0.2583680151839554,0.012252496886051909,0.024058045583622584
persistence,stable_low,1,399,late,16,0.2599689951714794,0.28605118152947917,0.28262371494535965,0.7483296101663843,0.02608218635799979,0.022654719773880283
persistence,stable_low,1,399,mid,12,0.3806247464654733,0.3337778127010889,0.3367882602494696,0.7882109641014968,-0.0468469337643844,-0.043836486216003744
persistence,stable_low,3,390,all_post,40,0.37713574034060343,0.36717411839202535,0.36152655609641343,0.6742991496517898,-0.009961621948578086,-0.015609184244190008
persistence,stable_low,3,390,early,12,0.402946016744495,0.4112717760402475,0.39382799848738,0.7251949756961301,0.00832575929575246,-0.009118018257115099
persistence,stable_low,3,390,late,16,0.3820297149921807,0.3672777247426781,0.3746861411695478,0.6447760785276531,-0.014751990249502616,-0.007343573822632901
persistence,stable_low,3,390,mid,12,0.34480016440127553,0.3229383189429329,0.3116790002746011,0.6627674184396316,-0.021861845458342594,-0.03312116412667438
persistence,stable_low,3,391,all_post,40,0.33839259873561345,0.3186745192587893,0.31922800107200205,0.5163019496997205,-0.019718079476824153,-0.019164597663611428
persistence,stable_low,3,391,early,12,0.4059651592391971,0.3678330270829869,0.3711610133000373,0.5715178439923649,-0.038132132156210245,-0.03480414593915986
persistence,stable_low,3,391,late,16,0.21035526400464888,0.2389228168293067,0.2394845715280389,0.28130866553030776,0.02856755282465781,0.029129307523389998
persistence,stable_low,3,391,mid,12,0.4415364845399825,0.37585161467390177,0.37361956156925097,0.7744104342996264,-0.06568486986608067,-0.06791692297073158
persistence,stable_low,3,392,all_post,40,0.39422925401368825,0.5461462676419788,0.6505894012433366,0.5593009481670826,0.15191701362829063,0.2563601472296483
persistence,stable_low,3,392,early,12,0.40356849435056746,0.600229101163853,0.7132059745924505,0.6372094678499938,0.19666060681328545,0.3096374802418829
persistence,stable_low,3,392,late,16,0.41090620212124984,0.44858907972007334,0.5149640838678375,0.4669476443731815,0.03768287759882358,0.10405788174658781
persistence,stable_low,3,392,mid,12,0.3626540828667269,0.6221396846826454,0.768806584394888,0.60453016687604,0.25948560181591845,0.4061525015281611
persistence,stable_low,3,393,all_post,40,0.3654146031858787,0.4122551058568863,0.4092190666010289,0.5806613360636405,0.04684050267100767,0.04380446341515019
persistence,stable_low,3,393,early,12,0.28852788690633446,0.3419285920721675,0.35197823044546667,0.41353458912940694,0.05340070516583303,0.06345034353913218
persistence,stable_low,3,393,late,16,0.32663190925293006,0.36470902634291386,0.42134183257836044,0.3783235526120652,0.03807711708998375,0.0947099233254303
persistence,stable_low,3,393,mid,12,0.4940115780426877,0.545976392326902,0.4502962147868157,1.0175717942666411,0.051964814284214206,-0.04371536325587202
persistence,stable_low,3,394,all_post,40,0.2682782210574556,0.535110331376012,0.2574789236772069,0.45006979785605195,0.2668321103185564,-0.010799297380248707
persistence,stable_low,3,394,early,12,0.36376781955546855,0.6535851383536592,0.36469301036909757,0.7018914453247783,0.28981731879819056,0.0009251908136289448
persistence,stable_low,3,394,late,16,0.23721876899216587,0.5116492330797104,0.21387624621964169,0.37777561850197805,0.27443046408754457,-0.023342522772524195
persistence,stable_low,3,394,mid,12,0.21420122531316207,0.4479169887934334,0.2084017402620697,0.2946403895260907,0.23371576348027134,-0.0057994850510923734
persistence,stable_low,3,395,all_post,40,0.3695372635523994,0.3748158080574013,0.30707360680384743,0.49898194523607964,0.005278544505001853,-0.06246365674855199
persistence,stable_low,3,395,early,12,0.39039382458149113,0.4282081106287808,0.35383122146451024,0.6393991380103983,0.03781428604728953,-0.03656260311698098
persistence,stable_low,3,395,late,16,0.4283627687556002,0.39985574398435264,0.30588978537603073,0.2854040795018087,-0.028507024771247502,-0.12247298337956945
persistence,stable_low,3,395,mid,12,0.27024669558570674,0.2880369242500867,0.2618944207136071,0.6433352401074556,0.01779022866437998,-0.008352274872099677
persistence,stable_low,3,396,all_post,40,0.22893012817960612,0.22155982944948346,0.21894219733061832,0.3839699934754436,-0.00737029873012265,-0.009987930848987785
persistence,stable_low,3,396,early,12,0.24066141300024946,0.26853476763898937,0.2575172334832974,0.4569802132575549,0.02787335463873986,0.016855820483047946
persistence,stable_low,3,396,late,16,0.1686274563036329,0.1729429523854289,0.1730715924942201,0.2560429959319852,0.004315496081796008,0.004444136190587191
persistence,stable_low,3,396,mid,12,0.2976024058602603,0.23940739401205033,0.24152796762647014,0.4815291037512768,-0.05819501184821004,-0.05607443823379016
persistence,stable_low,3,397,all_post,40,0.25147698342053737,0.25005701417365445,0.2594627942049546,0.7225234632221564,-0.0014199692468828933,0.007985810784417298
persistence,stable_low,3,397,early,12,0.26736374615975633,0.26617343030475465,0.262628813986921,0.8983637075489721,-0.001190315855001663,-0.0047349321728353275
persistence,stable_low,3,397,late,16,0.29315961181531924,0.2951705745557973,0.3152221591354886,0.711603478297306,0.0020109627404780415,0.02206254732016935
persistence,stable_low,3,397,mid,12,0.18001338282160903,0.17378918419969702,0.18195095451560953,0.5612431987951417,-0.006224198621912036,0.001937571694000532
persistence,stable_low,3,398,all_post,40,0.3909131126491892,0.4189466331739166,0.3951295055871574,0.9215226002104024,0.028033520524727483,0.004216392937968166
persistence,stable_low,3,398,early,12,0.3199775213888577,0.31655848942535386,0.31441691444594627,0.9060062282443831,-0.0034190319635038317,-0.005560606942911425
persistence,stable_low,3,398,late,16,0.4502012008867441,0.44933079946307364,0.4765551640550114,1.167095117112999,-0.0008704014236704666,0.02635396316826729
persistence,stable_low,3,398,mid,12,0.3827979195927808,0.48082255520360345,0.36727455210456306,0.6096089496396261,0.09802463561082271,-0.015523367488217747
persistence,stable_low,3,399,all_post,40,0.3063933455407508,0.30924538333062185,0.30924538333062185,0.7592830433966781,0.0028520377898710743,0.0028520377898710743
persistence,stable_low,3,399,early,12,0.28309410887900094,0.337823852842037,0.337823852842037,0.5213313409102369,0.054729743963036,0.054729743963036
persistence,stable_low,3,399,late,16,0.3478475061800157,0.3269706392935176,0.3269706392935176,0.8913595891813162,-0.020876866886498098,-0.020876866886498098
persistence,stable_low,3,399,mid,12,0.2744203680168141,0.2570332392020125,0.2570332392020125,0.8211326848369351,-0.017387128814801613,-0.017387128814801613
persistence,stable_low,6,390,all_post,39,0.3936074847696273,0.3716652069034889,0.383727505652195,1.216605225609542,-0.021942277866138348,-0.009879979117432273
persistence,stable_low,6,390,early,12,0.4216517985271287,0.38527379373633863,0.40888219472749215,1.3107335597792324,-0.03637800479079008,-0.012769603799636658
persistence,stable_low,6,390,late,15,0.40381481082193377,0.38878896626900605,0.40757739074856336,1.0285320851383661,-0.015025844552927584,0.003762579926629674
persistence,stable_low,6,390,mid,12,0.3528040134467427,0.3366519208637426,0.3287604602064374,1.3575683170288217,-0.01615209258300007,-0.024043553240305337
persistence,stable_low,6,391,all_post,39,0.4087726426758359,0.36762182421849565,0.36893541193511653,0.5208938550457534,-0.04115081845734025,-0.03983723074071929
persistence,stable_low,6,391,early,12,0.6343977662773976,0.48004071585349756,0.48200858724335355,0.6687821035607202,-0.1543570504239,-0.15238917903404403
persistence,stable_low,6,391,late,15,0.19579086915357655,0.26601279959395857,0.2673833336281838,0.2827986208149076,0.07022193044038198,0.07159246447460728
persistence,stable_low,6,391,mid,12,0.44937473597709826,0.382214213364165,0.3828023345105455,0.6706246493193438,-0.06716052261293327,-0.06657240146655276
persistence,stable_low,6,392,all_post,39,0.44834896831857035,0.7536918392992126,0.9028085581758802,0.7957437981058119,0.30534287098064206,0.45445958985731
persistence,stable_low,6,392,early,12,0.4553175122950525,0.9127345984391807,1.0708442596810361,0.9729149123858359,0.4574170861441282,0.6155267473859838
persistence,stable_low,6,392,late,15,0.5245616280845588,0.5897715372562794,0.6642383345227801,0.6847521841926969,0.06520990917172065,0.13967670643822128
persistence,stable_low,6,392,mid,12,0.3461145996346027,0.7995494577129105,1.0329856362370997,0.7573122012171817,0.45343485807830786,0.686871036602497
persistence,stable_low,6,393,all_post,39,0.41169953909733253,0.474708951603732,0.4871225252905978,0.7267351930822472,0.0630094125063995,0.07542298619326515
persistence,stable_low,6,393,early,12,0.3749856273013897,0.42311287609749665,0.44316972717619746,0.5277954633593606,0.048127248796107,0.0681840998748079
persistence,stable_low,6,393,late,15,0.4231644581983953,0.5037593680199051,0.5125664429395737,0.623822465361014,0.08059490982150971,0.08940198474117832
persistence,stable_low,6,393,mid,12,0.4340823020169469,0.48999200658975123,0.49927042634377794,1.0543158324566748,0.05590970457280422,0.06518812432683102
persistence,stable_low,6,394,all_post,39,0.36292944794367005,0.6656069350846243,0.3389193779393184,0.4932854551068733,0.3026774871409542,-0.024010070004351597
persistence,stable_low,6,394,early,12,0.4974289121881125,0.7688388887059731,0.4794361559935198,0.6747137719544988,0.2714099765178607,-0.01799275619459279
persistence,stable_low,6,394,late,15,0.2549833180281053,0.6933884562082914,0.24998220859563652,0.4916643609760833,0.43840513818018595,-0.005001109432468791
persistence,stable_low,6,394,mid,12,0.3633626460936834,0.5276480800586915,0.30957406156471956,0.31388350592273506,0.16428543396500794,-0.05378858452896392
persistence,stable_low,6,395,all_post,39,0.5581613078552824,0.4770699352207456,0.36027777015232365,0.6489220392290127,-0.08109137263453682,-0.19788353770295894
persistence,stable_low,6,395,early,12,0.43586925931466963,0.5014809168973674,0.3730108240605395,0.8154204433232489,0.0656116575826977,-0.0628584352541302
persistence,stable_low,6,395,late,15,0.8410037702102222,0.5747263231925287,0.3963806621786039,0.37820500940150814,-0.2662774470176935,-0.44462310803161836
persistence,stable_low,6,395,mid,12,0.32690027845222075,0.3305884685793953,0.3024161012112572,0.8208199224191569,0.0036881901271745843,-0.024484177240963533
persistence,stable_low,6,396,all_post,39,0.2405270019807775,0.23824531111133046,0.237756070267211,0.3890898409000992,-0.002281690869447043,-0.0027709317135664355
persistence,stable_low,6,396,early,12,0.22095292699710287,0.2711773967988417,0.2790673680758879,0.4088141356567789,0.05022446980173886,0.05811444107878507
persistence,stable_low,6,396,late,15,0.18309198205176494,0.1779709147743867,0.1774705385357009,0.3078069207878939,-0.00512106727737831,-0.005621443516064058
persistence,stable_low,6,396,mid,12,0.3318948518757178,0.2806562208449989,0.2718016871229219,0.470969196283676,-0.05123863103071885,-0.060093164752795906
persistence,stable_low,6,397,all_post,39,0.24419815096714914,0.25241456398971873,0.2657927559662406,1.5606310074298246,0.008216413022569544,0.02159460499909138
persistence,stable_low,6,397,early,12,0.2570921049073687,0.2620793379333234,0.24876035570015298,1.8016635405357564,0.004987233025954642,-0.00833174920721577
persistence,stable_low,6,397,late,15,0.2826398556518686,0.29272898870693964,0.335206202134227,1.5220861002834398,0.01008913305507107,0.052566346482358424
persistence,stable_low,6,397,mid,12,0.1832520661710305,0.19235675914958805,0.19605834852234524,1.367779608256874,0.009104692978557543,0.01280628235131472
persistence,stable_low,6,398,all_post,39,0.4265625624552876,0.4873284600625997,0.4491178905794952,1.3525213593043266,0.0607658976073122,0.022555328124207616
persistence,stable_low,6,398,early,12,0.3469453319696611,0.3365118223097365,0.35324929224216955,1.5899126142276605,-0.010433509659924692,0.006303960272508434
persistence,stable_low,6,398,late,15,0.4870605759648407,0.5284004930466761,0.5607781326446156,1.5123983091451834,0.041339917081835535,0.07371755667977485
persistence,stable_low,6,398,mid,12,0.43055727605397287,0.5868050565853679,0.40541118633542056,0.915283917079922,0.1562477805313949,-0.025146089718552245
persistence,stable_low,6,399,all_post,39,0.3426308222089676,0.3369543425056125,0.3369543425056125,1.235481575970385,-0.005676479703355113,-0.005676479703355113
persistence,stable_low,6,399,early,12,0.37652675301866917,0.40714464675197015,0.40714464675197015,1.1913349482381574,0.030617893733300827,0.030617893733300827
persistence,stable_low,6,399,late,15,0.3661463583625879,0.3338923458923031,0.3338923458923031,1.3547766399075685,-0.032254012470284726,-0.032254012470284726
persistence,stable_low,6,399,mid,12,0.27934047120724076,0.2705915340258917,0.2705915340258917,1.1305093737811345,-0.008748937181349054,-0.008748937181349054
persistence,stable_low,12,390,all_post,37,0.41993280570944436,0.40486276268727095,0.4353627391189004,3.1725930824899793,-0.015070043022173402,0.015429933409455997
persistence,stable_low,12,390,early,12,0.4697731251048259,0.4245439704867337,0.4807462009597183,3.4172144529562076,-0.04522915461809218,0.0109730758548924
persistence,stable_low,12,390,late,13,0.3940746580578074,0.3812111267360271,0.4162146747320315,2.6640502248692917,-0.01286353132178032,0.022140016674224147
persistence,stable_low,12,390,mid,12,0.39810547960333614,0.4108041605016557,0.4107230136971903,3.478893141112831,0.012698680898319548,0.012617534093854105
persistence,stable_low,12,391,all_post,37,0.47897573073902044,0.4816215737081281,0.4827536022178408,0.6231662038250454,0.002645842969107552,0.003777871478820368
persistence,stable_low,12,391,early,12,0.6687938750249143,0.658867959447225,0.6601356975677711,0.8126115387532344,-0.00992591557768914,-0.008658177457142882
persistence,stable_low,12,391,late,13,0.23748830820481348,0.3622441012482666,0.36380467639007547,0.3772416226558499,0.12475579304345327,0.1263163681852621
persistence,stable_low,12,391,mid,12,0.5507689608651845,0.43370078313388083,0.4342328431813229,0.7001391651634844,-0.11706817773130361,-0.11653611768386156
persistence,stable_low,12,392,all_post,37,0.7023940176221244,1.5506200183311118,1.735970608372614,1.50116221621718,0.8482260007089877,1.0335765907504892
persistence,stable_low,12,392,early,12,0.7212009258965565,1.8654562927173968,2.0704895497914024,1.7805619460305324,1.14425536682084,1.3492886238948456
persistence,stable_low,12,392,late,13,0.9600735152420269,1.0341186145233876,1.110329778812497,1.1781559816390001,0.07404509928136091,0.1502562635704704
persistence,stable_low,12,392,mid,12,0.40443432025946474,1.795326931403195,2.079229232310618,1.571685907196856,1.3908926111437303,1.6747949120511534
persistence,stable_low,12,393,all_post,37,0.6509736453548047,0.6256205602945222,0.649737343395767,1.1427997059539543,-0.025353085060282738,-0.001236301959037705
persistence,stable_low,12,393,early,12,0.576446709814806,0.5539799910201126,0.6046743934142688,0.8660291499666428,-0.022466718794693252,0.0282276835994628
persistence,stable_low,12,393,late,13,0.8328343941926065,0.7066530305655964,0.7102908784590724,1.3599481577530015,-0.12618136362701013,-0.12254351573353424
persistence,stable_low,12,393,mid,12,0.5284847696538518,0.6094759534419342,0.6292006303920182,1.1843261058256316,0.08099118378808243,0.1007158607381664
persistence,stable_low,12,394,all_post,37,0.5834977781051602,0.9821980594196118,0.4999495895530705,0.7313198045635885,0.39870028131445173,-0.0835481885520897
persistence,stable_low,12,394,early,12,0.932560421864271,0.9992539010569481,0.6601100506616447,0.6768968728517198,0.06669347919267742,-0.27245037120262605
persistence,stable_low,12,394,late,13,0.3134720553182311,1.1658082653604898,0.3822928909574656,0.9657711068466658,0.8523362100422583,0.06882083563923443
persistence,stable_low,12,394,mid,12,0.5269630006985563,0.7662311613463252,0.4672505519230685,0.5317538254687896,0.23926816064776882,-0.059712448775487925
persistence,stable_low,12,395,all_post,37,1.1776306233829126,0.8157876131837175,0.5171453984365851,1.1011458623877735,-0.36184301019919507,-0.6604852249463276
persistence,stable_low,12,395,early,12,0.6036525832641968,0.7656262120213166,0.40738843005691633,1.5733308276546982,0.1619736287571199,-0.1962641532072804
persistence,stable_low,12,395,late,13,2.346868845299294,1.1999076221312894,0.705279830741306,0.4868456270177797,-1.1469612231680053,-1.6415890145579888
persistence,stable_low,12,395,mid,12,0.48493392309221495,0.449819004652916,0.4230900651528066,1.294452818771674,-0.03511491843929907,-0.06184385793940842
persistence,stable_low,12,396,all_post,37,0.35917857637392975,0.3342547285481957,0.31204197402273415,0.48586375009425065,-0.02492384782573409,-0.04713660235119563
persistence,stable_low,12,396,early,12,0.4553962867283925,0.42778547733230016,0.4065793533924853,0.5230692842267244,-0.027610809396092378,-0.04881693333590719
persistence,stable_low,12,396,late,13,0.24208113030387943,0.20699391952095553,0.18878585122535632,0.46215627723203484,-0.035087210782923886,-0.05329527907852312
persistence,stable_low,12,396,mid,12,0.38981643259535487,0.3785898562102681,0.35103206101680895,0.47434131156251097,-0.011226576385086872,-0.038784371578545945
persistence,stable_low,12,397,all_post,37,0.2562791757186547,0.27847617363970395,0.2933816486870115,4.641260973394875,0.02219699792104913,0.037102472968356746
persistence,stable_low,12,397,early,12,0.2756159901560241,0.2916572397024617,0.2827575373404116,4.966768947040048,0.016041249546437545,0.007141547184387462
persistence,stable_low,12,397,late,13,0.30072651218213037,0.34815978831607386,0.3975838709412364,4.614785312842147,0.047433276133943506,0.096857358759106
persistence,stable_low,12,397,mid,12,0.18879108011252,0.1898045250108785,0.19112001925820102,4.344434965348489,0.001013444898358479,0.0023289391456810297
persistence,stable_low,12,398,all_post,37,0.4727528190747934,0.6172369961100099,0.49326184897108,2.6918298854803915,0.14448417703521646,0.02050902989628671
persistence,stable_low,12,398,early,12,0.3173979347218188,0.3513303505769982,0.33989921985413796,3.5369556837749556,0.033932415855179365,0.022501285132319086
persistence,stable_low,12,398,late,13,0.5034147121363289,0.6118926809963785,0.6205295295275784,2.8507264050689276,0.10847796886004953,0.11711481739124942
persistence,stable_low,12,398,mid,12,0.5948906526111042,0.8889333163494554,0.508751157485149,1.6745661909649119,0.29404266373835114,-0.0861394951259553
persistence,stable_low,12,399,all_post,37,0.4841254889732272,0.44768311286844004,0.44768311286844004,3.218200463185545,-0.03644237610478713,-0.03644237610478713
persistence,stable_low,12,399,early,12,0.6691400031814059,0.6559931446372622,0.6559931446372622,3.7819647261495306,-0.013146858544143594,-0.013146858544143594
persistence,stable_low,12,399,late,13,0.4301758316355188,0.3782210215844003,0.3782210215844003,3.0926132345289847,-0.05195481005111854,-0.05195481005111854
persistence,stable_low,12,399,mid,12,0.3575564368808993,0.314623679990661,0.314623679990661,2.7904890312661674,-0.04293275689023829,-0.04293275689023829
roughness,high_to_low,1,390,all_post,40,0.40523379824745387,0.37761878353401246,0.3789527269979839,0.6360298643498695,-0.02761501471344143,-0.02628107124946999
roughness,high_to_low,1,390,early,12,0.33773532635465187,0.3310288328704183,0.31804796607898506,0.8482392386569039,-0.006706493484233589,-0.019687360275666956
roughness,high_to_low,1,390,late,16,0.4879703633493472,0.43710996539104097,0.4308342358181796,0.41999280486795887,-0.05086039795830634,-0.057136127531167695
roughness,high_to_low,1,390,mid,12,0.3624168500043979,0.3448871583882352,0.37068214282338846,0.7118699026853826,-0.017529691616162732,0.008265292818990591
roughness,high_to_low,1,391,all_post,40,0.4173025966360638,0.3965213772647102,0.39398016696558924,0.5766212094720794,-0.02078121937135354,-0.023322429670474598
roughness,high_to_low,1,391,early,12,0.5995764837232062,0.5281371142621373,0.5282047855010552,0.7132843034287851,-0.07143936946106881,-0.07137169822215106
roughness,high_to_low,1,391,late,16,0.2768452858126506,0.3082463037899239,0.307854993896459,0.3323997348405764,0.0314010179772733,0.031009708083808363
roughness,high_to_low,1,391,mid,12,0.422305123980139,0.38260573823366495,0.37458911252229693,0.7655867483573776,-0.03969938574647405,-0.04771601145784208
roughness,high_to_low,1,392,all_post,40,0.3754464200568416,0.4162296268820551,0.39489600069203606,0.5227955252334086,0.04078320682521354,0.01944958063519443
roughness,high_to_low,1,392,early,12,0.2995372516293135,0.29953265584710087,0.36655588977604237,0.5153902080539493,-4.595782212632518e-06,0.06701863814672888
roughness,high_to_low,1,392,late,16,0.32601728147332143,0.42843292892791796,0.36641364528313214,0.43380357356005406,0.10241564745459661,0.04039636380981078
roughness,high_to_low,1,392,mid,12,0.51726110659573,0.5166555285225256,0.46121258548656835,0.6488567779773405,-0.0006055780732044039,-0.05604852110916183
roughness,high_to_low,1,393,all_post,40,0.271191867438301,0.4187915017054575,0.4618832859442297,0.5350725543073895,0.14759963426715644,0.1906914185059288
roughness,high_to_low,1,393,early,12,0.3005387287171309,0.5524404899468266,0.6206042083169,0.5994160354949886,0.25190176122969565,0.3200654795997691
roughness,high_to_low,1,393,late,16,0.22672757545115924,0.33191987746561835,0.4039756508134875,0.33548703481133274,0.1051923020144591,0.1772480753623283
roughness,high_to_low,1,393,mid,12,0.30113072880899344,0.4009713457838737,0.3803725437458824,0.736843099114533,0.09984061697488034,0.07924181493688902
roughness,high_to_low,1,394,all_post,40,0.36227651085463786,0.6567579674230626,0.2935215214788447,0.5322771503235811,0.2944814565684249,-0.06875498937579312
roughness,high_to_low,1,394,early,12,0.451214192683051,1.2423504854731686,0.39996037898649967,0.8237017904213246,0.7911362927901178,-0.05125381369655125
roughness,high_to_low,1,394,late,16,0.3247296541065917,0.3505835172478002,0.2837238554839038,0.4288230725268222,0.02585386314120848,-0.04100579862268787
roughness,high_to_low,1,394,mid,12,0.3234013046902861,0.47939804960663984,0.20014621863111082,0.3787912806215162,0.1559967449163537,-0.12325508605917529
roughness,high_to_low,1,395,all_post,40,0.392638073196465,0.35296305752959223,0.35296305752959223,0.48891942913318437,-0.0396750156668727,-0.0396750156668727
roughness,high_to_low,1,395,early,12,0.5419193757909199,0.5401391190730042,0.5401391190730042,0.6538164706605742,-0.001780256717915744,-0.001780256717915744
roughness,high_to_low,1,395,late,16,0.3579378772265514,0.3120807720446672,0.3120807720446672,0.3189057210482472,-0.04585710518188419,-0.04585710518188419
roughness,high_to_low,1,395,mid,12,0.2896236985618949,0.22029670996608053,0.22029670996608053,0.550707331719044,-0.06932698859581433,-0.06932698859581433
roughness,high_to_low,1,396,all_post,40,0.26998259343187025,0.33578958837512773,0.24734283717614872,0.3630977880951046,0.06580699494325752,-0.02263975625572159
roughness,high_to_low,1,396,early,12,0.24983549696687524,0.42670209581959867,0.1714296001375872,0.3366695551388867,0.17686659885272338,-0.07840589682928804
roughness,high_to_low,1,396,late,16,0.18834224327770066,0.17416766122318816,0.18054047979792506,0.12894193803917636,-0.014174582054512469,-0.007801763479775596
roughness,high_to_low,1,396,mid,12,0.3989834901024248,0.4603729837999098,0.4123258840523416,0.7017338211258936,0.061389493697484976,0.013342393949916875
roughness,high_to_low,1,397,all_post,40,0.35211617489660485,0.3466462032886019,0.34571473099914424,0.7731981206323992,-0.0054699716080029714,-0.0064014438974606454
roughness,high_to_low,1,397,early,12,0.2862436866884262,0.3021945363158156,0.29863733387701835,1.1177138366611437,0.015950849627389352,0.012393647188592075
roughness,high_to_low,1,397,late,16,0.4632009259312948,0.44870097388012276,0.4469976002111723,0.6619485538453439,-0.014499952051171994,-0.016203325720122445
roughness,high_to_low,1,397,mid,12,0.2698756617251969,0.25502484280602705,0.25774830250523256,0.5770151603197283,-0.014850818919169907,-0.012127359219964317
roughness,high_to_low,1,398,all_post,40,0.3598235847215611,0.3513916478352163,0.3059970593223829,0.9615082417284266,-0.008431936886344787,-0.053826525399178184
roughness,high_to_low,1,398,early,12,0.5719715989294911,0.5400353728444472,0.3784117122919306,1.2305948205457657,-0.031936226085043894,-0.19355988663756044
roughness,high_to_low,1,398,late,16,0.26759710206843085,0.2541898090477922,0.2815940095931873,1.1138110552177993,-0.013407293020638686,0.013996907524756415
roughness,high_to_low,1,398,mid,12,0.2706442140511381,0.29235037454255103,0.2661198059917627,0.4893512449252569,0.021706160491412847,-0.004524408059375382
roughness,high_to_low,1,399,all_post,40,0.2735123895959827,0.274652737518114,0.29373815747258675,0.938104225950488,0.0011403479221313289,0.0202257678766041
roughness,high_to_low,1,399,early,12,0.20608629762156386,0.21213331941641236,0.276757642762309,0.5573643047044916,0.006047021794848502,0.07067134514074518
roughness,high_to_low,1,399,late,16,0.27705787370911994,0.2903901597326294,0.28753155336896874,1.1852913397909295,0.013332286023509495,0.010473679659848835
roughness,high_to_low,1,399,mid,12,0.3362111694195517,0.3161889260004616,0.3189941443210218,0.9892613287425626,-0.02002224341909006,-0.01721702509852997
roughness,high_to_low,3,390,all_post,40,0.34807962858268493,0.35592105829984577,0.3620186225173323,1.2256523874516847,0.007841429717160836,0.013938993934647393
roughness,high_to_low,3,390,early,12,0.41176490297956697,0.4088812855320616,0.4106090731575967,1.2324905859476154,-0.0028836174475054513,-0.0011558298219702366
roughness,high_to_low,3,390,late,16,0.35790004635696143,0.37137532776590954,0.38211916356133035,1.1847176047940238,0.01347528140894813,0.024219117204368895
roughness,high_to_low,3,390,mid,12,0.27130046382010087,0.2823551384462116,0.2866274504850705,1.273393899165969,0.011054674626110735,0.015326986664969683
roughness,high_to_low,3,391,all_post,40,0.32161097822324897,0.3542073398215466,0.3509131096998218,0.5235905696404372,0.03259636159829764,0.029302131476572874
roughness,high_to_low,3,391,early,12,0.43124486186844385,0.3870674546045603,0.386949510834107,0.5799511931960095,-0.04417740726388356,-0.04429535103433687
roughness,high_to_low,3,391,late,16,0.17747001566331522,0.2649838666585265,0.2669547612487465,0.2833210523487587,0.0875138509952113,0.08948474558543126
roughness,high_to_low,3,391,mid,12,0.4041650446579658,0.44031185592255967,0.4268211731669706,0.7875893024737691,0.036146811264593945,0.022656128509004742
roughness,high_to_low,3,392,all_post,40,0.3860559612274729,0.40079831862040355,0.3758289608985314,0.7549751747844556,0.014742357392930722,-0.01022700032894137
roughness,high_to_low,3,392,early,12,0.40923186694803304,0.4050912216335722,0.3907895586331154,0.8458241317101963,-0.004140645314460847,-0.01844230831491763
roughness,high_to_low,3,392,late,16,0.3575515003758165,0.3778713780066677,0.35350879859694845,0.6616351913419619,0.020319877630851163,-0.004042701778868079
roughness,high_to_low,3,392,mid,12,0.40088600330912105,0.42707466975888275,0.39062857956605823,0.7885795291153732,0.0261886664497617,-0.01025742374306283
roughness,high_to_low,3,393,all_post,40,0.34924731980677703,0.6510815316859364,0.7854692996373202,0.6981600471989499,0.3018342118791594,0.4362219798305432
roughness,high_to_low,3,393,early,12,0.2901579781848493,0.5907550471673014,0.7359424196711201,0.5412139863000689,0.30059706898245203,0.4457844414862708
roughness,high_to_low,3,393,late,16,0.2715501365451294,0.591395011410027,0.7696896890074698,0.5280950845311092,0.31984487486489765,0.49813955246234043
roughness,high_to_low,3,393,mid,12,0.5119329057775682,0.7909900432391171,0.8560356604433209,1.081859391654952,0.2790571374615489,0.3441027546657527
roughness,high_to_low,3,394,all_post,40,0.24793712920078734,0.25416844039380615,0.24769941005263113,0.4806430221280779,0.00623131119301878,-0.00023771914815622978
roughness,high_to_low,3,394,early,12,0.3548609289553193,0.35740637106784506,0.3424631671589158,0.7383969141586862,0.002545442112525826,-0.012397761796403494
roughness,high_to_low,3,394,late,16,0.22140122154647923,0.24029199800993645,0.23370543408765027,0.4010559369712432,0.01889077646345725,0.012304212541171047
roughness,high_to_low,3,394,mid,12,0.1763945396519996,0.16943243289826007,0.17159428756632097,0.32900524363991623,-0.006962106753739555,-0.004800252085678664
roughness,high_to_low,3,395,all_post,40,0.3325630319680789,0.34414041035912146,0.2965666018867353,0.7154448680458604,0.011577378391042604,-0.035996430081343574
roughness,high_to_low,3,395,early,12,0.440285587816031,0.5080155850985917,0.3763461722480875,0.8627101945924194,0.06772999728256063,-0.0639394155679435
roughness,high_to_low,3,395,late,16,0.3261674597572228,0.2803385111515462,0.24904644267759768,0.4477971964617008,-0.045828948605676656,-0.07712101707962514
roughness,high_to_low,3,395,mid,12,0.2333679057346015,0.2653344345630851,0.2801472438042333,0.925043103611514,0.031966528828483595,0.04677933806963178
roughness,high_to_low,3,396,all_post,40,0.21655113265908216,0.21282594066891464,0.21480214571554518,0.5632457701052034,-0.0037251919901674993,-0.001748986943536992
roughness,high_to_low,3,396,early,12,0.23872121341613098,0.22105320578488274,0.21983891920516938,0.6398904456840245,-0.017668007631248227,-0.018882294210961617
roughness,high_to_low,3,396,late,16,0.16947450136452857,0.17494837721496165,0.17736797069311078,0.37040623177874893,0.005473875850433082,0.007893469328582205
roughness,high_to_low,3,396,mid,12,0.25714989362810475,0.2551020934915505,0.2596776055891668,0.7437204789616546,-0.0020478001365542148,0.002527711961062034
roughness,high_to_low,3,397,all_post,40,0.25091801916260026,0.26566699548886624,0.2789023889720534,1.4767422266257775,0.014748976326265966,0.027984369809453107
roughness,high_to_low,3,397,early,12,0.2815461240333363,0.281370828918607,0.30049106768983364,1.6985190728434205,-0.0001752951147292528,0.01894494365649733
roughness,high_to_low,3,397,late,16,0.28224376382819083,0.3048351184283456,0.3181679413729938,1.4367935094762907,0.022591354600154732,0.03592417754480294
roughness,high_to_low,3,397,mid,12,0.1785222547377435,0.19773899813981966,0.2049596403863526,1.30823033660745,0.019216743402076176,0.026437385648609115
roughness,high_to_low,3,398,all_post,40,0.35649777319111464,0.3992812006958853,0.4163192198511377,1.671429189618929,0.042783427504770676,0.05982144666002305
roughness,high_to_low,3,398,early,12,0.3017866446029543,0.3337541373991817,0.3353824486674248,1.7000145173438836,0.03196749279622744,0.033595804064470484
roughness,high_to_low,3,398,late,16,0.3920180681953483,0.46695762799919077,0.49590734176738704,1.9515151253836713,0.07493955980384248,0.10388927357203882
roughness,high_to_low,3,398,mid,12,0.36384850844029676,0.37457302758818156,0.39113849514651805,1.2693959475409848,0.010724519147884833,0.02728998670622124
roughness,high_to_low,3,399,all_post,40,0.30367468661127306,0.3343451781904038,0.3338300320285787,1.898931152309639,0.030670491579130738,0.030155345417305624
roughness,high_to_low,3,399,early,12,0.34299086218609204,0.4479811476513014,0.44649915365748066,1.5850036508858862,0.10499028546520944,0.10350829147138864
roughness,high_to_low,3,399,late,16,0.3041758270345422,0.2932678244346503,0.29325456809640454,2.177957563246294,-0.010908002599891893,-0.01092125893813767
roughness,high_to_low,3,399,mid,12,0.2636903238054286,0.2754790137371775,0.2752615289759089,1.8408234391511844,0.011788689931748869,0.011571205170480325
roughness,high_to_low,6,390,all_post,39,0.34837842771216515,0.3736171753279289,0.3855150610986581,2.925342366389477,0.025238747615763668,0.03713663338649294
roughness,high_to_low,6,390,early,12,0.42828047392783836,0.43269856882817953,0.4371654772640563,2.976158630339233,0.00441809490034122,0.00888500333621802
roughness,high_to_low,6,390,late,15,0.35646332953686904,0.40106292006561817,0.425796738624762,2.644277136095658,0.044599590528749136,0.06933340908789282
roughness,high_to_low,6,390,mid,12,0.25837025421561205,0.28022860090556634,0.28351254802563003,3.225857640306994,0.021858346689954265,0.025142293810017997
roughness,high_to_low,6,391,all_post,39,0.43789299901619966,0.4220983058506813,0.4229193849922089,0.549936645648601,-0.015794693165518355,-0.01497361402399073
roughness,high_to_low,6,391,early,12,0.7545704637670494,0.5287628230766581,0.5299254863771,0.6982586185107582,-0.2258076406903912,-0.22464497738994924
roughness,high_to_low,6,391,late,15,0.1750511510461242,0.31402937026512195,0.31951928538656876,0.3045811791015853,0.13897821921899775,0.14446813434044456
roughness,high_to_low,6,391,mid,12,0.4497678442279441,0.4505199581066533,0.4451634081143676,0.7083090059702138,0.0007521138787093285,-0.004604436113576378
roughness,high_to_low,6,392,all_post,39,0.42768248027813555,0.4581736653022503,0.42633630803651,1.4221512587319398,0.030491185024114797,-0.0013461722416255018
roughness,high_to_low,6,392,early,12,0.4841427513406255,0.45261804859490357,0.4330355155972328,1.6426435598327613,-0.03152470274572205,-0.05110723574339276
roughness,high_to_low,6,392,late,15,0.3970566065232877,0.46801772416030585,0.4300526020325167,1.3007211065630508,0.07096111763701811,0.03299599550922903
roughness,high_to_low,6,392,mid,12,0.40950455140920533,0.45142420843702774,0.4149917329807789,1.3534466478422298,0.04191965702782253,0.005487181571573588
roughness,high_to_low,6,393,all_post,39,0.4190919292220961,1.161437269443333,1.4701743234450324,1.1200752588179859,0.742345340221237,1.0510823942229364
roughness,high_to_low,6,393,early,12,0.4932620502608453,1.0997631877232912,1.4058699271630546,0.9490554289227946,0.6065011374624459,0.912607876902209
roughness,high_to_low,6,393,late,15,0.3028881808296002,1.2313329417667687,1.6078146096019634,1.0876150364995936,0.9284447609371682,1.3049264287723636
roughness,high_to_low,6,393,mid,12,0.4901764936739668,1.1357417607590807,1.3624283620308457,1.3316703666111682,0.6455652670851141,0.8722518683568791
roughness,high_to_low,6,394,all_post,39,0.2782486624736024,0.28932678942823126,0.280630934389086,0.5913670694200628,0.011078126954628878,0.0023822719154835913
roughness,high_to_low,6,394,early,12,0.39361421238651206,0.3983443289013116,0.3796813025900898,0.7641999521911168,0.004730116514799582,-0.013932909796422262
roughness,high_to_low,6,394,late,15,0.2369027611459372,0.26620271221857317,0.2520502082192921,0.5843997282235077,0.029299951072636013,0.015147447073354841
roughness,high_to_low,6,394,mid,12,0.2145654892202742,0.2092143464672235,0.21730647390032462,0.42724336314470346,-0.005351142753050737,0.0027409846800503786
roughness,high_to_low,6,395,all_post,39,0.43299528130325726,0.41410140687402686,0.34792733972900913,1.3384167899495218,-0.018893874429230458,-0.085067941574248
roughness,high_to_low,6,395,early,12,0.5548813466425261,0.6167781649712539,0.41884810781784076,1.5972825705286187,0.061896818328727975,-0.1360332388246853
roughness,high_to_low,6,395,late,15,0.4763200869474993,0.3529574619461054,0.3016248954720575,0.8820722248416912,-0.123362625001394,-0.17469519147544194
roughness,high_to_low,6,395,mid,12,0.2569532089086859,0.2878545799367013,0.3348846269613675,1.649981715755214,0.030901371028015445,0.07793141805268163
roughness,high_to_low,6,396,all_post,39,0.22318626867775193,0.232047148330713,0.22937004116593793,1.0508091139762445,0.008860879652961144,0.006183772488186037
roughness,high_to_low,6,396,early,12,0.22087853573837501,0.2196180992975407,0.21972842050051822,1.159591492426056,-0.0012604364408342443,-0.0011501152378567369
roughness,high_to_low,6,396,late,15,0.1719012428675525,0.18586029509581406,0.18298465567994143,0.7986311232289175,0.013959052228261557,0.01108341281238894
roughness,high_to_low,6,396,mid,12,0.2896002838798782,0.30220976390750925,0.29699339368885336,1.257249223960592,0.012609480027631015,0.007393109808975185
roughness,high_to_low,6,397,all_post,39,0.23863600017122202,0.27366315822657733,0.3084389164128039,4.012091005726222,0.03502715805535533,0.06980291624158197
roughness,high_to_low,6,397,early,12,0.26924662347065864,0.2892264501247603,0.33135976082117763,4.327913822369811,0.019979826654101616,0.06211313735051893
roughness,high_to_low,6,397,late,15,0.252644211008002,0.31185462189218394,0.3569833952099736,3.9270028710988556,0.059210410884181906,0.1043391842019716
roughness,high_to_low,6,397,mid,12,0.1905151133258103,0.21036053674638602,0.22483747350796826,3.8026283573668462,0.019845423420575763,0.034322360182157986
roughness,high_to_low,6,398,all_post,39,0.38614431391772375,0.42767333755248277,0.4986318016826527,3.7165974067063177,0.04152902363475896,0.11248748776492895
roughness,high_to_low,6,398,early,12,0.3329512815247601,0.4632194640410449,0.3976670564426292,4.077074256622393,0.13026818251628483,0.064715774917869
roughness,high_to_low,6,398,late,15,0.4296916610617209,0.42116742614406816,0.6197302042420675,3.9544399019127514,-0.008524234917652836,0.1900385431803467
roughness,high_to_low,6,398,mid,12,0.3849031623806911,0.4002596003244389,0.4482235437234077,3.0588174377822015,0.015356437943747804,0.06332038134271667
roughness,high_to_low,6,399,all_post,39,0.338664907203245,0.37944462085922986,0.3772697616287133,4.871104376345343,0.04077971365598495,0.03860485442546835
roughness,high_to_low,6,399,early,12,0.46768352560437204,0.5876428953132661,0.582104580210303,4.702564001547073,0.11995936970889393,0.114421054605931
roughness,high_to_low,6,399,late,15,0.29771667175203276,0.2883774562989879,0.2884454608906655,5.308185662384395,-0.009339215453044796,-0.009271210861367308
roughness,high_to_low,6,399,mid,12,0.26083158311613297,0.28508030210549606,0.28346531896968324,4.493293143594798,0.02424871898936314,0.022633735853550316
roughness,high_to_low,12,390,all_post,37,0.3913946292644061,0.4047440505601585,0.44209450096130526,9.18067438953055,0.013349421295752418,0.05069987169689926
roughness,high_to_low,12,390,early,12,0.5220224589897614,0.4996268088165196,0.5402557969738636,9.437307801339772,-0.022395650173241854,0.018233337984102094
roughness,high_to_low,12,390,late,13,0.36445468934056263,0.39787966129240826,0.4605943601882509,8.401105906123146,0.03342497195184557,0.09613967084768818
roughness,high_to_low,12,390,mid,12,0.2899517344565477,0.31729771401052687,0.32389169078622276,9.768573501412686,0.027345979553979115,0.03393995632967512
roughness,high_to_low,12,391,all_post,37,0.5462534329448967,0.6334270415561567,0.6336321462271248,0.737020601804383,0.08717360861125996,0.08737871328222827
roughness,high_to_low,12,391,early,12,0.7953789701637596,0.797448524990351,0.7978381723008786,0.9143454703178177,0.002069554826591364,0.0024592021371192727
roughness,high_to_low,12,391,late,13,0.2278358304363939,0.5042542780212659,0.5124040036435317,0.4890440382394384,0.276418447584872,0.2845681732071378
roughness,high_to_low,12,391,mid,12,0.6420802984435784,0.6093427186180941,0.6007566079522637,0.8283370104863054,-0.03273757982548447,-0.04132369049131472
roughness,high_to_low,12,392,all_post,37,0.5090373752169957,0.5320644017631728,0.4981397805846495,3.789643857777543,0.023027026546177026,-0.010897594632346153
roughness,high_to_low,12,392,early,12,0.5279486368189571,0.5002219331126686,0.49062811549998453,4.109551004705233,-0.02772670370628848,-0.03732052131897257
roughness,high_to_low,12,392,late,13,0.5200482030438043,0.6114449286204044,0.5574994019183483,3.4666690548194556,0.09139672557660009,0.037451198874544074
roughness,high_to_low,12,392,mid,12,0.47819771680265816,0.47791129965167584,0.441345189224474,3.8196260807211146,-0.00028641715098246673,-0.036852527578184184
roughness,high_to_low,12,393,all_post,37,0.9074468247915025,0.8037499684101095,3.7586249282876096,2.5893386173295325,-0.10369685638139318,2.8511781034961077
roughness,high_to_low,12,393,early,12,1.756784014697957,1.5957993190213184,3.72363026676825,2.386664352630454,-0.16098469567663878,1.9668462520702932
roughness,high_to_low,12,393,late,13,0.38012497904091275,0.3961732034130545,4.326830572740047,3.0323725222614892,0.01604822437214172,3.9467055936991335
roughness,high_to_low,12,393,mid,12,0.6293749677815207,0.4532421132123768,3.1780634749834973,2.3120594850189913,-0.17613285456914388,2.5486885072019767
roughness,high_to_low,12,394,all_post,37,0.40954953234081065,0.43230493692633915,0.34749716152708654,1.1172917803841564,0.022755404585528532,-0.06205237081372407
roughness,high_to_low,12,394,early,12,0.6954714687976978,0.7443189828815934,0.5637285907340268,1.0442764265986548,0.0488475140838954,-0.13174287806367105
roughness,high_to_low,12,394,late,13,0.2697778813555999,0.279492559094638,0.23983684965416294,1.326404120662969,0.009714677739038086,-0.029941031701436974
roughness,high_to_low,12,394,mid,12,0.2750468844512351,0.28583763362209474,0.24789773684914698,0.963768765534278,0.010790749170859657,-0.027149147602088076
roughness,high_to_low,12,395,all_post,37,0.6679264833967,0.5131130009880273,0.5006919090041604,3.5323199625292587,-0.15481348240867274,-0.16723457439253964
roughness,high_to_low,12,395,early,12,0.8282297659135187,0.6278060953713447,0.5229240268446245,4.412768815606082,-0.20042367054217416,-0.30530573906889424
roughness,high_to_low,12,395,late,13,0.8554796260455605,0.550283372623105,0.5698910520000162,2.1538092453260496,-0.30519625342245554,-0.2855885740455442
roughness,high_to_low,12,395,mid,12,0.30444062967694924,0.3581520040000427,0.40349405291818585,4.14525771975591,0.05371137432309342,0.0990534232412366
roughness,high_to_low,12,396,all_post,37,0.3002831399049337,0.3379668302720157,0.2740089463669234,2.943272512684769,0.037683690367081996,-0.026274193538010318
roughness,high_to_low,12,396,early,12,0.4067533582445313,0.5292836394307381,0.27459553272078785,3.5527811503837636,0.12253028118620683,-0.13215782552374353
roughness,high_to_low,12,396,late,13,0.17252279860777053,0.19172761211651682,0.20061354817055846,2.2083108537581686,0.019204813508746286,0.028090749562787957
roughness,high_to_low,12,396,mid,12,0.33221995797059617,0.3050758407817504,0.35293404139245427,3.1299723388229252,-0.027144117188845823,0.020714083421858074
roughness,high_to_low,12,397,all_post,37,0.25273372183267084,0.3216519094368976,0.3901485129591162,13.393736775528371,0.06891818760422676,0.1374147911264454
roughness,high_to_low,12,397,early,12,0.33046878103470567,0.3554649914035408,0.4640180694700813,13.76939935624467,0.024996210368835176,0.13354928843537556
roughness,high_to_low,12,397,late,13,0.24442797687166268,0.391322922259366,0.46617356848954794,13.349809404122366,0.1468949453877033,0.22174559161788518
roughness,high_to_low,12,397,mid,12,0.18399655300506165,0.21236189691258034,0.23391847962351706,13.065662180501905,0.028365343907518686,0.04992192661845535
roughness,high_to_low,12,398,all_post,37,0.4116801046957682,0.5092466250672486,0.577724559326432,10.967735106072592,0.09756652037148027,0.16604445463066364
roughness,high_to_low,12,398,early,12,0.3453890842296583,0.600723063788267,0.41065939092065723,12.168884590687254,0.25533397955860865,0.06527030669099886
roughness,high_to_low,12,398,late,13,0.4613027978491577,0.42491114436789174,0.7645074252595437,11.552688134581256,-0.036391653481265926,0.303204627410386
roughness,high_to_low,12,398,mid,12,0.42421320757903963,0.5091336237705332,0.5424416229713355,9.132886507240208,0.08492041619149353,0.11822841539229582
roughness,high_to_low,12,399,all_post,37,0.5085469852829815,0.5452384093746131,0.5452384093746131,16.16026438691174,0.03669142409163158,0.03669142409163158
roughness,high_to_low,12,399,early,12,0.9288184034563169,1.038368030400775,1.038368030400775,16.568511311109404,0.10954962694445784,0.10954962694445784
roughness,high_to_low,12,399,late,13,0.3095602769114647,0.2849152601584575,0.2849152601584575,16.73885596422697,-0.024645016753007266,-0.024645016753007266
roughness,high_to_low,12,399,mid,12,0.30384450117878914,0.3341255333326199,0.3341255333326199,15.125209920622579,0.030281032153830753,0.030281032153830753
roughness,low_to_high,1,390,all_post,40,0.43290181568138986,0.49621098035637534,0.47482441567577577,0.47691729608111044,0.06330916467498551,0.04192259999438597
roughness,low_to_high,1,390,early,12,0.3374196759988155,0.3142871830482899,0.32002770146054405,0.6549672682183202,-0.02313249295052566,-0.01739197453827142
roughness,low_to_high,1,390,late,16,0.41188472216254013,0.5486746512619876,0.5234627616230884,0.348579191759656,0.13678992909944745,0.11157803946054821
roughness,low_to_high,1,390,mid,12,0.5564067467224303,0.6081832164569777,0.5647700019612573,0.4699847963725064,0.051776469734547415,0.008363255238827009
roughness,low_to_high,1,391,all_post,40,0.43424149253200783,0.587541981293348,0.6247964589059394,0.5849475890284144,0.15330048876134023,0.19055496637393154
roughness,low_to_high,1,391,early,12,0.6358677732253406,0.7436286227368755,0.69039038454388,0.7092682775464875,0.10776084951153471,0.0545226113185392
roughness,low_to_high,1,391,late,16,0.313232345877298,0.34224077155032406,0.38758459441153537,0.33650945728311443,0.029008425673026098,0.07435224853423736
roughness,low_to_high,1,391,mid,12,0.3939607407116214,0.7585236195071862,0.8754850192605376,0.7918777428374079,0.36456287879556454,0.48152427854891605
roughness,low_to_high,1,392,all_post,40,0.4545982903115835,0.4009981827524093,1.7071477799808288,0.48393042438996725,-0.053600107559174236,1.2525494896692453
roughness,low_to_high,1,392,early,12,0.3589708454993394,0.377688680216221,1.4327683339876691,0.4448840233177298,0.018717834716881664,1.07379748848833
roughness,low_to_high,1,392,late,16,0.4859586914682266,0.3492015482255705,1.126313202829851,0.41705939665167846,-0.13675714324265612,0.6403545113616246
roughness,low_to_high,1,392,mid,12,0.5084118669149702,0.493369864657716,2.7559733288419586,0.6121381957799229,-0.015042002257254305,2.2475614619269884
roughness,low_to_high,1,393,all_post,40,0.28094630050799985,0.30694018373256615,0.28552488814585686,0.5180702443227808,0.02599388322456627,0.004578587637857012
roughness,low_to_high,1,393,early,12,0.27348408591078127,0.35602608287711884,0.33633332328943055,0.5350193777938834,0.08254199696633756,0.06284923737864924
roughness,low_to_high,1,393,late,16,0.29087513430322626,0.21598674334183293,0.2281176098838796,0.2833864000173658,-0.0748883909613933,-0.06275752441934664
roughness,low_to_high,1,393,mid,12,0.2751700700449166,0.3791255384423244,0.3112594906849196,0.8140329032588981,0.10395546839740775,0.036089420640003
roughness,low_to_high,1,394,all_post,40,0.35511964144722985,1.71603423635107,0.40175585774304967,0.5700141457605984,1.36091459490384,0.046636216295819814
roughness,low_to_high,1,394,early,12,0.46070521343781934,1.614323207638245,0.6100980897404198,0.9219711905615409,1.1536179942004257,0.14939287630260045
roughness,low_to_high,1,394,late,16,0.4000810433889075,2.0527822351219216,0.3064791501996128,0.42689905269924244,1.652701191733014,-0.09360189318929467
roughness,low_to_high,1,394,mid,12,0.18958553353440336,1.368747933369426,0.32044923580359524,0.40887722504146384,1.1791623998350222,0.13086370226919183
roughness,low_to_high,1,395,all_post,40,0.517646568263765,0.6970382605989967,0.5427494151012537,0.5142287413612686,0.17939169233523167,0.025102846837488747
roughness,low_to_high,1,395,early,12,0.5558614916135002,0.5600017454095815,0.5599924788442207,0.6333191325262391,0.004140253796081276,0.004130987230720602
roughness,low_to_high,1,395,late,16,0.5799684639722955,1.0713278700153621,0.7188048856871068,0.4235598099606869,0.4913594060430667,0.13883642171481136
roughness,low_to_high,1,395,mid,12,0.39633578396932245,0.33502196323325784,0.29076572391048255,0.516030258730407,-0.06131382073606468,-0.10557006005883997
roughness,low_to_high,1,396,all_post,40,0.29595963109885354,0.4407269694567487,0.33091247928532114,0.44664175433082554,0.14476733835789526,0.034952848186467614
roughness,low_to_high,1,396,early,12,0.21780835550467334,0.7292458204545905,0.39531039134138896,0.44273774450560693,0.511437464949917,0.17750203583671556
roughness,low_to_high,1,396,late,16,0.2014131146461286,0.21256627568747133,0.22344817267065936,0.3023650150510874,0.011153161041342743,0.02203505802453077
roughness,low_to_high,1,396,mid,12,0.5001729286300002,0.4564223768179436,0.4098003093821358,0.6429147498623614,-0.04375055181205656,-0.09037261924786454
roughness,low_to_high,1,397,all_post,40,0.41510689117338984,0.37214610784652713,0.3384156194541788,0.5174206782541226,-0.04296078332686273,-0.07669127171921106
roughness,low_to_high,1,397,early,12,0.42124023995054033,0.31649952647322976,0.35155126359745176,0.7054281960868477,-0.10474071347731057,-0.06968897635308853
roughness,low_to_high,1,397,late,16,0.5459494780544984,0.5184379132204944,0.4402658459022451,0.5248136560000938,-0.027511564834004014,-0.1056836321522533
roughness,low_to_high,1,397,mid,12,0.2345167598880947,0.23273694872120151,0.18947967338015073,0.3195558567601028,-0.0017798111668931766,-0.045037086507943934
roughness,low_to_high,1,398,all_post,40,0.31581440459867893,0.7380973851150691,0.42876854768256567,0.6500485142572735,0.42228298051639007,0.11295414308388677
roughness,low_to_high,1,398,early,12,0.31319170136013896,0.3128509031201801,0.33271836690476203,0.8894430058434085,-0.00034079823995880723,0.019526665544623085
roughness,low_to_high,1,398,late,16,0.2506717946321346,0.9332226985868737,0.3947569486903533,0.6925346657993334,0.6825509039547389,0.14408515405821867
roughness,low_to_high,1,398,mid,12,0.4052939211259447,0.9031767824808851,0.5701675271166525,0.3540058206150585,0.49788286135494036,0.16487360599070786
roughness,low_to_high,1,399,all_post,40,0.32379696482748754,0.3484425953067197,0.3484425953067197,0.5072120038993528,0.0246456304792322,0.0246456304792322
roughness,low_to_high,1,399,early,12,0.2395836113825007,0.2678110851373066,0.2678110851373066,0.1601858989724087,0.028227473754805932,0.028227473754805932
roughness,low_to_high,1,399,late,16,0.3076055020772357,0.36535019556139214,0.36535019556139214,0.5637797149192684,0.05774469348415638,0.05774469348415638
roughness,low_to_high,1,399,mid,12,0.4295989352728102,0.40653063846990306,0.40653063846990306,0.7788144941330767,-0.023068296802907076,-0.023068296802907076
roughness,low_to_high,3,390,all_post,40,0.44128146597146356,0.4519700767022032,0.4217973871359262,0.5232600904914351,0.010688610730739656,-0.019484078835537454
roughness,low_to_high,3,390,early,12,0.40722780834498096,0.37645499778750297,0.3888136046762833,0.5989714120528725,-0.030772810557478065,-0.018414203668697813
roughness,low_to_high,3,390,late,16,0.4534732914105104,0.4329122511728325,0.40688594666877886,0.4905525017733774,-0.0205610402376779,-0.046587344741731575
roughness,low_to_high,3,390,mid,12,0.4590793563458837,0.5528955896560647,0.4746630902184321,0.49115888722074147,0.0938162333101808,0.015583733872548411
roughness,low_to_high,3,391,all_post,40,0.36119628394362,0.33449847221832885,0.3990963459254048,0.5173862136225046,-0.026697811725291187,0.03790006198178482
roughness,low_to_high,3,391,early,12,0.44594950328633026,0.3953809599923854,0.40804357284060905,0.5725724404939555,-0.05056854329394483,-0.03790593044572117
roughness,low_to_high,3,391,late,16,0.22932131320160673,0.22983606853530983,0.26571557145930425,0.28786240246683026,0.0005147553337030864,0.03639425825769754
roughness,low_to_high,3,391,mid,12,0.45227635892359425,0.413165856021631,0.5679901516316681,0.7682317349586197,-0.039110502901963225,0.11571379270807386
roughness,low_to_high,3,392,all_post,40,0.44526709467129455,0.5620227048646163,0.7919082385035753,0.5400879245220356,0.1167556101933217,0.34664114383228073
roughness,low_to_high,3,392,early,12,0.4334336734651221,0.5728991123493947,0.7861829589437078,0.5966955445301295,0.13946543888427265,0.35274928547858564
roughness,low_to_high,3,392,late,16,0.4852918372021283,0.45876512516625845,0.6099161732420694,0.4668352267559474,-0.026526712035869857,0.12462433603994101
roughness,low_to_high,3,392,mid,12,0.4037341925030222,0.6888230703109817,1.0402896050787842,0.5811505682020592,0.28508887780795944,0.636555412575762
roughness,low_to_high,3,393,all_post,40,0.4074039992550239,0.6892169704557964,0.6843869528803562,0.5737829393400022,0.2818129712007725,0.2769829536253322
roughness,low_to_high,3,393,early,12,0.2165860316282695,0.21082144200519928,0.2107941684700649,0.37264784320643085,-0.005764589623070214,-0.005791863158204615
roughness,low_to_high,3,393,late,16,0.4215912399447934,0.9915929630240494,0.9839224946888454,0.35102953429556544,0.570001723079256,0.5623312547440519
roughness,low_to_high,3,393,mid,12,0.5793056459620857,0.7644445088153895,0.7585990148793287,1.0719225755328228,0.1851388628533038,0.179293368917243
roughness,low_to_high,3,394,all_post,40,0.3094011332701051,1.6139775658626014,0.5882813375654976,0.47474877848188707,1.3045764325924964,0.2788802042953925
roughness,low_to_high,3,394,early,12,0.4361395765760314,1.112637724184078,0.615227260094575,0.7204977950634062,0.6764981476080466,0.17908768351854346
roughness,low_to_high,3,394,late,16,0.27375718943982397,2.2554979706384275,0.5372389810845205,0.41452750971384145,1.9817407811986036,0.26348179164469654
roughness,low_to_high,3,394,mid,12,0.23018794840455373,1.2599568678400235,0.6293918903443898,0.30929478692442897,1.0297689194354698,0.39920394193983616
roughness,low_to_high,3,395,all_post,40,0.4057093580783258,0.7061470273119035,0.5674340134118012,0.5876312208335974,0.3004376692335777,0.1617246553334754
roughness,low_to_high,3,395,early,12,0.38376318321301456,0.39840902117587845,0.35858068152326533,0.5835037776482275,0.014645837962863945,-0.025182501689749188
roughness,low_to_high,3,395,late,16,0.4226466100909148,1.179505581100907,0.9008364906198894,0.6017741698013139,0.7568589710099921,0.4781898805289745
roughness,low_to_high,3,395,mid,12,0.40507253026018497,0.3827402950625905,0.33175070902288617,0.5729013987286787,-0.022332235197594464,-0.07332182123729876
roughness,low_to_high,3,396,all_post,40,0.26961017058820413,0.3772425563921581,0.3016992894641669,0.6977622289289476,0.10763238580395393,0.03208911887596282
roughness,low_to_high,3,396,early,12,0.2888208406117885,0.6120253473631714,0.4495802448564501,0.5617116124252652,0.32320450675138285,0.16075940424466165
roughness,low_to_high,3,396,late,16,0.18883652144769159,0.27314275948608524,0.20929282281697437,0.8249289291169868,0.08430623803839357,0.02045630136928277
roughness,low_to_high,3,396,mid,12,0.3580976994186365,0.281259494629242,0.27702695626814056,0.6642572451819108,-0.07683820478939453,-0.08107074315049594
roughness,low_to_high,3,397,all_post,40,0.30236829873397153,0.2762743957743482,0.2835075916378954,0.5397429429617621,-0.02609390295962339,-0.018860707096076207
roughness,low_to_high,3,397,early,12,0.3468865004100592,0.3062091819420368,0.27597560367958995,0.6926397530970684,-0.040677318468022486,-0.0709108967304693
roughness,low_to_high,3,397,late,16,0.3495185970150703,0.32941700387006395,0.345933415814772,0.543613566106937,-0.02010159314500639,-0.0035851812002983315
roughness,low_to_high,3,397,mid,12,0.19498303268308545,0.17548279881237183,0.20780514736036518,0.3816853019662225,-0.01950023387071363,0.012822114677279743
roughness,low_to_high,3,398,all_post,40,0.43903382951780723,0.7218829575727822,0.4221587859060379,0.7611777823737468,0.28284912805497503,-0.016875043611769273
roughness,low_to_high,3,398,early,12,0.3177442304514978,0.31075648308387926,0.3334185289965233,0.7105546411427062,-0.006987747367618498,0.015674298545025497
roughness,low_to_high,3,398,late,16,0.5150511935528022,0.8408495658221935,0.46413607533114437,0.9957091415851638,0.3257983722693913,-0.050915118221657805
roughness,low_to_high,3,398,mid,12,0.4589669432041233,0.9743872877291367,0.4549293235820772,0.49909244465623165,0.5154203445250136,-0.0040376196220460086
roughness,low_to_high,3,399,all_post,40,0.33943400213784264,0.38009259602188455,0.4034164844094342,0.5223425651042859,0.04065859388404193,0.06398248227159146
roughness,low_to_high,3,399,early,12,0.27498426760457445,0.3460693755033572,0.3805670622028545,0.2606096591387637,0.07108510789878267,0.10558279459828014
roughness,low_to_high,3,399,late,16,0.409233220598339,0.48049053754167603,0.509962377650004,0.6111406173568987,0.07125731694333698,0.100729157051665
roughness,low_to_high,3,399,mid,12,0.3108181120571156,0.2802518945140235,0.2842047156285871,0.6656780680663243,-0.030566217543092217,-0.026613396428528557
roughness,low_to_high,6,390,all_post,39,0.543960446225092,0.5047995556740799,0.4688557315468591,0.7720601396966017,-0.039160890551012115,-0.07510471467823313
roughness,low_to_high,6,390,early,12,0.3914356822002119,0.3810941369544754,0.4017947786433667,0.8863347789399633,-0.01034154524573644,0.010359096443154725
roughness,low_to_high,6,390,late,15,0.5607145652211198,0.47662313883094637,0.4447613031163847,0.6104325963016335,-0.0840914263901736,-0.11595326210473521
roughness,low_to_high,6,390,mid,12,0.6755425615049376,0.6637254954476016,0.5660347199884442,0.8598199296969508,-0.01181706605733591,-0.10950784151649333
roughness,low_to_high,6,391,all_post,39,0.4327150048558914,0.39362302891060974,0.4682417255320684,0.5242386805313928,-0.03909197594528183,0.035526720676176904
roughness,low_to_high,6,391,early,12,0.6158707639654432,0.49960923432208787,0.48220667236113823,0.6700796603140637,-0.11626152964335523,-0.1336640916043048
roughness,low_to_high,6,391,late,15,0.24508934742128555,0.2547168317130609,0.30339128979115715,0.28955114726715064,0.009627484291775354,0.0583019423698716
roughness,low_to_high,6,391,mid,12,0.4840913175395973,0.4612695699960674,0.6603398233791375,0.6717571173290242,-0.022821747543529957,0.17624850583954024
roughness,low_to_high,6,392,all_post,39,0.5294377377852617,14.9803981762569,0.9939518982666602,0.7426952738472615,14.450960438471634,0.46451416048139876
roughness,low_to_high,6,392,early,12,0.4872758084184603,6.523640538664387,1.0899666542036168,0.8780266761204967,6.036364730245926,0.6026908457851566
roughness,low_to_high,6,392,late,15,0.6616125979352055,15.512445245060512,0.709903014661072,0.6779545275775922,14.850832647125305,0.0482904167258664
roughness,low_to_high,6,392,mid,12,0.40638109196463335,22.772096977844885,1.2529982468366894,0.6882898044111134,22.365715885880253,0.8466171548720559
roughness,low_to_high,6,393,all_post,39,0.5515552674758567,0.8535594199496631,0.8608060970042061,0.6870074553043825,0.3020041524738064,0.3092508295283493
roughness,low_to_high,6,393,early,12,0.21007106890538293,0.20928198496779096,0.20924127120080674,0.398880577998631,-0.0007890839375919249,-0.0008297977045761464
roughness,low_to_high,6,393,late,15,0.7380673903557712,1.2791370366119632,1.290587241285276,0.535356276092242,0.541069646256192,0.5525198509295044
roughness,low_to_high,6,393,mid,12,0.6598993124464376,0.9658648341036602,0.9751444924562686,1.1646983066253096,0.3059655216572226,0.3152451800098311
roughness,low_to_high,6,394,all_post,39,0.4227780214928434,1.9894609797909584,0.8534255447724314,0.5879025045711899,1.5666829582981143,0.43064752327958783
roughness,low_to_high,6,394,early,12,0.6270124861703181,1.28989123400219,0.7892549291948062,0.7446002438607332,0.6628787478318717,0.1622424430244881
roughness,low_to_high,6,394,late,15,0.31319582338124563,2.941428730510583,0.890511618900612,0.6536269502587051,2.628232907129337,0.5773157955193664
roughness,low_to_high,6,394,mid,12,0.3555213044548661,1.4990710371801947,0.8712385676898305,0.34904920817225255,1.1435497327253286,0.5157172632349645
roughness,low_to_high,6,395,all_post,39,0.7344671626699668,0.7364337283119463,0.7884496155807853,0.9444333922328974,0.0019665656419795377,0.05398245291081842
roughness,low_to_high,6,395,early,12,0.4237218709139265,0.3869776356634596,0.38527118541765276,0.6056974263747043,-0.036744235250466876,-0.03845068549627371
roughness,low_to_high,6,395,late,15,1.0724149323681573,1.2533166342658775,1.3821977868424942,1.4397327398789623,0.1809017018977201,0.3097828544743368
roughness,low_to_high,6,395,mid,12,0.622777742303269,0.43978618851801926,0.44944283166678156,0.6640451735335097,-0.18299155378524978,-0.17333491063648743
roughness,low_to_high,6,396,all_post,39,0.3343086048523405,0.42620664502219713,0.4543888869805839,1.346113730691212,0.09189804016985667,0.12008028212824336
roughness,low_to_high,6,396,early,12,0.38465737193193056,0.70342514131332,0.7640961547579778,0.6547838758077782,0.31876776938138957,0.3794387828260473
roughness,low_to_high,6,396,late,15,0.1993084412277281,0.26615423450543957,0.28521883755664273,2.048916823480729,0.06684579327771148,0.08591039632891452
roughness,low_to_high,6,396,mid,12,0.45271004230351597,0.3490536618770212,0.35614418098311645,1.1589397195877496,-0.10365638042649473,-0.09656586132039953
roughness,low_to_high,6,397,all_post,39,0.3367605684875411,0.28093396665726716,0.2857007668116164,0.9715354207814979,-0.05582660183027393,-0.05105980167592471
roughness,low_to_high,6,397,early,12,0.40595447636281246,0.30068386633570626,0.30327849444570604,1.1869064410443166,-0.10527061002710625,-0.10267598191710642
roughness,low_to_high,6,397,late,15,0.36037985089658486,0.33581204300373385,0.34842988187184437,0.9487661382378149,-0.024567807892851037,-0.011949969024740515
roughness,low_to_high,6,397,mid,12,0.23804255760096485,0.19258647154574468,0.18971164535224153,0.7846260036982824,-0.04545608605522019,-0.04833091224872329
roughness,low_to_high,6,398,all_post,39,0.5297942118784563,0.9938863259347289,0.4887678620591596,0.873051816928286,0.46409211405627276,-0.04102634981929666
roughness,low_to_high,6,398,early,12,0.33211666329164186,0.32010140143305205,0.37156677610984895,0.9790362965887404,-0.012015261858589815,0.0394501128182072
roughness,low_to_high,6,398,late,15,0.5279241492348994,1.219568187324883,0.5454828764139769,1.0348484846032473,0.6916440380899841,0.017558727179077478
roughness,low_to_high,6,398,mid,12,0.729809338769717,1.3855689236987139,0.5350751800649488,0.5648215026741298,0.6557595849289969,-0.19473415870476815
roughness,low_to_high,6,399,all_post,39,0.3962195972689846,0.47642509813233447,0.47642509813233447,0.5187732809760573,0.08020550086334986,0.08020550086334986
roughness,low_to_high,6,399,early,12,0.334946568923644,0.463595404191623,0.463595404191623,0.32784954758629536,0.1286488352679789,0.1286488352679789
roughness,low_to_high,6,399,late,15,0.4797263015420769,0.597185645271717,0.597185645271717,0.5987924084781561,0.11745934372964004,0.11745934372964004
roughness,low_to_high,6,399,mid,12,0.35310924527295984,0.338304108148818,0.338304108148818,0.6096731049881959,-0.014805137124141887,-0.014805137124141887
roughness,low_to_high,12,390,all_post,37,0.7872446804535179,0.55143727016785,0.5636095990798641,1.6294915869284226,-0.23580741028566793,-0.22363508137365395
roughness,low_to_high,12,390,early,12,0.46280677026919487,0.44762209745427844,0.4762447108696219,1.8712215148404037,-0.015184672814916228,0.013437940600427032
roughness,low_to_high,12,390,late,13,0.6972402921315305,0.4155619211517378,0.4339394931695014,1.202380616515843,-0.2816783709797927,-0.26330079896202907
roughness,low_to_high,12,390,mid,12,1.2091873446533274,0.8024507376488762,0.7914504353596655,1.8504652102967356,-0.40673660700445113,-0.417736909293662
roughness,low_to_high,12,391,all_post,37,0.623735432492952,0.49481123378125735,0.5805855897737086,0.6250680303887808,-0.1289241987116946,-0.04314984271924338
roughness,low_to_high,12,391,early,12,0.748706023514313,0.6731259496137972,0.5791573514917332,0.8244127164103848,-0.0755800739005158,-0.16954867202257992
roughness,low_to_high,12,391,late,13,0.31424770236463573,0.31757757713141466,0.37026528230984346,0.3658568176222273,0.0033298747667789307,0.05601757994520769
roughness,low_to_high,12,391,mid,12,0.8340432157772667,0.5084996459860472,0.8098608278082047,0.7065354915309435,-0.3255435697912196,-0.024182387969062146
roughness,low_to_high,12,392,all_post,37,1.1720624801865263,14.480467970415773,1.7639773723939953,1.2722391514620248,13.308405490229251,0.5919148922074693
roughness,low_to_high,12,392,early,12,1.5640047668091202,7.795321903359345,2.0189144044107636,1.4931131368021404,6.231317136550224,0.45490963760164355
roughness,low_to_high,12,392,late,13,1.4383289478400045,13.682453533270785,1.005275534916677,1.0276430410800717,12.24412458543078,-0.43305341292332766
roughness,low_to_high,12,392,mid,12,0.4916648536059969,22.03012967771261,2.3309673309776557,1.3163442857023584,21.53846482410661,1.8393024773716589
roughness,low_to_high,12,393,all_post,37,0.9340214372664222,1.166025970014534,1.2013187340793412,0.9410662080757735,0.23200453274811178,0.2672972968129189
roughness,low_to_high,12,393,early,12,0.21007276481645185,0.20999145037953956,0.20951795273914187,0.4214981780701848,-8.131443691226231e-05,-0.0005548120773100027
roughness,low_to_high,12,393,late,13,1.2980112130858699,1.8874534499381792,1.9210302268799906,0.9932776803630572,0.5894422368523093,0.6230190137941206
roughness,low_to_high,12,393,mid,12,1.2636478525786572,1.3405140530655792,1.4134320648855032,1.404071809770138,0.07686620048692185,0.14978421230684577
roughness,low_to_high,12,394,all_post,37,0.7457508665754891,2.954636814604376,1.5167644164013725,1.0357358968278614,2.2088859480288865,0.7710135498258838
roughness,low_to_high,12,394,early,12,1.1405544327444816,1.6737753507428386,1.151661954494748,0.8750016892652764,0.5332209179983572,0.011107521750266457
roughness,low_to_high,12,394,late,13,0.5019867418471288,4.745758075363495,1.8327984521806466,1.5604236794769042,4.243771333516367,1.330811710333518
roughness,low_to_high,12,394,mid,12,0.6150251021955533,2.2951169126435347,1.5394966728804507,0.6280583398539836,1.680091810447981,0.9244715706848972
roughness,low_to_high,12,395,all_post,37,2.1815187096520736,1.6423866908943396,1.3807062479223158,2.1544170550003154,-0.5391320187577343,-0.8008124617297577
roughness,low_to_high,12,395,early,12,0.5217525364924732,0.6280011863995874,0.4627482406810144,0.8098890702892998,0.10624864990711409,-0.05900429581145886
roughness,low_to_high,12,395,late,13,4.535946520391345,3.22348085894477,2.678905963611056,4.526849106461091,-1.312465661446576,-1.8570405567802886
roughness,low_to_high,12,395,mid,12,1.2906547545107963,0.9439201800011259,0.8922812298341483,0.9288103172954904,-0.34673457450967055,-0.39837352467664816
roughness,low_to_high,12,396,all_post,37,0.6272232385476546,0.7120697432204688,0.7645448233952301,3.8090105395745373,0.08484650467281414,0.13732158484757528
roughness,low_to_high,12,396,early,12,1.012544068432667,1.2218268316153793,1.3520825557647147,1.2346768676471767,0.20928276318271224,0.3395384873320475
roughness,low_to_high,12,396,late,13,0.23293311254455334,0.3291466893370022,0.35681267669576716,6.69937648215867,0.09621357679244877,0.12387956415121373
roughness,low_to_high,12,396,mid,12,0.6690500451660019,0.6171459631993136,0.6187169166168298,3.25211444036909,-0.051904081966688165,-0.05033312854917191
roughness,low_to_high,12,397,all_post,37,0.437818260449359,0.32972114086627063,0.33271129013078843,2.5438145684842857,-0.10809711958308843,-0.1051069703185706
roughness,low_to_high,12,397,early,12,0.606431614116085,0.39157996703767467,0.39771497169192305,2.8957195940208904,-0.21485164707841045,-0.208716642424162
roughness,low_to_high,12,397,late,13,0.43243660913400134,0.4038097185910312,0.4001275811089001,2.4962151913544384,-0.028626890542970067,-0.03230902802510127
roughness,low_to_high,12,397,mid,12,0.2750350290409371,0.1875996888263758,0.1946732933433661,2.243475534838348,-0.08743534021456127,-0.080361735697571
roughness,low_to_high,12,398,all_post,37,0.8488470000593213,1.4907380606278102,0.6265802372420005,1.061530609658744,0.6418910605684889,-0.22226676281732102
roughness,low_to_high,12,398,early,12,0.308449013491025,0.30883266890900823,0.3549808005782786,1.4027991634883223,0.00038365541798321645,0.046531787087253536
roughness,low_to_high,12,398,late,13,0.6218551361770012,1.7627464807093522,0.6037545091180898,1.1828662381833146,1.140891344532351,-0.01810062705891136
roughness,low_to_high,12,398,mid,12,1.6351528391667982,2.377967663924942,0.9229075460399593,0.5888151249275467,0.742814824758144,-0.7122452931268392
roughness,low_to_high,12,399,all_post,37,0.7550075375634446,0.7179241948806324,0.7179241948806324,0.6680283790650524,-0.03708334268281226,-0.03708334268281226
roughness,low_to_high,12,399,early,12,0.6814433049678578,0.752613024796895,0.752613024796895,0.6006501730685521,0.07116971982903714,0.07116971982903714
roughness,low_to_high,12,399,late,13,1.0080081470117785,0.9240096368170281,0.9240096368170281,0.6496978984712926,-0.08399851019475008,-0.08399851019475008
roughness,low_to_high,12,399,mid,12,0.5544877765900034,0.459976136199941,0.459976136199941,0.7552646057047928,-0.09451164039006239,-0.09451164039006239
roughness,stable_high,1,390,all_post,40,0.44248387769498854,0.4370141630403738,0.42208838868116594,0.6508217623422237,-0.005469714654614681,-0.0203954890138226
roughness,stable_high,1,390,early,12,0.37474067463864497,0.3692219961207934,0.34999482889294486,0.8770563628020284,-0.005518678517851543,-0.02474584574570018
roughness,stable_high,1,390,late,16,0.4523985624940447,0.48273148912566016,0.4624690109304547,0.413194140256738,0.030332926631615468,0.010070448436410012
roughness,stable_high,1,390,mid,12,0.4970075010192571,0.4438498951795724,0.4403411188036686,0.7414239913297328,-0.05315760583968468,-0.0566663822155885
roughness,stable_high,1,391,all_post,40,0.4237676549331426,0.42376015005116885,0.42307006035952827,0.5846647347456531,-7.504881973807026e-06,-0.0006975945736143214
roughness,stable_high,1,391,early,12,0.5994292348952219,0.5505952713472777,0.5523889932127678,0.7215715595089899,-0.048833963547944205,-0.04704024168245404
roughness,stable_high,1,391,late,16,0.3141045154228004,0.3148440000688309,0.3146210240596817,0.33552056636987315,0.0007394846460305193,0.0005165086368813
roughness,stable_high,1,391,mid,12,0.39432359431818637,0.4421465620648439,0.43834984257275095,0.779950134483356,0.04782296774665749,0.04402624825456458
roughness,stable_high,1,392,all_post,40,0.4509039446959734,0.42295286102978125,0.41736339975721537,0.5346954835620019,-0.027951083666192034,-0.033540544938758035
roughness,stable_high,1,392,early,12,0.2798897860436354,0.2798790822966353,0.3643195740078884,0.5308763362972234,-1.0703747000194629e-05,0.084429787964253
roughness,stable_high,1,392,late,16,0.5359264866537499,0.4659827124738479,0.42913576889891647,0.4320759904595636,-0.0699437741799019,-0.1067907177548333
roughness,stable_high,1,392,mid,12,0.5085547140712758,0.5086535045041719,0.45471073331760725,0.6753406216300317,9.879043289597175e-05,-0.053843980753668697
roughness,stable_high,1,393,all_post,40,0.3698077946354138,0.38621594711463236,0.40944453247805174,0.5298529958788916,0.0164081524792186,0.039636737842637944
roughness,stable_high,1,393,early,12,0.3096779396515018,0.5125002291260342,0.5621545767902,0.5824262137154385,0.20282228947453254,0.2524766371386982
roughness,stable_high,1,393,late,16,0.45710182591768744,0.310571436018024,0.37394614301711165,0.32574222535683345,-0.14653038989966347,-0.08315568290057579
roughness,stable_high,1,393,mid,12,0.31354560790962754,0.3607910132320416,0.3040656741138235,0.7494274720717556,0.04724540532241411,-0.009479933795803993
roughness,stable_high,1,394,all_post,40,0.3790312445801946,1.932998233397602,0.3538281249104311,0.5570919450204379,1.5539669888174075,-0.025203119669763498
roughness,stable_high,1,394,early,12,0.5318289086893783,2.279642525949376,0.5124717959911252,0.8565129473377265,1.7478136172599978,-0.019357112698252896
roughness,stable_high,1,394,late,16,0.33239345852543223,2.031935011751119,0.30611589313148585,0.443208051220641,1.6995415532256863,-0.026277565393946403
roughness,stable_high,1,394,mid,12,0.28841729521069404,1.4544382363744717,0.2588007628683305,0.40951613443621215,1.1660209411637776,-0.02961653234236357
roughness,stable_high,1,395,all_post,40,0.46579299788482675,0.5586858479039766,0.5586858479039766,0.4962103738958742,0.0928928500191499,0.0928928500191499
roughness,stable_high,1,395,early,12,0.5660564420247413,0.6126193213895346,0.6126193213895346,0.6557503940625962,0.04656287936479331,0.04656287936479331
roughness,stable_high,1,395,late,16,0.4108984149217837,0.7193635138682716,0.7193635138682716,0.3356689227328982,0.3084650989464878,0.3084650989464878
roughness,stable_high,1,395,mid,12,0.4387223310289694,0.2905154864660255,0.2905154864660255,0.5507256219464535,-0.14820684456294397,-0.14820684456294397
roughness,stable_high,1,396,all_post,40,0.2827553868200652,0.4839921897501627,0.2689815098873313,0.35992546155065075,0.20123680293009757,-0.01377387693273387
roughness,stable_high,1,396,early,12,0.19168974977591333,0.7585994728989699,0.13837532835145153,0.3491341111521317,0.5669097231230565,-0.05331442142446178
roughness,stable_high,1,396,late,16,0.19988968974391597,0.20585669801661677,0.20246418309006772,0.1541358629013693,0.005967008272700788,0.00257449334615174
roughness,stable_high,1,396,mid,12,0.48430861996574937,0.5802322289127505,0.4882774604862292,0.6451029434815451,0.09592360894700108,0.00396884052047991
roughness,stable_high,1,397,all_post,40,0.36101284737688655,0.3629835296616866,0.36250793866190756,0.8215589672818796,0.001970682284800046,0.0014950912850209997
roughness,stable_high,1,397,early,12,0.36542960295366944,0.3120420113915166,0.3101861372234361,1.1832033461910794,-0.05338759156215278,-0.05524346573023331
roughness,stable_high,1,397,late,16,0.44073926636431526,0.5043312130360796,0.5049785964485227,0.6989983525214516,0.06359194667176447,0.06423933008420749
roughness,stable_high,1,397,mid,12,0.2502941998168655,0.2254614700993325,0.22486886305155884,0.6233287413865838,-0.02483272971753302,-0.025425336765306686
roughness,stable_high,1,398,all_post,40,0.412327406202251,0.8014945823051235,0.3361229476838877,0.9031587892420913,0.3891671761028725,-0.07620445851836329
roughness,stable_high,1,398,early,12,0.5790811941536932,0.5402903603073642,0.40006130870860535,1.2494792776948622,-0.03879083384632895,-0.17901988544508776
roughness,stable_high,1,398,late,16,0.3552777523322788,0.9329946430433569,0.33130416449854694,0.9949208169087811,0.5777168907110781,-0.023973587833731845
roughness,stable_high,1,398,mid,12,0.32163982341077174,0.8873653899852382,0.278609630906291,0.4344889305670672,0.5657255665744665,-0.04303019250448072
roughness,stable_high,1,399,all_post,40,0.333644321894933,0.34771242488448095,0.40166223885666047,0.7943516554272032,0.014068102989547937,0.0680179169617275
roughness,stable_high,1,399,early,12,0.2575612447388727,0.32042400241720553,0.4572366924025808,0.4838815427494763,0.06286275767833283,0.19967544766370796
roughness,stable_high,1,399,late,16,0.30843286586843055,0.3502194739304739,0.36634299010810256,0.9313109337967079,0.04178660806204336,0.057910124239671984
roughness,stable_high,1,399,mid,12,0.44334267375299646,0.3716581152904323,0.3931801169754841,0.9222093969455906,-0.0716845584625642,-0.05016255677751228
roughness,stable_high,3,390,all_post,40,0.4319955247429834,0.4084701570410326,0.4064719301251392,1.2765058931466842,-0.02352536770195079,-0.02552359461784426
roughness,stable_high,3,390,early,12,0.4305930311163786,0.4321905414756599,0.43199536424190876,1.3007330657819318,0.0015975103592813452,0.0014023331255302168
roughness,stable_high,3,390,late,16,0.45348134727270056,0.4169790839153109,0.4193524192737198,1.1874826501949787,-0.03650226335738968,-0.03412892799898076
roughness,stable_high,3,390,mid,12,0.40475025499663214,0.37340453677403446,0.36377451047692877,1.3709763777803772,-0.03134571822259774,-0.04097574451970339
roughness,stable_high,3,391,all_post,40,0.3824540162464932,0.3646453112836242,0.3624700243348437,0.5245306198904249,-0.01780870496286899,-0.019983991911649533
roughness,stable_high,3,391,early,12,0.4608450227611219,0.40735377260305144,0.4096361976045997,0.5889582101509655,-0.05349125015807051,-0.05120882515652223
roughness,stable_high,3,391,late,16,0.27305336487298976,0.2744740023090967,0.27645534260172977,0.29361508734847575,0.0014206374361069064,0.0034019777287400098
roughness,stable_high,3,391,mid,12,0.44993054489653583,0.4421652619302339,0.4299900933759064,0.7679904063524831,-0.007765282966301991,-0.019940451520629548
roughness,stable_high,3,392,all_post,40,0.44475018273612105,0.4146863954039303,0.40196372168020356,0.8461527956070469,-0.03006378733219071,-0.042786461055917616
roughness,stable_high,3,392,early,12,0.4103584132585169,0.39795345703391494,0.3959359372397426,0.9910987780136811,-0.012404956224601986,-0.01442247601877441
roughness,stable_high,3,392,late,16,0.4836744922151913,0.4129005543044534,0.4073373271113097,0.6483990308385756,-0.07077393791073794,-0.07633716510388162
roughness,stable_high,3,392,mid,12,0.42724287290829815,0.43380045523991506,0.40082669887918937,0.9648784995583747,0.006557582331616883,-0.02641617402910879
roughness,stable_high,3,393,all_post,40,0.41079167233304903,0.5927225289212263,0.691780209530241,0.6832229842601801,0.1819308565881772,0.28098853719719186
roughness,stable_high,3,393,early,12,0.2753117756484191,0.512885282987625,0.6268070095951374,0.497117280947706,0.23757350733920593,0.35149523394671833
roughness,stable_high,3,393,late,16,0.4081974658173888,0.6092018896728213,0.7865222863896966,0.5421153517856242,0.20100442385543243,0.37832482057230765
roughness,stable_high,3,393,mid,12,0.5497305110385594,0.6505872938527008,0.6304306403194037,1.0574721975387291,0.10085678281414145,0.08070012928084433
roughness,stable_high,3,394,all_post,40,0.2907351750059214,0.2765291512498821,0.278681602990704,0.5613645604839931,-0.014206023756039304,-0.012053572015217395
roughness,stable_high,3,394,early,12,0.3950106044785358,0.38694301296801675,0.38343960586207704,0.7293218916959755,-0.008067591510519076,-0.011570998616458767
roughness,stable_high,3,394,late,16,0.27531044361448204,0.24888412661462486,0.2447690528613906,0.5644157664112601,-0.026426316999857175,-0.030541390753091424
roughness,stable_high,3,394,mid,12,0.20702605405522603,0.202975322378757,0.21914033362508203,0.3893389547023214,-0.0040507316764690346,0.012114279569856022
roughness,stable_high,3,395,all_post,40,0.4403345441011832,0.6238793107643024,0.35678452743251865,0.6317682026333094,0.18354476666311909,-0.0835500166686646
roughness,stable_high,3,395,early,12,0.45647671065401463,0.6022148994973819,0.3861927317784383,0.8290476707326239,0.14573818884336723,-0.0702839788755763
roughness,stable_high,3,395,late,16,0.4369771591362333,0.8367679510321939,0.36876184358216996,0.3209572364064315,0.3997907918959606,-0.06821531555406334
roughness,stable_high,3,395,mid,12,0.4286688908349519,0.3616922016740342,0.3114065682203974,0.8489033561698321,-0.06697668916091772,-0.11726232261455453
roughness,stable_high,3,396,all_post,40,0.2471460344120678,0.2578311750846325,0.25407620501980466,0.42131479401909766,0.010685140672564694,0.006930170607736869
roughness,stable_high,3,396,early,12,0.24385022820565147,0.3273031548900029,0.3129830635135286,0.5132022394461119,0.08345292668435146,0.06913283530787717
roughness,stable_high,3,396,late,16,0.18353091062748297,0.19313604360218958,0.19295000999206025,0.2886020225227923,0.009605132974706613,0.009419099364577292
roughness,stable_high,3,396,mid,12,0.33526200566459724,0.274619370589186,0.2766709398964066,0.5063777105871575,-0.06064263507541131,-0.058591065768190655
roughness,stable_high,3,397,all_post,40,0.2936615752351236,0.2819187065748344,0.2980799121733609,1.679445427717249,-0.011742868660289157,0.004418336938237328
roughness,stable_high,3,397,early,12,0.31344358315748605,0.2890509381961234,0.3032778095348499,1.917186158069381,-0.024392644961362706,-0.010165773622636197
roughness,stable_high,3,397,late,16,0.35564128893235486,0.343139071980834,0.36770680595031513,1.605662213604612,-0.012502216951520866,0.012065517017960308
roughness,stable_high,3,397,mid,12,0.191239949049786,0.19315932107887931,0.2000461564425995,1.540082316181966,0.0019193720290933344,0.008806207392813542
roughness,stable_high,3,398,all_post,40,0.44178070029182714,0.4300719884749361,0.44277977191079804,1.4765698863802856,-0.011708711816891135,0.0009990716189708592
roughness,stable_high,3,398,early,12,0.3313595697641304,0.3631542968731058,0.3689580345172492,1.7431284691505677,0.03179472710897532,0.037598464753118704
roughness,stable_high,3,398,late,16,0.5434798790435427,0.5023828304831548,0.5349333509376712,1.6103406666184672,-0.04109704856038781,-0.008546528105871375
roughness,stable_high,3,398,mid,12,0.41660292581723674,0.40057522406580803,0.39373007060184945,1.031650263292429,-0.016027701751428685,-0.022872855215387327
roughness,stable_high,3,399,all_post,40,0.38820529069403414,0.5010413067573939,0.5007311141306896,1.3707962325316123,0.11283601606335976,0.11252582343665544
roughness,stable_high,3,399,early,12,0.4258205285774625,0.7033216067109825,0.701108310294709,1.3236832575587718,0.2775010781335201,0.2752877817172467
roughness,stable_high,3,399,late,16,0.42071069306553294,0.5093644386441689,0.5108377670637588,1.4003904628778638,0.088653745578636,0.09012707399822592
roughness,stable_high,3,399,mid,12,0.30724951631527403,0.2876634976214385,0.2868783807225777,1.3784502337094506,-0.019586018693835597,-0.020371135592696394
roughness,stable_high,6,390,all_post,39,0.5376186960974083,0.4735794199757619,0.47095596691723,3.104012505905541,-0.06403927612164648,-0.0666627291801784
roughness,stable_high,6,390,early,12,0.46234231784463226,0.46944717544282916,0.4724484534692425,3.2010476289770833,0.007104857598196859,0.010106135624610277
roughness,stable_high,6,390,late,15,0.5607754943722784,0.48663780071769386,0.49534420602228096,2.670314151317532,-0.07413769365458449,-0.06543128834999738
roughness,stable_high,6,390,mid,12,0.583949076506597,0.4613886885812797,0.43897818148390355,3.5491003260690106,-0.12256038792531733,-0.14497089502269336
roughness,stable_high,6,391,all_post,39,0.5521321996044221,0.443379880890253,0.4454964112989111,0.5588019622124565,-0.10875231871416932,-0.10663578830551096
roughness,stable_high,6,391,early,12,0.8287139478462002,0.5744892665170602,0.578922722214555,0.7276638407766501,-0.25422468132913983,-0.24979122563164513
roughness,stable_high,6,391,late,15,0.34776563143049943,0.3276927671908784,0.33292242616840434,0.3243618182626805,-0.020072864239620968,-0.014843205262095063
roughness,stable_high,6,391,mid,12,0.5310086615800477,0.45687938738766354,0.45278758179640094,0.6829902635854833,-0.07412927419238426,-0.07822107978364676
roughness,stable_high,6,392,all_post,39,0.5678166113307282,0.5002110710048446,0.4824228579140181,1.7434535051424933,-0.06760554032588365,-0.08539375341671036
roughness,stable_high,6,392,early,12,0.5491234643399868,0.4653427646943986,0.4615133875952615,2.1994294088337587,-0.08378069964558825,-0.08761007674472536
roughness,stable_high,6,392,late,15,0.6517685560956108,0.5573632138569778,0.5411961343339161,1.223765940195688,-0.09440534223863267,-0.11057242176169463
roughness,stable_high,6,392,mid,12,0.4815698273653672,0.46363919875012444,0.4298657327079019,1.9370870576347337,-0.017930628615242788,-0.051704094657465095
roughness,stable_high,6,393,all_post,39,0.5543008853413365,1.0070624368713905,1.2403136494358054,1.0501981780084007,0.45276155153005415,0.6860127640944688
roughness,stable_high,6,393,early,12,0.4576536377590728,0.9134306604078973,1.1597913479425368,0.8157818889552478,0.45577702264882475,0.7021377101834639
roughness,stable_high,6,393,late,15,0.6234918600161151,1.2724688575611378,1.6447798963227702,1.1352067902896439,0.6489769975450229,1.0212880363066552
roughness,stable_high,6,393,mid,12,0.5644594145801266,0.7689361874726993,0.8152531423203677,1.1783537017099996,0.20447677289257274,0.25079372774024095
roughness,stable_high,6,394,all_post,39,0.34988514444881547,0.339523142740958,0.3446049286228482,0.878784673532417,-0.010362001707857523,-0.005280215825967329
roughness,stable_high,6,394,early,12,0.4668310953315599,0.46614908023318874,0.46610494266355146,0.7251396896814227,-0.000682015098371067,-0.0007261526680085439
roughness,stable_high,6,394,late,15,0.30891200274599834,0.28564650715124046,0.2764030935701051,1.2181198900025203,-0.0232654955947579,-0.03250890917589316
roughness,stable_high,6,394,mid,12,0.2841556206945926,0.2802429997358741,0.30835720839807373,0.6082606367957815,-0.003912620958718517,0.02420158770348117
roughness,stable_high,6,395,all_post,39,0.8005225150102213,0.9269334426548017,0.47615071740831993,1.0762533417426323,0.1264109276445803,-0.32437179760190155
roughness,stable_high,6,395,early,12,0.6051967071121962,0.7975907778434433,0.4410188953477931,1.4883572572669699,0.19239407073124715,-0.16417781176440313
roughness,stable_high,6,395,late,15,1.0997439996232403,1.390934015414519,0.5339859048847331,0.4867918732430315,0.2911900157912786,-0.5657580947385075
roughness,stable_high,6,395,mid,12,0.6218214671419727,0.47627539151651327,0.4389885551233305,1.4009762618427961,-0.14554607562545946,-0.18283291201864227
roughness,stable_high,6,396,all_post,39,0.2877695463397735,0.29450474447788305,0.29708227148045085,0.5325080805938001,0.006735198138109677,0.009312725140677457
roughness,stable_high,6,396,early,12,0.2746350917195875,0.3598584921940819,0.3717086769229827,0.6703107783334618,0.08522340047449445,0.09707358520339525
roughness,stable_high,6,396,late,15,0.18847122450001214,0.20054377222295733,0.19936494206416933,0.4122743283454888,0.012072547722945175,0.010893717564157213
roughness,stable_high,6,396,mid,12,0.425026903259661,0.3466022120803416,0.344602527808271,0.5449975731645273,-0.07842469117931948,-0.08042437545139003
roughness,stable_high,6,397,all_post,39,0.296910473314916,0.2989909225985046,0.3379277638097416,4.699407259855797,0.0020804492835885644,0.04101729049482552
roughness,stable_high,6,397,early,12,0.3450793367506743,0.3058707783473629,0.33032476783835985,5.099823158824215,-0.039208558403311444,-0.0147545689123145
roughness,stable_high,6,397,late,15,0.33864558148310203,0.3680486293683226,0.434930234970658,4.503692968530871,0.02940304788522071,0.09628465348755604
roughness,stable_high,6,397,mid,12,0.1965727246689253,0.2057889333873737,0.2242776708299777,4.5436342250435375,0.00921620871844839,0.027704946161052388
roughness,stable_high,6,398,all_post,39,0.5183370238416752,0.8359313142136992,0.5479790847581223,3.0889570164201867,0.3175942903720239,0.02964206091644713
roughness,stable_high,6,398,early,12,0.36973165175824035,0.49014242735406516,0.4584805417160554,4.17300704668348,0.1204107755958248,0.08874888995781516
roughness,stable_high,6,398,late,15,0.6491415960156441,0.8639382985406746,0.689508256561361,2.8786063860151305,0.21479670252503047,0.04036666054571705
roughness,stable_high,6,398,mid,12,0.503436680707649,1.146711470664614,0.4605661630461407,2.267845274163214,0.643274789956965,-0.042870517661508345
roughness,stable_high,6,399,all_post,39,0.5063819781257374,0.6327612007243775,0.6323053431811541,3.211072905238389,0.12637922259863982,0.12592336505541654
roughness,stable_high,6,399,early,12,0.6933713451524436,0.9703196449667923,0.9630119070541329,3.8609557943965185,0.2769482998143486,0.2696405619016891
roughness,stable_high,6,399,late,15,0.4796540057653567,0.5897354083319423,0.5979536945973486,2.917647550998283,0.11008140256658558,0.11829968883199182
roughness,stable_high,6,399,mid,12,0.35280257654950703,0.34898499697250585,0.344538340037932,2.9279717088803903,-0.0038175795770011775,-0.008264236511575082
roughness,stable_high,12,390,all_post,37,0.6895263381023635,0.6159748860530754,0.6324421362657181,9.88512580873134,-0.07355145204928792,-0.05708420183664518
roughness,stable_high,12,390,early,12,0.621508544017884,0.5998262377618787,0.6425772400617575,10.406750346902424,-0.021682306256005344,0.02106869604387342
roughness,stable_high,12,390,late,13,0.6719947352607575,0.5325339052893224,0.5792121311846807,8.553522098935606,-0.1394608299714349,-0.09278260407607673
roughness,stable_high,12,390,mid,12,0.7765367019319162,0.7225179301716714,0.6799728713074696,10.806071956172296,-0.05401877176024456,-0.09656383062444628
roughness,stable_high,12,391,all_post,37,0.8014047435796183,0.6722266028272629,0.6738831566341684,0.7626542357643185,-0.12917814075235548,-0.12752158694544996
roughness,stable_high,12,391,early,12,1.3199161693195796,0.9447758374480076,0.9502253009869156,1.0423917562380036,-0.375140331871572,-0.3696908683326639
roughness,stable_high,12,391,late,13,0.5083432535372961,0.5196164001613528,0.5262601819259249,0.519494326361278,0.011273146624056807,0.017916928388628888
roughness,stable_high,12,391,mid,12,0.6003765987188396,0.565005087761254,0.5574659015486848,0.7463399504772606,-0.03537151095758561,-0.04291069717015483
roughness,stable_high,12,392,all_post,37,0.8964518062213866,0.7194628410246341,0.7079708299125901,5.021538669497186,-0.17698896519675253,-0.18848097630879668
roughness,stable_high,12,392,early,12,0.6328826174007129,0.6182901137479092,0.6314762142823175,6.2118367128601335,-0.014592503652803646,-0.001406403118395308
roughness,stable_high,12,392,late,13,1.391361559818737,0.9824789035087662,0.9708826237787709,3.036209834470228,-0.4088826563099705,-0.42047893603996567
roughness,stable_high,12,392,mid,12,0.6238687619782649,0.5357015006102163,0.49964433552116666,5.982013530746777,-0.08816726136804864,-0.12422442645709829
roughness,stable_high,12,393,all_post,37,1.319868280034466,1.402194165872155,3.068078489302702,2.2732189679510526,0.08232588583768896,1.7482102092682357
roughness,stable_high,12,393,early,12,1.4647031150415566,1.2459369437156678,2.996426088699051,1.92873587919461,-0.2187661713258889,1.5317229736574938
roughness,stable_high,12,393,late,13,1.6071075758898539,1.8674921652189913,4.579954033543872,3.2434353773244498,0.26038458932913733,2.972846457654018
roughness,stable_high,12,393,mid,12,0.8638575411840383,1.0543785554029028,1.5018657169784166,1.5666342798863149,0.19052101421886433,0.6380081757943784
roughness,stable_high,12,394,all_post,37,0.6605150557067382,1.411183014429283,0.8060338442962908,2.0948426254032277,0.7506679587225445,0.14551878858955258
roughness,stable_high,12,394,early,12,1.1433941271232146,1.5277283140882656,1.0421063725612216,0.8465338288078774,0.3843341869650509,-0.10128775456199296
roughness,stable_high,12,394,late,13,0.41551063543655103,1.3395421855399783,0.5050946531379791,3.650050368153468,0.9240315501034271,0.08958401770142793
roughness,stable_high,12,394,mid,12,0.4430574395829645,1.3722486127337141,0.8959787731195309,1.6583430340191514,0.9291911731507493,0.45292133353656644
roughness,stable_high,12,395,all_post,37,2.249764442665522,1.433612471264028,1.2552345787068298,2.618562275304812,-0.816151971401495,-0.9945298639586934
roughness,stable_high,12,395,early,12,1.0308182228500662,0.9331684369536369,0.7583748450899702,4.112188180342499,-0.09764978589642914,-0.27244337776009603
roughness,stable_high,12,395,late,13,4.306463963797705,2.49812056769298,2.1430931112515577,0.8768004621125847,-1.8083433961047246,-2.1633708525461475
roughness,stable_high,12,395,mid,12,1.240619514587782,0.7808394011097207,0.7902475687335665,3.0118450012253692,-0.45978011347806164,-0.4503719458542155
roughness,stable_high,12,396,all_post,37,0.595321656997673,0.6955197404523671,0.49649770753580125,0.9962252012708159,0.1001980834546941,-0.09882394946187185
roughness,stable_high,12,396,early,12,0.9366368576043018,0.9985360122055397,0.7454833525622796,1.4859759605114717,0.0618991546012377,-0.19115350504202203
roughness,stable_high,12,396,late,13,0.2504294686379016,0.3204770478615888,0.22918280667933713,0.8457631613363991,0.07004757922368716,-0.021246661958564523
roughness,stable_high,12,396,mid,12,0.6276396604474634,0.7987997190058714,0.5371032051038255,0.6694749852924442,0.171160058558408,-0.09053645534363808
roughness,stable_high,12,397,all_post,37,0.3588338326083959,0.3697469642863941,0.4352179086667493,15.962888322650816,0.010913131677998098,0.07638407605835336
roughness,stable_high,12,397,early,12,0.4493410952917188,0.3983452239832794,0.45703837128325425,16.738016114319066,-0.05099587130843943,0.007697275991535434
roughness,stable_high,12,397,late,13,0.42821541723934164,0.4946911892189264,0.6150789460128565,15.638282484200383,0.06647577197958482,0.18686352877351486
roughness,stable_high,12,397,mid,12,0.19316318657488196,0.2057924609125986,0.218547988925295,15.539416855970538,0.012629274337716675,0.02538480235041299
roughness,stable_high,12,398,all_post,37,0.6593573759712145,1.376245362324312,0.712039550879072,8.702525707451075,0.7168879863530977,0.05268217490785763
roughness,stable_high,12,398,early,12,0.3892380449084443,0.6413639120940974,0.49573649887008425,12.29883380302162,0.25212586718565294,0.10649845396163989
roughness,stable_high,12,398,late,13,0.7443315455646083,1.3949845616149465,0.9222712538138856,7.640899960046923,0.6506530160503382,0.17793970824927716
roughness,stable_high,12,398,mid,12,0.8374213566411407,2.0908260133230057,0.700591591375345,6.256312171568363,1.2534046566818648,-0.13682976526579574
roughness,stable_high,12,399,all_post,37,1.0848250681575404,1.0611097434312387,1.0611097434312387,10.302859621286611,-0.023715324726301706,-0.023715324726301706
roughness,stable_high,12,399,early,12,1.699878377582525,1.7985058282651576,1.7985058282651576,13.45183257760064,0.09862745068263261,0.09862745068263261
roughness,stable_high,12,399,late,13,1.0170696029511206,0.9024246750704671,0.9024246750704671,8.509735842789409,-0.11464492788065336,-0.11464492788065336
roughness,stable_high,12,399,mid,12,0.5431735127061772,0.49562248265482217,0.49562248265482217,9.096437425011226,-0.047551030051355025,-0.047551030051355025
roughness,stable_low,1,390,all_post,40,0.4006588662148175,0.3741288239859948,0.3725331059307771,0.4695599915637051,-0.026530042228822697,-0.028125760284040385
roughness,stable_low,1,390,early,12,0.30817568863704775,0.28204086493505803,0.28915170912565835,0.6345279070569803,-0.026134823701989645,-0.01902397951138935
roughness,stable_low,1,390,late,16,0.48658489551123824,0.44667471769485395,0.44098691266112156,0.35816884004004856,-0.03991017781638427,-0.04559798285011665
roughness,stable_low,1,390,mid,12,0.37857400473069297,0.3694889247584526,0.3646427604287699,0.45311361143530554,-0.009085079972240333,-0.013931244301923072
roughness,stable_low,1,391,all_post,40,0.41248077001389527,0.4539247925818478,0.4244800328667081,0.5766436573848848,0.04144402256795258,0.011999262852812836
roughness,stable_low,1,391,early,12,0.5967323983526824,0.6864398237896813,0.6445926025728344,0.7016571670029544,0.08970742543699883,0.04786020422015195
roughness,stable_low,1,391,late,16,0.2633254779530935,0.32669282904214036,0.2562390768250395,0.33333491130929127,0.06336735108904684,-0.007086401128054066
roughness,stable_low,1,391,mid,12,0.4271028644228439,0.39105237942695786,0.42868873788280687,0.7760418092009397,-0.03605048499588603,0.001585873459962898
roughness,stable_low,1,392,all_post,40,0.4177192988869235,0.38089187077435593,0.6788219356508977,0.48207458438445183,-0.03682742811256749,0.26110263676397427
roughness,stable_low,1,392,early,12,0.4118997111885632,0.36427115894613044,0.6930409396732559,0.45233963922826503,-0.04762855224243278,0.28114122848469275
roughness,stable_low,1,392,late,16,0.34742746209328057,0.33650812109321043,0.4870677009833163,0.4069158119535883,-0.01091934100007011,0.13964023889003577
roughness,stable_low,1,392,mid,12,0.5172613356434743,0.4566909155107756,0.9202752445186482,0.6120212261151236,-0.06057042013269875,0.403013908875174
roughness,stable_low,1,393,all_post,40,0.25854337563527563,0.3106594860359431,0.29145329011477267,0.5148111983026652,0.05211611040066746,0.03290991447949699
roughness,stable_low,1,393,early,12,0.2896290816452732,0.3836510685564842,0.3821233405374885,0.5473975533938974,0.09402198691121105,0.09249425889221528
roughness,stable_low,1,393,late,16,0.2427399459496497,0.2285808446668909,0.24280537985374187,0.29029477840855256,-0.0141591012827588,6.543390409217021e-05
roughness,stable_low,1,393,mid,12,0.2485289092061128,0.34710609200747156,0.2656471200400979,0.7815800697369166,0.09857718280135885,0.01711821083398511
roughness,stable_low,1,394,all_post,40,0.3218029328537549,0.4992788421914103,0.29740852219176644,0.5530594549192885,0.17747590933765545,-0.02439441066198841
roughness,stable_low,1,394,early,12,0.3572173248781824,0.783509281351889,0.4395429449662118,0.8813547274559816,0.4262919564737065,0.0823256200880295
roughness,stable_low,1,394,late,16,0.3335451642414552,0.35189260348545875,0.2790618983568006,0.4342427972355604,0.01834743924400356,-0.05448326588465459
roughness,stable_low,1,394,mid,12,0.27073223231239346,0.4115633879722003,0.17973626453060879,0.38318639262756654,0.1408311556598068,-0.09099596778178476
roughness,stable_low,1,395,all_post,40,0.3884801727946364,0.32938968351527664,0.34338295303585936,0.4632483969057136,-0.05909048927935978,-0.045097219758777084
roughness,stable_low,1,395,early,12,0.5357311609385895,0.5058623720489136,0.5082845263025515,0.6264033705761762,-0.02986878888967594,-0.02744663463603794
roughness,stable_low,1,395,late,16,0.3587718384787019,0.2887362364333804,0.31208741313762534,0.31072119313221525,-0.07003560204532153,-0.04668442534107662
roughness,stable_low,1,395,mid,12,0.2808402970719294,0.20712159109083475,0.22020876630014588,0.5034630282665822,-0.0737187059810946,-0.060631530771783536
roughness,stable_low,1,396,all_post,40,0.2578999673052027,0.25022278324424574,0.23696042161314218,0.3517784498274025,-0.0076771840609568985,-0.020939545692060503
roughness,stable_low,1,396,early,12,0.23773701214360077,0.2517487611692328,0.19967489532586594,0.38438472120980566,0.014011749025632014,-0.0380621168177348
roughness,stable_low,1,396,late,16,0.1886286469994372,0.16875382934524963,0.1751427262959792,0.13351029799594227,-0.01987481765418759,-0.013485920703457995
roughness,stable_low,1,396,mid,12,0.370424682874492,0.35732207718458703,0.3566695416566357,0.6101963808869462,-0.013102605689904902,-0.013755141217856232
roughness,stable_low,1,397,all_post,40,0.36850410551694235,0.34347146257430666,0.31653019667919513,0.49762683574491984,-0.025032642942635686,-0.05197390883774722
roughness,stable_low,1,397,early,12,0.2729376687417495,0.27699061689799326,0.2709822066493173,0.6690893983831869,0.004052948156243752,-0.0019554620924322435
roughness,stable_low,1,397,late,16,0.5243322187634014,0.44663816018150393,0.40472110561703045,0.5123330782263722,-0.0776940585818975,-0.11961111314637099
roughness,stable_low,1,397,mid,12,0.25629972463018963,0.27239671144102356,0.24449030812529252,0.3065559497980495,0.016096986810833967,-0.011809416504897143
roughness,stable_low,1,398,all_post,40,0.2931199737022435,0.2784629475327435,0.26980009934382165,0.6697716819148092,-0.014657026169500076,-0.023319874358421984
roughness,stable_low,1,398,early,12,0.30734689364039813,0.3069575543657725,0.3254778554178491,0.8719385311270491,-0.00038933927462565815,0.01813096177745102
roughness,stable_low,1,398,late,16,0.2493412399722627,0.25420339747072945,0.23931936401951548,0.7485778004285156,0.004862157498466748,-0.01002187595274723
roughness,stable_low,1,398,mid,12,0.337264698737397,0.2823144074490667,0.2547633237022023,0.36253000801762747,-0.054950291288330254,-0.08250137503519465
roughness,stable_low,1,399,all_post,40,0.26812908600852603,0.2620897656326499,0.2620897656326499,0.5529098220541442,-0.006039320375876192,-0.006039320375876192
roughness,stable_low,1,399,early,12,0.1802968753754651,0.167810353089811,0.167810353089811,0.18854584291799792,-0.012486522285654103,-0.012486522285654103
roughness,stable_low,1,399,late,16,0.2740908175713975,0.2871734894489203,0.2871734894489203,0.6767550509921734,0.013082671877522767,0.013082671877522767
roughness,stable_low,1,399,mid,12,0.3480123212244251,0.3229242130871282,0.3229242130871282,0.7521468292729181,-0.025088108137296904,-0.025088108137296904
roughness,stable_low,3,390,all_post,40,0.33660863283286147,0.3258708338434961,0.3356172708309068,0.5041410238992869,-0.010737798989365357,-0.0009913620019546807
roughness,stable_low,3,390,early,12,0.38235505085315147,0.35645322207654456,0.369249216113386,0.5693653494857659,-0.025901828776606902,-0.013105834739765482
roughness,stable_low,3,390,late,16,0.3556304245322965,0.3444317546920882,0.3544234577571205,0.496649784323163,-0.011198669840208252,-0.0012069667751759793
roughness,stable_low,3,390,mid,12,0.26549982587999144,0.27054055114565817,0.2769104096468093,0.4489050177476399,0.005040725265666714,0.011410583766817849
roughness,stable_low,3,391,all_post,40,0.30346963410466554,0.3035724942770852,0.29440143672280195,0.5150292192481734,0.0001028601724196887,-0.009068197381863614
roughness,stable_low,3,391,early,12,0.4176600369115642,0.36081150235274767,0.37797431913280155,0.5659491540960029,-0.05684853455881658,-0.03968571777876275
roughness,stable_low,3,391,late,16,0.16361041466624665,0.21973991078984142,0.17906497139525313,0.27711637861362415,0.05612949612359479,0.01545455672900646
roughness,stable_low,3,391,mid,12,0.375758190548992,0.3581102641844145,0.36461050808286743,0.7813264052464094,-0.01764792636457752,-0.01114768246612458
roughness,stable_low,3,392,all_post,40,0.3585941624246666,0.38374799195855935,0.4277709787624827,0.4961558391183793,0.025153829533892846,0.06917681633781628
roughness,stable_low,3,392,early,12,0.3800172740933128,0.40208832773551745,0.4482717816211064,0.5606462408628667,0.022071053642204578,0.06825450752779354
roughness,stable_low,3,392,late,16,0.35405478082756736,0.34738051865714636,0.3794192404695406,0.4193688675400841,-0.006674262170420921,0.0253644596419733
roughness,stable_low,3,392,mid,12,0.3432235595521523,0.4138976205834852,0.47173916029444857,0.5340480661449519,0.07067406103133284,0.12851560074229632
roughness,stable_low,3,393,all_post,40,0.3216637540558338,0.3216454706179427,0.3208425432554112,0.5494038507785357,-1.828343789111453e-05,-0.0008212108004225768
roughness,stable_low,3,393,early,12,0.267125388128905,0.26387182378760143,0.26301584078351076,0.3931062443176255,-0.0032535643413036295,-0.004109547345394283
roughness,stable_low,3,393,late,16,0.2923596261478931,0.3105172041493988,0.30946895336499025,0.3243693238574141,0.0181575780015057,0.017109327217097174
roughness,stable_low,3,393,mid,12,0.41527429052668335,0.394256806073009,0.39383403224787283,1.005747493134275,-0.02101748445367436,-0.021440258278810548
roughness,stable_low,3,394,all_post,40,0.27401960695086486,0.3574979735647804,0.2583818603216259,0.43286505845025064,0.08347836661391554,-0.015637746629238964
roughness,stable_low,3,394,early,12,0.3917676982584237,0.4809087993900571,0.3725657776506724,0.6942346372484204,0.08914110113163339,-0.019201920607751187
roughness,stable_low,3,394,late,16,0.23152209192586767,0.3082166737276373,0.2107328344992413,0.3568826749476711,0.07669458180176957,-0.02078925742662635
roughness,stable_low,3,394,mid,12,0.21293486900996897,0.2997955475223613,0.20772997742242547,0.2728053243221868,0.08686067851239232,-0.005204891587543561
roughness,stable_low,3,395,all_post,40,0.30379594141240884,0.28889530479499564,0.27297582469998655,0.46230657701945016,-0.01490063661741329,-0.030820116712422418
roughness,stable_low,3,395,early,12,0.3501071376267692,0.3496298093711973,0.32962612428900023,0.5936733330536813,-0.00047732825557190534,-0.020481013337768875
roughness,stable_low,3,395,late,16,0.3230220732639174,0.27448556132244006,0.2566429964607057,0.2760046330925444,-0.048536511941477345,-0.06637907680321171
roughness,stable_low,3,395,mid,12,0.23184990272937067,0.24737379151553476,0.23810262943001378,0.57934241288776,0.015523888786164076,0.006252726700643099
roughness,stable_low,3,396,all_post,40,0.22117643434716686,0.203357403370752,0.19936411988533237,0.38061947236526333,-0.01781903097641488,-0.021812314461834504
roughness,stable_low,3,396,early,12,0.22434121108829208,0.22632768708555653,0.21341712765150264,0.4658358481083957,0.001986475997264501,-0.010924083436789446
roughness,stable_low,3,396,late,16,0.19124655460517198,0.16979550743780605,0.16437059368221635,0.24564291195995253,-0.021451047167365896,-0.02687596092295559
roughness,stable_low,3,396,mid,12,0.2579181639287015,0.22513631423320857,0.23196914705665006,0.4753718438292122,-0.032781849695492915,-0.02594901687205145
roughness,stable_low,3,397,all_post,40,0.23585465105191644,0.2402636594462269,0.2422823693049902,0.47075089487763816,0.004409008394310467,0.006427718253073811
roughness,stable_low,3,397,early,12,0.25166235015324295,0.24489903933855525,0.24638687447516436,0.6205459686646203,-0.006763310814687708,-0.0052754756780786114
roughness,stable_low,3,397,late,16,0.27386197490274805,0.28471615136219874,0.2893638104330529,0.48123418827936437,0.010854176459450679,0.015501835530304889
roughness,stable_low,3,397,mid,12,0.16937052014948115,0.17635829033260284,0.17540260929739926,0.306978096555021,0.006987770183121688,0.006032089147918127
roughness,stable_low,3,398,all_post,40,0.36585512548072374,0.35505558275400023,0.3680481882608394,0.777569122454383,-0.010799542726723527,0.002193062780115615
roughness,stable_low,3,398,early,12,0.2940840246767534,0.28907162352237165,0.30736244237672133,0.6759445181447948,-0.0050124011543817015,0.013278417699967987
roughness,stable_low,3,398,late,16,0.4161027913392575,0.38981980373982905,0.4268707639323262,1.0466824033379005,-0.026282987599428417,0.010767972593068689
roughness,stable_low,3,398,mid,12,0.37062933847331586,0.3746872473378571,0.3503038332496417,0.520376018919281,0.004057908864541149,-0.02032550522367419
roughness,stable_low,3,399,all_post,40,0.2639400104432859,0.264906904097272,0.26556018697619643,0.5943294022918557,0.0009668936539861436,0.00162017653291055
roughness,stable_low,3,399,early,12,0.21419822278046366,0.22466274698583966,0.232591461264162,0.3243029236259855,0.010464524205376045,0.01839323848369836
roughness,stable_low,3,399,late,16,0.3002342644628122,0.2962200390857024,0.293244642883849,0.7293397842539907,-0.004014225377109809,-0.006989621578963254
roughness,stable_low,3,399,mid,12,0.26528945941340637,0.26340021455746393,0.2616163048113609,0.6843420383415456,-0.0018892448559424898,-0.003673154602045528
roughness,stable_low,6,390,all_post,39,0.3306799318400003,0.32697267274644803,0.341141363081073,0.6990450734328303,-0.0037072590935521813,0.010461431241072789
roughness,stable_low,6,390,early,12,0.36582832266387677,0.3548444327216871,0.3744520510298923,0.7982780194556426,-0.01098388994218971,0.008623728366015581
roughness,stable_low,6,390,late,15,0.35915281895164725,0.35813204553745565,0.3712968214318683,0.6050836475707654,-0.0010207734141916753,0.012144002480221025
roughness,stable_low,6,390,mid,12,0.2599404321265649,0.2601516967824496,0.2701363521937597,0.7172639097375993,0.00021126465588471496,0.010195920067194693
roughness,stable_low,6,391,all_post,39,0.34751249845583565,0.34445026234723297,0.32107809704019574,0.5108286557535979,-0.0030622361086026528,-0.02643440141563987
roughness,stable_low,6,391,early,12,0.5583869459407204,0.44476757479124274,0.4490370807164195,0.6501825669873046,-0.11361937114947745,-0.10934986522430068
roughness,stable_low,6,391,late,15,0.17247410517771392,0.2413770595154466,0.18009503867398752,0.2680762463955509,0.0689029543377327,0.0076209334962736176
roughness,stable_low,6,391,mid,12,0.3554360425686031,0.37297445344295604,0.3693479363217322,0.67491525621745,0.017538410874352966,0.013911893753129088
roughness,stable_low,6,392,all_post,39,0.3903857183622881,4.559253003321945,0.48275206682077054,0.5861219661934273,4.168867284959657,0.09236634845848248
roughness,stable_low,6,392,early,12,0.4415763169184192,2.382993900873259,0.5371939472409943,0.6908899721291935,1.9414175839548398,0.09561763032257527
roughness,stable_low,6,392,late,15,0.4064677209290124,5.216027050523633,0.4195799112726671,0.5535176755349466,4.809559329594621,0.013112190343654786
roughness,stable_low,6,392,mid,12,0.3190926165977517,5.9145445467685205,0.5072753808356758,0.5221093235807619,5.595451930170769,0.18818276423792427
roughness,stable_low,6,393,all_post,39,0.3296075439823253,0.34605951177521366,0.34737759523840334,0.6296674974667658,0.016451967792888354,0.01777005125607801
roughness,stable_low,6,393,early,12,0.27376081711919104,0.2770804703038248,0.2781921156851705,0.4515033025273889,0.0033196531846338,0.0044312985659795455
roughness,stable_low,6,393,late,15,0.3172754195751526,0.3534762790222438,0.3551335111660457,0.462832032234011,0.0362008594470912,0.03785809159089296
roughness,stable_low,6,393,mid,12,0.4008694263544254,0.4057675941878147,0.40686817988208324,1.016376023947086,0.004898167833389359,0.005998753527657785
roughness,stable_low,6,394,all_post,39,0.3326495576358645,0.3997958545280601,0.29368718773306657,0.4219404311768943,0.06714629689219553,-0.03896236990279805
roughness,stable_low,6,394,early,12,0.4881634194042988,0.5174119674681831,0.4137425288959146,0.6690292941611126,0.029248548063884217,-0.07442089050838419
roughness,stable_low,6,394,late,15,0.26919298681060444,0.36504881171725145,0.23679213178895656,0.3600955421529513,0.09585582490664693,-0.03240085502164784
roughness,stable_low,6,394,mid,12,0.25645640939900544,0.3256135451014481,0.24475066650035573,0.2521576794726046,0.06915713570244265,-0.011705742898649693
roughness,stable_low,6,395,all_post,39,0.37061656529073966,0.2953773082223478,0.2953492661870394,0.5316120518352062,-0.07523925706839192,-0.07526729910370025
roughness,stable_low,6,395,early,12,0.37457078059443005,0.3354230028273175,0.33190937377608515,0.637542007570507,-0.03914777776711257,-0.04266140681834494
roughness,stable_low,6,395,late,15,0.4647674417733428,0.2977844655234753,0.3025437299758188,0.351989929426717,-0.1669829762498673,-0.16222371179752387
roughness,stable_low,6,395,mid,12,0.24897375438379563,0.2523226669909686,0.24979607886201952,0.6502097491105167,0.003348912607173009,0.0008223244782239528
roughness,stable_low,6,396,all_post,39,0.21640981033450574,0.20956122713157932,0.21029644877215764,0.36506492259862416,-0.00684858320292645,-0.00611336156234815
roughness,stable_low,6,396,early,12,0.21881796661292333,0.22594887121032992,0.23149394166232284,0.3902512132263793,0.007130904597406576,0.012675975049399511
roughness,stable_low,6,396,late,15,0.1824001770725572,0.16726109187468435,0.16719704757805373,0.2750736116555546,-0.015139085197872808,-0.015203129494503455
roughness,stable_low,6,396,mid,12,0.25651369563352394,0.2460487521239474,0.24297320737462227,0.4523677706497058,-0.010464943509576531,-0.013540488258901681
roughness,stable_low,6,397,all_post,39,0.22657958890262536,0.2439814744800919,0.24371081220201044,0.7324075834723229,0.017401885577466487,0.017131223299385035
roughness,stable_low,6,397,early,12,0.2272028703993694,0.24270400405726056,0.23046334268592106,0.9125460430441038,0.01550113365789114,0.0032604722865516335
roughness,stable_low,6,397,late,15,0.2610748043529373,0.28084444444968715,0.29407277830787587,0.744271397023183,0.019769640096749884,0.03299797395493857
roughness,stable_low,6,397,mid,12,0.18283728809299146,0.199180232440929,0.19400582408576794,0.537439356961967,0.016342944347937583,0.011168535992776514
roughness,stable_low,6,398,all_post,39,0.40264790291892855,0.38311713104908246,0.40600152186366556,0.9172202459668582,-0.019530771869846145,0.0033536189447371436
roughness,stable_low,6,398,early,12,0.30147819413809307,0.2943255030073046,0.3332274527593411,0.9102493392991331,-0.007152691130788503,0.031749258621248035
roughness,stable_low,6,398,late,15,0.4688177381830649,0.42860475778488555,0.4942474260799369,1.1549372055281673,-0.04021298039817929,0.025429687896871948
roughness,stable_low,6,398,mid,12,0.42110531761959336,0.415049225671106,0.36846821069765107,0.6270449531829466,-0.006056091948487341,-0.05263710692194227
roughness,stable_low,6,399,all_post,39,0.26261099796044834,0.26797593322072505,0.26797593322072505,0.7061868470692152,0.005364935260276779,0.005364935260276779
roughness,stable_low,6,399,early,12,0.21991550684754424,0.2455029919680605,0.2455029919680605,0.5163221583328418,0.0255874851205163,0.0255874851205163
roughness,stable_low,6,399,late,15,0.2975570065237289,0.2883928503957218,0.2883928503957218,0.8796326777553977,-0.00916415612800711,-0.00916415612800711
roughness,stable_low,6,399,mid,12,0.2616239783692513,0.2649277280046435,0.2649277280046435,0.6792442474478607,0.0033037496353921225,0.0033037496353921225
roughness,stable_low,12,390,all_post,37,0.3436571783042175,0.3326754155744105,0.35352868300444795,1.3519141033772908,-0.010981762729807065,0.009871504700230443
roughness,stable_low,12,390,early,12,0.3825750328359543,0.3647665613999205,0.39787912679469595,1.5134943611561524,-0.017808471436033705,0.015304093958741728
roughness,stable_low,12,390,late,13,0.367115220056526,0.3487604740514864,0.3648559010881053,1.1381805164327452,-0.01835474600503955,-0.0022593189684207
roughness,stable_low,12,390,mid,12,0.2793264452074799,0.28315878973206804,0.2969070862902378,1.4218785647883534,0.0038323445245880944,0.0175806410827579
roughness,stable_low,12,391,all_post,37,0.3715188692554282,0.41566450838362484,0.3576869104527294,0.5824350635314769,0.044145639128196565,-0.013831958802698857
roughness,stable_low,12,391,early,12,0.604821212536726,0.5475827913597164,0.5219907348221849,0.7411950194075301,-0.0572384211770095,-0.08283047771454115
roughness,stable_low,12,391,late,13,0.16057221762402973,0.30028033129069825,0.18296923979914195,0.3258429927926671,0.13970811366666852,0.022397022175112177
roughness,stable_low,12,391,mid,12,0.36674206524147895,0.40874575059153684,0.38266056262466036,0.7016498509558011,0.042003685350057975,0.015918497383181466
roughness,stable_low,12,392,all_post,37,0.6040376064220276,4.3785341541660445,0.6722446364400017,0.7081608158695183,3.774496547744016,0.06820703001797394
roughness,stable_low,12,392,early,12,0.9724739241735912,2.6395914883348914,0.7485811706718112,0.7705319420949571,1.6671175641613,-0.2238927535017801
roughness,stable_low,12,392,late,13,0.5091671465990747,4.796078992045444,0.5307985186946355,0.7354625323172959,4.286911845446368,0.02163137209556071
roughness,stable_low,12,392,mid,12,0.3383776201453295,5.665136578961181,0.7491413964323385,0.6162128301589871,5.3267589588158515,0.41076377628700894
roughness,stable_low,12,393,all_post,37,0.41362340525875485,0.3890077054780992,0.39583277538934586,0.8062160388647152,-0.024615699780655784,-0.017790629869408978
roughness,stable_low,12,393,early,12,0.3386045604273422,0.3068755214788515,0.31584807466781817,0.5663393184311973,-0.031729038948490766,-0.022756485759524034
roughness,stable_low,12,393,late,13,0.4330937267256963,0.4019266966813611,0.4060717720634675,0.7792037564639382,-0.031167030044335128,-0.02702195466222881
roughness,stable_low,12,393,mid,12,0.4675494018343144,0.4571443156738129,0.46472522971390867,1.075356065232408,-0.0104050861605015,-0.0028241721204057776
roughness,stable_low,12,394,all_post,37,0.4514185114007479,0.5001750216442169,0.3640659882888563,0.46232387260895286,0.0487565102434689,-0.08735252311189155
roughness,stable_low,12,394,early,12,0.5667172262830898,0.5875996574683705,0.48403185244343466,0.6584311448968828,0.020882431185280565,-0.08268537383965525
roughness,stable_low,12,394,late,13,0.4852363942870157,0.5084255796085417,0.3095527358606099,0.43027570994321007,0.02318918532152621,-0.17568365842640582
roughness,stable_low,12,394,mid,12,0.2994837567249489,0.4038122813587108,0.30315614759821147,0.3009354432089111,0.10432852463376184,0.0036723908732626035
roughness,stable_low,12,395,all_post,37,0.5304150867677812,0.3976435243085254,0.3537436416475321,0.6885197676674796,-0.13277156245925562,-0.17667144512024904
roughness,stable_low,12,395,early,12,0.39690378762462025,0.4090510268781944,0.33692807944433323,0.8820998954978458,0.01214723925357408,-0.05997570818028706
roughness,stable_low,12,395,late,13,0.8909666135756876,0.48399256341281305,0.4418642315392667,0.4009436133328221,-0.40697405016287475,-0.4491023820364211
roughness,stable_low,12,395,mid,12,0.2733288985357097,0.2926912293758785,0.27509523146801834,0.8064804736996591,0.01936233084016874,0.001766332932308617
roughness,stable_low,12,396,all_post,37,0.2594764075730084,0.23660339475959644,0.23669103436715844,0.38387515909106085,-0.022873012813411975,-0.022785373205849977
roughness,stable_low,12,396,early,12,0.28895447902931587,0.2818367974888981,0.27737864566302467,0.3851977711774453,-0.007117681540417732,-0.011575833366291267
roughness,stable_low,12,396,late,13,0.23186685908897325,0.17241627171718607,0.169889335404497,0.3388642604547327,-0.05945058737178714,-0.061977523684476225
roughness,stable_low,12,396,mid,12,0.259908680307739,0.26090604199290585,0.2683719302808421,0.4313143538606982,0.0009973616851668675,0.008463249973103089
roughness,stable_low,12,397,all_post,37,0.22685569157450533,0.2625617084669556,0.25508393562721665,1.652923623366093,0.03570601689245031,0.028228244052711318
roughness,stable_low,12,397,early,12,0.23799553578831809,0.2591071659897555,0.24618642622713838,1.8456952150233583,0.02111163020143744,0.008190890438820325
roughness,stable_low,12,397,late,13,0.2534441486049903,0.3229419609456571,0.31816355195059,1.7085838968121132,0.06949781234066674,0.06471940334559964
roughness,stable_low,12,397,mid,12,0.1869116855776672,0.20060431075889593,0.1956451940103072,1.3998534021423061,0.013692625181228699,0.008733508432639968
roughness,stable_low,12,398,all_post,37,0.4075641405210418,0.41805476293285887,0.41976327047163753,1.2267364615327483,0.01049062241181709,0.012199129950595732
roughness,stable_low,12,398,early,12,0.27573676492228094,0.2789939950443386,0.3099535701670713,1.3224668525024006,0.003257230122057637,0.03421680524479038
roughness,stable_low,12,398,late,13,0.46463638134885676,0.4368680635854601,0.5205370066195392,1.5967349560128392,-0.02776831776339665,0.05590062527068233
roughness,stable_low,12,398,mid,12,0.4775632552230033,0.5367344551143947,0.4204014232826439,0.730174368209664,0.059171199891391434,-0.05716183194035942
roughness,stable_low,12,399,all_post,37,0.30971264469508547,0.3049805310001999,0.3049805310001999,1.3191176548423544,-0.004732113694885548,-0.004732113694885548
roughness,stable_low,12,399,early,12,0.3245269281094883,0.33457702289790064,0.33457702289790064,1.2683553130313447,0.010050094788412378,0.010050094788412378
roughness,stable_low,12,399,late,13,0.3008506603473504,0.2860085942955468,0.2860085942955468,1.5069094969277212,-0.014842066051803597,-0.014842066051803597
roughness,stable_low,12,399,mid,12,0.3044988443240622,0.2959369705325399,0.2959369705325399,1.1664388343942165,-0.008561873791522253,-0.008561873791522253
