mechanism,direction,matched_control,horizon,seed,period,transition_advantage_vs_frozen_local,transition_advantage_vs_frozen_all_pre,control_advantage_vs_frozen_local,control_advantage_vs_frozen_all_pre,excess_advantage_vs_frozen_local,excess_advantage_vs_frozen_all_pre
noise_scale,low_to_high,stable_low,1,140,all_post,0.06950427722837256,0.04330652255763824,0.00021033531890985967,-0.0015244736675493315,0.0692939419094627,0.044830996225187575
noise_scale,low_to_high,stable_low,1,140,early,0.17151543275476896,0.12393609465416715,-0.0011599734598364802,-0.005564905572258892,0.17267540621460545,0.12950100022642605
noise_scale,low_to_high,stable_low,1,140,late,-0.1262627289802056,-0.12022550356381058,-0.012762424262879279,-0.01023013804367842,-0.11350030471732632,-0.10999536552013216
noise_scale,low_to_high,stable_low,1,140,mid,0.22851579664674695,0.18071965195637438,0.018877656873375052,0.014123510738665681,0.2096381397733719,0.1665961412177087
noise_scale,low_to_high,stable_low,1,141,all_post,-0.17837795028728654,-0.17222756030819553,-0.02341245008532056,-0.023762828802364695,-0.15496550020196598,-0.14846473150583084
noise_scale,low_to_high,stable_low,1,141,early,-0.05719894788524212,-0.0911730828561988,-0.04096997607475717,-0.05120594419888209,-0.016228971810484952,-0.03996713865731671
noise_scale,low_to_high,stable_low,1,141,late,-0.2331486161231508,-0.19632524118017233,-0.01816581047945448,-0.0122084990478894,-0.21498280564369632,-0.18411674213228293
noise_scale,low_to_high,stable_low,1,141,mid,-0.22652939824151183,-0.22115179659755654,-0.012850443570372056,-0.011725486411814355,-0.2136789546711398,-0.20942631018574218
noise_scale,low_to_high,stable_low,1,142,all_post,-0.10766040694665702,-0.09545337083688525,-0.015459705397029243,-0.016190320200011033,-0.09220070154962777,-0.07926305063687422
noise_scale,low_to_high,stable_low,1,142,early,0.10534945594358396,0.17224015322794084,-0.023828337474516723,-0.018030916090616744,0.12917779341810068,0.19027106931855758
noise_scale,low_to_high,stable_low,1,142,late,-0.13304850610773367,-0.10956398948636972,-0.001416518660985932,0.00026080086368705855,-0.13163198744674773,-0.10982479035005678
noise_scale,low_to_high,stable_low,1,142,mid,-0.28681947095546245,-0.3443327367023987,-0.02581532230093285,-0.03628455239433612,-0.2610041486545296,-0.3080481843080626
noise_scale,low_to_high,stable_low,1,143,all_post,-0.22452925740783147,-0.2250812140106231,-0.002407583132971397,-0.0036613108268857505,-0.22212167427486007,-0.22141990318373733
noise_scale,low_to_high,stable_low,1,143,early,-0.1907982621937119,-0.1881731999305677,-0.006831765041405807,-0.006914555729541589,-0.1839664971523061,-0.1812586442010261
noise_scale,low_to_high,stable_low,1,143,late,-0.38032595871031283,-0.38187995914113004,-0.014786140781563368,-0.01741424234378859,-0.36553981792874946,-0.36446571679734147
noise_scale,low_to_high,stable_low,1,143,mid,-0.050531317551976006,-0.05292423458333586,0.018521342306918976,0.01792917609830721,-0.06905265985889499,-0.07085341068164307
noise_scale,low_to_high,stable_low,1,144,all_post,-0.10821584696914774,-0.08724031315485312,0.053543989823883795,0.0651661389642203,-0.16175983679303152,-0.15240645211907342
noise_scale,low_to_high,stable_low,1,144,early,-0.08312519876952491,-0.12436651543788939,0.005057620829756813,-0.028845173054344128,-0.08818281959928173,-0.09552134238354526
noise_scale,low_to_high,stable_low,1,144,late,-0.27191739601880427,-0.1227182572799258,0.08227317784001029,0.17304170899591143,-0.3541905738588146,-0.2957599662758372
noise_scale,low_to_high,stable_low,1,144,mid,0.08496223689743822,-0.002810185371719818,0.06372477479650875,0.015343357607196559,0.02123746210092947,-0.018153542978916377
noise_scale,low_to_high,stable_low,1,145,all_post,0.1185899596152417,0.09176520753179221,-0.011591170630664246,-0.013597715304158525,0.13018113024590594,0.10536292283595074
noise_scale,low_to_high,stable_low,1,145,early,0.27810496463712936,0.22273237402363735,-0.028036636422361153,-0.032830738235781455,0.3061416010594905,0.2555631122594188
noise_scale,low_to_high,stable_low,1,145,late,0.21675450365236848,0.15545788590056783,0.004741103988464338,-0.0020126379696818403,0.21201339966390415,0.15747052387024968
noise_scale,low_to_high,stable_low,1,145,mid,-0.171811104122815,-0.12412553011842044,-0.01692207099780545,-0.009811462151837834,-0.15488903312500954,-0.11431406796658261
noise_scale,low_to_high,stable_low,1,146,all_post,0.050822584206123955,0.04889862000424302,-0.0003155028432313453,-0.00045016928697303517,0.0511380870493553,0.049348789291216055
noise_scale,low_to_high,stable_low,1,146,early,0.11054394504712996,0.10669667733330408,0.0089763971093795,0.008459135953592897,0.10156754793775045,0.09823754137971119
noise_scale,low_to_high,stable_low,1,146,late,-0.19002560957711284,-0.19025854224322286,-0.03422943027842793,-0.03416197649906056,-0.15579617929868492,-0.1560965657441623
noise_scale,low_to_high,stable_low,1,146,mid,0.3122321484094337,0.30997677900513654,0.03561116711775325,0.035589601755244386,0.27662098129168045,0.27438717724989214
noise_scale,low_to_high,stable_low,1,147,all_post,0.004438846574566628,0.02582698954739464,-0.0030652929395546687,-0.0018366357299728618,0.0075041395141212976,0.027663625277367505
noise_scale,low_to_high,stable_low,1,147,early,-0.09143514178256563,-0.08340934410636862,-0.0013442916077344115,-0.0032140020350623724,-0.09009085017483122,-0.08019534207130624
noise_scale,low_to_high,stable_low,1,147,late,0.05540947599409042,0.0843366814119468,-0.0035259955610043355,-0.001347467658482285,0.05893547155509476,0.0856841490704291
noise_scale,low_to_high,stable_low,1,147,mid,0.03235199570566718,0.05705040071508836,-0.004172024109442039,-0.0011114935202041207,0.03652401981510922,0.05816189423529248
noise_scale,low_to_high,stable_low,1,148,all_post,-0.007982975438650177,-0.020282276769835385,0.0027779409553313284,-0.0028942517780782715,-0.010760916393981506,-0.017388024991757112
noise_scale,low_to_high,stable_low,1,148,early,-0.005366771767779947,0.025674385503728258,-0.0024014135494972674,0.005799812869173494,-0.0029653582182826792,0.019874572634554763
noise_scale,low_to_high,stable_low,1,148,late,0.0024305735972664014,-0.02270494858756431,0.001256362828530905,-0.007220278868376487,0.0011742107687354965,-0.015484669719187822
noise_scale,low_to_high,stable_low,1,148,mid,-0.024483911157409183,-0.0630087099530938,0.009986066295893818,-0.005820280304932417,-0.034469977453303005,-0.05718842964816138
noise_scale,low_to_high,stable_low,1,149,all_post,-0.051997530563843944,-0.053092225315338526,-0.028015747080205444,-0.02070204118043923,-0.0239817834836385,-0.032390184134899296
noise_scale,low_to_high,stable_low,1,149,early,-0.11158092820394937,-0.10301837838086396,-0.033700636568235236,-0.01943847704498079,-0.07788029163571414,-0.08357990133588317
noise_scale,low_to_high,stable_low,1,149,late,-0.05978987980505699,-0.07308860007159938,-0.05367629794043023,-0.054259231533953095,-0.006113581864626759,-0.018829368537646288
noise_scale,low_to_high,stable_low,1,149,mid,0.017975666064545575,0.023495760758534698,0.011883210221457394,0.022777315155454142,0.006092455843088181,0.0007184456030805558
noise_scale,low_to_high,stable_low,3,140,all_post,0.11592601508291311,0.07532833278116823,-0.01161016377828236,-0.01377332771782589,0.12753617886119548,0.08910166049899411
noise_scale,low_to_high,stable_low,3,140,early,0.18444282910696422,0.13387264795548962,-0.0040678481415384335,-0.007561605193727945,0.18851067724850265,0.14143425314921756
noise_scale,low_to_high,stable_low,3,140,late,-0.010209410620908674,-0.03269113457776876,-0.022680434435087833,-0.022791219739703123,0.01247102381417916,-0.009899914838065637
noise_scale,low_to_high,stable_low,3,140,mid,0.2155897686639577,0.1608099740854295,-0.004392118539285655,-0.007961194212754189,0.21998188720324335,0.16877116829818367
noise_scale,low_to_high,stable_low,3,141,all_post,-0.03644565245213774,-0.04555854914342285,-0.0032780278507660897,-0.003239949573292661,-0.03316762460137165,-0.042318599570130185
noise_scale,low_to_high,stable_low,3,141,early,0.008666029646157957,-0.00848800649140422,-0.005840177116353541,-0.007293980563721147,0.014506206762511499,-0.0011940259276830732
noise_scale,low_to_high,stable_low,3,141,late,-0.12202945136884749,-0.12464962493013691,-0.004757329212766422,-0.0031977422996436423,-0.11727212215608107,-0.12145188263049327
noise_scale,low_to_high,stable_low,3,141,mid,0.03255439733851287,0.022825675920177247,0.0012565232308218038,0.0007578050522704683,0.03129787410769107,0.022067870867906778
noise_scale,low_to_high,stable_low,3,142,all_post,0.004227598424117957,-0.01674606536413576,-0.001505371492230078,-0.0055053204654726155,0.005732969916348035,-0.011240744898663144
noise_scale,low_to_high,stable_low,3,142,early,0.006781818646953171,0.0028000447626714622,0.0003126551900327178,-0.005530123491509928,0.006469163456920453,0.00833016825418139
noise_scale,low_to_high,stable_low,3,142,late,0.0481561208644342,-0.009573599231513451,-0.0016379727250471813,-0.005245699538630585,0.049794093589481385,-0.004327899692882866
noise_scale,low_to_high,stable_low,3,142,mid,-0.05689798505247223,-0.04585546366777274,-0.003146596530736737,-0.0058266786752246775,-0.0537513885217355,-0.04002878499254806
noise_scale,low_to_high,stable_low,3,143,all_post,-0.023503659296719936,-0.017522760606336923,-0.003658124622209337,-0.0035164259793183,-0.019845534674510598,-0.014006334627018623
noise_scale,low_to_high,stable_low,3,143,early,-0.0011335590900338384,0.005683813798864026,-0.0017221930940742912,-0.0013838394857288467,0.0005886340040404529,0.007067653284592873
noise_scale,low_to_high,stable_low,3,143,late,-0.02814067248968198,-0.019677581524417828,-0.006933461435917508,-0.006948641020141406,-0.021207211053764472,-0.012728940504276422
noise_scale,low_to_high,stable_low,3,143,mid,-0.0396910752461233,-0.03785624045409666,-0.001226940398733489,-0.0010727257518102762,-0.038464134847389815,-0.036783514702286385
noise_scale,low_to_high,stable_low,3,144,all_post,0.14787190887168614,0.024536582846044253,-0.009992438723559222,-0.013437936695443863,0.15786434759524537,0.037974519541488116
noise_scale,low_to_high,stable_low,3,144,early,0.05805854650350009,0.0026149718724630994,0.0030895481561031887,0.0015679678832706643,0.0549689983473969,0.0010470039891924351
noise_scale,low_to_high,stable_low,3,144,late,0.2497102560475579,0.06322783804664822,-0.012605850255099877,-0.024542839567743793,0.2623161063026578,0.08777067761439201
noise_scale,low_to_high,stable_low,3,144,mid,0.10190080833870989,-0.00513014644784654,-0.01958987689450076,-0.01363730411109182,0.12149068523321065,0.00850715766324528
noise_scale,low_to_high,stable_low,3,145,all_post,0.029807607590676365,0.005426797596308137,-0.009560893749760333,-0.010673734991567116,0.0393685013404367,0.016100532587875253
noise_scale,low_to_high,stable_low,3,145,early,0.025471735145403716,-0.01270718665158522,-0.012503664649123536,-0.01442380815866944,0.03797539979452725,0.0017166215070842199
noise_scale,low_to_high,stable_low,3,145,late,0.019248768388919143,-0.006342422367756589,-0.01190871508344086,-0.014417708345417352,0.031157483472360005,0.008075285977660763
noise_scale,low_to_high,stable_low,3,145,mid,0.048221932304958665,0.03925307512962114,-0.0034876944054897676,-0.001931697352664482,0.05170962671044843,0.04118477248228562
noise_scale,low_to_high,stable_low,3,146,all_post,0.0063677919789428385,0.008765112437593852,0.006401995033493202,-0.003869560176897034,-3.420305455036337e-05,0.012634672614490887
noise_scale,low_to_high,stable_low,3,146,early,0.042245102974918826,0.08092208192348217,0.00592897330470616,0.0013599762822851646,0.036316129670212666,0.079562105641197
noise_scale,low_to_high,stable_low,3,146,late,-0.05706982386510355,-0.06659175270584967,0.007004243747835742,-0.007883580108421145,-0.0640740676129393,-0.058708172597428526
noise_scale,low_to_high,stable_low,3,146,mid,0.05507396877502874,0.03708396314296357,0.006072018476490189,-0.0037470700607137477,0.04900195029853855,0.040831033203677314
noise_scale,low_to_high,stable_low,3,147,all_post,0.09850507548278573,0.14326753872992565,-0.0002165385533079007,0.0034429540987553032,0.09872161403609363,0.13982458463117034
noise_scale,low_to_high,stable_low,3,147,early,-0.001600802608118045,0.03629040507188408,-0.0014686668536221974,0.0010491354760531976,-0.00013213575449584755,0.03524126959583088
noise_scale,low_to_high,stable_low,3,147,late,0.11768284632292533,0.1626708131160657,-0.002123849283831329,0.001685204144263006,0.11980669560675666,0.1609856089718027
noise_scale,low_to_high,stable_low,3,147,mid,0.17304059245350334,0.22437363987311384,0.0035786707210376328,0.008180439327447142,0.16946192173246571,0.2161932005456667
noise_scale,low_to_high,stable_low,3,148,all_post,-0.04425975695985746,-0.026559358144078386,-0.003958015361901273,-0.008720741054174919,-0.04030174159795619,-0.017838617089903468
noise_scale,low_to_high,stable_low,3,148,early,-0.13553338388093453,-0.13366405576773735,-0.014911910288584192,-0.029575456625713824,-0.12062147359235034,-0.10408859914202352
noise_scale,low_to_high,stable_low,3,148,late,0.037759408765368686,0.0677370136423185,-0.0079196975370897,-0.004490312923801414,0.04567910630245839,0.07222732656611991
noise_scale,low_to_high,stable_low,3,148,mid,-0.06234501767241526,-0.04518315623561526,0.012278122465032876,0.006493403676865984,-0.07462314013744814,-0.05167655991248124
noise_scale,low_to_high,stable_low,3,149,all_post,0.003328511664312678,-0.02945985122644195,-0.008399239186998444,-0.0033804006630483254,0.011727750851311121,-0.026079450563393624
noise_scale,low_to_high,stable_low,3,149,early,-0.0017036044004657414,-0.006431915606679603,-0.014854315324181454,-0.005015608668464338,0.013150710923715713,-0.001416306938215265
noise_scale,low_to_high,stable_low,3,149,late,0.04658263283542565,0.0032158969330659815,-0.006092152704803264,-0.006190110306299578,0.05267478554022892,0.00940600723936556
noise_scale,low_to_high,stable_low,3,149,mid,-0.04931153383239286,-0.09605545105888154,-0.005020278359409003,0.0020010868667026914,-0.044291255472983855,-0.09805653792558423
noise_scale,low_to_high,stable_low,6,140,all_post,0.279018839476553,0.1560691992004212,-0.028828045951708063,-0.037630790568603974,0.30784688542826105,0.19369998976902517
noise_scale,low_to_high,stable_low,6,140,early,0.3971716072944675,0.24230082871411066,-0.0005981468372470688,-0.01303137570844288,0.39776975413171456,0.25533220442255355
noise_scale,low_to_high,stable_low,6,140,late,0.12059083026248094,0.04638196548216748,-0.058998359668041095,-0.06276871574509135,0.17958918993052203,0.10915068122725882
noise_scale,low_to_high,stable_low,6,140,mid,0.3589010831762285,0.2069466118345489,-0.019345052920752764,-0.03080779895815587,0.37824613609698127,0.23775441079270476
noise_scale,low_to_high,stable_low,6,141,all_post,-0.0352067265208508,0.002628055906898116,-0.010855068627990044,0.03507532098968464,-0.024351657892860756,-0.032447265082786524
noise_scale,low_to_high,stable_low,6,141,early,0.033391790337473255,0.030940345305830536,-0.01631817755775375,0.02330073037572317,0.049709967895227004,0.0076396149301073656
noise_scale,low_to_high,stable_low,6,141,late,-0.1721977366419948,-0.025042449032309674,-0.01546639124868875,0.07074873808587535,-0.15673134539330605,-0.09579118711818503
noise_scale,low_to_high,stable_low,6,141,mid,0.06743351927225516,0.008903897681975427,0.0003721935776470371,0.0022581402334077316,0.06706132569460813,0.0066457574485676955
noise_scale,low_to_high,stable_low,6,142,all_post,-0.0032887750005979152,-0.02808782652312119,-0.0019358364240169518,-0.005635810007561937,-0.0013529385765809635,-0.022452016515559253
noise_scale,low_to_high,stable_low,6,142,early,0.06660583311288537,0.05505209985626433,0.012776634871656076,0.003325097792399804,0.053829198241229295,0.051727002063864526
noise_scale,low_to_high,stable_low,6,142,late,0.0615733263509326,-0.0017593730525482113,-0.0030076085571504926,-0.0026636231260217386,0.06458093490808309,0.0009042500734735273
noise_scale,low_to_high,stable_low,6,142,mid,-0.15426100980349436,-0.14413831974072291,-0.015308592553273055,-0.01831195140944893,-0.1389524172502213,-0.12582636833127397
noise_scale,low_to_high,stable_low,6,143,all_post,0.03586709053364,0.0464144552642,-0.016751330603129663,-0.01620041714429651,0.052618421136769664,0.06261487240849652
noise_scale,low_to_high,stable_low,6,143,early,0.018991384230736753,0.02826004806266529,-0.006872333576290316,-0.006267188038686991,0.025863717807027068,0.03452723610135228
noise_scale,low_to_high,stable_low,6,143,late,0.11823171155119454,0.13354834020665146,-0.03973855415799141,-0.03927404517235667,0.15797026570918593,0.17282238537900813
noise_scale,low_to_high,stable_low,6,143,mid,-0.050212979435399964,-0.04434849371232957,0.0021037018136081755,0.002708388785169162,-0.05231668124900814,-0.04705688249749874
noise_scale,low_to_high,stable_low,6,144,all_post,0.12590283634771685,-0.04518214630867713,-0.026193180979459506,-0.019804722398167624,0.15209601732717634,-0.025377423910509508
noise_scale,low_to_high,stable_low,6,144,early,0.05873919187796306,-0.018106873906135204,0.0033111490150755127,0.005354625007794593,0.05542804286288755,-0.023461498913929797
noise_scale,low_to_high,stable_low,6,144,late,0.25888560874620353,-0.05000185738476571,0.007915122063326367,-0.00479169628343785,0.2509704866828772,-0.04521016110132786
noise_scale,low_to_high,stable_low,6,144,mid,0.02683801531936224,-0.06623277986610837,-0.0983328897774769,-0.06373035244754204,0.12517090509683915,-0.002502427418566336
noise_scale,low_to_high,stable_low,6,145,all_post,0.07537095584906667,0.07661710837657769,-0.022488395156523452,-0.022412256914663437,0.09785935100559012,0.09902936529124112
noise_scale,low_to_high,stable_low,6,145,early,0.07959567373682977,0.0816415227538765,-0.03315183241838175,-0.033015768839868016,0.11274750615521152,0.11465729159374452
noise_scale,low_to_high,stable_low,6,145,late,0.06627573193936744,0.06745547537980062,-0.010815287182258734,-0.010701964754608028,0.07709101912162616,0.07815744013440865
noise_scale,low_to_high,stable_low,6,145,mid,0.08251526784842757,0.08304473524525026,-0.02641634286249606,-0.026446610189528125,0.10893161071092362,0.10949134543477838
noise_scale,low_to_high,stable_low,6,146,all_post,0.02709315679070836,0.013802875042915028,0.008735289361920848,-0.008363102728156897,0.018357867428787512,0.022165977771071925
noise_scale,low_to_high,stable_low,6,146,early,0.06783348576123764,0.09660080632945471,0.010872976167927206,-0.00043016451878684646,0.056960509593310435,0.09703097084824155
noise_scale,low_to_high,stable_low,6,146,late,-0.07132769856774202,-0.09898079999220967,-0.002762154593421546,-0.026114886051785927,-0.06856554397432046,-0.07286591394042374
noise_scale,low_to_high,stable_low,6,146,mid,0.10937889701824206,0.07198453755028122,0.020969407500092466,0.005893688217009349,0.0884094895181496,0.06609084933327188
noise_scale,low_to_high,stable_low,6,147,all_post,0.2174459926364937,0.3044604373798955,0.0076467545784899855,0.01562726112836312,0.2097992380580037,0.2888331762515324
noise_scale,low_to_high,stable_low,6,147,early,0.054509589153201254,0.11929261378081348,-0.00021480452454672073,0.005394174862992644,0.05472439367774797,0.11389843891782084
noise_scale,low_to_high,stable_low,6,147,late,0.29935743999857467,0.410259182693596,0.013230507699636074,0.02356871738440016,0.2861269322989386,0.3866904653091959
noise_scale,low_to_high,stable_low,6,147,mid,0.2779930869171849,0.35737982933685175,0.008528622280094081,0.01593352707368728,0.2694644646370908,0.34144630226316447
noise_scale,low_to_high,stable_low,6,148,all_post,-0.0729599192861474,-0.06019537027657211,-0.01071420217781194,-0.020685598812979798,-0.06224571710833546,-0.039509771463592316
noise_scale,low_to_high,stable_low,6,148,early,-0.2403072740244415,-0.26329107862647877,-0.021948635756712378,-0.049850499784786034,-0.2183586382677291,-0.21344057884169274
noise_scale,low_to_high,stable_low,6,148,late,0.017119115078461738,0.05248849768238399,-0.012519337971869365,-0.009453787541841367,0.029638453050331103,0.06194228522422536
noise_scale,low_to_high,stable_low,6,148,mid,-0.01821135750361472,0.002045503124639509,0.002776651143660274,-0.005560461930096617,-0.020988008647274993,0.007605965054736126
noise_scale,low_to_high,stable_low,6,149,all_post,0.019429021383370423,-0.007349463261465646,-0.01014036575049636,-0.0027880632180441803,0.02956938713386678,-0.004561400043421465
noise_scale,low_to_high,stable_low,6,149,early,-0.001375812137445414,-0.002124771552579747,-0.02074775106424957,-0.008950041739242158,0.019371938926804156,0.006825270186662411
noise_scale,low_to_high,stable_low,6,149,late,0.010007968967407166,-0.01852723356819643,-0.007539984448985105,-0.004580150755287571,0.01754795341639227,-0.013947082812908861
noise_scale,low_to_high,stable_low,6,149,mid,0.052010170424140335,0.0013980579130619443,-0.0027834570636322293,0.005614024724708032,0.05479362748777256,-0.004215966811646088
noise_scale,low_to_high,stable_low,12,140,all_post,0.900593754898232,0.44032567134524375,0.0147327836246836,-0.023433211279443256,0.8858609712735485,0.463758882624687
noise_scale,low_to_high,stable_low,12,140,early,0.6826958258081698,0.17105480798078973,0.01468850554070899,-0.02725098098885384,0.6680073202674608,0.19830578896964357
noise_scale,low_to_high,stable_low,12,140,late,0.6863430953923777,0.37894580982624504,-0.1072793841586029,-0.13342464518865646,0.7936224795509806,0.5123704550149015
noise_scale,low_to_high,stable_low,12,140,mid,1.3505965651196365,0.776091384688613,0.14695691014055193,0.09954194516494831,1.2036396549790846,0.6765494395236648
noise_scale,low_to_high,stable_low,12,141,all_post,-0.10157032048254828,0.026694873391035837,0.03336129410602026,0.10385552528047023,-0.13493161458856856,-0.0771606518894344
noise_scale,low_to_high,stable_low,12,141,early,-0.15269284375149736,-0.01866061550379734,-0.03178593832833398,0.050321174978740536,-0.12090690542316337,-0.06898179048253787
noise_scale,low_to_high,stable_low,12,141,late,-0.12149754861361803,0.11905882008385452,0.12426413491759479,0.257038459704401,-0.2457616835312128,-0.13797963962054646
noise_scale,low_to_high,stable_low,12,141,mid,-0.028859966738273637,-0.028010579964684618,3.044899450210427e-05,-0.00855830337705839,-0.028890415732775742,-0.01945227658762623
noise_scale,low_to_high,stable_low,12,142,all_post,-0.0015666269725192607,-0.09139166811321082,-0.013721274202705282,-0.023730105835184877,0.01215464723018602,-0.06766156227802594
noise_scale,low_to_high,stable_low,12,142,early,0.11430539839197701,0.01840282261708173,0.03189337494338624,-0.0004916850964982103,0.08241202344859078,0.01889450771357994
noise_scale,low_to_high,stable_low,12,142,late,0.17193452649572472,0.012287853213543455,-0.019337770932137153,-0.012470724314886423,0.19127229742786186,0.02475857752842988
noise_scale,low_to_high,stable_low,12,142,mid,-0.3053982352609465,-0.31350564028082056,-0.05325138522524559,-0.059166189887528205,-0.2521468500357009,-0.25433945039329237
noise_scale,low_to_high,stable_low,12,143,all_post,-0.11819587464976566,-0.04059537923454769,-0.07524055388505299,-0.07394868467334743,-0.04295532076471267,0.033353305438799746
noise_scale,low_to_high,stable_low,12,143,early,-0.23326065595603998,-0.13332910647590288,-0.06735374346825662,-0.061164783322477136,-0.16590691248778336,-0.07216432315342575
noise_scale,low_to_high,stable_low,12,143,late,-0.10473396177065498,-0.03198907785567405,-0.1579179877292544,-0.16508459323131197,0.053184025958599404,0.1330955153756379
noise_scale,low_to_high,stable_low,12,143,mid,-0.017714832295861228,0.04281485484636102,0.006439855696035508,0.011997981580243825,-0.024154687991896736,0.0308168732661172
noise_scale,low_to_high,stable_low,12,144,all_post,-0.15182987857529417,-0.13879226512558018,-0.08799540431939834,-0.13155437365757333,-0.06383447425589583,-0.007237891468006852
noise_scale,low_to_high,stable_low,12,144,early,-0.024813161534503487,-0.020474402926979843,0.006788002109257646,-0.012392662817890194,-0.03160116364376113,-0.00808174010908965
noise_scale,low_to_high,stable_low,12,144,late,-0.260365535350667,-0.2141439559069044,-0.032610443832536105,-0.08463640658096078,-0.22775509151813086,-0.12950754932594363
noise_scale,low_to_high,stable_low,12,144,mid,-0.1612663007760977,-0.17547912897774606,-0.24277918460882175,-0.3015438821635867,0.08151288383272406,0.12606475318584062
noise_scale,low_to_high,stable_low,12,145,all_post,-0.16701662946779638,-0.08851245782114052,-0.014096103112390693,-0.07378428133755825,-0.1529205263554057,-0.014728176483582267
noise_scale,low_to_high,stable_low,12,145,early,0.007415338857237691,0.029899349147398207,0.029245513841115508,-0.05397614799349537,-0.021830174983877817,0.08387549714089358
noise_scale,low_to_high,stable_low,12,145,late,-0.28916125086223016,-0.2520301282753811,-0.007349646048936729,-0.07604794576995864,-0.2818116048132934,-0.17598218250542247
noise_scale,low_to_high,stable_low,12,145,mid,-0.20912525794886058,-0.029780121797585286,-0.0647463818846387,-0.09114011154652069,-0.1443788760642219,0.061359989748935403
noise_scale,low_to_high,stable_low,12,146,all_post,0.1546612021304264,0.06500676791247739,0.0144293388343549,-0.039472823498418394,0.14023186329607149,0.10447959141089579
noise_scale,low_to_high,stable_low,12,146,early,0.04488043545984177,0.034888802334655654,0.042195555947817154,-0.0028857423731287433,0.0026848795120246183,0.037774544707784394
noise_scale,low_to_high,stable_low,12,146,late,-0.034270480213400546,-0.16730566778629172,-0.07812061008512464,-0.15375031263513694,0.04385012987172409,-0.013555355151154774
noise_scale,low_to_high,stable_low,12,146,mid,0.4691179580068234,0.3467965388306323,0.08692556638366215,0.047740708607737055,0.3821923916231612,0.2990558302228952
noise_scale,low_to_high,stable_low,12,147,all_post,0.4274378553618575,0.6578238559062713,0.025195806665075877,0.04878225698456621,0.40224204869678165,0.6090415989217052
noise_scale,low_to_high,stable_low,12,147,early,0.1864477340296593,0.3959092559269619,0.00282049779442004,0.02362928908942258,0.18362723623523927,0.37227996683753933
noise_scale,low_to_high,stable_low,12,147,late,0.5873156152304204,0.8731735730868592,0.04216517842560459,0.07135484654236053,0.5451504368048158,0.8018187265444986
noise_scale,low_to_high,stable_low,12,147,mid,0.49522707016977924,0.6864429289399435,0.02918762946182561,0.049481586192099324,0.4660394407079536,0.6369613427478442
noise_scale,low_to_high,stable_low,12,148,all_post,0.22280018396414739,-0.28159417945600596,0.32892175684309244,-0.2085284391968147,-0.10612157287894505,-0.07306574025919124
noise_scale,low_to_high,stable_low,12,148,early,-0.16313815860589634,-0.7268484823201744,-0.09392122094048898,-0.57742644106041,-0.06921693766540736,-0.14942204125976444
noise_scale,low_to_high,stable_low,12,148,late,0.18057594560730209,0.1312637812568897,0.17050558844812064,-0.016368383504784537,0.010070357159181448,0.14763216476167423
noise_scale,low_to_high,stable_low,12,148,mid,0.6544814514207734,-0.28360266736414114,0.9233822503878936,-0.04780383099958555,-0.26890079896712016,-0.2357988363645556
noise_scale,low_to_high,stable_low,12,149,all_post,0.020898342377825094,-0.03379027489104971,-0.011601962696912963,0.0063250987580227465,0.032500305074738056,-0.04011537364907246
noise_scale,low_to_high,stable_low,12,149,early,0.0020100823604137174,0.004030542762058249,-0.01572142244923392,0.007548877640612353,0.017731504809647636,-0.003518334878554104
noise_scale,low_to_high,stable_low,12,149,late,0.010450358591362622,-0.08163399652529632,-0.005471512856942538,-0.0019578567688647575,0.01592187144830516,-0.07967613975643156
noise_scale,low_to_high,stable_low,12,149,mid,0.05110525149723747,-0.019780394107057165,-0.01412382360455996,0.014074521696227936,0.06522907510179743,-0.033854915803285104
persistence,low_to_high,stable_low,1,140,all_post,0.10700616813018216,0.1093437247739701,-0.005127778006790459,-0.015628546198995164,0.11213394613697261,0.12497227097296526
persistence,low_to_high,stable_low,1,140,early,-0.016282902038960188,-0.018497959756203452,0.04865741184367448,0.02615377536971378,-0.06494031388263467,-0.04465173512591723
persistence,low_to_high,stable_low,1,140,late,0.2613072074613497,0.26788884213245445,-0.09019116024078422,-0.08442855075405997,0.35149836770213394,0.3523173928865144
persistence,low_to_high,stable_low,1,140,mid,0.024560519191101065,0.02579191949283123,0.054504875121402896,0.034322471639048995,-0.02994435593030183,-0.008530552146217764
persistence,low_to_high,stable_low,1,141,all_post,0.016971283535177902,0.0007399553519016541,-0.16002786504890823,-0.1597245007716436,0.17699914858408614,0.16046445612354526
persistence,low_to_high,stable_low,1,141,early,0.0231407576219439,0.003306831259872871,-0.18289372779494503,-0.21475895581859586,0.20603448541688893,0.21806578707846874
persistence,low_to_high,stable_low,1,141,late,-0.041237568814025044,-0.050215629717052124,-0.1606339021379633,-0.14313062666687615,0.11939633332393826,0.09291499694982402
persistence,low_to_high,stable_low,1,141,mid,0.08841361258068248,0.06611385953586879,-0.13635395285079796,-0.12681521119771452,0.22476756543148044,0.1929290707335833
persistence,low_to_high,stable_low,1,142,all_post,0.056920902301011746,0.025111445947325478,-0.049143273200054426,-0.04655076770993975,0.10606417550106617,0.07166221365726523
persistence,low_to_high,stable_low,1,142,early,0.013532391246243038,0.011903492849139788,0.021316457355810937,0.04508040749535682,-0.007784066109567899,-0.03317691464621703
persistence,low_to_high,stable_low,1,142,late,0.07659428052833109,0.010449090274904552,-0.020356922882118947,-0.013305817465889037,0.09695120341045003,0.02375490774079359
persistence,low_to_high,stable_low,1,142,mid,0.0740782423860213,0.05786920660873907,-0.15798480417983377,-0.18250854324063734,0.23206304656585508,0.2403777498493764
persistence,low_to_high,stable_low,1,143,all_post,0.17881636610420965,0.1533366731043102,-0.05435068344301027,-0.03809421325182467,0.23316704954721992,0.19143088635613487
persistence,low_to_high,stable_low,1,143,early,0.3253649583246738,0.22609812834864237,0.010253939886769462,0.05478756801372414,0.31511101843790434,0.17131056033491823
persistence,low_to_high,stable_low,1,143,late,0.05023598641914481,0.08910817327691048,-0.052577398814201086,-0.0999734067937827,0.1028133852333459,0.18908158007069317
persistence,low_to_high,stable_low,1,143,mid,0.20370828013049858,0.16621321762984428,-0.12131968627786895,-0.048470403128096105,0.3250279664083675,0.2146836207579404
persistence,low_to_high,stable_low,1,144,all_post,0.11175979324332479,0.11585837833679805,0.08829952524053417,0.10434306253252297,0.02346026800279062,0.011515315804275075
persistence,low_to_high,stable_low,1,144,early,0.012916245314931718,-0.08293415911147502,0.017329915026223316,-0.08282639027061395,-0.004413669711291599,-0.00010776884086106941
persistence,low_to_high,stable_low,1,144,late,0.11909366448970819,0.2921244801668683,0.06415780273461719,0.3051488336455646,0.054935861755091006,-0.013024353478696293
persistence,low_to_high,stable_low,1,144,mid,0.20082484617653992,0.07962944667831076,0.19145809879606776,0.023771487184937757,0.009366747380472162,0.05585795949337301
persistence,low_to_high,stable_low,1,145,all_post,0.011812005543709267,0.017667727576116912,-0.034634903688694506,-0.03966106399292939,0.04644690923240377,0.0573287915690463
persistence,low_to_high,stable_low,1,145,early,-0.04796593387081699,-0.04678285665476476,-0.07284798514840894,-0.08585172162163364,0.02488205127759195,0.03906886496686888
persistence,low_to_high,stable_low,1,145,late,-0.00046410888149911976,0.002441137259893365,0.02968186361698104,0.016026453804335553,-0.03014597249848016,-0.013585316544442188
persistence,low_to_high,stable_low,1,145,mid,0.08795809752518004,0.10242043222863,-0.08217751196988077,-0.06772043009391172,0.1701356094950608,0.17014086232254172
persistence,low_to_high,stable_low,1,146,all_post,0.06746532629260206,0.04951781837612775,-0.004170208256454247,-0.004110398568276793,0.0716355345490563,0.05362821694440455
persistence,low_to_high,stable_low,1,146,early,0.004821026295149039,-0.005888440438003042,-0.02184595341432873,-0.006418247253215534,0.02666697970947777,0.000529806815212492
persistence,low_to_high,stable_low,1,146,late,0.08455058377427029,0.06392157668545155,-0.11974729347544993,-0.12232052499776239,0.2042978772497202,0.18624210168321392
persistence,low_to_high,stable_low,1,146,mid,0.10732928298116413,0.08571906611116013,0.1676083171934145,0.15581095202264275,-0.06027903421225038,-0.07009188591148262
persistence,low_to_high,stable_low,1,147,all_post,-5.4221219527761375e-05,-0.011275253858660036,-0.017292019661849897,-0.016180519441143213,0.017237798442322136,0.004905265582483177
persistence,low_to_high,stable_low,1,147,early,0.015094328824830916,-0.004861900243915875,-0.006490100707018925,-0.02242619503660954,0.02158442953184984,0.017564294792693665
persistence,low_to_high,stable_low,1,147,late,0.025093151669874296,0.015167635488775415,-0.012209066263646307,-0.007954107373106572,0.03730221793352061,0.023121742861881987
persistence,low_to_high,stable_low,1,147,mid,-0.04873260178308919,-0.05294579326998481,-0.03487120981428565,-0.020903393269725738,-0.013861391968803538,-0.03204240000025907
persistence,low_to_high,stable_low,1,148,all_post,0.054106313431393396,0.04097620225822639,-0.013921536076446726,-0.017072468049146697,0.06802784950784012,0.05804867030737308
persistence,low_to_high,stable_low,1,148,early,-0.004622150394374786,0.03842226516484291,-0.028125734446907122,0.007957822898613848,0.023503584052532337,0.03046444226622906
persistence,low_to_high,stable_low,1,148,late,0.08389346019861693,0.066834948149528,-0.009812892739817216,-0.01504072831794621,0.09370635293843414,0.08187567646747422
persistence,low_to_high,stable_low,1,148,mid,0.07311858156753019,0.009051811496541023,-0.005195528821492342,-0.044811745305174566,0.07831411038902253,0.05386355680171559
persistence,low_to_high,stable_low,1,149,all_post,0.05770959143052269,0.07853316541693396,-0.025037145642512092,-0.0291068659298315,0.08274673707303479,0.10764003134676546
persistence,low_to_high,stable_low,1,149,early,-0.07509640465269218,-0.04562659124265014,-0.043203431447067224,-0.020024676249749403,-0.03189297320562496,-0.025601914992900734
persistence,low_to_high,stable_low,1,149,late,0.10230339411282151,0.1657168527994994,-0.04975388971806148,-0.046494956093450085,0.152057283830883,0.2122118088929495
persistence,low_to_high,stable_low,1,149,mid,0.13105718393733914,0.08644800556643079,0.02608479892944225,-0.01500493539175547,0.10497238500789689,0.10145294095818626
persistence,low_to_high,stable_low,3,140,all_post,-0.019162012707846243,-0.023232034328667637,-0.012757394872551786,-0.016834340827305568,-0.0064046178352944565,-0.006397693501362069
persistence,low_to_high,stable_low,3,140,early,-0.01763572713461127,-0.007973572828185746,-0.024492123320133702,-0.014877034048632125,0.0068563961855224315,0.0069034612204463795
persistence,low_to_high,stable_low,3,140,late,0.007820436475458215,-0.009675990407881134,-0.00232626514724211,-0.021281636824675147,0.010146701622700325,0.011605646416794013
persistence,low_to_high,stable_low,3,140,mid,-0.056664897192153806,-0.056565221056864845,-0.014930839392049438,-0.01286191960948623,-0.04173405780010437,-0.04370330144737861
persistence,low_to_high,stable_low,3,141,all_post,-0.013120720669809502,0.07054043895181514,-0.01310201350896283,0.03676874193667431,-1.8707160846672538e-05,0.03377169701514083
persistence,low_to_high,stable_low,3,141,early,-0.028646936209797417,-0.025971197003460317,-0.03471133672360153,-0.011231401109749128,0.006064400513804111,-0.014739795893711188
persistence,low_to_high,stable_low,3,141,late,0.060300800744072965,0.2252801351318248,-0.0041607979819012035,0.08647708669719066,0.06446159872597416,0.13880304843463415
persistence,low_to_high,stable_low,3,141,mid,-0.09548986701499818,-0.039267519999588926,-0.0034143109970729627,0.018491091969075935,-0.09207555601792522,-0.05775861196866486
persistence,low_to_high,stable_low,3,142,all_post,0.07220546794992937,0.004718472503313501,0.00228897483590862,-0.020510952024324743,0.06991649311402075,0.025229424527638242
persistence,low_to_high,stable_low,3,142,early,0.01896358000430138,-0.019649627073641453,0.007963135211184642,-0.02388753290790378,0.011000444793116737,0.004237905834262326
persistence,low_to_high,stable_low,3,142,late,0.14966293605505154,0.01297713239837723,0.01983752621456779,-0.013034574477229211,0.12982540984048374,0.02601170687560644
persistence,low_to_high,stable_low,3,142,mid,0.02217073175539447,0.018075025553516807,-0.026783254044246297,-0.027102874536873087,0.04895398579964076,0.0451779000903899
persistence,low_to_high,stable_low,3,143,all_post,-0.00248921310208759,0.0002895878529877938,-0.0438223055785224,-0.044002450804702484,0.04133309247643481,0.044292038657690276
persistence,low_to_high,stable_low,3,143,early,-0.02128693021572378,-0.012046510801991697,-0.016291806091947487,-0.015648941328728207,-0.004995124123776295,0.0036024305267365105
persistence,low_to_high,stable_low,3,143,late,-0.004726302808335997,-0.007124191361124854,-0.07367576739428637,-0.07420007142107192,0.06894946458595037,0.06707588005994707
persistence,low_to_high,stable_low,3,143,mid,0.019291290286546508,0.022510725460117415,-0.03154818931074533,-0.03209246612551752,0.050839479597291834,0.05460319158563494
persistence,low_to_high,stable_low,3,144,all_post,0.04720856054605164,0.026518244146531804,0.03836808198866093,-0.006918243978902103,0.008840478557390709,0.03343648812543391
persistence,low_to_high,stable_low,3,144,early,0.03866266868205673,0.020327354803217925,0.031551217107414445,0.007681394770664221,0.007111451574642283,0.012645960032553704
persistence,low_to_high,stable_low,3,144,late,0.09272607976889759,0.052966591972982924,0.09040718458949301,0.002726772239927684,0.002318895179404576,0.05023981973305524
persistence,low_to_high,stable_low,3,144,mid,-0.004935573220414685,-0.0025553302787558047,-0.024200523264535364,-0.03437790435357482,0.01926495004412068,0.03182257407481902
persistence,low_to_high,stable_low,3,145,all_post,0.09550203342259658,0.07730119355950707,0.003855267171091481,-0.029237080189166004,0.0916467662515051,0.10653827374867307
persistence,low_to_high,stable_low,3,145,early,0.037628183255070856,-0.014824873703859457,-0.008308113864151158,-0.048416277714210344,0.045936297119222015,0.033591404010350885
persistence,low_to_high,stable_low,3,145,late,0.08892948380554212,0.0888564464833412,0.0011032546919806235,-0.0319159000138817,0.0878262291135615,0.1207723464972229
persistence,low_to_high,stable_low,3,145,mid,0.16213928307952824,0.15402025692442806,0.019687998178481925,-0.0064861228978340775,0.1424512849010463,0.16050637982226212
persistence,low_to_high,stable_low,3,146,all_post,-0.009044741022775835,-0.04632989872375996,-0.0020316928064020704,-0.017440795109705705,-0.007013048216373765,-0.028889103614054258
persistence,low_to_high,stable_low,3,146,early,-0.03746461956330032,-0.04616621406254307,-0.020718666787431093,-0.02479427358100213,-0.016745952775869228,-0.02137194048154094
persistence,low_to_high,stable_low,3,146,late,-0.020532724544586912,-0.05603493611509379,-0.006755323170371549,-0.030053361072381476,-0.013777401374215363,-0.025981575042712313
persistence,low_to_high,stable_low,3,146,mid,0.034692448880163415,-0.03355353352986509,0.022953454993252922,0.006729437978491768,0.011738993886910493,-0.04028297150835686
persistence,low_to_high,stable_low,3,147,all_post,0.04235422555776543,-0.02451471006935591,0.015184013951776177,0.00275249654018171,0.02717021160598926,-0.027267206609537617
persistence,low_to_high,stable_low,3,147,early,0.12855412400016528,-0.039292399531425215,0.04843349830098526,-0.023057415418201038,0.08012062569918002,-0.016234984113224177
persistence,low_to_high,stable_low,3,147,late,-0.025272464995421483,-0.017215045013504147,-0.0022833522561950034,0.010524224302074232,-0.022989112739226478,-0.02773926931557838
persistence,low_to_high,stable_low,3,147,mid,0.04632324785294814,-0.01946990734842229,0.005224351213195324,0.018200104816041097,0.041098896639752816,-0.03767001216446339
persistence,low_to_high,stable_low,3,148,all_post,0.6781137689416652,0.04363689760420628,0.40122959536341984,-0.03808572651192934,0.27688417357824535,0.08172262411613562
persistence,low_to_high,stable_low,3,148,early,0.29614650318845503,0.01752171738707552,0.12230927075003227,-0.08562733981849267,0.17383723243842275,0.10314905720556819
persistence,low_to_high,stable_low,3,148,late,0.244315320829789,0.02993180755457072,0.10536410219772237,-0.018723808483754795,0.1389512186320666,0.048655616038325515
persistence,low_to_high,stable_low,3,148,mid,1.6384789655107104,0.08802553122085112,1.0746372441977374,-0.016360003909598752,0.5638417213129729,0.10438553513044987
persistence,low_to_high,stable_low,3,149,all_post,-0.0033883341965231196,0.0418587545738497,-0.018041530129340747,0.005942073926508991,0.014653195932817626,0.03591668064734071
persistence,low_to_high,stable_low,3,149,early,-0.05011379766260285,-0.016068812167222644,-0.02785535676427021,-0.008348168963887287,-0.02225844089833264,-0.0077206432033353565
persistence,low_to_high,stable_low,3,149,late,0.0205150241044297,0.0382382613844386,-0.011278894549833987,-0.004888415598483978,0.03179391865426369,0.04312667698292258
persistence,low_to_high,stable_low,3,149,mid,0.011465984868286186,0.10461364556747015,-0.01724455093375363,0.03467296951689589,0.02871053580203982,0.06994067605057425
persistence,low_to_high,stable_low,6,140,all_post,-0.10904757537580692,-0.0973094840639697,-0.07811032967787024,-0.07891027841478601,-0.030937245697936683,-0.018399205649183695
persistence,low_to_high,stable_low,6,140,early,-0.06437718689783678,-0.03918340785331171,-0.03657798340006812,-0.018255077339543794,-0.02779920349776866,-0.020928330513767916
persistence,low_to_high,stable_low,6,140,late,-0.14552233986039476,-0.14032156485879363,-0.10634777158306156,-0.12650291910699663,-0.03917456827733319,-0.013818645751797004
persistence,low_to_high,stable_low,6,140,mid,-0.1081245082480422,-0.10167045928109779,-0.0843458735741832,-0.08007467862476497,-0.023778634673859003,-0.021595780656332816
persistence,low_to_high,stable_low,6,141,all_post,-0.07056403283897493,0.062178300139882924,-0.0005548845818013989,0.1069417090121383,-0.07000914825717353,-0.04476340887225538
persistence,low_to_high,stable_low,6,141,early,-0.013723267748138854,0.024736143861631348,-0.028165085602516293,0.04837717814103851,0.01444181785437744,-0.02364103427940716
persistence,low_to_high,stable_low,6,141,late,-0.0768709281202369,0.1805495431724649,0.0335539142749087,0.22396434054336256,-0.11042484239514559,-0.04341479737089765
persistence,low_to_high,stable_low,6,141,mid,-0.11952117882823356,-0.04834359737259298,-0.015580682131974118,0.019227950469207694,-0.10394049669625943,-0.06757154784180067
persistence,low_to_high,stable_low,6,142,all_post,-0.013644333880262267,-0.027913198477556335,-0.018513038919131752,-0.03005282223837024,0.004868705038869485,0.002139623760813905
persistence,low_to_high,stable_low,6,142,early,0.032829234855134316,-0.010168610234766446,0.002852656289079257,-0.02595868784447392,0.02997657856605506,0.01579007760970747
persistence,low_to_high,stable_low,6,142,late,0.12174663354014754,0.1009067940629143,-0.0015404329444249133,-0.006424463381433281,0.12328706648457245,0.10733125744434759
persistence,low_to_high,stable_low,6,142,mid,-0.22935661189117115,-0.20668277739593455,-0.06109449159572633,-0.06368240520343776,-0.16826212029544482,-0.14300037219249678
persistence,low_to_high,stable_low,6,143,all_post,0.165398789483463,-0.010174659354814005,0.07141340965755634,-0.06746613730438741,0.09398537982590667,0.057291477949573406
persistence,low_to_high,stable_low,6,143,early,0.5387042627692742,0.0529915845104306,0.23242296125932405,0.027586724490215434,0.30628130150995014,0.025404860020215168
persistence,low_to_high,stable_low,6,143,late,-0.04256831102017216,-0.03828080037621395,0.11029366049822945,-0.14339229860566877,-0.1528619715184016,0.10511149822945481
persistence,low_to_high,stable_low,6,143,mid,0.05205219182719597,-0.038208226943308686,-0.1381964554950528,-0.06761129747238855,0.19024864732224878,0.02940307052907986
persistence,low_to_high,stable_low,6,144,all_post,-0.027250275260455908,-0.02950845861096332,-0.046154079394460416,-0.05625696649654552,0.01890380413400451,0.0267485078855822
persistence,low_to_high,stable_low,6,144,early,0.004923289960162217,0.004550039133416234,-0.009003016669679998,-0.013425769304658927,0.013926306629842216,0.017975808438075162
persistence,low_to_high,stable_low,6,144,late,-0.07347682075594708,-0.07346264782513491,-0.07995559623022468,-0.0917992690874656,0.0064787754742775955,0.018336621262330682
persistence,low_to_high,stable_low,6,144,mid,-0.0016406586117100515,-0.0086242198376284,-0.04105324607453558,-0.05466028544978201,0.03941258746282553,0.046036065612153614
persistence,low_to_high,stable_low,6,145,all_post,-0.004554035983410058,-0.008974789848036463,0.012803324789159668,-0.03865992326164681,-0.017357360772569726,0.029685133413610343
persistence,low_to_high,stable_low,6,145,early,0.013741681467602683,-0.06646580006246024,0.017211150303700254,-0.04817605208855726,-0.0034694688360975712,-0.018289747973902974
persistence,low_to_high,stable_low,6,145,late,0.01670867821438253,0.030446026968237935,0.030370220916286942,-0.034398371244913815,-0.013661542701904412,0.06484439821315174
persistence,low_to_high,stable_low,6,145,mid,-0.04942814618166353,-0.0007598006539557001,-0.013563120884290012,-0.03447073445565259,-0.035865025297373516,0.03371093380169689
persistence,low_to_high,stable_low,6,146,all_post,-0.024143165829446003,-0.028381051794221533,-0.022983096660412823,-0.02488082218632573,-0.0011600691690331795,-0.0035002296078958037
persistence,low_to_high,stable_low,6,146,early,-0.03136069086488888,-0.03414816293367603,-0.020370058379167572,-0.02039332278087299,-0.010990632485721307,-0.013754840152803038
persistence,low_to_high,stable_low,6,146,late,-0.03496663023707849,-0.03597089410044759,-0.07763121675334103,-0.07769309969535482,0.042664586516262544,0.041722205594907226
persistence,low_to_high,stable_low,6,146,mid,-0.003396310284462472,-0.013126637771984459,0.042714015174502185,0.03664702529450787,-0.04611032545896466,-0.04977366306649233
persistence,low_to_high,stable_low,6,147,all_post,0.11133807756391387,0.00047801334185820635,0.04440097174140582,0.01673422047570125,0.06693710582250804,-0.016256207133843043
persistence,low_to_high,stable_low,6,147,early,0.22627380509384562,-0.0735311802244728,0.09534602125470965,-0.03274657792489491,0.13092778383913597,-0.04078460229957789
persistence,low_to_high,stable_low,6,147,late,0.03512938989694004,0.0744757663078979,0.0251593885484134,0.05005700878100721,0.00997000134852664,0.02441875752689069
persistence,low_to_high,stable_low,6,147,mid,0.09166320961769932,-0.018009984299360404,0.017507901219342526,0.024561533494664955,0.0741553083983568,-0.04257151779402536
persistence,low_to_high,stable_low,6,148,all_post,0.7567687072835028,0.03372850857777859,0.5032918457511444,-0.032613288328371445,0.2534768615323584,0.06634179690615004
persistence,low_to_high,stable_low,6,148,early,0.2262729786350779,-0.07090526852921046,0.12017727570147824,-0.12807109370335493,0.10609570293359966,0.057165825174144466
persistence,low_to_high,stable_low,6,148,late,0.32337022095346835,0.04960865838947468,0.172529685855943,-0.008828633953530842,0.15084053509752535,0.05843729234300552
persistence,low_to_high,stable_low,6,148,mid,1.829012543844471,0.11851209842014752,1.2998591156698118,0.03311369907806127,0.5291534281746593,0.08539839934208626
persistence,low_to_high,stable_low,6,149,all_post,-0.026277458523335805,0.00690494377629195,-0.02548718684798707,0.0013935719676072182,-0.0007902716753487339,0.005511371808684732
persistence,low_to_high,stable_low,6,149,early,-0.10080440072660163,-0.06523296879226766,-0.04353308361462365,-0.02266993097685835,-0.05727131711197798,-0.04256303781540931
persistence,low_to_high,stable_low,6,149,late,0.027810875529394836,0.007514238190474624,-0.023072674494263225,-0.016946344619469828,0.05088355002365806,0.024460582809944453
persistence,low_to_high,stable_low,6,149,mid,-0.01936093388598328,0.07828123832712322,-0.010459430523505295,0.04838197064591909,-0.008901503362477985,0.029899267681204128
persistence,low_to_high,stable_low,12,140,all_post,-0.08424764844900623,-0.026393207199688594,-0.06015116618695856,-0.060900884441799905,-0.02409648226204767,0.03450767724211131
persistence,low_to_high,stable_low,12,140,early,-0.2819006498610895,-0.1976662991937613,-0.1277269144051129,-0.0814189262222633,-0.15417373545597657,-0.11624737297149801
persistence,low_to_high,stable_low,12,140,late,0.03888122476655674,0.1151435657792296,-0.0437543831573652,-0.09748094608484686,0.08263560792392194,0.21262451186407647
persistence,low_to_high,stable_low,12,140,mid,-0.019984259687116233,-0.008451619266110625,-0.010338599584197016,-0.0007544425480355948,-0.009645660102919217,-0.007697176718075031
persistence,low_to_high,stable_low,12,141,all_post,-0.06026319448246418,0.11620659784588835,-0.0412379908469193,0.10600587744511557,-0.019025203635544878,0.010200720400772786
persistence,low_to_high,stable_low,12,141,early,-0.15964904266171406,-0.058663448974455266,-0.0764990610923259,0.054999241161067906,-0.08314998156938816,-0.11366269013552317
persistence,low_to_high,stable_low,12,141,late,0.05456186907711526,0.42039863690825513,-0.02763533615046155,0.26166495230850406,0.08219720522757681,0.15873368459975107
persistence,low_to_high,stable_low,12,141,mid,-0.08527116515942536,-0.03846473098466523,-0.020713129856008594,-0.011618150706174273,-0.06455803530341676,-0.026846580278490954
persistence,low_to_high,stable_low,12,142,all_post,-0.15787697093814376,-0.1551988084075175,-0.05991263075592317,-0.06204399412645752,-0.09796434018222058,-0.09315481428105998
persistence,low_to_high,stable_low,12,142,early,-0.02416289916459245,-0.047862889609924235,0.0047743046378574865,-0.009873130469079878,-0.028937203802449935,-0.037989759140844355
persistence,low_to_high,stable_low,12,142,late,0.0672021080506969,0.05525563421600642,-0.007858603891288746,-0.014827585014998795,0.07506071194198564,0.07008321923100522
persistence,low_to_high,stable_low,12,142,mid,-0.5354267116162725,-0.49052704004726166,-0.18099142858639114,-0.16536596765458214,-0.35443528302988137,-0.32516107239267955
persistence,low_to_high,stable_low,12,143,all_post,-0.07636986213536948,-0.29280240207706293,0.06965398399714202,-0.12387780309889208,-0.14602384613251151,-0.16892459897817086
persistence,low_to_high,stable_low,12,143,early,0.0328452186954397,-0.782975743607839,0.19323368794459897,-0.10918389442724663,-0.16038846924915928,-0.6737918491805923
persistence,low_to_high,stable_low,12,143,late,-0.0587156840887471,-0.09466942541810933,0.11125298419201714,-0.2644542944005088,-0.16996866828076423,0.1697848689823995
persistence,low_to_high,stable_low,12,143,mid,-0.20471030251668632,-0.017273118593486556,-0.098991303494763,0.013719487139547277,-0.10571899902192332,-0.030992605733033834
persistence,low_to_high,stable_low,12,144,all_post,-0.09872498774648628,-0.023783167309598945,-0.12177436292672039,0.014669657502126524,0.023049375180234116,-0.03845282481172547
persistence,low_to_high,stable_low,12,144,early,0.0023611006173453277,-0.10582922009303686,0.005834789884863364,-0.11206895179103597,-0.0034736892675180362,0.006239731697999115
persistence,low_to_high,stable_low,12,144,late,-0.25332985941672154,-0.02059806377570478,-0.2784915173075792,0.10604047960055378,0.02516165789085767,-0.12663854337625857
persistence,low_to_high,stable_low,12,144,mid,-0.0323224651342297,0.05481235664545361,-0.07960659849237378,0.04242320952199275,0.04728413335814408,0.012389147123460856
persistence,low_to_high,stable_low,12,145,all_post,-0.23457272579635458,-0.23801768894660608,0.026845665490614467,-0.08351862516196805,-0.26141839128696903,-0.154499063784638
persistence,low_to_high,stable_low,12,145,early,-0.0015444972551947646,-0.1405453278855252,0.040835459282293984,-0.0994290369189152,-0.04237995653748875,-0.04111629096661
persistence,low_to_high,stable_low,12,145,late,-0.30631136354830235,-0.28357984905343286,0.12541645474200008,-0.023310931975935992,-0.43172781829030243,-0.2602689170774969
persistence,low_to_high,stable_low,12,145,mid,-0.3898840967729043,-0.2861310432252912,-0.09392914999006613,-0.13283321435655562,-0.2959549467828382,-0.15329782886873558
persistence,low_to_high,stable_low,12,146,all_post,0.10844277775061724,0.061327891797675504,-0.009823945305952311,-0.031012460676805065,0.11826672305656954,0.09234035247448057
persistence,low_to_high,stable_low,12,146,early,-0.04061994636799505,-0.05363885811838279,-0.005329112854112535,-0.01082568333136793,-0.035290833513882514,-0.04281317478701486
persistence,low_to_high,stable_low,12,146,late,0.02394253676068383,-0.013286492395310715,-0.16429370643095179,-0.17835747130596624,0.18823624319163562,0.16507097891065553
persistence,low_to_high,stable_low,12,146,mid,0.3490474296083241,0.2571268912561355,0.15302346346095738,0.10842452349268238,0.1960239661473667,0.14870236776345314
persistence,low_to_high,stable_low,12,147,all_post,0.2820609551578942,0.28904924053267167,0.08351276277227385,0.08728229740874759,0.19854819238562035,0.20176694312392407
persistence,low_to_high,stable_low,12,147,early,0.4619109880135915,0.47599119514897686,0.17045847249391688,0.18261799697226613,0.2914525155196746,0.2933731981767107
persistence,low_to_high,stable_low,12,147,late,0.05891848578870824,0.05907750625613918,0.02069957793020398,0.020126713446741013,0.03821890785850426,0.03895079280939817
persistence,low_to_high,stable_low,12,147,mid,0.3439485974521482,0.35124333138261005,0.06461466996287325,0.06469848047073617,0.27933392748927494,0.28654485091187387
persistence,low_to_high,stable_low,12,148,all_post,0.562242801961767,0.01788768546428181,0.5361552722524551,0.1211349325715498,0.02608752970931194,-0.10324724710726799
persistence,low_to_high,stable_low,12,148,early,-0.08913341262170715,-0.136311212075684,-0.029343178756248853,-0.10809142089191265,-0.0597902338654583,-0.028219791183771353
persistence,low_to_high,stable_low,12,148,late,0.47903331792025666,0.21016809235583603,0.2748071375148976,0.11451980447551996,0.20422618040535906,0.09564828788031607
persistence,low_to_high,stable_low,12,148,mid,1.3037626242568774,-0.0362171911282693,1.3847808692268462,0.35752767480571107,-0.08101824496996879,-0.3937448659339804
persistence,low_to_high,stable_low,12,149,all_post,-0.15807725695543043,-0.1097024604287626,-0.05601863823517286,0.020283325168025463,-0.10205861872025757,-0.12998578559678806
persistence,low_to_high,stable_low,12,149,early,0.014841861266664189,0.06565611455347385,-0.023537410529059638,0.013264962838337613,0.03837927179572383,0.05239115171513624
persistence,low_to_high,stable_low,12,149,late,-0.33951727518567043,-0.5511600028616468,-0.09120971107713595,-0.11311943769075508,-0.2483075641085345,-0.43804056517089174
persistence,low_to_high,stable_low,12,149,mid,-0.13443635542809831,0.1931846355579588,-0.05037620369582609,0.17182134726139223,-0.08406015173227221,0.021363288296566585
roughness,low_to_high,stable_low,1,140,all_post,-0.07476036324305504,-0.08710907572353618,0.010733656815315023,-0.03770831145996882,-0.08549402005837006,-0.04940076426356736
roughness,low_to_high,stable_low,1,140,early,-0.13073434022800498,-0.1910716126419505,0.07213960858796774,-0.02565798884605003,-0.2028739488159727,-0.16541362379590047
roughness,low_to_high,stable_low,1,140,late,-0.03521577795176435,0.011921909398330316,-0.08622114755067055,-0.06825277568670325,0.0510053695989062,0.08017468508503357
roughness,low_to_high,stable_low,1,140,mid,-0.07151249997982603,-0.11518785230094382,0.07860077753064305,-0.00903268177157506,-0.1501132775104691,-0.10615517052936876
roughness,low_to_high,stable_low,1,141,all_post,-0.12050202998013626,-0.10303715404395082,-0.043598019542634835,-0.03988951092734966,-0.07690401043750142,-0.06314764311660116
roughness,low_to_high,stable_low,1,141,early,-0.19850584924460468,-0.22590441312897433,-0.06030146641782017,-0.0886273051499523,-0.13820438282678452,-0.13727710797902204
roughness,low_to_high,stable_low,1,141,late,-0.10352824870489236,-0.06277091019582132,-0.07652502402215575,-0.057532313709040536,-0.02700322468273661,-0.0052385964867807805
roughness,low_to_high,stable_low,1,141,mid,-0.06512991908265967,-0.03385822008976664,0.017008099971911713,0.0323720203375075,-0.08213801905457138,-0.06623024042727414
roughness,low_to_high,stable_low,1,142,all_post,0.13684189928835427,-0.004049747286799614,-0.030070359039459864,-0.04253398088740984,0.16691225832781414,0.03848423360061023
roughness,low_to_high,stable_low,1,142,early,0.07350869618676784,0.12330158207764065,0.03336823542454081,0.1057767945809948,0.04014046076222703,0.01752478749664585
roughness,low_to_high,stable_low,1,142,late,0.17503811817262577,-0.0031228998333273604,-0.03988697202552992,-0.05058660837308474,0.2149250901981557,0.047463708539757385
roughness,low_to_high,stable_low,1,142,mid,0.14924681054424546,-0.13263687325586956,-0.08042013618870048,-0.18010791970824794,0.22966694673294594,0.047471046452378374
roughness,low_to_high,stable_low,1,143,all_post,0.37059513267956634,0.13561628000419557,-0.09581489355186952,-0.09618693503881279,0.46641002623143585,0.23180321504300835
roughness,low_to_high,stable_low,1,143,early,0.11162596101318052,-0.016790757543678165,-0.02293466667339721,-0.02958959445026886,0.13456062768657773,0.012798836906590696
roughness,low_to_high,stable_low,1,143,late,0.8620300913483866,0.3727644634800263,-0.15667404086204856,-0.16716446229458048,1.018704132210435,0.5399289257746067
roughness,low_to_high,stable_low,1,143,mid,-0.025682307212474876,-0.02817426041570495,-0.08754959068343644,-0.06814757261966646,0.06186728347096157,0.03997331220396151
roughness,low_to_high,stable_low,1,144,all_post,0.8458287644854539,0.6912994342369603,0.03137965895241305,0.018465525983489932,0.8144491055330408,0.6728339082534703
roughness,low_to_high,stable_low,1,144,early,0.14222331407684297,-0.10724769829124163,0.01760539152016252,-0.05199296192784716,0.12461792255668044,-0.05525473636339447
roughness,low_to_high,stable_low,1,144,late,0.9900291736209244,1.700657231059879,-0.035400354088209185,0.06783378905585813,1.0254295277091336,1.632823442004021
roughness,low_to_high,stable_low,1,144,mid,1.357167002713437,0.1440361710012706,0.1341939437721599,0.023099663131669418,1.222973058941277,0.1209365078696012
roughness,low_to_high,stable_low,1,145,all_post,0.8134572738140509,0.11373897487175484,-0.01851343220295406,-0.04402335245149454,0.831970706017005,0.15776232732324938
roughness,low_to_high,stable_low,1,145,early,0.24460046800152416,-0.012549391720302288,-0.018112333256218038,-0.02878757401578325,0.2627128012577422,0.016238182295480963
roughness,low_to_high,stable_low,1,145,late,0.9935420789437954,0.1608066053310191,-0.004268836372043672,-0.03292682328913736,0.9978109153158391,0.19373342862015647
roughness,low_to_high,stable_low,1,145,mid,1.1422010061202517,0.17727050085145954,-0.037907325590903936,-0.07405450310368206,1.1801083317111556,0.25132500395514157
roughness,low_to_high,stable_low,1,146,all_post,0.005672005926871215,-0.005996431864524682,-0.01799114945706422,-0.014893567817691977,0.023663155383935437,0.008897135953167296
roughness,low_to_high,stable_low,1,146,early,-0.05734303981623864,-0.050950715284846855,-0.038065501121358904,-0.031404038157794495,-0.019277538694879734,-0.01954667712705236
roughness,low_to_high,stable_low,1,146,late,0.03248652767502429,-0.014316375184927121,-0.047108176697910356,-0.05389981598308432,0.07959470437293464,0.0395834407981572
roughness,low_to_high,stable_low,1,146,mid,0.03293435600577696,0.05005110931633407,0.0409059051950253,0.05362523340960035,-0.00797154918924834,-0.0035741240932662746
roughness,low_to_high,stable_low,1,147,all_post,-0.01989671192816741,0.1009501903038216,0.004089014044115146,0.01300524688750872,-0.023985725972282552,0.08794494341631288
roughness,low_to_high,stable_low,1,147,early,-0.011918805628303976,0.07048697749328042,0.0033401389998886574,0.035424302413850896,-0.015258944628192633,0.03506267507942953
roughness,low_to_high,stable_low,1,147,late,-0.01778651562354061,0.02755390530931888,0.015094612002141558,0.0029535236676873668,-0.03288112762568217,0.024600381641631513
roughness,low_to_high,stable_low,1,147,mid,-0.030688213300866577,0.22927511644036638,-0.009836241522360244,0.0039884889875950146,-0.020851971778506333,0.22528662745277137
roughness,low_to_high,stable_low,1,148,all_post,-0.009848455753005542,0.6870889121556341,-0.0214412172305814,0.036919368154182265,0.011592761477575857,0.6501695440014518
roughness,low_to_high,stable_low,1,148,early,-0.05525060345674097,0.5329622841706025,-0.03134589842500261,0.049526593737513475,-0.02390470503173836,0.4834356904330891
roughness,low_to_high,stable_low,1,148,late,-0.08871782692246409,0.2508290366860893,-0.035545138863004214,0.001465460133369751,-0.05317268805945988,0.24936357655271954
roughness,low_to_high,stable_low,1,148,mid,0.14071285351000795,1.4228953741000583,0.007268692807070223,0.07158401993193443,0.13344416070293774,1.3513113541681239
roughness,low_to_high,stable_low,1,149,all_post,0.14935658783697864,0.5108271273302384,-0.005648749863945577,0.01417374630866799,0.15500533770092423,0.4966533810215704
roughness,low_to_high,stable_low,1,149,early,-0.04089177665098296,0.22289918702020825,-0.019337627565694338,-0.026506375270669718,-0.02155414908528862,0.24940556229087796
roughness,low_to_high,stable_low,1,149,late,0.04499121256448903,0.3196730380084347,-0.026119527396902122,-0.02132096863607225,0.07111073996139115,0.34099400664450696
roughness,low_to_high,stable_low,1,149,mid,0.4787587860215931,1.053627186736007,0.035334497881745267,0.10218015448099267,0.44342428813984786,0.9514470322550143
roughness,low_to_high,stable_low,3,140,all_post,0.13203602959104313,0.14653461840710588,-0.010022208478823527,-0.00972164083039477,0.14205823806986667,0.15625625923750064
roughness,low_to_high,stable_low,3,140,early,-0.061776032017082205,-0.05979619000066857,-0.033063976628179656,-0.034368757058840564,-0.02871205538890255,-0.025427432941828004
roughness,low_to_high,stable_low,3,140,late,0.3879242614597233,0.41501282146996094,-0.0007299118064067042,0.0015009619745701983,0.38865417326613,0.4135118594953907
roughness,low_to_high,stable_low,3,140,mid,-0.01533621795907178,-0.00510551060225974,0.0006298307739768319,-3.799500856893507e-05,-0.01596604873304861,-0.005067515593690805
roughness,low_to_high,stable_low,3,141,all_post,0.30999252667676913,0.35908986311476987,0.004912185037796064,0.009968374345615443,0.3050803416389731,0.34912148876915444
roughness,low_to_high,stable_low,3,141,early,0.10170715874190485,0.13449441959802702,-0.006829688431856463,-0.0011987753047138922,0.10853684717376132,0.1356931949027409
roughness,low_to_high,stable_low,3,141,late,0.6510197598104399,0.7413506079849264,0.025387349738056075,0.034978129109111675,0.6256324100723838,0.7063724788758147
roughness,low_to_high,stable_low,3,141,mid,0.06357491710007267,0.07400431347130408,-0.010646161092898085,-0.012210815688716866,0.07422107819297075,0.08621512916002094
roughness,low_to_high,stable_low,3,142,all_post,0.8652141187140977,-0.0017588209624305351,0.10548162608108318,-0.03213864571695504,0.7597324926330146,0.0303798247545245
roughness,low_to_high,stable_low,3,142,early,-0.06935806243159087,-0.05992305183845952,-0.0472735284978387,-0.06293768538937501,-0.02208453393375217,0.0030146335509154895
roughness,low_to_high,stable_low,3,142,late,2.05551932249051,0.015703176311879286,0.24365945279188816,-0.01590720796624214,1.8118598696986221,0.03161038427812143
roughness,low_to_high,stable_low,3,142,mid,0.21271269482456953,0.03312274688118534,0.07399967837893175,-0.02298152304548562,0.13871301644563777,0.05610426992667096
roughness,low_to_high,stable_low,3,143,all_post,0.9924072000728963,0.12437897999492402,0.020163717406381274,-0.02346346401404892,0.9722434826665151,0.14784244400897295
roughness,low_to_high,stable_low,3,143,early,0.6286915317568723,0.0989944721530935,0.0978573229424744,0.025701344454666177,0.5308342088143979,0.07329312769842732
roughness,low_to_high,stable_low,3,143,late,1.767528648553017,0.28487429577178947,-0.013739197480927556,-0.054405459701732356,1.7812678460339446,0.33927975547352185
roughness,low_to_high,stable_low,3,143,mid,0.322627603748759,-0.06423026653239933,-0.012326001613300068,-0.031372278232519424,0.33495360536205904,-0.0328579882998799
roughness,low_to_high,stable_low,3,144,all_post,0.18224113098128755,0.1554054180371452,0.0006195392867997744,0.0004051576081434922,0.18162159169448777,0.1550002604290017
roughness,low_to_high,stable_low,3,144,early,0.028198256469129334,0.019242090012452005,-0.008709406738008471,-0.008607882238223908,0.03690766320713781,0.02784997225067591
roughness,low_to_high,stable_low,3,144,late,0.21311588046944113,0.1856773296999354,-0.0007441034573765701,-0.0003692850240854754,0.2138599839268177,0.18604661472402087
roughness,low_to_high,stable_low,3,144,mid,0.2951176728425743,0.2512061971781182,0.011766675637176482,0.010450787630816185,0.2833509972053978,0.240755409547302
roughness,low_to_high,stable_low,3,145,all_post,1.2659543338521881,0.3172046678245657,0.03715429364362959,-0.01349140678339918,1.2288000402085586,0.33069607460796485
roughness,low_to_high,stable_low,3,145,early,0.5506982256784682,0.17708409073247566,0.019241707365374224,-0.0026887225641801355,0.5314565183130939,0.1797728132966558
roughness,low_to_high,stable_low,3,145,late,1.5636935384079602,0.4180591898444457,0.04569234537754156,-0.005259766459676494,1.5180011930304187,0.4233189563041222
roughness,low_to_high,stable_low,3,145,mid,1.5842248359515454,0.3228525488901489,0.043682810943335676,-0.035269611434248456,1.5405420250082098,0.35812216032439737
roughness,low_to_high,stable_low,3,146,all_post,0.05088198430127298,0.04313850116166782,-0.008740279271672141,-0.008090292158414702,0.05962226357294512,0.051228793320082525
roughness,low_to_high,stable_low,3,146,early,-0.029229314700605885,-0.02812952545041862,-0.0027188766784906754,0.00034692092516751087,-0.02651043802211521,-0.028476446375586134
roughness,low_to_high,stable_low,3,146,late,0.16366388393642892,0.14124053239159862,-0.011140250403078361,-0.013702860569966458,0.17480413433950728,0.15494339296156506
roughness,low_to_high,stable_low,3,146,mid,-0.01938258287705608,-0.016396180532820142,-0.011561720356311983,-0.009044080693261243,-0.007820862520744097,-0.007352099839558899
roughness,low_to_high,stable_low,3,147,all_post,0.04642341940738899,0.07789668566628632,0.008868718931494025,0.007091541071351268,0.037554700475894966,0.07080514459493506
roughness,low_to_high,stable_low,3,147,early,0.09397640084621318,0.10893863760083178,0.00566225977730895,-0.0006582376429218814,0.08831414106890423,0.10959687524375367
roughness,low_to_high,stable_low,3,147,late,-0.013945964243625125,0.03384245065810329,0.004370883505635116,0.0102501161925789,-0.01831684774926024,0.02359233446552439
roughness,low_to_high,stable_low,3,147,mid,0.07936294950325026,0.10559371374265158,0.018072291986824314,0.010629886290654242,0.06129065751642595,0.09496382745199734
roughness,low_to_high,stable_low,3,148,all_post,1.7505250051939103,0.670133482402729,0.08827968655392773,0.008437912255658219,1.6622453186399826,0.6616955701470707
roughness,low_to_high,stable_low,3,148,early,0.9454623759534736,0.578659650460812,-4.033478006792064e-06,-0.025647073979897187,0.9454664094314804,0.6043067244407092
roughness,low_to_high,stable_low,3,148,late,0.5214984423596141,0.1410759173486787,0.012745614581538445,-0.01010732316154624,0.5087528277780756,0.15118324051022494
roughness,low_to_high,stable_low,3,148,mid,4.194289718213409,1.4670174010833794,0.27727550254904804,0.06724987904748624,3.917014215664361,1.3997675220358932
roughness,low_to_high,stable_low,3,149,all_post,0.5146088494621879,0.5187865642771786,-0.00012623349838599557,6.509036485255956e-05,0.5147350829605739,0.518721473912326
roughness,low_to_high,stable_low,3,149,early,0.4904061533052489,0.49503939480086623,0.0017751325271743504,0.0019833682158036255,0.4886310207780745,0.4930560265850626
roughness,low_to_high,stable_low,3,149,late,0.31814458916103383,0.3214648432912931,-0.015187742352792372,-0.015114139003081332,0.3333323315138262,0.33657898229437444
roughness,low_to_high,stable_low,3,149,mid,0.8007638926873321,0.8056293617346717,0.01805441228192883,0.018385785004480015,0.7827094804054032,0.7872435767301917
roughness,low_to_high,stable_low,6,140,all_post,0.062255355979250755,0.05503053429728409,-0.02278696911472692,-0.022526417002472383,0.08504232509397767,0.07755695129975648
roughness,low_to_high,stable_low,6,140,early,-0.15109526229439096,-0.1519695894008482,-0.03824224759447118,-0.03732187268918703,-0.11285301469991979,-0.11464771671166117
roughness,low_to_high,stable_low,6,140,late,0.40545386610955536,0.39151062087189087,-0.0028502712974455714,-0.0031774546810740055,0.40830413740700094,0.39468807555296487
roughness,low_to_high,stable_low,6,140,mid,-0.15339216340998824,-0.1585694502228421,-0.03225256290658434,-0.0319171642175057,-0.12113960050340389,-0.1266522860053364
roughness,low_to_high,stable_low,6,141,all_post,0.34787862378384393,0.4218033342389191,-0.0011085673329955747,0.018077217671099877,0.3489871911168395,0.4037261165678192
roughness,low_to_high,stable_low,6,141,early,0.06673143876055823,0.03207801052771393,-0.008006421957081906,-0.00629072572995755,0.07473786071764013,0.03836873625767148
roughness,low_to_high,stable_low,6,141,late,0.7943476701866427,1.011951532409702,0.014622979363528346,0.0423709849280478,0.7797246908231144,0.9695805474816541
roughness,low_to_high,stable_low,6,141,mid,0.07093950080363111,0.07384341023664563,-0.013875146079564138,0.012077952000972385,0.08481464688319525,0.06176545823567325
roughness,low_to_high,stable_low,6,142,all_post,0.6924473233959666,0.005502327513226657,0.06501134238381572,-0.044862562094404854,0.6274359810121509,0.05036488960763151
roughness,low_to_high,stable_low,6,142,early,-0.09427978408248221,-0.06760268050191194,-0.07331580701375706,-0.07640252698565209,-0.020963977068725145,0.008799846483740145
roughness,low_to_high,stable_low,6,142,late,1.7377065515525614,0.052499145949826534,0.1918649210156707,-0.015642009682157627,1.5458416305368907,0.06814115563198417
roughness,low_to_high,stable_low,6,142,mid,0.17260039567867214,0.019861312482615422,0.04477151849156977,-0.049848287718466645,0.12782887718710237,0.06970960020108206
roughness,low_to_high,stable_low,6,143,all_post,1.0132117523905741,0.06162711974694879,-0.020741516103097483,-0.058432289312812746,1.0339532684936716,0.12005940905976153
roughness,low_to_high,stable_low,6,143,early,0.7104214433895493,0.04362345940379193,0.10074200508592827,0.0032962576955759396,0.609679438303621,0.040327201708215986
roughness,low_to_high,stable_low,6,143,late,1.8689748779815076,0.25001603018706725,-0.012368593048194716,-0.04418421433666937,1.8813434710297023,0.2942002445237366
roughness,low_to_high,stable_low,6,143,mid,0.24629815440293198,-0.15585535796004246,-0.1526911911107517,-0.1379709300413807,0.3989893455136837,-0.017884427918661766
roughness,low_to_high,stable_low,6,144,all_post,0.3509232303072622,0.8713983273739134,-0.0011273445869087178,0.019198089062122205,0.3520505748941709,0.8522002383117913
roughness,low_to_high,stable_low,6,144,early,0.0684287948614174,-0.0786736227614893,-0.004035459398854806,-0.03356616353731917,0.0724642542602722,-0.04510745922417013
roughness,low_to_high,stable_low,6,144,late,0.44589649023194705,1.9682155372989862,-0.01338796088401465,0.07638158541952825,0.4592844511159617,1.891833951879458
roughness,low_to_high,stable_low,6,144,mid,0.5147010908472508,0.45044876510297477,0.017106540596419792,0.000482971214806038,0.497594550250831,0.4499657938881687
roughness,low_to_high,stable_low,6,145,all_post,0.42865492922304954,0.32235655686291265,-0.013759828066686602,-0.029054003164710983,0.4424147572897361,0.3514105600276236
roughness,low_to_high,stable_low,6,145,early,0.20530030943339558,0.04530650033678904,-5.007835711384398e-05,-0.026257042696690085,0.20535038779050943,0.07156354303347913
roughness,low_to_high,stable_low,6,145,late,0.7274036805815371,-0.08512969961880308,0.006538294988386913,-0.02392494432710337,0.7208653855931503,-0.06120475529169971
roughness,low_to_high,stable_low,6,145,mid,0.2785736098145937,1.1087644339911809,-0.05284223159510124,-0.0382622871797414,0.331415841409695,1.1470267211709222
roughness,low_to_high,stable_low,6,146,all_post,-0.0097517441505359,-0.020731469136597507,-0.016453306372253316,-0.017001697660529398,0.0067015622217174164,-0.0037297714760681083
roughness,low_to_high,stable_low,6,146,early,-0.044401417299471446,-0.044564007393254945,-0.004484977342872038,-0.002169390809322161,-0.03991643995659941,-0.04239461658393279
roughness,low_to_high,stable_low,6,146,late,0.014132765145571964,-0.022166795550477503,-0.025923243613561867,-0.032765785923811686,0.04005600875913383,0.010598990373334182
roughness,low_to_high,stable_low,6,146,mid,-0.00495770762173518,0.00489522713740993,-0.01658421384999891,-0.012128894182633783,0.011626506228263729,0.017024121320043713
roughness,low_to_high,stable_low,6,147,all_post,0.08304005545441988,0.0830402840885447,0.02415583116983797,0.02415586972226678,0.05888422428458191,0.05888441436627792
roughness,low_to_high,stable_low,6,147,early,0.14268325678178972,0.14268384317195448,0.04092037044714562,0.04092049283747375,0.10176288633464411,0.10176335033448072
roughness,low_to_high,stable_low,6,147,late,0.00031100618253763573,0.0003113673641824207,0.009753955175835811,0.009754044113598767,-0.009442948993298176,-0.009442676749416347
roughness,low_to_high,stable_low,6,147,mid,0.1268081657169028,0.12680787091058776,0.025393636885033016,0.025393528617894828,0.10141452883186977,0.10141434229269293
roughness,low_to_high,stable_low,6,148,all_post,2.08556427583621,1.017598967711977,0.11768751649762689,0.03474342055905212,1.967876759338583,0.9828555471529249
roughness,low_to_high,stable_low,6,148,early,0.9750301284538291,0.618522006912546,-0.0024964607196474808,-0.02836213045674385,0.9775265891734766,0.6468841373692898
roughness,low_to_high,stable_low,6,148,late,0.7223157797812042,0.3315887198605711,0.02074245870334023,-0.007061859802889463,0.701573321077864,0.33865057966346057
roughness,low_to_high,stable_low,6,148,mid,4.9001590432873465,2.274188738325666,0.3590528159577597,0.15010557202727512,4.541106227329587,2.124083166298391
roughness,low_to_high,stable_low,6,149,all_post,0.6606413735107122,0.4878730285288424,0.004813784366161892,-0.003535202096656302,0.6558275891445503,0.4914082306254987
roughness,low_to_high,stable_low,6,149,early,0.49660888324660707,0.3089834937914074,0.005207632593564996,-0.003228177630719571,0.4914012506530421,0.31221167142212697
roughness,low_to_high,stable_low,6,149,late,0.3747745662293906,0.25980951082647946,-0.02932281470415696,-0.0302337112616905,0.4040973809335476,0.29004322208816996
roughness,low_to_high,stable_low,6,149,mid,1.182007372876469,0.9518419603942311,0.04709068497665735,0.02953090989369971,1.1349166878998118,0.9223110505005314
roughness,low_to_high,stable_low,12,140,all_post,0.10089787524936687,0.04620414783017356,-0.026042298328764448,-0.024359726833912264,0.1269401735781313,0.07056387466408583
roughness,low_to_high,stable_low,12,140,early,-0.20214777561733263,-0.21367961294759322,-0.07984793443708214,-0.07590699389087835,-0.12229984118025049,-0.13777261905671487
roughness,low_to_high,stable_low,12,140,late,0.832347264941302,0.7272855900302455,-0.0005151804295693744,8.494737993469884e-05,0.8328624453708713,0.7272006426503108
roughness,low_to_high,stable_low,12,140,mid,-0.3884599793835301,-0.4317503204421378,0.00010896005542526214,0.0007058098247196415,-0.3885689394389554,-0.4324561302668574
roughness,low_to_high,stable_low,12,141,all_post,0.28980115580483856,0.7504959708741751,-0.015084297450367467,0.05135712826455545,0.30488545325520605,0.6991388426096197
roughness,low_to_high,stable_low,12,141,early,-0.20926284825006033,-0.058951685254215146,-0.028333165861893602,0.020210605834149183,-0.18092968238816673,-0.07916229108836433
roughness,low_to_high,stable_low,12,141,late,0.9283448591006771,2.1264344728513596,-0.006595625305865749,0.12256432342820939,0.9349404844065429,2.0038701494231503
roughness,low_to_high,stable_low,12,141,mid,0.09710948128924575,0.0693435831939485,-0.011031490528718192,0.0053625226010032894,0.10814097181796395,0.06398106059294521
roughness,low_to_high,stable_low,12,142,all_post,0.8359997969345937,-0.020268379084486792,0.1031684162257747,-0.03160002733779345,0.732831380708819,0.011331648253306657
roughness,low_to_high,stable_low,12,142,early,0.0023189710139104127,0.057904242968549624,0.0014252065462478831,0.004497039668393178,0.0008937644676625296,0.05340720330015645
roughness,low_to_high,stable_low,12,142,late,2.277857742028193,-0.0156434722275011,0.21381855859971616,-0.044017848107089745,2.064039183428477,0.028374375879588645
roughness,low_to_high,stable_low,12,142,mid,0.10766784900387745,-0.10345131689925773,0.08504063833353159,-0.05424445517724241,0.022627210670345857,-0.04920686172201531
roughness,low_to_high,stable_low,12,143,all_post,0.9634984896823826,-0.061658644308007264,-0.026262748600751524,-0.07278176468301235,0.9897612382831341,0.01112312037500509
roughness,low_to_high,stable_low,12,143,early,0.4517324895171651,-0.41224154699615995,0.06671868968589932,-0.059589640870048456,0.38501379983126577,-0.35265190612611147
roughness,low_to_high,stable_low,12,143,late,1.9414720899539557,0.33469639662520534,0.0010256747703752528,-0.04156750942016575,1.9404464151835805,0.3762639060453711
roughness,low_to_high,stable_low,12,143,mid,0.4157930895533961,-0.14046036929750152,-0.1488066455394564,-0.11978933169739343,0.5645997350928526,-0.02067103760010809
roughness,low_to_high,stable_low,12,144,all_post,0.3639488679367834,1.3648266045134703,0.0016141462989694689,0.035312463537771066,0.36233472163781394,1.3295141409756992
roughness,low_to_high,stable_low,12,144,early,0.2880068922119092,-0.12288820910800587,0.0027527997914379154,-0.052727459823256294,0.2852540924204713,-0.07016074928474958
roughness,low_to_high,stable_low,12,144,late,0.7650644042975597,3.7546890289151404,-0.016748755580236252,0.14548947023806982,0.781813159877796,3.6091995586770707
roughness,low_to_high,stable_low,12,144,mid,0.005349012604149587,0.26352379169980394,0.020368636508973886,0.003993962973474741,-0.015019623904824298,0.2595298287263292
roughness,low_to_high,stable_low,12,145,all_post,0.4402906981194969,0.4466751794581172,-0.008812765736519687,-0.048212679997014556,0.44910346385601657,0.49488785945513175
roughness,low_to_high,stable_low,12,145,early,-0.019274852578196472,-0.1095409278958324,1.149224138107437e-06,-0.07130378354804236,-0.019276001802334578,-0.03823714434779005
roughness,low_to_high,stable_low,12,145,late,1.3905609629000817,-0.20253966321546515,0.0646488677522776,-0.014097363491116186,1.325912095147804,-0.18844229972434898
roughness,low_to_high,stable_low,12,145,mid,-0.12960320469511002,1.7062073663751143,-0.09721011697670788,-0.06207983599404333,-0.032393087718402144,1.7682872023691576
roughness,low_to_high,stable_low,12,146,all_post,-0.1063856240347626,-0.11722302563045968,-0.0006020681346121374,0.003509293211245547,-0.10578355590015046,-0.12073231884170522
roughness,low_to_high,stable_low,12,146,early,-0.05878310055770059,-0.04717721638406122,-0.006199580953174649,0.0006009244792379159,-0.052583519604525945,-0.04777814086329914
roughness,low_to_high,stable_low,12,146,late,-0.2606312814071114,-0.3492061974459366,-0.0005104256236211529,-0.014201546575291723,-0.26012085578349026,-0.3350046508706449
roughness,low_to_high,stable_low,12,146,mid,0.01311131464155327,0.06404626792324193,0.004896165297043473,0.025604405045335222,0.008215149344509797,0.03844186287790671
roughness,low_to_high,stable_low,12,147,all_post,0.20942764775353248,0.20943670873238487,0.05667947333463495,0.05668083764925911,0.15274817441889754,0.15275587108312577
roughness,low_to_high,stable_low,12,147,early,0.18095440693552234,0.18098639631282207,0.09689838088153985,0.09690494791125133,0.08405602605398249,0.08408144840157074
roughness,low_to_high,stable_low,12,147,late,0.010304810648844216,0.010312256350035576,0.01710629362349073,0.01710729048100013,-0.006801482974646514,-0.006795034130964554
roughness,low_to_high,stable_low,12,147,mid,0.45361729543495494,0.4536051778994928,0.05933151047480293,0.05932807015288081,0.394285784960152,0.39427710774661195
roughness,low_to_high,stable_low,12,148,all_post,2.3357958197592574,1.5199746460940344,0.07140444986771426,0.010163210614844726,2.264391369891543,1.5098114354791896
roughness,low_to_high,stable_low,12,148,early,0.0005435559940885811,-0.26721722398499465,-2.6781156752366902e-05,-0.010818604119558215,0.000570337150840948,-0.25639861986543644
roughness,low_to_high,stable_low,12,148,late,1.084704277260146,0.779841297999443,0.040627353786998506,0.01781962318763191,1.0440769234731475,0.7620216748118112
roughness,low_to_high,stable_low,12,148,mid,6.02639725456513,4.108977643275537,0.17617753497962296,0.022850578395394894,5.850219719585507,4.086127064880142
roughness,low_to_high,stable_low,12,149,all_post,0.894386036079832,0.555995814995034,0.012581897040590906,-0.004433779089483585,0.8818041390392412,0.5604295940845176
roughness,low_to_high,stable_low,12,149,early,-0.030036187176946116,-0.36086573794710786,0.006155429782051081,-0.006999614686908625,-0.0361916169589972,-0.35386612326019923
roughness,low_to_high,stable_low,12,149,late,0.36760265922343827,0.20067867542514714,-0.08705241561141304,-0.07793573253782454,0.4546550748348513,0.27861440796297166
roughness,low_to_high,stable_low,12,149,mid,2.3894902509310367,1.857784269137887,0.12694553633880165,0.07775917274364413,2.2625447145922353,1.7800250963942428
noise_scale,high_to_low,stable_high,1,140,all_post,-0.007352187763899206,-0.009287310020347907,0.04519311361199193,0.018884934286016442,-0.05254530137589113,-0.02817224430636435
noise_scale,high_to_low,stable_high,1,140,early,0.017363456408207092,0.010411211835548119,0.1444815700333048,0.09064941514899783,-0.12711811362509773,-0.0802382033134497
noise_scale,high_to_low,stable_high,1,140,late,-0.01358093133749867,-0.00982715983348028,-0.11793951264015076,-0.10897142464985407,0.10435858130265209,0.09914426481637378
noise_scale,high_to_low,stable_high,1,140,mid,-0.023762840504539546,-0.02826603212540078,0.16341482552686923,0.11759559867086233,-0.18717766603140878,-0.1458616307962631
noise_scale,high_to_low,stable_high,1,141,all_post,-0.006486723685586027,-0.009479970168012355,-0.20279633631005348,-0.1988674834743834,0.19630961262446744,0.18938751330637105
noise_scale,high_to_low,stable_high,1,141,early,0.0038325252320500283,-0.023583643853313258,-0.20293740766566556,-0.2694985098700436,0.20676993289771559,0.24591486601673032
noise_scale,high_to_low,stable_high,1,141,late,-0.01864716050024861,-0.010288194593705011,-0.23447782717812843,-0.19628074449784177,0.2158306666778798,0.18599254990413677
noise_scale,high_to_low,stable_high,1,141,mid,-0.0005920568503386325,0.0057013360848787555,-0.16041327713034137,-0.13168544238077878,0.15982122028000273,0.13738677846565753
noise_scale,high_to_low,stable_high,1,142,all_post,0.012831900573207534,-0.008585427955384695,-0.09307064918566639,-0.1223561796739667,0.10590254975887392,0.113770751718582
noise_scale,high_to_low,stable_high,1,142,early,-0.017783910796197545,0.004747367359032165,0.044621801172289643,0.19633881081474058,-0.06240571196848719,-0.19159144345570842
noise_scale,high_to_low,stable_high,1,142,late,0.027330817511408072,-0.00028259680514468576,-0.09635494742328854,-0.11986554590560088,0.12368576493469662,0.11958294910045619
noise_scale,high_to_low,stable_high,1,142,mid,0.024115822691678567,-0.03298866480345489,-0.22638403522679285,-0.4443720151871619,0.2504998579184714,0.411383350383707
noise_scale,high_to_low,stable_high,1,143,all_post,0.07930026236043686,0.017564578812888382,-0.21549504292453645,-0.21659024795511042,0.29479530528497333,0.2341548267679988
noise_scale,high_to_low,stable_high,1,143,early,0.034324448580702105,0.005058610248867095,0.0028692043886390586,-0.010028884289543965,0.031455244192063046,0.01508749453841106
noise_scale,high_to_low,stable_high,1,143,late,0.18573520155160178,0.05711930152873232,-0.37950964301929546,-0.41381105358766423,0.5652448445708973,0.4709303551163966
noise_scale,high_to_low,stable_high,1,143,mid,-0.017637176114714954,-0.02266908291088224,-0.21517315677803336,-0.16019053744393852,0.1975359806633184,0.13752145453305628
noise_scale,high_to_low,stable_high,1,144,all_post,0.16877971279264153,0.13787577731593018,0.09237182457716749,0.0755458607218669,0.07640788821547405,0.06232991659406327
noise_scale,high_to_low,stable_high,1,144,early,0.03387868937901334,-0.1168955503558496,0.043827763520574436,-0.14843856550797646,-0.009949074141561098,0.03154301515212686
noise_scale,high_to_low,stable_high,1,144,late,0.20526735277723313,0.4247253548510118,-0.08869525886552126,0.25297302506189995,0.2939626116427544,0.17175232978911187
noise_scale,high_to_low,stable_high,1,144,mid,0.25503054956014753,0.010181001607601114,0.3823386635573456,0.06296073449833302,-0.12730811399719805,-0.0527797328907319
noise_scale,high_to_low,stable_high,1,145,all_post,0.059704399058018554,0.056417270490538476,-0.08233034461504538,-0.08266528530957813,0.14203474367306393,0.1390825558001166
noise_scale,high_to_low,stable_high,1,145,early,0.04491603110887044,0.04116024584650021,-0.0006826060553607865,-0.0024848883590866924,0.04559863716423123,0.043645134205586904
noise_scale,high_to_low,stable_high,1,145,late,0.038499133637239266,0.034994843913142115,-0.11605331047356383,-0.11588443511864122,0.1545524441108031,0.15087927903178333
noise_scale,high_to_low,stable_high,1,145,mid,0.1027664542348724,0.1002375305711052,-0.1190141286967054,-0.1185534825146521,0.22178058293157782,0.2187910130857573
noise_scale,high_to_low,stable_high,1,146,all_post,0.0023063732425794544,0.0023063732425794544,0.021864119676120047,0.021864119676120047,-0.019557746433540593,-0.019557746433540593
noise_scale,high_to_low,stable_high,1,146,early,-0.0025676050444182687,-0.0025676050444182687,-0.012797041910692128,-0.012797041910692128,0.01022943686627386,0.01022943686627386
noise_scale,high_to_low,stable_high,1,146,late,-0.03152402149161595,-0.03152402149161595,-0.20447460382433047,-0.20447460382433047,0.17295058233271451,0.17295058233271451
noise_scale,high_to_low,stable_high,1,146,mid,0.05228754450850439,0.05228754450850439,0.35831024593019967,0.35831024593019967,-0.3060227014216953,-0.3060227014216953
noise_scale,high_to_low,stable_high,1,147,all_post,-0.00755167727989704,-0.009691628038934277,-0.000959433521429362,-0.012490463744144201,-0.006592243758467678,0.0027988357052099247
noise_scale,high_to_low,stable_high,1,147,early,-0.004549740045386765,-0.024313974615048906,-0.022408334241886485,-0.060625313912960326,0.01785859419649972,0.036311339297911416
noise_scale,high_to_low,stable_high,1,147,late,-0.0038285334407291457,-0.0041612727121173995,0.0370540697961533,0.029780703872021447,-0.04088260323688244,-0.03394197658413885
noise_scale,high_to_low,stable_high,1,147,mid,-0.015517806299964505,-0.0024430885652421456,-0.030195203891082437,-0.02071717039688227,0.014677397591117932,0.018274081831640126
noise_scale,high_to_low,stable_high,1,148,all_post,-0.01489772020414997,0.003937319027761522,-0.03747641504008984,-0.026630022665984732,0.02257869483593987,0.030567341693746253
noise_scale,high_to_low,stable_high,1,148,early,-0.05653511072811392,-0.004858748586837464,-0.06156720941885019,0.023284584986061282,0.0050320986907362655,-0.028143333572898745
noise_scale,high_to_low,stable_high,1,148,late,-0.017366825358065142,-0.009163030873551994,-0.04156507045982293,-0.03962703409581466,0.02419824510175779,0.030464003222262667
noise_scale,high_to_low,stable_high,1,148,mid,0.030031810525034203,0.03020051984411187,-0.007934080101685384,-0.05921528174492415,0.03796589062671959,0.08941580158903602
noise_scale,high_to_low,stable_high,1,149,all_post,-0.01978392385468552,-0.005895473340162015,-0.04638615111997037,-0.03592012718890365,0.02660222726528485,0.030024653848741638
noise_scale,high_to_low,stable_high,1,149,early,-0.02338741328012828,-0.019972666910711517,-0.0594177277637023,-0.06764546122196738,0.03603031448357402,0.04767279431125586
noise_scale,high_to_low,stable_high,1,149,late,-0.042923910285370195,-0.036225295093191646,-0.10806587595474332,-0.11523865499515853,0.06514196566937312,0.0790133599019669
noise_scale,high_to_low,stable_high,1,149,mid,0.014672880811670154,0.04862148256776031,0.04888505863679212,0.10156324391916655,-0.03421217782512197,-0.052941761351406234
noise_scale,high_to_low,stable_high,3,140,all_post,0.0249849513535143,0.02241333313140785,-0.023004059984684428,-0.02405115928947939,0.04798901133819873,0.04646449242088724
noise_scale,high_to_low,stable_high,3,140,early,-0.025243424024212157,-0.02535510096953444,-0.0820528489917252,-0.07905157411743023,0.05680942496751304,0.05369647314789579
noise_scale,high_to_low,stable_high,3,140,late,0.08712078801478379,0.0816756933028811,0.002662348616237136,-0.0028893185049217694,0.08445843939854665,0.08456501180780288
noise_scale,high_to_low,stable_high,3,140,mid,-0.007634455483785237,-0.008834712996280856,0.0018228508877942546,0.0027334678257279524,-0.009457306371579492,-0.011568180822008809
noise_scale,high_to_low,stable_high,3,141,all_post,0.036553517461745524,0.07967950698669293,-0.013251682838141867,0.047551937684347574,0.049805200299887394,0.03212756930234536
noise_scale,high_to_low,stable_high,3,141,early,-0.019156175474050047,-0.007259801447758003,-0.041600161450889656,-0.03298439301299299,0.02244398597683961,0.025724591565234985
noise_scale,high_to_low,stable_high,3,141,late,0.10063422138709632,0.17111335076205964,0.01235653087533889,0.10339080869695008,0.08827769051175743,0.06772254206510955
noise_scale,high_to_low,stable_high,3,141,mid,0.006822271830406676,0.0447070237206549,-0.019047489176701758,0.053636440364884776,0.025869761007108433,-0.008929416644229873
noise_scale,high_to_low,stable_high,3,142,all_post,0.31900715847765565,-0.01184097609551174,0.24388899071288797,-0.06537522179350594,0.07511816776476768,0.0535342456979942
noise_scale,high_to_low,stable_high,3,142,early,0.07584722719402667,-0.039313252417474305,-0.010121619426119425,-0.09674454561265804,0.0859688466201461,0.05743129319518373
noise_scale,high_to_low,stable_high,3,142,late,0.5583097034898845,-0.0033452870260647083,0.4772800166222815,-0.033021122257868886,0.08102968686760303,0.029675835231804178
noise_scale,high_to_low,stable_high,3,142,mid,0.24309702974497926,0.004303714800521444,0.18671156630603733,-0.07714469735520323,0.056385463438941935,0.08144841215572467
noise_scale,high_to_low,stable_high,3,143,all_post,0.19933405274086727,0.011343571197138292,0.09702220488843483,-0.03772632462043811,0.10231184785243244,0.0490698958175764
noise_scale,high_to_low,stable_high,3,143,early,0.14624998723532331,0.03569351489788069,0.26138138291218993,0.06726385366285952,-0.11513139567686662,-0.03157033876497883
noise_scale,high_to_low,stable_high,3,143,late,0.36703111538752814,0.01143307882950846,0.08926213573854425,-0.11117567489838269,0.2777689796489839,0.12260875372789115
noise_scale,high_to_low,stable_high,3,143,mid,0.02882203471753006,-0.013125716013431002,-0.05699021426879954,-0.044784035866476286,0.08581224898632961,0.031658319853045284
noise_scale,high_to_low,stable_high,3,144,all_post,0.02331101441052978,0.01947865510958991,-0.012208418749351089,-0.013342488334885539,0.03551943315988087,0.032821143444475454
noise_scale,high_to_low,stable_high,3,144,early,-0.02480456185584157,-0.026791014763951067,-0.023777044693766857,-0.023806079993667257,-0.0010275171620747134,-0.0029849347702838105
noise_scale,high_to_low,stable_high,3,144,late,0.03284373058406907,0.028447546039968997,-0.023298154125014965,-0.02387012322579682,0.05614188470908404,0.052317669265765816
noise_scale,high_to_low,stable_high,3,144,mid,0.05871630244551543,0.05378980374262543,0.014146521029283174,0.011157949845111212,0.04456978141623225,0.04263185389751422
noise_scale,high_to_low,stable_high,3,145,all_post,0.09132048495501853,0.03294847073680125,0.005574238502831519,-0.033728356101364654,0.08574624645218701,0.0666768268381659
noise_scale,high_to_low,stable_high,3,145,early,0.04982849932239877,-0.01118819507537741,0.021467667167919247,-0.02692767497865735,0.028360832154479525,0.015739479903279938
noise_scale,high_to_low,stable_high,3,145,late,0.11125023854565544,0.04725861305030669,-0.010003374054434855,-0.047683789863681006,0.1212536126000903,0.0949424029139877
noise_scale,high_to_low,stable_high,3,145,mid,0.1062394658001224,0.05800494679763934,0.01045095991409895,-0.021921792207650167,0.09578850588602346,0.0799267390052895
noise_scale,high_to_low,stable_high,3,146,all_post,0.012544425949105403,0.0028486894192455555,-0.02484888893148003,-0.022125993427303862,0.037393314880585435,0.02497468284654942
noise_scale,high_to_low,stable_high,3,146,early,-0.003506845450316666,-0.019754895559516223,-0.04987024397282266,-0.0379741042783037,0.04636339852250599,0.018219208718787478
noise_scale,high_to_low,stable_high,3,146,late,0.04236936486554469,0.02725332316649061,-0.007294005426358075,-0.02403194777864042,0.049663370291902764,0.05128527094513103
noise_scale,high_to_low,stable_high,3,146,mid,-0.011170887873391572,-0.007087237264986065,-0.02323404523030004,-0.0037366101078552833,0.01206315735690847,-0.0033506271571307816
noise_scale,high_to_low,stable_high,3,147,all_post,0.03511594821594701,0.04305107864352079,0.04092930852737693,0.04333969553761041,-0.00581336031142992,-0.00028861689408962027
noise_scale,high_to_low,stable_high,3,147,early,0.09715799399502763,0.11340965475570043,0.10452532934576103,0.09068192011644279,-0.007367335350733403,0.022727734639257646
noise_scale,high_to_low,stable_high,3,147,late,-0.003831448242833045,0.002890688154689214,-0.00020706103457435523,0.0182906879966614,-0.0036243872082586896,-0.015399999841972186
noise_scale,high_to_low,stable_high,3,147,mid,0.025003764381906452,0.02623968984978327,0.03218178045826123,0.02939614768004335,-0.0071780160763547755,-0.0031564578302600774
noise_scale,high_to_low,stable_high,3,148,all_post,0.40678497066932195,0.06615250159829977,0.4162219493479883,0.04677646366747248,-0.00943697867866633,0.019376037930827296
noise_scale,high_to_low,stable_high,3,148,early,0.09587802137893882,-0.011742702124235055,0.13650605679084996,0.014256957504996707,-0.04062803541191114,-0.025999659629231762
noise_scale,high_to_low,stable_high,3,148,late,0.13315882003376012,0.015058279919392207,0.10216058316730633,-0.006414197080155934,0.030998236866453782,0.021472476999548143
noise_scale,high_to_low,stable_high,3,148,mid,1.0825267874737874,0.21217333422604467,1.1146863301460364,0.15021685082678615,-0.032159542672248964,0.06195648339925852
noise_scale,high_to_low,stable_high,3,149,all_post,0.034236502155731666,0.061787111720646146,-0.009781164429005344,0.011738278756831307,0.044017666584737006,0.050048832963814835
noise_scale,high_to_low,stable_high,3,149,early,-0.017308379074851776,0.005555612023378766,-0.0131328504166987,0.008532740514503917,-0.004175528658153077,-0.0029771284911251517
noise_scale,high_to_low,stable_high,3,149,late,0.02991727349538568,0.049333557112765616,-0.02877155702565563,-0.021640743082574635,0.05868883052104131,0.07097430019534025
noise_scale,high_to_low,stable_high,3,149,mid,0.09154035493344309,0.13462335089508756,0.018891045020888408,0.05944917945169995,0.07264930991255468,0.07517417144338762
noise_scale,high_to_low,stable_high,6,140,all_post,0.016127649341928046,0.010762472208511717,-0.0778922515752403,-0.07730804008889527,0.09401990091716834,0.08807051229740699
noise_scale,high_to_low,stable_high,6,140,early,-0.026580890411013663,-0.02566162139786689,-0.11013892827399156,-0.1006276107824458,0.0835580378629779,0.07496598938457891
noise_scale,high_to_low,stable_high,6,140,late,0.07403110565108463,0.06131408306714746,-0.026964673022543153,-0.03483691711110221,0.10099577867362779,0.09615100017824968
noise_scale,high_to_low,stable_high,6,140,mid,-0.013543131291575972,-0.016002947758404353,-0.10930504806736045,-0.10707737311758603,0.09576191677578448,0.09107442535918167
noise_scale,high_to_low,stable_high,6,141,all_post,0.044869396807000764,0.1144162531439182,-0.009727399128071643,0.08995081771236983,0.054596795935072405,0.024465435431548374
noise_scale,high_to_low,stable_high,6,141,early,-0.029802735942275598,0.006133907652299694,-0.0335280616791493,0.019716630699660575,0.003725325736873699,-0.01358272304736088
noise_scale,high_to_low,stable_high,6,141,late,0.13210649878017813,0.2555411434110309,0.02215926046436263,0.18945411459774875,0.1099472383158155,0.06608702881328216
noise_scale,high_to_low,stable_high,6,141,mid,0.010495152089805409,0.046292485801645834,-0.025785061067536832,0.035805883618355475,0.03628021315734224,0.01048660218329036
noise_scale,high_to_low,stable_high,6,142,all_post,-0.011387047276150869,-0.008540708232894984,-0.07659599256268199,-0.07816339171815992,0.06520894528653112,0.06962268348526493
noise_scale,high_to_low,stable_high,6,142,early,-0.021528805185019855,-0.024451086483356005,-0.0660758941177022,-0.08572971006367815,0.04454708893268235,0.06127862358032214
noise_scale,high_to_low,stable_high,6,142,late,-0.0001343447728308735,0.0026649928578317866,-0.019195189237074136,-0.021541004101155944,0.019060844464243262,0.02420599695898773
noise_scale,high_to_low,stable_high,6,142,mid,-0.015311167496431874,-0.006637456345842424,-0.1588670951646716,-0.14137505789389665,0.1435559276682397,0.13473760154805423
noise_scale,high_to_low,stable_high,6,143,all_post,0.21464056172985752,-0.0019915625934029354,0.012656963767550518,-0.1314972549360136,0.201983597962307,0.12950569234261067
noise_scale,high_to_low,stable_high,6,143,early,0.18540884647136793,0.015701885625216523,0.314393879378878,0.014702667794626713,-0.1289850329075101,0.0009992178305898106
noise_scale,high_to_low,stable_high,6,143,late,0.3998809114532255,0.009734465558740966,0.09495835005576335,-0.10544266419478783,0.30492256139746216,0.1151771297535288
noise_scale,high_to_low,stable_high,6,143,mid,0.012321839834137106,-0.03434254600220227,-0.39195668470404305,-0.31026541609318614,0.40427852453818014,0.2759228700909839
noise_scale,high_to_low,stable_high,6,144,all_post,0.07024601060087278,0.15084474488901348,-0.05601167398499415,0.014680806764388547,0.12625768458586692,0.13616393812462493
noise_scale,high_to_low,stable_high,6,144,early,-0.006457692560311792,-0.08113998029101126,-0.011907712467375339,-0.08710288452629815,0.005450019907063547,0.005962904235286892
noise_scale,high_to_low,stable_high,6,144,late,0.09603463913101391,0.37623461699616895,-0.15342354723797738,0.10880691244190427,0.2494581863689913,0.2674277045542647
noise_scale,high_to_low,stable_high,6,144,mid,0.11471392809938097,0.10109212993509387,0.021649206063616106,-0.0011931340418194446,0.09306472203576487,0.10228526397691332
noise_scale,high_to_low,stable_high,6,145,all_post,0.10405916036437028,0.014576356859544285,-0.009348795974811934,-0.06097585980796452,0.11340795633918221,0.0755522166675088
noise_scale,high_to_low,stable_high,6,145,early,0.03149434350637457,-0.0608541394213565,0.0031753701411616716,-0.06584832826742411,0.028318973365212895,0.0049941888460676084
noise_scale,high_to_low,stable_high,6,145,late,0.1707412278387805,0.06502138596030928,0.04207803723799978,-0.022125774563393544,0.12866319060078074,0.08714716052370282
noise_scale,high_to_low,stable_high,6,145,mid,0.09327139287935322,0.026950566764488818,-0.08615650360680016,-0.1046659979042187,0.17942789648615337,0.13161656466870753
noise_scale,high_to_low,stable_high,6,146,all_post,0.012213439942259435,-0.0010711080767961739,-0.03984804324856446,-0.04416840414370958,0.0520614831908239,0.043097296066913406
noise_scale,high_to_low,stable_high,6,146,early,-0.0016390691895649446,-0.02602498653210765,-0.027465678831234963,-0.02801190610852175,0.02582660964167002,0.0019869195764141007
noise_scale,high_to_low,stable_high,6,146,late,0.03898194278481685,0.018540614700220025,-0.06603678333780581,-0.1005078222405324,0.10501872612262267,0.11904843694075243
noise_scale,high_to_low,stable_high,6,146,mid,-0.007394679479112949,-0.0006318830927549502,-0.019494482554342243,0.010099370442131104,0.012099803075229294,-0.010731253534886055
noise_scale,high_to_low,stable_high,6,147,all_post,0.06883459806394088,0.06003437431103224,0.07134911408983118,0.06835316635981016,-0.002514516025890298,-0.008318792048777918
noise_scale,high_to_low,stable_high,6,147,early,0.1751194581950327,0.1519210003731208,0.15583247521337407,0.1357727761415041,0.019286982981658624,0.016148224231616715
noise_scale,high_to_low,stable_high,6,147,late,-0.0008801038022419716,-0.0007878084788803993,0.03067930876652508,0.03645871318871979,-0.03155941256876705,-0.03724652166760019
noise_scale,high_to_low,stable_high,6,147,mid,0.049693115265577605,0.04417547673633448,0.037703009620420884,0.04080162304197918,0.01199010564515672,0.0033738536943552985
noise_scale,high_to_low,stable_high,6,148,all_post,0.4545069582460688,0.11123206942985431,0.48490386191820434,0.09713151916080082,-0.030396903672135545,0.014100550269053491
noise_scale,high_to_low,stable_high,6,148,early,-0.0024247915400065745,-0.09503335472096136,-0.010406790803177522,-0.12461809965868136,0.007981999263170947,0.029584744937719995
noise_scale,high_to_low,stable_high,6,148,late,0.18629085231142792,0.06075495809677327,0.1681569674438055,0.035954286805821335,0.018133884867622407,0.024800671290951933
noise_scale,high_to_low,stable_high,6,148,mid,1.246708840450445,0.3805938827470213,1.376148132732584,0.3953526784240075,-0.12943929228213902,-0.014758795676986236
noise_scale,high_to_low,stable_high,6,149,all_post,0.00931323256841306,0.05640144484241663,-0.023821345563326934,0.011678285363956428,0.03313457813173999,0.0447231594784602
noise_scale,high_to_low,stable_high,6,149,early,-0.047845273043925225,-0.01853107664927449,-0.042237714314563725,-0.012454444770425668,-0.0056075587293615,-0.006076631878848821
noise_scale,high_to_low,stable_high,6,149,late,0.01962239517242142,0.04905425855978891,-0.04244818042062331,-0.03939171060389431,0.06207057559304473,0.08844596916368322
noise_scale,high_to_low,stable_high,6,149,mid,0.05358528492574089,0.14051794918739238,0.017878566759530326,0.09964851045815193,0.035706718166210565,0.040869438729240454
noise_scale,high_to_low,stable_high,12,140,all_post,0.04136222429141798,0.0194493880112523,-0.021576452880947217,-0.01870638040927736,0.0629386771723652,0.03815576842052966
noise_scale,high_to_low,stable_high,12,140,early,-0.05692815008563889,-0.04946810383825687,-0.05424537124309872,-0.02673369730452535,-0.0026827788425401664,-0.022734406533731523
noise_scale,high_to_low,stable_high,12,140,late,0.1642964683425173,0.10719446411274382,-0.010691602344547562,-0.029108970464212434,0.17498807068706485,0.13630343457695626
noise_scale,high_to_low,stable_high,12,140,mid,0.006473834279783948,-0.0066902859158543574,-0.0006994559332286857,0.0005904090454836169,0.007173290213012634,-0.007280694961337974
noise_scale,high_to_low,stable_high,12,141,all_post,0.05597182890028743,0.23066173527734074,-0.05587625087676506,0.1703820548058179,0.1118480797770525,0.06027968047152285
noise_scale,high_to_low,stable_high,12,141,early,-0.04887191355759554,0.08812408329143184,-0.07729925709834226,0.11381678979627578,0.02842734354074672,-0.02569270650484394
noise_scale,high_to_low,stable_high,12,141,late,0.18936666077322387,0.5188803831752687,-0.06062621190149083,0.36738819270962314,0.2499928726747147,0.1514921904656456
noise_scale,high_to_low,stable_high,12,141,mid,0.016304503495822593,0.060962518707160934,-0.02930745354506824,0.013524003752904329,0.045611957040890834,0.047438514954256605
noise_scale,high_to_low,stable_high,12,142,all_post,-0.03333089360148498,-0.024559063178426453,-0.11005391167653236,-0.1145483610782665,0.07672301807504739,0.08998929789984006
noise_scale,high_to_low,stable_high,12,142,early,0.0009576272425487765,-0.0038331370225164942,-0.004875219385100595,-0.03666455817340115,0.005832846627649371,0.03283142115088465
noise_scale,high_to_low,stable_high,12,142,late,-0.008590588312369226,0.0018450977334714487,-0.08758002678596083,-0.10535094309122546,0.0789894384735916,0.10719604082469691
noise_scale,high_to_low,stable_high,12,142,mid,-0.0944214118420608,-0.07388949698889247,-0.23957931259941667,-0.20239603346909288,0.14515790075735585,0.1285065364802004
noise_scale,high_to_low,stable_high,12,143,all_post,0.2199170532649801,-0.042732853122661035,-0.0925216761132299,-0.2761928713817808,0.31243872937821,0.23346001825911974
noise_scale,high_to_low,stable_high,12,143,early,0.1928443912493255,-0.06682675848890766,0.22094665892739718,-0.18954111636613966,-0.02810226767807167,0.12271435787723199
noise_scale,high_to_low,stable_high,12,143,late,0.4400129920551149,0.0032204067404977407,0.051608964537358686,-0.19848656975169732,0.3884040275177562,0.20170697649219504
noise_scale,high_to_low,stable_high,12,143,mid,0.008552448257988706,-0.06842164594150307,-0.5621315385253278,-0.4470264531633456,0.5706839867833166,0.37860480722184253
noise_scale,high_to_low,stable_high,12,144,all_post,-0.03514397908568933,0.120623239006798,-0.06481380737846347,0.06793344092880046,0.02966982829277414,0.052689798077997535
noise_scale,high_to_low,stable_high,12,144,early,0.006018496881520133,-0.17874726870073818,0.01599711878693674,-0.1574364494499799,-0.009978621905416606,-0.021310819250758284
noise_scale,high_to_low,stable_high,12,144,late,-0.08606085213719093,0.48560473245625,-0.20998924058197768,0.3055416399749867,0.12392838844478675,0.18006309248126334
noise_scale,high_to_low,stable_high,12,144,mid,-0.021146509247105427,0.02459712881076115,0.011648652426610173,0.035894449007545834,-0.0327951616737156,-0.011297320196784685
noise_scale,high_to_low,stable_high,12,145,all_post,0.09477538877710405,-0.03917872888766513,-0.12230328247000574,-0.20565280839639255,0.21707867124710978,0.16647407950872742
noise_scale,high_to_low,stable_high,12,145,early,1.0204940578529184e-05,-0.14000262871937277,1.142158028042776e-05,-0.11336857039611675,-1.216639701898576e-06,-0.02663405832325602
noise_scale,high_to_low,stable_high,12,145,late,0.2717591549564762,0.09772942836486789,-0.1317450141612247,-0.2431975160722155,0.4035041691177009,0.3409269444370834
noise_scale,high_to_low,stable_high,12,145,mid,-0.002191840747356936,-0.08667199941286828,-0.23438944385480467,-0.2572636130811934,0.23219760310744775,0.1705916136683251
noise_scale,high_to_low,stable_high,12,146,all_post,-0.011436035868875058,-0.011229693103026413,-0.021540814180365648,-0.028789891547628402,0.01010477831149059,0.01756019844460199
noise_scale,high_to_low,stable_high,12,146,early,-0.012062947412412742,-0.007889909512540953,-0.031770115316082086,-0.03497472704698868,0.019707167903669345,0.027084817534447726
noise_scale,high_to_low,stable_high,12,146,late,-0.041029108809890164,-0.03959237185385854,-0.1549260249264123,-0.15510674664193744,0.11389691611652214,0.1155143747880789
noise_scale,high_to_low,stable_high,12,146,mid,0.021250038027429002,0.01615675861988959,0.1331891319302347,0.11423820363723335,-0.11193909390280571,-0.09808144501734375
noise_scale,high_to_low,stable_high,12,147,all_post,0.15333544200923363,0.1602587626946474,0.15930796818802131,0.163762546142224,-0.005972526178787685,-0.003503783447576597
noise_scale,high_to_low,stable_high,12,147,early,0.32835758596457887,0.3453129961147288,0.285821014904598,0.29934611576512665,0.04253657105998088,0.04596688034960217
noise_scale,high_to_low,stable_high,12,147,late,0.0015730506491232381,0.001834944848111222,0.03258059202118926,0.03230451291499808,-0.03100754137206602,-0.030469568066886856
noise_scale,high_to_low,stable_high,12,147,mid,0.14272255536067466,0.14683033194164677,0.170082912318846,0.17059184584881595,-0.02736035695817135,-0.023761513907169185
noise_scale,high_to_low,stable_high,12,148,all_post,0.4447055712715669,0.14073848654621654,0.4457184426107935,0.10349301144085205,-0.0010128713392266175,0.037245475105364495
noise_scale,high_to_low,stable_high,12,148,early,-4.018762097413609e-05,-0.05757712532842372,-0.010813371447780579,-0.06990775482110038,0.010773183826806443,0.012330629492676666
noise_scale,high_to_low,stable_high,12,148,late,0.2834802398989621,0.1667157882944773,0.29539475747067523,0.1668720344002773,-0.011914517571713135,-0.00015624610580000642
noise_scale,high_to_low,stable_high,12,148,mid,1.064112105817763,0.31091202152690767,1.0651009155711624,0.20823316949676038,-0.0009888097533994333,0.10267885203014729
noise_scale,high_to_low,stable_high,12,149,all_post,0.15526227400280404,0.08172217883663876,0.06335100896423165,-0.003877263338307003,0.09191126503857239,0.08559944217494576
noise_scale,high_to_low,stable_high,12,149,early,0.03723508337880183,-0.012584814005664897,0.038118898777425976,-0.009566602057253423,-0.0008838153986241437,-0.003018211948411474
noise_scale,high_to_low,stable_high,12,149,late,0.10028351886343984,0.06916784229969052,-0.24470925857428658,-0.22979721621686724,0.3449927774377264,0.29896505851655775
noise_scale,high_to_low,stable_high,12,149,mid,0.33284978269445065,0.18962970292730294,0.4223150756510987,0.24655869099907968,-0.08946529295664807,-0.05692898807177674
persistence,high_to_low,stable_high,1,140,all_post,0.017428446833790905,0.03407291553090478,0.04080617233621161,0.03135659276376458,-0.023377725502420704,0.0027163227671401988
persistence,high_to_low,stable_high,1,140,early,0.09016619935120279,0.1401080738273078,-0.01572055148701036,-0.014254396201681214,0.10588675083821315,0.154362470028989
persistence,high_to_low,stable_high,1,140,late,-0.18320845566163046,-0.19859972885495256,0.12618688640797493,0.10244990438597996,-0.3093953420696054,-0.30104963324093253
persistence,high_to_low,stable_high,1,140,mid,0.21220656431027415,0.23826794974897825,-0.01650805593625084,-0.017823500433743488,0.228714620246525,0.2560914501827217
persistence,high_to_low,stable_high,1,141,all_post,-0.03244043221208799,0.23861673570086817,-0.03303537075061895,-0.025931329951908118,0.0005949385385309591,0.2645480656527763
persistence,high_to_low,stable_high,1,141,early,-0.18254163690122563,0.17112069450370435,-0.009814178733384075,0.008608755589134607,-0.17272745816784155,0.16251193891456975
persistence,high_to_low,stable_high,1,141,late,0.04308610370270319,0.2813821680197409,-0.06920722338225777,-0.05438819356496844,0.11229332708496095,0.33577036158470935
persistence,high_to_low,stable_high,1,141,mid,0.016958724590661476,0.24909220047286854,-0.00802742592566875,-0.022528930675537077,0.024986150516330227,0.27162113114840564
persistence,high_to_low,stable_high,1,142,all_post,0.049009496298852546,0.07390199089105029,0.015476437132269524,0.008227794740647372,0.03353305916658302,0.06567419615040292
persistence,high_to_low,stable_high,1,142,early,-0.01604405116939813,0.0058393656344562185,-0.0006149453628758171,-0.005338820512307551,-0.015429105806522314,0.01117818614676377
persistence,high_to_low,stable_high,1,142,late,0.21491259153735615,0.2413674653112434,0.005864571090995113,0.00359729885902239,0.20904802044636103,0.23777016645222102
persistence,high_to_low,stable_high,1,142,mid,-0.10714108321756825,-0.08132268307927974,0.04438364101578076,0.027968404502435606,-0.151524724233349,-0.10929108758171535
persistence,high_to_low,stable_high,1,143,all_post,0.04682025905171318,0.04682025905171318,-0.012392970724637022,-0.012392970724637022,0.0592132297763502,0.0592132297763502
persistence,high_to_low,stable_high,1,143,early,0.07567528990980087,0.07567528990980087,0.01305255717315311,0.01305255717315311,0.06262273273664776,0.06262273273664776
persistence,high_to_low,stable_high,1,143,late,0.1746413976456604,0.1746413976456604,-0.04696700792106096,-0.04696700792106096,0.22160840556672134,0.22160840556672134
persistence,high_to_low,stable_high,1,143,mid,-0.15246295659830408,-0.15246295659830408,0.008260217639471426,0.008260217639471426,-0.16072317423777552,-0.16072317423777552
persistence,high_to_low,stable_high,1,144,all_post,0.041064030064268564,0.07936671347489437,0.011063783698537406,0.007255329339139291,0.03000024636573116,0.07211138413575507
persistence,high_to_low,stable_high,1,144,early,-0.1248171344645496,-0.11394490179578602,-0.0006724364567276481,-0.005585285976741607,-0.12414469800782195,-0.10835961581904441
persistence,high_to_low,stable_high,1,144,late,0.1334250112214798,0.172715531446113,0.027896679486091855,0.03052313102864319,0.10552833173538793,0.14219240041746983
persistence,high_to_low,stable_high,1,144,mid,0.08379721971680511,0.1482132381172832,0.00035614280372986185,-0.010927790930985018,0.08344107691307524,0.1591410290482682
persistence,high_to_low,stable_high,1,145,all_post,0.20776209362317832,0.18562398082056678,-0.00041577460224110735,-0.02368094682441673,0.20817786822541942,0.2093049276449835
persistence,high_to_low,stable_high,1,145,early,0.2068427507617294,0.1473451947651722,-0.007589252599043531,-0.04625213690534913,0.21443200336077292,0.19359733167052132
persistence,high_to_low,stable_high,1,145,late,0.3819619046166499,0.3197210507842702,0.00638411843087395,-0.00852870009550791,0.375577786185776,0.32824975087977815
persistence,high_to_low,stable_high,1,145,mid,-0.023584978173334766,0.045106673591023515,-0.0023088206495920902,-0.02131275238202943,-0.021276157523742675,0.06641942597305295
persistence,high_to_low,stable_high,1,146,all_post,0.013632833478963258,0.05868583764255495,-0.016243943103861597,-0.021455591673720714,0.029876776582824855,0.08014142931627566
persistence,high_to_low,stable_high,1,146,early,-0.009798114154649257,0.03897869329477556,-0.01274301809885428,-0.017722484856350366,0.0029449039442050236,0.05670117815112592
persistence,high_to_low,stable_high,1,146,late,-0.13081225152269021,-0.11330286702126684,0.00698038796479052,-0.01038115809359632,-0.13779263948748074,-0.10292170892767052
persistence,high_to_low,stable_high,1,146,mid,0.22965722778144707,0.30771125487543005,-0.05071064286707173,-0.039954609931256914,0.2803678706485188,0.347665864806687
persistence,high_to_low,stable_high,1,147,all_post,0.08116490696133569,0.08116490696133569,-0.01895169703446973,-0.01895169703446973,0.10011660399580541,0.10011660399580541
persistence,high_to_low,stable_high,1,147,early,0.013563997130096117,0.013563997130096117,0.0,0.0,0.013563997130096117,0.013563997130096117
persistence,high_to_low,stable_high,1,147,late,0.1533912429148913,0.1533912429148913,-0.022552351395551912,-0.022552351395551912,0.17594359431044324,0.17594359431044324
persistence,high_to_low,stable_high,1,147,mid,0.05246403552116776,0.05246403552116776,-0.03310252158749654,-0.03310252158749654,0.0855665571086643,0.0855665571086643
persistence,high_to_low,stable_high,1,148,all_post,0.0929552906692844,0.07913550088978082,-0.009342941829777041,-0.011774110461552838,0.10229823249906145,0.09090961135133366
persistence,high_to_low,stable_high,1,148,early,0.02573213066992855,0.00902292551964492,-0.0029826337595150044,-0.006333337731663467,0.028714764429443554,0.015356263251308387
persistence,high_to_low,stable_high,1,148,late,0.14559207506381636,0.14699134875449824,-0.0065270956180147645,-0.009811484138159916,0.15211917068183112,0.15680283289265814
persistence,high_to_low,stable_high,1,148,mid,0.08999607147593103,0.0587736124402935,-0.019457711515722117,-0.01983171828929945,0.10945378299165315,0.07860533072959294
persistence,high_to_low,stable_high,1,149,all_post,0.03240635228009494,0.02556751623929986,-0.004759415809491426,-0.00386518262870045,0.03716576808958637,0.02943269886800031
persistence,high_to_low,stable_high,1,149,early,-0.00047227477393050124,-0.00498958603488512,-0.0002823085370525109,0.0022563197481353693,-0.00018996623687799033,-0.007245905783020489
persistence,high_to_low,stable_high,1,149,late,0.04257853143386805,0.03761566283064142,-0.009334623461477766,-0.008831506064484426,0.051913154895345814,0.046447168895125845
persistence,high_to_low,stable_high,1,149,mid,0.05172207379575627,0.04006042305836274,-0.003136246212615221,-0.0033649204244909693,0.054858320008371486,0.043425343482853714
persistence,high_to_low,stable_high,3,140,all_post,0.022670087529839723,0.5197923618257432,0.0006358283672255411,0.1822634319576039,0.022034259162614183,0.3375289298681393
persistence,high_to_low,stable_high,3,140,early,0.07312271796344055,0.43707969626690346,0.02508272343871908,0.0356169548220456,0.04803999452472148,0.4014627414448579
persistence,high_to_low,stable_high,3,140,late,-0.03759973546176458,0.4228254669012886,-0.0732845758634814,0.12363363846344597,0.03568484040171682,0.29919182843784264
persistence,high_to_low,stable_high,3,140,mid,0.052577221085044645,0.7317942206171894,0.07474947227000793,0.4070829670853728,-0.022172251184963285,0.32471125353181657
persistence,high_to_low,stable_high,3,141,all_post,0.07167539691087663,-0.07004303236919097,-0.05099544838294601,0.02487703183312871,0.12267084529382263,-0.09492006420231969
persistence,high_to_low,stable_high,3,141,early,-0.022231112070673686,-0.3226501385291113,-0.061120162876968004,-0.09260080496553898,0.03888905080629432,-0.23004933356357232
persistence,high_to_low,stable_high,3,141,late,0.09542718985695228,0.06997970980981,-0.08207107074688355,0.16169171183342967,0.17749826060383583,-0.09171200202361968
persistence,high_to_low,stable_high,3,141,mid,0.13391284863099276,-0.004132915781271993,0.0005634292629927337,-0.04006470470193823,0.13334941936800002,0.03593178892066624
persistence,high_to_low,stable_high,3,142,all_post,0.09157685930766837,0.1404960305111188,-0.0023413850010518557,-0.013025827130813891,0.09391824430872023,0.1535218576419327
persistence,high_to_low,stable_high,3,142,early,0.0014017931507866455,0.03261979669595887,-0.003932249015897481,-0.0114179252590621,0.005334042166684126,0.044037721955020974
persistence,high_to_low,stable_high,3,142,late,0.13346283562229078,0.1700501489176945,-0.02096268672396097,-0.02961287194269278,0.15442552234625173,0.19966302086038726
persistence,high_to_low,stable_high,3,142,mid,0.12590395704505356,0.2089667731175112,0.024077881311005928,0.007482330746606167,0.10182607573404763,0.20148444237090501
persistence,high_to_low,stable_high,3,143,all_post,-0.02687373295242329,-0.044412036648313766,-0.0036561548474134233,-0.011855867267273992,-0.023217578105009868,-0.03255616938103977
persistence,high_to_low,stable_high,3,143,early,-0.01301623857957361,-0.04378296187027075,-0.18944406904359226,-0.1847800440317602,0.17642783046401866,0.14099708216148946
persistence,high_to_low,stable_high,3,143,late,-0.04461070454306315,-0.06267131001359352,0.044532963419308194,0.022698416688944248,-0.08914366796237135,-0.08536972670253777
persistence,high_to_low,stable_high,3,143,mid,-0.017081931871086514,-0.020695413605983783,0.11787960165980331,0.11499593088892118,-0.13496153353088983,-0.13569134449490497
persistence,high_to_low,stable_high,3,144,all_post,0.8524562797972297,0.5252825593170032,0.1442130438232893,0.1174184289987957,0.7082432359739403,0.40786413031820745
persistence,high_to_low,stable_high,3,144,early,0.24494881230464124,0.0318178550150764,0.013442229500684388,0.04674660012492108,0.23150658280395686,-0.014928745109844682
persistence,high_to_low,stable_high,3,144,late,1.1061910236727588,0.691925065108959,0.24579288073286182,0.21100841534646247,0.860398142939897,0.48091664976249654
persistence,high_to_low,stable_high,3,144,mid,1.1216507554557802,0.7965572558963219,0.13954407559979762,0.06330360940911475,0.9821066798559825,0.7332536464872071
persistence,high_to_low,stable_high,3,145,all_post,0.08865195620406609,0.07953394785721819,-0.006517341579759636,-0.006938512291650556,0.09516929778382573,0.08647246014886875
persistence,high_to_low,stable_high,3,145,early,-0.0011043413422747895,-0.011072303431318537,-0.01337562417246832,-0.014049460916135799,0.01227128283019353,0.002977157484817262
persistence,high_to_low,stable_high,3,145,late,0.14724892398356115,0.13895550506724258,0.0007766260142071451,-0.0001564630848448638,0.14647229796935402,0.13911196815208746
persistence,high_to_low,stable_high,3,145,mid,0.10027896337774689,0.09091145619905573,-0.009384349112339992,-0.008870295942906234,0.10966331249008687,0.09978175214196197
persistence,high_to_low,stable_high,3,146,all_post,-0.024149725936694233,0.03982778415255066,-0.029516760551287873,-0.044799583244383975,0.0053670346145936396,0.08462736739693463
persistence,high_to_low,stable_high,3,146,early,-0.0779203314463434,0.054258068043659326,-0.14054225964240816,-0.06475468126260002,0.06262192819606476,0.11901274930625935
persistence,high_to_low,stable_high,3,146,late,0.019242244031487207,0.013093131547811263,0.03716371066928571,-0.02845627473330649,-0.017921466637798505,0.04154940628111775
persistence,high_to_low,stable_high,3,146,mid,-0.028235080384620293,0.06104370373442783,-0.007398556420932373,-0.046635563240937955,-0.02083652396368792,0.10767926697536578
persistence,high_to_low,stable_high,3,147,all_post,0.10780006447906829,0.11651311098191945,0.01672068065600772,0.019180848525523844,0.09107938382306056,0.0973322624563956
persistence,high_to_low,stable_high,3,147,early,0.03232193166274444,0.04204720666591324,-0.03446604941172602,-0.0336246740329472,0.06678798107447045,0.07567188069886044
persistence,high_to_low,stable_high,3,147,late,0.12810325726111277,0.1358483431907746,0.04155749586019858,0.04356632610634367,0.08654576140091419,0.09228201708443093
persistence,high_to_low,stable_high,3,147,mid,0.15620727358599948,0.1651987056861188,0.03479165711815366,0.03947240097623514,0.12141561646784582,0.12572630470988366
persistence,high_to_low,stable_high,3,148,all_post,0.06063023873531574,0.04019885751176664,0.0042624903699329825,-0.001703057255851201,0.05636774836538276,0.04190191476761784
persistence,high_to_low,stable_high,3,148,early,-0.048266919790307415,-0.06185862269985399,-0.0002756412529534927,-0.00991047977271794,-0.047991278537353924,-0.05194814292713605
persistence,high_to_low,stable_high,3,148,late,0.10761775265847137,0.08825002707996807,0.00999222280167913,0.0036916529096091308,0.09762552985679224,0.08455837417035894
persistence,high_to_low,stable_high,3,148,mid,0.10687737869673143,0.07818811163245204,0.0011609787504912618,-0.0006885816262649017,0.10571639994624017,0.07887669325871693
persistence,high_to_low,stable_high,3,149,all_post,0.008037516207073481,0.05618438659803937,-0.019631648149724817,-0.0061986633194860835,0.0276691643567983,0.062383049917525454
persistence,high_to_low,stable_high,3,149,early,-0.057036357487993426,0.03581515596414624,-0.046704640803351155,0.02695473929229039,-0.010331716684642271,0.008860416671855852
persistence,high_to_low,stable_high,3,149,late,0.046388990093415405,0.07129290658743308,-0.013322851007774653,-0.02261214726631979,0.05971184110119006,0.09390505385375286
persistence,high_to_low,stable_high,3,149,mid,0.0219760913870178,0.05640892391274096,-0.0009703850186986978,-0.017467420668817613,0.022946476405716495,0.07387634458155858
persistence,high_to_low,stable_high,6,140,all_post,-0.023130369093020634,-0.09329551795756788,0.019530016820038812,-0.09578976352226792,-0.04266038591305944,0.0024942455647000428
persistence,high_to_low,stable_high,6,140,early,0.05425179048778699,-0.05989030725137869,0.09229577900425628,-0.03144095859266158,-0.03804398851646929,-0.028449348658717115
persistence,high_to_low,stable_high,6,140,late,-0.1346821239299994,-0.18233629866935305,-0.04562419666488748,-0.17809817401538713,-0.08905792726511191,-0.004238124653965919
persistence,high_to_low,stable_high,6,140,mid,0.038927164872395184,-0.015399752774025633,0.02820702149197916,-0.05725305533547528,0.010720143380416023,0.041853302561449646
persistence,high_to_low,stable_high,6,141,all_post,0.2730317792522924,0.11032983735862391,-0.031320522076354995,0.09390812097864781,0.3043523013286474,0.016421716379976095
persistence,high_to_low,stable_high,6,141,early,0.31555118206659766,-0.01059454967817818,0.037108641461364104,-0.03633176078234423,0.27844254060523355,0.025737211104166047
persistence,high_to_low,stable_high,6,141,late,0.17226050998513784,0.2487037414881918,-0.2583491990894406,0.20001918236955607,0.4306097090745784,0.04868455911863573
persistence,high_to_low,stable_high,6,141,mid,0.3564764630219303,0.05828684423346612,0.18403616065228293,0.0915091760010046,0.17244030236964739,-0.03322233176753848
persistence,high_to_low,stable_high,6,142,all_post,0.17373224980830246,0.2238668027168277,0.007888214568443856,-0.005964508601003507,0.1658440352398586,0.22983131131783122
persistence,high_to_low,stable_high,6,142,early,0.03380290019456092,0.08434460063670345,-0.06414287239263121,-0.06277686615051327,0.09794577258719213,0.14712146678721671
persistence,high_to_low,stable_high,6,142,late,0.2807330345951948,0.31042538688150534,0.1329920590941963,0.11204281380387456,0.14774097550099846,0.1983825730776308
persistence,high_to_low,stable_high,6,142,mid,0.1799106184384288,0.2551907745911048,-0.07646050412767165,-0.09666130405759132,0.25637112256610045,0.3518520786486961
persistence,high_to_low,stable_high,6,143,all_post,-0.051955864742999104,-0.06890936981303443,-0.05716937043352594,-0.07723305521279956,0.005213505690526837,0.008323685399765135
persistence,high_to_low,stable_high,6,143,early,-0.044078840150732886,-0.06492616187159765,-0.2522487188547827,-0.25921853965175945,0.20816987870404985,0.19429237778016178
persistence,high_to_low,stable_high,6,143,late,-0.08913615819511221,-0.1082603912560829,0.05421055072755983,0.02405898152065186,-0.14334670892267204,-0.13231937277673475
persistence,high_to_low,stable_high,6,143,mid,-0.013357522520123927,-0.02370380095066071,-0.0013149234636263506,-0.02186261669065391,-0.012042599056497577,-0.0018411842600068
persistence,high_to_low,stable_high,6,144,all_post,1.8218397844795253,-0.044069132296713366,0.46319322619873676,-0.039834414067825716,1.3586465582807885,-0.00423471822888765
persistence,high_to_low,stable_high,6,144,early,0.7782669333425254,-0.015076137026740884,0.17223301345831918,0.02420752940262358,0.6060339198842062,-0.03928366642936446
persistence,high_to_low,stable_high,6,144,late,2.325976951248966,-0.08691390249146444,0.6010398277537838,-0.1477327982730824,1.7249371234951822,0.06081889578161795
persistence,high_to_low,stable_high,6,144,mid,2.235241177154725,-0.01950616482324702,0.5818451869953454,0.030996622718295768,1.6533959901593795,-0.05050278754154279
persistence,high_to_low,stable_high,6,145,all_post,0.2209339592211036,0.08996087927281199,0.14246860555275276,-0.10097773224957637,0.07846535366835083,0.19093861152238836
persistence,high_to_low,stable_high,6,145,early,0.013584300736773395,0.09634432247164053,0.03417247015208564,-0.08445312969976056,-0.020588169415312246,0.18079745217140109
persistence,high_to_low,stable_high,6,145,late,0.29235962260215737,0.12442143875715754,0.19190643688810116,-0.0663560038292504,0.1004531857140562,0.19077744258640794
persistence,high_to_low,stable_high,6,145,mid,0.33900153847911657,0.04050173671855138,0.18896745178423446,-0.1607794953247996,0.1500340866948821,0.20128123204335097
persistence,high_to_low,stable_high,6,146,all_post,-0.020361650032026984,0.011783454864337841,-0.02792787107854112,-0.000946472266637641,0.007566221046514138,0.012729927130975482
persistence,high_to_low,stable_high,6,146,early,-0.012654674274688955,0.07298351348577603,-0.033778179656802486,0.10612846732446833,0.02112350538211353,-0.0331449538386923
persistence,high_to_low,stable_high,6,146,late,-0.02242068539082849,-0.07640304025301335,-0.04340847255791401,-0.07721101721798841,0.02098778716708552,0.0008079769649750601
persistence,high_to_low,stable_high,6,146,mid,-0.02549483159086313,0.06081651513958871,-0.0027268106510636506,-0.012690730668555202,-0.022768020939799478,0.07350724580814391
persistence,high_to_low,stable_high,6,147,all_post,0.05909176177702149,0.06762260614039661,0.09822280878921662,0.03476944401706415,-0.03913104701219513,0.03285316212333246
persistence,high_to_low,stable_high,6,147,early,0.16892832695164053,0.185275812204863,0.16179836358804447,0.12451533175756467,0.007129963363596059,0.06076048044729833
persistence,high_to_low,stable_high,6,147,late,0.010362496515671797,0.026517966329274188,0.014459310299181238,0.02465561604470806,-0.004096813783509441,0.0018623502845661298
persistence,high_to_low,stable_high,6,147,mid,0.01016677817908955,0.0013501998398332594,0.139351627102933,-0.042334158757991236,-0.12918484892384346,0.0436843585978245
persistence,high_to_low,stable_high,6,148,all_post,0.5022451865749702,-0.06352338988416362,0.8051731953935417,-0.10151228168342002,-0.3029280088185715,0.03798889179925641
persistence,high_to_low,stable_high,6,148,early,-1.0118407351371317e-05,-0.3343967282720592,0.2672025551661091,-0.306360026039287,-0.26721267357346046,-0.02803670223277216
persistence,high_to_low,stable_high,6,148,late,0.16733986884621166,0.05646851218573669,0.3235229323862152,-0.0030468896368465153,-0.15618306354000355,0.059515401822583205
persistence,high_to_low,stable_high,6,148,mid,1.42313213871824,0.05736007091635655,1.9452066643801322,-0.01974627738576992,-0.5220745256618922,0.07710634830212647
persistence,high_to_low,stable_high,6,149,all_post,-0.0019477643098228738,0.11040543433165627,-0.01646143381099617,0.020889777465003954,0.014513669501173297,0.08951565686665232
persistence,high_to_low,stable_high,6,149,early,-0.053331151125692845,0.16041816262852845,-0.04640410589446439,0.16350036589488973,-0.006927045231228453,-0.003082203266361272
persistence,high_to_low,stable_high,6,149,late,0.011249801995168634,0.06603484124061844,0.007272901610445537,-0.05295162142153193,0.0039769003847230965,0.11898646266215038
persistence,high_to_low,stable_high,6,149,mid,0.03293866462480771,0.11585594739858134,-0.01618668100433009,-0.02941906235671196,0.0491253456291378,0.14527500975529328
persistence,high_to_low,stable_high,12,140,all_post,-0.04498473793495259,-0.024608732693489958,-0.09733591117369607,0.0030341213418399984,0.05235117323874348,-0.027642854035329956
persistence,high_to_low,stable_high,12,140,early,-0.1835141552186665,0.004947100405518938,-0.29943913431966696,-0.07226336886741969,0.11592497910100044,0.07721046927293862
persistence,high_to_low,stable_high,12,140,late,0.03605615616191356,-0.28066209748840926,-0.002184285929194548,-0.05194882676135083,0.03824044209110811,-0.22871327072705844
persistence,high_to_low,stable_high,12,140,mid,0.0057503774104896875,0.2232265794019971,0.0016863846240648683,0.13789647199622307,0.004063992786424819,0.08533010740577404
persistence,high_to_low,stable_high,12,141,all_post,-0.019839038224785194,0.16015934845558694,-0.053445815094525485,0.16779924282359912,0.03360677686974029,-0.0076398943680121845
persistence,high_to_low,stable_high,12,141,early,-0.07493775564059084,0.0749526426087126,-0.16044923838283867,-0.02325822411274499,0.08551148274224783,0.09821086672145758
persistence,high_to_low,stable_high,12,141,late,0.016949239292072003,0.3466469876685473,0.03605314371615521,0.44438688208555005,-0.019103904424083204,-0.09773989441700276
persistence,high_to_low,stable_high,12,141,mid,-0.004594288118908177,0.04333777848842101,-0.04339959718444964,0.05922010055949627,0.038805309065541464,-0.01588232207107526
persistence,high_to_low,stable_high,12,142,all_post,0.44835885848825274,0.46249445838559133,0.23787793328708748,0.1919031229544804,0.21048092520116526,0.2705913354311109
persistence,high_to_low,stable_high,12,142,early,0.07210397438717718,0.1001933431889283,0.05610094142550343,0.05958291050057719,0.016003032961673748,0.04061043268835111
persistence,high_to_low,stable_high,12,142,late,0.8134475445695151,0.8037779556638588,0.41713715639233784,0.3400828709493193,0.39631038817717723,0.46369508471453946
persistence,high_to_low,stable_high,12,142,mid,0.42910099933462703,0.45507178486413097,0.22545743345131694,0.16369527508064138,0.2036435658833101,0.2913765097834896
persistence,high_to_low,stable_high,12,143,all_post,0.10652556448221887,-0.2024657619043053,0.11075178989261442,-0.19260690557420104,-0.004226225410395551,-0.009858856330104249
persistence,high_to_low,stable_high,12,143,early,0.24982659064046145,-0.26240105289676613,0.24705498573154458,-0.6932095193031591,0.0027716049089168693,0.430808466406393
persistence,high_to_low,stable_high,12,143,late,0.20394466469320854,-0.2717188358173482,0.13211974129161022,-0.008882854588746932,0.07182492340159832,-0.26283598122860125
persistence,high_to_low,stable_high,12,143,mid,-0.14231282023792924,-0.06750630750604796,-0.04870001996189451,0.10896131958718168,-0.09361280027603472,-0.17646762709322963
persistence,high_to_low,stable_high,12,144,all_post,-0.0808360017928065,-0.12422909884707534,-0.05541791683723529,-0.07548049465929864,-0.025418084955571213,-0.0487486041877767
persistence,high_to_low,stable_high,12,144,early,0.017366555515524355,-0.015585717933196684,0.02165109795166305,-0.018222112337230808,-0.004284542436138697,0.002636394404034124
persistence,high_to_low,stable_high,12,144,late,-0.22811275788762128,-0.26930040173327163,-0.21150173102190484,-0.20453381660550388,-0.016611026865716444,-0.06476658512776776
persistence,high_to_low,stable_high,12,144,mid,-0.01948873999842134,-0.0757119016342412,0.036603867073925024,0.007068888460355934,-0.05609260707234637,-0.08278079009459713
persistence,high_to_low,stable_high,12,145,all_post,0.3259474939551008,-0.06121340288867081,0.012199778394383408,-0.22386923557857558,0.3137477155607174,0.16265583268990477
persistence,high_to_low,stable_high,12,145,early,0.04898526840954195,-0.1070121916931192,0.063513223771066,-0.087312337044406,-0.014527955361524049,-0.019699854648713197
persistence,high_to_low,stable_high,12,145,late,0.525971093528789,0.054829996841416616,-0.022375447784768725,-0.3146840164505668,0.5483465413135578,0.3695140132919834
persistence,high_to_low,stable_high,12,145,mid,0.38621748662916416,-0.14112829712515051,-0.0016571719548843743,-0.2620434548347546,0.3878746585840485,0.12091515770960409
persistence,high_to_low,stable_high,12,146,all_post,-0.05316223169752736,-0.08627650079620036,-0.033763089426818584,-0.09087251703689993,-0.019399142270708776,0.004596016240699566
persistence,high_to_low,stable_high,12,146,early,-0.023831078744009335,-0.10407163491862363,-0.04110353500590213,-0.12090043936935901,0.017272456261892794,0.016828804450735382
persistence,high_to_low,stable_high,12,146,late,-0.16749958254350955,-0.19237277737391564,-0.10857204454414823,-0.1768045784524586,-0.05892753799936132,-0.015568198921457055
persistence,high_to_low,stable_high,12,146,mid,0.041372078765435326,0.046456266285414494,0.054620390862705405,0.03224847182908105,-0.013248312097270079,0.014207794456333446
persistence,high_to_low,stable_high,12,147,all_post,0.13859444509339203,0.1385871563701122,0.3408969384842594,0.3408823275509146,-0.20230249339086737,-0.20229517118080237
persistence,high_to_low,stable_high,12,147,early,0.2566420422648785,0.2566146214716951,0.5018468490466034,0.5018100034485323,-0.24520480678172485,-0.2451953819768372
persistence,high_to_low,stable_high,12,147,late,0.017595701179295115,0.017593252089499488,0.06930028157466181,0.06929977060025531,-0.0517045803953667,-0.051706518510755826
persistence,high_to_low,stable_high,12,147,mid,0.15162882049551052,0.15163642090585958,0.4741767395739795,0.47416908834984417,-0.32254791907846897,-0.32253266744398457
persistence,high_to_low,stable_high,12,148,all_post,0.36742689368803544,-0.4611711213186439,0.6510965672780734,-0.5780034690797518,-0.283669673590038,0.11683234776110785
persistence,high_to_low,stable_high,12,148,early,-3.766498383917192e-05,-0.5547436969597805,-6.69214575198367e-05,-0.8178165785103891,2.9256473680664787e-05,0.2630728815506086
persistence,high_to_low,stable_high,12,148,late,0.2801410648169652,0.07651363535478253,0.4858977783411826,-0.0018281596919670245,-0.20575671352421737,0.07834179504674955
persistence,high_to_low,stable_high,12,148,mid,0.8294511003035693,-0.9500903654070528,1.4812254106952985,-0.9623802781525478,-0.6517743103917292,0.012289912745494957
persistence,high_to_low,stable_high,12,149,all_post,-0.07199778216631375,0.21224258164395057,-0.031949656279363775,0.12161267443582971,-0.040048125886949976,0.09062990720812086
persistence,high_to_low,stable_high,12,149,early,-0.011269190108955237,0.6299270104801343,-0.010408933684380436,0.7107904997286614,-0.0008602564245748009,-0.08086348924852704
persistence,high_to_low,stable_high,12,149,late,-0.07941688314223547,0.06804947601618153,-0.010930997851208669,-0.20594791611627508,-0.0684858852910268,0.2739973921324566
persistence,high_to_low,stable_high,12,149,mid,-0.12468901483309038,-0.04923264942881678,-0.07626059217151514,-0.11270784442555537,-0.04842842266157524,0.0634751949967386
roughness,high_to_low,stable_high,1,140,all_post,0.01295215596963487,0.0011222641897624397,0.0008440606172484003,-0.006095175363585596,0.01210809535238647,0.007217439553348036
roughness,high_to_low,stable_high,1,140,early,0.0020591218281559424,-0.0196476655002156,-0.004639893779743734,-0.02225962215646649,0.006699015607899676,0.002611956656250889
roughness,high_to_low,stable_high,1,140,late,-0.05479175095722506,-0.05279632703395454,-0.051049698417878896,-0.04092055371792502,-0.0037420525393461676,-0.011875773316029514
roughness,high_to_low,stable_high,1,140,mid,0.11417039934692703,0.09378364884469644,0.0755196937277436,0.05650310923508119,0.038650705619183434,0.03728053960961524
roughness,high_to_low,stable_high,1,141,all_post,-0.08604340622205453,-0.09098215195015107,-0.09372100105154624,-0.09512251595237911,0.007677594829491707,0.004140364002228045
roughness,high_to_low,stable_high,1,141,early,-0.12473361507123405,-0.16422411619800736,-0.16387988256536432,-0.20482375512931347,0.03914626749413026,0.04059963893130611
roughness,high_to_low,stable_high,1,141,late,-0.08141904470406326,-0.06584097012302431,-0.07284126002507761,-0.04901201430162094,-0.00857778467898565,-0.01682895582140337
roughness,high_to_low,stable_high,1,141,mid,-0.053519012730196706,-0.05126176347179718,-0.05140177423968634,-0.04690194564312233,-0.002117238490510369,-0.004359817828674853
roughness,high_to_low,stable_high,1,142,all_post,-0.05611769136691386,-0.04907404887341882,-0.059987011334847885,-0.06290947051108604,0.0038693199679340276,0.013835421637667225
roughness,high_to_low,stable_high,1,142,early,0.00549758357040495,0.03957504594029423,-0.07942089719761398,-0.0562312117036032,0.08491848076801893,0.09580625764389743
roughness,high_to_low,stable_high,1,142,late,-0.030629911953328436,-0.020507206917083975,-0.005666889947239014,0.0010423882131593912,-0.024963022006089422,-0.021549595130243366
roughness,high_to_low,stable_high,1,142,mid,-0.15171667218901322,-0.1758122662955783,-0.1129799539888936,-0.15485687428422945,-0.03873671820011962,-0.020955392011348856
roughness,high_to_low,stable_high,1,143,all_post,-0.04781572719766728,-0.04751105166786494,-0.040606296457824397,-0.04562120723331846,-0.007209430739842884,-0.0018898444345464838
roughness,high_to_low,stable_high,1,143,early,-0.003347482239424633,-0.0014728235149711263,-0.024408823620989995,-0.024739986373505673,0.021061341381565363,0.023267162858534546
roughness,high_to_low,stable_high,1,143,late,-0.1165705797116387,-0.11649973776886469,-0.05914456312029481,-0.06965696936887719,-0.05742601659134389,-0.046842768399987494
roughness,high_to_low,stable_high,1,143,mid,-0.0006108354706147132,-0.0015643650194257785,-0.03208608041136488,-0.034454745245719544,0.03147524494075017,0.032890380226293765
roughness,high_to_low,stable_high,1,144,all_post,-0.03379398121131832,-0.03821114544256889,0.2142064817715535,0.26069504944291244,-0.24800046298287182,-0.2989061948854813
roughness,high_to_low,stable_high,1,144,early,-0.0020192205290507407,-0.05973964858636113,0.02023048238694774,-0.11538068450089282,-0.022249702915998478,0.05564103591453169
roughness,high_to_low,stable_high,1,144,late,-0.11551837069153209,-0.06901932186832921,0.32917787075665667,0.6922519220642571,-0.44469624144818876,-0.7612712439325864
roughness,high_to_low,stable_high,1,144,mid,0.04339711074669913,0.02439492626890377,0.25488729584268827,0.0613616198915913,-0.21149018509598913,-0.03696669362268753
roughness,high_to_low,stable_high,1,145,all_post,0.03239429192095942,0.01849870213056563,-0.05515499141405171,-0.06318117010702351,0.08754928333501114,0.08167987223758914
roughness,high_to_low,stable_high,1,145,early,-0.005551105295131195,-0.03585256628415684,-0.11214655176182582,-0.13132295901558771,0.10659544646669462,0.09547039273143088
roughness,high_to_low,stable_high,1,145,late,0.14212795522869986,0.11487168471032824,0.00344629530260877,-0.023568672526268188,0.1386816599260911,0.13844035723659642
roughness,high_to_low,stable_high,1,145,mid,-0.07597186193993727,-0.05564733956106205,-0.07629848002182493,-0.04785604463946641,0.00032661808188766406,-0.007791294921595637
roughness,high_to_low,stable_high,1,146,all_post,0.035372871290599926,0.034510734006069556,-0.001262167225662958,-0.001800833039086444,0.03663503851626288,0.036311567045156
roughness,high_to_low,stable_high,1,146,early,0.05757264963293155,0.05580386586025624,0.03590558985328122,0.03383654503714592,0.021667059779650333,0.02196732082311032
roughness,high_to_low,stable_high,1,146,late,-0.062189290986230564,-0.06228934572282971,-0.13691821004243016,-0.136648394863974,0.07472891905619959,0.0743590491411443
roughness,high_to_low,stable_high,1,146,mid,0.14325597598404227,0.1422843751237485,0.1424447994510825,0.1423585379845313,0.0008111765329597842,-7.416286078279488e-05
roughness,high_to_low,stable_high,1,147,all_post,0.010483582520102439,0.018764894860536944,-0.012261168116054834,-0.00734653927768941,0.022744750636157274,0.026111434138226353
roughness,high_to_low,stable_high,1,147,early,-0.005932001647093781,-0.006346853593894758,-0.005377166429981973,-0.012856008139572233,-0.0005548352171118077,0.006509154545677474
roughness,high_to_low,stable_high,1,147,late,0.030012396196415783,0.04316704922525072,-0.014103973139286421,-0.005389861529103547,0.044116369335702205,0.04855691075435427
roughness,high_to_low,stable_high,1,147,mid,0.0008607484522141981,0.011340437495350275,-0.016688096437818916,-0.00444597408058774,0.017548844890033114,0.015786411575938013
roughness,high_to_low,stable_high,1,148,all_post,-0.011282447307975734,-0.012573145642963838,0.011031822735848308,-0.011656947776744845,-0.022314270043824042,-0.0009161978662189929
roughness,high_to_low,stable_high,1,148,early,-0.014633138182915261,0.009028983756055297,-0.009605676500491503,0.02319923232647071,-0.0050274616824237586,-0.014170248570415411
roughness,high_to_low,stable_high,1,148,late,-0.017110219545498247,-0.026689604660739913,0.004825640947766271,-0.029080928013504214,-0.021935860493264518,0.002391323352764301
roughness,high_to_low,stable_high,1,148,mid,-0.00016139344967286157,-0.0153533296849482,0.039944231022964176,-0.02328115423094791,-0.04010562447263704,0.007927824545999709
roughness,high_to_low,stable_high,1,149,all_post,-0.04132462835121448,-0.04075971522391728,-0.0907315048278767,-0.06147668130427418,0.04940687647666222,0.020716966080356898
roughness,high_to_low,stable_high,1,149,early,0.01584280265012211,0.024870762626187256,-0.13487319423356792,-0.07782455620133738,0.15071599688369003,0.10269531882752464
roughness,high_to_low,stable_high,1,149,late,-0.062354341159679784,-0.06767445977344991,-0.16132062235140357,-0.16365235673238376,0.09896628119172379,0.09597789695893386
roughness,high_to_low,stable_high,1,149,mid,-0.07045244227459739,-0.07050386700797832,0.04752900794251696,0.09110542749693505,-0.11798145021711434,-0.16160929450491338
roughness,high_to_low,stable_high,3,140,all_post,0.03562786308801387,0.016217460058461742,-0.04644070387155135,-0.055093359629847224,0.08206856695956521,0.07131081968830896
roughness,high_to_low,stable_high,3,140,early,0.03301276703413653,0.007623655281157309,-0.01627136909652906,-0.030246397305735917,0.049284136130665596,0.03787005258689323
roughness,high_to_low,stable_high,3,140,late,0.003644639933234453,-0.007179906138665565,-0.09072177922547905,-0.09116492044350989,0.09436641915871351,0.08398501430484433
roughness,high_to_low,stable_high,3,140,mid,0.08088725668159709,0.056007753098602585,-0.017568604841336707,-0.031844907535741665,0.0984558615229338,0.08785266063434424
roughness,high_to_low,stable_high,3,141,all_post,-0.0023831261209195514,-0.00703266682095999,-0.013112111572157312,-0.012959798462211103,0.01072898545123776,0.0059271316412511125
roughness,high_to_low,stable_high,3,141,early,0.021053818247842276,0.012252921356899711,-0.023360709115513353,-0.029175922904990326,0.04441452736335563,0.04142884426189004
roughness,high_to_low,stable_high,3,141,late,-0.03764012438593232,-0.03930530541652545,-0.019029316786386766,-0.01279096913367611,-0.018610807599545552,-0.02651433628284934
roughness,high_to_low,stable_high,3,141,mid,0.02118926053033564,0.01671192979526759,0.005026092923504664,0.0030312202091881285,0.016163167606830977,0.013680709586079464
roughness,high_to_low,stable_high,3,142,all_post,0.005268724566434532,-0.007394896506031781,-0.006020232282391166,-0.022020028545915678,0.011288956848825698,0.014625132039883897
roughness,high_to_low,stable_high,3,142,early,0.012686558352209826,0.0016122743305494204,0.0012544979026288077,-0.02211661564749629,0.011432060449581019,0.02372888997804571
roughness,high_to_low,stable_high,3,142,late,0.017161912426982832,-0.01025108226517898,-0.0065516682799652195,-0.020982573549457477,0.023713580706948054,0.010731491284278498
roughness,high_to_low,stable_high,3,142,mid,-0.018006693033405158,-0.012593819663750054,-0.0125863811373124,-0.023306714772945995,-0.005420311896092758,0.01071289510919594
roughness,high_to_low,stable_high,3,143,all_post,0.0033322129927194745,0.006293113920230936,-0.014632498488665846,-0.014065703917076827,0.017964711481385322,0.020358817837307763
roughness,high_to_low,stable_high,3,143,early,0.01077977240879454,0.014493494481795753,-0.006888772376876515,-0.005535357943514524,0.017668544785671054,0.020028852425310276
roughness,high_to_low,stable_high,3,143,late,-0.004653955120973465,-0.0006485529323042027,-0.02773384574180109,-0.027794564078624906,0.023079890620827624,0.027146011146320703
roughness,high_to_low,stable_high,3,143,mid,0.006532877728235,0.007348289162046295,-0.00490776159627485,-0.004290903008575031,0.01144063932450985,0.011639192170621326
roughness,high_to_low,stable_high,3,144,all_post,0.08087405737721809,0.026355470102449673,-0.029188851579436438,-0.0429708434665957,0.11006290895665452,0.06932631356904537
roughness,high_to_low,stable_high,3,144,early,0.025535963292752626,0.007999450143248285,0.01235819262445058,0.0062718715334760455,0.013177770668302046,0.0017275786097722392
roughness,high_to_low,stable_high,3,144,late,0.1269143657297357,0.04327962474656249,-0.023484358350223063,-0.07123231560032316,0.15039872407995875,0.11451194034688564
roughness,high_to_low,stable_high,3,144,mid,0.07482507365832679,0.02214595053616732,-0.07834188675560795,-0.054531595621697494,0.15316696041393474,0.07667754615786482
roughness,high_to_low,stable_high,3,145,all_post,0.000923424432036752,-0.009534059985135648,-0.042677273242809136,-0.04712863821001093,0.04360069767484589,0.03759457822487529
roughness,high_to_low,stable_high,3,145,early,-0.020998009468626816,-0.036268905548619036,-0.05001466417187817,-0.057695238209962085,0.029016654703251356,0.02142633266134305
roughness,high_to_low,stable_high,3,145,late,0.022120442249601118,0.010787934722100977,-0.06736500738920964,-0.07740098043710332,0.08948544963881076,0.0881889151592043
roughness,high_to_low,stable_high,3,145,mid,-0.00541783209071884,-0.009895207364634416,-0.002422903451872741,0.0038010847593967466,-0.0029949286388460984,-0.013696292124031163
roughness,high_to_low,stable_high,3,146,all_post,0.0014549150775183567,0.0035920178199106366,0.02559775139555053,-0.015488470078359998,-0.02414283631803217,0.019080487898270635
roughness,high_to_low,stable_high,3,146,early,-0.005637518549784564,0.007361454344269627,0.023715893848039103,0.005439906204709142,-0.029353412397823665,0.0019215481395604842
roughness,high_to_low,stable_high,3,146,late,-0.006060425567039807,-0.006756921328673261,0.027991401405665656,-0.03155989460261659,-0.034051826972705465,0.024802973273943325
roughness,high_to_low,stable_high,3,146,mid,0.018567802897565492,0.013621166826996841,0.024288075596241795,-0.014988280329087016,-0.005720272698676303,0.028609447156083857
roughness,high_to_low,stable_high,3,147,all_post,0.048208410785434475,0.06823085943845736,-0.0008786448675277999,0.01375932573993329,0.04908705565296227,0.05447153369852407
roughness,high_to_low,stable_high,3,147,early,-0.0015321897986874135,0.014754902883330876,-0.005874667410122016,0.004196541908110497,0.004342477611434603,0.01055836097522038
roughness,high_to_low,stable_high,3,147,late,0.06347712854580473,0.08391305861898583,-0.008526623775057465,0.006709589936350579,0.07200375232086219,0.07720346868263525
roughness,high_to_low,stable_high,3,147,mid,0.07759072102239604,0.10079721708621255,0.014314682885105975,0.032721757309866366,0.06327603813729007,0.06807545977634619
roughness,high_to_low,stable_high,3,148,all_post,0.0023917778486481555,0.010855242173343308,-0.020822857978935898,-0.03987376074310646,0.023214635827584054,0.050729002916449766
roughness,high_to_low,stable_high,3,148,early,-0.011550692773058679,-0.009403192975337581,-0.05964764110701065,-0.11830182643389703,0.04809694833395197,0.10889863345855945
roughness,high_to_low,stable_high,3,148,late,0.014078827587310027,0.026903734134398765,-0.04420742590059957,-0.03048988745021776,0.0582862534879096,0.05739362158461653
roughness,high_to_low,stable_high,3,148,mid,0.0007515154854724912,0.00971568804061692,0.049181349044690424,0.02604247389049918,-0.048429833559217934,-0.01632678584988226
roughness,high_to_low,stable_high,3,149,all_post,0.009990585694806561,-0.006480059165123099,-0.03927677233665101,-0.019201418240874814,0.04926735803145757,0.012721359075751715
roughness,high_to_low,stable_high,3,149,early,0.005122875929859824,0.0005767947383399702,-0.05941726132195019,-0.020062434698883896,0.06454013725181001,0.020639229437223867
roughness,high_to_low,stable_high,3,149,late,0.016563837379666303,-0.0037069985126300365,-0.038568149771858906,-0.038959980176614,0.05513198715152521,0.03525298166398396
roughness,high_to_low,stable_high,3,149,mid,0.0060939598799403015,-0.017234327271910255,-0.02008111343774131,0.008004347464786498,0.02617507331768161,-0.025238674736696755
roughness,high_to_low,stable_high,6,140,all_post,0.12478321477651026,0.06750498656993086,-0.11513115226514008,-0.15034213073297886,0.23991436704165034,0.21784711730290973
roughness,high_to_low,stable_high,6,140,early,0.08495414631948017,0.010763611434473524,-0.0023925282845162535,-0.05212544376986619,0.08734667460399642,0.06288905520433971
roughness,high_to_low,stable_high,6,140,late,0.08699066509921208,0.05237868052081917,-0.23599347403611776,-0.2510748983440552,0.32298413913532986,0.3034535788648744
roughness,high_to_low,stable_high,6,140,mid,0.21185297033016312,0.14315424426677778,-0.0767918740320418,-0.12264285818224617,0.28864484436220494,0.26579710244902394
roughness,high_to_low,stable_high,6,141,all_post,-0.010425680709912911,0.007605811523457848,-0.04342027377995771,0.14030130863332546,0.0329945930700448,-0.1326954971098676
roughness,high_to_low,stable_high,6,141,early,0.024228715110357332,0.04691815366525667,-0.06527270854875612,0.09320294439703287,0.08950142365911345,-0.0462847907317762
roughness,high_to_low,stable_high,6,141,late,-0.06220106193035676,-0.015116495265317066,-0.06186556443701768,0.28299501629977636,-0.00033549749333908196,-0.2981115115650934
roughness,high_to_low,stable_high,6,141,mid,0.01963914999537165,-0.0033036471323723373,0.0014887743101656345,0.009032538286554377,0.018150375685206017,-0.012336185418926714
roughness,high_to_low,stable_high,6,142,all_post,0.007639336653875702,-0.008292809573958409,-0.007745368861702115,-0.02254526393961323,0.015384705515577817,0.014252454365654822
roughness,high_to_low,stable_high,6,142,early,0.03741913681452855,0.019769333461178616,0.051099960606748394,0.013293814940785043,-0.013680823792219847,0.006475518520393573
roughness,high_to_low,stable_high,6,142,late,0.0222124443165198,-0.009853764349391858,-0.012030436812845886,-0.010654493633912882,0.03424288112936569,0.0008007292845210231
roughness,high_to_low,stable_high,6,142,mid,-0.04035684808508227,-0.03440375913980362,-0.061234363391222894,-0.07324780570213694,0.020877515306140626,0.038844046562333326
roughness,high_to_low,stable_high,6,143,all_post,0.05527780736117934,0.0603190955491818,-0.06700532234260433,-0.0648016685072262,0.12228312970378366,0.12512076405640798
roughness,high_to_low,stable_high,6,143,early,0.027350075344963812,0.032211265754739614,-0.02748933430351011,-0.02506875215309536,0.05483940964847392,0.057280017907834976
roughness,high_to_low,stable_high,6,143,late,0.08439895225414144,0.09153416245277973,-0.1589542164488148,-0.15709618050617244,0.24335316870295626,0.24863034295895217
roughness,high_to_low,stable_high,6,143,mid,0.046804108261192225,0.04940809171412656,0.008414807251064553,0.01083355513732578,0.03838930101012767,0.03857453657680078
roughness,high_to_low,stable_high,6,144,all_post,0.09512545621787773,0.01697469859564587,-0.11504348845839775,-0.08948965413244572,0.21016894467627548,0.1064643527280916
roughness,high_to_low,stable_high,6,144,early,0.03257731471906857,0.005240977637835296,0.013244594839861417,0.021418498811623606,0.019332719879207157,-0.01617752117378831
roughness,high_to_low,stable_high,6,144,late,0.16865684944492748,0.02969893560317508,0.004958726641157653,-0.04586854674500419,0.16369812280376983,0.07556748234817927
roughness,high_to_low,stable_high,6,144,mid,0.06575935618287475,0.012803123294044936,-0.3933343406311012,-0.2549241913108169,0.45909369681397594,0.2677273146048618
roughness,high_to_low,stable_high,6,145,all_post,0.027923896840750338,0.028474301476802744,-0.1179381137812737,-0.11763356081362143,0.14586201062202403,0.14610786229042416
roughness,high_to_low,stable_high,6,145,early,-0.002400006835421397,-0.0015160352013533901,-0.1326073423405193,-0.13206308802607916,0.1302073355050979,0.13054705282472578
roughness,high_to_low,stable_high,6,145,late,0.050330647059629884,0.05085697582437063,-0.10832736411741355,-0.10787407440649283,0.15865801117704342,0.15873105023086345
roughness,high_to_low,stable_high,6,145,mid,0.03023936274332262,0.030486295220499015,-0.11528232230185324,-0.11540339161007455,0.14552168504517587,0.14588968683057357
roughness,high_to_low,stable_high,6,146,all_post,0.006030081382287454,0.00046391573813317987,0.034936710267959525,-0.033456858115946876,-0.02890662888567207,0.03392077385408006
roughness,high_to_low,stable_high,6,146,early,0.008834990622034572,0.01477411394198021,0.043491905447667935,-0.0017206571422315926,-0.034656914825633364,0.016494771084211803
roughness,high_to_low,stable_high,6,146,late,-0.0359768314315819,-0.043274687784734374,-0.011060182299339371,-0.1044711075578116,-0.024916649132242532,0.06119641977307722
roughness,high_to_low,stable_high,6,146,mid,0.05573381315987702,0.0408269719378706,0.08387763079737472,0.02357475271266875,-0.028143817637497695,0.017252219225201846
roughness,high_to_low,stable_high,6,147,all_post,0.09490608547112946,0.13579189506255274,0.030587018404829004,0.06250904460436486,0.06431906706630044,0.07328285045818787
roughness,high_to_low,stable_high,6,147,early,0.0075198808597603745,0.04196528803293235,-0.0008592180981541152,0.02157669945200183,0.008379098957914489,0.020388588580930518
roughness,high_to_low,stable_high,6,147,late,0.13315888370275655,0.18326258157245826,0.05292203103476415,0.09427486977386372,0.08023685266799241,0.08898771179859453
roughness,high_to_low,stable_high,6,147,mid,0.13447629229296465,0.1702801439547911,0.034114489120393186,0.0637341082948543,0.10036180317257146,0.1065460356599368
roughness,high_to_low,stable_high,6,148,all_post,-0.0012058302924305053,0.006083828379079468,-0.04122157245361605,-0.08110715899081881,0.040015742161185544,0.08719098736989828
roughness,high_to_low,stable_high,6,148,early,-0.006026379120557951,-0.012312468868748353,-0.087794543096814,-0.19940199919815715,0.08176816397625605,0.1870895303294088
roughness,high_to_low,stable_high,6,148,late,0.006252468778238532,0.02177515847464822,-0.04429260467444777,-0.03203040295571056,0.0505450734526863,0.05380556143035878
roughness,high_to_low,stable_high,6,148,mid,-0.0057081553026393575,0.004865963007446358,0.00919018846562153,-0.024158263827365804,-0.014898343768260887,0.02902422683481216
roughness,high_to_low,stable_high,6,149,all_post,0.007844563840743928,-0.006688006085201871,-0.04540762350448586,-0.01599841337476955,0.05325218734522978,0.00931040728956768
roughness,high_to_low,stable_high,6,149,early,0.006621545126848004,0.0024103189592900916,-0.082991004280718,-0.03580016698055218,0.089612549407566,0.038210485939842276
roughness,high_to_low,stable_high,6,149,late,0.004606011801758333,-0.009545558383045006,-0.042759955083277075,-0.030920620307295248,0.04736596688503541,0.02137506192425024
roughness,high_to_low,stable_high,6,149,mid,0.013115772603371849,-0.012214390757389915,-0.011133828254764696,0.0224560988966702,0.024249600858136544,-0.03467048965406012
roughness,high_to_low,stable_high,12,140,all_post,0.3801515879365646,0.16964465285306232,0.059107800407063246,-0.0935561792096573,0.32104378752950136,0.2632008320627196
roughness,high_to_low,stable_high,12,140,early,0.23743611859301525,-0.0007871059275529058,0.058754402094686055,-0.10900354402358207,0.1786817164983292,0.10821643809602917
roughness,high_to_low,stable_high,12,140,late,0.3482640305567708,0.20857644331226305,-0.4291182802757838,-0.5336993243963879,0.7773823108325546,0.7422757677086509
roughness,high_to_low,stable_high,12,140,mid,0.5574119111082237,0.29790030530287687,0.588372786125858,0.3987129262232256,-0.030960875017634226,-0.10081262092034876
roughness,high_to_low,stable_high,12,141,all_post,-0.010900959977868581,0.07791506157462441,0.13344517809053416,0.4154221644730361,-0.14434613806840274,-0.3375071028984117
roughness,high_to_low,stable_high,12,141,early,-0.004469709147877647,0.17090515869125156,-0.12714374793967725,0.20128477456589824,0.12267403879179961,-0.030379615874646687
roughness,high_to_low,stable_high,12,141,late,-0.009345720327491421,0.07342775141553123,0.4970565393875487,1.0281540433829899,-0.50640225971504,-0.9547262919674586
roughness,high_to_low,stable_high,12,141,mid,-0.019017053762434774,-0.010213782869651833,0.00012179604897973734,-0.034233314438942564,-0.01913884981141451,0.02401953156929073
roughness,high_to_low,stable_high,12,142,all_post,0.03786841188590206,-0.01641181056608057,-0.054884497232626284,-0.09491982539030207,0.09275290911852835,0.0785080148242215
roughness,high_to_low,stable_high,12,142,early,0.06213652662539515,-0.01221274618487568,0.1275753401593623,-0.0019648963992237403,-0.06543881353396716,-0.010247849785651941
roughness,high_to_low,stable_high,12,142,late,0.083376254972466,0.0007179316351140347,-0.07735108372995111,-0.04988289749972315,0.16072733870241712,0.05060082913483718
roughness,high_to_low,stable_high,12,142,mid,-0.035699866197368625,-0.03916809566524628,-0.21300553258584629,-0.23666475959617425,0.17730566638847767,0.19749666393092796
roughness,high_to_low,stable_high,12,143,all_post,0.02788742455352995,0.06607286099436442,-0.30096221568691706,-0.29579473883960544,0.328849640240447,0.3618675998339699
roughness,high_to_low,stable_high,12,143,early,-0.020143467546098356,0.032059100290580504,-0.2694149739156944,-0.24465913333293607,0.24927150636959605,0.27671823362351655
roughness,high_to_low,stable_high,12,143,late,0.042750587294534265,0.07818042060310199,-0.6316719512892333,-0.6603383732957,0.6744225385837676,0.738518793898802
roughness,high_to_low,stable_high,12,143,mid,0.05981655701707023,0.08697009878868256,0.025759422777703055,0.04799192631449408,0.03405713423936717,0.03897817247418848
roughness,high_to_low,stable_high,12,144,all_post,-0.010514642871860288,0.0009981259176706976,-0.40006897949647147,-0.5743048568281333,0.3895543366246112,0.5753029827458039
roughness,high_to_low,stable_high,12,144,early,-0.018992470936095653,-0.023823294901911072,0.027152008401547443,-0.0495706512647916,-0.046144479337643096,0.025747356362880527
roughness,high_to_low,stable_high,12,144,late,0.006239309375594044,0.03891917507497411,-0.26730537401267757,-0.4754092249754693,0.2735446833882716,0.5143284000504433
roughness,high_to_low,stable_high,12,144,mid,-0.02018692974236712,-0.015261589849826215,-0.9711172066686006,-1.206175996898528,0.9509302769262334,1.1909144070487017
roughness,high_to_low,stable_high,12,145,all_post,0.000705167741421145,0.03169239226571932,-0.14852862368285283,-0.38728133663651426,0.14923379142427398,0.4189737289022336
roughness,high_to_low,stable_high,12,145,early,0.015917462253318967,-0.0038285251473517017,0.1169820537145339,-0.21590459375152507,-0.10106459146121494,0.21207606860417336
roughness,high_to_low,stable_high,12,145,late,0.0029364074470608925,0.03590670954225114,-0.2687282337860037,-0.5435214326981309,0.2716646412330646,0.5794281422403821
roughness,high_to_low,stable_high,12,145,mid,-0.016924303118253072,0.0626477992958809,-0.2838230568018261,-0.38939797545475213,0.2668987536835731,0.452045774750633
roughness,high_to_low,stable_high,12,146,all_post,0.07925652419719677,0.03658994125301156,0.05770422770077967,-0.15790442140455924,0.0215522964964171,0.1944943626575708
roughness,high_to_low,stable_high,12,146,early,0.04182993747364599,0.00852514632351196,0.1687822245704239,-0.011542968403884806,-0.12695228709677792,0.020068114727396766
roughness,high_to_low,stable_high,12,146,late,0.017613929750883613,-0.025528366365493865,-0.3125198050590251,-0.6150386140156077,0.3301337348099087,0.5895102476501138
roughness,high_to_low,stable_high,12,146,mid,0.1834625882375868,0.131949569435892,0.34770226632092394,0.19096283425673544,-0.16423967808333714,-0.05901326482084343
roughness,high_to_low,stable_high,12,147,all_post,0.17901083408495033,0.2910586606396764,0.10078322666059773,0.19512902793861772,0.0782276074243526,0.09592963270105867
roughness,high_to_low,stable_high,12,147,early,0.055409688054072564,0.17682601537756104,0.011281991178061659,0.09451715635811596,0.044127696876010904,0.08230885901944508
roughness,high_to_low,stable_high,12,147,late,0.25331025170434385,0.38155075365636637,0.16866071370284044,0.285419386169977,0.0846495380015034,0.0961313674863894
roughness,high_to_low,stable_high,12,147,mid,0.2221209443614852,0.30725820513371066,0.11675051784737088,0.19792634476848017,0.10537042651411431,0.10933186036523049
roughness,high_to_low,stable_high,12,148,all_post,0.050399736138191584,-0.09618265573235826,1.3131659138312284,-0.8366348921076462,-1.2627661776930368,0.7404522363752879
roughness,high_to_low,stable_high,12,148,early,-0.10747341541203881,-0.32591348029163064,-0.3756999301031258,-2.3097208191514706,0.268226514691087,1.98380733885984
roughness,high_to_low,stable_high,12,148,late,0.008032861703313344,0.02694094644536998,0.6748607645913501,-0.07263512519366691,-0.6668279028880368,0.0995760716390369
roughness,high_to_low,stable_high,12,148,mid,0.2541703349928734,0.00016426646770842032,3.6935290027754513,-0.19121537922063267,-3.439358667782578,0.1913796456883411
roughness,high_to_low,stable_high,12,149,all_post,-0.0042479429204928965,-0.03607351058625741,-0.1353298849994527,-0.06362163918053995,0.1310819420789598,0.027548128594282545
roughness,high_to_low,stable_high,12,149,early,0.01641291424956739,0.004553298592812542,-0.06288568981754969,0.030195510541880233,0.07929860406711708,-0.02564221194906769
roughness,high_to_low,stable_high,12,149,late,0.01909307268433352,-0.024723887825638967,-0.27497184109136225,-0.2609172167347481,0.29406491377569577,0.23619332890910913
roughness,high_to_low,stable_high,12,149,mid,-0.05019490032911514,-0.08899574442266399,-0.056495294415120335,0.05629808678076533,0.006300394086005197,-0.1452938312034293
